{"centralservertimepast": [0, 310200, 635400, 880600, 1105800, 1351000, 1561200, 1806400, 2151600, 2461800, 2787000, 3002200, 3122400, 3277600, 3377800, 3703000, 3853200, 3958400, 4303600, 4483800, 4569000, 4914200, 5069400, 5294600, 5639800, 5885000, 5995200, 6340400, 6550600, 6895800, 7021000, 7246200, 7571400, 7676600, 7831800, 7942000, 8122200, 8287400, 8422600, 8732800, 9058000, 9368200, 9578400, 9923600, 10183800, 10399000, 10644200, 10969400, 11134600, 11349800, 11695000, 11850200, 11975400, 12300600, 12465800, 12571000, 12721200, 12966400, 13276600, 13621800, 13757000, 13892200, 14152400, 14462600, 14672800, 15018000, 15133200, 15233400, 15493600, 15598800, 15749000, 16094200, 16309400, 16534600, 16744800, 16960000, 17285200, 17465400, 17725600, 17950800, 18051000, 18361200, 18686400, 18896600, 19206800, 19312000, 19447200, 19672400, 19997600, 20117800, 20298000, 20448200, 20573400, 20753600, 20963800, 21309000, 21394200, 21484400, 21584600, 21829800, 22155000], "centralserveraccuracy": [0.1, 0.213, 0.2306, 0.337, 0.3838, 0.4067, 0.4365, 0.4336, 0.4225, 0.4681, 0.4465, 0.4477, 0.4412, 0.4243, 0.4571, 0.3682, 0.4266, 0.4605, 0.4875, 0.4581, 0.4165, 0.4921, 0.4408, 0.5059, 0.511, 0.4806, 0.473, 0.44, 0.4929, 0.4685, 0.467, 0.4865, 0.5146, 0.4891, 0.514, 0.5237, 0.5162, 0.5127, 0.524, 0.5046, 0.4726, 0.5047, 0.4975, 0.457, 0.4473, 0.5372, 0.4983, 0.521, 0.5235, 0.4777, 0.4493, 0.4911, 0.5086, 0.5143, 0.5085, 0.506, 0.5084, 0.5149, 0.515, 0.4916, 0.5069, 0.4822, 0.5287, 0.5521, 0.5327, 0.5076, 0.4834, 0.4287, 0.491, 0.5315, 0.5347, 0.51, 0.5231, 0.5319, 0.5382, 0.5327, 0.4984, 0.5526, 0.5424, 0.5244, 0.5042, 0.5108, 0.5386, 0.5272, 0.5296, 0.5202, 0.425, 0.5281, 0.5303, 0.4985, 0.4899, 0.5565, 0.5283, 0.4771, 0.5417, 0.4792, 0.491, 0.4672, 0.5406, 0.5066, 0.5049], "centralserverloss": [2.303366553878784, 2.4374683185577393, 2.9089533939361574, 2.2344271354675294, 2.188802882003784, 2.332876763153076, 2.1375419368743898, 2.406026462173462, 2.5917756282806397, 2.0492169694900513, 2.327708074951172, 2.0920851764678954, 2.202863553237915, 2.4620172443389894, 1.9594831108093262, 3.07979708480835, 2.1458260513305665, 1.9866883838653564, 2.1542014839172365, 1.9598166561126709, 2.2762244075775144, 2.1160383140563965, 2.1643524955749514, 2.0081632013320925, 1.9589158687591552, 2.347797169494629, 2.1520372325897217, 2.773914707946777, 2.2858753890991212, 2.246482078552246, 2.0256370613098142, 2.1473276504516603, 2.0844151403427125, 1.9909825546264648, 1.794046117401123, 1.749518772125244, 1.939338118171692, 1.8898242879867553, 1.7675074602127074, 2.171741561126709, 2.462595705986023, 2.1558988372802736, 2.3748660606384275, 2.872243523025513, 2.60690650100708, 1.7271683910369873, 2.178947119140625, 2.0349021625518797, 1.8624218000411987, 2.2906840225219725, 3.0018926029205324, 2.0627295551300047, 1.9857148410797119, 2.201584997558594, 2.096966320991516, 1.9105795793533324, 1.989650775527954, 2.163502622413635, 2.102200044441223, 2.6034161716461184, 2.007553796386719, 2.2844927452087402, 2.1587008377075194, 1.961384045600891, 2.174359148597717, 2.368108638763428, 2.1224497562408446, 2.3669716903686524, 2.2634677490234374, 1.8480292757034302, 1.94427399559021, 2.389350812149048, 2.2020748416900635, 2.0671136213302614, 2.0393745178222655, 2.024614455032349, 2.436596793174744, 1.8336517580032348, 1.8826367534637451, 2.214296048927307, 2.2139271045684814, 2.254660599899292, 2.2169295515060425, 2.2526526763916017, 2.2926743467330932, 2.200446251487732, 2.885537621307373, 1.9999224046707154, 2.2310775341033935, 2.274929972267151, 2.4668319047927856, 1.9129343391418456, 2.0754191318511963, 2.8243557411193847, 2.026548299789429, 2.8276759914398193, 2.20091994304657, 2.3887023006439208, 1.8651947492599488, 2.4014689296722413, 2.365429531288147], "centralserverround": [0, 1, 2, 3, 4, 5, 6, 7, 8, 9, 10, 11, 12, 13, 14, 15, 16, 17, 18, 19, 20, 21, 22, 23, 24, 25, 26, 27, 28, 29, 30, 31, 32, 33, 34, 35, 36, 37, 38, 39, 40, 41, 42, 43, 44, 45, 46, 47, 48, 49, 50, 51, 52, 53, 54, 55, 56, 57, 58, 59, 60, 61, 62, 63, 64, 65, 66, 67, 68, 69, 70, 71, 72, 73, 74, 75, 76, 77, 78, 79, 80, 81, 82, 83, 84, 85, 86, 87, 88, 89, 90, 91, 92, 93, 94, 95, 96, 97, 98, 99, 100]}