{"centralservertimepast": [0, 5600, 11200, 16800, 22400, 28000, 33600, 39200, 44800, 50400, 56000, 61600, 67200, 72800, 78400, 84000, 89600, 95200, 100800, 106400, 112000, 117600, 123200, 128800, 134400, 140000, 145600, 151200, 156800, 162400, 168000, 173600, 179200, 184800, 190400, 196000, 201600, 207200, 212800, 218400, 224000, 229600, 235200, 240800, 246400, 252000, 257600, 263200, 268800, 274400, 280000, 285600, 291200, 296800, 302400, 308000, 313600, 319200, 324800, 330400, 336000, 341600, 347200, 352800, 358400, 364000, 369600, 375200, 380800, 386400, 392000, 397600, 403200, 408800, 414400, 420000, 425600, 431200, 436800, 442400, 448000, 453600, 459200, 464800, 470400, 476000, 481600, 487200, 492800, 498400, 504000, 509600, 515200, 520800, 526400, 532000, 537600, 543200, 548800, 554400, 560000], "centralserveraccuracy": [0.092, 0.101, 0.1581, 0.3605, 0.4313, 0.5503, 0.6306, 0.6972, 0.7514, 0.7818, 0.8037, 0.8197, 0.8296, 0.8378, 0.8444, 0.8519, 0.8563, 0.8615, 0.8654, 0.867, 0.8697, 0.8722, 0.8755, 0.8773, 0.8789, 0.8796, 0.8808, 0.8817, 0.8838, 0.8854, 0.8879, 0.8894, 0.89, 0.8911, 0.8924, 0.8936, 0.8953, 0.8962, 0.8972, 0.8978, 0.8984, 0.8994, 0.8999, 0.9005, 0.9002, 0.9008, 0.9006, 0.9008, 0.9015, 0.9023, 0.9032, 0.9038, 0.9043, 0.9047, 0.9053, 0.9055, 0.9059, 0.9062, 0.9066, 0.9071, 0.9076, 0.9078, 0.9081, 0.9084, 0.9087, 0.9089, 0.9088, 0.9091, 0.9094, 0.9095, 0.9094, 0.9096, 0.9098, 0.9102, 0.9101, 0.9102, 0.9103, 0.9103, 0.9106, 0.9108, 0.911, 0.9109, 0.9111, 0.9112, 0.9116, 0.9116, 0.9117, 0.9119, 0.912, 0.9116, 0.9115, 0.9116, 0.9115, 0.9114, 0.9118, 0.9116, 0.912, 0.9121, 0.9123, 0.9122, 0.9124], "centralserverloss": [2.3050148765563967, 2.2844775856018065, 2.221610178756714, 2.1066692752838136, 1.9044224521636963, 1.6131830738067627, 1.2910839057922363, 1.01732875289917, 0.8226667906761169, 0.7010399681568146, 0.6229780001640319, 0.5705234081745147, 0.5324109877586365, 0.5034990597724914, 0.4818832430362701, 0.46443983454704285, 0.45028993101119996, 0.4382904093742371, 0.42831724848747255, 0.42015464820861814, 0.4131215861320496, 0.40701233057975766, 0.4012881213665008, 0.3967213535785675, 0.3930224808216095, 0.3897865026473999, 0.3870263993263245, 0.3835634892702103, 0.3812580025911331, 0.3798312762737274, 0.3778298356294632, 0.37588952808380127, 0.37467725007534025, 0.3730416484117508, 0.37178813169002534, 0.37033662877082824, 0.36901489429473877, 0.3681189327955246, 0.3673187934398651, 0.36640651767253873, 0.3657319633245468, 0.36509255938529966, 0.3650422538995743, 0.3643333555459976, 0.3642905132174492, 0.36369782596826555, 0.36293827084302904, 0.3622963119864464, 0.36142577184438707, 0.36097835266590117, 0.36040801652669907, 0.36003115813732145, 0.35966730909347533, 0.3593043920516968, 0.3589733953475952, 0.35887193710803983, 0.35853506506681443, 0.3582840657711029, 0.35789036295413973, 0.3577062282860279, 0.3574802421092987, 0.35734452528953553, 0.3573214752793312, 0.3573613998413086, 0.35754775391221044, 0.35747073560357095, 0.3577276039302349, 0.35755764833688736, 0.3578537782013416, 0.3579620601773262, 0.35806841546297075, 0.35812435563206674, 0.35823499951958654, 0.35841232104897497, 0.35853866212368013, 0.35891728828549385, 0.3590232435464859, 0.35919593715667725, 0.35922073117494585, 0.3594797503232956, 0.359632586312294, 0.35966880823671815, 0.3600452138543129, 0.36038101165294645, 0.36045450263023376, 0.3606947855383158, 0.36072307743132115, 0.3609397610872984, 0.3611194617122412, 0.36124952724277976, 0.3615307325512171, 0.3616452675789595, 0.3616610659956932, 0.3619562357902527, 0.3620105675160885, 0.36221910586208106, 0.36222008676528933, 0.36240710833072665, 0.36242365601956844, 0.3626534705042839, 0.3627424254715443], "centralserverround": [0, 1, 2, 3, 4, 5, 6, 7, 8, 9, 10, 11, 12, 13, 14, 15, 16, 17, 18, 19, 20, 21, 22, 23, 24, 25, 26, 27, 28, 29, 30, 31, 32, 33, 34, 35, 36, 37, 38, 39, 40, 41, 42, 43, 44, 45, 46, 47, 48, 49, 50, 51, 52, 53, 54, 55, 56, 57, 58, 59, 60, 61, 62, 63, 64, 65, 66, 67, 68, 69, 70, 71, 72, 73, 74, 75, 76, 77, 78, 79, 80, 81, 82, 83, 84, 85, 86, 87, 88, 89, 90, 91, 92, 93, 94, 95, 96, 97, 98, 99, 100]}