{"centralservertimepast": [0, 1600, 3200, 4800, 6400, 8000, 9600, 11200, 12800, 14400, 16000, 17600, 19200, 20800, 22400, 24000, 25600, 27200, 28800, 30400, 32000, 33600, 35200, 36800, 38400, 40000, 41600, 43200, 44800, 46400, 48000, 49600, 51200, 52800, 54400, 56000, 57600, 59200, 60800, 62400, 64000, 65600, 67200, 68800, 70400, 72000, 73600, 75200, 76800, 78400, 80000, 81600, 83200, 84800, 86400, 88000, 89600, 91200, 92800, 94400, 96000, 97600, 99200, 100800, 102400, 104000, 105600, 107200, 108800, 110400, 112000, 113600, 115200, 116800, 118400, 120000, 121600, 123200, 124800, 126400, 128000, 129600, 131200, 132800, 134400, 136000, 137600, 139200, 140800, 142400, 144000, 145600, 147200, 148800, 150400, 152000, 153600, 155200, 156800, 158400, 160000], "centralserveraccuracy": [0.1191, 0.2192, 0.5095, 0.754, 0.8336, 0.8676, 0.8865, 0.8959, 0.9055, 0.9125, 0.9195, 0.9256, 0.93, 0.9346, 0.9385, 0.9425, 0.9449, 0.9479, 0.9505, 0.9529, 0.9546, 0.9559, 0.9576, 0.959, 0.9605, 0.9615, 0.9625, 0.9635, 0.9649, 0.9654, 0.966, 0.9668, 0.968, 0.9685, 0.9691, 0.9689, 0.969, 0.9696, 0.97, 0.9706, 0.9715, 0.9722, 0.9727, 0.9732, 0.9736, 0.9738, 0.9741, 0.9746, 0.975, 0.9752, 0.9755, 0.9754, 0.9757, 0.9759, 0.9761, 0.9765, 0.9768, 0.9768, 0.9769, 0.9771, 0.9771, 0.9774, 0.9776, 0.9776, 0.9777, 0.978, 0.978, 0.9781, 0.9783, 0.9785, 0.9787, 0.979, 0.9791, 0.9791, 0.9792, 0.9795, 0.9794, 0.9794, 0.9794, 0.9795, 0.9795, 0.9795, 0.9796, 0.9797, 0.98, 0.98, 0.9801, 0.9803, 0.9803, 0.9802, 0.9802, 0.9802, 0.9803, 0.9804, 0.9804, 0.9805, 0.9805, 0.9805, 0.9807, 0.981, 0.9809], "centralserverloss": [2.3048230407714843, 2.2717153285980225, 2.172221487045288, 1.482375430870056, 0.649609992980957, 0.4683185261249542, 0.39447407970428466, 0.3496723190784454, 0.316703705239296, 0.28994696536064146, 0.2671000887155533, 0.24719831602573394, 0.22955412756204605, 0.2139977003455162, 0.200437939453125, 0.18850435148477554, 0.17802881454229355, 0.16881482709646226, 0.160605499202013, 0.15326165827512742, 0.1466728042423725, 0.1406954587817192, 0.13525640381872653, 0.1302905184328556, 0.12578448463082315, 0.12166252039074897, 0.11783349754214287, 0.11429915062487125, 0.11106473150849343, 0.10809109164476395, 0.10531537899523974, 0.10272893034517765, 0.10033815186917781, 0.09808472290188074, 0.09600244598388671, 0.0940844510436058, 0.09230854075551033, 0.0906338999480009, 0.08906760251820088, 0.08759906512200832, 0.08619787455797195, 0.08489260091632604, 0.08364327760115266, 0.0824782479993999, 0.08136152656450868, 0.08029179488420486, 0.07929202415645123, 0.07833460186570883, 0.0774214216671884, 0.07655837275050581, 0.07573158351965248, 0.07492109074816108, 0.07415106967501342, 0.07341685429215432, 0.07270498054288328, 0.07203098428994417, 0.0713563803859055, 0.07071916068419815, 0.07011075831577182, 0.06951749039813876, 0.06896348648443817, 0.06841353360414505, 0.06787415413632988, 0.0673626490868628, 0.06686694817654788, 0.06640635578222573, 0.06595716310292482, 0.06552958900202066, 0.0651076293984428, 0.06471095588710159, 0.06431967149470001, 0.06394749376140535, 0.06358055508360266, 0.06322963658235967, 0.06289459332227706, 0.06255401647724211, 0.06224495462737978, 0.06192739789355546, 0.06163183570280671, 0.06133968153484166, 0.06104774845186621, 0.0607622634826228, 0.06047679551821202, 0.06021520005688071, 0.05995177907999605, 0.05969841837584972, 0.05945819218168035, 0.0592185164869763, 0.058975747080519794, 0.05874301614286378, 0.05851343767736107, 0.058284456520807, 0.05806618403531611, 0.057851331166364255, 0.057635166372917594, 0.05743112637139857, 0.05722963720690459, 0.057028615314420314, 0.05684719441467896, 0.056661282998044044, 0.05646998049989343], "centralserverround": [0, 1, 2, 3, 4, 5, 6, 7, 8, 9, 10, 11, 12, 13, 14, 15, 16, 17, 18, 19, 20, 21, 22, 23, 24, 25, 26, 27, 28, 29, 30, 31, 32, 33, 34, 35, 36, 37, 38, 39, 40, 41, 42, 43, 44, 45, 46, 47, 48, 49, 50, 51, 52, 53, 54, 55, 56, 57, 58, 59, 60, 61, 62, 63, 64, 65, 66, 67, 68, 69, 70, 71, 72, 73, 74, 75, 76, 77, 78, 79, 80, 81, 82, 83, 84, 85, 86, 87, 88, 89, 90, 91, 92, 93, 94, 95, 96, 97, 98, 99, 100], "clustertimepast": [[], [], [], [], [], [], [], [], [], []], "clusteraccuracy": [[], [], [], [], [], [], [], [], [], []], "clusterloss": [[], [], [], [], [], [], [], [], [], []], "clusterround": [[], [], [], [], [], [], [], [], [], []]}