{"centralservertimepast": [0, 3800, 7600, 11400, 15200, 19000, 22800, 26600, 30400, 34200, 38000, 41800, 45600, 49400, 53200, 57000, 60800, 64600, 68400, 72200, 76000, 79800, 83600, 87400, 91200, 95000, 98800, 102600, 106400, 110200, 114000, 117800, 121600, 125400, 129200, 133000, 136800, 140600, 144400, 148200, 152000, 155800, 159600, 163400, 167200, 171000, 174800, 178600, 182400, 186200, 190000, 193800, 197600, 201400, 205200, 209000, 212800, 216600, 220400, 224200, 228000, 231800, 235600, 239400, 243200, 247000, 250800, 254600, 258400, 262200, 266000, 269800, 273600, 277400, 281200, 285000, 288800, 292600, 296400, 300200, 304000, 307800, 311600, 315400, 319200, 323000, 326800, 330600, 334400, 338200, 342000, 345800, 349600, 353400, 357200, 361000, 364800, 368600, 372400, 376200, 380000], "centralserveraccuracy": [0.092, 0.101, 0.101, 0.16, 0.2124, 0.2192, 0.2348, 0.253, 0.2714, 0.2928, 0.3209, 0.3473, 0.3662, 0.3789, 0.3889, 0.3945, 0.4008, 0.4064, 0.4138, 0.4199, 0.4282, 0.436, 0.4432, 0.4535, 0.4655, 0.4808, 0.4945, 0.5127, 0.5317, 0.5499, 0.5667, 0.5842, 0.5988, 0.6142, 0.6266, 0.6395, 0.6508, 0.6648, 0.6749, 0.6846, 0.6937, 0.7022, 0.7103, 0.7182, 0.7256, 0.733, 0.7402, 0.7448, 0.7486, 0.7534, 0.758, 0.7615, 0.7653, 0.7681, 0.7721, 0.7758, 0.7797, 0.7823, 0.7853, 0.7882, 0.79, 0.7921, 0.7939, 0.796, 0.7986, 0.8005, 0.8021, 0.8026, 0.804, 0.8061, 0.8065, 0.8079, 0.8091, 0.8101, 0.811, 0.8123, 0.8119, 0.8116, 0.8124, 0.8129, 0.814, 0.8154, 0.8162, 0.8162, 0.8175, 0.8185, 0.8189, 0.8194, 0.8206, 0.8202, 0.8206, 0.8215, 0.8222, 0.8223, 0.8229, 0.8231, 0.8233, 0.8245, 0.8238, 0.8246, 0.8249], "centralserverloss": [2.3050148765563967, 2.316033744049072, 2.2966083808898925, 2.2592182312011717, 2.243970409011841, 2.2278430366516115, 2.209244383239746, 2.1885752044677735, 2.1665346057891846, 2.143203367614746, 2.1183799686431883, 2.091863868713379, 2.063338262939453, 2.0325298416137696, 1.9992106666564942, 1.963096803855896, 1.9239626291275025, 1.8818381141662597, 1.8369038959503174, 1.7895591150283814, 1.7403287158966065, 1.6897480653762817, 1.6388235321044922, 1.5878600887298584, 1.537542292022705, 1.487962124633789, 1.439827751159668, 1.3935491069793702, 1.3488426355361938, 1.3058663715362548, 1.2640325540542603, 1.2241353923797607, 1.187133740234375, 1.1509392499923705, 1.1163072867393493, 1.082510591697693, 1.0501149108886718, 1.0188944532394408, 0.9897706411361694, 0.9621763980865479, 0.9359879718780517, 0.9113967180252075, 0.8879789931297303, 0.8657187266349793, 0.8455528531074524, 0.8260482657432556, 0.8068763201236725, 0.7895926572322846, 0.7733223252773285, 0.7582700109958649, 0.7444395364761353, 0.7304126723766327, 0.7180141081809998, 0.7057820173263549, 0.6943723286151886, 0.6840617938995361, 0.6741003580570221, 0.6646888515472412, 0.6563340351104736, 0.6482694581031799, 0.6411577980995178, 0.634516188621521, 0.6275924492835998, 0.6219531016826629, 0.6159905452728272, 0.6109749658107757, 0.6066824619293213, 0.6028444447040557, 0.5989140058994293, 0.594939258480072, 0.5912551203489304, 0.5879037973642349, 0.5848405761003495, 0.5831078799724578, 0.5807165657997131, 0.5785683168172836, 0.5762825573921203, 0.5751340431928634, 0.5735349028348923, 0.572198997592926, 0.570753461432457, 0.5692137656211853, 0.5682179111480713, 0.56720829911232, 0.5664148780822754, 0.565562303686142, 0.5647929435491562, 0.5640522696733474, 0.5633736179828643, 0.5628812267541885, 0.5616591092348099, 0.56127923579216, 0.5603064893245697, 0.5598313206672668, 0.5586527707338333, 0.5581888717412948, 0.5579656757116318, 0.5571461210727692, 0.556762252998352, 0.5560199577569962, 0.5560341159105301], "centralserverround": [0, 1, 2, 3, 4, 5, 6, 7, 8, 9, 10, 11, 12, 13, 14, 15, 16, 17, 18, 19, 20, 21, 22, 23, 24, 25, 26, 27, 28, 29, 30, 31, 32, 33, 34, 35, 36, 37, 38, 39, 40, 41, 42, 43, 44, 45, 46, 47, 48, 49, 50, 51, 52, 53, 54, 55, 56, 57, 58, 59, 60, 61, 62, 63, 64, 65, 66, 67, 68, 69, 70, 71, 72, 73, 74, 75, 76, 77, 78, 79, 80, 81, 82, 83, 84, 85, 86, 87, 88, 89, 90, 91, 92, 93, 94, 95, 96, 97, 98, 99, 100]}