{"centralservertimepast": [0, 19700, 34600, 49500, 70400, 90100, 103200, 112700, 132400, 153300, 164300, 185200, 198900, 213800, 234700, 255600, 275300, 284800, 295800, 305900, 326800, 345600, 366500, 381400, 391500, 412400, 431200, 450900, 460100, 478900, 499800, 515600, 534400, 555300, 571100, 590800, 611700, 625400, 645100, 656100, 671900, 690700, 709500, 716000, 735700, 746700, 755900, 768700, 789600, 805400, 825100, 843900, 864800, 883600, 897300, 918200, 931000, 939300, 950000, 963700, 982500, 1003400, 1019200, 1038900, 1059800, 1072900, 1083900, 1097000, 1115800, 1129500, 1150400, 1170100, 1185000, 1204700, 1225600, 1246500, 1266200, 1285900, 1296600, 1315400, 1335100, 1356000, 1375700, 1394500, 1407300, 1423100, 1438000, 1458900, 1478600, 1487800, 1497000, 1516700, 1530400, 1550100, 1568900, 1583800, 1594500, 1615400, 1635100, 1650900, 1663700], "centralserveraccuracy": [0.0964, 0.1055, 0.1236, 0.116, 0.1521, 0.212, 0.1977, 0.2173, 0.1718, 0.2452, 0.1949, 0.2471, 0.3047, 0.2536, 0.2784, 0.2409, 0.2852, 0.265, 0.2678, 0.3205, 0.2546, 0.3235, 0.2555, 0.3043, 0.3347, 0.2621, 0.2661, 0.2671, 0.3333, 0.3653, 0.2654, 0.369, 0.3646, 0.3217, 0.2932, 0.3496, 0.299, 0.3242, 0.2889, 0.3843, 0.3462, 0.3719, 0.3845, 0.4131, 0.3553, 0.3561, 0.3844, 0.364, 0.3177, 0.4111, 0.3464, 0.373, 0.3547, 0.4152, 0.3906, 0.4289, 0.4203, 0.3741, 0.4324, 0.4587, 0.3919, 0.3293, 0.4362, 0.3312, 0.3633, 0.4379, 0.3773, 0.4649, 0.4594, 0.436, 0.3954, 0.437, 0.428, 0.4237, 0.4333, 0.4423, 0.4533, 0.4228, 0.4163, 0.4624, 0.449, 0.4357, 0.4399, 0.4376, 0.4612, 0.4589, 0.4685, 0.443, 0.4712, 0.4761, 0.4779, 0.4117, 0.4859, 0.4476, 0.4694, 0.4642, 0.4668, 0.4427, 0.4501, 0.4847, 0.5063], "centralserverloss": [2.304196709060669, 2.4547828086853025, 2.4049651733398436, 2.384953832626343, 2.325197399902344, 2.170212692642212, 2.1217766290664675, 2.1414897106170656, 2.3221947246551515, 2.1588724061965943, 2.073583488273621, 2.1841316059112548, 1.9658947847366333, 2.058494518280029, 2.0067938974380493, 2.06158435382843, 2.0414310522079466, 1.996975172805786, 1.9710226663589479, 1.874187885093689, 2.0803759773254393, 1.925593877029419, 2.119047079086304, 1.8726898202896118, 1.846316162109375, 2.121968460083008, 2.1690983764648437, 1.9787381647109985, 1.8359168100357055, 1.7607820608139038, 2.102199061584473, 1.7541437406539917, 1.7796549243927002, 1.9966406932830811, 1.9749413270950318, 1.8658192155838014, 2.0856272094726562, 1.827255313873291, 2.021327165222168, 1.7200340662002565, 1.8225257837295532, 1.7134523761749267, 1.6912633228302, 1.6342905157089234, 1.7803097270965575, 1.7912653875350952, 1.6886207317352295, 1.8170074312210083, 2.034437138748169, 1.6598797191619874, 1.8245904678344727, 1.710082698059082, 1.8498090782165528, 1.6273857139587402, 1.688978084373474, 1.6159211364746093, 1.5979945196151732, 1.7302913063049317, 1.624853981590271, 1.526196660041809, 1.6457486581802367, 2.0127425853729246, 1.549898685646057, 1.9194357751846314, 1.7519445684432984, 1.5657893365859985, 1.7972659894943237, 1.4824931934356689, 1.4857217065811157, 1.5901309591293336, 1.6793808898925782, 1.5865273866653442, 1.5697611097335815, 1.5961746871948241, 1.5768537727355958, 1.5714718057632446, 1.5338204204559327, 1.6282560747146606, 1.5875239456176757, 1.5186812593460084, 1.5671392324447633, 1.6006909076690674, 1.5782310680389404, 1.5960165510177613, 1.4955320770263671, 1.5089356773376466, 1.4658898740768433, 1.547591288948059, 1.4717313138961792, 1.4741986240386964, 1.4636130432128907, 1.6835229305267334, 1.4711521213531493, 1.5758905483245849, 1.4492083183288573, 1.518337321281433, 1.4824915510177612, 1.5986911489486695, 1.5414746892929077, 1.4328450923919678, 1.37854891166687], "centralserverround": [0, 1, 2, 3, 4, 5, 6, 7, 8, 9, 10, 11, 12, 13, 14, 15, 16, 17, 18, 19, 20, 21, 22, 23, 24, 25, 26, 27, 28, 29, 30, 31, 32, 33, 34, 35, 36, 37, 38, 39, 40, 41, 42, 43, 44, 45, 46, 47, 48, 49, 50, 51, 52, 53, 54, 55, 56, 57, 58, 59, 60, 61, 62, 63, 64, 65, 66, 67, 68, 69, 70, 71, 72, 73, 74, 75, 76, 77, 78, 79, 80, 81, 82, 83, 84, 85, 86, 87, 88, 89, 90, 91, 92, 93, 94, 95, 96, 97, 98, 99, 100]}