{"centralservertimepast": [0, 3200, 6400, 9600, 12800, 16000, 19200, 22400, 25600, 28800, 32000, 35200, 38400, 41600, 44800, 48000, 51200, 54400, 57600, 60800, 64000, 67200, 70400, 73600, 76800, 80000, 83200, 86400, 89600, 92800, 96000, 99200, 102400, 105600, 108800, 112000, 115200, 118400, 121600, 124800, 128000, 131200, 134400, 137600, 140800, 144000, 147200, 150400, 153600, 156800, 160000, 163200, 166400, 169600, 172800, 176000, 179200, 182400, 185600, 188800, 192000, 195200, 198400, 201600, 204800, 208000, 211200, 214400, 217600, 220800, 224000, 227200, 230400, 233600, 236800, 240000, 243200, 246400, 249600, 252800, 256000, 259200, 262400, 265600, 268800, 272000, 275200, 278400, 281600, 284800, 288000, 291200, 294400, 297600, 300800, 304000, 307200, 310400, 313600, 316800, 320000], "centralserveraccuracy": [0.0837, 0.101, 0.1105, 0.1509, 0.1863, 0.1992, 0.2057, 0.2147, 0.2233, 0.2307, 0.237, 0.2412, 0.2447, 0.2513, 0.2554, 0.2613, 0.265, 0.2691, 0.2715, 0.2757, 0.2781, 0.2834, 0.284, 0.2871, 0.2892, 0.291, 0.2911, 0.2939, 0.2964, 0.2956, 0.2976, 0.3002, 0.3031, 0.306, 0.3082, 0.309, 0.3118, 0.3126, 0.314, 0.3149, 0.3175, 0.3167, 0.3177, 0.3174, 0.3181, 0.3182, 0.3163, 0.3153, 0.3182, 0.3194, 0.3168, 0.3174, 0.316, 0.3124, 0.3159, 0.3114, 0.3171, 0.3086, 0.3126, 0.3107, 0.3039, 0.3144, 0.3136, 0.3057, 0.3091, 0.3131, 0.3105, 0.2945, 0.2817, 0.3077, 0.3051, 0.3141, 0.2945, 0.3098, 0.3109, 0.31, 0.3003, 0.3123, 0.3105, 0.3099, 0.1901, 0.259, 0.3165, 0.3231, 0.3209, 0.3198, 0.318, 0.3155, 0.3148, 0.3124, 0.3092, 0.3159, 0.3109, 0.3073, 0.3144, 0.3116, 0.3099, 0.3117, 0.3104, 0.3121, 0.3125], "centralserverloss": [2.303652021408081, 2.2994827835083007, 2.2915120513916016, 2.2745987438201904, 2.2564356853485106, 2.2368083183288574, 2.21553592376709, 2.1925514350891113, 2.168598775100708, 2.1448429237365723, 2.1222115114212037, 2.1020524072647095, 2.085494748687744, 2.0706079627990723, 2.0589024881362916, 2.04748024559021, 2.038835000038147, 2.0307023738861085, 2.0246858404159545, 2.0183680055618285, 2.0140364917755127, 2.009519553565979, 2.0067527633666993, 2.005523508834839, 2.003974547576904, 2.0028684900283813, 2.002172974777222, 2.0032871444702147, 2.0040370210647582, 2.0055822303771973, 2.0077129055023195, 2.008382878303528, 2.010147321128845, 2.01336997089386, 2.013864290237427, 2.0206931175231935, 2.024499036216736, 2.036374149131775, 2.0419613697052004, 2.0547619361877443, 2.0656231365203856, 2.081675784301758, 2.094550381088257, 2.115090686225891, 2.1342798290252687, 2.162329108428955, 2.1747275074005126, 2.2030640953063965, 2.229150608444214, 2.2248535434722903, 2.2737009944915774, 2.320215128707886, 2.345539993286133, 2.4021032955169677, 2.377222190093994, 2.457463777923584, 2.446248442840576, 2.5021069305419923, 2.5085529895782472, 2.5481487964630127, 2.5199618495941163, 2.4718936779022216, 2.549639813613892, 2.4828284019470215, 2.587776100921631, 2.6595239818573, 2.7099317344665526, 2.8813740661621092, 2.662209183883667, 2.5643303764343264, 2.613271774291992, 2.6282982818603515, 2.6276295696258547, 2.6443165119171144, 2.6990856494903563, 2.755025043106079, 2.7165453372955324, 2.698886326980591, 2.733249969100952, 2.753644744873047, 5.141986567687988, 2.387493352508545, 2.224507185745239, 2.3523773365020753, 2.4413273944854734, 2.5008435611724855, 2.553456569290161, 2.5952661655426024, 2.6327336093902587, 2.6501903686523436, 2.6368979877471923, 2.626315661239624, 2.6858887557983397, 2.676908180236816, 2.639698239135742, 2.663221919631958, 2.664465622329712, 2.712776170730591, 2.742657666015625, 2.7461355503082276, 2.7489211517333985], "centralserverround": [0, 1, 2, 3, 4, 5, 6, 7, 8, 9, 10, 11, 12, 13, 14, 15, 16, 17, 18, 19, 20, 21, 22, 23, 24, 25, 26, 27, 28, 29, 30, 31, 32, 33, 34, 35, 36, 37, 38, 39, 40, 41, 42, 43, 44, 45, 46, 47, 48, 49, 50, 51, 52, 53, 54, 55, 56, 57, 58, 59, 60, 61, 62, 63, 64, 65, 66, 67, 68, 69, 70, 71, 72, 73, 74, 75, 76, 77, 78, 79, 80, 81, 82, 83, 84, 85, 86, 87, 88, 89, 90, 91, 92, 93, 94, 95, 96, 97, 98, 99, 100]}