{"centralservertimepast": [0, 8700, 17400, 26100, 34800, 43500, 52200, 60900, 69600, 78300, 87000, 95700, 104400, 113100, 121800, 130500, 139200, 147900, 156600, 165300, 174000, 182700, 191400, 200100, 208800, 217500, 226200, 234900, 243600, 252300, 261000, 269700, 278400, 287100, 295800, 304500, 313200, 321900, 330600, 339300, 348000, 356700, 365400, 374100, 382800, 391500, 400200, 408900, 417600, 426300, 435000], "centralserveraccuracy": [0.1116, 0.8894, 0.9397, 0.9591, 0.9676, 0.9737, 0.9766, 0.9783, 0.9804, 0.9818, 0.9824, 0.9831, 0.9837, 0.9842, 0.9847, 0.9851, 0.9852, 0.9855, 0.9859, 0.9862, 0.9863, 0.9865, 0.9867, 0.987, 0.9874, 0.9877, 0.9877, 0.9876, 0.9877, 0.9877, 0.9878, 0.9879, 0.9879, 0.9878, 0.9881, 0.9883, 0.9882, 0.9883, 0.9883, 0.9882, 0.9881, 0.9882, 0.9883, 0.9883, 0.9883, 0.9883, 0.9883, 0.9882, 0.9881, 0.9881, 0.9882], "centralserverloss": [2.306291827774048, 0.37249720838069916, 0.201584100151062, 0.1374073721408844, 0.10631190996170044, 0.08814678106233477, 0.07630185399800539, 0.06805790973100811, 0.06241223821938038, 0.05814740088074468, 0.054716835203021764, 0.05198921589995734, 0.0498862626376329, 0.04809253807277419, 0.04672349818929797, 0.04555490847780602, 0.044518676713272, 0.043661749326693824, 0.04291626201631734, 0.042258104736579115, 0.041641733754455346, 0.04115886183159891, 0.040748284731584136, 0.04036604735011351, 0.04010911078689678, 0.03983364433327515, 0.039639867412310556, 0.0394780037205448, 0.03936081349026499, 0.039239895684909425, 0.03914386438124057, 0.03911334914421459, 0.03913767580059939, 0.03909563982877298, 0.03910542726637068, 0.03911746921272061, 0.039131400667270645, 0.039207283670712786, 0.03931052844446822, 0.039472614828535736, 0.039615100616831475, 0.03972485379798345, 0.03983617999885173, 0.03999615942046039, 0.04015341363631669, 0.04030935705049305, 0.040467850768493734, 0.04061518583719007, 0.04080316640109559, 0.04094856290124262, 0.041115290898108836], "centralserverround": [0, 1, 2, 3, 4, 5, 6, 7, 8, 9, 10, 11, 12, 13, 14, 15, 16, 17, 18, 19, 20, 21, 22, 23, 24, 25, 26, 27, 28, 29, 30, 31, 32, 33, 34, 35, 36, 37, 38, 39, 40, 41, 42, 43, 44, 45, 46, 47, 48, 49, 50], "clustertimepast": [[], [], [], [], []], "clusteraccuracy": [[], [], [], [], []], "clusterloss": [[], [], [], [], []], "clusterround": [[], [], [], [], []]}