{"centralservertimepast": [0, 5200, 10400, 15600, 20800, 26000, 31200, 36400, 41600, 46800, 52000, 57200, 62400, 67600, 72800, 78000, 83200, 88400, 93600, 98800, 104000, 109200, 114400, 119600, 124800, 130000, 135200, 140400, 145600, 150800, 156000, 161200, 166400, 171600, 176800, 182000, 187200, 192400, 197600, 202800, 208000, 213200, 218400, 223600, 228800, 234000, 239200, 244400, 249600, 254800, 260000], "centralserveraccuracy": [0.1116, 0.8652, 0.9216, 0.945, 0.9578, 0.9654, 0.9696, 0.9727, 0.9756, 0.9776, 0.9786, 0.9793, 0.9802, 0.9817, 0.9822, 0.9824, 0.9833, 0.9838, 0.9845, 0.9848, 0.9849, 0.9854, 0.9856, 0.9859, 0.9859, 0.986, 0.9858, 0.9861, 0.986, 0.986, 0.9864, 0.9864, 0.9864, 0.9864, 0.9863, 0.9867, 0.9867, 0.9869, 0.987, 0.987, 0.9871, 0.9874, 0.9875, 0.9875, 0.9875, 0.9878, 0.9879, 0.9879, 0.988, 0.9881, 0.9882], "centralserverloss": [2.306291827774048, 0.484546474647522, 0.2595118893861771, 0.18283225075006485, 0.14057567635774612, 0.11581969556510449, 0.09999425028562546, 0.08923431712910533, 0.08140541085042059, 0.07545433704629541, 0.07071539093628526, 0.06714344665966929, 0.06420106998719274, 0.06163856672444381, 0.05951341962656006, 0.057749227983807216, 0.05628259555280674, 0.05485606449123007, 0.05376745177810081, 0.05281055462576915, 0.05197437753832201, 0.05120544107267633, 0.05060610300359549, 0.050053253170649986, 0.049496474990987915, 0.04901091839603032, 0.04853687143429415, 0.04813335479358211, 0.04775540504496894, 0.04744974784139194, 0.04717114179517666, 0.04690965146473318, 0.0467227576169229, 0.04653595842378854, 0.04639313907070027, 0.0462154390837517, 0.046047010172824955, 0.04591861747865114, 0.04580006200980715, 0.04569443993235691, 0.045565687855352005, 0.045479923160737235, 0.04541663664002772, 0.045418795400297675, 0.045347226861849776, 0.045299361791691625, 0.04527412938672642, 0.04526171583438554, 0.045203777458854164, 0.045177421326741025, 0.04520583264146335], "centralserverround": [0, 1, 2, 3, 4, 5, 6, 7, 8, 9, 10, 11, 12, 13, 14, 15, 16, 17, 18, 19, 20, 21, 22, 23, 24, 25, 26, 27, 28, 29, 30, 31, 32, 33, 34, 35, 36, 37, 38, 39, 40, 41, 42, 43, 44, 45, 46, 47, 48, 49, 50], "clustertimepast": [[], [], [], [], []], "clusteraccuracy": [[], [], [], [], []], "clusterloss": [[], [], [], [], []], "clusterround": [[], [], [], [], []]}