{"centralservertimepast": [0, 2400, 4600, 7000, 9200, 11600, 14000, 16400, 18600, 20800, 23200, 25400, 27800, 30000, 32200, 34400, 36800, 39200, 41600, 44000, 46100, 48300, 50700, 53100, 55300, 57500, 59900, 62300, 64700, 67100, 69500, 71600, 74000, 76400, 78800, 81200, 83600, 86000, 88400, 90800, 93200, 95600, 97800, 100200, 102400, 104800, 107200, 109600, 112000, 114200, 116600, 118800, 121200, 123600, 125800, 128200, 130600, 133000, 135400, 137800, 140000, 142400, 144800, 147200, 149600, 152000, 154200, 156600, 159000, 161400, 163800, 166200, 168600, 171000, 173400, 175800, 178200, 180600, 183000, 185200, 187600, 190000, 192400, 194800, 197000, 199400, 201800, 204200, 206600, 209000, 211400, 213600, 216000, 218400, 220800, 223000, 225400, 227800, 230000, 232400, 234800], "centralserveraccuracy": [0.1135, 0.1135, 0.1822, 0.0892, 0.0974, 0.1259, 0.0974, 0.1135, 0.1028, 0.101, 0.0969, 0.101, 0.0959, 0.0958, 0.101, 0.1014, 0.0892, 0.1538, 0.1999, 0.1135, 0.1032, 0.1156, 0.115, 0.1135, 0.1085, 0.0982, 0.255, 0.0999, 0.1271, 0.1142, 0.2039, 0.1671, 0.1757, 0.2171, 0.1759, 0.1242, 0.1001, 0.1032, 0.1523, 0.127, 0.2066, 0.178, 0.101, 0.1302, 0.184, 0.1454, 0.1032, 0.1221, 0.2031, 0.1641, 0.2389, 0.0982, 0.2224, 0.1683, 0.1029, 0.2058, 0.2107, 0.1467, 0.2665, 0.1424, 0.208, 0.2487, 0.2569, 0.2625, 0.3077, 0.2332, 0.2625, 0.2106, 0.2436, 0.2953, 0.4008, 0.3469, 0.2774, 0.3549, 0.3437, 0.2901, 0.3427, 0.2032, 0.3228, 0.3124, 0.3446, 0.3112, 0.333, 0.301, 0.35, 0.3407, 0.2372, 0.3091, 0.3994, 0.3147, 0.3681, 0.2578, 0.3688, 0.2585, 0.2913, 0.4559, 0.2828, 0.5664, 0.2825, 0.3134, 0.4329], "centralserverloss": [2.3055039600372313, 2.3031623527526857, 2.3108364265441894, 2.387697156906128, 2.3626033615112303, 2.379895919418335, 2.4728791820526124, 2.767415412521362, 2.4963463371276857, 2.562423377227783, 2.4311159099578856, 2.563039019393921, 2.3644967544555664, 2.4867763622283934, 2.9287810905456544, 2.6540391525268556, 2.7013492538452146, 2.493296468734741, 2.4194654483795164, 2.616168923187256, 2.5565246562957764, 2.5693720149993897, 2.420101904296875, 2.65697218208313, 2.511799924468994, 2.492868669128418, 2.2927523696899414, 2.3994368389129637, 2.2699616008758543, 2.2637142284393312, 2.4123042987823484, 2.6479632534027098, 2.4509697513580324, 2.4259374668121336, 2.35676932220459, 2.259656418609619, 2.2806762435913086, 2.53049779586792, 2.656149195861816, 2.2550389797210695, 2.38582551612854, 2.2627299949646, 2.3871085304260253, 2.322589406967163, 2.18390763053894, 2.281514918899536, 2.4393218925476075, 2.3004155643463133, 2.378219538116455, 2.3024114948272705, 2.137361700820923, 2.3206472225189207, 2.0948469898223876, 2.20159352645874, 2.2218758071899414, 2.2826286026000977, 2.179745372390747, 2.27094002532959, 2.0853593688964844, 2.408767679595947, 2.1996636196136476, 2.021611137008667, 2.0040760929107666, 2.130012537384033, 2.011695873260498, 2.0877881118774413, 2.0931891960144045, 2.1818364791870115, 1.9942889385223388, 1.983560933303833, 1.8963658399581909, 1.9318354026794433, 2.0571086353302004, 1.925786275100708, 1.9382238010406494, 1.9477843713760377, 1.8963576328277587, 2.076301347732544, 1.9002479206085205, 1.9394316892623902, 1.890485756111145, 1.9189139005661011, 1.888881894683838, 1.9247480195999145, 1.8357722385406494, 1.8816299098968505, 1.8511874980926513, 1.8601274528503418, 1.8053661628723146, 1.7263019908905028, 1.9016355684280395, 2.0473610275268554, 1.7619474504470825, 2.0884697158813474, 1.8156213081359864, 1.7521058603286743, 1.8265780649185182, 1.6326985097885132, 1.8458223247528076, 1.8262959753036498, 1.7687437370300294], "centralserverround": [0, 1, 2, 3, 4, 5, 6, 7, 8, 9, 10, 11, 12, 13, 14, 15, 16, 17, 18, 19, 20, 21, 22, 23, 24, 25, 26, 27, 28, 29, 30, 31, 32, 33, 34, 35, 36, 37, 38, 39, 40, 41, 42, 43, 44, 45, 46, 47, 48, 49, 50, 51, 52, 53, 54, 55, 56, 57, 58, 59, 60, 61, 62, 63, 64, 65, 66, 67, 68, 69, 70, 71, 72, 73, 74, 75, 76, 77, 78, 79, 80, 81, 82, 83, 84, 85, 86, 87, 88, 89, 90, 91, 92, 93, 94, 95, 96, 97, 98, 99, 100]}