{"centralservertimepast": [0, 5600, 11200, 16800, 22400, 28000, 33600, 39200, 44800, 50400, 56000, 61600, 67200, 72800, 78400, 84000, 89600, 95200, 100800, 106400, 112000, 117600, 123200, 128800, 134400, 140000, 145600, 151200, 156800, 162400, 168000, 173600, 179200, 184800, 190400, 196000, 201600, 207200, 212800, 218400, 224000, 229600, 235200, 240800, 246400, 252000, 257600, 263200, 268800, 274400, 280000, 285600, 291200, 296800, 302400, 308000, 313600, 319200, 324800, 330400, 336000, 341600, 347200, 352800, 358400, 364000, 369600, 375200, 380800, 386400, 392000, 397600, 403200, 408800, 414400, 420000, 425600, 431200, 436800, 442400, 448000, 453600, 459200, 464800, 470400, 476000, 481600, 487200, 492800, 498400, 504000, 509600, 515200, 520800, 526400, 532000, 537600, 543200, 548800, 554400, 560000], "centralserveraccuracy": [0.092, 0.101, 0.1571, 0.3605, 0.4312, 0.5495, 0.6302, 0.6969, 0.7514, 0.7816, 0.8033, 0.8192, 0.8293, 0.8367, 0.8443, 0.8515, 0.8563, 0.8613, 0.8655, 0.8669, 0.8694, 0.8722, 0.8753, 0.8775, 0.879, 0.88, 0.8805, 0.8817, 0.884, 0.8858, 0.8876, 0.8888, 0.8901, 0.8908, 0.892, 0.8933, 0.8946, 0.8956, 0.8964, 0.8975, 0.8983, 0.8988, 0.8993, 0.9, 0.9004, 0.9007, 0.9005, 0.9011, 0.9016, 0.9018, 0.9031, 0.9035, 0.9045, 0.9048, 0.9051, 0.9052, 0.9055, 0.9059, 0.9062, 0.9069, 0.9072, 0.9078, 0.908, 0.9081, 0.9083, 0.9085, 0.909, 0.9093, 0.9098, 0.91, 0.91, 0.91, 0.9103, 0.9105, 0.9106, 0.9105, 0.9109, 0.9113, 0.9115, 0.9117, 0.9117, 0.9117, 0.9118, 0.9119, 0.9118, 0.9123, 0.9122, 0.9123, 0.9121, 0.9122, 0.9122, 0.9121, 0.9119, 0.9124, 0.9124, 0.9124, 0.9123, 0.9122, 0.9124, 0.9123, 0.9126], "centralserverloss": [2.3050148765563967, 2.284500875854492, 2.221713157272339, 2.1068524055480955, 1.904973558807373, 1.6144230899810792, 1.2924527626037599, 1.0186913925170897, 0.8232703378677368, 0.7016641425609589, 0.6235636639595031, 0.5707683572769165, 0.5336841972827912, 0.5047824588298797, 0.4820242304801941, 0.46448928241729737, 0.45007005472183226, 0.4384150805950165, 0.4283555662155151, 0.4202154124736786, 0.4131029431819916, 0.40674625806808473, 0.4014598566532135, 0.3968007999897003, 0.39289265365600584, 0.3894540596961975, 0.3864374491214752, 0.3842652727127075, 0.3814688139438629, 0.38006515097618104, 0.37768557753562926, 0.37721181292533873, 0.3753409589290619, 0.37435084714889527, 0.37282516674995425, 0.37203080768585206, 0.370080029964447, 0.3687524236917496, 0.3674676440954208, 0.3664918902158737, 0.3657177771091461, 0.3652128711223602, 0.36456460136175156, 0.36378107600212095, 0.3634088038682938, 0.3627857923388481, 0.3628315974235535, 0.36164304618835447, 0.36109600565433503, 0.3610233154892921, 0.3600250086903572, 0.3599221511006355, 0.35920749906301497, 0.35937506848573686, 0.35868752686977384, 0.3587749916434288, 0.3582443983912468, 0.3585600975394249, 0.3577485783815384, 0.357752659457922, 0.35751377180218696, 0.3570256109833717, 0.3572677833378315, 0.357436238437891, 0.3574027133345604, 0.3573148355424404, 0.35741277915239333, 0.35773225278258325, 0.3575529589295387, 0.35783762135505676, 0.35772182287573817, 0.35799145444631575, 0.3578501776397228, 0.35797480016350747, 0.35836194469332694, 0.35829957368969917, 0.358435629606247, 0.3587673069357872, 0.35867607319951056, 0.3588724314570427, 0.3588832100957632, 0.35928276719748975, 0.3593031707495451, 0.359711105170846, 0.3597098036020994, 0.3600269869536161, 0.3600856080174446, 0.36026594292521474, 0.36060024852454664, 0.3605966621726751, 0.3607465962141752, 0.36092511995732784, 0.3610868051379919, 0.36139763280153275, 0.361334372523427, 0.3618888603895903, 0.36173742565959693, 0.36211270051002503, 0.36205007337629797, 0.36240988162457943, 0.36239463457614185], "centralserverround": [0, 1, 2, 3, 4, 5, 6, 7, 8, 9, 10, 11, 12, 13, 14, 15, 16, 17, 18, 19, 20, 21, 22, 23, 24, 25, 26, 27, 28, 29, 30, 31, 32, 33, 34, 35, 36, 37, 38, 39, 40, 41, 42, 43, 44, 45, 46, 47, 48, 49, 50, 51, 52, 53, 54, 55, 56, 57, 58, 59, 60, 61, 62, 63, 64, 65, 66, 67, 68, 69, 70, 71, 72, 73, 74, 75, 76, 77, 78, 79, 80, 81, 82, 83, 84, 85, 86, 87, 88, 89, 90, 91, 92, 93, 94, 95, 96, 97, 98, 99, 100]}