{"centralservertimepast": [0, 1900, 3800, 5700, 7500, 9400, 11300, 13200, 15100, 17000, 18900, 20800, 22700, 24600, 26500, 28400, 30300, 32200, 34100, 36000, 37900, 39700, 41600, 43500, 45400, 47300, 49200, 51000, 52900, 54700, 56600, 58500, 60400, 62300, 64200, 66100, 68000, 69900, 71800, 73700, 75500, 77400, 79300, 81200, 83100, 85000, 86900, 88800, 90700, 92600, 94500, 96400, 98300, 100100, 102000, 103800, 105700, 107600, 109400, 111300, 113200, 115100, 117000, 118900, 120800, 122700, 124600, 126500, 128400, 130300, 132200, 134100, 136000, 137900, 139700, 141500, 143400, 145300, 147200, 149100, 151000, 152900, 154800, 156700, 158600, 160500, 162400, 164300, 166200, 168100, 170000, 171900, 173800, 175600, 177400, 179300, 181200, 183100, 185000, 186900, 188800], "centralserveraccuracy": [0.0997, 0.131, 0.1421, 0.1004, 0.1558, 0.1261, 0.1603, 0.1343, 0.1251, 0.1464, 0.1396, 0.169, 0.1675, 0.1619, 0.162, 0.214, 0.222, 0.2274, 0.1947, 0.194, 0.2124, 0.1954, 0.1695, 0.2737, 0.259, 0.2313, 0.2323, 0.2598, 0.2442, 0.2363, 0.2229, 0.2819, 0.2491, 0.2706, 0.2997, 0.269, 0.2165, 0.2024, 0.2742, 0.2548, 0.2347, 0.2753, 0.2841, 0.3187, 0.2388, 0.3053, 0.2941, 0.2458, 0.3294, 0.2941, 0.2779, 0.3034, 0.2629, 0.3188, 0.2775, 0.2364, 0.2604, 0.2927, 0.2781, 0.3433, 0.3404, 0.2608, 0.2984, 0.3361, 0.2919, 0.2563, 0.2886, 0.3373, 0.3003, 0.3155, 0.3487, 0.3263, 0.2994, 0.3474, 0.2672, 0.344, 0.284, 0.3177, 0.3312, 0.2878, 0.348, 0.3485, 0.2976, 0.3066, 0.3188, 0.3501, 0.3189, 0.3088, 0.357, 0.3367, 0.3722, 0.3714, 0.3309, 0.363, 0.324, 0.3063, 0.3727, 0.3398, 0.3546, 0.3259, 0.297], "centralserverloss": [2.3028682598114014, 2.3340721843719483, 2.3256325511932374, 2.40378490486145, 2.360294990158081, 2.398431781387329, 2.2627761768341066, 2.3688682563781738, 2.383667106628418, 2.249327909851074, 2.2994273445129396, 2.385503011703491, 2.2181809940338133, 2.258024574661255, 2.3525955898284914, 2.2236364204406738, 2.1543866401672362, 2.168280809020996, 2.1386977657318114, 2.1788210262298584, 2.182905171585083, 2.261136964035034, 2.177621425628662, 2.038815038871765, 2.085873375701904, 2.044499449920654, 2.1020756120681763, 2.042492735671997, 2.065723612976074, 2.1305385652542115, 2.2381690685272218, 2.060175451660156, 2.0709711162567137, 1.9856937156677246, 1.9897061904907227, 1.9992866649627685, 2.1556813110351563, 2.2674106185913088, 2.0413030166625976, 2.1481645011901858, 2.0577470085144043, 2.021992144393921, 1.9678561168670654, 1.9193118843078614, 2.018060193824768, 1.9671847650527954, 1.9962317798614502, 2.124688924407959, 1.8779744522094726, 1.9727916719436644, 2.0792196420669558, 1.9897820892333984, 2.0475935752868653, 1.901565567779541, 1.9370116180419923, 2.1336988876342775, 2.0278437345504763, 1.9356812475204468, 1.9937398223876952, 1.8739460502624512, 1.8594405649185182, 1.9946819087982177, 1.9020425619125365, 1.8310065784454346, 2.046517223739624, 1.971894144630432, 1.92258601436615, 1.8398404823303223, 1.9131324481964112, 1.9571784496307374, 1.8213001119613648, 1.9139907285690307, 1.9166119834899902, 1.8417526000976563, 1.9870471603393556, 1.8324618787765503, 2.0123163383483886, 1.8505229766845703, 1.867535995864868, 1.982551067352295, 1.7985988914489746, 1.806267875289917, 1.8894032808303833, 1.8565991676330567, 1.8999931819915772, 1.8095796739578247, 1.871841275024414, 1.892931174468994, 1.8024597692489623, 1.7861377731323242, 1.7737680372238158, 1.761959517288208, 1.8554623176574707, 1.7764943643569946, 1.8666931089401244, 1.8927544036865234, 1.7389080450057983, 1.8312980962753296, 1.7528522104263307, 1.8917789897918702, 1.8988437845230102], "centralserverround": [0, 1, 2, 3, 4, 5, 6, 7, 8, 9, 10, 11, 12, 13, 14, 15, 16, 17, 18, 19, 20, 21, 22, 23, 24, 25, 26, 27, 28, 29, 30, 31, 32, 33, 34, 35, 36, 37, 38, 39, 40, 41, 42, 43, 44, 45, 46, 47, 48, 49, 50, 51, 52, 53, 54, 55, 56, 57, 58, 59, 60, 61, 62, 63, 64, 65, 66, 67, 68, 69, 70, 71, 72, 73, 74, 75, 76, 77, 78, 79, 80, 81, 82, 83, 84, 85, 86, 87, 88, 89, 90, 91, 92, 93, 94, 95, 96, 97, 98, 99, 100]}