{"centralservertimepast": [0, 8700, 17400, 26100, 34800, 43500, 52200, 60900, 69600, 78300, 87000, 95700, 104400, 113100, 121800, 130500, 139200, 147900, 156600, 165300, 174000, 182700, 191400, 200100, 208800, 217500, 226200, 234900, 243600, 252300, 261000, 269700, 278400, 287100, 295800, 304500, 313200, 321900, 330600, 339300, 348000, 356700, 365400, 374100, 382800, 391500, 400200, 408900, 417600, 426300, 435000], "centralserveraccuracy": [0.0886, 0.3129, 0.3702, 0.4093, 0.4433, 0.4712, 0.4941, 0.5111, 0.5298, 0.5459, 0.5604, 0.5748, 0.585, 0.5939, 0.6041, 0.6104, 0.6179, 0.6227, 0.6281, 0.6333, 0.6375, 0.641, 0.6427, 0.6456, 0.646, 0.6464, 0.6462, 0.6479, 0.6498, 0.6506, 0.6504, 0.6521, 0.6543, 0.654, 0.6567, 0.6554, 0.6568, 0.6565, 0.6571, 0.6589, 0.6591, 0.6596, 0.6591, 0.6589, 0.6599, 0.6595, 0.6595, 0.6583, 0.6605, 0.6599, 0.6602], "centralserverloss": [2.3058451583862305, 1.9583453382492066, 1.7964554637908936, 1.6806580759048462, 1.5788432168960571, 1.4963276351928712, 1.4305411834716797, 1.3756480819702148, 1.3284495016098024, 1.2861992454528808, 1.2474104421615602, 1.2132186252593995, 1.184482098197937, 1.1622401048660278, 1.146503200340271, 1.1373861402511596, 1.1338009107589722, 1.1381186641693115, 1.1486816822052002, 1.1646809343338014, 1.183570619392395, 1.1986696998596191, 1.2178350688934325, 1.2374641834259033, 1.2564212724685668, 1.2759906171798705, 1.2902979740142821, 1.3100643138885497, 1.322068631362915, 1.3417453214645385, 1.3617195440292358, 1.3816768054962159, 1.392462933921814, 1.421365961074829, 1.4432834537506103, 1.4660277946472169, 1.4832572656631469, 1.4862242557525636, 1.5106830129623412, 1.5264216060638427, 1.549500637626648, 1.566940463256836, 1.575862119293213, 1.5916976125717164, 1.5977202489852906, 1.6334373929977417, 1.6417428913116454, 1.668905537223816, 1.67172083568573, 1.710198815536499, 1.7213018741607666], "centralserverround": [0, 1, 2, 3, 4, 5, 6, 7, 8, 9, 10, 11, 12, 13, 14, 15, 16, 17, 18, 19, 20, 21, 22, 23, 24, 25, 26, 27, 28, 29, 30, 31, 32, 33, 34, 35, 36, 37, 38, 39, 40, 41, 42, 43, 44, 45, 46, 47, 48, 49, 50], "clustertimepast": [[], [], [], [], []], "clusteraccuracy": [[], [], [], [], []], "clusterloss": [[], [], [], [], []], "clusterround": [[], [], [], [], []]}