{"centralservertimepast": [0, 1600, 3200, 4800, 6400, 8000, 9600, 11200, 12800, 14400, 16000, 17600, 19200, 20800, 22400, 24000, 25600, 27200, 28800, 30400, 32000, 33600, 35200, 36800, 38400, 40000, 41600, 43200, 44800, 46400, 48000, 49600, 51200, 52800, 54400, 56000, 57600, 59200, 60800, 62400, 64000, 65600, 67200, 68800, 70400, 72000, 73600, 75200, 76800, 78400, 80000, 81600, 83200, 84800, 86400, 88000, 89600, 91200, 92800, 94400, 96000, 97600, 99200, 100800, 102400, 104000, 105600, 107200, 108800, 110400, 112000, 113600, 115200, 116800, 118400, 120000, 121600, 123200, 124800, 126400, 128000, 129600, 131200, 132800, 134400, 136000, 137600, 139200, 140800, 142400, 144000, 145600, 147200, 148800, 150400, 152000, 153600, 155200, 156800, 158400, 160000], "centralserveraccuracy": [0.1191, 0.1051, 0.0992, 0.1319, 0.1525, 0.1495, 0.1856, 0.2575, 0.3428, 0.4161, 0.4827, 0.5341, 0.5709, 0.5986, 0.6199, 0.6363, 0.6504, 0.6636, 0.6726, 0.681, 0.687, 0.6941, 0.7013, 0.7096, 0.7193, 0.726, 0.734, 0.7422, 0.7502, 0.7592, 0.7643, 0.7691, 0.7753, 0.7802, 0.7851, 0.7894, 0.7928, 0.7978, 0.8001, 0.8033, 0.8064, 0.8079, 0.8106, 0.8134, 0.8162, 0.8199, 0.8222, 0.8247, 0.827, 0.8293, 0.8317, 0.8331, 0.8344, 0.8361, 0.838, 0.8396, 0.8411, 0.8423, 0.8435, 0.8446, 0.8467, 0.8475, 0.849, 0.85, 0.8516, 0.8531, 0.854, 0.8558, 0.8566, 0.8573, 0.8581, 0.8595, 0.8605, 0.8615, 0.8617, 0.8632, 0.8637, 0.8652, 0.8663, 0.8674, 0.8681, 0.8691, 0.8693, 0.8708, 0.8722, 0.8727, 0.874, 0.8749, 0.8754, 0.8761, 0.8769, 0.8782, 0.8789, 0.8798, 0.8801, 0.8804, 0.8812, 0.8822, 0.8825, 0.8833, 0.8839], "centralserverloss": [2.3048230407714843, 2.312506081008911, 2.3037101097106936, 2.2876044143676757, 2.267672150421143, 2.245118608856201, 2.220108281326294, 2.1932603324890136, 2.164285110092163, 2.132980898284912, 2.0990269355773927, 2.0618479011535644, 2.0208609943389892, 1.9758469528198241, 1.9266508043289186, 1.8732067178726197, 1.8156495281219482, 1.7542824209213257, 1.6895930583953858, 1.6222543167114258, 1.553132551574707, 1.483167992401123, 1.4133610397338867, 1.3446668838500977, 1.2779714452743531, 1.2139725170135498, 1.1532499210357665, 1.0961957773208617, 1.043072334766388, 0.9939369181632995, 0.9487658328056335, 0.9074170767784119, 0.8697628910064698, 0.835604862499237, 0.8046166233062744, 0.7764944289207458, 0.751106409072876, 0.7281033079147339, 0.7071627251625061, 0.6881933833122253, 0.6709529922485351, 0.6552103788375855, 0.6408060920715332, 0.6275924884796142, 0.6154375602722167, 0.604172315788269, 0.593698321056366, 0.5839272779464721, 0.5748097763061524, 0.5662695484161377, 0.5581871929645539, 0.5505397525787353, 0.5432750378608704, 0.5363673502445221, 0.5297868041992188, 0.5234853059768677, 0.5174799562931061, 0.5116995607376099, 0.5061303037643433, 0.5007469485282898, 0.4955814420223236, 0.4906246686935425, 0.4858019961357117, 0.48117083263397215, 0.4767116485118866, 0.47236487526893617, 0.46812760181427004, 0.4640162320137024, 0.4600044649600983, 0.4561338854789734, 0.4523828947544098, 0.44875442280769345, 0.4452377826213837, 0.4417962019443512, 0.43840013132095335, 0.4350823945045471, 0.43184705939292906, 0.42869822616577147, 0.42563182468414307, 0.42261926651000975, 0.41968481221199033, 0.41680206127166747, 0.4140121519565582, 0.41130240902900694, 0.4086336839199066, 0.4060353708744049, 0.4034921248435974, 0.40100108389854433, 0.398562122964859, 0.39618412122726443, 0.3938207890510559, 0.39150863714218137, 0.3892371893882752, 0.3870169445991516, 0.38485400795936586, 0.38271191210746763, 0.38061545877456665, 0.37855431876182555, 0.3765234709262848, 0.37452989382743834, 0.372574240732193], "centralserverround": [0, 1, 2, 3, 4, 5, 6, 7, 8, 9, 10, 11, 12, 13, 14, 15, 16, 17, 18, 19, 20, 21, 22, 23, 24, 25, 26, 27, 28, 29, 30, 31, 32, 33, 34, 35, 36, 37, 38, 39, 40, 41, 42, 43, 44, 45, 46, 47, 48, 49, 50, 51, 52, 53, 54, 55, 56, 57, 58, 59, 60, 61, 62, 63, 64, 65, 66, 67, 68, 69, 70, 71, 72, 73, 74, 75, 76, 77, 78, 79, 80, 81, 82, 83, 84, 85, 86, 87, 88, 89, 90, 91, 92, 93, 94, 95, 96, 97, 98, 99, 100], "clustertimepast": [[], [], [], [], [], [], [], [], [], []], "clusteraccuracy": [[], [], [], [], [], [], [], [], [], []], "clusterloss": [[], [], [], [], [], [], [], [], [], []], "clusterround": [[], [], [], [], [], [], [], [], [], []]}