{"centralservertimepast": [0, 1600, 3200, 4800, 6400, 8000, 9600, 11200, 12800, 14400, 16000, 17600, 19200, 20800, 22400, 24000, 25600, 27200, 28800, 30400, 32000, 33600, 35200, 36800, 38400, 40000, 41600, 43200, 44800, 46400, 48000, 49600, 51200, 52800, 54400, 56000, 57600, 59200, 60800, 62400, 64000, 65600, 67200, 68800, 70400, 72000, 73600, 75200, 76800, 78400, 80000, 81600, 83200, 84800, 86400, 88000, 89600, 91200, 92800, 94400, 96000, 97600, 99200, 100800, 102400, 104000, 105600, 107200, 108800, 110400, 112000, 113600, 115200, 116800, 118400, 120000, 121600, 123200, 124800, 126400, 128000, 129600, 131200, 132800, 134400, 136000, 137600, 139200, 140800, 142400, 144000, 145600, 147200, 148800, 150400, 152000, 153600, 155200, 156800, 158400, 160000], "centralserveraccuracy": [0.1191, 0.1194, 0.094, 0.0925, 0.0942, 0.1035, 0.1488, 0.2269, 0.3154, 0.399, 0.4674, 0.5196, 0.551, 0.5794, 0.6078, 0.6298, 0.6467, 0.6608, 0.673, 0.6823, 0.6918, 0.7005, 0.7095, 0.7198, 0.7269, 0.7334, 0.7396, 0.7463, 0.7516, 0.7563, 0.7621, 0.7675, 0.7718, 0.7756, 0.7794, 0.7831, 0.7866, 0.7897, 0.7931, 0.7965, 0.8001, 0.8036, 0.8059, 0.8073, 0.8089, 0.8119, 0.8147, 0.8165, 0.8181, 0.8196, 0.8219, 0.8238, 0.8254, 0.8263, 0.8283, 0.8294, 0.831, 0.8332, 0.8353, 0.8372, 0.8389, 0.8407, 0.8427, 0.8441, 0.8453, 0.8476, 0.8482, 0.8495, 0.8508, 0.8519, 0.8532, 0.8545, 0.8559, 0.8576, 0.8584, 0.8592, 0.861, 0.8619, 0.8639, 0.8652, 0.866, 0.8669, 0.8675, 0.8688, 0.8698, 0.8708, 0.8718, 0.8724, 0.8735, 0.8743, 0.8746, 0.8748, 0.8758, 0.8767, 0.8772, 0.8784, 0.8788, 0.8797, 0.8799, 0.8811, 0.882], "centralserverloss": [2.3048230407714843, 2.308292142486572, 2.29550846786499, 2.278755853652954, 2.2567811183929445, 2.231339987182617, 2.2042632987976076, 2.1756931575775145, 2.145200496292114, 2.112299609375, 2.0766375198364257, 2.037783473587036, 1.995266347503662, 1.9486364236831666, 1.898051797103882, 1.8440777269363404, 1.7869323528289796, 1.726882943725586, 1.6643296367645264, 1.59983837184906, 1.534048003578186, 1.4677248750686644, 1.4016489070892335, 1.336578017616272, 1.2732315202713014, 1.2122502862930298, 1.1541335418701173, 1.0992735823631286, 1.0479624151229858, 1.0003127804756164, 0.9563769505500793, 0.916029716014862, 0.8792198824882508, 0.845701599407196, 0.8152296336174011, 0.7875678775787354, 0.7624600138664246, 0.7396899892807007, 0.7190649428367615, 0.7002707190513611, 0.6831615203857422, 0.6674710960388184, 0.6531569110870361, 0.639990466594696, 0.627795657491684, 0.6165106472969055, 0.6059995155334472, 0.5962178534030914, 0.5870625868797302, 0.5785027024269104, 0.5704637848377228, 0.562820087146759, 0.5555377193450928, 0.5485524760723114, 0.5419282191753387, 0.5355839609146118, 0.5295173745632171, 0.5236482998847961, 0.5180503811359406, 0.5126829177856446, 0.5074562742233276, 0.5023888728618622, 0.49748638076782226, 0.4927768457889557, 0.4881804225921631, 0.48369370470046996, 0.47927534289360046, 0.4750167022228241, 0.4707993417263031, 0.46671480059623716, 0.46273398656845094, 0.4588765091896057, 0.45512289657592775, 0.4514536678791046, 0.4479130612850189, 0.4444291178226471, 0.44107592630386355, 0.43781573939323426, 0.4345779692173004, 0.43142277569770815, 0.4283483226299286, 0.4252914469242096, 0.4223193066120148, 0.4193847864627838, 0.41649924550056455, 0.41368289575576783, 0.4109047462463379, 0.4081801906585693, 0.4054946304321289, 0.40286067752838134, 0.40030712213516234, 0.3978024013996124, 0.39531873106956483, 0.39288400344848634, 0.3904726706981659, 0.3880906137943268, 0.3857793755531311, 0.3834856417179108, 0.38123775391578674, 0.3790314486026764, 0.3768404437541962], "centralserverround": [0, 1, 2, 3, 4, 5, 6, 7, 8, 9, 10, 11, 12, 13, 14, 15, 16, 17, 18, 19, 20, 21, 22, 23, 24, 25, 26, 27, 28, 29, 30, 31, 32, 33, 34, 35, 36, 37, 38, 39, 40, 41, 42, 43, 44, 45, 46, 47, 48, 49, 50, 51, 52, 53, 54, 55, 56, 57, 58, 59, 60, 61, 62, 63, 64, 65, 66, 67, 68, 69, 70, 71, 72, 73, 74, 75, 76, 77, 78, 79, 80, 81, 82, 83, 84, 85, 86, 87, 88, 89, 90, 91, 92, 93, 94, 95, 96, 97, 98, 99, 100], "clustertimepast": [[], [], [], [], [], [], [], [], [], []], "clusteraccuracy": [[], [], [], [], [], [], [], [], [], []], "clusterloss": [[], [], [], [], [], [], [], [], [], []], "clusterround": [[], [], [], [], [], [], [], [], [], []]}