{"centralservertimepast": [0, 23600, 47200, 70800, 94400, 118000, 141600, 165200, 188800, 212400, 236000, 259600, 283200, 306800, 330400, 354000, 377600, 401200, 424800, 448400, 472000, 495600, 519200, 542800, 566400, 590000, 613600, 637200, 660800, 684400, 708000, 731600, 755200, 778800, 802400, 826000, 849600, 873200, 896800, 920400, 944000, 967600, 991200, 1014800, 1038400, 1062000, 1085600, 1109200, 1132800, 1156400, 1180000, 1203600, 1227200, 1250800, 1274400, 1298000, 1321600, 1345200, 1368800, 1392400, 1416000, 1439600, 1463200, 1486800, 1510400, 1534000, 1557600, 1581200, 1604800, 1628400, 1652000, 1675600, 1699200, 1722800, 1746400, 1770000, 1793600, 1817200, 1840800, 1864400, 1888000, 1911600, 1935200, 1958800, 1982400, 2006000, 2029600, 2053200, 2076800, 2100400, 2124000, 2147600, 2171200, 2194800, 2218400, 2242000, 2265600, 2289200, 2312800, 2336400, 2360000], "centralserveraccuracy": [0.092, 0.101, 0.3298, 0.4279, 0.5323, 0.6257, 0.6977, 0.7374, 0.7602, 0.7688, 0.7836, 0.7885, 0.7957, 0.7987, 0.7996, 0.8033, 0.8055, 0.8067, 0.8065, 0.8082, 0.8104, 0.8108, 0.8116, 0.8124, 0.8156, 0.8144, 0.8167, 0.8159, 0.8172, 0.8172, 0.8183, 0.8189, 0.8192, 0.8193, 0.8191, 0.8205, 0.8219, 0.8231, 0.823, 0.8233, 0.8245, 0.8243, 0.8247, 0.8269, 0.8274, 0.8282, 0.8291, 0.8293, 0.83, 0.8306, 0.8311, 0.8319, 0.832, 0.8329, 0.8329, 0.8333, 0.8337, 0.8343, 0.8346, 0.8352, 0.8357, 0.8363, 0.8364, 0.8366, 0.8375, 0.8377, 0.8386, 0.8388, 0.8396, 0.8396, 0.8404, 0.8404, 0.8409, 0.841, 0.8413, 0.8416, 0.8418, 0.8421, 0.8425, 0.8429, 0.8432, 0.8437, 0.8439, 0.8447, 0.8447, 0.8451, 0.8454, 0.8455, 0.8457, 0.8465, 0.8471, 0.8474, 0.848, 0.8481, 0.8485, 0.8487, 0.8493, 0.8492, 0.85, 0.851, 0.8509], "centralserverloss": [2.3050148765563967, 2.2672811195373535, 2.14666962928772, 1.7984192134857178, 1.371022381401062, 1.0667888586997987, 0.8797094027042389, 0.7827230368614196, 0.7252085653305054, 0.7067604758024215, 0.6841040216207505, 0.6807992621660233, 0.6768637478113174, 0.6804171849012375, 0.6828870765805245, 0.6867279427886009, 0.6912134070158005, 0.696149844443798, 0.7032053188800812, 0.70475056848526, 0.7071268726348877, 0.7101913729608059, 0.7125989706218243, 0.7133798429906368, 0.7141647720634937, 0.7163758478462696, 0.7157140074431896, 0.7175807382106781, 0.7180371537387371, 0.718865163719654, 0.7188259806752205, 0.7188747948408127, 0.7198826272666454, 0.7192489678025246, 0.7193326028466225, 0.7180058122634888, 0.7177357464551926, 0.7143957774043084, 0.714259030753374, 0.7129607031226158, 0.711805579790473, 0.7111638508677482, 0.709673471263051, 0.7049014246374369, 0.7048692837238312, 0.7029614865005016, 0.701705552521348, 0.7008737251698971, 0.6996771152049303, 0.6983318767488003, 0.697082517901063, 0.6957424210399389, 0.694451555147767, 0.6934404101848602, 0.691560664871335, 0.6901912227541208, 0.6885798740237952, 0.6873733782202005, 0.6858487004607916, 0.684837894821167, 0.6837266702026129, 0.6829878378033638, 0.6814321066498756, 0.681201437625289, 0.6794613110780716, 0.6791806624889374, 0.6778403714925051, 0.6771721827656031, 0.6760288344860077, 0.6752615638941526, 0.6741611731708049, 0.673331143784523, 0.6724469264268875, 0.6712132549852132, 0.6703346626907587, 0.6692830532222986, 0.6682093465983867, 0.6675193806171418, 0.6657975817501545, 0.6652301886558533, 0.6636258097827434, 0.663025913143158, 0.6617689505696297, 0.660525011652708, 0.6598704758495092, 0.6583627483278512, 0.6568740848004818, 0.6559220526009798, 0.6543796526461839, 0.653352429562807, 0.6524958439558745, 0.6514478684186935, 0.6497694218277931, 0.6495390232980252, 0.648337932625413, 0.6468906024307013, 0.6463839785277844, 0.645064864179492, 0.6440408719927072, 0.642457148399949, 0.6423146288543939], "centralserverround": [0, 1, 2, 3, 4, 5, 6, 7, 8, 9, 10, 11, 12, 13, 14, 15, 16, 17, 18, 19, 20, 21, 22, 23, 24, 25, 26, 27, 28, 29, 30, 31, 32, 33, 34, 35, 36, 37, 38, 39, 40, 41, 42, 43, 44, 45, 46, 47, 48, 49, 50, 51, 52, 53, 54, 55, 56, 57, 58, 59, 60, 61, 62, 63, 64, 65, 66, 67, 68, 69, 70, 71, 72, 73, 74, 75, 76, 77, 78, 79, 80, 81, 82, 83, 84, 85, 86, 87, 88, 89, 90, 91, 92, 93, 94, 95, 96, 97, 98, 99, 100]}