{"centralservertimepast": [0, 12200, 24400, 44100, 63800, 77500, 97200, 109400, 121600, 141300, 155000, 174700, 194400, 206600, 226300, 246000, 259700, 269400, 283100, 295300, 315000, 334700, 354400, 374100, 393800, 407500, 421200, 434900, 454600, 468300, 480500, 500200, 513900, 527600, 539800, 559500, 579200, 592900, 612600, 626300, 646000, 665700, 679400, 699100, 718800, 732500, 752200, 764400, 784100, 797800, 810000, 829700, 843400, 863100, 882800, 896500, 916200, 929900, 942100, 961800, 981500, 1001200, 1014900, 1034600, 1054300, 1066500, 1078700, 1098400, 1118100, 1137800, 1157500, 1177200, 1190900, 1210600, 1224300, 1238000, 1251700, 1265400, 1279100, 1291300, 1311000, 1324700, 1336900, 1349100, 1361300, 1381000, 1400700, 1420400, 1440100, 1453800, 1473500, 1493200, 1512900, 1525100, 1537300, 1557000, 1570700, 1590400, 1600100, 1613800, 1623500], "centralserveraccuracy": [0.0888, 0.098, 0.0983, 0.1028, 0.098, 0.1135, 0.1014, 0.1032, 0.1028, 0.1794, 0.0958, 0.101, 0.1135, 0.0974, 0.1009, 0.1446, 0.0922, 0.0982, 0.1135, 0.0975, 0.1387, 0.156, 0.0974, 0.1562, 0.1131, 0.1059, 0.0958, 0.1135, 0.0982, 0.2151, 0.0982, 0.1145, 0.1243, 0.1818, 0.098, 0.1615, 0.101, 0.0982, 0.1012, 0.197, 0.2477, 0.2083, 0.1061, 0.1644, 0.101, 0.1104, 0.1152, 0.0959, 0.187, 0.1958, 0.098, 0.1373, 0.1802, 0.1467, 0.101, 0.098, 0.0958, 0.0982, 0.1401, 0.1141, 0.1066, 0.2171, 0.3127, 0.2136, 0.101, 0.0975, 0.193, 0.3422, 0.2335, 0.1974, 0.2099, 0.1491, 0.1189, 0.1229, 0.1627, 0.3155, 0.1789, 0.2988, 0.0982, 0.098, 0.2203, 0.098, 0.0958, 0.1601, 0.0934, 0.1966, 0.2714, 0.1018, 0.2951, 0.1467, 0.2309, 0.1015, 0.1658, 0.1212, 0.2405, 0.1091, 0.0984, 0.3981, 0.113, 0.2302, 0.2535], "centralserverloss": [2.306234350967407, 3.129113460922241, 3.232412480926514, 2.789277332687378, 2.7001061084747313, 2.8726830459594725, 2.5115856479644774, 2.812332417678833, 3.036930274581909, 2.4589331272125245, 2.7474394149780275, 3.2424676567077637, 2.9106847927093504, 3.292852625274658, 2.8400982940673827, 2.6984489334106447, 2.520955485916138, 2.8407406951904295, 2.8350173149108886, 3.0172758106231687, 3.104172597885132, 2.5761840717315674, 2.864730507659912, 2.6768548431396484, 2.5989379417419434, 2.5820995254516603, 2.531257162094116, 3.085105308532715, 2.931742450714111, 2.4717464401245115, 2.7599515090942384, 2.4286278270721438, 2.9410827976226805, 2.509848779678345, 3.1634210762023924, 3.3091940158843993, 2.7545857444763184, 2.720270112991333, 2.3941198062896727, 2.3271791763305663, 2.4190700550079347, 2.523511172103882, 2.431131990814209, 3.2818132858276368, 4.998137467193604, 3.1429628620147705, 2.702117457580566, 2.933381234741211, 2.4970410854339598, 2.6147023021697997, 3.077674482727051, 2.1511944816589357, 2.6937155136108397, 2.388779409790039, 4.186491524505615, 2.7329006801605225, 2.7811502285003664, 3.2892513175964355, 3.529499530029297, 2.809948125076294, 2.477418755722046, 2.40192751159668, 2.132592209625244, 2.2760101871490477, 3.1327613220214845, 3.2108549419403074, 2.6582886390686036, 2.298807108306885, 2.3231354484558104, 2.340019521713257, 2.2001414039611817, 2.5605230842590334, 2.5773252460479736, 2.479687526702881, 2.1743263271331785, 2.1853386199951172, 2.859329987335205, 2.427498207092285, 3.108024423980713, 2.9432290859222414, 2.265078821182251, 2.925182573699951, 2.5970712459564207, 2.453363858413696, 2.3661209911346437, 2.2744299034118654, 2.257742116546631, 2.6751120304107667, 2.413162062072754, 3.064895066833496, 2.4815868675231934, 2.8548055381774904, 2.291635762786865, 2.4891574981689453, 2.1772086544036866, 2.568568696975708, 2.6766633670806885, 2.015278809738159, 2.68974889831543, 2.1098048515319823, 2.08750813331604], "centralserverround": [0, 1, 2, 3, 4, 5, 6, 7, 8, 9, 10, 11, 12, 13, 14, 15, 16, 17, 18, 19, 20, 21, 22, 23, 24, 25, 26, 27, 28, 29, 30, 31, 32, 33, 34, 35, 36, 37, 38, 39, 40, 41, 42, 43, 44, 45, 46, 47, 48, 49, 50, 51, 52, 53, 54, 55, 56, 57, 58, 59, 60, 61, 62, 63, 64, 65, 66, 67, 68, 69, 70, 71, 72, 73, 74, 75, 76, 77, 78, 79, 80, 81, 82, 83, 84, 85, 86, 87, 88, 89, 90, 91, 92, 93, 94, 95, 96, 97, 98, 99, 100]}