{"centralservertimepast": [0, 2300, 4600, 6900, 9200, 11500, 13800, 16100, 18400, 20700, 23000, 25300, 27600, 29900, 32200, 34500, 36800, 39100, 41400, 43700, 46000, 48300, 50600, 52900, 55200, 57500, 59800, 62100, 64400, 66700, 69000, 71300, 73600, 75900, 78200, 80500, 82800, 85100, 87400, 89700, 92000, 94300, 96600, 98900, 101200, 103500, 105800, 108100, 110400, 112700, 115000], "centralserveraccuracy": [0.0886, 0.362, 0.3924, 0.4228, 0.4502, 0.4766, 0.4972, 0.5181, 0.5299, 0.545, 0.5623, 0.5703, 0.5847, 0.5941, 0.6006, 0.6107, 0.6151, 0.6207, 0.6268, 0.6329, 0.6341, 0.6389, 0.6395, 0.642, 0.6462, 0.6481, 0.65, 0.6521, 0.6552, 0.6556, 0.6578, 0.6612, 0.6614, 0.6628, 0.6637, 0.6628, 0.6649, 0.6645, 0.6643, 0.6655, 0.6655, 0.6662, 0.6672, 0.6681, 0.6687, 0.6692, 0.6696, 0.6694, 0.6687, 0.669, 0.67], "centralserverloss": [2.3058451583862305, 1.8773851552963257, 1.7461890892028809, 1.6429431365966798, 1.552781143760681, 1.4760092796325683, 1.4156449935913087, 1.3634620388031007, 1.32138597240448, 1.2848843828201293, 1.2429410915374757, 1.2188639894485473, 1.186591397190094, 1.1650995057106017, 1.14600406665802, 1.1335588441848754, 1.128698598766327, 1.1240607797622681, 1.1262250007629395, 1.1253150840759278, 1.130589729309082, 1.1358830423355102, 1.1441568881988526, 1.1541029317855835, 1.1617002029418946, 1.170630037879944, 1.1814055959701537, 1.1871321992874146, 1.1947637157440185, 1.2030788982391358, 1.210736705970764, 1.2182911571502686, 1.225529740715027, 1.232551034927368, 1.2381484294891358, 1.242773254585266, 1.2482021532058716, 1.2559754179000855, 1.2641285106658935, 1.2706328742980957, 1.2766466989517211, 1.2814069272994995, 1.2852660003662109, 1.2915541814804077, 1.2984067483901978, 1.3055557914733886, 1.313077043914795, 1.3186261676788331, 1.324826420021057, 1.3322864280700684, 1.338192607498169], "centralserverround": [0, 1, 2, 3, 4, 5, 6, 7, 8, 9, 10, 11, 12, 13, 14, 15, 16, 17, 18, 19, 20, 21, 22, 23, 24, 25, 26, 27, 28, 29, 30, 31, 32, 33, 34, 35, 36, 37, 38, 39, 40, 41, 42, 43, 44, 45, 46, 47, 48, 49, 50], "clustertimepast": [[], [], [], [], []], "clusteraccuracy": [[], [], [], [], []], "clusterloss": [[], [], [], [], []], "clusterround": [[], [], [], [], []]}