{"centralservertimepast": [0, 1600, 3200, 4800, 6400, 8000, 9600, 11200, 12800, 14400, 16000, 17600, 19200, 20800, 22400, 24000, 25600, 27200, 28800, 30400, 32000, 33600, 35200, 36800, 38400, 40000, 41600, 43200, 44800, 46400, 48000, 49600, 51200, 52800, 54400, 56000, 57600, 59200, 60800, 62400, 64000, 65600, 67200, 68800, 70400, 72000, 73600, 75200, 76800, 78400, 80000, 81600, 83200, 84800, 86400, 88000, 89600, 91200, 92800, 94400, 96000, 97600, 99200, 100800, 102400, 104000, 105600, 107200, 108800, 110400, 112000, 113600, 115200, 116800, 118400, 120000, 121600, 123200, 124800, 126400, 128000, 129600, 131200, 132800, 134400, 136000, 137600, 139200, 140800, 142400, 144000, 145600, 147200, 148800, 150400, 152000, 153600, 155200, 156800, 158400, 160000], "centralserveraccuracy": [0.1191, 0.1008, 0.4338, 0.5735, 0.6332, 0.6603, 0.6906, 0.7258, 0.7524, 0.7739, 0.7903, 0.8043, 0.8143, 0.8227, 0.8289, 0.8364, 0.8425, 0.8484, 0.8535, 0.8583, 0.8618, 0.8656, 0.8691, 0.8726, 0.8761, 0.8784, 0.8807, 0.8824, 0.8846, 0.8864, 0.8887, 0.8903, 0.8927, 0.8942, 0.896, 0.8972, 0.8987, 0.8998, 0.9009, 0.902, 0.9032, 0.9043, 0.9051, 0.9064, 0.9081, 0.9093, 0.9109, 0.9129, 0.9138, 0.9153, 0.9161, 0.9171, 0.9176, 0.9188, 0.9199, 0.9205, 0.9215, 0.9222, 0.9231, 0.9239, 0.9247, 0.9257, 0.9264, 0.9271, 0.9278, 0.9289, 0.9301, 0.9305, 0.9309, 0.9314, 0.9319, 0.9322, 0.9329, 0.9332, 0.9336, 0.9339, 0.9346, 0.9349, 0.9357, 0.9362, 0.9368, 0.9371, 0.9379, 0.9385, 0.9387, 0.9391, 0.9395, 0.9399, 0.9401, 0.9404, 0.9408, 0.9413, 0.9416, 0.9423, 0.9428, 0.9434, 0.9437, 0.9445, 0.9449, 0.9453, 0.946], "centralserverloss": [2.3048230407714843, 2.285097019577026, 2.1762730163574218, 2.04839022026062, 1.872814267539978, 1.6436334037780762, 1.3867240447998046, 1.1483107299804687, 0.9581551403045654, 0.820724084186554, 0.7253496792793274, 0.6599147791862487, 0.6128531692504883, 0.5770436462402344, 0.5484956411361694, 0.5246194118499756, 0.5039762800216675, 0.485708408164978, 0.46927215356826785, 0.4545215847015381, 0.44115866050720215, 0.42878364090919496, 0.4175165853500366, 0.4072008445739746, 0.3974104898452759, 0.38827441244125366, 0.3799131244659424, 0.372206773853302, 0.3648002200603485, 0.3578919101715088, 0.35136235032081603, 0.34513141520023344, 0.33926728789806365, 0.33368869144916535, 0.3282755393505096, 0.32308361473083497, 0.3181401272773743, 0.3134213737010956, 0.30884880323410036, 0.3044446140766144, 0.3001758283138275, 0.29597902581691743, 0.29192855134010315, 0.28802299065589904, 0.2842673712015152, 0.28053412954807283, 0.2768358114242554, 0.27320062361955644, 0.26971923345327375, 0.2664813462018967, 0.26326002316474917, 0.2599426591992378, 0.256800313770771, 0.25366830525398254, 0.2506467471122742, 0.24770208662748336, 0.24483114947080611, 0.242093405687809, 0.23945482437610627, 0.2368160273909569, 0.23427606443166732, 0.23179492379426955, 0.22946580533981323, 0.2270703181505203, 0.2249148784995079, 0.2227383517384529, 0.2205450358450413, 0.21850310532450676, 0.21651389201283455, 0.21446969962120055, 0.21246875348091127, 0.2105379109621048, 0.20860803791880608, 0.20664425179958343, 0.20479869245886803, 0.20300423099398612, 0.20126992646455766, 0.19961105157732964, 0.19793762201070786, 0.1962448046565056, 0.19460912144184112, 0.19302621446847915, 0.19145640954971313, 0.1899775456726551, 0.18845504866540433, 0.18702604798078537, 0.18559011330604552, 0.18419491296112536, 0.18281074249148369, 0.18145943493247033, 0.18013881736695767, 0.17886652389466762, 0.17763437596261503, 0.17638059452176094, 0.17513105875551702, 0.17392620253562927, 0.17275784201025962, 0.17165281704068183, 0.1705420530796051, 0.169462611207366, 0.16843477902114393], "centralserverround": [0, 1, 2, 3, 4, 5, 6, 7, 8, 9, 10, 11, 12, 13, 14, 15, 16, 17, 18, 19, 20, 21, 22, 23, 24, 25, 26, 27, 28, 29, 30, 31, 32, 33, 34, 35, 36, 37, 38, 39, 40, 41, 42, 43, 44, 45, 46, 47, 48, 49, 50, 51, 52, 53, 54, 55, 56, 57, 58, 59, 60, 61, 62, 63, 64, 65, 66, 67, 68, 69, 70, 71, 72, 73, 74, 75, 76, 77, 78, 79, 80, 81, 82, 83, 84, 85, 86, 87, 88, 89, 90, 91, 92, 93, 94, 95, 96, 97, 98, 99, 100], "clustertimepast": [[], [], [], [], [], [], [], [], [], []], "clusteraccuracy": [[], [], [], [], [], [], [], [], [], []], "clusterloss": [[], [], [], [], [], [], [], [], [], []], "clusterround": [[], [], [], [], [], [], [], [], [], []]}