{"centralservertimepast": [0, 1820, 3640, 5460, 7280, 9100, 10920, 12740, 14560, 16380, 18200, 20020, 21840, 23660, 25480, 27300, 29120, 30940, 32760, 34580, 36400, 38220, 40040, 41860, 43680, 45500, 47320, 49140, 50960, 52780, 54600, 56420, 58240, 60060, 61880, 63700, 65520, 67340, 69160, 70980, 72800, 74620, 76440, 78260, 80080, 81900, 83720, 85540, 87360, 89180, 91000, 92820, 94640, 96460, 98280, 100100, 101920, 103740, 105560, 107380, 109200, 111020, 112840, 114660, 116480, 118300, 120120, 121940, 123760, 125580, 127400, 129220, 131040, 132860, 134680, 136500, 138320, 140140, 141960, 143780, 145600, 147420, 149240, 151060, 152880, 154700, 156520, 158340, 160160, 161980, 163800, 165620, 167440, 169260, 171080, 172900, 174720, 176540, 178360, 180180, 182000], "centralserveraccuracy": [0.092, 0.101, 0.101, 0.101, 0.101, 0.1009, 0.1852, 0.2518, 0.247, 0.2447, 0.2464, 0.25, 0.2545, 0.2591, 0.266, 0.2736, 0.281, 0.2905, 0.3017, 0.3125, 0.3229, 0.3341, 0.3429, 0.3528, 0.3618, 0.3728, 0.382, 0.3904, 0.3972, 0.4058, 0.4146, 0.4246, 0.4321, 0.4377, 0.4431, 0.4487, 0.454, 0.4577, 0.4633, 0.4687, 0.4733, 0.4791, 0.4834, 0.4862, 0.4896, 0.4936, 0.497, 0.5003, 0.5039, 0.506, 0.5083, 0.5111, 0.5143, 0.5172, 0.5204, 0.5236, 0.5273, 0.5298, 0.5315, 0.5329, 0.5357, 0.5383, 0.5416, 0.5437, 0.5465, 0.5499, 0.5515, 0.5549, 0.5569, 0.5597, 0.5614, 0.5639, 0.5668, 0.5694, 0.5713, 0.5741, 0.5762, 0.5789, 0.5824, 0.5853, 0.5874, 0.5906, 0.5929, 0.5947, 0.5978, 0.5996, 0.602, 0.6039, 0.6068, 0.6101, 0.6126, 0.6154, 0.6185, 0.6215, 0.6246, 0.6266, 0.6303, 0.6332, 0.6361, 0.6389, 0.6409], "centralserverloss": [2.3050148765563967, 2.2986409198760986, 2.320627207183838, 2.339038104248047, 2.3052929599761964, 2.2726514892578127, 2.255326653289795, 2.245043335723877, 2.2366573932647706, 2.2291060653686525, 2.2221640769958495, 2.215667279434204, 2.2094639324188234, 2.2034391578674315, 2.1975521919250487, 2.191736706161499, 2.185970812225342, 2.1802236003875732, 2.174499942398071, 2.168753102874756, 2.1630047775268553, 2.1572303688049317, 2.151424375915527, 2.145575551223755, 2.139683767700195, 2.133748825454712, 2.1277634830474854, 2.121714316177368, 2.115602777481079, 2.1094263954162598, 2.103180322647095, 2.096867260360718, 2.090477422332764, 2.084016839981079, 2.0774734981536866, 2.070842316055298, 2.064133129501343, 2.057338906478882, 2.0504557487487793, 2.043483419418335, 2.0364182949066163, 2.0292593519210818, 2.022006308555603, 2.014654210662842, 2.007200862121582, 1.9996467733383179, 1.9919982175827027, 1.984250775909424, 1.9764016862869263, 1.9684447145462036, 1.9603856727600097, 1.9522174640655519, 1.9439438978195192, 1.935567512512207, 1.927085652923584, 1.9184989574432374, 1.9098101022720337, 1.901001787185669, 1.8921031049728394, 1.8830852005004883, 1.8739530027389526, 1.8647196884155273, 1.8553827913284302, 1.8459415462493896, 1.8364075771331787, 1.8267805158615111, 1.8170616176605225, 1.80724887008667, 1.797343789291382, 1.787354395866394, 1.7772802171707154, 1.767118408203125, 1.7568764389038085, 1.7465510988235473, 1.7361449068069459, 1.7256763278961182, 1.7151106918334962, 1.704504970550537, 1.6938345933914185, 1.6831106021881104, 1.6723331480026244, 1.6614976579666139, 1.650610549736023, 1.6396739778518676, 1.6286875877380371, 1.6176640798568727, 1.6066030433654785, 1.5955013395309448, 1.5843608980178834, 1.5731958656311036, 1.5620098722457885, 1.550766590499878, 1.5395373331069946, 1.5283061834335328, 1.5170625461578369, 1.505825385093689, 1.4945580543518067, 1.4832881620407103, 1.4720465673446654, 1.4608136819839477, 1.4495963148117066], "centralserverround": [0, 1, 2, 3, 4, 5, 6, 7, 8, 9, 10, 11, 12, 13, 14, 15, 16, 17, 18, 19, 20, 21, 22, 23, 24, 25, 26, 27, 28, 29, 30, 31, 32, 33, 34, 35, 36, 37, 38, 39, 40, 41, 42, 43, 44, 45, 46, 47, 48, 49, 50, 51, 52, 53, 54, 55, 56, 57, 58, 59, 60, 61, 62, 63, 64, 65, 66, 67, 68, 69, 70, 71, 72, 73, 74, 75, 76, 77, 78, 79, 80, 81, 82, 83, 84, 85, 86, 87, 88, 89, 90, 91, 92, 93, 94, 95, 96, 97, 98, 99, 100]}