{"centralservertimepast": [0, 110200, 210400, 320600, 420800, 531000, 641200, 751400, 851600, 951800, 1062000, 1162200, 1272400, 1372600, 1472800, 1573000, 1683200, 1793400, 1903600, 2013800, 2109000, 2209200, 2319400, 2429600, 2529800, 2630000, 2740200, 2850400, 2960600, 3070800, 3181000, 3276200, 3386400, 3496600, 3606800, 3717000, 3827200, 3937400, 4047600, 4157800, 4268000, 4378200, 4478400, 4588600, 4688800, 4799000, 4909200, 5019400, 5129600, 5229800, 5340000, 5440200, 5550400, 5660600, 5760800, 5871000, 5981200, 6091400, 6201600, 6311800, 6412000, 6522200, 6632400, 6742600, 6852800, 6963000, 7063200, 7173400, 7283600, 7393800, 7504000, 7614200, 7724400, 7834600, 7944800, 8055000, 8165200, 8275400, 8385600, 8485800, 8596000, 8706200, 8816400, 8926600, 9026800, 9137000, 9247200, 9357400, 9467600, 9577800, 9688000, 9788200, 9898400, 10008600, 10118800, 10219000, 10329200, 10439400, 10539600, 10649800, 10760000], "centralserveraccuracy": [0.1055, 0.101, 0.1016, 0.1687, 0.1588, 0.2656, 0.3247, 0.4317, 0.4649, 0.4191, 0.5893, 0.5745, 0.7312, 0.7307, 0.5835, 0.6052, 0.6331, 0.6964, 0.7224, 0.7706, 0.7766, 0.7176, 0.7504, 0.7905, 0.813, 0.7947, 0.7502, 0.7154, 0.7809, 0.8165, 0.8138, 0.791, 0.8422, 0.8388, 0.8006, 0.8514, 0.8326, 0.8109, 0.8312, 0.8489, 0.8441, 0.8335, 0.7914, 0.8497, 0.8632, 0.8429, 0.8065, 0.8228, 0.8562, 0.8389, 0.8701, 0.8352, 0.869, 0.8503, 0.8474, 0.8511, 0.8321, 0.8376, 0.8722, 0.8445, 0.868, 0.8675, 0.8556, 0.8445, 0.8753, 0.8665, 0.8104, 0.8362, 0.8634, 0.8661, 0.8807, 0.8478, 0.8466, 0.8699, 0.8747, 0.8821, 0.8886, 0.8689, 0.8796, 0.871, 0.8787, 0.8619, 0.8661, 0.8588, 0.8827, 0.8774, 0.8839, 0.8643, 0.8905, 0.893, 0.8726, 0.8128, 0.8148, 0.7945, 0.868, 0.872, 0.885, 0.8827, 0.8788, 0.8645, 0.8868], "centralserverloss": [2.307051040649414, 2.3946125049591065, 2.2914902866363525, 2.232606184387207, 2.2548957340240476, 1.9531031036376953, 1.8066173706054687, 1.6950807676315307, 1.5216599323272706, 1.6893468223571777, 1.1591990097045899, 1.2077624925613404, 0.7896995373725891, 0.8276540893554688, 1.400348115348816, 1.4496870685577392, 1.091583134841919, 0.936085180568695, 0.8302635796546936, 0.7315542177200317, 0.7497426938056946, 0.9090759446144104, 0.7642569700241089, 0.6988228160858154, 0.6110998615264892, 0.6550174880981445, 0.8862685848236084, 1.0472183143615723, 0.6924291131019592, 0.5941920930862427, 0.6052697777748108, 0.7121091641426086, 0.5515527657985687, 0.5810581432819366, 0.6780555921554565, 0.5274094621658325, 0.5950842462539673, 0.7228796060800552, 0.6262445344924926, 0.5195587044239044, 0.5682879764556885, 0.6022406596183777, 0.7459341627120971, 0.548709795665741, 0.48871920976638794, 0.5420160744190216, 0.7451980127334594, 0.6493482272148132, 0.5347580540299416, 0.5874105508804321, 0.4662867141723633, 0.5833461373329163, 0.48473849391937257, 0.5518489485740662, 0.5635775572299957, 0.5544450195789337, 0.6314227788209915, 0.6077251498699188, 0.4614883915901184, 0.5720561516284942, 0.4834712553501129, 0.4741854406833649, 0.5061122567415237, 0.5798041385173798, 0.456276731967926, 0.4944383227825165, 0.7143521401405335, 0.5875489212036132, 0.47988487749099734, 0.5030057222843171, 0.4195084557175636, 0.517626000547409, 0.5738800512313843, 0.4742827678203583, 0.4581845808744431, 0.4198323766231537, 0.4104534818649292, 0.4793047082424164, 0.43859589035511015, 0.4737728440284729, 0.44173187037706374, 0.5308281094431877, 0.49920694086551665, 0.5260393159985542, 0.4725632939815521, 0.4743708237051964, 0.44982088392972946, 0.502434041261673, 0.4059275040864945, 0.38695391086339953, 0.48382622864246366, 0.7682360718250275, 0.7989113409042359, 0.8483278894424439, 0.48718197071552277, 0.47467853858470915, 0.41649668128490447, 0.4295557838201523, 0.45350808857679364, 0.526610486370325, 0.4315541863441467], "centralserverround": [0, 1, 2, 3, 4, 5, 6, 7, 8, 9, 10, 11, 12, 13, 14, 15, 16, 17, 18, 19, 20, 21, 22, 23, 24, 25, 26, 27, 28, 29, 30, 31, 32, 33, 34, 35, 36, 37, 38, 39, 40, 41, 42, 43, 44, 45, 46, 47, 48, 49, 50, 51, 52, 53, 54, 55, 56, 57, 58, 59, 60, 61, 62, 63, 64, 65, 66, 67, 68, 69, 70, 71, 72, 73, 74, 75, 76, 77, 78, 79, 80, 81, 82, 83, 84, 85, 86, 87, 88, 89, 90, 91, 92, 93, 94, 95, 96, 97, 98, 99, 100]}