{"centralservertimepast": [0, 5200, 10400, 15600, 20800, 26000, 31200, 36400, 41600, 46800, 52000, 57200, 62400, 67600, 72800, 78000, 83200, 88400, 93600, 98800, 104000, 109200, 114400, 119600, 124800, 130000, 135200, 140400, 145600, 150800, 156000, 161200, 166400, 171600, 176800, 182000, 187200, 192400, 197600, 202800, 208000, 213200, 218400, 223600, 228800, 234000, 239200, 244400, 249600, 254800, 260000], "centralserveraccuracy": [0.0886, 0.3278, 0.3552, 0.3804, 0.4032, 0.4247, 0.4393, 0.4548, 0.4688, 0.4827, 0.4915, 0.5034, 0.517, 0.5214, 0.5271, 0.5316, 0.54, 0.5425, 0.5484, 0.5523, 0.5585, 0.5607, 0.5639, 0.566, 0.569, 0.5729, 0.5768, 0.579, 0.582, 0.5843, 0.5866, 0.589, 0.5905, 0.5913, 0.5942, 0.5954, 0.5979, 0.5986, 0.5997, 0.6005, 0.6004, 0.6023, 0.6036, 0.6042, 0.6038, 0.6053, 0.6067, 0.6068, 0.608, 0.6084, 0.6098], "centralserverloss": [2.3058451583862305, 1.9439841104507447, 1.8302853601455689, 1.7438831050872803, 1.6717292135238648, 1.6112661542892457, 1.5633919904708862, 1.5255410451889038, 1.4969764080047607, 1.4753655197143554, 1.4587323684692384, 1.4377336883544922, 1.421174161529541, 1.418515170097351, 1.4120258348464967, 1.4099069026947022, 1.4180187259674073, 1.4083147718429565, 1.4116525911331177, 1.4316579935073852, 1.4387565486907958, 1.4493858644485473, 1.4620055854797362, 1.47894958152771, 1.4918186264038087, 1.5031557712554933, 1.5130697385787963, 1.5193015705108643, 1.5246377904891968, 1.5305671966552734, 1.5342649663925172, 1.5385895893096924, 1.541679095840454, 1.5441252042770386, 1.5457754415512086, 1.550415768814087, 1.5550401525497437, 1.5614120260238646, 1.5654467584609986, 1.5667360055923463, 1.5678194723129273, 1.56868586769104, 1.571722864151001, 1.5791171186447144, 1.5836968858718872, 1.5836981216430663, 1.585287294769287, 1.592531579017639, 1.6003908641815185, 1.6074188856124878, 1.6094863752365112], "centralserverround": [0, 1, 2, 3, 4, 5, 6, 7, 8, 9, 10, 11, 12, 13, 14, 15, 16, 17, 18, 19, 20, 21, 22, 23, 24, 25, 26, 27, 28, 29, 30, 31, 32, 33, 34, 35, 36, 37, 38, 39, 40, 41, 42, 43, 44, 45, 46, 47, 48, 49, 50], "clustertimepast": [[], [], [], [], []], "clusteraccuracy": [[], [], [], [], []], "clusterloss": [[], [], [], [], []], "clusterround": [[], [], [], [], []]}