{"centralservertimepast": [0, 80600, 161200, 241800, 322400, 403000, 483600, 564200, 644800, 725400, 806000, 886600, 967200, 1047800, 1128400, 1209000, 1289600, 1370200, 1450800, 1531400, 1612000, 1692600, 1773200, 1853800, 1934400, 2015000, 2095600, 2176200, 2256800, 2337400, 2418000, 2498600, 2571200, 2651800, 2732400, 2813000, 2893600, 2974200, 3054800, 3135400, 3216000, 3296600, 3377200, 3457800, 3538400, 3619000, 3699600, 3780200, 3860800, 3941400, 4022000, 4102600, 4183200, 4263800, 4344400, 4425000, 4505600, 4586200, 4666800, 4747400, 4828000, 4908600, 4989200, 5069800, 5150400, 5231000, 5311600, 5392200, 5472800, 5553400, 5634000, 5714600, 5795200, 5875800, 5956400, 6037000, 6117600, 6198200, 6278800, 6359400, 6432000, 6512600, 6593200, 6673800, 6754400, 6835000, 6915600, 6996200, 7076800, 7157400, 7238000, 7318600, 7399200, 7479800, 7560400, 7641000, 7721600, 7802200, 7874800, 7955400, 8036000], "centralserveraccuracy": [0.1003, 0.1016, 0.1359, 0.1424, 0.1154, 0.1035, 0.1544, 0.1381, 0.1012, 0.1, 0.139, 0.1795, 0.1392, 0.1543, 0.1716, 0.1591, 0.232, 0.151, 0.2079, 0.1855, 0.2481, 0.2453, 0.201, 0.2132, 0.252, 0.2072, 0.2662, 0.1988, 0.1997, 0.2608, 0.2488, 0.2191, 0.2744, 0.2742, 0.2796, 0.2768, 0.2646, 0.2809, 0.2292, 0.3229, 0.2571, 0.2964, 0.2844, 0.3093, 0.2724, 0.3196, 0.3297, 0.2956, 0.2792, 0.3071, 0.2817, 0.305, 0.3258, 0.2979, 0.2973, 0.3256, 0.3377, 0.3499, 0.3524, 0.3155, 0.336, 0.3697, 0.3715, 0.3396, 0.3135, 0.3628, 0.2912, 0.3065, 0.3716, 0.349, 0.3661, 0.3147, 0.3785, 0.3466, 0.3533, 0.3254, 0.3327, 0.3763, 0.3563, 0.3969, 0.3639, 0.395, 0.3995, 0.4006, 0.3601, 0.4235, 0.4093, 0.3779, 0.3774, 0.3946, 0.345, 0.4143, 0.403, 0.4259, 0.4475, 0.4052, 0.415, 0.4337, 0.4305, 0.4276, 0.4041], "centralserverloss": [2.302380596923828, 2.340042795562744, 2.3598928207397463, 2.374438302230835, 2.403070705986023, 2.3826886825561524, 2.285376698684692, 2.2872275177001953, 2.4753461380004884, 2.4981881259918213, 2.3652940006256102, 2.257289621734619, 2.262107189178467, 2.3383193462371827, 2.17534100856781, 2.2280566265106203, 2.178812292480469, 2.380726884460449, 2.0945822746276854, 2.1516186269760134, 2.0500894506454466, 2.043163363647461, 2.1201398927688597, 2.1325505319595335, 2.0232374006271363, 2.101014905166626, 2.0579414657592774, 2.0781107671737673, 2.084790741729736, 1.9964876108169556, 2.0797071935653686, 2.0152705562591553, 1.9829700521469116, 1.9728182075500489, 1.946029578781128, 1.9610218112945557, 1.9984445487976075, 1.9634610120773315, 2.0635700244903563, 1.8770205892562866, 1.9949629507064819, 1.9441386171340942, 1.9708670705795288, 1.916369373703003, 1.9515646545410157, 1.872500507736206, 1.8801741636276246, 1.9537728645324708, 1.9363505891799926, 1.884025373649597, 1.9935859531402589, 1.8985606733322145, 1.8726143257141112, 1.9126981960296632, 1.918774336051941, 1.882496397972107, 1.8231158693313598, 1.8254760681152344, 1.7948893714904786, 1.866510783958435, 1.8575281101226806, 1.7570251344680785, 1.76328738117218, 1.7819245695114136, 1.881768862915039, 1.7571448764801025, 1.9261287664413451, 1.86998577003479, 1.7548133758544922, 1.7995880136489868, 1.7522733051300048, 1.8484249847412109, 1.7280005760192871, 1.775022374534607, 1.7861417709350587, 1.841938201904297, 1.8694630128860474, 1.7240536491394043, 1.7421976697921753, 1.6736477451324463, 1.758149008178711, 1.6758375291824341, 1.6663288745880127, 1.6445869087219238, 1.782472614479065, 1.6052741048812866, 1.63434867477417, 1.720185185813904, 1.7665020769119262, 1.6559522884368896, 1.7744489356994628, 1.6243287811279297, 1.6380352466583252, 1.6030419940948486, 1.5412622535705567, 1.6264077545166016, 1.6057693086624145, 1.583547281265259, 1.5745516244888305, 1.6127399318695068, 1.6552204734802247], "centralserverround": [0, 1, 2, 3, 4, 5, 6, 7, 8, 9, 10, 11, 12, 13, 14, 15, 16, 17, 18, 19, 20, 21, 22, 23, 24, 25, 26, 27, 28, 29, 30, 31, 32, 33, 34, 35, 36, 37, 38, 39, 40, 41, 42, 43, 44, 45, 46, 47, 48, 49, 50, 51, 52, 53, 54, 55, 56, 57, 58, 59, 60, 61, 62, 63, 64, 65, 66, 67, 68, 69, 70, 71, 72, 73, 74, 75, 76, 77, 78, 79, 80, 81, 82, 83, 84, 85, 86, 87, 88, 89, 90, 91, 92, 93, 94, 95, 96, 97, 98, 99, 100]}