{"centralservertimepast": [0, 12100, 24200, 36300, 48400, 60500, 72600, 84700, 96800, 108900, 121000, 133100, 145200, 157300, 169400, 181500, 193600, 205700, 217800, 229900, 242000, 254100, 266200, 278300, 290400, 302500, 314600, 326700, 338800, 350900, 363000, 375100, 387200, 399300, 411400, 423500, 435600, 447700, 459800, 471900, 484000, 496100, 508200, 520300, 532400, 544500, 556600, 568700, 580800, 592900, 605000, 617100, 629200, 641300, 653400, 665500, 677600, 689700, 701800, 713900, 726000, 738100, 750200, 762300, 774400, 786500, 798600, 810700, 822800, 834900, 847000, 859100, 871200, 883300, 895400, 907500, 919600, 931700, 943800, 955900, 968000, 980100, 992200, 1004300, 1016400, 1028500, 1040600, 1052700, 1064800, 1076900, 1089000, 1101100, 1113200, 1125300, 1137400, 1149500, 1161600, 1173700, 1185800, 1197900, 1210000], "centralserveraccuracy": [0.092, 0.2649, 0.5944, 0.7706, 0.8267, 0.8486, 0.8563, 0.8626, 0.8709, 0.8733, 0.8793, 0.8819, 0.8842, 0.8868, 0.8888, 0.8899, 0.8934, 0.8945, 0.8958, 0.8965, 0.8975, 0.8985, 0.9003, 0.9009, 0.9026, 0.9035, 0.9043, 0.9051, 0.9055, 0.9062, 0.9066, 0.9073, 0.9077, 0.9083, 0.9091, 0.9094, 0.9096, 0.9102, 0.9109, 0.9115, 0.9117, 0.9118, 0.9121, 0.9122, 0.9119, 0.9121, 0.9122, 0.9132, 0.9133, 0.9138, 0.9137, 0.9139, 0.9141, 0.9141, 0.9143, 0.9144, 0.9144, 0.9144, 0.9145, 0.9148, 0.9148, 0.9149, 0.9147, 0.9151, 0.9151, 0.9153, 0.9153, 0.9153, 0.9152, 0.9151, 0.9154, 0.9156, 0.9159, 0.9157, 0.9157, 0.9156, 0.9157, 0.9155, 0.9155, 0.9155, 0.9155, 0.9156, 0.916, 0.9157, 0.9159, 0.9162, 0.9164, 0.9164, 0.9165, 0.9167, 0.9167, 0.9168, 0.9166, 0.917, 0.9172, 0.9173, 0.9173, 0.9173, 0.9174, 0.9178, 0.9178], "centralserverloss": [2.3050148765563967, 2.2051516841888428, 1.578283713912964, 0.792667645072937, 0.5438993525981903, 0.47131266314983367, 0.4465572169303894, 0.4340588939189911, 0.42301330394744874, 0.41807724609375, 0.40882031795978546, 0.404554690694809, 0.40303049409389496, 0.40091586344242097, 0.39838437144756317, 0.39660319917201997, 0.39418695333004, 0.39312961277961733, 0.39230446845293043, 0.3901492504119873, 0.3894275189757347, 0.38904241863489153, 0.38850303770303724, 0.38829974098205566, 0.387543690097332, 0.38717349475622176, 0.38663814158439636, 0.3862159621357918, 0.38590148057937623, 0.38598073884248735, 0.3859300844728947, 0.3858989374935627, 0.3858186944663525, 0.3858861214697361, 0.3857621955692768, 0.3855695990562439, 0.3856083002060652, 0.3857251055687666, 0.3857958958685398, 0.3859085798859596, 0.3861824727386236, 0.3862865214884281, 0.3865516874790192, 0.38715353922247886, 0.387375993001461, 0.38733364598453046, 0.3875943847566843, 0.3879814225703478, 0.3885575261056423, 0.38883983047306536, 0.3904746980816126, 0.39117964628636837, 0.3915287993371487, 0.3919770782113075, 0.3924858404099941, 0.3927370918646455, 0.393302601993084, 0.39347273855656384, 0.39421943527162073, 0.39453338159769774, 0.3949790778160095, 0.39526650425344706, 0.3954035294622183, 0.39537726301401854, 0.39536880461871626, 0.3953362496837974, 0.395249927393347, 0.3952709310285747, 0.3951801473543048, 0.39533870572075247, 0.3955909998424351, 0.3956777448296547, 0.39586907125934956, 0.3960528756812215, 0.396203807143867, 0.3963538513831794, 0.3966818808734417, 0.396714029994607, 0.3965750949446112, 0.3963036374270916, 0.3961167905833572, 0.3963271142587066, 0.3960906603552401, 0.39601554938517514, 0.3958276301123202, 0.3958536369599402, 0.39575430935621264, 0.3957332687664777, 0.3954599971350282, 0.3955656017944217, 0.39559811183363197, 0.3956675140418112, 0.3959916666649282, 0.3960806141775101, 0.39628344727270304, 0.3963828367019072, 0.39658508854229, 0.39674076052512974, 0.3968950929125771, 0.3969736578265205, 0.3971371068973094], "centralserverround": [0, 1, 2, 3, 4, 5, 6, 7, 8, 9, 10, 11, 12, 13, 14, 15, 16, 17, 18, 19, 20, 21, 22, 23, 24, 25, 26, 27, 28, 29, 30, 31, 32, 33, 34, 35, 36, 37, 38, 39, 40, 41, 42, 43, 44, 45, 46, 47, 48, 49, 50, 51, 52, 53, 54, 55, 56, 57, 58, 59, 60, 61, 62, 63, 64, 65, 66, 67, 68, 69, 70, 71, 72, 73, 74, 75, 76, 77, 78, 79, 80, 81, 82, 83, 84, 85, 86, 87, 88, 89, 90, 91, 92, 93, 94, 95, 96, 97, 98, 99, 100]}