{"centralservertimepast": [0, 4800, 9600, 14400, 19200, 24000, 28800, 33600, 38400, 43200, 48000, 52800, 57600, 62400, 67200, 72000, 76800, 81600, 86400, 91200, 96000, 100800, 105600, 110400, 115200, 120000, 124800, 129600, 134400, 139200, 144000, 148800, 153600, 158400, 163200, 168000, 172800, 177600, 182400, 187200, 192000, 196800, 201600, 206400, 211200, 216000, 220800, 225600, 230400, 235200, 240000, 244800, 249600, 254400, 259200, 264000, 268800, 273600, 278400, 283200, 288000, 292800, 297600, 302400, 307200, 312000, 316800, 321600, 326400, 331200, 336000, 340800, 345600, 350400, 355200, 360000, 364800, 369600, 374400, 379200, 384000, 388800, 393600, 398400, 403200, 408000, 412800, 417600, 422400, 427200, 432000, 436800, 441600, 446400, 451200, 456000, 460800, 465600, 470400, 475200, 480000], "centralserveraccuracy": [0.0837, 0.1036, 0.1308, 0.1986, 0.2133, 0.2305, 0.2445, 0.2556, 0.2643, 0.2737, 0.2814, 0.2889, 0.2943, 0.2953, 0.2995, 0.3037, 0.3079, 0.3089, 0.3086, 0.3143, 0.3127, 0.3181, 0.3142, 0.3138, 0.3135, 0.3124, 0.3109, 0.3092, 0.3049, 0.305, 0.2997, 0.3029, 0.2972, 0.2997, 0.2999, 0.3036, 0.302, 0.3113, 0.3026, 0.3071, 0.3003, 0.2157, 0.276, 0.3142, 0.3118, 0.3126, 0.3114, 0.3118, 0.3115, 0.3101, 0.2967, 0.252, 0.2518, 0.318, 0.3117, 0.3151, 0.3138, 0.3071, 0.313, 0.3107, 0.3094, 0.3088, 0.3096, 0.3027, 0.3103, 0.3098, 0.278, 0.3041, 0.3135, 0.3139, 0.3121, 0.3086, 0.3122, 0.3067, 0.3133, 0.3154, 0.3138, 0.3114, 0.3108, 0.3107, 0.3149, 0.3106, 0.3114, 0.3144, 0.317, 0.3165, 0.3144, 0.3143, 0.3149, 0.315, 0.3112, 0.314, 0.3141, 0.3145, 0.3144, 0.3141, 0.314, 0.3135, 0.3133, 0.3119, 0.3129], "centralserverloss": [2.303652021408081, 2.2954806632995606, 2.273481643676758, 2.231712851333618, 2.1790888916015625, 2.1288892585754393, 2.091591100502014, 2.0671441553115844, 2.0521733390808103, 2.0420917736053465, 2.035632607460022, 2.032483067703247, 2.033732514953613, 2.039329793357849, 2.046600475502014, 2.0536708295822144, 2.067020687866211, 2.083925573158264, 2.1051524932861327, 2.131671038246155, 2.174398075675964, 2.2017889373779296, 2.263010177612305, 2.280595708847046, 2.356075424194336, 2.3555897174835203, 2.447450790786743, 2.447228882598877, 2.5424441535949707, 2.508324401473999, 2.6582882194519044, 2.6184074337005616, 2.7228315273284913, 2.727775750732422, 2.8179679473876953, 2.760289210891724, 2.778790704345703, 2.84781919631958, 2.922347205352783, 2.882246091079712, 2.9558505115509033, 4.236619752502442, 2.707929468917847, 2.6213243728637696, 2.8124591403961183, 2.9031996341705324, 2.99724169921875, 2.9782249282836912, 3.078447249984741, 3.1257672393798828, 3.1826896747589113, 4.472145910644532, 2.991680235671997, 2.7722238777160646, 2.841472560119629, 2.956176922225952, 3.0092309139251707, 3.0254993942260744, 3.0474118740081786, 2.949734295654297, 3.064990905380249, 3.08058210105896, 3.117836519241333, 3.036078458404541, 3.117188465881348, 3.099817429351807, 3.209862783050537, 2.872402096939087, 3.017312113189697, 3.085879792404175, 3.1197377380371094, 3.0949727001190186, 3.1814843311309815, 3.011893213272095, 3.114763916015625, 3.1658710388183593, 3.1909340366363526, 3.15322529296875, 3.2079607776641845, 3.2608535457611083, 3.277727197265625, 3.2199003063201905, 3.1663647872924803, 3.2696944595336914, 3.3032459735870363, 3.315515942764282, 3.3600237003326416, 3.385231011581421, 3.4071161808013914, 3.427846844100952, 3.388839182662964, 3.4133493896484377, 3.4577287525177, 3.4771135723114015, 3.496345823287964, 3.5148634006500243, 3.532802114868164, 3.5505884601593016, 3.565874639892578, 3.5799692359924316, 3.594714043045044], "centralserverround": [0, 1, 2, 3, 4, 5, 6, 7, 8, 9, 10, 11, 12, 13, 14, 15, 16, 17, 18, 19, 20, 21, 22, 23, 24, 25, 26, 27, 28, 29, 30, 31, 32, 33, 34, 35, 36, 37, 38, 39, 40, 41, 42, 43, 44, 45, 46, 47, 48, 49, 50, 51, 52, 53, 54, 55, 56, 57, 58, 59, 60, 61, 62, 63, 64, 65, 66, 67, 68, 69, 70, 71, 72, 73, 74, 75, 76, 77, 78, 79, 80, 81, 82, 83, 84, 85, 86, 87, 88, 89, 90, 91, 92, 93, 94, 95, 96, 97, 98, 99, 100]}