{"centralservertimepast": [0, 10600, 21200, 31800, 42400, 53000, 63600, 74200, 84800, 95400, 106000, 116600, 127200, 137800, 148400, 159000, 169600, 180200, 190800, 201400, 212000, 222600, 233200, 243800, 254400, 265000, 275600, 286200, 296800, 307400, 318000, 328600, 339200, 349800, 360400, 371000, 381600, 392200, 402800, 413400, 424000, 434600, 445200, 455800, 466400, 477000, 487600, 498200, 508800, 519400, 530000, 540600, 551200, 561800, 572400, 583000, 593600, 604200, 614800, 625400, 636000, 646600, 657200, 667800, 678400, 689000, 699600, 710200, 720800, 731400, 742000, 752600, 763200, 773800, 784400, 795000, 805600, 816200, 826800, 837400, 848000, 858600, 869200, 879800, 890400, 901000, 911600, 922200, 932800, 943400, 954000, 964600, 975200, 985800, 996400, 1007000, 1017600, 1028200, 1038800, 1049400, 1060000], "centralserveraccuracy": [0.1191, 0.0947, 0.0919, 0.2048, 0.4223, 0.5376, 0.6037, 0.6511, 0.678, 0.6995, 0.7217, 0.7401, 0.7545, 0.7665, 0.7773, 0.786, 0.7946, 0.804, 0.8095, 0.8147, 0.8203, 0.8253, 0.8283, 0.8334, 0.8381, 0.8424, 0.8464, 0.8497, 0.8527, 0.8558, 0.8592, 0.8621, 0.8655, 0.868, 0.8707, 0.873, 0.8748, 0.8766, 0.8783, 0.8802, 0.8826, 0.8835, 0.8854, 0.8864, 0.8884, 0.8902, 0.8911, 0.8913, 0.8927, 0.8941, 0.8957, 0.8968, 0.8984, 0.8999, 0.9006, 0.9018, 0.9017, 0.9029, 0.9031, 0.9044, 0.905, 0.9056, 0.9059, 0.9068, 0.908, 0.9084, 0.9094, 0.9104, 0.9111, 0.9118, 0.9127, 0.9134, 0.9143, 0.9151, 0.9159, 0.9175, 0.918, 0.9188, 0.9196, 0.9199, 0.9208, 0.9215, 0.9227, 0.9232, 0.9239, 0.9247, 0.9249, 0.925, 0.926, 0.9267, 0.9274, 0.928, 0.9285, 0.9292, 0.9293, 0.9299, 0.9306, 0.9311, 0.9317, 0.932, 0.9324], "centralserverloss": [2.3048230407714843, 2.3134620258331298, 2.2639255084991454, 2.19252573928833, 2.1152581073760985, 2.0209862728118897, 1.9040782636642457, 1.7657621599197388, 1.6089453886032103, 1.442248745727539, 1.2778190223693848, 1.1272658390045167, 0.9981268366813659, 0.8927224983215332, 0.8094771341323852, 0.7446624702453614, 0.6942949074745178, 0.6547675203323364, 0.6226228080749512, 0.5963924821853638, 0.5743677732467651, 0.555321931552887, 0.5383987885951996, 0.5232405391216278, 0.5095964172840118, 0.496966517162323, 0.48528109731674196, 0.47432275981903077, 0.4639947608470917, 0.4542813498497009, 0.44516494150161745, 0.43668072748184206, 0.4286764587879181, 0.4208602875709534, 0.41371126170158384, 0.40674420261383054, 0.40020497617721557, 0.3937767228603363, 0.3876906322956085, 0.38186340656280515, 0.3762332082271576, 0.37088905820846557, 0.36571990818977357, 0.36082341513633726, 0.3560286965370178, 0.3514900047302246, 0.34705799527168274, 0.34279631252288817, 0.33866439270973203, 0.3346606176376343, 0.33076833581924436, 0.3269617487192154, 0.3233155413389206, 0.3197405900001526, 0.31627938318252563, 0.3128398354291916, 0.30951931879520417, 0.30625095827579496, 0.30309470932483673, 0.2999973286151886, 0.2969994267463684, 0.294041181063652, 0.29117436742782593, 0.288308868932724, 0.2855916817188263, 0.2828768081188202, 0.28017941505908966, 0.2775630539178848, 0.274980576133728, 0.2723605530619621, 0.2698118101477623, 0.26734052637815475, 0.2649411471605301, 0.2625020460247994, 0.26015150846242907, 0.2578486262798309, 0.25561407120227814, 0.25336237239837645, 0.2512300192952156, 0.24915381692647934, 0.24715710345506667, 0.24519393832683564, 0.24331968210935592, 0.24143774445056915, 0.2395587262392044, 0.2377333581328392, 0.2359620239853859, 0.2342206223487854, 0.23250380889177322, 0.23087593320608138, 0.22924058727025987, 0.2275854820370674, 0.22616185865402222, 0.22462711160182952, 0.22311028215885162, 0.22161734232902527, 0.22013042347431183, 0.21869520488977431, 0.21725411511063575, 0.21588099378347397, 0.21452821937799454], "centralserverround": [0, 1, 2, 3, 4, 5, 6, 7, 8, 9, 10, 11, 12, 13, 14, 15, 16, 17, 18, 19, 20, 21, 22, 23, 24, 25, 26, 27, 28, 29, 30, 31, 32, 33, 34, 35, 36, 37, 38, 39, 40, 41, 42, 43, 44, 45, 46, 47, 48, 49, 50, 51, 52, 53, 54, 55, 56, 57, 58, 59, 60, 61, 62, 63, 64, 65, 66, 67, 68, 69, 70, 71, 72, 73, 74, 75, 76, 77, 78, 79, 80, 81, 82, 83, 84, 85, 86, 87, 88, 89, 90, 91, 92, 93, 94, 95, 96, 97, 98, 99, 100], "clustertimepast": [[], [], [], [], [], [], [], [], [], []], "clusteraccuracy": [[], [], [], [], [], [], [], [], [], []], "clusterloss": [[], [], [], [], [], [], [], [], [], []], "clusterround": [[], [], [], [], [], [], [], [], [], []]}