{"centralservertimepast": [0, 1600, 3200, 4800, 6400, 8000, 9600, 11200, 12800, 14400, 16000, 17600, 19200, 20800, 22400, 24000, 25600, 27200, 28800, 30400, 32000, 33600, 35200, 36800, 38400, 40000, 41600, 43200, 44800, 46400, 48000, 49600, 51200, 52800, 54400, 56000, 57600, 59200, 60800, 62400, 64000, 65600, 67200, 68800, 70400, 72000, 73600, 75200, 76800, 78400, 80000, 81600, 83200, 84800, 86400, 88000, 89600, 91200, 92800, 94400, 96000, 97600, 99200, 100800, 102400, 104000, 105600, 107200, 108800, 110400, 112000, 113600, 115200, 116800, 118400, 120000, 121600, 123200, 124800, 126400, 128000, 129600, 131200, 132800, 134400, 136000, 137600, 139200, 140800, 142400, 144000, 145600, 147200, 148800, 150400, 152000, 153600, 155200, 156800, 158400, 160000], "centralserveraccuracy": [0.1191, 0.1051, 0.1543, 0.258, 0.4159, 0.5203, 0.5739, 0.6069, 0.6277, 0.6412, 0.6534, 0.6629, 0.6728, 0.6856, 0.6993, 0.7139, 0.7284, 0.74, 0.7489, 0.7567, 0.7641, 0.7722, 0.7792, 0.7868, 0.7916, 0.7984, 0.803, 0.8074, 0.8114, 0.8143, 0.8189, 0.822, 0.825, 0.8277, 0.8302, 0.8323, 0.8357, 0.8374, 0.8407, 0.8434, 0.8453, 0.8481, 0.8504, 0.8523, 0.8533, 0.8554, 0.8562, 0.8585, 0.8606, 0.8625, 0.8637, 0.8646, 0.8661, 0.8672, 0.869, 0.8712, 0.8722, 0.8726, 0.8748, 0.8759, 0.8768, 0.8778, 0.8786, 0.8801, 0.8804, 0.8813, 0.8816, 0.8827, 0.8834, 0.8848, 0.8853, 0.8862, 0.8868, 0.8875, 0.8887, 0.8893, 0.8899, 0.8909, 0.8915, 0.8922, 0.8934, 0.8939, 0.8945, 0.8949, 0.896, 0.8964, 0.8971, 0.8973, 0.8977, 0.8984, 0.899, 0.8995, 0.9, 0.9001, 0.901, 0.9013, 0.9017, 0.9021, 0.9025, 0.9029, 0.9031], "centralserverloss": [2.3048230407714843, 2.286624737930298, 2.2506906284332278, 2.2126867679595947, 2.171048681640625, 2.1236709629058836, 2.0682117195129393, 2.0043282527923583, 1.9323251531600951, 1.8514788356781007, 1.762114857673645, 1.6656806234359742, 1.5645524938583375, 1.461724967956543, 1.360417676925659, 1.2633378442764283, 1.1726056743621827, 1.0895216428756713, 1.0147980563163757, 0.9485305751800537, 0.8903177752494812, 0.8396410093307495, 0.7956199005126953, 0.7576128805160522, 0.7247222302436829, 0.6963150559425354, 0.6715930221557617, 0.649952846622467, 0.6307551762580872, 0.613651344871521, 0.598312458896637, 0.5843680627346038, 0.5716235630989075, 0.5599724181175232, 0.5491638941764831, 0.5391422582149505, 0.5297840389251709, 0.5209431344032288, 0.5125445025444031, 0.5045423288345336, 0.49697214374542237, 0.4897639196395874, 0.4829220261096954, 0.47633660950660706, 0.4700390561103821, 0.46402712535858154, 0.45823348784446716, 0.4525888402938843, 0.44719115142822263, 0.4419636472225189, 0.4369202363014221, 0.43210159907341006, 0.4274438467025757, 0.42295276713371277, 0.4185999148368835, 0.4143029088973999, 0.4102134026527405, 0.40618624124526975, 0.4023138991832733, 0.39853567996025085, 0.39479700784683225, 0.39115407462120055, 0.3876614947319031, 0.38427792534828187, 0.38098698568344114, 0.3778211574554443, 0.37477178883552553, 0.37181735730171206, 0.3688818742275238, 0.3660235577583313, 0.3632222085475922, 0.3604715546131134, 0.3577490510940552, 0.35510286424160004, 0.35252470645904543, 0.35003008987903594, 0.3475916171312332, 0.3451916239500046, 0.34284550693035126, 0.340531267118454, 0.33826046648025515, 0.33601864280700683, 0.3338188171863556, 0.33165470147132875, 0.32951957471370696, 0.32744708819389345, 0.3254315769910812, 0.3234272327899933, 0.3214831300497055, 0.31953250918388365, 0.3176092393159866, 0.3157325144290924, 0.3138773473739624, 0.312058466053009, 0.31026435596942903, 0.3085014624595642, 0.3067471905231476, 0.3049944925069809, 0.30329264879226686, 0.30158986167907714, 0.299898760843277], "centralserverround": [0, 1, 2, 3, 4, 5, 6, 7, 8, 9, 10, 11, 12, 13, 14, 15, 16, 17, 18, 19, 20, 21, 22, 23, 24, 25, 26, 27, 28, 29, 30, 31, 32, 33, 34, 35, 36, 37, 38, 39, 40, 41, 42, 43, 44, 45, 46, 47, 48, 49, 50, 51, 52, 53, 54, 55, 56, 57, 58, 59, 60, 61, 62, 63, 64, 65, 66, 67, 68, 69, 70, 71, 72, 73, 74, 75, 76, 77, 78, 79, 80, 81, 82, 83, 84, 85, 86, 87, 88, 89, 90, 91, 92, 93, 94, 95, 96, 97, 98, 99, 100], "clustertimepast": [[], [], [], [], [], [], [], [], [], []], "clusteraccuracy": [[], [], [], [], [], [], [], [], [], []], "clusterloss": [[], [], [], [], [], [], [], [], [], []], "clusterround": [[], [], [], [], [], [], [], [], [], []]}