{"centralservertimepast": [0, 3700, 7400, 11100, 14800, 18500, 22200, 25900, 29600, 33300, 37000, 40700, 44400, 48100, 51800, 55500, 59200, 62900, 66600, 70300, 74000, 77700, 81400, 85100, 88800, 92500, 96200, 99900, 103600, 107300, 111000, 114700, 118400, 122100, 125800, 129500, 133200, 136900, 140600, 144300, 148000, 151700, 155400, 159100, 162800, 166500, 170200, 173900, 177600, 181300, 185000], "centralserveraccuracy": [0.0886, 0.3533, 0.4229, 0.475, 0.5105, 0.5401, 0.5639, 0.5891, 0.6032, 0.6137, 0.6212, 0.6292, 0.6353, 0.6393, 0.6417, 0.645, 0.6478, 0.6479, 0.6471, 0.6494, 0.651, 0.6515, 0.6517, 0.6518, 0.6528, 0.6534, 0.6541, 0.6543, 0.655, 0.6552, 0.6561, 0.6559, 0.6539, 0.6561, 0.6566, 0.6568, 0.6562, 0.6568, 0.6569, 0.6575, 0.6574, 0.6576, 0.657, 0.6573, 0.657, 0.6559, 0.6557, 0.6552, 0.6547, 0.6553, 0.6552], "centralserverloss": [2.3058451583862305, 1.8471800188064575, 1.6407437351226806, 1.490182971382141, 1.3852684745788575, 1.307374761199951, 1.2443091899871825, 1.2015677285194397, 1.1854094920158387, 1.1912384476661682, 1.2150251953125, 1.2451766580581665, 1.2727632877349853, 1.2970690912246705, 1.3196443109512328, 1.3416637516021728, 1.3533074625015258, 1.3737272899627686, 1.3919186292648316, 1.4110831060409545, 1.4245533950805664, 1.4363167369842529, 1.4683552753448486, 1.4813839237213136, 1.5066614139556884, 1.5281487295150757, 1.5656776664733887, 1.5606843458175659, 1.588791488456726, 1.6120000734329223, 1.6229814617156983, 1.654539676475525, 1.6672164445877076, 1.6894599035263063, 1.6951421743392945, 1.6963732864379883, 1.7108065191268922, 1.7358255973815917, 1.7574764574050903, 1.7814998237609863, 1.8000364656448364, 1.8059500761032103, 1.8339507539749145, 1.882739483833313, 1.876388601875305, 1.9193177200317382, 1.9315137142181396, 1.9724077304840089, 1.999163233757019, 2.021483896827698, 2.041372269248962], "centralserverround": [0, 1, 2, 3, 4, 5, 6, 7, 8, 9, 10, 11, 12, 13, 14, 15, 16, 17, 18, 19, 20, 21, 22, 23, 24, 25, 26, 27, 28, 29, 30, 31, 32, 33, 34, 35, 36, 37, 38, 39, 40, 41, 42, 43, 44, 45, 46, 47, 48, 49, 50], "clustertimepast": [[], [], [], [], []], "clusteraccuracy": [[], [], [], [], []], "clusterloss": [[], [], [], [], []], "clusterround": [[], [], [], [], []]}