{"centralservertimepast": [0, 7200, 11400, 16800, 21600, 26100, 29700, 35100, 40500, 45600, 50400, 54600, 59400, 64800, 69600, 74100, 79200, 84000, 88200, 93600, 97200, 102600, 108000, 113400, 117600, 121800, 126900, 131100, 136800, 142500, 147000, 151200, 156600, 159600, 165300, 171000, 175500, 180600, 184800, 189000, 194400, 199800, 205200, 208800, 214200, 218400, 223200, 228000, 233700, 237600, 243600], "centralserveraccuracy": [0.0886, 0.3733, 0.4103, 0.4559, 0.4869, 0.5055, 0.5183, 0.5406, 0.5523, 0.5665, 0.5809, 0.5822, 0.5876, 0.5851, 0.5977, 0.6015, 0.6057, 0.6048, 0.6121, 0.6136, 0.6144, 0.6141, 0.6137, 0.6159, 0.622, 0.6232, 0.6234, 0.6263, 0.6293, 0.6283, 0.6288, 0.626, 0.6309, 0.6345, 0.6328, 0.6327, 0.6338, 0.6361, 0.6353, 0.6358, 0.6362, 0.6351, 0.6333, 0.6373, 0.6356, 0.6384, 0.6369, 0.637, 0.6377, 0.6384, 0.6371], "centralserverloss": [2.3058451583862305, 1.8250958324432374, 1.6846867305755615, 1.5320729141235352, 1.4464900770187379, 1.4006827739715577, 1.3555519039154054, 1.3184307905197143, 1.3181695632934571, 1.2787784879684447, 1.271145852470398, 1.3043719091415404, 1.3328026514053344, 1.4036897603988647, 1.3539500923156738, 1.3990343040466309, 1.488768487548828, 1.6078350513458253, 1.521203094482422, 1.5568517766952514, 1.5913492412567138, 1.6945236017227172, 1.8106509748458863, 1.809992853164673, 1.6815546453475951, 1.7386059368133544, 1.7541081594467163, 1.7191230041503907, 1.7113061302185057, 1.7454645715713502, 1.8241707189559937, 1.9513039316177367, 1.899212019920349, 1.7881103214263916, 1.7843567249298096, 1.84482947101593, 1.8473577426910401, 1.7843523191452026, 1.8242684337615966, 1.8757698266983032, 1.8866745609283446, 1.9377790874481202, 2.075873908615112, 1.8988864500045777, 1.9398829254150391, 1.8433464429855346, 1.9188021276473999, 1.9285326093673707, 1.9168434511184693, 1.941514563179016, 2.0540039846420286], "centralserverround": [0, 1, 2, 3, 4, 5, 6, 7, 8, 9, 10, 11, 12, 13, 14, 15, 16, 17, 18, 19, 20, 21, 22, 23, 24, 25, 26, 27, 28, 29, 30, 31, 32, 33, 34, 35, 36, 37, 38, 39, 40, 41, 42, 43, 44, 45, 46, 47, 48, 49, 50], "clustertimepast": [[], [], [], [], []], "clusteraccuracy": [[], [], [], [], []], "clusterloss": [[], [], [], [], []], "clusterround": [[], [], [], [], []]}