{"centralservertimepast": [0, 210600, 421200, 631800, 842400, 1023600, 1203600, 1404200, 1604800, 1805400, 2006000, 2206600, 2407200, 2607800, 2808400, 3009000, 3209600, 3410200, 3582600, 3790800, 4001400, 4193200, 4383800, 4574400, 4765000, 4947400, 5118000, 5288600, 5475600, 5686200, 5896800, 6099200, 6289800, 6480400, 6653400, 6824000, 7021000, 7221600, 7422200, 7622800, 7814600, 8005200, 8195800, 8386400, 8577000, 8767600, 8958200, 9148800, 9339400, 9530000, 9720600], "centralserveraccuracy": [0.1168, 0.0892, 0.0895, 0.1659, 0.2058, 0.1331, 0.1596, 0.2332, 0.318, 0.2193, 0.4347, 0.5299, 0.437, 0.5902, 0.6552, 0.6956, 0.7136, 0.7265, 0.5925, 0.6844, 0.7314, 0.7489, 0.761, 0.7677, 0.7721, 0.7286, 0.7634, 0.7856, 0.7958, 0.8041, 0.8092, 0.8136, 0.8197, 0.8241, 0.8044, 0.8194, 0.8282, 0.8358, 0.8399, 0.8435, 0.8424, 0.846, 0.8235, 0.8394, 0.8464, 0.8508, 0.8552, 0.8569, 0.8586, 0.8615, 0.863], "centralserverloss": [2.308901008987427, 2.3119554901123047, 2.3000174934387205, 2.2816721408843996, 2.2618659038543703, 2.2536915351867677, 2.2319876426696776, 2.2055723236083984, 2.1769611068725587, 2.1496124591827392, 2.1054639793395995, 2.0573824634552, 2.0151446838378906, 1.9513319841384889, 1.8798648677825929, 1.7976716375350952, 1.707212775993347, 1.6093366762161254, 1.5338514287948608, 1.414753818321228, 1.304192812347412, 1.205645562362671, 1.1116731700897218, 1.0294008365631104, 0.9586299662590027, 0.9259705476760864, 0.8546026567459106, 0.7964056205749511, 0.7525770095825195, 0.7151185033798217, 0.6846292244911194, 0.6591356930732727, 0.6346491943359375, 0.6136920852184296, 0.627978241443634, 0.5945816572189331, 0.5719960913181305, 0.5528633395671845, 0.5387146687507629, 0.5261444975376129, 0.51956103348732, 0.5089820317745208, 0.5462377618789673, 0.5105507817745208, 0.49044625492095945, 0.4781716184616089, 0.46902635574340823, 0.46174561343193055, 0.45502710785865785, 0.44726277747154236, 0.4407181079387665], "centralserverround": [0, 1, 2, 3, 4, 5, 6, 7, 8, 9, 10, 11, 12, 13, 14, 15, 16, 17, 18, 19, 20, 21, 22, 23, 24, 25, 26, 27, 28, 29, 30, 31, 32, 33, 34, 35, 36, 37, 38, 39, 40, 41, 42, 43, 44, 45, 46, 47, 48, 49, 50]}