{"centralservertimepast": [0, 1760, 3520, 5280, 7040, 8800, 10560, 12320, 14080, 15840, 17600, 19360, 21120, 22880, 24640, 26400, 28160, 29920, 31680, 33440, 35200, 36960, 38720, 40480, 42240, 44000, 45760, 47520, 49280, 51040, 52800, 54560, 56320, 58080, 59840, 61600, 63360, 65120, 66880, 68640, 70400, 72160, 73920, 75680, 77440, 79200, 80960, 82720, 84480, 86240, 88000, 89760, 91520, 93280, 95040, 96800, 98560, 100320, 102080, 103840, 105600, 107360, 109120, 110880, 112640, 114400, 116160, 117920, 119680, 121440, 123200, 124960, 126720, 128480, 130240, 132000, 133760, 135520, 137280, 139040, 140800, 142560, 144320, 146080, 147840, 149600, 151360, 153120, 154880, 156640, 158400, 160160, 161920, 163680, 165440, 167200, 168960, 170720, 172480, 174240, 176000], "centralserveraccuracy": [0.0837, 0.1031, 0.1062, 0.1184, 0.1233, 0.1427, 0.1623, 0.1727, 0.1818, 0.1915, 0.1991, 0.206, 0.2095, 0.215, 0.2175, 0.2215, 0.2243, 0.2263, 0.2284, 0.2298, 0.2311, 0.2303, 0.2302, 0.2313, 0.2331, 0.2335, 0.2337, 0.2343, 0.2363, 0.2367, 0.2385, 0.2391, 0.2387, 0.2403, 0.2411, 0.2407, 0.2414, 0.2427, 0.2427, 0.2447, 0.2452, 0.2458, 0.2456, 0.246, 0.2453, 0.2451, 0.2453, 0.2452, 0.2459, 0.2473, 0.2472, 0.249, 0.2474, 0.248, 0.2472, 0.2484, 0.2485, 0.25, 0.25, 0.2515, 0.2512, 0.2526, 0.2535, 0.2542, 0.2561, 0.2551, 0.2565, 0.2572, 0.2583, 0.2595, 0.2603, 0.2619, 0.2626, 0.2636, 0.2632, 0.2648, 0.2641, 0.2655, 0.2648, 0.2668, 0.2665, 0.2656, 0.2674, 0.2657, 0.2685, 0.267, 0.27, 0.2675, 0.2717, 0.2679, 0.2718, 0.2679, 0.2697, 0.2657, 0.2694, 0.2623, 0.2687, 0.2598, 0.2669, 0.2562, 0.2658], "centralserverloss": [2.303652021408081, 2.303392763519287, 2.297879811477661, 2.2922977668762208, 2.2875515670776365, 2.2830729370117187, 2.2787237747192384, 2.274668081665039, 2.2706818546295167, 2.266821399307251, 2.263061382675171, 2.2594279048919677, 2.2559879470825197, 2.252581586456299, 2.2492933055877686, 2.2460605796813966, 2.24286150932312, 2.2397645198822023, 2.236700727844238, 2.2337447101593018, 2.230842785644531, 2.227968217468262, 2.225158969116211, 2.222329007720947, 2.2195442710876465, 2.2168177124023436, 2.2140743545532224, 2.2114112339019774, 2.2087162567138674, 2.206061008453369, 2.2033504528045653, 2.2007784214019774, 2.198189868927002, 2.1955909103393556, 2.1930539962768556, 2.1904822814941407, 2.187954630661011, 2.185370841217041, 2.1828979133605957, 2.180389571380615, 2.1779003112792967, 2.1755362071990967, 2.173230323791504, 2.1707116004943847, 2.168478116607666, 2.1660154136657717, 2.16373025932312, 2.161330131530762, 2.158960580444336, 2.156603738021851, 2.154395008087158, 2.151957381439209, 2.1498060859680175, 2.1475323734283447, 2.145347318649292, 2.1428867782592773, 2.140802894592285, 2.1385718379974366, 2.1362941967010496, 2.134296559524536, 2.132156258392334, 2.129996898269653, 2.127920503234863, 2.1259369457244874, 2.123824954223633, 2.1218833255767824, 2.1196799350738527, 2.1176074703216554, 2.1153467151641845, 2.1134125648498534, 2.1111478782653808, 2.1093510425567628, 2.1073743534088134, 2.1055581745147705, 2.1037999656677244, 2.1018509532928467, 2.1000218784332274, 2.0982140758514403, 2.0962547355651857, 2.094810124206543, 2.092638935470581, 2.091772043609619, 2.089201597213745, 2.0884417655944825, 2.086047776031494, 2.0852782402038574, 2.0828685543060304, 2.0827676124572756, 2.07968730506897, 2.080194744873047, 2.0768956897735595, 2.0778255924224855, 2.0742212059020995, 2.076013738250732, 2.0724996116638184, 2.0741409393310546, 2.0715712757110594, 2.0734004779815676, 2.0704444583892823, 2.073274884033203, 2.0711663162231444], "centralserverround": [0, 1, 2, 3, 4, 5, 6, 7, 8, 9, 10, 11, 12, 13, 14, 15, 16, 17, 18, 19, 20, 21, 22, 23, 24, 25, 26, 27, 28, 29, 30, 31, 32, 33, 34, 35, 36, 37, 38, 39, 40, 41, 42, 43, 44, 45, 46, 47, 48, 49, 50, 51, 52, 53, 54, 55, 56, 57, 58, 59, 60, 61, 62, 63, 64, 65, 66, 67, 68, 69, 70, 71, 72, 73, 74, 75, 76, 77, 78, 79, 80, 81, 82, 83, 84, 85, 86, 87, 88, 89, 90, 91, 92, 93, 94, 95, 96, 97, 98, 99, 100]}