{"centralservertimepast": [0, 84600, 169200, 253800, 338400, 411600, 483600, 564200, 644800, 725400, 806000, 886600, 967200, 1047800, 1128400, 1209000, 1289600, 1370200, 1440600, 1522800, 1607400, 1685200, 1761800, 1838400, 1915000, 1989400, 2058000, 2126600, 2199600, 2284200, 2368800, 2451200, 2527800, 2604400, 2675400, 2744000, 2821000, 2901600, 2982200, 3062800, 3140600, 3217200, 3293800, 3370400, 3447000, 3523600, 3600200, 3676800, 3753400, 3830000, 3906600], "centralserveraccuracy": [0.1049, 0.0899, 0.097, 0.1057, 0.1134, 0.1024, 0.1097, 0.1469, 0.1888, 0.126, 0.2096, 0.2328, 0.1587, 0.2296, 0.2701, 0.301, 0.3146, 0.3282, 0.1165, 0.2158, 0.3356, 0.389, 0.4345, 0.5078, 0.5237, 0.1261, 0.2848, 0.4552, 0.5382, 0.5812, 0.5951, 0.6103, 0.6255, 0.6309, 0.3254, 0.5352, 0.6083, 0.6494, 0.6624, 0.6652, 0.5981, 0.6266, 0.1179, 0.3492, 0.5855, 0.6502, 0.6726, 0.6822, 0.6882, 0.6954, 0.7015], "centralserverloss": [2.3077684421539306, 2.3196434158325197, 2.318752426147461, 2.309295407485962, 2.296891091156006, 2.2981000713348387, 2.2856721591949465, 2.2715302799224855, 2.259929195022583, 2.2561581256866456, 2.2410955741882326, 2.2291475288391114, 2.225212903594971, 2.2120650459289553, 2.2008871196746824, 2.1893679473876952, 2.178192555236816, 2.166800115966797, 2.1840923194885256, 2.155638398742676, 2.13493434715271, 2.1179198314666747, 2.10060927696228, 2.084001792907715, 2.068848921966553, 2.100219024658203, 2.055177565765381, 2.0260952617645263, 2.0033644817352294, 1.9805990188598632, 1.9587270944595336, 1.935355985069275, 1.9114876892089843, 1.884993158531189, 1.9009358249664308, 1.8492062572479249, 1.8112906032562255, 1.7750305490493774, 1.7412755954742432, 1.7062112524032593, 1.6721173610687257, 1.6343344093322754, 2.142870388031006, 1.673710856628418, 1.534428731918335, 1.4741954956054688, 1.427971361541748, 1.3863616075515748, 1.3459144271850585, 1.3065008506774902, 1.268532331085205], "centralserverround": [0, 1, 2, 3, 4, 5, 6, 7, 8, 9, 10, 11, 12, 13, 14, 15, 16, 17, 18, 19, 20, 21, 22, 23, 24, 25, 26, 27, 28, 29, 30, 31, 32, 33, 34, 35, 36, 37, 38, 39, 40, 41, 42, 43, 44, 45, 46, 47, 48, 49, 50]}