{"centralservertimepast": [0, 17200, 52900, 69600, 126300, 153500, 180200, 196900, 232600, 256300, 273000, 291700, 309900, 350600, 377800, 404500, 431700, 462900, 481600, 505300, 522500, 539200, 565900, 584600, 611800, 629000, 646200, 677400, 718100, 734800, 762000, 793200, 824400, 855600, 882800, 906500, 942200, 965900, 992600, 1011300, 1047000, 1087200, 1103900, 1130600, 1157300, 1181000, 1197700, 1228900, 1264600, 1281800, 1322500, 1363200, 1403900, 1420600, 1477300, 1518000, 1574700, 1614900, 1623100, 1639800, 1680500, 1721200, 1744900, 1771600, 1787300, 1805500, 1846200, 1886400, 1903100, 1959800, 1995500, 2012200, 2030900, 2047100, 2078300, 2105000, 2136200, 2152900, 2176600, 2212300, 2224500, 2251200, 2269900, 2310600, 2367300, 2391000, 2431700, 2462900, 2479600, 2496300, 2523500, 2540200, 2580900, 2597600, 2638300, 2655500, 2712200, 2739400, 2766600, 2793800, 2820500], "centralserveraccuracy": [0.0984, 0.1003, 0.1912, 0.3632, 0.5314, 0.5357, 0.5476, 0.5999, 0.6471, 0.7335, 0.7379, 0.754, 0.7774, 0.7281, 0.7834, 0.7657, 0.7881, 0.8374, 0.888, 0.807, 0.8605, 0.889, 0.8777, 0.8719, 0.9019, 0.8656, 0.8923, 0.8941, 0.8481, 0.8864, 0.7788, 0.878, 0.9076, 0.894, 0.8976, 0.8624, 0.9176, 0.892, 0.8582, 0.8848, 0.9182, 0.8956, 0.9313, 0.9251, 0.9295, 0.9429, 0.934, 0.9317, 0.9234, 0.9421, 0.9101, 0.9078, 0.9281, 0.932, 0.9203, 0.9246, 0.8982, 0.9365, 0.9442, 0.9483, 0.898, 0.9276, 0.949, 0.9541, 0.9554, 0.9558, 0.9354, 0.9271, 0.9408, 0.9353, 0.9573, 0.9485, 0.9577, 0.9438, 0.9575, 0.9632, 0.9599, 0.9635, 0.9592, 0.9516, 0.957, 0.9542, 0.9578, 0.9544, 0.9092, 0.9631, 0.9548, 0.9499, 0.9659, 0.9627, 0.9567, 0.9615, 0.9472, 0.9435, 0.953, 0.9644, 0.9126, 0.9594, 0.9505, 0.9544, 0.9582], "centralserverloss": [2.3059456409454344, 2.3627216411590575, 2.2798337593078615, 1.9209252014160156, 1.3479219825744628, 1.1585925193786621, 1.3464256355285644, 0.9923569158554078, 0.8774618585586548, 0.6969380173683166, 0.71738688621521, 0.7238908229827881, 0.6242645747184753, 0.7189309111595154, 0.6084609606742859, 0.625309506034851, 0.5886692779541015, 0.507779885673523, 0.37849016461372376, 0.5578189079761505, 0.4244030590057373, 0.35702995791435244, 0.3679670505046844, 0.39367760148048403, 0.3138746215820313, 0.3765134189367294, 0.33055654981136323, 0.325716787815094, 0.4207102894306183, 0.3578397251367569, 0.6466290297508239, 0.3821200160980225, 0.31143427269458773, 0.3302733350753784, 0.3139559317469597, 0.4211223001241684, 0.25830243649482726, 0.3121718248605728, 0.39166977586746216, 0.3177309674263, 0.2661587551832199, 0.3280569363117218, 0.2124295483827591, 0.2306716139793396, 0.21715511980056762, 0.1810410464346409, 0.20584698714613914, 0.23403428349494934, 0.24520756266713142, 0.18694336450695992, 0.25404829758405684, 0.26106096341013907, 0.20931053388118745, 0.19827717148065568, 0.23011990042924882, 0.22118426921367645, 0.2975636543750763, 0.18553736185729502, 0.1748231784462929, 0.1600248924612999, 0.28619561063051224, 0.2128248525559902, 0.16240503350794316, 0.14507534717917442, 0.13653639366030693, 0.13834721634984015, 0.18564058730602265, 0.20629364498853683, 0.17669084303081037, 0.1901751554876566, 0.13091196731328963, 0.15462604666352273, 0.12601147439181803, 0.15842342014610766, 0.12811806226968767, 0.11684726165384055, 0.12947333911955355, 0.12253408167362213, 0.13060649902224541, 0.14885918266773224, 0.13432676739394664, 0.13531102262213826, 0.12990197254419328, 0.12940459813177585, 0.27295747692584993, 0.10974275605976581, 0.12602104036957026, 0.16314964819550515, 0.10225439083650709, 0.11157002697438001, 0.12842380375862122, 0.11470657503455878, 0.1468635601192713, 0.15773209174871444, 0.13473405296206475, 0.10747012817189097, 0.25654071447849275, 0.11533514460623265, 0.14587849470973016, 0.14039043856486677, 0.12391557361483574], "centralserverround": [0, 1, 2, 3, 4, 5, 6, 7, 8, 9, 10, 11, 12, 13, 14, 15, 16, 17, 18, 19, 20, 21, 22, 23, 24, 25, 26, 27, 28, 29, 30, 31, 32, 33, 34, 35, 36, 37, 38, 39, 40, 41, 42, 43, 44, 45, 46, 47, 48, 49, 50, 51, 52, 53, 54, 55, 56, 57, 58, 59, 60, 61, 62, 63, 64, 65, 66, 67, 68, 69, 70, 71, 72, 73, 74, 75, 76, 77, 78, 79, 80, 81, 82, 83, 84, 85, 86, 87, 88, 89, 90, 91, 92, 93, 94, 95, 96, 97, 98, 99, 100]}