{"centralservertimepast": [0, 2300, 4600, 6900, 9200, 11500, 13800, 16100, 18400, 20700, 23000, 25300, 27600, 29900, 32200, 34500, 36800, 39100, 41400, 43700, 46000, 48300, 50600, 52900, 55200, 57500, 59800, 62100, 64400, 66700, 69000, 71300, 73600, 75900, 78200, 80500, 82800, 85100, 87400, 89700, 92000, 94300, 96600, 98900, 101200, 103500, 105800, 108100, 110400, 112700, 115000], "centralserveraccuracy": [0.1116, 0.8858, 0.9174, 0.9346, 0.9459, 0.9537, 0.9593, 0.9634, 0.9679, 0.9708, 0.9723, 0.9737, 0.9752, 0.9761, 0.9773, 0.9778, 0.9785, 0.9791, 0.9798, 0.9801, 0.9809, 0.981, 0.9813, 0.9819, 0.9818, 0.9826, 0.9827, 0.9829, 0.9833, 0.9838, 0.9837, 0.9838, 0.9837, 0.9839, 0.9842, 0.9844, 0.9844, 0.9846, 0.9846, 0.985, 0.9848, 0.9851, 0.9856, 0.9854, 0.9855, 0.9859, 0.9858, 0.9861, 0.9864, 0.9867, 0.9867], "centralserverloss": [2.306291827774048, 0.5222834570884705, 0.31819056696891784, 0.23362196727991105, 0.18648783050775528, 0.15652502271533011, 0.13567507702708245, 0.1204757210880518, 0.10911743282973767, 0.0997539223998785, 0.09259995853081346, 0.08628801611661911, 0.08130168625861406, 0.07678860261626541, 0.07310737718902528, 0.06979787282012404, 0.06693666276913136, 0.06466745349448175, 0.06257019770434126, 0.06089580379780382, 0.05934717292087153, 0.05814223768534139, 0.05712219507861883, 0.05582032850768883, 0.05447059947762173, 0.05333744216957129, 0.05228090243684128, 0.05123529807608575, 0.05073767398195341, 0.05015981387263164, 0.04930777077057864, 0.04881820207647979, 0.048235650134459136, 0.04774179577382747, 0.04714521074283402, 0.04677445455584675, 0.04623821811168455, 0.04583615743407281, 0.045657538714882685, 0.0453184355094796, 0.04505892035725992, 0.044662715130817376, 0.044403272806329185, 0.04437090839307057, 0.044207988919553465, 0.0439375630918832, 0.043696325076976794, 0.0435354484413052, 0.04333238219305349, 0.04316667624813854, 0.043145910155517046], "centralserverround": [0, 5, 10, 15, 20, 25, 30, 35, 40, 45, 50, 55, 60, 65, 70, 75, 80, 85, 90, 95, 100, 105, 110, 115, 120, 125, 130, 135, 140, 145, 150, 155, 160, 165, 170, 175, 180, 185, 190, 195, 200, 205, 210, 215, 220, 225, 230, 235, 240, 245, 250], "clustertimepast": [[], [], [], [], []], "clusteraccuracy": [[], [], [], [], []], "clusterloss": [[], [], [], [], []], "clusterround": [[], [], [], [], []]}