{"centralservertimepast": [0, 62200, 127400, 176600, 221800, 271000, 313200, 362400, 431600, 493800, 559000, 602200, 626400, 657600, 677800, 743000, 773200, 794400, 863600, 899800, 917000, 986200, 1017400, 1062600, 1131800, 1181000, 1203200, 1272400, 1314600, 1383800, 1409000, 1454200, 1519400, 1540600, 1571800, 1594000, 1630200, 1663400, 1690600, 1752800, 1818000, 1880200, 1922400, 1991600, 2043800, 2087000, 2136200, 2201400, 2234600, 2277800, 2347000, 2378200, 2403400, 2468600, 2501800, 2523000, 2553200, 2602400, 2664600, 2733800, 2761000, 2788200, 2840400, 2902600, 2944800, 3014000, 3037200, 3057400, 3109600, 3130800, 3161000, 3230200, 3273400, 3318600, 3360800, 3404000, 3469200, 3505400, 3557600, 3602800, 3623000, 3685200, 3750400, 3792600, 3854800, 3876000, 3903200, 3948400, 4013600, 4037800, 4074000, 4104200, 4129400, 4165600, 4207800, 4277000, 4294200, 4312400, 4332600, 4381800, 4447000], "centralserveraccuracy": [0.0946, 0.1802, 0.1648, 0.1665, 0.2591, 0.2757, 0.3213, 0.2754, 0.2903, 0.3734, 0.3027, 0.4032, 0.3316, 0.2987, 0.4053, 0.3158, 0.3612, 0.4272, 0.4199, 0.4161, 0.3355, 0.4173, 0.3228, 0.4282, 0.4618, 0.4589, 0.4519, 0.3688, 0.4698, 0.3939, 0.4807, 0.4452, 0.4743, 0.4974, 0.502, 0.4986, 0.484, 0.4864, 0.5059, 0.4782, 0.45, 0.4635, 0.4713, 0.4435, 0.444, 0.5329, 0.4898, 0.5079, 0.5204, 0.4696, 0.4385, 0.4897, 0.5169, 0.5038, 0.4759, 0.5095, 0.499, 0.5093, 0.51, 0.4855, 0.4946, 0.4966, 0.5299, 0.552, 0.529, 0.5051, 0.4845, 0.401, 0.5016, 0.5329, 0.5395, 0.5106, 0.5159, 0.5307, 0.5451, 0.5346, 0.4957, 0.5298, 0.5525, 0.5133, 0.5236, 0.513, 0.5297, 0.526, 0.5243, 0.5236, 0.4372, 0.541, 0.5229, 0.501, 0.4896, 0.5619, 0.533, 0.4768, 0.5476, 0.4664, 0.521, 0.4666, 0.5406, 0.5, 0.5049], "centralserverloss": [2.3030551334381104, 2.479972826385498, 2.8910713657379152, 2.342652471923828, 2.160102793884277, 2.098548345375061, 1.9380344039916992, 2.054013890838623, 2.1035464574813845, 1.8283476480484009, 2.086681401824951, 1.6590254837036134, 1.9336029359817506, 2.13734070892334, 1.6823825338363647, 2.1224848892211914, 1.8563460540771484, 1.615460556793213, 1.7597608406066894, 1.6435697818756103, 1.9701776874542236, 1.8144579204559326, 2.2053981002807617, 1.786667925453186, 1.6087313104629517, 1.662214818763733, 1.71925540599823, 2.178597731781006, 1.6354192785263062, 1.9644717254638673, 1.5186296060562134, 1.8533475143432616, 1.5994235580444336, 1.5067592615127563, 1.4592494388580322, 1.503461587715149, 1.6574314365386962, 1.584138787651062, 1.5023644771575928, 1.6575721378326416, 1.9941514099121094, 1.8982189975738526, 1.8791633296966552, 2.0229913240432738, 2.060574430847168, 1.432117929840088, 1.698607237815857, 1.706811191368103, 1.5431476661682129, 1.8375108646392821, 2.3721346485137937, 1.7543035720825195, 1.5900137897491455, 1.8174453845977783, 1.9022948265075683, 1.6167377992630005, 1.6650254035949708, 1.7593126482009889, 1.7299653413772582, 2.107494762420654, 1.7684488204956055, 1.759608861541748, 1.7146317100524902, 1.5526729642868042, 1.7879556121826172, 1.9667873155593871, 1.8864073364257812, 2.2837452629089356, 1.7850666563034057, 1.5859855884552, 1.6661354793548584, 1.9655872617721557, 1.85789354057312, 1.7228111364364624, 1.6772440799713135, 1.6821246810913086, 2.072832604789734, 1.5649051374435425, 1.533233035469055, 1.8899563131332398, 1.839933525657654, 1.839389347267151, 1.8063612735748291, 1.870159051322937, 1.8862387296676635, 1.7878747354507447, 2.3573773014068604, 1.685292724609375, 1.9883302919387817, 1.9847473865509033, 2.073503951835632, 1.6402532552719116, 1.7255425567626954, 2.3434738355636595, 1.6588709491729736, 2.466604043006897, 1.766761047554016, 2.112375631904602, 1.6433459587097168, 2.048487619972229, 2.0186577136993407], "centralserverround": [0, 1, 2, 3, 4, 5, 6, 7, 8, 9, 10, 11, 12, 13, 14, 15, 16, 17, 18, 19, 20, 21, 22, 23, 24, 25, 26, 27, 28, 29, 30, 31, 32, 33, 34, 35, 36, 37, 38, 39, 40, 41, 42, 43, 44, 45, 46, 47, 48, 49, 50, 51, 52, 53, 54, 55, 56, 57, 58, 59, 60, 61, 62, 63, 64, 65, 66, 67, 68, 69, 70, 71, 72, 73, 74, 75, 76, 77, 78, 79, 80, 81, 82, 83, 84, 85, 86, 87, 88, 89, 90, 91, 92, 93, 94, 95, 96, 97, 98, 99, 100]}