{"centralservertimepast": [0, 2600, 5200, 9300, 13400, 16300, 20400, 23000, 25600, 29700, 32600, 36700, 40800, 43400, 47500, 51600, 54500, 56600, 59500, 62100, 66200, 70300, 74400, 78500, 82600, 85500, 88400, 91300, 95400, 98300, 100900, 105000, 107900, 110800, 113400, 117500, 121600, 124500, 128600, 131500, 135600, 139700, 142600, 146700, 150800, 153700, 157800, 160400, 164500, 167400, 170000, 174100, 177000, 181100, 185200, 188100, 192200, 195100, 197700, 201800, 205900, 210000, 212900, 217000, 221100, 223700, 226300, 230400, 234500, 238600, 242700, 246800, 249700, 253800, 256700, 259600, 262500, 265400, 268300, 270900, 275000, 277900, 280500, 283100, 285700, 289800, 293900, 298000, 302100, 305000, 309100, 313200, 317300, 319900, 322500, 326600, 329500, 333600, 335700, 338600, 340700], "centralserveraccuracy": [0.0958, 0.098, 0.098, 0.097, 0.1521, 0.1778, 0.101, 0.1032, 0.1028, 0.1028, 0.0958, 0.101, 0.1135, 0.0974, 0.1009, 0.1137, 0.1028, 0.0982, 0.1135, 0.1066, 0.1001, 0.183, 0.0974, 0.1732, 0.1248, 0.2879, 0.0958, 0.1135, 0.0982, 0.1137, 0.0982, 0.1811, 0.1135, 0.1876, 0.098, 0.1873, 0.1641, 0.108, 0.098, 0.1822, 0.1803, 0.2093, 0.1757, 0.1145, 0.101, 0.1039, 0.1257, 0.0958, 0.1594, 0.2361, 0.1023, 0.2604, 0.1659, 0.1842, 0.101, 0.0975, 0.0958, 0.0982, 0.0959, 0.1183, 0.1146, 0.1937, 0.2157, 0.2592, 0.101, 0.1423, 0.1604, 0.2407, 0.2523, 0.1827, 0.2331, 0.192, 0.1245, 0.264, 0.2387, 0.1679, 0.1819, 0.2634, 0.0982, 0.0981, 0.2191, 0.098, 0.0958, 0.1886, 0.1902, 0.2387, 0.2338, 0.1058, 0.2301, 0.1791, 0.1133, 0.1032, 0.1, 0.0975, 0.3421, 0.1134, 0.1106, 0.4612, 0.1538, 0.2505, 0.2466], "centralserverloss": [2.305738200378418, 2.354392279815674, 2.5782303390502928, 2.6143659187316897, 2.858075099182129, 2.964497301864624, 2.471493419265747, 2.4702308517456055, 2.6939901039123537, 2.4928791179656984, 2.4398783241271973, 2.8473415000915527, 2.753167121887207, 2.9159285545349123, 2.718370308685303, 2.575056536102295, 2.454661703872681, 2.5505481296539307, 2.5986541553497315, 2.6434534732818604, 2.582078957366943, 2.418919362258911, 2.563845415496826, 2.503492335891724, 2.433171499633789, 2.515323537826538, 2.4212085418701172, 2.7568936756134033, 2.5733130950927734, 2.44178004989624, 2.8190476844787598, 2.309096242141724, 3.059581605529785, 2.499857160949707, 2.9294186798095705, 2.9507772521972657, 2.516662286758423, 2.3823678913116457, 2.3779631324768067, 2.301795044708252, 2.3705527267456055, 2.5101182823181154, 2.462817240905762, 2.77670280418396, 4.2966414726257325, 3.015693733215332, 2.4927237464904786, 2.5920016128540038, 2.2895915824890136, 2.3076783138275148, 2.7033709537506105, 2.149131760787964, 2.695023035812378, 2.3447990646362307, 3.3456061996459963, 2.485153178024292, 2.606294960403442, 2.9285623863220214, 2.8987297592163084, 2.484285845565796, 2.3500434650421145, 2.3057222263336183, 2.1412681365966795, 2.25876898727417, 2.9052894798278808, 2.546186050796509, 2.5701042381286623, 2.2891840156555174, 2.2371297721862793, 2.252134056091309, 2.181668743133545, 2.328309241104126, 2.460163436126709, 2.2415243350982665, 2.133202863693237, 2.1950328788757325, 2.5025273349761963, 2.2628222503662108, 2.726203708267212, 2.5729196868896484, 2.1117280773162843, 2.817079166030884, 2.398396759414673, 2.1875027435302736, 2.2254830242156984, 2.21202032699585, 2.1398005569458007, 2.33958113822937, 2.212011277770996, 2.5493020217895506, 2.3665457168579103, 2.5371470573425294, 2.1352239070892334, 2.372655004119873, 2.0028232765197753, 2.258797750091553, 2.3064140872955323, 1.91520001411438, 2.2885290958404543, 2.0415994304656984, 2.0415620429992676], "centralserverround": [0, 1, 2, 3, 4, 5, 6, 7, 8, 9, 10, 11, 12, 13, 14, 15, 16, 17, 18, 19, 20, 21, 22, 23, 24, 25, 26, 27, 28, 29, 30, 31, 32, 33, 34, 35, 36, 37, 38, 39, 40, 41, 42, 43, 44, 45, 46, 47, 48, 49, 50, 51, 52, 53, 54, 55, 56, 57, 58, 59, 60, 61, 62, 63, 64, 65, 66, 67, 68, 69, 70, 71, 72, 73, 74, 75, 76, 77, 78, 79, 80, 81, 82, 83, 84, 85, 86, 87, 88, 89, 90, 91, 92, 93, 94, 95, 96, 97, 98, 99, 100]}