{"centralservertimepast": [0, 7200, 11400, 16800, 21600, 26100, 29700, 35100, 40500, 45600, 50400, 54600, 59400, 64800, 69600, 74100, 79200, 84000, 88200, 93600, 97200, 102600, 108000, 113400, 117600, 121800, 126900, 131100, 136800, 142500, 147000, 151200, 156600, 159600, 165300, 171000, 175500, 180600, 184800, 189000, 194400, 199800, 205200, 208800, 214200, 218400, 223200, 228000, 233700, 237600, 243600], "centralserveraccuracy": [0.1116, 0.8304, 0.8829, 0.9134, 0.9273, 0.9336, 0.9421, 0.9506, 0.9565, 0.9594, 0.9629, 0.965, 0.9676, 0.9692, 0.9705, 0.9717, 0.9734, 0.9749, 0.9752, 0.9756, 0.9763, 0.9769, 0.9777, 0.9778, 0.9784, 0.9786, 0.9791, 0.9794, 0.9798, 0.98, 0.9798, 0.9802, 0.9804, 0.981, 0.9813, 0.9814, 0.9816, 0.9814, 0.9818, 0.982, 0.9823, 0.9829, 0.9829, 0.9832, 0.983, 0.983, 0.9828, 0.983, 0.983, 0.983, 0.9832], "centralserverloss": [2.306291827774048, 1.0334658682823181, 0.5517739559173584, 0.32289842972755434, 0.2526925947666168, 0.22548630890846252, 0.19642567135095595, 0.16390875753760337, 0.14748532736897468, 0.13658162876963614, 0.12294200698435306, 0.11649738911688327, 0.10900510764420032, 0.10264615022838115, 0.09850334023833275, 0.09401057641804218, 0.08976671931147576, 0.08468355321139097, 0.08230123951472341, 0.07933589943125843, 0.07721984150670469, 0.07397612263336778, 0.07180054977349937, 0.07016369602195918, 0.06833443927504122, 0.06674940787116065, 0.06550159630170092, 0.0637178921410814, 0.062189017687365414, 0.06141079992968589, 0.060910475516226144, 0.06031958073945716, 0.05924031149046496, 0.05797460227631964, 0.05690719772623852, 0.05649678394778166, 0.05610670095200185, 0.055248983118287284, 0.05474731815217528, 0.054384271496720614, 0.053887709839246234, 0.05349988840452861, 0.05405387440349441, 0.05253110842321766, 0.05243939749690471, 0.05134570866175927, 0.05126500734284054, 0.05095953361584107, 0.05050535194939002, 0.05062713929390302, 0.050997264356270895], "centralserverround": [0, 1, 2, 3, 4, 5, 6, 7, 8, 9, 10, 11, 12, 13, 14, 15, 16, 17, 18, 19, 20, 21, 22, 23, 24, 25, 26, 27, 28, 29, 30, 31, 32, 33, 34, 35, 36, 37, 38, 39, 40, 41, 42, 43, 44, 45, 46, 47, 48, 49, 50], "clustertimepast": [[], [], [], [], []], "clusteraccuracy": [[], [], [], [], []], "clusterloss": [[], [], [], [], []], "clusterround": [[], [], [], [], []]}