{"centralservertimepast": [0, 20200, 40400, 72600, 104800, 125000, 157200, 177400, 197600, 229800, 250000, 282200, 314400, 334600, 366800, 399000, 419200, 437400, 457600, 477800, 510000, 542200, 574400, 606600, 638800, 659000, 679200, 699400, 731600, 751800, 772000, 804200, 824400, 844600, 864800, 897000, 929200, 949400, 981600, 1001800, 1034000, 1066200, 1086400, 1118600, 1150800, 1171000, 1203200, 1223400, 1255600, 1275800, 1296000, 1328200, 1348400, 1380600, 1412800, 1433000, 1465200, 1485400, 1505600, 1537800, 1570000, 1602200, 1622400, 1654600, 1686800, 1707000, 1727200, 1759400, 1791600, 1823800, 1856000, 1888200, 1908400, 1940600, 1960800, 1981000, 2001200, 2021400, 2041600, 2061800, 2094000, 2114200, 2134400, 2154600, 2174800, 2207000, 2239200, 2271400, 2303600, 2323800, 2356000, 2388200, 2420400, 2440600, 2460800, 2493000, 2513200, 2545400, 2563600, 2583800, 2602000], "centralserveraccuracy": [0.1038, 0.1, 0.1, 0.1, 0.1, 0.1017, 0.1, 0.1147, 0.1, 0.1071, 0.1, 0.1, 0.1, 0.1, 0.1, 0.1, 0.1122, 0.1, 0.1, 0.1054, 0.1327, 0.1, 0.1, 0.1, 0.1398, 0.1, 0.1144, 0.1, 0.1, 0.1575, 0.1, 0.1001, 0.1041, 0.1019, 0.1, 0.114, 0.1111, 0.0998, 0.1819, 0.1607, 0.1566, 0.1173, 0.1064, 0.1, 0.1, 0.1, 0.1016, 0.1003, 0.1111, 0.1004, 0.1029, 0.1369, 0.1092, 0.1202, 0.1, 0.1252, 0.1, 0.1, 0.1062, 0.1217, 0.1156, 0.1664, 0.134, 0.1636, 0.1, 0.1041, 0.1208, 0.1897, 0.1293, 0.1392, 0.1403, 0.1054, 0.1, 0.1274, 0.111, 0.1811, 0.1348, 0.1226, 0.1, 0.1018, 0.1074, 0.1, 0.1, 0.1006, 0.1241, 0.1319, 0.1712, 0.1007, 0.1347, 0.1202, 0.1, 0.1009, 0.1062, 0.1242, 0.1463, 0.1041, 0.1001, 0.1393, 0.1013, 0.1086, 0.1445], "centralserverloss": [2.3033908157348635, 3.267111141586304, 3.3589860107421874, 2.948838423538208, 3.2979176429748533, 3.272021841430664, 2.962917371368408, 3.251293974685669, 3.906510704421997, 2.6756537326812744, 3.0311476753234863, 3.5796797229766844, 3.2593184032440186, 4.046348875045776, 3.739638362503052, 2.986356516265869, 2.8923547763824464, 3.0570913230895997, 2.964506304168701, 3.1317515811920167, 3.2972875839233398, 2.6632503429412844, 3.0225338973999025, 3.127332439804077, 2.8197413730621337, 2.9543364891052244, 2.629733369445801, 2.824097804260254, 2.9085688312530515, 2.623094005203247, 2.9007754974365234, 2.5077688919067382, 3.026986187362671, 2.6629611270904543, 4.129566207122803, 3.6724829948425293, 3.111457772064209, 2.87957765083313, 2.5428655838012695, 2.346452547454834, 2.574797876739502, 2.9133659755706787, 2.7229085289001467, 3.4274001392364504, 5.438147974395752, 3.745071308898926, 2.9423197792053224, 3.0129870769500733, 2.594328130722046, 2.716239569854736, 3.3369197772979735, 2.3897554306030275, 3.0875558544158936, 2.709307074356079, 4.529859799194336, 2.857571241760254, 3.082692569351196, 4.066010132598877, 3.696889071273804, 2.928340627288818, 2.6307476638793945, 2.622858964920044, 2.3372666183471678, 2.570561898803711, 3.5710473197937014, 3.1689481353759765, 3.0399806961059572, 2.5925650146484376, 2.575657834625244, 2.5273125896453856, 2.4821225688934327, 2.9287619316101074, 2.910237233352661, 2.95477042388916, 2.4356086334228517, 2.382633291244507, 2.9762350494384764, 2.6675202842712404, 3.593111735534668, 3.080465114593506, 2.490414559173584, 3.6975230503082277, 2.9735144954681396, 2.8097468311309814, 2.7225353134155275, 2.70056198387146, 2.6880711269378663, 3.09166266746521, 2.700003657913208, 3.323531394958496, 2.9217746631622314, 3.101594237136841, 2.5561861183166505, 3.0893073253631593, 2.520046287918091, 2.7635611297607423, 2.985972649383545, 2.383772481536865, 3.1000285022735596, 2.557504018783569, 2.5653537902832033], "centralserverround": [0, 1, 2, 3, 4, 5, 6, 7, 8, 9, 10, 11, 12, 13, 14, 15, 16, 17, 18, 19, 20, 21, 22, 23, 24, 25, 26, 27, 28, 29, 30, 31, 32, 33, 34, 35, 36, 37, 38, 39, 40, 41, 42, 43, 44, 45, 46, 47, 48, 49, 50, 51, 52, 53, 54, 55, 56, 57, 58, 59, 60, 61, 62, 63, 64, 65, 66, 67, 68, 69, 70, 71, 72, 73, 74, 75, 76, 77, 78, 79, 80, 81, 82, 83, 84, 85, 86, 87, 88, 89, 90, 91, 92, 93, 94, 95, 96, 97, 98, 99, 100]}