{"centralservertimepast": [0, 8700, 17400, 26100, 34800, 43500, 52200, 60900, 69600, 78300, 87000, 95700, 104400, 113100, 121800, 130500, 139200, 147900, 156600, 165300, 174000, 182700, 191400, 200100, 208800, 217500, 226200, 234900, 243600, 252300, 261000, 269700, 278400, 287100, 295800, 304500, 313200, 321900, 330600, 339300, 348000, 356700, 365400, 374100, 382800, 391500, 400200, 408900, 417600, 426300, 435000], "centralserveraccuracy": [0.0886, 0.3626, 0.3943, 0.423, 0.4509, 0.4745, 0.4962, 0.5161, 0.5289, 0.5445, 0.5563, 0.569, 0.5801, 0.5888, 0.598, 0.6056, 0.6124, 0.6166, 0.6197, 0.6246, 0.6274, 0.6316, 0.6333, 0.6347, 0.6348, 0.6373, 0.6398, 0.6395, 0.6408, 0.6433, 0.6438, 0.6451, 0.6468, 0.648, 0.649, 0.6498, 0.6498, 0.6488, 0.6497, 0.6508, 0.6506, 0.6503, 0.6518, 0.6526, 0.6531, 0.6528, 0.6535, 0.6541, 0.6542, 0.6543, 0.6547], "centralserverloss": [2.3058451583862305, 1.8758709028244018, 1.74386042137146, 1.6394823453903198, 1.5515423280715943, 1.4791830717086791, 1.4197100908279419, 1.370485219192505, 1.3284887865066528, 1.2917056232452393, 1.2595990280151368, 1.2324681673049926, 1.210589949798584, 1.1949857095718384, 1.184486947631836, 1.1811541227340698, 1.1823035764694214, 1.190517465019226, 1.2036540252685546, 1.213176628112793, 1.2210107160568238, 1.233632343673706, 1.2467711503982544, 1.258425110244751, 1.2698739810943604, 1.2793183715820313, 1.2864052551269531, 1.3091678030014038, 1.3251183208465576, 1.3399430353164672, 1.3546934925079346, 1.3758064065933227, 1.392584379196167, 1.4212090633392334, 1.4410734115600585, 1.4574126054763794, 1.4761247383117675, 1.477316651916504, 1.5026761978149414, 1.5245308561325073, 1.5364079959869386, 1.5521615013122558, 1.56722497215271, 1.5761447877883912, 1.588958952140808, 1.599143578529358, 1.6074933227539063, 1.615789081954956, 1.6234301284790038, 1.6283821666717528, 1.632928756904602], "centralserverround": [0, 1, 2, 3, 4, 5, 6, 7, 8, 9, 10, 11, 12, 13, 14, 15, 16, 17, 18, 19, 20, 21, 22, 23, 24, 25, 26, 27, 28, 29, 30, 31, 32, 33, 34, 35, 36, 37, 38, 39, 40, 41, 42, 43, 44, 45, 46, 47, 48, 49, 50], "clustertimepast": [[], [], [], [], []], "clusteraccuracy": [[], [], [], [], []], "clusterloss": [[], [], [], [], []], "clusterround": [[], [], [], [], []]}