{"centralservertimepast": [0, 3170, 6340, 9510, 12680, 15850, 19020, 22190, 25360, 28530, 31700, 34870, 38040, 41210, 44380, 47550, 50720, 53890, 57060, 60230, 63400, 66570, 69740, 72910, 76080, 79250, 82420, 85590, 88760, 91930, 95100, 98270, 101440, 104610, 107780, 110950, 114120, 117290, 120460, 123630, 126800, 129970, 133140, 136310, 139480, 142650, 145820, 148990, 152160, 155330, 158500, 161670, 164840, 168010, 171180, 174350, 177520, 180690, 183860, 187030, 190200, 193370, 196540, 199710, 202880, 206050, 209220, 212390, 215560, 218730, 221900, 225070, 228240, 231410, 234580, 237750, 240920, 244090, 247260, 250430, 253600, 256770, 259940, 263110, 266280, 269450, 272620, 275790, 278960, 282130, 285300, 288470, 291640, 294810, 297980, 301150, 304320, 307490, 310660, 313830, 317000], "centralserveraccuracy": [0.1005, 0.1261, 0.1625, 0.1644, 0.1679, 0.1763, 0.1862, 0.1963, 0.2116, 0.2199, 0.2257, 0.2329, 0.2394, 0.2462, 0.2561, 0.2599, 0.2664, 0.2723, 0.2769, 0.281, 0.2845, 0.2889, 0.2932, 0.2963, 0.2998, 0.3024, 0.3065, 0.3087, 0.309, 0.3103, 0.3123, 0.3147, 0.3184, 0.3199, 0.3232, 0.326, 0.3284, 0.3306, 0.3312, 0.3342, 0.3365, 0.3374, 0.3407, 0.3423, 0.3452, 0.3457, 0.3485, 0.3512, 0.353, 0.3542, 0.3558, 0.358, 0.3595, 0.3617, 0.3632, 0.3653, 0.3647, 0.367, 0.3674, 0.3683, 0.369, 0.3701, 0.3721, 0.3725, 0.3748, 0.3765, 0.3781, 0.3788, 0.3833, 0.3825, 0.3867, 0.3862, 0.3884, 0.3903, 0.3937, 0.3966, 0.3977, 0.3994, 0.4009, 0.4011, 0.4001, 0.3976, 0.3999, 0.4015, 0.4039, 0.4016, 0.3921, 0.4041, 0.4052, 0.3965, 0.4095, 0.4136, 0.4146, 0.4022, 0.4197, 0.4102, 0.4156, 0.4076, 0.3879, 0.3996, 0.3976], "centralserverloss": [2.3034168884277344, 2.295863927459717, 2.2861436267852784, 2.275870782089233, 2.26612389793396, 2.2556042102813723, 2.2437342292785645, 2.2297506507873535, 2.213053214263916, 2.1937599781036377, 2.1731556159973144, 2.151178886795044, 2.1290279899597166, 2.1068479553222654, 2.0854426761627196, 2.0656213359832765, 2.046606810760498, 2.0292614208221433, 2.0132320526123046, 1.9990324151992798, 1.9862771587371826, 1.9745565881729126, 1.9629455335617065, 1.9534363744735719, 1.9446263719558716, 1.9360664909362792, 1.9284637985229491, 1.9206096168518065, 1.913969930267334, 1.9078454929351807, 1.9006284246444702, 1.8946957124710082, 1.8886242670059203, 1.8826489879608155, 1.877229103088379, 1.8713535806655883, 1.8657750833511353, 1.8603601936340333, 1.8553846549987794, 1.8510733934402466, 1.8463535070419312, 1.8417989015579224, 1.8375506813049316, 1.8330368614196777, 1.8284115032196044, 1.8240512720108033, 1.8196440149307251, 1.8157461778640747, 1.8112794548034667, 1.8071247747421264, 1.8029124055862427, 1.7992259349822999, 1.7949747663497926, 1.7914735879898072, 1.7879821039199828, 1.784344547843933, 1.7814290132522583, 1.776939196205139, 1.7747764944076538, 1.7699900342941284, 1.7679427196502686, 1.7638487422943114, 1.759676210975647, 1.7567174575805664, 1.7540848936080933, 1.7523239938735962, 1.7489212062835693, 1.7445132329940796, 1.7415140241622924, 1.7386553955078126, 1.7336034004211425, 1.7321526622772216, 1.729099058151245, 1.7250474473953248, 1.7190539045333861, 1.7121155069351197, 1.7120339403152465, 1.7141552793502808, 1.704760307121277, 1.6943638353347779, 1.7029161592483522, 1.6951448194503784, 1.7025650184631347, 1.686189451789856, 1.682607419013977, 1.7011618005752565, 1.7106087293624879, 1.6990009359359741, 1.6971101867675782, 1.6926034017562865, 1.6873753366470337, 1.673430827140808, 1.674393578338623, 1.6995371406555175, 1.6650171789169312, 1.7112949348449706, 1.6748894493103028, 1.7424555591583253, 1.7347395925521851, 1.7700503168106079, 1.7184835830688476], "centralserverround": [0, 1, 2, 3, 4, 5, 6, 7, 8, 9, 10, 11, 12, 13, 14, 15, 16, 17, 18, 19, 20, 21, 22, 23, 24, 25, 26, 27, 28, 29, 30, 31, 32, 33, 34, 35, 36, 37, 38, 39, 40, 41, 42, 43, 44, 45, 46, 47, 48, 49, 50, 51, 52, 53, 54, 55, 56, 57, 58, 59, 60, 61, 62, 63, 64, 65, 66, 67, 68, 69, 70, 71, 72, 73, 74, 75, 76, 77, 78, 79, 80, 81, 82, 83, 84, 85, 86, 87, 88, 89, 90, 91, 92, 93, 94, 95, 96, 97, 98, 99, 100]}