Intraclustering type : sync
Interclustering type : sync
Model name : cnncifar10, Dataset name : cifar10
Client num : 100
Data heterogeneity type : iid
System heterogeneity : alltimesame
Clustering type : clusterbyclientorder, Cluster num : 100, Cluster size : 1
Cluster communication time : 0
Central server epoch : 100
Cluster epoch type : fixed,, Cluster epoch : 1
Local epoch type : custom,, local epoch : 5
Optimizer name : sgd, Lr : 0.01, Batch size : 32, Random seed : 3, Setting random seed :5, Device : cuda, Regularizationcoefficient : 0.0, Clusterparticipationratio : 10, Clientparticipationratio : 100

----------------------------------------------------------------------------------------------------

Central server round 0, loss : 2.30, accuracy :8.68%
['0:2.90%', '1:0.00%', '2:38.90%', '3:0.00%', '4:0.00%', '5:0.00%', '6:0.00%', '7:0.00%', '8:33.50%', '9:11.50%']
                                          ->0msec
                                                     -> Cluster 30, loss : 2.30, accuracy 8.68%, model from round 1
                                                     ['0:2.90%', '1:0.00%', '2:38.90%', '3:0.00%', '4:0.00%', '5:0.00%', '6:0.00%', '7:0.00%', '8:33.50%', '9:11.50%']
                                                                                              <-> Client 0, global : from 8.68% to 10.00%, local : from 8.20% to 13.60%, training time : 8200msec
                                                     Cluster 30, round 1, loss : 2.30, accuracy 10.00% <-
                                                     Time past : 8200msec
                                                     ['0:0.00%', '1:0.00%', '2:0.00%', '3:0.00%', '4:0.00%', '5:100.00%', '6:0.00%', '7:0.00%', '8:0.00%', '9:0.00%']
                                          0msec<-
                                          ->0msec
                                                     -> Cluster 75, loss : 2.30, accuracy 8.68%, model from round 1
                                                     ['0:2.90%', '1:0.00%', '2:38.90%', '3:0.00%', '4:0.00%', '5:0.00%', '6:0.00%', '7:0.00%', '8:33.50%', '9:11.50%']
                                                                                              <-> Client 0, global : from 8.68% to 13.92%, local : from 10.00% to 16.00%, training time : 16200msec
                                                     Cluster 75, round 1, loss : 2.30, accuracy 13.92% <-
                                                     Time past : 16200msec
                                                     ['0:0.00%', '1:37.20%', '2:92.60%', '3:0.10%', '4:0.00%', '5:1.60%', '6:2.70%', '7:0.00%', '8:1.50%', '9:3.50%']
                                          0msec<-
                                          ->0msec
                                                     -> Cluster 69, loss : 2.30, accuracy 8.68%, model from round 1
                                                     ['0:2.90%', '1:0.00%', '2:38.90%', '3:0.00%', '4:0.00%', '5:0.00%', '6:0.00%', '7:0.00%', '8:33.50%', '9:11.50%']
                                                                                              <-> Client 0, global : from 8.68% to 14.37%, local : from 12.00% to 20.40%, training time : 16200msec
                                                     Cluster 69, round 1, loss : 2.29, accuracy 14.37% <-
                                                     Time past : 16200msec
                                                     ['0:0.00%', '1:52.30%', '2:0.00%', '3:0.00%', '4:0.00%', '5:0.00%', '6:7.60%', '7:0.00%', '8:83.80%', '9:0.00%']
                                          0msec<-
                                          ->0msec
                                                     -> Cluster 16, loss : 2.30, accuracy 8.68%, model from round 1
                                                     ['0:2.90%', '1:0.00%', '2:38.90%', '3:0.00%', '4:0.00%', '5:0.00%', '6:0.00%', '7:0.00%', '8:33.50%', '9:11.50%']
                                                                                              <-> Client 0, global : from 8.68% to 10.00%, local : from 8.00% to 12.00%, training time : 8200msec
                                                     Cluster 16, round 1, loss : 2.30, accuracy 10.00% <-
                                                     Time past : 8200msec
                                                     ['0:0.00%', '1:0.00%', '2:0.00%', '3:100.00%', '4:0.00%', '5:0.00%', '6:0.00%', '7:0.00%', '8:0.00%', '9:0.00%']
                                          0msec<-
                                          ->0msec
                                                     -> Cluster 47, loss : 2.30, accuracy 8.68%, model from round 1
                                                     ['0:2.90%', '1:0.00%', '2:38.90%', '3:0.00%', '4:0.00%', '5:0.00%', '6:0.00%', '7:0.00%', '8:33.50%', '9:11.50%']
                                                                                              <-> Client 0, global : from 8.68% to 14.20%, local : from 6.40% to 19.80%, training time : 8200msec
                                                     Cluster 47, round 1, loss : 2.30, accuracy 14.20% <-
                                                     Time past : 8200msec
                                                     ['0:0.00%', '1:11.30%', '2:0.00%', '3:0.00%', '4:0.00%', '5:38.80%', '6:0.00%', '7:0.00%', '8:91.90%', '9:0.00%']
                                          0msec<-
                                          ->0msec
                                                     -> Cluster 77, loss : 2.30, accuracy 8.68%, model from round 1
                                                     ['0:2.90%', '1:0.00%', '2:38.90%', '3:0.00%', '4:0.00%', '5:0.00%', '6:0.00%', '7:0.00%', '8:33.50%', '9:11.50%']
                                                                                              <-> Client 0, global : from 8.68% to 15.15%, local : from 7.00% to 21.40%, training time : 16200msec
                                                     Cluster 77, round 1, loss : 2.30, accuracy 15.15% <-
                                                     Time past : 16200msec
                                                     ['0:0.00%', '1:0.00%', '2:0.00%', '3:0.00%', '4:0.00%', '5:70.90%', '6:0.00%', '7:0.00%', '8:0.00%', '9:80.60%']
                                          0msec<-
                                          ->0msec
                                                     -> Cluster 60, loss : 2.30, accuracy 8.68%, model from round 1
                                                     ['0:2.90%', '1:0.00%', '2:38.90%', '3:0.00%', '4:0.00%', '5:0.00%', '6:0.00%', '7:0.00%', '8:33.50%', '9:11.50%']
                                                                                              <-> Client 0, global : from 8.68% to 10.12%, local : from 9.00% to 12.80%, training time : 16200msec
                                                     Cluster 60, round 1, loss : 2.28, accuracy 10.12% <-
                                                     Time past : 16200msec
                                                     ['0:0.00%', '1:0.00%', '2:0.00%', '3:0.40%', '4:0.80%', '5:0.20%', '6:0.00%', '7:0.00%', '8:99.80%', '9:0.00%']
                                          0msec<-
                                          ->0msec
                                                     -> Cluster 80, loss : 2.30, accuracy 8.68%, model from round 1
                                                     ['0:2.90%', '1:0.00%', '2:38.90%', '3:0.00%', '4:0.00%', '5:0.00%', '6:0.00%', '7:0.00%', '8:33.50%', '9:11.50%']
                                                                                              <-> Client 0, global : from 8.68% to 13.04%, local : from 6.80% to 17.80%, training time : 16200msec
                                                     Cluster 80, round 1, loss : 2.29, accuracy 13.04% <-
                                                     Time past : 16200msec
                                                     ['0:0.00%', '1:80.00%', '2:0.00%', '3:6.00%', '4:0.00%', '5:0.30%', '6:0.00%', '7:0.00%', '8:0.00%', '9:44.10%']
                                          0msec<-
                                          ->0msec
                                                     -> Cluster 74, loss : 2.30, accuracy 8.68%, model from round 1
                                                     ['0:2.90%', '1:0.00%', '2:38.90%', '3:0.00%', '4:0.00%', '5:0.00%', '6:0.00%', '7:0.00%', '8:33.50%', '9:11.50%']
                                                                                              <-> Client 0, global : from 8.68% to 17.95%, local : from 8.20% to 21.80%, training time : 16200msec
                                                     Cluster 74, round 1, loss : 2.29, accuracy 17.95% <-
                                                     Time past : 16200msec
                                                     ['0:50.60%', '1:59.30%', '2:15.20%', '3:0.00%', '4:0.00%', '5:0.00%', '6:0.00%', '7:0.00%', '8:0.00%', '9:54.40%']
                                          0msec<-
                                          ->0msec
                                                     -> Cluster 8, loss : 2.30, accuracy 8.68%, model from round 1
                                                     ['0:2.90%', '1:0.00%', '2:38.90%', '3:0.00%', '4:0.00%', '5:0.00%', '6:0.00%', '7:0.00%', '8:33.50%', '9:11.50%']
                                                                                              <-> Client 0, global : from 8.68% to 12.06%, local : from 9.80% to 15.60%, training time : 8200msec
                                                     Cluster 8, round 1, loss : 2.30, accuracy 12.06% <-
                                                     Time past : 8200msec
                                                     ['0:8.70%', '1:0.00%', '2:16.20%', '3:0.00%', '4:0.00%', '5:0.00%', '6:0.00%', '7:0.00%', '8:0.00%', '9:95.70%']
                                          0msec<-
Central server round 1, loss : 2.29, accuracy :16.98%
Time past: 16200msec
['0:0.00%', '1:58.30%', '2:0.00%', '3:0.00%', '4:0.00%', '5:44.80%', '6:0.00%', '7:0.00%', '8:10.70%', '9:56.00%']
                                          ->0msec
                                                     -> Cluster 81, loss : 2.29, accuracy 16.98%, model from round 2
                                                     ['0:0.00%', '1:58.30%', '2:0.00%', '3:0.00%', '4:0.00%', '5:44.80%', '6:0.00%', '7:0.00%', '8:10.70%', '9:56.00%']
                                                                                              <-> Client 0, global : from 16.98% to 22.58%, local : from 17.80% to 28.20%, training time : 16200msec
                                                     Cluster 81, round 1, loss : 2.22, accuracy 22.58% <-
                                                     Time past : 16200msec
                                                     ['0:27.40%', '1:37.40%', '2:0.70%', '3:27.80%', '4:0.00%', '5:5.50%', '6:52.40%', '7:0.00%', '8:15.10%', '9:59.50%']
                                          0msec<-
                                          ->0msec
                                                     -> Cluster 19, loss : 2.29, accuracy 16.98%, model from round 2
                                                     ['0:0.00%', '1:58.30%', '2:0.00%', '3:0.00%', '4:0.00%', '5:44.80%', '6:0.00%', '7:0.00%', '8:10.70%', '9:56.00%']
                                                                                              <-> Client 0, global : from 16.98% to 14.27%, local : from 18.00% to 18.00%, training time : 8200msec
                                                     Cluster 19, round 1, loss : 2.27, accuracy 14.27% <-
                                                     Time past : 8200msec
                                                     ['0:92.70%', '1:20.90%', '2:0.00%', '3:0.00%', '4:0.00%', '5:10.60%', '6:0.00%', '7:0.00%', '8:0.00%', '9:18.50%']
                                          0msec<-
                                          ->0msec
                                                     -> Cluster 66, loss : 2.29, accuracy 16.98%, model from round 2
                                                     ['0:0.00%', '1:58.30%', '2:0.00%', '3:0.00%', '4:0.00%', '5:44.80%', '6:0.00%', '7:0.00%', '8:10.70%', '9:56.00%']
                                                                                              <-> Client 0, global : from 16.98% to 19.08%, local : from 17.60% to 22.60%, training time : 16200msec
                                                     Cluster 66, round 1, loss : 2.22, accuracy 19.08% <-
                                                     Time past : 16200msec
                                                     ['0:0.00%', '1:10.80%', '2:8.00%', '3:7.70%', '4:0.00%', '5:71.50%', '6:0.00%', '7:9.40%', '8:27.40%', '9:56.00%']
                                          0msec<-
                                          ->0msec
                                                     -> Cluster 49, loss : 2.29, accuracy 16.98%, model from round 2
                                                     ['0:0.00%', '1:58.30%', '2:0.00%', '3:0.00%', '4:0.00%', '5:44.80%', '6:0.00%', '7:0.00%', '8:10.70%', '9:56.00%']
                                                                                              <-> Client 0, global : from 16.98% to 13.97%, local : from 19.20% to 17.20%, training time : 8200msec
                                                     Cluster 49, round 1, loss : 2.27, accuracy 13.97% <-
                                                     Time past : 8200msec
                                                     ['0:0.00%', '1:0.00%', '2:9.20%', '3:0.10%', '4:0.00%', '5:23.90%', '6:12.40%', '7:0.00%', '8:0.00%', '9:94.10%']
                                          0msec<-
                                          ->0msec
                                                     -> Cluster 94, loss : 2.29, accuracy 16.98%, model from round 2
                                                     ['0:0.00%', '1:58.30%', '2:0.00%', '3:0.00%', '4:0.00%', '5:44.80%', '6:0.00%', '7:0.00%', '8:10.70%', '9:56.00%']
                                                                                              <-> Client 0, global : from 16.98% to 15.69%, local : from 15.60% to 19.80%, training time : 16200msec
                                                     Cluster 94, round 1, loss : 2.24, accuracy 15.69% <-
                                                     Time past : 16200msec
                                                     ['0:0.00%', '1:0.10%', '2:95.10%', '3:0.00%', '4:0.00%', '5:0.00%', '6:0.00%', '7:0.20%', '8:29.10%', '9:32.40%']
                                          0msec<-
                                          ->0msec
                                                     -> Cluster 1, loss : 2.29, accuracy 16.98%, model from round 2
                                                     ['0:0.00%', '1:58.30%', '2:0.00%', '3:0.00%', '4:0.00%', '5:44.80%', '6:0.00%', '7:0.00%', '8:10.70%', '9:56.00%']
                                                                                              <-> Client 0, global : from 16.98% to 14.75%, local : from 15.20% to 17.80%, training time : 8200msec
                                                     Cluster 1, round 1, loss : 2.27, accuracy 14.75% <-
                                                     Time past : 8200msec
                                                     ['0:93.20%', '1:0.00%', '2:0.00%', '3:33.90%', '4:0.00%', '5:0.80%', '6:0.00%', '7:3.40%', '8:0.00%', '9:16.20%']
                                          0msec<-
                                          ->0msec
                                                     -> Cluster 85, loss : 2.29, accuracy 16.98%, model from round 2
                                                     ['0:0.00%', '1:58.30%', '2:0.00%', '3:0.00%', '4:0.00%', '5:44.80%', '6:0.00%', '7:0.00%', '8:10.70%', '9:56.00%']
                                                                                              <-> Client 0, global : from 16.98% to 24.09%, local : from 16.60% to 28.80%, training time : 16200msec
                                                     Cluster 85, round 1, loss : 2.21, accuracy 24.09% <-
                                                     Time past : 16200msec
                                                     ['0:43.90%', '1:0.20%', '2:26.00%', '3:0.00%', '4:25.50%', '5:31.20%', '6:19.30%', '7:3.20%', '8:29.90%', '9:61.70%']
                                          0msec<-
                                          ->0msec
                                                     -> Cluster 99, loss : 2.29, accuracy 16.98%, model from round 2
                                                     ['0:0.00%', '1:58.30%', '2:0.00%', '3:0.00%', '4:0.00%', '5:44.80%', '6:0.00%', '7:0.00%', '8:10.70%', '9:56.00%']
                                                                                              <-> Client 0, global : from 16.98% to 21.79%, local : from 18.20% to 25.80%, training time : 16200msec
                                                     Cluster 99, round 1, loss : 2.21, accuracy 21.79% <-
                                                     Time past : 16200msec
                                                     ['0:37.40%', '1:2.40%', '2:0.00%', '3:30.20%', '4:1.40%', '5:19.60%', '6:0.00%', '7:20.50%', '8:44.10%', '9:62.30%']
                                          0msec<-
                                          ->0msec
                                                     -> Cluster 8, loss : 2.29, accuracy 16.98%, model from round 2
                                                     ['0:0.00%', '1:58.30%', '2:0.00%', '3:0.00%', '4:0.00%', '5:44.80%', '6:0.00%', '7:0.00%', '8:10.70%', '9:56.00%']
                                                                                              <-> Client 0, global : from 16.98% to 18.97%, local : from 16.80% to 20.40%, training time : 8200msec
                                                     Cluster 8, round 1, loss : 2.28, accuracy 18.97% <-
                                                     Time past : 8200msec
                                                     ['0:47.00%', '1:0.00%', '2:61.40%', '3:0.00%', '4:0.00%', '5:4.70%', '6:0.00%', '7:0.00%', '8:1.40%', '9:75.20%']
                                          0msec<-
                                          ->0msec
                                                     -> Cluster 20, loss : 2.29, accuracy 16.98%, model from round 2
                                                     ['0:0.00%', '1:58.30%', '2:0.00%', '3:0.00%', '4:0.00%', '5:44.80%', '6:0.00%', '7:0.00%', '8:10.70%', '9:56.00%']
                                                                                              <-> Client 0, global : from 16.98% to 15.55%, local : from 12.60% to 18.00%, training time : 8200msec
                                                     Cluster 20, round 1, loss : 2.27, accuracy 15.55% <-
                                                     Time past : 8200msec
                                                     ['0:16.10%', '1:0.00%', '2:0.00%', '3:87.80%', '4:0.00%', '5:0.00%', '6:0.00%', '7:0.00%', '8:51.40%', '9:0.20%']
                                          0msec<-
Central server round 2, loss : 2.24, accuracy :20.41%
Time past: 32400msec
['0:65.50%', '1:2.40%', '2:16.90%', '3:9.00%', '4:0.00%', '5:28.60%', '6:0.00%', '7:0.00%', '8:17.20%', '9:64.50%']
                                          ->0msec
                                                     -> Cluster 46, loss : 2.24, accuracy 20.41%, model from round 3
                                                     ['0:65.50%', '1:2.40%', '2:16.90%', '3:9.00%', '4:0.00%', '5:28.60%', '6:0.00%', '7:0.00%', '8:17.20%', '9:64.50%']
                                                                                              <-> Client 0, global : from 20.41% to 23.47%, local : from 20.60% to 27.80%, training time : 8200msec
                                                     Cluster 46, round 1, loss : 2.18, accuracy 23.47% <-
                                                     Time past : 8200msec
                                                     ['0:45.00%', '1:29.10%', '2:0.00%', '3:41.60%', '4:0.00%', '5:35.00%', '6:3.40%', '7:0.00%', '8:46.70%', '9:33.90%']
                                          0msec<-
                                          ->0msec
                                                     -> Cluster 12, loss : 2.24, accuracy 20.41%, model from round 3
                                                     ['0:65.50%', '1:2.40%', '2:16.90%', '3:9.00%', '4:0.00%', '5:28.60%', '6:0.00%', '7:0.00%', '8:17.20%', '9:64.50%']
                                                                                              <-> Client 0, global : from 20.41% to 18.65%, local : from 19.40% to 22.60%, training time : 8200msec
                                                     Cluster 12, round 1, loss : 2.19, accuracy 18.65% <-
                                                     Time past : 8200msec
                                                     ['0:72.30%', '1:3.40%', '2:0.00%', '3:35.10%', '4:0.00%', '5:12.70%', '6:8.90%', '7:0.00%', '8:43.60%', '9:10.50%']
                                          0msec<-
                                          ->0msec
                                                     -> Cluster 4, loss : 2.24, accuracy 20.41%, model from round 3
                                                     ['0:65.50%', '1:2.40%', '2:16.90%', '3:9.00%', '4:0.00%', '5:28.60%', '6:0.00%', '7:0.00%', '8:17.20%', '9:64.50%']
                                                                                              <-> Client 0, global : from 20.41% to 20.75%, local : from 19.60% to 21.60%, training time : 8200msec
                                                     Cluster 4, round 1, loss : 2.18, accuracy 20.75% <-
                                                     Time past : 8200msec
                                                     ['0:3.10%', '1:0.10%', '2:7.20%', '3:4.40%', '4:0.00%', '5:15.30%', '6:56.70%', '7:1.40%', '8:73.70%', '9:45.60%']
                                          0msec<-
                                          ->0msec
                                                     -> Cluster 17, loss : 2.24, accuracy 20.41%, model from round 3
                                                     ['0:65.50%', '1:2.40%', '2:16.90%', '3:9.00%', '4:0.00%', '5:28.60%', '6:0.00%', '7:0.00%', '8:17.20%', '9:64.50%']
                                                                                              <-> Client 0, global : from 20.41% to 23.57%, local : from 18.80% to 25.40%, training time : 8200msec
                                                     Cluster 17, round 1, loss : 2.18, accuracy 23.57% <-
                                                     Time past : 8200msec
                                                     ['0:61.00%', '1:9.40%', '2:16.70%', '3:6.40%', '4:0.00%', '5:4.50%', '6:25.00%', '7:24.10%', '8:31.30%', '9:57.30%']
                                          0msec<-
                                          ->0msec
                                                     -> Cluster 63, loss : 2.24, accuracy 20.41%, model from round 3
                                                     ['0:65.50%', '1:2.40%', '2:16.90%', '3:9.00%', '4:0.00%', '5:28.60%', '6:0.00%', '7:0.00%', '8:17.20%', '9:64.50%']
                                                                                              <-> Client 0, global : from 20.41% to 18.95%, local : from 17.40% to 24.80%, training time : 16200msec
                                                     Cluster 63, round 1, loss : 2.14, accuracy 18.95% <-
                                                     Time past : 16200msec
                                                     ['0:0.00%', '1:64.90%', '2:3.30%', '3:23.00%', '4:0.00%', '5:25.80%', '6:18.60%', '7:26.60%', '8:25.80%', '9:1.50%']
                                          0msec<-
                                          ->0msec
                                                     -> Cluster 27, loss : 2.24, accuracy 20.41%, model from round 3
                                                     ['0:65.50%', '1:2.40%', '2:16.90%', '3:9.00%', '4:0.00%', '5:28.60%', '6:0.00%', '7:0.00%', '8:17.20%', '9:64.50%']
                                                                                              <-> Client 0, global : from 20.41% to 24.23%, local : from 16.40% to 23.60%, training time : 8200msec
                                                     Cluster 27, round 1, loss : 2.19, accuracy 24.23% <-
                                                     Time past : 8200msec
                                                     ['0:48.00%', '1:19.00%', '2:0.10%', '3:0.00%', '4:0.00%', '5:59.10%', '6:7.10%', '7:26.50%', '8:39.40%', '9:43.10%']
                                          0msec<-
                                          ->0msec
                                                     -> Cluster 33, loss : 2.24, accuracy 20.41%, model from round 3
                                                     ['0:65.50%', '1:2.40%', '2:16.90%', '3:9.00%', '4:0.00%', '5:28.60%', '6:0.00%', '7:0.00%', '8:17.20%', '9:64.50%']
                                                                                              <-> Client 0, global : from 20.41% to 18.23%, local : from 18.80% to 20.40%, training time : 8200msec
                                                     Cluster 33, round 1, loss : 2.19, accuracy 18.23% <-
                                                     Time past : 8200msec
                                                     ['0:9.30%', '1:0.00%', '2:1.00%', '3:35.70%', '4:0.00%', '5:12.50%', '6:33.40%', '7:0.00%', '8:83.20%', '9:7.20%']
                                          0msec<-
                                          ->0msec
                                                     -> Cluster 86, loss : 2.24, accuracy 20.41%, model from round 3
                                                     ['0:65.50%', '1:2.40%', '2:16.90%', '3:9.00%', '4:0.00%', '5:28.60%', '6:0.00%', '7:0.00%', '8:17.20%', '9:64.50%']
                                                                                              <-> Client 0, global : from 20.41% to 25.31%, local : from 21.80% to 30.60%, training time : 16200msec
                                                     Cluster 86, round 1, loss : 2.12, accuracy 25.31% <-
                                                     Time past : 16200msec
                                                     ['0:51.60%', '1:9.20%', '2:0.60%', '3:0.00%', '4:30.00%', '5:47.00%', '6:41.60%', '7:1.10%', '8:26.10%', '9:45.90%']
                                          0msec<-
                                          ->0msec
                                                     -> Cluster 55, loss : 2.24, accuracy 20.41%, model from round 3
                                                     ['0:65.50%', '1:2.40%', '2:16.90%', '3:9.00%', '4:0.00%', '5:28.60%', '6:0.00%', '7:0.00%', '8:17.20%', '9:64.50%']
                                                                                              <-> Client 0, global : from 20.41% to 20.26%, local : from 20.60% to 24.40%, training time : 16200msec
                                                     Cluster 55, round 1, loss : 2.15, accuracy 20.26% <-
                                                     Time past : 16200msec
                                                     ['0:15.90%', '1:0.50%', '2:60.10%', '3:0.00%', '4:0.00%', '5:38.40%', '6:0.10%', '7:0.90%', '8:73.60%', '9:13.10%']
                                          0msec<-
                                          ->0msec
                                                     -> Cluster 99, loss : 2.24, accuracy 20.41%, model from round 3
                                                     ['0:65.50%', '1:2.40%', '2:16.90%', '3:9.00%', '4:0.00%', '5:28.60%', '6:0.00%', '7:0.00%', '8:17.20%', '9:64.50%']
                                                                                              <-> Client 0, global : from 20.41% to 25.64%, local : from 21.40% to 28.40%, training time : 16200msec
                                                     Cluster 99, round 1, loss : 2.12, accuracy 25.64% <-
                                                     Time past : 16200msec
                                                     ['0:51.70%', '1:20.20%', '2:0.00%', '3:2.40%', '4:15.60%', '5:31.40%', '6:49.50%', '7:20.00%', '8:5.70%', '9:59.90%']
                                          0msec<-
Central server round 3, loss : 2.14, accuracy :25.88%
Time past: 48600msec
['0:53.10%', '1:9.10%', '2:7.80%', '3:3.60%', '4:0.30%', '5:37.80%', '6:37.90%', '7:8.30%', '8:53.70%', '9:47.20%']
                                          ->0msec
                                                     -> Cluster 89, loss : 2.14, accuracy 25.88%, model from round 4
                                                     ['0:53.10%', '1:9.10%', '2:7.80%', '3:3.60%', '4:0.30%', '5:37.80%', '6:37.90%', '7:8.30%', '8:53.70%', '9:47.20%']
                                                                                              <-> Client 0, global : from 25.88% to 26.29%, local : from 22.00% to 28.80%, training time : 16200msec
                                                     Cluster 89, round 1, loss : 2.06, accuracy 26.29% <-
                                                     Time past : 16200msec
                                                     ['0:62.70%', '1:14.70%', '2:2.60%', '3:29.60%', '4:0.00%', '5:16.40%', '6:48.10%', '7:1.60%', '8:50.80%', '9:36.40%']
                                          0msec<-
                                          ->0msec
                                                     -> Cluster 41, loss : 2.14, accuracy 25.88%, model from round 4
                                                     ['0:53.10%', '1:9.10%', '2:7.80%', '3:3.60%', '4:0.30%', '5:37.80%', '6:37.90%', '7:8.30%', '8:53.70%', '9:47.20%']
                                                                                              <-> Client 0, global : from 25.88% to 22.18%, local : from 24.60% to 25.60%, training time : 8200msec
                                                     Cluster 41, round 1, loss : 2.10, accuracy 22.18% <-
                                                     Time past : 8200msec
                                                     ['0:24.90%', '1:6.00%', '2:33.60%', '3:0.00%', '4:0.00%', '5:49.90%', '6:24.10%', '7:0.20%', '8:2.50%', '9:80.60%']
                                          0msec<-
                                          ->0msec
                                                     -> Cluster 69, loss : 2.14, accuracy 25.88%, model from round 4
                                                     ['0:53.10%', '1:9.10%', '2:7.80%', '3:3.60%', '4:0.30%', '5:37.80%', '6:37.90%', '7:8.30%', '8:53.70%', '9:47.20%']
                                                                                              <-> Client 0, global : from 25.88% to 20.60%, local : from 27.40% to 21.60%, training time : 16200msec
                                                     Cluster 69, round 1, loss : 2.28, accuracy 20.60% <-
                                                     Time past : 16200msec
                                                     ['0:27.00%', '1:9.70%', '2:1.30%', '3:0.00%', '4:0.00%', '5:39.00%', '6:12.40%', '7:0.80%', '8:81.80%', '9:34.00%']
                                          0msec<-
                                          ->0msec
                                                     -> Cluster 73, loss : 2.14, accuracy 25.88%, model from round 4
                                                     ['0:53.10%', '1:9.10%', '2:7.80%', '3:3.60%', '4:0.30%', '5:37.80%', '6:37.90%', '7:8.30%', '8:53.70%', '9:47.20%']
                                                                                              <-> Client 0, global : from 25.88% to 26.67%, local : from 25.60% to 29.80%, training time : 16200msec
                                                     Cluster 73, round 1, loss : 2.05, accuracy 26.67% <-
                                                     Time past : 16200msec
                                                     ['0:57.50%', '1:56.80%', '2:7.90%', '3:13.40%', '4:35.70%', '5:9.00%', '6:39.40%', '7:2.90%', '8:26.60%', '9:17.50%']
                                          0msec<-
                                          ->0msec
                                                     -> Cluster 72, loss : 2.14, accuracy 25.88%, model from round 4
                                                     ['0:53.10%', '1:9.10%', '2:7.80%', '3:3.60%', '4:0.30%', '5:37.80%', '6:37.90%', '7:8.30%', '8:53.70%', '9:47.20%']
                                                                                              <-> Client 0, global : from 25.88% to 23.34%, local : from 26.60% to 27.40%, training time : 16200msec
                                                     Cluster 72, round 1, loss : 2.10, accuracy 23.34% <-
                                                     Time past : 16200msec
                                                     ['0:11.90%', '1:4.30%', '2:26.80%', '3:0.00%', '4:1.10%', '5:22.30%', '6:60.70%', '7:32.00%', '8:12.50%', '9:61.80%']
                                          0msec<-
                                          ->0msec
                                                     -> Cluster 13, loss : 2.14, accuracy 25.88%, model from round 4
                                                     ['0:53.10%', '1:9.10%', '2:7.80%', '3:3.60%', '4:0.30%', '5:37.80%', '6:37.90%', '7:8.30%', '8:53.70%', '9:47.20%']
                                                                                              <-> Client 0, global : from 25.88% to 26.12%, local : from 25.20% to 29.80%, training time : 8200msec
                                                     Cluster 13, round 1, loss : 2.11, accuracy 26.12% <-
                                                     Time past : 8200msec
                                                     ['0:30.60%', '1:38.30%', '2:23.30%', '3:12.50%', '4:3.70%', '5:37.80%', '6:58.90%', '7:12.40%', '8:20.40%', '9:23.30%']
                                          0msec<-
                                          ->0msec
                                                     -> Cluster 91, loss : 2.14, accuracy 25.88%, model from round 4
                                                     ['0:53.10%', '1:9.10%', '2:7.80%', '3:3.60%', '4:0.30%', '5:37.80%', '6:37.90%', '7:8.30%', '8:53.70%', '9:47.20%']
                                                                                              <-> Client 0, global : from 25.88% to 20.55%, local : from 26.00% to 27.00%, training time : 16200msec
                                                     Cluster 91, round 1, loss : 2.16, accuracy 20.55% <-
                                                     Time past : 16200msec
                                                     ['0:14.30%', '1:21.40%', '2:14.00%', '3:0.20%', '4:0.00%', '5:26.70%', '6:89.60%', '7:3.90%', '8:2.40%', '9:33.00%']
                                          0msec<-
                                          ->0msec
                                                     -> Cluster 83, loss : 2.14, accuracy 25.88%, model from round 4
                                                     ['0:53.10%', '1:9.10%', '2:7.80%', '3:3.60%', '4:0.30%', '5:37.80%', '6:37.90%', '7:8.30%', '8:53.70%', '9:47.20%']
                                                                                              <-> Client 0, global : from 25.88% to 25.17%, local : from 29.80% to 31.00%, training time : 16200msec
                                                     Cluster 83, round 1, loss : 2.07, accuracy 25.17% <-
                                                     Time past : 16200msec
                                                     ['0:27.30%', '1:17.10%', '2:0.00%', '3:0.10%', '4:1.80%', '5:42.40%', '6:74.50%', '7:14.70%', '8:9.40%', '9:64.40%']
                                          0msec<-
                                          ->0msec
                                                     -> Cluster 27, loss : 2.14, accuracy 25.88%, model from round 4
                                                     ['0:53.10%', '1:9.10%', '2:7.80%', '3:3.60%', '4:0.30%', '5:37.80%', '6:37.90%', '7:8.30%', '8:53.70%', '9:47.20%']
                                                                                              <-> Client 0, global : from 25.88% to 22.91%, local : from 23.00% to 24.60%, training time : 8200msec
                                                     Cluster 27, round 1, loss : 2.11, accuracy 22.91% <-
                                                     Time past : 8200msec
                                                     ['0:7.20%', '1:4.30%', '2:0.00%', '3:0.00%', '4:0.00%', '5:47.70%', '6:72.50%', '7:2.40%', '8:33.30%', '9:61.70%']
                                          0msec<-
                                          ->0msec
                                                     -> Cluster 81, loss : 2.14, accuracy 25.88%, model from round 4
                                                     ['0:53.10%', '1:9.10%', '2:7.80%', '3:3.60%', '4:0.30%', '5:37.80%', '6:37.90%', '7:8.30%', '8:53.70%', '9:47.20%']
                                                                                              <-> Client 0, global : from 25.88% to 28.17%, local : from 27.20% to 37.20%, training time : 16200msec
                                                     Cluster 81, round 1, loss : 2.03, accuracy 28.17% <-
                                                     Time past : 16200msec
                                                     ['0:51.70%', '1:32.40%', '2:21.80%', '3:1.00%', '4:10.30%', '5:36.90%', '6:40.60%', '7:2.40%', '8:58.80%', '9:25.80%']
                                          0msec<-
Central server round 4, loss : 2.02, accuracy :28.79%
Time past: 64800msec
['0:47.70%', '1:21.70%', '2:19.10%', '3:0.60%', '4:0.60%', '5:43.50%', '6:60.80%', '7:7.40%', '8:31.20%', '9:55.30%']
                                          ->0msec
                                                     -> Cluster 19, loss : 2.02, accuracy 28.79%, model from round 5
                                                     ['0:47.70%', '1:21.70%', '2:19.10%', '3:0.60%', '4:0.60%', '5:43.50%', '6:60.80%', '7:7.40%', '8:31.20%', '9:55.30%']
                                                                                              <-> Client 0, global : from 28.79% to 27.75%, local : from 27.00% to 28.80%, training time : 8200msec
                                                     Cluster 19, round 1, loss : 2.02, accuracy 27.75% <-
                                                     Time past : 8200msec
                                                     ['0:48.90%', '1:15.50%', '2:6.00%', '3:0.00%', '4:56.10%', '5:25.30%', '6:31.80%', '7:4.90%', '8:18.00%', '9:71.00%']
                                          0msec<-
                                          ->0msec
                                                     -> Cluster 2, loss : 2.02, accuracy 28.79%, model from round 5
                                                     ['0:47.70%', '1:21.70%', '2:19.10%', '3:0.60%', '4:0.60%', '5:43.50%', '6:60.80%', '7:7.40%', '8:31.20%', '9:55.30%']
                                                                                              <-> Client 0, global : from 28.79% to 24.85%, local : from 27.60% to 28.00%, training time : 8200msec
                                                     Cluster 2, round 1, loss : 2.12, accuracy 24.85% <-
                                                     Time past : 8200msec
                                                     ['0:14.30%', '1:26.70%', '2:0.30%', '3:0.10%', '4:70.20%', '5:28.90%', '6:29.70%', '7:23.50%', '8:11.90%', '9:42.90%']
                                          0msec<-
                                          ->0msec
                                                     -> Cluster 37, loss : 2.02, accuracy 28.79%, model from round 5
                                                     ['0:47.70%', '1:21.70%', '2:19.10%', '3:0.60%', '4:0.60%', '5:43.50%', '6:60.80%', '7:7.40%', '8:31.20%', '9:55.30%']
                                                                                              <-> Client 0, global : from 28.79% to 27.01%, local : from 29.60% to 33.40%, training time : 8200msec
                                                     Cluster 37, round 1, loss : 2.00, accuracy 27.01% <-
                                                     Time past : 8200msec
                                                     ['0:21.00%', '1:22.80%', '2:0.00%', '3:31.50%', '4:1.70%', '5:36.10%', '6:35.80%', '7:8.20%', '8:72.00%', '9:41.00%']
                                          0msec<-
                                          ->0msec
                                                     -> Cluster 54, loss : 2.02, accuracy 28.79%, model from round 5
                                                     ['0:47.70%', '1:21.70%', '2:19.10%', '3:0.60%', '4:0.60%', '5:43.50%', '6:60.80%', '7:7.40%', '8:31.20%', '9:55.30%']
                                                                                              <-> Client 0, global : from 28.79% to 29.55%, local : from 30.40% to 36.20%, training time : 16200msec
                                                     Cluster 54, round 1, loss : 1.96, accuracy 29.55% <-
                                                     Time past : 16200msec
                                                     ['0:19.00%', '1:29.80%', '2:0.60%', '3:14.10%', '4:19.70%', '5:39.50%', '6:40.10%', '7:33.80%', '8:67.00%', '9:31.90%']
                                          0msec<-
                                          ->0msec
                                                     -> Cluster 98, loss : 2.02, accuracy 28.79%, model from round 5
                                                     ['0:47.70%', '1:21.70%', '2:19.10%', '3:0.60%', '4:0.60%', '5:43.50%', '6:60.80%', '7:7.40%', '8:31.20%', '9:55.30%']
                                                                                              <-> Client 0, global : from 28.79% to 29.34%, local : from 31.20% to 35.40%, training time : 16200msec
                                                     Cluster 98, round 1, loss : 1.99, accuracy 29.34% <-
                                                     Time past : 16200msec
                                                     ['0:34.10%', '1:19.90%', '2:0.10%', '3:14.10%', '4:7.00%', '5:33.40%', '6:59.30%', '7:26.60%', '8:73.50%', '9:25.40%']
                                          0msec<-
                                          ->0msec
                                                     -> Cluster 53, loss : 2.02, accuracy 28.79%, model from round 5
                                                     ['0:47.70%', '1:21.70%', '2:19.10%', '3:0.60%', '4:0.60%', '5:43.50%', '6:60.80%', '7:7.40%', '8:31.20%', '9:55.30%']
                                                                                              <-> Client 0, global : from 28.79% to 25.61%, local : from 21.00% to 28.60%, training time : 16200msec
                                                     Cluster 53, round 1, loss : 2.03, accuracy 25.61% <-
                                                     Time past : 16200msec
                                                     ['0:11.20%', '1:61.50%', '2:0.70%', '3:0.70%', '4:13.50%', '5:41.50%', '6:56.80%', '7:17.10%', '8:35.80%', '9:17.30%']
                                          0msec<-
                                          ->0msec
                                                     -> Cluster 15, loss : 2.02, accuracy 28.79%, model from round 5
                                                     ['0:47.70%', '1:21.70%', '2:19.10%', '3:0.60%', '4:0.60%', '5:43.50%', '6:60.80%', '7:7.40%', '8:31.20%', '9:55.30%']
                                                                                              <-> Client 0, global : from 28.79% to 28.65%, local : from 33.00% to 36.20%, training time : 8200msec
                                                     Cluster 15, round 1, loss : 2.01, accuracy 28.65% <-
                                                     Time past : 8200msec
                                                     ['0:40.10%', '1:56.40%', '2:10.10%', '3:0.10%', '4:3.90%', '5:30.40%', '6:58.30%', '7:24.90%', '8:18.90%', '9:43.40%']
                                          0msec<-
                                          ->0msec
                                                     -> Cluster 5, loss : 2.02, accuracy 28.79%, model from round 5
                                                     ['0:47.70%', '1:21.70%', '2:19.10%', '3:0.60%', '4:0.60%', '5:43.50%', '6:60.80%', '7:7.40%', '8:31.20%', '9:55.30%']
                                                                                              <-> Client 0, global : from 28.79% to 24.55%, local : from 31.20% to 27.20%, training time : 8200msec
                                                     Cluster 5, round 1, loss : 2.05, accuracy 24.55% <-
                                                     Time past : 8200msec
                                                     ['0:76.10%', '1:16.60%', '2:1.30%', '3:0.10%', '4:0.10%', '5:43.90%', '6:23.80%', '7:20.40%', '8:10.40%', '9:52.80%']
                                          0msec<-
                                          ->0msec
                                                     -> Cluster 77, loss : 2.02, accuracy 28.79%, model from round 5
                                                     ['0:47.70%', '1:21.70%', '2:19.10%', '3:0.60%', '4:0.60%', '5:43.50%', '6:60.80%', '7:7.40%', '8:31.20%', '9:55.30%']
                                                                                              <-> Client 0, global : from 28.79% to 27.15%, local : from 32.60% to 37.20%, training time : 16200msec
                                                     Cluster 77, round 1, loss : 2.05, accuracy 27.15% <-
                                                     Time past : 16200msec
                                                     ['0:40.70%', '1:2.70%', '2:0.20%', '3:1.10%', '4:0.00%', '5:51.20%', '6:51.20%', '7:42.00%', '8:20.00%', '9:62.40%']
                                          0msec<-
                                          ->0msec
                                                     -> Cluster 78, loss : 2.02, accuracy 28.79%, model from round 5
                                                     ['0:47.70%', '1:21.70%', '2:19.10%', '3:0.60%', '4:0.60%', '5:43.50%', '6:60.80%', '7:7.40%', '8:31.20%', '9:55.30%']
                                                                                              <-> Client 0, global : from 28.79% to 26.30%, local : from 29.20% to 33.60%, training time : 16200msec
                                                     Cluster 78, round 1, loss : 2.04, accuracy 26.30% <-
                                                     Time past : 16200msec
                                                     ['0:14.30%', '1:7.80%', '2:8.40%', '3:1.50%', '4:4.70%', '5:48.40%', '6:54.50%', '7:35.40%', '8:28.50%', '9:59.50%']
                                          0msec<-
Central server round 5, loss : 1.95, accuracy :30.77%
Time past: 81000msec
['0:40.40%', '1:24.30%', '2:4.30%', '3:1.40%', '4:8.20%', '5:46.20%', '6:56.00%', '7:29.40%', '8:44.20%', '9:53.30%']
                                          ->0msec
                                                     -> Cluster 76, loss : 1.95, accuracy 30.77%, model from round 6
                                                     ['0:40.40%', '1:24.30%', '2:4.30%', '3:1.40%', '4:8.20%', '5:46.20%', '6:56.00%', '7:29.40%', '8:44.20%', '9:53.30%']
                                                                                              <-> Client 0, global : from 30.77% to 30.15%, local : from 31.40% to 39.00%, training time : 16200msec
                                                     Cluster 76, round 1, loss : 1.95, accuracy 30.15% <-
                                                     Time past : 16200msec
                                                     ['0:15.60%', '1:20.10%', '2:3.10%', '3:6.90%', '4:42.20%', '5:45.30%', '6:39.30%', '7:35.30%', '8:40.60%', '9:53.10%']
                                          0msec<-
                                          ->0msec
                                                     -> Cluster 68, loss : 1.95, accuracy 30.77%, model from round 6
                                                     ['0:40.40%', '1:24.30%', '2:4.30%', '3:1.40%', '4:8.20%', '5:46.20%', '6:56.00%', '7:29.40%', '8:44.20%', '9:53.30%']
                                                                                              <-> Client 0, global : from 30.77% to 31.38%, local : from 31.80% to 37.80%, training time : 16200msec
                                                     Cluster 68, round 1, loss : 1.94, accuracy 31.38% <-
                                                     Time past : 16200msec
                                                     ['0:53.40%', '1:30.10%', '2:3.10%', '3:1.10%', '4:16.70%', '5:51.00%', '6:46.10%', '7:20.70%', '8:35.00%', '9:56.60%']
                                          0msec<-
                                          ->0msec
                                                     -> Cluster 4, loss : 1.95, accuracy 30.77%, model from round 6
                                                     ['0:40.40%', '1:24.30%', '2:4.30%', '3:1.40%', '4:8.20%', '5:46.20%', '6:56.00%', '7:29.40%', '8:44.20%', '9:53.30%']
                                                                                              <-> Client 0, global : from 30.77% to 28.25%, local : from 31.20% to 30.40%, training time : 8200msec
                                                     Cluster 4, round 1, loss : 2.04, accuracy 28.25% <-
                                                     Time past : 8200msec
                                                     ['0:63.40%', '1:26.50%', '2:2.00%', '3:17.20%', '4:8.20%', '5:20.90%', '6:39.00%', '7:7.70%', '8:49.20%', '9:48.40%']
                                          0msec<-
                                          ->0msec
                                                     -> Cluster 25, loss : 1.95, accuracy 30.77%, model from round 6
                                                     ['0:40.40%', '1:24.30%', '2:4.30%', '3:1.40%', '4:8.20%', '5:46.20%', '6:56.00%', '7:29.40%', '8:44.20%', '9:53.30%']
                                                                                              <-> Client 0, global : from 30.77% to 28.30%, local : from 29.80% to 31.20%, training time : 8200msec
                                                     Cluster 25, round 1, loss : 1.96, accuracy 28.30% <-
                                                     Time past : 8200msec
                                                     ['0:50.90%', '1:10.70%', '2:0.50%', '3:2.30%', '4:0.00%', '5:29.80%', '6:57.80%', '7:52.10%', '8:21.30%', '9:57.60%']
                                          0msec<-
                                          ->0msec
                                                     -> Cluster 52, loss : 1.95, accuracy 30.77%, model from round 6
                                                     ['0:40.40%', '1:24.30%', '2:4.30%', '3:1.40%', '4:8.20%', '5:46.20%', '6:56.00%', '7:29.40%', '8:44.20%', '9:53.30%']
                                                                                              <-> Client 0, global : from 30.77% to 31.66%, local : from 29.20% to 38.00%, training time : 16200msec
                                                     Cluster 52, round 1, loss : 1.95, accuracy 31.66% <-
                                                     Time past : 16200msec
                                                     ['0:59.90%', '1:49.70%', '2:0.80%', '3:21.80%', '4:44.60%', '5:26.70%', '6:30.30%', '7:38.40%', '8:25.90%', '9:18.50%']
                                          0msec<-
                                          ->0msec
                                                     -> Cluster 37, loss : 1.95, accuracy 30.77%, model from round 6
                                                     ['0:40.40%', '1:24.30%', '2:4.30%', '3:1.40%', '4:8.20%', '5:46.20%', '6:56.00%', '7:29.40%', '8:44.20%', '9:53.30%']
                                                                                              <-> Client 0, global : from 30.77% to 27.95%, local : from 31.00% to 31.00%, training time : 8200msec
                                                     Cluster 37, round 1, loss : 2.00, accuracy 27.95% <-
                                                     Time past : 8200msec
                                                     ['0:38.60%', '1:31.40%', '2:0.00%', '3:4.20%', '4:1.00%', '5:48.10%', '6:48.20%', '7:10.50%', '8:23.70%', '9:73.80%']
                                          0msec<-
                                          ->0msec
                                                     -> Cluster 78, loss : 1.95, accuracy 30.77%, model from round 6
                                                     ['0:40.40%', '1:24.30%', '2:4.30%', '3:1.40%', '4:8.20%', '5:46.20%', '6:56.00%', '7:29.40%', '8:44.20%', '9:53.30%']
                                                                                              <-> Client 0, global : from 30.77% to 27.08%, local : from 32.80% to 36.60%, training time : 16200msec
                                                     Cluster 78, round 1, loss : 2.03, accuracy 27.08% <-
                                                     Time past : 16200msec
                                                     ['0:19.40%', '1:14.70%', '2:14.70%', '3:17.60%', '4:2.80%', '5:27.00%', '6:46.50%', '7:3.90%', '8:75.00%', '9:49.20%']
                                          0msec<-
                                          ->0msec
                                                     -> Cluster 33, loss : 1.95, accuracy 30.77%, model from round 6
                                                     ['0:40.40%', '1:24.30%', '2:4.30%', '3:1.40%', '4:8.20%', '5:46.20%', '6:56.00%', '7:29.40%', '8:44.20%', '9:53.30%']
                                                                                              <-> Client 0, global : from 30.77% to 22.36%, local : from 27.40% to 23.60%, training time : 8200msec
                                                     Cluster 33, round 1, loss : 2.26, accuracy 22.36% <-
                                                     Time past : 8200msec
                                                     ['0:51.30%', '1:16.90%', '2:3.70%', '3:3.70%', '4:3.50%', '5:18.70%', '6:31.60%', '7:1.40%', '8:79.30%', '9:13.50%']
                                          0msec<-
                                          ->0msec
                                                     -> Cluster 19, loss : 1.95, accuracy 30.77%, model from round 6
                                                     ['0:40.40%', '1:24.30%', '2:4.30%', '3:1.40%', '4:8.20%', '5:46.20%', '6:56.00%', '7:29.40%', '8:44.20%', '9:53.30%']
                                                                                              <-> Client 0, global : from 30.77% to 25.83%, local : from 30.20% to 28.00%, training time : 8200msec
                                                     Cluster 19, round 1, loss : 2.10, accuracy 25.83% <-
                                                     Time past : 8200msec
                                                     ['0:43.30%', '1:22.20%', '2:6.60%', '3:0.20%', '4:17.50%', '5:35.20%', '6:11.30%', '7:3.30%', '8:55.20%', '9:63.50%']
                                          0msec<-
                                          ->0msec
                                                     -> Cluster 88, loss : 1.95, accuracy 30.77%, model from round 6
                                                     ['0:40.40%', '1:24.30%', '2:4.30%', '3:1.40%', '4:8.20%', '5:46.20%', '6:56.00%', '7:29.40%', '8:44.20%', '9:53.30%']
                                                                                              <-> Client 0, global : from 30.77% to 30.04%, local : from 28.40% to 35.20%, training time : 16200msec
                                                     Cluster 88, round 1, loss : 1.94, accuracy 30.04% <-
                                                     Time past : 16200msec
                                                     ['0:44.90%', '1:54.10%', '2:2.00%', '3:6.40%', '4:8.70%', '5:48.90%', '6:51.60%', '7:8.50%', '8:35.70%', '9:39.60%']
                                          0msec<-
Central server round 6, loss : 1.93, accuracy :31.46%
Time past: 97200msec
['0:51.70%', '1:28.30%', '2:4.10%', '3:6.90%', '4:13.20%', '5:39.40%', '6:47.40%', '7:17.60%', '8:51.90%', '9:54.10%']
                                          ->0msec
                                                     -> Cluster 79, loss : 1.93, accuracy 31.46%, model from round 7
                                                     ['0:51.70%', '1:28.30%', '2:4.10%', '3:6.90%', '4:13.20%', '5:39.40%', '6:47.40%', '7:17.60%', '8:51.90%', '9:54.10%']
                                                                                              <-> Client 0, global : from 31.46% to 32.66%, local : from 32.00% to 38.60%, training time : 16200msec
                                                     Cluster 79, round 1, loss : 1.91, accuracy 32.66% <-
                                                     Time past : 16200msec
                                                     ['0:46.80%', '1:35.80%', '2:10.00%', '3:0.90%', '4:32.20%', '5:31.80%', '6:46.80%', '7:41.60%', '8:44.00%', '9:36.70%']
                                          0msec<-
                                          ->0msec
                                                     -> Cluster 64, loss : 1.93, accuracy 31.46%, model from round 7
                                                     ['0:51.70%', '1:28.30%', '2:4.10%', '3:6.90%', '4:13.20%', '5:39.40%', '6:47.40%', '7:17.60%', '8:51.90%', '9:54.10%']
                                                                                              <-> Client 0, global : from 31.46% to 31.51%, local : from 31.00% to 37.80%, training time : 16200msec
                                                     Cluster 64, round 1, loss : 1.94, accuracy 31.51% <-
                                                     Time past : 16200msec
                                                     ['0:64.10%', '1:34.90%', '2:3.00%', '3:21.60%', '4:31.00%', '5:27.20%', '6:29.10%', '7:23.10%', '8:52.10%', '9:29.00%']
                                          0msec<-
                                          ->0msec
                                                     -> Cluster 34, loss : 1.93, accuracy 31.46%, model from round 7
                                                     ['0:51.70%', '1:28.30%', '2:4.10%', '3:6.90%', '4:13.20%', '5:39.40%', '6:47.40%', '7:17.60%', '8:51.90%', '9:54.10%']
                                                                                              <-> Client 0, global : from 31.46% to 30.41%, local : from 34.20% to 33.80%, training time : 8200msec
                                                     Cluster 34, round 1, loss : 1.94, accuracy 30.41% <-
                                                     Time past : 8200msec
                                                     ['0:39.00%', '1:40.80%', '2:11.80%', '3:0.60%', '4:7.70%', '5:36.30%', '6:59.60%', '7:16.30%', '8:71.70%', '9:20.30%']
                                          0msec<-
                                          ->0msec
                                                     -> Cluster 55, loss : 1.93, accuracy 31.46%, model from round 7
                                                     ['0:51.70%', '1:28.30%', '2:4.10%', '3:6.90%', '4:13.20%', '5:39.40%', '6:47.40%', '7:17.60%', '8:51.90%', '9:54.10%']
                                                                                              <-> Client 0, global : from 31.46% to 29.52%, local : from 34.20% to 32.20%, training time : 16200msec
                                                     Cluster 55, round 1, loss : 2.04, accuracy 29.52% <-
                                                     Time past : 16200msec
                                                     ['0:21.40%', '1:44.40%', '2:0.50%', '3:0.60%', '4:62.90%', '5:34.50%', '6:31.90%', '7:47.70%', '8:18.40%', '9:32.90%']
                                          0msec<-
                                          ->0msec
                                                     -> Cluster 81, loss : 1.93, accuracy 31.46%, model from round 7
                                                     ['0:51.70%', '1:28.30%', '2:4.10%', '3:6.90%', '4:13.20%', '5:39.40%', '6:47.40%', '7:17.60%', '8:51.90%', '9:54.10%']
                                                                                              <-> Client 0, global : from 31.46% to 28.77%, local : from 37.40% to 35.40%, training time : 16200msec
                                                     Cluster 81, round 1, loss : 1.99, accuracy 28.77% <-
                                                     Time past : 16200msec
                                                     ['0:31.90%', '1:30.40%', '2:0.20%', '3:2.00%', '4:68.00%', '5:19.30%', '6:49.40%', '7:3.90%', '8:30.40%', '9:52.20%']
                                          0msec<-
                                          ->0msec
                                                     -> Cluster 92, loss : 1.93, accuracy 31.46%, model from round 7
                                                     ['0:51.70%', '1:28.30%', '2:4.10%', '3:6.90%', '4:13.20%', '5:39.40%', '6:47.40%', '7:17.60%', '8:51.90%', '9:54.10%']
                                                                                              <-> Client 0, global : from 31.46% to 30.33%, local : from 27.00% to 33.40%, training time : 16200msec
                                                     Cluster 92, round 1, loss : 1.99, accuracy 30.33% <-
                                                     Time past : 16200msec
                                                     ['0:50.70%', '1:49.60%', '2:1.60%', '3:5.40%', '4:29.50%', '5:25.60%', '6:35.30%', '7:14.00%', '8:25.60%', '9:66.00%']
                                          0msec<-
                                          ->0msec
                                                     -> Cluster 91, loss : 1.93, accuracy 31.46%, model from round 7
                                                     ['0:51.70%', '1:28.30%', '2:4.10%', '3:6.90%', '4:13.20%', '5:39.40%', '6:47.40%', '7:17.60%', '8:51.90%', '9:54.10%']
                                                                                              <-> Client 0, global : from 31.46% to 30.60%, local : from 30.80% to 35.60%, training time : 16200msec
                                                     Cluster 91, round 1, loss : 1.93, accuracy 30.60% <-
                                                     Time past : 16200msec
                                                     ['0:27.60%', '1:28.80%', '2:15.80%', '3:2.40%', '4:0.40%', '5:30.90%', '6:85.80%', '7:13.00%', '8:47.40%', '9:53.90%']
                                          0msec<-
                                          ->0msec
                                                     -> Cluster 30, loss : 1.93, accuracy 31.46%, model from round 7
                                                     ['0:51.70%', '1:28.30%', '2:4.10%', '3:6.90%', '4:13.20%', '5:39.40%', '6:47.40%', '7:17.60%', '8:51.90%', '9:54.10%']
                                                                                              <-> Client 0, global : from 31.46% to 31.58%, local : from 33.20% to 37.60%, training time : 8200msec
                                                     Cluster 30, round 1, loss : 1.92, accuracy 31.58% <-
                                                     Time past : 8200msec
                                                     ['0:68.70%', '1:31.70%', '2:7.30%', '3:2.50%', '4:47.50%', '5:38.20%', '6:41.50%', '7:26.80%', '8:10.40%', '9:41.20%']
                                          0msec<-
                                          ->0msec
                                                     -> Cluster 38, loss : 1.93, accuracy 31.46%, model from round 7
                                                     ['0:51.70%', '1:28.30%', '2:4.10%', '3:6.90%', '4:13.20%', '5:39.40%', '6:47.40%', '7:17.60%', '8:51.90%', '9:54.10%']
                                                                                              <-> Client 0, global : from 31.46% to 26.20%, local : from 27.80% to 29.00%, training time : 8200msec
                                                     Cluster 38, round 1, loss : 2.02, accuracy 26.20% <-
                                                     Time past : 8200msec
                                                     ['0:85.00%', '1:18.60%', '2:7.50%', '3:8.30%', '4:19.70%', '5:23.20%', '6:31.00%', '7:25.60%', '8:9.50%', '9:33.60%']
                                          0msec<-
                                          ->0msec
                                                     -> Cluster 33, loss : 1.93, accuracy 31.46%, model from round 7
                                                     ['0:51.70%', '1:28.30%', '2:4.10%', '3:6.90%', '4:13.20%', '5:39.40%', '6:47.40%', '7:17.60%', '8:51.90%', '9:54.10%']
                                                                                              <-> Client 0, global : from 31.46% to 31.55%, local : from 29.00% to 33.60%, training time : 8200msec
                                                     Cluster 33, round 1, loss : 1.92, accuracy 31.55% <-
                                                     Time past : 8200msec
                                                     ['0:64.50%', '1:25.50%', '2:6.60%', '3:27.00%', '4:21.80%', '5:37.10%', '6:43.60%', '7:10.50%', '8:38.10%', '9:40.80%']
                                          0msec<-
Central server round 7, loss : 1.87, accuracy :34.10%
Time past: 113400msec
['0:56.60%', '1:35.20%', '2:6.40%', '3:3.60%', '4:35.70%', '5:36.60%', '6:53.60%', '7:24.50%', '8:41.80%', '9:47.00%']
                                          ->0msec
                                                     -> Cluster 59, loss : 1.87, accuracy 34.10%, model from round 8
                                                     ['0:56.60%', '1:35.20%', '2:6.40%', '3:3.60%', '4:35.70%', '5:36.60%', '6:53.60%', '7:24.50%', '8:41.80%', '9:47.00%']
                                                                                              <-> Client 0, global : from 34.10% to 30.65%, local : from 36.80% to 38.60%, training time : 16200msec
                                                     Cluster 59, round 1, loss : 1.91, accuracy 30.65% <-
                                                     Time past : 16200msec
                                                     ['0:10.70%', '1:38.40%', '2:3.00%', '3:40.50%', '4:3.40%', '5:22.50%', '6:31.30%', '7:47.80%', '8:66.40%', '9:42.50%']
                                          0msec<-
                                          ->0msec
                                                     -> Cluster 45, loss : 1.87, accuracy 34.10%, model from round 8
                                                     ['0:56.60%', '1:35.20%', '2:6.40%', '3:3.60%', '4:35.70%', '5:36.60%', '6:53.60%', '7:24.50%', '8:41.80%', '9:47.00%']
                                                                                              <-> Client 0, global : from 34.10% to 26.11%, local : from 31.40% to 26.80%, training time : 8200msec
                                                     Cluster 45, round 1, loss : 2.09, accuracy 26.11% <-
                                                     Time past : 8200msec
                                                     ['0:59.90%', '1:20.00%', '2:2.60%', '3:5.80%', '4:19.70%', '5:43.60%', '6:20.80%', '7:5.20%', '8:66.50%', '9:17.00%']
                                          0msec<-
                                          ->0msec
                                                     -> Cluster 86, loss : 1.87, accuracy 34.10%, model from round 8
                                                     ['0:56.60%', '1:35.20%', '2:6.40%', '3:3.60%', '4:35.70%', '5:36.60%', '6:53.60%', '7:24.50%', '8:41.80%', '9:47.00%']
                                                                                              <-> Client 0, global : from 34.10% to 33.58%, local : from 35.60% to 42.60%, training time : 16200msec
                                                     Cluster 86, round 1, loss : 1.90, accuracy 33.58% <-
                                                     Time past : 16200msec
                                                     ['0:46.50%', '1:27.80%', '2:10.60%', '3:7.50%', '4:29.80%', '5:38.40%', '6:73.40%', '7:16.60%', '8:37.00%', '9:48.20%']
                                          0msec<-
                                          ->0msec
                                                     -> Cluster 77, loss : 1.87, accuracy 34.10%, model from round 8
                                                     ['0:56.60%', '1:35.20%', '2:6.40%', '3:3.60%', '4:35.70%', '5:36.60%', '6:53.60%', '7:24.50%', '8:41.80%', '9:47.00%']
                                                                                              <-> Client 0, global : from 34.10% to 31.37%, local : from 37.40% to 44.80%, training time : 16200msec
                                                     Cluster 77, round 1, loss : 1.94, accuracy 31.37% <-
                                                     Time past : 16200msec
                                                     ['0:35.60%', '1:18.90%', '2:6.70%', '3:4.10%', '4:0.20%', '5:47.10%', '6:55.10%', '7:57.00%', '8:27.60%', '9:61.40%']
                                          0msec<-
                                          ->0msec
                                                     -> Cluster 90, loss : 1.87, accuracy 34.10%, model from round 8
                                                     ['0:56.60%', '1:35.20%', '2:6.40%', '3:3.60%', '4:35.70%', '5:36.60%', '6:53.60%', '7:24.50%', '8:41.80%', '9:47.00%']
                                                                                              <-> Client 0, global : from 34.10% to 32.31%, local : from 33.40% to 40.40%, training time : 16200msec
                                                     Cluster 90, round 1, loss : 1.91, accuracy 32.31% <-
                                                     Time past : 16200msec
                                                     ['0:36.60%', '1:25.50%', '2:20.40%', '3:4.00%', '4:11.60%', '5:50.30%', '6:38.70%', '7:25.50%', '8:71.90%', '9:38.60%']
                                          0msec<-
                                          ->0msec
                                                     -> Cluster 35, loss : 1.87, accuracy 34.10%, model from round 8
                                                     ['0:56.60%', '1:35.20%', '2:6.40%', '3:3.60%', '4:35.70%', '5:36.60%', '6:53.60%', '7:24.50%', '8:41.80%', '9:47.00%']
                                                                                              <-> Client 0, global : from 34.10% to 31.88%, local : from 31.00% to 34.60%, training time : 8200msec
                                                     Cluster 35, round 1, loss : 1.88, accuracy 31.88% <-
                                                     Time past : 8200msec
                                                     ['0:54.30%', '1:53.20%', '2:16.30%', '3:15.80%', '4:56.80%', '5:33.40%', '6:4.40%', '7:23.00%', '8:28.00%', '9:33.60%']
                                          0msec<-
                                          ->0msec
                                                     -> Cluster 94, loss : 1.87, accuracy 34.10%, model from round 8
                                                     ['0:56.60%', '1:35.20%', '2:6.40%', '3:3.60%', '4:35.70%', '5:36.60%', '6:53.60%', '7:24.50%', '8:41.80%', '9:47.00%']
                                                                                              <-> Client 0, global : from 34.10% to 31.08%, local : from 31.80% to 36.80%, training time : 16200msec
                                                     Cluster 94, round 1, loss : 1.91, accuracy 31.08% <-
                                                     Time past : 16200msec
                                                     ['0:66.30%', '1:52.80%', '2:14.90%', '3:29.10%', '4:44.50%', '5:2.40%', '6:16.00%', '7:18.20%', '8:16.80%', '9:49.80%']
                                          0msec<-
                                          ->0msec
                                                     -> Cluster 62, loss : 1.87, accuracy 34.10%, model from round 8
                                                     ['0:56.60%', '1:35.20%', '2:6.40%', '3:3.60%', '4:35.70%', '5:36.60%', '6:53.60%', '7:24.50%', '8:41.80%', '9:47.00%']
                                                                                              <-> Client 0, global : from 34.10% to 33.98%, local : from 32.20% to 41.40%, training time : 16200msec
                                                     Cluster 62, round 1, loss : 1.87, accuracy 33.98% <-
                                                     Time past : 16200msec
                                                     ['0:46.00%', '1:35.30%', '2:1.90%', '3:22.10%', '4:23.20%', '5:36.60%', '6:57.60%', '7:11.90%', '8:61.50%', '9:43.70%']
                                          0msec<-
                                          ->0msec
                                                     -> Cluster 2, loss : 1.87, accuracy 34.10%, model from round 8
                                                     ['0:56.60%', '1:35.20%', '2:6.40%', '3:3.60%', '4:35.70%', '5:36.60%', '6:53.60%', '7:24.50%', '8:41.80%', '9:47.00%']
                                                                                              <-> Client 0, global : from 34.10% to 32.18%, local : from 34.00% to 37.00%, training time : 8200msec
                                                     Cluster 2, round 1, loss : 1.90, accuracy 32.18% <-
                                                     Time past : 8200msec
                                                     ['0:49.80%', '1:40.50%', '2:0.00%', '3:6.20%', '4:59.70%', '5:33.20%', '6:25.40%', '7:8.90%', '8:40.50%', '9:57.60%']
                                          0msec<-
                                          ->0msec
                                                     -> Cluster 75, loss : 1.87, accuracy 34.10%, model from round 8
                                                     ['0:56.60%', '1:35.20%', '2:6.40%', '3:3.60%', '4:35.70%', '5:36.60%', '6:53.60%', '7:24.50%', '8:41.80%', '9:47.00%']
                                                                                              <-> Client 0, global : from 34.10% to 31.50%, local : from 32.20% to 36.60%, training time : 16200msec
                                                     Cluster 75, round 1, loss : 1.90, accuracy 31.50% <-
                                                     Time past : 16200msec
                                                     ['0:17.50%', '1:64.20%', '2:5.10%', '3:26.60%', '4:16.90%', '5:21.60%', '6:68.50%', '7:33.60%', '8:40.30%', '9:20.70%']
                                          0msec<-
Central server round 8, loss : 1.83, accuracy :35.97%
Time past: 129600msec
['0:51.70%', '1:37.20%', '2:7.60%', '3:15.10%', '4:36.10%', '5:40.50%', '6:47.20%', '7:23.50%', '8:51.10%', '9:49.70%']
                                          ->0msec
                                                     -> Cluster 40, loss : 1.83, accuracy 35.97%, model from round 9
                                                     ['0:51.70%', '1:37.20%', '2:7.60%', '3:15.10%', '4:36.10%', '5:40.50%', '6:47.20%', '7:23.50%', '8:51.10%', '9:49.70%']
                                                                                              <-> Client 0, global : from 35.97% to 31.57%, local : from 33.00% to 34.00%, training time : 8200msec
                                                     Cluster 40, round 1, loss : 1.99, accuracy 31.57% <-
                                                     Time past : 8200msec
                                                     ['0:62.80%', '1:43.40%', '2:12.10%', '3:7.60%', '4:45.80%', '5:13.80%', '6:17.50%', '7:23.80%', '8:61.90%', '9:27.00%']
                                          0msec<-
                                          ->0msec
                                                     -> Cluster 97, loss : 1.83, accuracy 35.97%, model from round 9
                                                     ['0:51.70%', '1:37.20%', '2:7.60%', '3:15.10%', '4:36.10%', '5:40.50%', '6:47.20%', '7:23.50%', '8:51.10%', '9:49.70%']
                                                                                              <-> Client 0, global : from 35.97% to 33.69%, local : from 35.40% to 43.00%, training time : 16200msec
                                                     Cluster 97, round 1, loss : 1.86, accuracy 33.69% <-
                                                     Time past : 16200msec
                                                     ['0:53.90%', '1:43.20%', '2:31.30%', '3:9.60%', '4:27.00%', '5:39.40%', '6:36.90%', '7:23.00%', '8:49.70%', '9:22.90%']
                                          0msec<-
                                          ->0msec
                                                     -> Cluster 47, loss : 1.83, accuracy 35.97%, model from round 9
                                                     ['0:51.70%', '1:37.20%', '2:7.60%', '3:15.10%', '4:36.10%', '5:40.50%', '6:47.20%', '7:23.50%', '8:51.10%', '9:49.70%']
                                                                                              <-> Client 0, global : from 35.97% to 32.40%, local : from 39.60% to 41.00%, training time : 8200msec
                                                     Cluster 47, round 1, loss : 1.89, accuracy 32.40% <-
                                                     Time past : 8200msec
                                                     ['0:27.60%', '1:60.50%', '2:15.40%', '3:37.80%', '4:4.10%', '5:19.80%', '6:46.10%', '7:18.70%', '8:50.70%', '9:43.30%']
                                          0msec<-
                                          ->0msec
                                                     -> Cluster 76, loss : 1.83, accuracy 35.97%, model from round 9
                                                     ['0:51.70%', '1:37.20%', '2:7.60%', '3:15.10%', '4:36.10%', '5:40.50%', '6:47.20%', '7:23.50%', '8:51.10%', '9:49.70%']
                                                                                              <-> Client 0, global : from 35.97% to 30.29%, local : from 39.80% to 38.80%, training time : 16200msec
                                                     Cluster 76, round 1, loss : 1.95, accuracy 30.29% <-
                                                     Time past : 16200msec
                                                     ['0:15.10%', '1:64.30%', '2:2.90%', '3:22.40%', '4:10.50%', '5:17.30%', '6:62.70%', '7:17.80%', '8:43.80%', '9:46.10%']
                                          0msec<-
                                          ->0msec
                                                     -> Cluster 33, loss : 1.83, accuracy 35.97%, model from round 9
                                                     ['0:51.70%', '1:37.20%', '2:7.60%', '3:15.10%', '4:36.10%', '5:40.50%', '6:47.20%', '7:23.50%', '8:51.10%', '9:49.70%']
                                                                                              <-> Client 0, global : from 35.97% to 33.42%, local : from 36.00% to 39.40%, training time : 8200msec
                                                     Cluster 33, round 1, loss : 1.87, accuracy 33.42% <-
                                                     Time past : 8200msec
                                                     ['0:57.20%', '1:61.50%', '2:2.20%', '3:31.20%', '4:19.90%', '5:24.60%', '6:51.40%', '7:15.40%', '8:25.00%', '9:45.80%']
                                          0msec<-
                                          ->0msec
                                                     -> Cluster 38, loss : 1.83, accuracy 35.97%, model from round 9
                                                     ['0:51.70%', '1:37.20%', '2:7.60%', '3:15.10%', '4:36.10%', '5:40.50%', '6:47.20%', '7:23.50%', '8:51.10%', '9:49.70%']
                                                                                              <-> Client 0, global : from 35.97% to 27.45%, local : from 33.20% to 30.00%, training time : 8200msec
                                                     Cluster 38, round 1, loss : 2.02, accuracy 27.45% <-
                                                     Time past : 8200msec
                                                     ['0:82.30%', '1:42.10%', '2:0.20%', '3:16.90%', '4:36.70%', '5:11.50%', '6:30.70%', '7:15.60%', '8:19.10%', '9:19.40%']
                                          0msec<-
                                          ->0msec
                                                     -> Cluster 48, loss : 1.83, accuracy 35.97%, model from round 9
                                                     ['0:51.70%', '1:37.20%', '2:7.60%', '3:15.10%', '4:36.10%', '5:40.50%', '6:47.20%', '7:23.50%', '8:51.10%', '9:49.70%']
                                                                                              <-> Client 0, global : from 35.97% to 33.39%, local : from 31.80% to 31.20%, training time : 8200msec
                                                     Cluster 48, round 1, loss : 1.85, accuracy 33.39% <-
                                                     Time past : 8200msec
                                                     ['0:74.90%', '1:33.90%', '2:5.30%', '3:17.60%', '4:38.20%', '5:31.70%', '6:45.00%', '7:36.70%', '8:16.90%', '9:33.70%']
                                          0msec<-
                                          ->0msec
                                                     -> Cluster 13, loss : 1.83, accuracy 35.97%, model from round 9
                                                     ['0:51.70%', '1:37.20%', '2:7.60%', '3:15.10%', '4:36.10%', '5:40.50%', '6:47.20%', '7:23.50%', '8:51.10%', '9:49.70%']
                                                                                              <-> Client 0, global : from 35.97% to 32.60%, local : from 34.60% to 39.80%, training time : 8200msec
                                                     Cluster 13, round 1, loss : 1.89, accuracy 32.60% <-
                                                     Time past : 8200msec
                                                     ['0:58.90%', '1:67.90%', '2:20.30%', '3:24.60%', '4:12.40%', '5:23.50%', '6:48.20%', '7:26.90%', '8:24.20%', '9:19.10%']
                                          0msec<-
                                          ->0msec
                                                     -> Cluster 98, loss : 1.83, accuracy 35.97%, model from round 9
                                                     ['0:51.70%', '1:37.20%', '2:7.60%', '3:15.10%', '4:36.10%', '5:40.50%', '6:47.20%', '7:23.50%', '8:51.10%', '9:49.70%']
                                                                                              <-> Client 0, global : from 35.97% to 35.07%, local : from 37.20% to 43.20%, training time : 16200msec
                                                     Cluster 98, round 1, loss : 1.83, accuracy 35.07% <-
                                                     Time past : 16200msec
                                                     ['0:46.50%', '1:48.40%', '2:0.80%', '3:29.90%', '4:9.10%', '5:11.50%', '6:63.60%', '7:40.40%', '8:54.00%', '9:46.50%']
                                          0msec<-
                                          ->0msec
                                                     -> Cluster 3, loss : 1.83, accuracy 35.97%, model from round 9
                                                     ['0:51.70%', '1:37.20%', '2:7.60%', '3:15.10%', '4:36.10%', '5:40.50%', '6:47.20%', '7:23.50%', '8:51.10%', '9:49.70%']
                                                                                              <-> Client 0, global : from 35.97% to 34.39%, local : from 37.60% to 41.60%, training time : 8200msec
                                                     Cluster 3, round 1, loss : 1.84, accuracy 34.39% <-
                                                     Time past : 8200msec
                                                     ['0:24.60%', '1:42.30%', '2:2.50%', '3:10.70%', '4:35.90%', '5:39.30%', '6:39.30%', '7:46.00%', '8:67.30%', '9:36.00%']
                                          0msec<-
Central server round 9, loss : 1.82, accuracy :36.22%
Time past: 145800msec
['0:57.30%', '1:51.00%', '2:7.50%', '3:22.00%', '4:28.60%', '5:25.90%', '6:50.20%', '7:29.60%', '8:52.20%', '9:37.90%']
                                          ->0msec
                                                     -> Cluster 76, loss : 1.82, accuracy 36.22%, model from round 10
                                                     ['0:57.30%', '1:51.00%', '2:7.50%', '3:22.00%', '4:28.60%', '5:25.90%', '6:50.20%', '7:29.60%', '8:52.20%', '9:37.90%']
                                                                                              <-> Client 0, global : from 36.22% to 34.17%, local : from 40.00% to 46.40%, training time : 16200msec
                                                     Cluster 76, round 1, loss : 1.86, accuracy 34.17% <-
                                                     Time past : 16200msec
                                                     ['0:62.60%', '1:18.70%', '2:0.30%', '3:14.80%', '4:27.60%', '5:42.80%', '6:62.70%', '7:33.60%', '8:47.00%', '9:31.60%']
                                          0msec<-
                                          ->0msec
                                                     -> Cluster 41, loss : 1.82, accuracy 36.22%, model from round 10
                                                     ['0:57.30%', '1:51.00%', '2:7.50%', '3:22.00%', '4:28.60%', '5:25.90%', '6:50.20%', '7:29.60%', '8:52.20%', '9:37.90%']
                                                                                              <-> Client 0, global : from 36.22% to 34.33%, local : from 34.60% to 34.00%, training time : 8200msec
                                                     Cluster 41, round 1, loss : 1.89, accuracy 34.33% <-
                                                     Time past : 8200msec
                                                     ['0:57.90%', '1:33.20%', '2:28.90%', '3:18.20%', '4:17.10%', '5:23.40%', '6:40.40%', '7:16.70%', '8:52.00%', '9:55.50%']
                                          0msec<-
                                          ->0msec
                                                     -> Cluster 42, loss : 1.82, accuracy 36.22%, model from round 10
                                                     ['0:57.30%', '1:51.00%', '2:7.50%', '3:22.00%', '4:28.60%', '5:25.90%', '6:50.20%', '7:29.60%', '8:52.20%', '9:37.90%']
                                                                                              <-> Client 0, global : from 36.22% to 36.91%, local : from 31.80% to 37.80%, training time : 8200msec
                                                     Cluster 42, round 1, loss : 1.80, accuracy 36.91% <-
                                                     Time past : 8200msec
                                                     ['0:31.10%', '1:36.30%', '2:16.20%', '3:7.80%', '4:23.50%', '5:36.00%', '6:63.50%', '7:47.30%', '8:62.70%', '9:44.70%']
                                          0msec<-
                                          ->0msec
                                                     -> Cluster 86, loss : 1.82, accuracy 36.22%, model from round 10
                                                     ['0:57.30%', '1:51.00%', '2:7.50%', '3:22.00%', '4:28.60%', '5:25.90%', '6:50.20%', '7:29.60%', '8:52.20%', '9:37.90%']
                                                                                              <-> Client 0, global : from 36.22% to 33.63%, local : from 38.00% to 43.00%, training time : 16200msec
                                                     Cluster 86, round 1, loss : 1.87, accuracy 33.63% <-
                                                     Time past : 16200msec
                                                     ['0:29.70%', '1:37.10%', '2:7.10%', '3:4.00%', '4:47.30%', '5:57.20%', '6:28.40%', '7:21.20%', '8:71.40%', '9:32.90%']
                                          0msec<-
                                          ->0msec
                                                     -> Cluster 28, loss : 1.82, accuracy 36.22%, model from round 10
                                                     ['0:57.30%', '1:51.00%', '2:7.50%', '3:22.00%', '4:28.60%', '5:25.90%', '6:50.20%', '7:29.60%', '8:52.20%', '9:37.90%']
                                                                                              <-> Client 0, global : from 36.22% to 33.77%, local : from 37.60% to 42.20%, training time : 8200msec
                                                     Cluster 28, round 1, loss : 1.86, accuracy 33.77% <-
                                                     Time past : 8200msec
                                                     ['0:61.90%', '1:60.50%', '2:0.50%', '3:21.40%', '4:34.60%', '5:37.10%', '6:32.90%', '7:21.40%', '8:35.70%', '9:31.70%']
                                          0msec<-
                                          ->0msec
                                                     -> Cluster 56, loss : 1.82, accuracy 36.22%, model from round 10
                                                     ['0:57.30%', '1:51.00%', '2:7.50%', '3:22.00%', '4:28.60%', '5:25.90%', '6:50.20%', '7:29.60%', '8:52.20%', '9:37.90%']
                                                                                              <-> Client 0, global : from 36.22% to 33.97%, local : from 38.80% to 44.60%, training time : 16200msec
                                                     Cluster 56, round 1, loss : 1.84, accuracy 33.97% <-
                                                     Time past : 16200msec
                                                     ['0:54.50%', '1:45.10%', '2:29.40%', '3:8.10%', '4:50.20%', '5:23.60%', '6:37.50%', '7:30.50%', '8:19.70%', '9:41.10%']
                                          0msec<-
                                          ->0msec
                                                     -> Cluster 21, loss : 1.82, accuracy 36.22%, model from round 10
                                                     ['0:57.30%', '1:51.00%', '2:7.50%', '3:22.00%', '4:28.60%', '5:25.90%', '6:50.20%', '7:29.60%', '8:52.20%', '9:37.90%']
                                                                                              <-> Client 0, global : from 36.22% to 35.11%, local : from 35.20% to 40.20%, training time : 8200msec
                                                     Cluster 21, round 1, loss : 1.83, accuracy 35.11% <-
                                                     Time past : 8200msec
                                                     ['0:54.60%', '1:31.50%', '2:13.30%', '3:18.40%', '4:16.20%', '5:38.70%', '6:41.40%', '7:42.30%', '8:61.60%', '9:33.10%']
                                          0msec<-
                                          ->0msec
                                                     -> Cluster 10, loss : 1.82, accuracy 36.22%, model from round 10
                                                     ['0:57.30%', '1:51.00%', '2:7.50%', '3:22.00%', '4:28.60%', '5:25.90%', '6:50.20%', '7:29.60%', '8:52.20%', '9:37.90%']
                                                                                              <-> Client 0, global : from 36.22% to 35.24%, local : from 37.00% to 44.00%, training time : 8200msec
                                                     Cluster 10, round 1, loss : 1.83, accuracy 35.24% <-
                                                     Time past : 8200msec
                                                     ['0:36.20%', '1:55.60%', '2:0.70%', '3:26.80%', '4:9.30%', '5:29.60%', '6:63.30%', '7:40.60%', '8:53.70%', '9:36.60%']
                                          0msec<-
                                          ->0msec
                                                     -> Cluster 43, loss : 1.82, accuracy 36.22%, model from round 10
                                                     ['0:57.30%', '1:51.00%', '2:7.50%', '3:22.00%', '4:28.60%', '5:25.90%', '6:50.20%', '7:29.60%', '8:52.20%', '9:37.90%']
                                                                                              <-> Client 0, global : from 36.22% to 37.43%, local : from 34.80% to 41.20%, training time : 8200msec
                                                     Cluster 43, round 1, loss : 1.80, accuracy 37.43% <-
                                                     Time past : 8200msec
                                                     ['0:53.60%', '1:38.20%', '2:36.80%', '3:9.60%', '4:31.00%', '5:30.30%', '6:43.50%', '7:45.00%', '8:47.70%', '9:38.60%']
                                          0msec<-
                                          ->0msec
                                                     -> Cluster 94, loss : 1.82, accuracy 36.22%, model from round 10
                                                     ['0:57.30%', '1:51.00%', '2:7.50%', '3:22.00%', '4:28.60%', '5:25.90%', '6:50.20%', '7:29.60%', '8:52.20%', '9:37.90%']
                                                                                              <-> Client 0, global : from 36.22% to 34.18%, local : from 31.60% to 40.40%, training time : 16200msec
                                                     Cluster 94, round 1, loss : 1.84, accuracy 34.18% <-
                                                     Time past : 16200msec
                                                     ['0:58.70%', '1:42.00%', '2:7.10%', '3:32.00%', '4:52.20%', '5:6.80%', '6:15.90%', '7:30.80%', '8:51.90%', '9:44.40%']
                                          0msec<-
Central server round 10, loss : 1.77, accuracy :37.82%
Time past: 162000msec
['0:53.70%', '1:38.50%', '2:11.40%', '3:17.00%', '4:36.00%', '5:36.10%', '6:50.20%', '7:35.10%', '8:57.00%', '9:43.20%']
                                          ->0msec
                                                     -> Cluster 43, loss : 1.77, accuracy 37.82%, model from round 11
                                                     ['0:53.70%', '1:38.50%', '2:11.40%', '3:17.00%', '4:36.00%', '5:36.10%', '6:50.20%', '7:35.10%', '8:57.00%', '9:43.20%']
                                                                                              <-> Client 0, global : from 37.82% to 37.76%, local : from 35.20% to 40.60%, training time : 8200msec
                                                     Cluster 43, round 1, loss : 1.77, accuracy 37.76% <-
                                                     Time past : 8200msec
                                                     ['0:51.10%', '1:25.00%', '2:11.10%', '3:14.50%', '4:39.10%', '5:36.30%', '6:61.20%', '7:28.30%', '8:56.80%', '9:54.20%']
                                          0msec<-
                                          ->0msec
                                                     -> Cluster 82, loss : 1.77, accuracy 37.82%, model from round 11
                                                     ['0:53.70%', '1:38.50%', '2:11.40%', '3:17.00%', '4:36.00%', '5:36.10%', '6:50.20%', '7:35.10%', '8:57.00%', '9:43.20%']
                                                                                              <-> Client 0, global : from 37.82% to 34.12%, local : from 39.60% to 44.60%, training time : 16200msec
                                                     Cluster 82, round 1, loss : 1.88, accuracy 34.12% <-
                                                     Time past : 16200msec
                                                     ['0:35.80%', '1:21.40%', '2:9.70%', '3:7.60%', '4:17.30%', '5:33.70%', '6:60.20%', '7:47.40%', '8:81.40%', '9:26.70%']
                                          0msec<-
                                          ->0msec
                                                     -> Cluster 10, loss : 1.77, accuracy 37.82%, model from round 11
                                                     ['0:53.70%', '1:38.50%', '2:11.40%', '3:17.00%', '4:36.00%', '5:36.10%', '6:50.20%', '7:35.10%', '8:57.00%', '9:43.20%']
                                                                                              <-> Client 0, global : from 37.82% to 36.07%, local : from 40.60% to 45.60%, training time : 8200msec
                                                     Cluster 10, round 1, loss : 1.84, accuracy 36.07% <-
                                                     Time past : 8200msec
                                                     ['0:44.00%', '1:63.00%', '2:0.00%', '3:19.90%', '4:32.80%', '5:23.00%', '6:54.30%', '7:25.60%', '8:60.60%', '9:37.50%']
                                          0msec<-
                                          ->0msec
                                                     -> Cluster 79, loss : 1.77, accuracy 37.82%, model from round 11
                                                     ['0:53.70%', '1:38.50%', '2:11.40%', '3:17.00%', '4:36.00%', '5:36.10%', '6:50.20%', '7:35.10%', '8:57.00%', '9:43.20%']
                                                                                              <-> Client 0, global : from 37.82% to 36.45%, local : from 35.40% to 44.80%, training time : 16200msec
                                                     Cluster 79, round 1, loss : 1.78, accuracy 36.45% <-
                                                     Time past : 16200msec
                                                     ['0:40.20%', '1:28.70%', '2:17.10%', '3:6.10%', '4:23.70%', '5:51.60%', '6:49.30%', '7:40.40%', '8:59.60%', '9:47.80%']
                                          0msec<-
                                          ->0msec
                                                     -> Cluster 44, loss : 1.77, accuracy 37.82%, model from round 11
                                                     ['0:53.70%', '1:38.50%', '2:11.40%', '3:17.00%', '4:36.00%', '5:36.10%', '6:50.20%', '7:35.10%', '8:57.00%', '9:43.20%']
                                                                                              <-> Client 0, global : from 37.82% to 35.87%, local : from 42.40% to 45.60%, training time : 8200msec
                                                     Cluster 44, round 1, loss : 1.80, accuracy 35.87% <-
                                                     Time past : 8200msec
                                                     ['0:62.30%', '1:58.00%', '2:15.70%', '3:24.90%', '4:22.50%', '5:11.50%', '6:69.40%', '7:36.40%', '8:29.40%', '9:28.60%']
                                          0msec<-
                                          ->0msec
                                                     -> Cluster 75, loss : 1.77, accuracy 37.82%, model from round 11
                                                     ['0:53.70%', '1:38.50%', '2:11.40%', '3:17.00%', '4:36.00%', '5:36.10%', '6:50.20%', '7:35.10%', '8:57.00%', '9:43.20%']
                                                                                              <-> Client 0, global : from 37.82% to 34.99%, local : from 34.60% to 43.60%, training time : 16200msec
                                                     Cluster 75, round 1, loss : 1.81, accuracy 34.99% <-
                                                     Time past : 16200msec
                                                     ['0:38.50%', '1:43.70%', '2:48.60%', '3:10.80%', '4:34.10%', '5:26.20%', '6:32.20%', '7:22.90%', '8:54.40%', '9:38.50%']
                                          0msec<-
                                          ->0msec
                                                     -> Cluster 16, loss : 1.77, accuracy 37.82%, model from round 11
                                                     ['0:53.70%', '1:38.50%', '2:11.40%', '3:17.00%', '4:36.00%', '5:36.10%', '6:50.20%', '7:35.10%', '8:57.00%', '9:43.20%']
                                                                                              <-> Client 0, global : from 37.82% to 33.86%, local : from 40.00% to 42.40%, training time : 8200msec
                                                     Cluster 16, round 1, loss : 1.80, accuracy 33.86% <-
                                                     Time past : 8200msec
                                                     ['0:53.60%', '1:45.00%', '2:9.10%', '3:14.80%', '4:0.70%', '5:38.10%', '6:25.30%', '7:67.90%', '8:40.50%', '9:43.60%']
                                          0msec<-
                                          ->0msec
                                                     -> Cluster 53, loss : 1.77, accuracy 37.82%, model from round 11
                                                     ['0:53.70%', '1:38.50%', '2:11.40%', '3:17.00%', '4:36.00%', '5:36.10%', '6:50.20%', '7:35.10%', '8:57.00%', '9:43.20%']
                                                                                              <-> Client 0, global : from 37.82% to 35.87%, local : from 32.00% to 41.60%, training time : 16200msec
                                                     Cluster 53, round 1, loss : 1.80, accuracy 35.87% <-
                                                     Time past : 16200msec
                                                     ['0:37.50%', '1:26.90%', '2:9.10%', '3:28.00%', '4:54.90%', '5:29.40%', '6:38.00%', '7:29.00%', '8:61.40%', '9:44.50%']
                                          0msec<-
                                          ->0msec
                                                     -> Cluster 37, loss : 1.77, accuracy 37.82%, model from round 11
                                                     ['0:53.70%', '1:38.50%', '2:11.40%', '3:17.00%', '4:36.00%', '5:36.10%', '6:50.20%', '7:35.10%', '8:57.00%', '9:43.20%']
                                                                                              <-> Client 0, global : from 37.82% to 37.84%, local : from 40.40% to 43.20%, training time : 8200msec
                                                     Cluster 37, round 1, loss : 1.77, accuracy 37.84% <-
                                                     Time past : 8200msec
                                                     ['0:31.40%', '1:39.80%', '2:7.30%', '3:27.30%', '4:34.70%', '5:33.50%', '6:48.70%', '7:40.50%', '8:61.20%', '9:54.00%']
                                          0msec<-
                                          ->0msec
                                                     -> Cluster 66, loss : 1.77, accuracy 37.82%, model from round 11
                                                     ['0:53.70%', '1:38.50%', '2:11.40%', '3:17.00%', '4:36.00%', '5:36.10%', '6:50.20%', '7:35.10%', '8:57.00%', '9:43.20%']
                                                                                              <-> Client 0, global : from 37.82% to 37.98%, local : from 38.60% to 48.40%, training time : 16200msec
                                                     Cluster 66, round 1, loss : 1.76, accuracy 37.98% <-
                                                     Time past : 16200msec
                                                     ['0:51.80%', '1:44.60%', '2:21.80%', '3:24.10%', '4:29.60%', '5:31.80%', '6:33.50%', '7:40.70%', '8:47.40%', '9:54.50%']
                                          0msec<-
Central server round 11, loss : 1.73, accuracy :39.56%
Time past: 178200msec
['0:49.10%', '1:39.20%', '2:14.30%', '3:18.40%', '4:36.50%', '5:35.90%', '6:54.70%', '7:39.20%', '8:60.30%', '9:48.00%']
                                          ->0msec
                                                     -> Cluster 25, loss : 1.73, accuracy 39.56%, model from round 12
                                                     ['0:49.10%', '1:39.20%', '2:14.30%', '3:18.40%', '4:36.50%', '5:35.90%', '6:54.70%', '7:39.20%', '8:60.30%', '9:48.00%']
                                                                                              <-> Client 0, global : from 39.56% to 37.28%, local : from 37.60% to 41.80%, training time : 8200msec
                                                     Cluster 25, round 1, loss : 1.77, accuracy 37.28% <-
                                                     Time past : 8200msec
                                                     ['0:39.10%', '1:28.80%', '2:32.60%', '3:24.20%', '4:13.70%', '5:22.50%', '6:75.70%', '7:38.00%', '8:43.30%', '9:54.90%']
                                          0msec<-
                                          ->0msec
                                                     -> Cluster 0, loss : 1.73, accuracy 39.56%, model from round 12
                                                     ['0:49.10%', '1:39.20%', '2:14.30%', '3:18.40%', '4:36.50%', '5:35.90%', '6:54.70%', '7:39.20%', '8:60.30%', '9:48.00%']
                                                                                              <-> Client 0, global : from 39.56% to 36.18%, local : from 35.60% to 43.00%, training time : 8200msec
                                                     Cluster 0, round 1, loss : 1.77, accuracy 36.18% <-
                                                     Time past : 8200msec
                                                     ['0:51.90%', '1:34.60%', '2:29.70%', '3:5.20%', '4:10.00%', '5:49.20%', '6:59.00%', '7:27.30%', '8:63.00%', '9:31.90%']
                                          0msec<-
                                          ->0msec
                                                     -> Cluster 61, loss : 1.73, accuracy 39.56%, model from round 12
                                                     ['0:49.10%', '1:39.20%', '2:14.30%', '3:18.40%', '4:36.50%', '5:35.90%', '6:54.70%', '7:39.20%', '8:60.30%', '9:48.00%']
                                                                                              <-> Client 0, global : from 39.56% to 34.39%, local : from 41.00% to 44.20%, training time : 16200msec
                                                     Cluster 61, round 1, loss : 1.86, accuracy 34.39% <-
                                                     Time past : 16200msec
                                                     ['0:11.60%', '1:32.30%', '2:23.20%', '3:2.60%', '4:28.20%', '5:32.00%', '6:77.80%', '7:47.90%', '8:61.60%', '9:26.70%']
                                          0msec<-
                                          ->0msec
                                                     -> Cluster 79, loss : 1.73, accuracy 39.56%, model from round 12
                                                     ['0:49.10%', '1:39.20%', '2:14.30%', '3:18.40%', '4:36.50%', '5:35.90%', '6:54.70%', '7:39.20%', '8:60.30%', '9:48.00%']
                                                                                              <-> Client 0, global : from 39.56% to 36.57%, local : from 37.20% to 45.00%, training time : 16200msec
                                                     Cluster 79, round 1, loss : 1.80, accuracy 36.57% <-
                                                     Time past : 16200msec
                                                     ['0:32.20%', '1:57.10%', '2:4.00%', '3:7.60%', '4:17.20%', '5:38.50%', '6:60.00%', '7:46.70%', '8:47.00%', '9:55.40%']
                                          0msec<-
                                          ->0msec
                                                     -> Cluster 65, loss : 1.73, accuracy 39.56%, model from round 12
                                                     ['0:49.10%', '1:39.20%', '2:14.30%', '3:18.40%', '4:36.50%', '5:35.90%', '6:54.70%', '7:39.20%', '8:60.30%', '9:48.00%']
                                                                                              <-> Client 0, global : from 39.56% to 33.13%, local : from 40.40% to 45.20%, training time : 16200msec
                                                     Cluster 65, round 1, loss : 1.88, accuracy 33.13% <-
                                                     Time past : 16200msec
                                                     ['0:48.50%', '1:20.90%', '2:2.50%', '3:12.00%', '4:60.30%', '5:55.40%', '6:31.30%', '7:20.20%', '8:39.30%', '9:40.90%']
                                          0msec<-
                                          ->0msec
                                                     -> Cluster 55, loss : 1.73, accuracy 39.56%, model from round 12
                                                     ['0:49.10%', '1:39.20%', '2:14.30%', '3:18.40%', '4:36.50%', '5:35.90%', '6:54.70%', '7:39.20%', '8:60.30%', '9:48.00%']
                                                                                              <-> Client 0, global : from 39.56% to 37.52%, local : from 40.40% to 49.20%, training time : 16200msec
                                                     Cluster 55, round 1, loss : 1.76, accuracy 37.52% <-
                                                     Time past : 16200msec
                                                     ['0:27.50%', '1:47.00%', '2:42.60%', '3:3.00%', '4:17.50%', '5:43.80%', '6:50.90%', '7:48.10%', '8:48.30%', '9:46.50%']
                                          0msec<-
                                          ->0msec
                                                     -> Cluster 71, loss : 1.73, accuracy 39.56%, model from round 12
                                                     ['0:49.10%', '1:39.20%', '2:14.30%', '3:18.40%', '4:36.50%', '5:35.90%', '6:54.70%', '7:39.20%', '8:60.30%', '9:48.00%']
                                                                                              <-> Client 0, global : from 39.56% to 34.32%, local : from 39.20% to 46.00%, training time : 16200msec
                                                     Cluster 71, round 1, loss : 1.83, accuracy 34.32% <-
                                                     Time past : 16200msec
                                                     ['0:72.20%', '1:41.90%', '2:1.10%', '3:20.60%', '4:17.30%', '5:33.50%', '6:62.20%', '7:33.40%', '8:12.00%', '9:49.00%']
                                          0msec<-
                                          ->0msec
                                                     -> Cluster 91, loss : 1.73, accuracy 39.56%, model from round 12
                                                     ['0:49.10%', '1:39.20%', '2:14.30%', '3:18.40%', '4:36.50%', '5:35.90%', '6:54.70%', '7:39.20%', '8:60.30%', '9:48.00%']
                                                                                              <-> Client 0, global : from 39.56% to 38.35%, local : from 38.00% to 48.00%, training time : 16200msec
                                                     Cluster 91, round 1, loss : 1.73, accuracy 38.35% <-
                                                     Time past : 16200msec
                                                     ['0:54.40%', '1:38.10%', '2:20.90%', '3:15.50%', '4:25.60%', '5:34.80%', '6:55.40%', '7:41.50%', '8:42.60%', '9:54.70%']
                                          0msec<-
                                          ->0msec
                                                     -> Cluster 28, loss : 1.73, accuracy 39.56%, model from round 12
                                                     ['0:49.10%', '1:39.20%', '2:14.30%', '3:18.40%', '4:36.50%', '5:35.90%', '6:54.70%', '7:39.20%', '8:60.30%', '9:48.00%']
                                                                                              <-> Client 0, global : from 39.56% to 36.48%, local : from 39.40% to 43.80%, training time : 8200msec
                                                     Cluster 28, round 1, loss : 1.79, accuracy 36.48% <-
                                                     Time past : 8200msec
                                                     ['0:39.20%', '1:55.70%', '2:6.60%', '3:32.70%', '4:22.60%', '5:35.70%', '6:64.70%', '7:20.50%', '8:36.80%', '9:50.30%']
                                          0msec<-
                                          ->0msec
                                                     -> Cluster 4, loss : 1.73, accuracy 39.56%, model from round 12
                                                     ['0:49.10%', '1:39.20%', '2:14.30%', '3:18.40%', '4:36.50%', '5:35.90%', '6:54.70%', '7:39.20%', '8:60.30%', '9:48.00%']
                                                                                              <-> Client 0, global : from 39.56% to 36.10%, local : from 39.60% to 39.80%, training time : 8200msec
                                                     Cluster 4, round 1, loss : 1.78, accuracy 36.10% <-
                                                     Time past : 8200msec
                                                     ['0:73.40%', '1:37.90%', '2:12.80%', '3:23.90%', '4:20.30%', '5:30.60%', '6:73.00%', '7:33.60%', '8:12.60%', '9:42.90%']
                                          0msec<-
Central server round 12, loss : 1.70, accuracy :39.51%
Time past: 194400msec
['0:51.60%', '1:41.50%', '2:14.50%', '3:11.40%', '4:29.20%', '5:42.00%', '6:70.10%', '7:36.70%', '8:48.20%', '9:49.90%']
                                          ->0msec
                                                     -> Cluster 88, loss : 1.70, accuracy 39.51%, model from round 13
                                                     ['0:51.60%', '1:41.50%', '2:14.50%', '3:11.40%', '4:29.20%', '5:42.00%', '6:70.10%', '7:36.70%', '8:48.20%', '9:49.90%']
                                                                                              <-> Client 0, global : from 39.51% to 37.18%, local : from 39.60% to 48.00%, training time : 16200msec
                                                     Cluster 88, round 1, loss : 1.76, accuracy 37.18% <-
                                                     Time past : 16200msec
                                                     ['0:39.70%', '1:36.30%', '2:5.70%', '3:7.30%', '4:46.80%', '5:44.20%', '6:64.50%', '7:29.90%', '8:40.40%', '9:57.00%']
                                          0msec<-
                                          ->0msec
                                                     -> Cluster 65, loss : 1.70, accuracy 39.51%, model from round 13
                                                     ['0:51.60%', '1:41.50%', '2:14.50%', '3:11.40%', '4:29.20%', '5:42.00%', '6:70.10%', '7:36.70%', '8:48.20%', '9:49.90%']
                                                                                              <-> Client 0, global : from 39.51% to 36.60%, local : from 41.40% to 54.60%, training time : 16200msec
                                                     Cluster 65, round 1, loss : 1.80, accuracy 36.60% <-
                                                     Time past : 16200msec
                                                     ['0:36.90%', '1:31.30%', '2:36.00%', '3:11.10%', '4:28.80%', '5:35.40%', '6:63.30%', '7:43.80%', '8:27.30%', '9:52.10%']
                                          0msec<-
                                          ->0msec
                                                     -> Cluster 25, loss : 1.70, accuracy 39.51%, model from round 13
                                                     ['0:51.60%', '1:41.50%', '2:14.50%', '3:11.40%', '4:29.20%', '5:42.00%', '6:70.10%', '7:36.70%', '8:48.20%', '9:49.90%']
                                                                                              <-> Client 0, global : from 39.51% to 38.14%, local : from 37.60% to 42.00%, training time : 8200msec
                                                     Cluster 25, round 1, loss : 1.75, accuracy 38.14% <-
                                                     Time past : 8200msec
                                                     ['0:54.70%', '1:56.90%', '2:7.80%', '3:19.10%', '4:37.40%', '5:20.30%', '6:57.10%', '7:36.80%', '8:35.10%', '9:56.20%']
                                          0msec<-
                                          ->0msec
                                                     -> Cluster 55, loss : 1.70, accuracy 39.51%, model from round 13
                                                     ['0:51.60%', '1:41.50%', '2:14.50%', '3:11.40%', '4:29.20%', '5:42.00%', '6:70.10%', '7:36.70%', '8:48.20%', '9:49.90%']
                                                                                              <-> Client 0, global : from 39.51% to 38.05%, local : from 42.60% to 50.40%, training time : 16200msec
                                                     Cluster 55, round 1, loss : 1.77, accuracy 38.05% <-
                                                     Time past : 16200msec
                                                     ['0:50.30%', '1:45.60%', '2:25.60%', '3:2.50%', '4:37.60%', '5:35.80%', '6:40.50%', '7:46.00%', '8:25.30%', '9:71.30%']
                                          0msec<-
                                          ->0msec
                                                     -> Cluster 73, loss : 1.70, accuracy 39.51%, model from round 13
                                                     ['0:51.60%', '1:41.50%', '2:14.50%', '3:11.40%', '4:29.20%', '5:42.00%', '6:70.10%', '7:36.70%', '8:48.20%', '9:49.90%']
                                                                                              <-> Client 0, global : from 39.51% to 37.14%, local : from 37.40% to 46.80%, training time : 16200msec
                                                     Cluster 73, round 1, loss : 1.78, accuracy 37.14% <-
                                                     Time past : 16200msec
                                                     ['0:67.00%', '1:53.90%', '2:11.00%', '3:8.30%', '4:31.10%', '5:32.40%', '6:60.30%', '7:31.50%', '8:53.40%', '9:22.50%']
                                          0msec<-
                                          ->0msec
                                                     -> Cluster 6, loss : 1.70, accuracy 39.51%, model from round 13
                                                     ['0:51.60%', '1:41.50%', '2:14.50%', '3:11.40%', '4:29.20%', '5:42.00%', '6:70.10%', '7:36.70%', '8:48.20%', '9:49.90%']
                                                                                              <-> Client 0, global : from 39.51% to 35.65%, local : from 39.00% to 43.80%, training time : 8200msec
                                                     Cluster 6, round 1, loss : 1.76, accuracy 35.65% <-
                                                     Time past : 8200msec
                                                     ['0:55.70%', '1:62.00%', '2:17.70%', '3:5.90%', '4:14.40%', '5:69.10%', '6:28.00%', '7:30.50%', '8:32.70%', '9:40.50%']
                                          0msec<-
                                          ->0msec
                                                     -> Cluster 1, loss : 1.70, accuracy 39.51%, model from round 13
                                                     ['0:51.60%', '1:41.50%', '2:14.50%', '3:11.40%', '4:29.20%', '5:42.00%', '6:70.10%', '7:36.70%', '8:48.20%', '9:49.90%']
                                                                                              <-> Client 0, global : from 39.51% to 37.94%, local : from 38.80% to 46.20%, training time : 8200msec
                                                     Cluster 1, round 1, loss : 1.76, accuracy 37.94% <-
                                                     Time past : 8200msec
                                                     ['0:33.30%', '1:28.30%', '2:19.50%', '3:20.70%', '4:35.00%', '5:31.10%', '6:53.40%', '7:60.70%', '8:59.50%', '9:37.90%']
                                          0msec<-
                                          ->0msec
                                                     -> Cluster 61, loss : 1.70, accuracy 39.51%, model from round 13
                                                     ['0:51.60%', '1:41.50%', '2:14.50%', '3:11.40%', '4:29.20%', '5:42.00%', '6:70.10%', '7:36.70%', '8:48.20%', '9:49.90%']
                                                                                              <-> Client 0, global : from 39.51% to 39.24%, local : from 42.20% to 54.00%, training time : 16200msec
                                                     Cluster 61, round 1, loss : 1.73, accuracy 39.24% <-
                                                     Time past : 16200msec
                                                     ['0:43.30%', '1:54.60%', '2:23.90%', '3:39.50%', '4:16.40%', '5:18.20%', '6:41.20%', '7:53.00%', '8:47.70%', '9:54.60%']
                                          0msec<-
                                          ->0msec
                                                     -> Cluster 95, loss : 1.70, accuracy 39.51%, model from round 13
                                                     ['0:51.60%', '1:41.50%', '2:14.50%', '3:11.40%', '4:29.20%', '5:42.00%', '6:70.10%', '7:36.70%', '8:48.20%', '9:49.90%']
                                                                                              <-> Client 0, global : from 39.51% to 35.99%, local : from 35.80% to 46.60%, training time : 16200msec
                                                     Cluster 95, round 1, loss : 1.84, accuracy 35.99% <-
                                                     Time past : 16200msec
                                                     ['0:32.80%', '1:31.20%', '2:18.80%', '3:17.00%', '4:31.40%', '5:56.50%', '6:51.50%', '7:39.90%', '8:22.20%', '9:58.60%']
                                          0msec<-
                                          ->0msec
                                                     -> Cluster 15, loss : 1.70, accuracy 39.51%, model from round 13
                                                     ['0:51.60%', '1:41.50%', '2:14.50%', '3:11.40%', '4:29.20%', '5:42.00%', '6:70.10%', '7:36.70%', '8:48.20%', '9:49.90%']
                                                                                              <-> Client 0, global : from 39.51% to 34.33%, local : from 43.60% to 41.60%, training time : 8200msec
                                                     Cluster 15, round 1, loss : 1.86, accuracy 34.33% <-
                                                     Time past : 8200msec
                                                     ['0:33.50%', '1:38.70%', '2:32.20%', '3:7.10%', '4:31.50%', '5:56.10%', '6:33.50%', '7:47.80%', '8:22.20%', '9:40.70%']
                                          0msec<-
Central server round 13, loss : 1.66, accuracy :41.05%
Time past: 210600msec
['0:50.80%', '1:47.40%', '2:21.30%', '3:11.60%', '4:35.90%', '5:43.10%', '6:58.80%', '7:46.50%', '8:39.60%', '9:55.50%']
                                          ->0msec
                                                     -> Cluster 69, loss : 1.66, accuracy 41.05%, model from round 14
                                                     ['0:50.80%', '1:47.40%', '2:21.30%', '3:11.60%', '4:35.90%', '5:43.10%', '6:58.80%', '7:46.50%', '8:39.60%', '9:55.50%']
                                                                                              <-> Client 0, global : from 41.05% to 39.13%, local : from 40.40% to 51.60%, training time : 16200msec
                                                     Cluster 69, round 1, loss : 1.70, accuracy 39.13% <-
                                                     Time past : 16200msec
                                                     ['0:36.40%', '1:39.40%', '2:14.80%', '3:26.10%', '4:18.30%', '5:30.80%', '6:71.90%', '7:32.10%', '8:59.40%', '9:62.10%']
                                          0msec<-
                                          ->0msec
                                                     -> Cluster 61, loss : 1.66, accuracy 41.05%, model from round 14
                                                     ['0:50.80%', '1:47.40%', '2:21.30%', '3:11.60%', '4:35.90%', '5:43.10%', '6:58.80%', '7:46.50%', '8:39.60%', '9:55.50%']
                                                                                              <-> Client 0, global : from 41.05% to 36.36%, local : from 41.80% to 53.20%, training time : 16200msec
                                                     Cluster 61, round 1, loss : 1.80, accuracy 36.36% <-
                                                     Time past : 16200msec
                                                     ['0:33.90%', '1:51.20%', '2:30.40%', '3:11.40%', '4:54.00%', '5:14.80%', '6:52.10%', '7:40.10%', '8:38.10%', '9:37.60%']
                                          0msec<-
                                          ->0msec
                                                     -> Cluster 7, loss : 1.66, accuracy 41.05%, model from round 14
                                                     ['0:50.80%', '1:47.40%', '2:21.30%', '3:11.60%', '4:35.90%', '5:43.10%', '6:58.80%', '7:46.50%', '8:39.60%', '9:55.50%']
                                                                                              <-> Client 0, global : from 41.05% to 37.69%, local : from 39.40% to 44.40%, training time : 8200msec
                                                     Cluster 7, round 1, loss : 1.72, accuracy 37.69% <-
                                                     Time past : 8200msec
                                                     ['0:22.50%', '1:48.20%', '2:21.60%', '3:18.20%', '4:7.30%', '5:56.40%', '6:62.10%', '7:31.50%', '8:47.00%', '9:62.10%']
                                          0msec<-
                                          ->0msec
                                                     -> Cluster 45, loss : 1.66, accuracy 41.05%, model from round 14
                                                     ['0:50.80%', '1:47.40%', '2:21.30%', '3:11.60%', '4:35.90%', '5:43.10%', '6:58.80%', '7:46.50%', '8:39.60%', '9:55.50%']
                                                                                              <-> Client 0, global : from 41.05% to 36.16%, local : from 38.20% to 43.20%, training time : 8200msec
                                                     Cluster 45, round 1, loss : 1.80, accuracy 36.16% <-
                                                     Time past : 8200msec
                                                     ['0:46.50%', '1:33.10%', '2:23.80%', '3:32.10%', '4:46.60%', '5:30.60%', '6:22.00%', '7:28.00%', '8:77.00%', '9:21.90%']
                                          0msec<-
                                          ->0msec
                                                     -> Cluster 28, loss : 1.66, accuracy 41.05%, model from round 14
                                                     ['0:50.80%', '1:47.40%', '2:21.30%', '3:11.60%', '4:35.90%', '5:43.10%', '6:58.80%', '7:46.50%', '8:39.60%', '9:55.50%']
                                                                                              <-> Client 0, global : from 41.05% to 36.94%, local : from 39.40% to 42.60%, training time : 8200msec
                                                     Cluster 28, round 1, loss : 1.81, accuracy 36.94% <-
                                                     Time past : 8200msec
                                                     ['0:54.70%', '1:50.80%', '2:2.80%', '3:26.80%', '4:23.70%', '5:24.00%', '6:55.00%', '7:28.40%', '8:71.30%', '9:31.90%']
                                          0msec<-
                                          ->0msec
                                                     -> Cluster 25, loss : 1.66, accuracy 41.05%, model from round 14
                                                     ['0:50.80%', '1:47.40%', '2:21.30%', '3:11.60%', '4:35.90%', '5:43.10%', '6:58.80%', '7:46.50%', '8:39.60%', '9:55.50%']
                                                                                              <-> Client 0, global : from 41.05% to 37.02%, local : from 40.20% to 42.80%, training time : 8200msec
                                                     Cluster 25, round 1, loss : 1.76, accuracy 37.02% <-
                                                     Time past : 8200msec
                                                     ['0:57.80%', '1:68.80%', '2:14.50%', '3:44.80%', '4:27.60%', '5:8.20%', '6:59.00%', '7:29.20%', '8:12.90%', '9:47.40%']
                                          0msec<-
                                          ->0msec
                                                     -> Cluster 15, loss : 1.66, accuracy 41.05%, model from round 14
                                                     ['0:50.80%', '1:47.40%', '2:21.30%', '3:11.60%', '4:35.90%', '5:43.10%', '6:58.80%', '7:46.50%', '8:39.60%', '9:55.50%']
                                                                                              <-> Client 0, global : from 41.05% to 37.72%, local : from 45.00% to 50.20%, training time : 8200msec
                                                     Cluster 15, round 1, loss : 1.76, accuracy 37.72% <-
                                                     Time past : 8200msec
                                                     ['0:26.80%', '1:49.30%', '2:41.00%', '3:14.10%', '4:41.60%', '5:38.90%', '6:47.90%', '7:27.40%', '8:38.10%', '9:52.10%']
                                          0msec<-
                                          ->0msec
                                                     -> Cluster 68, loss : 1.66, accuracy 41.05%, model from round 14
                                                     ['0:50.80%', '1:47.40%', '2:21.30%', '3:11.60%', '4:35.90%', '5:43.10%', '6:58.80%', '7:46.50%', '8:39.60%', '9:55.50%']
                                                                                              <-> Client 0, global : from 41.05% to 37.02%, local : from 44.20% to 51.40%, training time : 16200msec
                                                     Cluster 68, round 1, loss : 1.80, accuracy 37.02% <-
                                                     Time past : 16200msec
                                                     ['0:64.40%', '1:62.40%', '2:39.80%', '3:46.70%', '4:9.80%', '5:11.90%', '6:21.60%', '7:34.80%', '8:54.80%', '9:24.00%']
                                          0msec<-
                                          ->0msec
                                                     -> Cluster 21, loss : 1.66, accuracy 41.05%, model from round 14
                                                     ['0:50.80%', '1:47.40%', '2:21.30%', '3:11.60%', '4:35.90%', '5:43.10%', '6:58.80%', '7:46.50%', '8:39.60%', '9:55.50%']
                                                                                              <-> Client 0, global : from 41.05% to 37.07%, local : from 40.40% to 45.20%, training time : 8200msec
                                                     Cluster 21, round 1, loss : 1.77, accuracy 37.07% <-
                                                     Time past : 8200msec
                                                     ['0:25.70%', '1:28.50%', '2:44.80%', '3:29.70%', '4:5.90%', '5:32.70%', '6:65.30%', '7:38.30%', '8:62.10%', '9:37.70%']
                                          0msec<-
                                          ->0msec
                                                     -> Cluster 30, loss : 1.66, accuracy 41.05%, model from round 14
                                                     ['0:50.80%', '1:47.40%', '2:21.30%', '3:11.60%', '4:35.90%', '5:43.10%', '6:58.80%', '7:46.50%', '8:39.60%', '9:55.50%']
                                                                                              <-> Client 0, global : from 41.05% to 39.15%, local : from 39.80% to 47.00%, training time : 8200msec
                                                     Cluster 30, round 1, loss : 1.69, accuracy 39.15% <-
                                                     Time past : 8200msec
                                                     ['0:44.50%', '1:54.40%', '2:43.80%', '3:3.00%', '4:13.20%', '5:41.50%', '6:65.50%', '7:42.80%', '8:48.30%', '9:34.50%']
                                          0msec<-
Central server round 14, loss : 1.63, accuracy :42.56%
Time past: 226800msec
['0:47.60%', '1:52.80%', '2:32.60%', '3:29.90%', '4:25.20%', '5:31.60%', '6:62.70%', '7:37.90%', '8:58.60%', '9:46.70%']
                                          ->0msec
                                                     -> Cluster 6, loss : 1.63, accuracy 42.56%, model from round 15
                                                     ['0:47.60%', '1:52.80%', '2:32.60%', '3:29.90%', '4:25.20%', '5:31.60%', '6:62.70%', '7:37.90%', '8:58.60%', '9:46.70%']
                                                                                              <-> Client 0, global : from 42.56% to 39.19%, local : from 42.80% to 50.00%, training time : 8200msec
                                                     Cluster 6, round 1, loss : 1.72, accuracy 39.19% <-
                                                     Time past : 8200msec
                                                     ['0:66.50%', '1:45.60%', '2:30.60%', '3:11.90%', '4:42.30%', '5:38.00%', '6:24.20%', '7:43.20%', '8:37.70%', '9:51.90%']
                                          0msec<-
                                          ->0msec
                                                     -> Cluster 60, loss : 1.63, accuracy 42.56%, model from round 15
                                                     ['0:47.60%', '1:52.80%', '2:32.60%', '3:29.90%', '4:25.20%', '5:31.60%', '6:62.70%', '7:37.90%', '8:58.60%', '9:46.70%']
                                                                                              <-> Client 0, global : from 42.56% to 38.24%, local : from 41.60% to 51.00%, training time : 16200msec
                                                     Cluster 60, round 1, loss : 1.75, accuracy 38.24% <-
                                                     Time past : 16200msec
                                                     ['0:49.60%', '1:65.60%', '2:18.20%', '3:19.80%', '4:12.30%', '5:23.40%', '6:68.10%', '7:29.90%', '8:44.80%', '9:50.70%']
                                          0msec<-
                                          ->0msec
                                                     -> Cluster 41, loss : 1.63, accuracy 42.56%, model from round 15
                                                     ['0:47.60%', '1:52.80%', '2:32.60%', '3:29.90%', '4:25.20%', '5:31.60%', '6:62.70%', '7:37.90%', '8:58.60%', '9:46.70%']
                                                                                              <-> Client 0, global : from 42.56% to 39.77%, local : from 39.00% to 44.20%, training time : 8200msec
                                                     Cluster 41, round 1, loss : 1.71, accuracy 39.77% <-
                                                     Time past : 8200msec
                                                     ['0:29.40%', '1:55.00%', '2:21.50%', '3:28.20%', '4:25.40%', '5:23.10%', '6:63.80%', '7:63.90%', '8:34.80%', '9:52.60%']
                                          0msec<-
                                          ->0msec
                                                     -> Cluster 99, loss : 1.63, accuracy 42.56%, model from round 15
                                                     ['0:47.60%', '1:52.80%', '2:32.60%', '3:29.90%', '4:25.20%', '5:31.60%', '6:62.70%', '7:37.90%', '8:58.60%', '9:46.70%']
                                                                                              <-> Client 0, global : from 42.56% to 39.32%, local : from 43.80% to 52.20%, training time : 16200msec
                                                     Cluster 99, round 1, loss : 1.74, accuracy 39.32% <-
                                                     Time past : 16200msec
                                                     ['0:41.50%', '1:51.20%', '2:6.20%', '3:7.00%', '4:52.40%', '5:32.50%', '6:40.90%', '7:54.60%', '8:46.40%', '9:60.50%']
                                          0msec<-
                                          ->0msec
                                                     -> Cluster 0, loss : 1.63, accuracy 42.56%, model from round 15
                                                     ['0:47.60%', '1:52.80%', '2:32.60%', '3:29.90%', '4:25.20%', '5:31.60%', '6:62.70%', '7:37.90%', '8:58.60%', '9:46.70%']
                                                                                              <-> Client 0, global : from 42.56% to 38.24%, local : from 40.40% to 45.40%, training time : 8200msec
                                                     Cluster 0, round 1, loss : 1.69, accuracy 38.24% <-
                                                     Time past : 8200msec
                                                     ['0:30.80%', '1:34.60%', '2:37.50%', '3:11.40%', '4:9.40%', '5:30.50%', '6:68.60%', '7:37.20%', '8:51.50%', '9:70.90%']
                                          0msec<-
                                          ->0msec
                                                     -> Cluster 7, loss : 1.63, accuracy 42.56%, model from round 15
                                                     ['0:47.60%', '1:52.80%', '2:32.60%', '3:29.90%', '4:25.20%', '5:31.60%', '6:62.70%', '7:37.90%', '8:58.60%', '9:46.70%']
                                                                                              <-> Client 0, global : from 42.56% to 36.54%, local : from 45.00% to 47.60%, training time : 8200msec
                                                     Cluster 7, round 1, loss : 1.76, accuracy 36.54% <-
                                                     Time past : 8200msec
                                                     ['0:17.50%', '1:33.20%', '2:21.80%', '3:6.40%', '4:15.50%', '5:42.20%', '6:79.60%', '7:34.70%', '8:80.90%', '9:33.60%']
                                          0msec<-
                                          ->0msec
                                                     -> Cluster 16, loss : 1.63, accuracy 42.56%, model from round 15
                                                     ['0:47.60%', '1:52.80%', '2:32.60%', '3:29.90%', '4:25.20%', '5:31.60%', '6:62.70%', '7:37.90%', '8:58.60%', '9:46.70%']
                                                                                              <-> Client 0, global : from 42.56% to 32.15%, local : from 42.60% to 39.80%, training time : 8200msec
                                                     Cluster 16, round 1, loss : 2.04, accuracy 32.15% <-
                                                     Time past : 8200msec
                                                     ['0:61.50%', '1:79.10%', '2:3.40%', '3:26.50%', '4:0.50%', '5:18.20%', '6:25.60%', '7:30.40%', '8:48.60%', '9:27.70%']
                                          0msec<-
                                          ->0msec
                                                     -> Cluster 5, loss : 1.63, accuracy 42.56%, model from round 15
                                                     ['0:47.60%', '1:52.80%', '2:32.60%', '3:29.90%', '4:25.20%', '5:31.60%', '6:62.70%', '7:37.90%', '8:58.60%', '9:46.70%']
                                                                                              <-> Client 0, global : from 42.56% to 37.84%, local : from 45.20% to 49.20%, training time : 8200msec
                                                     Cluster 5, round 1, loss : 1.69, accuracy 37.84% <-
                                                     Time past : 8200msec
                                                     ['0:39.90%', '1:42.80%', '2:10.60%', '3:7.60%', '4:29.60%', '5:62.70%', '6:45.30%', '7:42.30%', '8:30.00%', '9:67.60%']
                                          0msec<-
                                          ->0msec
                                                     -> Cluster 15, loss : 1.63, accuracy 42.56%, model from round 15
                                                     ['0:47.60%', '1:52.80%', '2:32.60%', '3:29.90%', '4:25.20%', '5:31.60%', '6:62.70%', '7:37.90%', '8:58.60%', '9:46.70%']
                                                                                              <-> Client 0, global : from 42.56% to 35.66%, local : from 47.40% to 47.00%, training time : 8200msec
                                                     Cluster 15, round 1, loss : 1.82, accuracy 35.66% <-
                                                     Time past : 8200msec
                                                     ['0:23.30%', '1:72.80%', '2:11.50%', '3:14.40%', '4:17.40%', '5:32.30%', '6:56.50%', '7:68.40%', '8:16.90%', '9:43.10%']
                                          0msec<-
                                          ->0msec
                                                     -> Cluster 8, loss : 1.63, accuracy 42.56%, model from round 15
                                                     ['0:47.60%', '1:52.80%', '2:32.60%', '3:29.90%', '4:25.20%', '5:31.60%', '6:62.70%', '7:37.90%', '8:58.60%', '9:46.70%']
                                                                                              <-> Client 0, global : from 42.56% to 33.33%, local : from 40.60% to 38.20%, training time : 8200msec
                                                     Cluster 8, round 1, loss : 1.84, accuracy 33.33% <-
                                                     Time past : 8200msec
                                                     ['0:10.40%', '1:36.70%', '2:57.90%', '3:8.70%', '4:21.80%', '5:18.60%', '6:73.70%', '7:19.90%', '8:46.70%', '9:38.90%']
                                          0msec<-
Central server round 15, loss : 1.61, accuracy :42.81%
Time past: 243000msec
['0:46.20%', '1:55.80%', '2:28.30%', '3:17.10%', '4:24.10%', '5:36.10%', '6:64.60%', '7:47.60%', '8:50.00%', '9:58.30%']
                                          ->0msec
                                                     -> Cluster 82, loss : 1.61, accuracy 42.81%, model from round 16
                                                     ['0:46.20%', '1:55.80%', '2:28.30%', '3:17.10%', '4:24.10%', '5:36.10%', '6:64.60%', '7:47.60%', '8:50.00%', '9:58.30%']
                                                                                              <-> Client 0, global : from 42.81% to 40.99%, local : from 45.20% to 57.20%, training time : 16200msec
                                                     Cluster 82, round 1, loss : 1.68, accuracy 40.99% <-
                                                     Time past : 16200msec
                                                     ['0:52.20%', '1:41.90%', '2:13.10%', '3:24.60%', '4:39.90%', '5:39.50%', '6:48.10%', '7:43.70%', '8:43.10%', '9:63.80%']
                                          0msec<-
                                          ->0msec
                                                     -> Cluster 49, loss : 1.61, accuracy 42.81%, model from round 16
                                                     ['0:46.20%', '1:55.80%', '2:28.30%', '3:17.10%', '4:24.10%', '5:36.10%', '6:64.60%', '7:47.60%', '8:50.00%', '9:58.30%']
                                                                                              <-> Client 0, global : from 42.81% to 39.79%, local : from 40.20% to 47.00%, training time : 8200msec
                                                     Cluster 49, round 1, loss : 1.68, accuracy 39.79% <-
                                                     Time past : 8200msec
                                                     ['0:65.00%', '1:41.90%', '2:10.30%', '3:44.80%', '4:34.60%', '5:21.60%', '6:45.10%', '7:33.10%', '8:50.60%', '9:50.90%']
                                          0msec<-
                                          ->0msec
                                                     -> Cluster 75, loss : 1.61, accuracy 42.81%, model from round 16
                                                     ['0:46.20%', '1:55.80%', '2:28.30%', '3:17.10%', '4:24.10%', '5:36.10%', '6:64.60%', '7:47.60%', '8:50.00%', '9:58.30%']
                                                                                              <-> Client 0, global : from 42.81% to 38.75%, local : from 40.20% to 55.40%, training time : 16200msec
                                                     Cluster 75, round 1, loss : 1.73, accuracy 38.75% <-
                                                     Time past : 16200msec
                                                     ['0:32.50%', '1:53.70%', '2:35.60%', '3:19.50%', '4:31.80%', '5:36.80%', '6:53.70%', '7:48.10%', '8:44.10%', '9:31.70%']
                                          0msec<-
                                          ->0msec
                                                     -> Cluster 38, loss : 1.61, accuracy 42.81%, model from round 16
                                                     ['0:46.20%', '1:55.80%', '2:28.30%', '3:17.10%', '4:24.10%', '5:36.10%', '6:64.60%', '7:47.60%', '8:50.00%', '9:58.30%']
                                                                                              <-> Client 0, global : from 42.81% to 40.48%, local : from 38.60% to 47.80%, training time : 8200msec
                                                     Cluster 38, round 1, loss : 1.66, accuracy 40.48% <-
                                                     Time past : 8200msec
                                                     ['0:37.00%', '1:35.80%', '2:20.50%', '3:13.80%', '4:18.00%', '5:22.10%', '6:77.90%', '7:48.50%', '8:61.90%', '9:69.30%']
                                          0msec<-
                                          ->0msec
                                                     -> Cluster 46, loss : 1.61, accuracy 42.81%, model from round 16
                                                     ['0:46.20%', '1:55.80%', '2:28.30%', '3:17.10%', '4:24.10%', '5:36.10%', '6:64.60%', '7:47.60%', '8:50.00%', '9:58.30%']
                                                                                              <-> Client 0, global : from 42.81% to 38.62%, local : from 43.40% to 47.00%, training time : 8200msec
                                                     Cluster 46, round 1, loss : 1.73, accuracy 38.62% <-
                                                     Time past : 8200msec
                                                     ['0:34.50%', '1:46.40%', '2:19.70%', '3:11.80%', '4:62.10%', '5:32.50%', '6:59.20%', '7:35.40%', '8:56.50%', '9:28.10%']
                                          0msec<-
                                          ->0msec
                                                     -> Cluster 33, loss : 1.61, accuracy 42.81%, model from round 16
                                                     ['0:46.20%', '1:55.80%', '2:28.30%', '3:17.10%', '4:24.10%', '5:36.10%', '6:64.60%', '7:47.60%', '8:50.00%', '9:58.30%']
                                                                                              <-> Client 0, global : from 42.81% to 40.46%, local : from 39.60% to 48.00%, training time : 8200msec
                                                     Cluster 33, round 1, loss : 1.68, accuracy 40.46% <-
                                                     Time past : 8200msec
                                                     ['0:34.00%', '1:57.60%', '2:13.00%', '3:28.30%', '4:22.60%', '5:32.30%', '6:55.50%', '7:39.10%', '8:59.10%', '9:63.10%']
                                          0msec<-
                                          ->0msec
                                                     -> Cluster 24, loss : 1.61, accuracy 42.81%, model from round 16
                                                     ['0:46.20%', '1:55.80%', '2:28.30%', '3:17.10%', '4:24.10%', '5:36.10%', '6:64.60%', '7:47.60%', '8:50.00%', '9:58.30%']
                                                                                              <-> Client 0, global : from 42.81% to 34.70%, local : from 43.40% to 40.20%, training time : 8200msec
                                                     Cluster 24, round 1, loss : 1.84, accuracy 34.70% <-
                                                     Time past : 8200msec
                                                     ['0:28.20%', '1:22.00%', '2:20.40%', '3:6.50%', '4:61.30%', '5:16.50%', '6:67.20%', '7:14.20%', '8:55.70%', '9:55.00%']
                                          0msec<-
                                          ->0msec
                                                     -> Cluster 42, loss : 1.61, accuracy 42.81%, model from round 16
                                                     ['0:46.20%', '1:55.80%', '2:28.30%', '3:17.10%', '4:24.10%', '5:36.10%', '6:64.60%', '7:47.60%', '8:50.00%', '9:58.30%']
                                                                                              <-> Client 0, global : from 42.81% to 42.52%, local : from 38.00% to 48.60%, training time : 8200msec
                                                     Cluster 42, round 1, loss : 1.64, accuracy 42.52% <-
                                                     Time past : 8200msec
                                                     ['0:42.30%', '1:60.00%', '2:19.10%', '3:32.20%', '4:37.80%', '5:13.00%', '6:66.50%', '7:52.60%', '8:68.70%', '9:33.00%']
                                          0msec<-
                                          ->0msec
                                                     -> Cluster 54, loss : 1.61, accuracy 42.81%, model from round 16
                                                     ['0:46.20%', '1:55.80%', '2:28.30%', '3:17.10%', '4:24.10%', '5:36.10%', '6:64.60%', '7:47.60%', '8:50.00%', '9:58.30%']
                                                                                              <-> Client 0, global : from 42.81% to 29.79%, local : from 44.80% to 42.00%, training time : 16200msec
                                                     Cluster 54, round 1, loss : 2.13, accuracy 29.79% <-
                                                     Time past : 16200msec
                                                     ['0:21.00%', '1:59.20%', '2:13.60%', '3:15.90%', '4:4.00%', '5:42.40%', '6:19.00%', '7:28.10%', '8:18.00%', '9:76.70%']
                                          0msec<-
                                          ->0msec
                                                     -> Cluster 15, loss : 1.61, accuracy 42.81%, model from round 16
                                                     ['0:46.20%', '1:55.80%', '2:28.30%', '3:17.10%', '4:24.10%', '5:36.10%', '6:64.60%', '7:47.60%', '8:50.00%', '9:58.30%']
                                                                                              <-> Client 0, global : from 42.81% to 39.36%, local : from 48.60% to 53.80%, training time : 8200msec
                                                     Cluster 15, round 1, loss : 1.72, accuracy 39.36% <-
                                                     Time past : 8200msec
                                                     ['0:25.20%', '1:76.60%', '2:13.60%', '3:16.70%', '4:43.50%', '5:41.00%', '6:45.30%', '7:56.10%', '8:40.70%', '9:34.90%']
                                          0msec<-
Central server round 16, loss : 1.58, accuracy :44.41%
Time past: 259200msec
['0:45.30%', '1:55.30%', '2:22.90%', '3:24.30%', '4:37.90%', '5:33.90%', '6:65.50%', '7:44.80%', '8:57.00%', '9:57.20%']
                                          ->0msec
                                                     -> Cluster 79, loss : 1.58, accuracy 44.41%, model from round 17
                                                     ['0:45.30%', '1:55.30%', '2:22.90%', '3:24.30%', '4:37.90%', '5:33.90%', '6:65.50%', '7:44.80%', '8:57.00%', '9:57.20%']
                                                                                              <-> Client 0, global : from 44.41% to 35.85%, local : from 41.00% to 47.20%, training time : 16200msec
                                                     Cluster 79, round 1, loss : 1.83, accuracy 35.85% <-
                                                     Time past : 16200msec
                                                     ['0:36.80%', '1:63.70%', '2:5.90%', '3:10.50%', '4:8.30%', '5:27.80%', '6:33.90%', '7:73.00%', '8:39.80%', '9:58.80%']
                                          0msec<-
                                          ->0msec
                                                     -> Cluster 55, loss : 1.58, accuracy 44.41%, model from round 17
                                                     ['0:45.30%', '1:55.30%', '2:22.90%', '3:24.30%', '4:37.90%', '5:33.90%', '6:65.50%', '7:44.80%', '8:57.00%', '9:57.20%']
                                                                                              <-> Client 0, global : from 44.41% to 40.81%, local : from 46.40% to 58.80%, training time : 16200msec
                                                     Cluster 55, round 1, loss : 1.70, accuracy 40.81% <-
                                                     Time past : 16200msec
                                                     ['0:38.60%', '1:33.30%', '2:36.40%', '3:7.00%', '4:38.50%', '5:40.60%', '6:63.30%', '7:38.00%', '8:65.70%', '9:46.70%']
                                          0msec<-
                                          ->0msec
                                                     -> Cluster 6, loss : 1.58, accuracy 44.41%, model from round 17
                                                     ['0:45.30%', '1:55.30%', '2:22.90%', '3:24.30%', '4:37.90%', '5:33.90%', '6:65.50%', '7:44.80%', '8:57.00%', '9:57.20%']
                                                                                              <-> Client 0, global : from 44.41% to 39.96%, local : from 45.60% to 53.20%, training time : 8200msec
                                                     Cluster 6, round 1, loss : 1.68, accuracy 39.96% <-
                                                     Time past : 8200msec
                                                     ['0:60.30%', '1:55.80%', '2:16.20%', '3:8.20%', '4:52.00%', '5:30.30%', '6:32.30%', '7:58.90%', '8:30.70%', '9:54.90%']
                                          0msec<-
                                          ->0msec
                                                     -> Cluster 47, loss : 1.58, accuracy 44.41%, model from round 17
                                                     ['0:45.30%', '1:55.30%', '2:22.90%', '3:24.30%', '4:37.90%', '5:33.90%', '6:65.50%', '7:44.80%', '8:57.00%', '9:57.20%']
                                                                                              <-> Client 0, global : from 44.41% to 40.61%, local : from 49.60% to 55.60%, training time : 8200msec
                                                     Cluster 47, round 1, loss : 1.66, accuracy 40.61% <-
                                                     Time past : 8200msec
                                                     ['0:26.20%', '1:66.00%', '2:17.30%', '3:16.30%', '4:17.40%', '5:50.20%', '6:68.10%', '7:52.70%', '8:51.80%', '9:40.10%']
                                          0msec<-
                                          ->0msec
                                                     -> Cluster 80, loss : 1.58, accuracy 44.41%, model from round 17
                                                     ['0:45.30%', '1:55.30%', '2:22.90%', '3:24.30%', '4:37.90%', '5:33.90%', '6:65.50%', '7:44.80%', '8:57.00%', '9:57.20%']
                                                                                              <-> Client 0, global : from 44.41% to 41.08%, local : from 40.40% to 56.20%, training time : 16200msec
                                                     Cluster 80, round 1, loss : 1.65, accuracy 41.08% <-
                                                     Time past : 16200msec
                                                     ['0:48.40%', '1:54.80%', '2:28.90%', '3:19.70%', '4:37.30%', '5:42.90%', '6:36.20%', '7:42.40%', '8:34.90%', '9:65.30%']
                                          0msec<-
                                          ->0msec
                                                     -> Cluster 63, loss : 1.58, accuracy 44.41%, model from round 17
                                                     ['0:45.30%', '1:55.30%', '2:22.90%', '3:24.30%', '4:37.90%', '5:33.90%', '6:65.50%', '7:44.80%', '8:57.00%', '9:57.20%']
                                                                                              <-> Client 0, global : from 44.41% to 34.27%, local : from 40.00% to 44.40%, training time : 16200msec
                                                     Cluster 63, round 1, loss : 1.89, accuracy 34.27% <-
                                                     Time past : 16200msec
                                                     ['0:35.20%', '1:90.30%', '2:17.20%', '3:18.00%', '4:23.40%', '5:20.40%', '6:46.80%', '7:36.90%', '8:47.90%', '9:6.60%']
                                          0msec<-
                                          ->0msec
                                                     -> Cluster 97, loss : 1.58, accuracy 44.41%, model from round 17
                                                     ['0:45.30%', '1:55.30%', '2:22.90%', '3:24.30%', '4:37.90%', '5:33.90%', '6:65.50%', '7:44.80%', '8:57.00%', '9:57.20%']
                                                                                              <-> Client 0, global : from 44.41% to 36.79%, local : from 43.00% to 48.40%, training time : 16200msec
                                                     Cluster 97, round 1, loss : 1.75, accuracy 36.79% <-
                                                     Time past : 16200msec
                                                     ['0:56.00%', '1:38.10%', '2:13.30%', '3:4.20%', '4:11.30%', '5:71.20%', '6:47.40%', '7:48.60%', '8:33.60%', '9:44.20%']
                                          0msec<-
                                          ->0msec
                                                     -> Cluster 89, loss : 1.58, accuracy 44.41%, model from round 17
                                                     ['0:45.30%', '1:55.30%', '2:22.90%', '3:24.30%', '4:37.90%', '5:33.90%', '6:65.50%', '7:44.80%', '8:57.00%', '9:57.20%']
                                                                                              <-> Client 0, global : from 44.41% to 39.32%, local : from 41.00% to 52.20%, training time : 16200msec
                                                     Cluster 89, round 1, loss : 1.72, accuracy 39.32% <-
                                                     Time past : 16200msec
                                                     ['0:61.80%', '1:69.40%', '2:12.50%', '3:12.60%', '4:17.40%', '5:45.80%', '6:52.30%', '7:34.50%', '8:37.10%', '9:49.80%']
                                          0msec<-
                                          ->0msec
                                                     -> Cluster 40, loss : 1.58, accuracy 44.41%, model from round 17
                                                     ['0:45.30%', '1:55.30%', '2:22.90%', '3:24.30%', '4:37.90%', '5:33.90%', '6:65.50%', '7:44.80%', '8:57.00%', '9:57.20%']
                                                                                              <-> Client 0, global : from 44.41% to 42.73%, local : from 43.20% to 52.20%, training time : 8200msec
                                                     Cluster 40, round 1, loss : 1.62, accuracy 42.73% <-
                                                     Time past : 8200msec
                                                     ['0:58.90%', '1:62.00%', '2:19.70%', '3:36.40%', '4:33.80%', '5:23.90%', '6:63.20%', '7:35.40%', '8:54.10%', '9:39.90%']
                                          0msec<-
                                          ->0msec
                                                     -> Cluster 53, loss : 1.58, accuracy 44.41%, model from round 17
                                                     ['0:45.30%', '1:55.30%', '2:22.90%', '3:24.30%', '4:37.90%', '5:33.90%', '6:65.50%', '7:44.80%', '8:57.00%', '9:57.20%']
                                                                                              <-> Client 0, global : from 44.41% to 36.32%, local : from 39.80% to 48.40%, training time : 16200msec
                                                     Cluster 53, round 1, loss : 1.77, accuracy 36.32% <-
                                                     Time past : 16200msec
                                                     ['0:33.60%', '1:49.60%', '2:59.70%', '3:7.80%', '4:37.30%', '5:21.80%', '6:40.40%', '7:33.90%', '8:60.40%', '9:18.70%']
                                          0msec<-
Central server round 17, loss : 1.56, accuracy :45.29%
Time past: 275400msec
['0:53.60%', '1:64.70%', '2:30.20%', '3:14.90%', '4:31.50%', '5:41.10%', '6:60.90%', '7:52.10%', '8:55.40%', '9:48.50%']
                                          ->0msec
                                                     -> Cluster 16, loss : 1.56, accuracy 45.29%, model from round 18
                                                     ['0:53.60%', '1:64.70%', '2:30.20%', '3:14.90%', '4:31.50%', '5:41.10%', '6:60.90%', '7:52.10%', '8:55.40%', '9:48.50%']
                                                                                              <-> Client 0, global : from 45.29% to 41.87%, local : from 46.40% to 57.40%, training time : 8200msec
                                                     Cluster 16, round 1, loss : 1.64, accuracy 41.87% <-
                                                     Time past : 8200msec
                                                     ['0:33.50%', '1:51.00%', '2:40.70%', '3:34.50%', '4:16.70%', '5:42.30%', '6:46.10%', '7:51.70%', '8:62.00%', '9:40.20%']
                                          0msec<-
                                          ->0msec
                                                     -> Cluster 3, loss : 1.56, accuracy 45.29%, model from round 18
                                                     ['0:53.60%', '1:64.70%', '2:30.20%', '3:14.90%', '4:31.50%', '5:41.10%', '6:60.90%', '7:52.10%', '8:55.40%', '9:48.50%']
                                                                                              <-> Client 0, global : from 45.29% to 37.76%, local : from 48.00% to 47.00%, training time : 8200msec
                                                     Cluster 3, round 1, loss : 1.71, accuracy 37.76% <-
                                                     Time past : 8200msec
                                                     ['0:50.20%', '1:87.00%', '2:11.70%', '3:16.40%', '4:43.40%', '5:26.00%', '6:50.10%', '7:61.40%', '8:23.60%', '9:7.80%']
                                          0msec<-
                                          ->0msec
                                                     -> Cluster 41, loss : 1.56, accuracy 45.29%, model from round 18
                                                     ['0:53.60%', '1:64.70%', '2:30.20%', '3:14.90%', '4:31.50%', '5:41.10%', '6:60.90%', '7:52.10%', '8:55.40%', '9:48.50%']
                                                                                              <-> Client 0, global : from 45.29% to 41.74%, local : from 43.00% to 50.20%, training time : 8200msec
                                                     Cluster 41, round 1, loss : 1.64, accuracy 41.74% <-
                                                     Time past : 8200msec
                                                     ['0:37.10%', '1:42.10%', '2:26.00%', '3:24.40%', '4:39.70%', '5:29.90%', '6:52.20%', '7:32.10%', '8:57.70%', '9:76.20%']
                                          0msec<-
                                          ->0msec
                                                     -> Cluster 47, loss : 1.56, accuracy 45.29%, model from round 18
                                                     ['0:53.60%', '1:64.70%', '2:30.20%', '3:14.90%', '4:31.50%', '5:41.10%', '6:60.90%', '7:52.10%', '8:55.40%', '9:48.50%']
                                                                                              <-> Client 0, global : from 45.29% to 41.27%, local : from 49.40% to 56.80%, training time : 8200msec
                                                     Cluster 47, round 1, loss : 1.67, accuracy 41.27% <-
                                                     Time past : 8200msec
                                                     ['0:40.40%', '1:48.30%', '2:41.80%', '3:35.10%', '4:32.30%', '5:25.50%', '6:63.20%', '7:34.60%', '8:54.90%', '9:36.60%']
                                          0msec<-
                                          ->0msec
                                                     -> Cluster 71, loss : 1.56, accuracy 45.29%, model from round 18
                                                     ['0:53.60%', '1:64.70%', '2:30.20%', '3:14.90%', '4:31.50%', '5:41.10%', '6:60.90%', '7:52.10%', '8:55.40%', '9:48.50%']
                                                                                              <-> Client 0, global : from 45.29% to 41.10%, local : from 44.00% to 59.00%, training time : 16200msec
                                                     Cluster 71, round 1, loss : 1.66, accuracy 41.10% <-
                                                     Time past : 16200msec
                                                     ['0:50.20%', '1:33.60%', '2:12.50%', '3:20.20%', '4:54.90%', '5:29.50%', '6:60.20%', '7:38.20%', '8:58.90%', '9:52.80%']
                                          0msec<-
                                          ->0msec
                                                     -> Cluster 33, loss : 1.56, accuracy 45.29%, model from round 18
                                                     ['0:53.60%', '1:64.70%', '2:30.20%', '3:14.90%', '4:31.50%', '5:41.10%', '6:60.90%', '7:52.10%', '8:55.40%', '9:48.50%']
                                                                                              <-> Client 0, global : from 45.29% to 38.68%, local : from 42.40% to 46.80%, training time : 8200msec
                                                     Cluster 33, round 1, loss : 1.71, accuracy 38.68% <-
                                                     Time past : 8200msec
                                                     ['0:18.30%', '1:37.10%', '2:36.10%', '3:13.00%', '4:39.90%', '5:21.90%', '6:80.40%', '7:26.60%', '8:62.30%', '9:51.20%']
                                          0msec<-
                                          ->0msec
                                                     -> Cluster 15, loss : 1.56, accuracy 45.29%, model from round 18
                                                     ['0:53.60%', '1:64.70%', '2:30.20%', '3:14.90%', '4:31.50%', '5:41.10%', '6:60.90%', '7:52.10%', '8:55.40%', '9:48.50%']
                                                                                              <-> Client 0, global : from 45.29% to 38.37%, local : from 50.60% to 51.60%, training time : 8200msec
                                                     Cluster 15, round 1, loss : 1.78, accuracy 38.37% <-
                                                     Time past : 8200msec
                                                     ['0:26.50%', '1:54.20%', '2:18.60%', '3:20.70%', '4:23.00%', '5:19.70%', '6:59.40%', '7:40.10%', '8:49.90%', '9:71.60%']
                                          0msec<-
                                          ->0msec
                                                     -> Cluster 59, loss : 1.56, accuracy 45.29%, model from round 18
                                                     ['0:53.60%', '1:64.70%', '2:30.20%', '3:14.90%', '4:31.50%', '5:41.10%', '6:60.90%', '7:52.10%', '8:55.40%', '9:48.50%']
                                                                                              <-> Client 0, global : from 45.29% to 40.01%, local : from 44.20% to 55.00%, training time : 16200msec
                                                     Cluster 59, round 1, loss : 1.68, accuracy 40.01% <-
                                                     Time past : 16200msec
                                                     ['0:60.80%', '1:57.50%', '2:11.10%', '3:13.80%', '4:28.20%', '5:28.70%', '6:82.50%', '7:31.90%', '8:39.60%', '9:46.00%']
                                          0msec<-
                                          ->0msec
                                                     -> Cluster 88, loss : 1.56, accuracy 45.29%, model from round 18
                                                     ['0:53.60%', '1:64.70%', '2:30.20%', '3:14.90%', '4:31.50%', '5:41.10%', '6:60.90%', '7:52.10%', '8:55.40%', '9:48.50%']
                                                                                              <-> Client 0, global : from 45.29% to 34.09%, local : from 46.00% to 48.80%, training time : 16200msec
                                                     Cluster 88, round 1, loss : 1.91, accuracy 34.09% <-
                                                     Time past : 16200msec
                                                     ['0:20.30%', '1:92.30%', '2:21.80%', '3:14.70%', '4:20.30%', '5:24.20%', '6:60.00%', '7:27.90%', '8:40.60%', '9:18.80%']
                                          0msec<-
                                          ->0msec
                                                     -> Cluster 93, loss : 1.56, accuracy 45.29%, model from round 18
                                                     ['0:53.60%', '1:64.70%', '2:30.20%', '3:14.90%', '4:31.50%', '5:41.10%', '6:60.90%', '7:52.10%', '8:55.40%', '9:48.50%']
                                                                                              <-> Client 0, global : from 45.29% to 42.29%, local : from 42.80% to 59.20%, training time : 16200msec
                                                     Cluster 93, round 1, loss : 1.64, accuracy 42.29% <-
                                                     Time past : 16200msec
                                                     ['0:51.20%', '1:55.60%', '2:32.50%', '3:30.70%', '4:18.80%', '5:16.50%', '6:75.30%', '7:42.30%', '8:61.00%', '9:39.00%']
                                          0msec<-
Central server round 18, loss : 1.54, accuracy :45.18%
Time past: 291600msec
['0:45.90%', '1:60.90%', '2:27.00%', '3:25.40%', '4:37.10%', '5:27.10%', '6:70.90%', '7:44.80%', '8:59.10%', '9:53.60%']
                                          ->0msec
                                                     -> Cluster 67, loss : 1.54, accuracy 45.18%, model from round 19
                                                     ['0:45.90%', '1:60.90%', '2:27.00%', '3:25.40%', '4:37.10%', '5:27.10%', '6:70.90%', '7:44.80%', '8:59.10%', '9:53.60%']
                                                                                              <-> Client 0, global : from 45.18% to 41.27%, local : from 45.20% to 56.80%, training time : 16200msec
                                                     Cluster 67, round 1, loss : 1.65, accuracy 41.27% <-
                                                     Time past : 16200msec
                                                     ['0:39.20%', '1:62.20%', '2:11.60%', '3:26.60%', '4:18.00%', '5:32.00%', '6:70.20%', '7:51.70%', '8:43.20%', '9:58.00%']
                                          0msec<-
                                          ->0msec
                                                     -> Cluster 11, loss : 1.54, accuracy 45.18%, model from round 19
                                                     ['0:45.90%', '1:60.90%', '2:27.00%', '3:25.40%', '4:37.10%', '5:27.10%', '6:70.90%', '7:44.80%', '8:59.10%', '9:53.60%']
                                                                                              <-> Client 0, global : from 45.18% to 36.27%, local : from 46.00% to 45.80%, training time : 8200msec
                                                     Cluster 11, round 1, loss : 1.97, accuracy 36.27% <-
                                                     Time past : 8200msec
                                                     ['0:55.50%', '1:72.20%', '2:10.30%', '3:17.40%', '4:8.50%', '5:30.10%', '6:31.50%', '7:24.70%', '8:58.80%', '9:53.70%']
                                          0msec<-
                                          ->0msec
                                                     -> Cluster 72, loss : 1.54, accuracy 45.18%, model from round 19
                                                     ['0:45.90%', '1:60.90%', '2:27.00%', '3:25.40%', '4:37.10%', '5:27.10%', '6:70.90%', '7:44.80%', '8:59.10%', '9:53.60%']
                                                                                              <-> Client 0, global : from 45.18% to 40.30%, local : from 45.80% to 59.80%, training time : 16200msec
                                                     Cluster 72, round 1, loss : 1.67, accuracy 40.30% <-
                                                     Time past : 16200msec
                                                     ['0:64.80%', '1:43.00%', '2:44.90%', '3:18.60%', '4:33.40%', '5:44.10%', '6:44.30%', '7:32.80%', '8:32.20%', '9:44.90%']
                                          0msec<-
                                          ->0msec
                                                     -> Cluster 12, loss : 1.54, accuracy 45.18%, model from round 19
                                                     ['0:45.90%', '1:60.90%', '2:27.00%', '3:25.40%', '4:37.10%', '5:27.10%', '6:70.90%', '7:44.80%', '8:59.10%', '9:53.60%']
                                                                                              <-> Client 0, global : from 45.18% to 38.75%, local : from 42.40% to 50.80%, training time : 8200msec
                                                     Cluster 12, round 1, loss : 1.71, accuracy 38.75% <-
                                                     Time past : 8200msec
                                                     ['0:74.20%', '1:48.10%', '2:3.30%', '3:23.00%', '4:58.60%', '5:19.60%', '6:52.70%', '7:49.70%', '8:22.30%', '9:36.00%']
                                          0msec<-
                                          ->0msec
                                                     -> Cluster 84, loss : 1.54, accuracy 45.18%, model from round 19
                                                     ['0:45.90%', '1:60.90%', '2:27.00%', '3:25.40%', '4:37.10%', '5:27.10%', '6:70.90%', '7:44.80%', '8:59.10%', '9:53.60%']
                                                                                              <-> Client 0, global : from 45.18% to 33.46%, local : from 46.40% to 47.80%, training time : 16200msec
                                                     Cluster 84, round 1, loss : 2.08, accuracy 33.46% <-
                                                     Time past : 16200msec
                                                     ['0:35.00%', '1:59.50%', '2:3.20%', '3:46.10%', '4:22.20%', '5:4.80%', '6:29.70%', '7:18.00%', '8:41.90%', '9:74.20%']
                                          0msec<-
                                          ->0msec
                                                     -> Cluster 48, loss : 1.54, accuracy 45.18%, model from round 19
                                                     ['0:45.90%', '1:60.90%', '2:27.00%', '3:25.40%', '4:37.10%', '5:27.10%', '6:70.90%', '7:44.80%', '8:59.10%', '9:53.60%']
                                                                                              <-> Client 0, global : from 45.18% to 31.86%, local : from 41.60% to 36.20%, training time : 8200msec
                                                     Cluster 48, round 1, loss : 2.04, accuracy 31.86% <-
                                                     Time past : 8200msec
                                                     ['0:33.50%', '1:83.10%', '2:5.10%', '3:21.70%', '4:5.20%', '5:28.30%', '6:26.20%', '7:30.00%', '8:33.00%', '9:52.50%']
                                          0msec<-
                                          ->0msec
                                                     -> Cluster 22, loss : 1.54, accuracy 45.18%, model from round 19
                                                     ['0:45.90%', '1:60.90%', '2:27.00%', '3:25.40%', '4:37.10%', '5:27.10%', '6:70.90%', '7:44.80%', '8:59.10%', '9:53.60%']
                                                                                              <-> Client 0, global : from 45.18% to 43.53%, local : from 42.20% to 53.80%, training time : 8200msec
                                                     Cluster 22, round 1, loss : 1.57, accuracy 43.53% <-
                                                     Time past : 8200msec
                                                     ['0:48.50%', '1:61.60%', '2:19.10%', '3:20.60%', '4:41.30%', '5:34.10%', '6:63.90%', '7:46.80%', '8:50.50%', '9:48.90%']
                                          0msec<-
                                          ->0msec
                                                     -> Cluster 3, loss : 1.54, accuracy 45.18%, model from round 19
                                                     ['0:45.90%', '1:60.90%', '2:27.00%', '3:25.40%', '4:37.10%', '5:27.10%', '6:70.90%', '7:44.80%', '8:59.10%', '9:53.60%']
                                                                                              <-> Client 0, global : from 45.18% to 42.82%, local : from 48.00% to 58.60%, training time : 8200msec
                                                     Cluster 3, round 1, loss : 1.59, accuracy 42.82% <-
                                                     Time past : 8200msec
                                                     ['0:34.70%', '1:64.20%', '2:20.80%', '3:26.40%', '4:42.60%', '5:37.40%', '6:60.60%', '7:47.60%', '8:67.30%', '9:26.60%']
                                          0msec<-
                                          ->0msec
                                                     -> Cluster 43, loss : 1.54, accuracy 45.18%, model from round 19
                                                     ['0:45.90%', '1:60.90%', '2:27.00%', '3:25.40%', '4:37.10%', '5:27.10%', '6:70.90%', '7:44.80%', '8:59.10%', '9:53.60%']
                                                                                              <-> Client 0, global : from 45.18% to 42.01%, local : from 43.00% to 52.00%, training time : 8200msec
                                                     Cluster 43, round 1, loss : 1.62, accuracy 42.01% <-
                                                     Time past : 8200msec
                                                     ['0:50.60%', '1:55.50%', '2:56.60%', '3:17.20%', '4:21.40%', '5:12.50%', '6:58.50%', '7:38.00%', '8:62.10%', '9:47.70%']
                                          0msec<-
                                          ->0msec
                                                     -> Cluster 15, loss : 1.54, accuracy 45.18%, model from round 19
                                                     ['0:45.90%', '1:60.90%', '2:27.00%', '3:25.40%', '4:37.10%', '5:27.10%', '6:70.90%', '7:44.80%', '8:59.10%', '9:53.60%']
                                                                                              <-> Client 0, global : from 45.18% to 41.33%, local : from 51.80% to 53.20%, training time : 8200msec
                                                     Cluster 15, round 1, loss : 1.70, accuracy 41.33% <-
                                                     Time past : 8200msec
                                                     ['0:35.60%', '1:47.40%', '2:10.60%', '3:6.70%', '4:32.60%', '5:24.50%', '6:71.30%', '7:49.40%', '8:71.30%', '9:63.90%']
                                          0msec<-
Central server round 19, loss : 1.55, accuracy :45.54%
Time past: 307800msec
['0:55.00%', '1:63.50%', '2:20.10%', '3:27.20%', '4:30.60%', '5:30.20%', '6:65.10%', '7:49.10%', '8:56.80%', '9:57.80%']
                                          ->0msec
                                                     -> Cluster 70, loss : 1.55, accuracy 45.54%, model from round 20
                                                     ['0:55.00%', '1:63.50%', '2:20.10%', '3:27.20%', '4:30.60%', '5:30.20%', '6:65.10%', '7:49.10%', '8:56.80%', '9:57.80%']
                                                                                              <-> Client 0, global : from 45.54% to 41.87%, local : from 46.40% to 60.60%, training time : 16200msec
                                                     Cluster 70, round 1, loss : 1.67, accuracy 41.87% <-
                                                     Time past : 16200msec
                                                     ['0:57.60%', '1:47.80%', '2:22.90%', '3:31.20%', '4:33.20%', '5:19.80%', '6:66.90%', '7:32.50%', '8:59.10%', '9:47.70%']
                                          0msec<-
                                          ->0msec
                                                     -> Cluster 7, loss : 1.55, accuracy 45.54%, model from round 20
                                                     ['0:55.00%', '1:63.50%', '2:20.10%', '3:27.20%', '4:30.60%', '5:30.20%', '6:65.10%', '7:49.10%', '8:56.80%', '9:57.80%']
                                                                                              <-> Client 0, global : from 45.54% to 42.14%, local : from 46.60% to 58.00%, training time : 8200msec
                                                     Cluster 7, round 1, loss : 1.63, accuracy 42.14% <-
                                                     Time past : 8200msec
                                                     ['0:59.90%', '1:44.30%', '2:42.10%', '3:10.30%', '4:16.30%', '5:38.40%', '6:64.20%', '7:40.90%', '8:68.00%', '9:37.00%']
                                          0msec<-
                                          ->0msec
                                                     -> Cluster 41, loss : 1.55, accuracy 45.54%, model from round 20
                                                     ['0:55.00%', '1:63.50%', '2:20.10%', '3:27.20%', '4:30.60%', '5:30.20%', '6:65.10%', '7:49.10%', '8:56.80%', '9:57.80%']
                                                                                              <-> Client 0, global : from 45.54% to 40.38%, local : from 44.00% to 51.80%, training time : 8200msec
                                                     Cluster 41, round 1, loss : 1.67, accuracy 40.38% <-
                                                     Time past : 8200msec
                                                     ['0:80.90%', '1:55.30%', '2:20.80%', '3:44.30%', '4:47.20%', '5:16.10%', '6:38.00%', '7:29.50%', '8:30.30%', '9:41.40%']
                                          0msec<-
                                          ->0msec
                                                     -> Cluster 72, loss : 1.55, accuracy 45.54%, model from round 20
                                                     ['0:55.00%', '1:63.50%', '2:20.10%', '3:27.20%', '4:30.60%', '5:30.20%', '6:65.10%', '7:49.10%', '8:56.80%', '9:57.80%']
                                                                                              <-> Client 0, global : from 45.54% to 38.57%, local : from 46.80% to 53.40%, training time : 16200msec
                                                     Cluster 72, round 1, loss : 1.79, accuracy 38.57% <-
                                                     Time past : 16200msec
                                                     ['0:43.30%', '1:32.10%', '2:7.90%', '3:27.90%', '4:68.00%', '5:29.30%', '6:48.50%', '7:46.50%', '8:63.70%', '9:18.50%']
                                          0msec<-
                                          ->0msec
                                                     -> Cluster 23, loss : 1.55, accuracy 45.54%, model from round 20
                                                     ['0:55.00%', '1:63.50%', '2:20.10%', '3:27.20%', '4:30.60%', '5:30.20%', '6:65.10%', '7:49.10%', '8:56.80%', '9:57.80%']
                                                                                              <-> Client 0, global : from 45.54% to 43.04%, local : from 49.20% to 59.40%, training time : 8200msec
                                                     Cluster 23, round 1, loss : 1.59, accuracy 43.04% <-
                                                     Time past : 8200msec
                                                     ['0:46.60%', '1:77.10%', '2:8.00%', '3:30.70%', '4:38.80%', '5:29.80%', '6:63.90%', '7:49.10%', '8:59.80%', '9:26.60%']
                                          0msec<-
                                          ->0msec
                                                     -> Cluster 9, loss : 1.55, accuracy 45.54%, model from round 20
                                                     ['0:55.00%', '1:63.50%', '2:20.10%', '3:27.20%', '4:30.60%', '5:30.20%', '6:65.10%', '7:49.10%', '8:56.80%', '9:57.80%']
                                                                                              <-> Client 0, global : from 45.54% to 40.94%, local : from 42.80% to 52.80%, training time : 8200msec
                                                     Cluster 9, round 1, loss : 1.63, accuracy 40.94% <-
                                                     Time past : 8200msec
                                                     ['0:32.10%', '1:44.10%', '2:28.40%', '3:61.00%', '4:13.60%', '5:27.10%', '6:49.10%', '7:38.40%', '8:66.40%', '9:49.20%']
                                          0msec<-
                                          ->0msec
                                                     -> Cluster 30, loss : 1.55, accuracy 45.54%, model from round 20
                                                     ['0:55.00%', '1:63.50%', '2:20.10%', '3:27.20%', '4:30.60%', '5:30.20%', '6:65.10%', '7:49.10%', '8:56.80%', '9:57.80%']
                                                                                              <-> Client 0, global : from 45.54% to 40.29%, local : from 43.80% to 50.20%, training time : 8200msec
                                                     Cluster 30, round 1, loss : 1.69, accuracy 40.29% <-
                                                     Time past : 8200msec
                                                     ['0:33.80%', '1:67.40%', '2:11.90%', '3:13.20%', '4:37.80%', '5:54.90%', '6:41.60%', '7:28.40%', '8:48.00%', '9:65.90%']
                                          0msec<-
                                          ->0msec
                                                     -> Cluster 82, loss : 1.55, accuracy 45.54%, model from round 20
                                                     ['0:55.00%', '1:63.50%', '2:20.10%', '3:27.20%', '4:30.60%', '5:30.20%', '6:65.10%', '7:49.10%', '8:56.80%', '9:57.80%']
                                                                                              <-> Client 0, global : from 45.54% to 39.64%, local : from 47.20% to 54.20%, training time : 16200msec
                                                     Cluster 82, round 1, loss : 1.71, accuracy 39.64% <-
                                                     Time past : 16200msec
                                                     ['0:47.30%', '1:57.10%', '2:14.50%', '3:19.30%', '4:74.10%', '5:18.90%', '6:25.40%', '7:35.60%', '8:62.00%', '9:42.20%']
                                          0msec<-
                                          ->0msec
                                                     -> Cluster 31, loss : 1.55, accuracy 45.54%, model from round 20
                                                     ['0:55.00%', '1:63.50%', '2:20.10%', '3:27.20%', '4:30.60%', '5:30.20%', '6:65.10%', '7:49.10%', '8:56.80%', '9:57.80%']
                                                                                              <-> Client 0, global : from 45.54% to 42.84%, local : from 47.00% to 57.20%, training time : 8200msec
                                                     Cluster 31, round 1, loss : 1.60, accuracy 42.84% <-
                                                     Time past : 8200msec
                                                     ['0:52.30%', '1:54.90%', '2:18.70%', '3:32.70%', '4:14.80%', '5:32.40%', '6:65.50%', '7:53.70%', '8:71.50%', '9:31.90%']
                                          0msec<-
                                          ->0msec
                                                     -> Cluster 58, loss : 1.55, accuracy 45.54%, model from round 20
                                                     ['0:55.00%', '1:63.50%', '2:20.10%', '3:27.20%', '4:30.60%', '5:30.20%', '6:65.10%', '7:49.10%', '8:56.80%', '9:57.80%']
                                                                                              <-> Client 0, global : from 45.54% to 40.31%, local : from 48.00% to 58.40%, training time : 16200msec
                                                     Cluster 58, round 1, loss : 1.72, accuracy 40.31% <-
                                                     Time past : 16200msec
                                                     ['0:39.10%', '1:58.80%', '2:50.90%', '3:31.40%', '4:20.30%', '5:28.00%', '6:36.40%', '7:26.60%', '8:48.30%', '9:63.30%']
                                          0msec<-
Central server round 20, loss : 1.51, accuracy :46.65%
Time past: 324000msec
['0:55.30%', '1:58.00%', '2:25.70%', '3:34.50%', '4:41.40%', '5:32.70%', '6:61.90%', '7:44.40%', '8:65.10%', '9:47.50%']
                                          ->0msec
                                                     -> Cluster 95, loss : 1.51, accuracy 46.65%, model from round 21
                                                     ['0:55.30%', '1:58.00%', '2:25.70%', '3:34.50%', '4:41.40%', '5:32.70%', '6:61.90%', '7:44.40%', '8:65.10%', '9:47.50%']
                                                                                              <-> Client 0, global : from 46.65% to 39.79%, local : from 41.80% to 54.80%, training time : 16200msec
                                                     Cluster 95, round 1, loss : 1.71, accuracy 39.79% <-
                                                     Time past : 16200msec
                                                     ['0:60.30%', '1:82.10%', '2:47.50%', '3:17.60%', '4:28.10%', '5:22.50%', '6:38.00%', '7:40.20%', '8:30.30%', '9:31.30%']
                                          0msec<-
                                          ->0msec
                                                     -> Cluster 20, loss : 1.51, accuracy 46.65%, model from round 21
                                                     ['0:55.30%', '1:58.00%', '2:25.70%', '3:34.50%', '4:41.40%', '5:32.70%', '6:61.90%', '7:44.40%', '8:65.10%', '9:47.50%']
                                                                                              <-> Client 0, global : from 46.65% to 39.78%, local : from 44.20% to 52.40%, training time : 8200msec
                                                     Cluster 20, round 1, loss : 1.70, accuracy 39.78% <-
                                                     Time past : 8200msec
                                                     ['0:33.20%', '1:47.80%', '2:44.20%', '3:13.60%', '4:29.20%', '5:28.10%', '6:79.90%', '7:25.90%', '8:65.20%', '9:30.70%']
                                          0msec<-
                                          ->0msec
                                                     -> Cluster 53, loss : 1.51, accuracy 46.65%, model from round 21
                                                     ['0:55.30%', '1:58.00%', '2:25.70%', '3:34.50%', '4:41.40%', '5:32.70%', '6:61.90%', '7:44.40%', '8:65.10%', '9:47.50%']
                                                                                              <-> Client 0, global : from 46.65% to 40.39%, local : from 41.20% to 62.40%, training time : 16200msec
                                                     Cluster 53, round 1, loss : 1.69, accuracy 40.39% <-
                                                     Time past : 16200msec
                                                     ['0:39.00%', '1:48.80%', '2:23.40%', '3:27.20%', '4:44.90%', '5:30.40%', '6:69.90%', '7:38.90%', '8:39.20%', '9:42.20%']
                                          0msec<-
                                          ->0msec
                                                     -> Cluster 88, loss : 1.51, accuracy 46.65%, model from round 21
                                                     ['0:55.30%', '1:58.00%', '2:25.70%', '3:34.50%', '4:41.40%', '5:32.70%', '6:61.90%', '7:44.40%', '8:65.10%', '9:47.50%']
                                                                                              <-> Client 0, global : from 46.65% to 40.24%, local : from 46.60% to 60.20%, training time : 16200msec
                                                     Cluster 88, round 1, loss : 1.69, accuracy 40.24% <-
                                                     Time past : 16200msec
                                                     ['0:40.90%', '1:79.80%', '2:22.50%', '3:32.00%', '4:39.30%', '5:8.10%', '6:68.50%', '7:27.40%', '8:41.70%', '9:42.20%']
                                          0msec<-
                                          ->0msec
                                                     -> Cluster 72, loss : 1.51, accuracy 46.65%, model from round 21
                                                     ['0:55.30%', '1:58.00%', '2:25.70%', '3:34.50%', '4:41.40%', '5:32.70%', '6:61.90%', '7:44.40%', '8:65.10%', '9:47.50%']
                                                                                              <-> Client 0, global : from 46.65% to 38.44%, local : from 49.20% to 57.20%, training time : 16200msec
                                                     Cluster 72, round 1, loss : 1.80, accuracy 38.44% <-
                                                     Time past : 16200msec
                                                     ['0:45.10%', '1:45.40%', '2:8.20%', '3:18.60%', '4:20.90%', '5:38.30%', '6:42.10%', '7:43.90%', '8:46.60%', '9:75.30%']
                                          0msec<-
                                          ->0msec
                                                     -> Cluster 96, loss : 1.51, accuracy 46.65%, model from round 21
                                                     ['0:55.30%', '1:58.00%', '2:25.70%', '3:34.50%', '4:41.40%', '5:32.70%', '6:61.90%', '7:44.40%', '8:65.10%', '9:47.50%']
                                                                                              <-> Client 0, global : from 46.65% to 43.52%, local : from 44.80% to 61.00%, training time : 16200msec
                                                     Cluster 96, round 1, loss : 1.60, accuracy 43.52% <-
                                                     Time past : 16200msec
                                                     ['0:45.90%', '1:60.50%', '2:20.00%', '3:20.70%', '4:28.10%', '5:31.10%', '6:68.00%', '7:59.10%', '8:47.30%', '9:54.50%']
                                          0msec<-
                                          ->0msec
                                                     -> Cluster 74, loss : 1.51, accuracy 46.65%, model from round 21
                                                     ['0:55.30%', '1:58.00%', '2:25.70%', '3:34.50%', '4:41.40%', '5:32.70%', '6:61.90%', '7:44.40%', '8:65.10%', '9:47.50%']
                                                                                              <-> Client 0, global : from 46.65% to 40.35%, local : from 46.00% to 55.80%, training time : 16200msec
                                                     Cluster 74, round 1, loss : 1.71, accuracy 40.35% <-
                                                     Time past : 16200msec
                                                     ['0:42.40%', '1:48.90%', '2:11.50%', '3:14.60%', '4:60.50%', '5:21.80%', '6:59.80%', '7:20.40%', '8:76.10%', '9:47.50%']
                                          0msec<-
                                          ->0msec
                                                     -> Cluster 86, loss : 1.51, accuracy 46.65%, model from round 21
                                                     ['0:55.30%', '1:58.00%', '2:25.70%', '3:34.50%', '4:41.40%', '5:32.70%', '6:61.90%', '7:44.40%', '8:65.10%', '9:47.50%']
                                                                                              <-> Client 0, global : from 46.65% to 42.90%, local : from 48.20% to 63.20%, training time : 16200msec
                                                     Cluster 86, round 1, loss : 1.67, accuracy 42.90% <-
                                                     Time past : 16200msec
                                                     ['0:55.50%', '1:77.20%', '2:24.30%', '3:15.30%', '4:23.80%', '5:31.70%', '6:58.80%', '7:57.20%', '8:45.10%', '9:40.10%']
                                          0msec<-
                                          ->0msec
                                                     -> Cluster 66, loss : 1.51, accuracy 46.65%, model from round 21
                                                     ['0:55.30%', '1:58.00%', '2:25.70%', '3:34.50%', '4:41.40%', '5:32.70%', '6:61.90%', '7:44.40%', '8:65.10%', '9:47.50%']
                                                                                              <-> Client 0, global : from 46.65% to 39.76%, local : from 46.00% to 56.80%, training time : 16200msec
                                                     Cluster 66, round 1, loss : 1.71, accuracy 39.76% <-
                                                     Time past : 16200msec
                                                     ['0:54.50%', '1:33.50%', '2:12.60%', '3:29.80%', '4:27.10%', '5:54.10%', '6:24.80%', '7:31.20%', '8:66.90%', '9:63.10%']
                                          0msec<-
                                          ->0msec
                                                     -> Cluster 87, loss : 1.51, accuracy 46.65%, model from round 21
                                                     ['0:55.30%', '1:58.00%', '2:25.70%', '3:34.50%', '4:41.40%', '5:32.70%', '6:61.90%', '7:44.40%', '8:65.10%', '9:47.50%']
                                                                                              <-> Client 0, global : from 46.65% to 41.03%, local : from 48.40% to 64.80%, training time : 16200msec
                                                     Cluster 87, round 1, loss : 1.71, accuracy 41.03% <-
                                                     Time past : 16200msec
                                                     ['0:53.70%', '1:27.20%', '2:21.40%', '3:26.00%', '4:49.10%', '5:35.30%', '6:62.10%', '7:50.60%', '8:44.60%', '9:40.30%']
                                          0msec<-
Central server round 21, loss : 1.48, accuracy :47.58%
Time past: 340200msec
['0:52.90%', '1:61.70%', '2:26.60%', '3:27.10%', '4:41.20%', '5:34.30%', '6:69.50%', '7:47.30%', '8:62.00%', '9:53.20%']
                                          ->0msec
                                                     -> Cluster 17, loss : 1.48, accuracy 47.58%, model from round 22
                                                     ['0:52.90%', '1:61.70%', '2:26.60%', '3:27.10%', '4:41.20%', '5:34.30%', '6:69.50%', '7:47.30%', '8:62.00%', '9:53.20%']
                                                                                              <-> Client 0, global : from 47.58% to 41.22%, local : from 47.80% to 53.80%, training time : 8200msec
                                                     Cluster 17, round 1, loss : 1.63, accuracy 41.22% <-
                                                     Time past : 8200msec
                                                     ['0:71.20%', '1:51.20%', '2:36.70%', '3:45.50%', '4:48.20%', '5:24.10%', '6:45.50%', '7:46.30%', '8:19.70%', '9:23.80%']
                                          0msec<-
                                          ->0msec
                                                     -> Cluster 34, loss : 1.48, accuracy 47.58%, model from round 22
                                                     ['0:52.90%', '1:61.70%', '2:26.60%', '3:27.10%', '4:41.20%', '5:34.30%', '6:69.50%', '7:47.30%', '8:62.00%', '9:53.20%']
                                                                                              <-> Client 0, global : from 47.58% to 43.77%, local : from 43.20% to 55.60%, training time : 8200msec
                                                     Cluster 34, round 1, loss : 1.60, accuracy 43.77% <-
                                                     Time past : 8200msec
                                                     ['0:29.70%', '1:58.60%', '2:19.80%', '3:25.00%', '4:26.40%', '5:37.60%', '6:61.70%', '7:51.70%', '8:57.70%', '9:69.50%']
                                          0msec<-
                                          ->0msec
                                                     -> Cluster 96, loss : 1.48, accuracy 47.58%, model from round 22
                                                     ['0:52.90%', '1:61.70%', '2:26.60%', '3:27.10%', '4:41.20%', '5:34.30%', '6:69.50%', '7:47.30%', '8:62.00%', '9:53.20%']
                                                                                              <-> Client 0, global : from 47.58% to 40.69%, local : from 46.60% to 59.20%, training time : 16200msec
                                                     Cluster 96, round 1, loss : 1.67, accuracy 40.69% <-
                                                     Time past : 16200msec
                                                     ['0:23.50%', '1:56.30%', '2:56.50%', '3:36.00%', '4:25.40%', '5:6.20%', '6:51.20%', '7:49.80%', '8:69.50%', '9:32.50%']
                                          0msec<-
                                          ->0msec
                                                     -> Cluster 25, loss : 1.48, accuracy 47.58%, model from round 22
                                                     ['0:52.90%', '1:61.70%', '2:26.60%', '3:27.10%', '4:41.20%', '5:34.30%', '6:69.50%', '7:47.30%', '8:62.00%', '9:53.20%']
                                                                                              <-> Client 0, global : from 47.58% to 44.79%, local : from 47.20% to 60.20%, training time : 8200msec
                                                     Cluster 25, round 1, loss : 1.55, accuracy 44.79% <-
                                                     Time past : 8200msec
                                                     ['0:48.60%', '1:57.10%', '2:37.90%', '3:47.60%', '4:35.80%', '5:25.00%', '6:52.20%', '7:44.80%', '8:67.80%', '9:31.10%']
                                          0msec<-
                                          ->0msec
                                                     -> Cluster 18, loss : 1.48, accuracy 47.58%, model from round 22
                                                     ['0:52.90%', '1:61.70%', '2:26.60%', '3:27.10%', '4:41.20%', '5:34.30%', '6:69.50%', '7:47.30%', '8:62.00%', '9:53.20%']
                                                                                              <-> Client 0, global : from 47.58% to 43.89%, local : from 48.80% to 57.20%, training time : 8200msec
                                                     Cluster 18, round 1, loss : 1.59, accuracy 43.89% <-
                                                     Time past : 8200msec
                                                     ['0:54.10%', '1:83.10%', '2:30.40%', '3:43.40%', '4:17.40%', '5:21.80%', '6:54.40%', '7:46.50%', '8:50.90%', '9:36.90%']
                                          0msec<-
                                          ->0msec
                                                     -> Cluster 74, loss : 1.48, accuracy 47.58%, model from round 22
                                                     ['0:52.90%', '1:61.70%', '2:26.60%', '3:27.10%', '4:41.20%', '5:34.30%', '6:69.50%', '7:47.30%', '8:62.00%', '9:53.20%']
                                                                                              <-> Client 0, global : from 47.58% to 38.35%, local : from 46.80% to 54.20%, training time : 16200msec
                                                     Cluster 74, round 1, loss : 1.82, accuracy 38.35% <-
                                                     Time past : 16200msec
                                                     ['0:36.40%', '1:35.70%', '2:34.80%', '3:20.50%', '4:47.30%', '5:20.40%', '6:69.30%', '7:20.90%', '8:79.70%', '9:18.50%']
                                          0msec<-
                                          ->0msec
                                                     -> Cluster 65, loss : 1.48, accuracy 47.58%, model from round 22
                                                     ['0:52.90%', '1:61.70%', '2:26.60%', '3:27.10%', '4:41.20%', '5:34.30%', '6:69.50%', '7:47.30%', '8:62.00%', '9:53.20%']
                                                                                              <-> Client 0, global : from 47.58% to 40.64%, local : from 47.40% to 66.40%, training time : 16200msec
                                                     Cluster 65, round 1, loss : 1.65, accuracy 40.64% <-
                                                     Time past : 16200msec
                                                     ['0:51.70%', '1:57.10%', '2:58.50%', '3:27.90%', '4:36.50%', '5:20.30%', '6:30.80%', '7:34.50%', '8:48.30%', '9:40.80%']
                                          0msec<-
                                          ->0msec
                                                     -> Cluster 40, loss : 1.48, accuracy 47.58%, model from round 22
                                                     ['0:52.90%', '1:61.70%', '2:26.60%', '3:27.10%', '4:41.20%', '5:34.30%', '6:69.50%', '7:47.30%', '8:62.00%', '9:53.20%']
                                                                                              <-> Client 0, global : from 47.58% to 41.96%, local : from 48.20% to 54.80%, training time : 8200msec
                                                     Cluster 40, round 1, loss : 1.60, accuracy 41.96% <-
                                                     Time past : 8200msec
                                                     ['0:67.00%', '1:74.90%', '2:13.60%', '3:28.20%', '4:58.60%', '5:21.40%', '6:52.90%', '7:41.90%', '8:46.50%', '9:14.60%']
                                          0msec<-
                                          ->0msec
                                                     -> Cluster 29, loss : 1.48, accuracy 47.58%, model from round 22
                                                     ['0:52.90%', '1:61.70%', '2:26.60%', '3:27.10%', '4:41.20%', '5:34.30%', '6:69.50%', '7:47.30%', '8:62.00%', '9:53.20%']
                                                                                              <-> Client 0, global : from 47.58% to 42.00%, local : from 48.20% to 55.60%, training time : 8200msec
                                                     Cluster 29, round 1, loss : 1.68, accuracy 42.00% <-
                                                     Time past : 8200msec
                                                     ['0:44.60%', '1:73.30%', '2:26.80%', '3:21.40%', '4:36.80%', '5:24.10%', '6:58.50%', '7:43.30%', '8:78.50%', '9:12.70%']
                                          0msec<-
                                          ->0msec
                                                     -> Cluster 88, loss : 1.48, accuracy 47.58%, model from round 22
                                                     ['0:52.90%', '1:61.70%', '2:26.60%', '3:27.10%', '4:41.20%', '5:34.30%', '6:69.50%', '7:47.30%', '8:62.00%', '9:53.20%']
                                                                                              <-> Client 0, global : from 47.58% to 38.19%, local : from 50.20% to 59.80%, training time : 16200msec
                                                     Cluster 88, round 1, loss : 1.78, accuracy 38.19% <-
                                                     Time past : 16200msec
                                                     ['0:35.50%', '1:39.30%', '2:21.90%', '3:49.40%', '4:67.30%', '5:11.20%', '6:30.70%', '7:25.20%', '8:70.20%', '9:31.20%']
                                          0msec<-
Central server round 22, loss : 1.49, accuracy :46.92%
Time past: 356400msec
['0:53.40%', '1:65.70%', '2:37.40%', '3:37.70%', '4:42.70%', '5:23.10%', '6:60.40%', '7:45.50%', '8:68.30%', '9:35.00%']
                                          ->0msec
                                                     -> Cluster 22, loss : 1.49, accuracy 46.92%, model from round 23
                                                     ['0:53.40%', '1:65.70%', '2:37.40%', '3:37.70%', '4:42.70%', '5:23.10%', '6:60.40%', '7:45.50%', '8:68.30%', '9:35.00%']
                                                                                              <-> Client 0, global : from 46.92% to 42.68%, local : from 45.60% to 55.60%, training time : 8200msec
                                                     Cluster 22, round 1, loss : 1.57, accuracy 42.68% <-
                                                     Time past : 8200msec
                                                     ['0:24.70%', '1:65.50%', '2:49.80%', '3:49.10%', '4:19.30%', '5:27.20%', '6:45.80%', '7:50.10%', '8:64.30%', '9:31.00%']
                                          0msec<-
                                          ->0msec
                                                     -> Cluster 72, loss : 1.49, accuracy 46.92%, model from round 23
                                                     ['0:53.40%', '1:65.70%', '2:37.40%', '3:37.70%', '4:42.70%', '5:23.10%', '6:60.40%', '7:45.50%', '8:68.30%', '9:35.00%']
                                                                                              <-> Client 0, global : from 46.92% to 41.42%, local : from 50.00% to 67.40%, training time : 16200msec
                                                     Cluster 72, round 1, loss : 1.71, accuracy 41.42% <-
                                                     Time past : 16200msec
                                                     ['0:17.70%', '1:54.50%', '2:28.20%', '3:31.10%', '4:32.90%', '5:22.30%', '6:69.50%', '7:61.40%', '8:44.30%', '9:52.30%']
                                          0msec<-
                                          ->0msec
                                                     -> Cluster 46, loss : 1.49, accuracy 46.92%, model from round 23
                                                     ['0:53.40%', '1:65.70%', '2:37.40%', '3:37.70%', '4:42.70%', '5:23.10%', '6:60.40%', '7:45.50%', '8:68.30%', '9:35.00%']
                                                                                              <-> Client 0, global : from 46.92% to 43.72%, local : from 46.20% to 60.40%, training time : 8200msec
                                                     Cluster 46, round 1, loss : 1.60, accuracy 43.72% <-
                                                     Time past : 8200msec
                                                     ['0:58.70%', '1:58.50%', '2:42.80%', '3:26.20%', '4:33.50%', '5:18.90%', '6:66.60%', '7:29.70%', '8:67.50%', '9:34.80%']
                                          0msec<-
                                          ->0msec
                                                     -> Cluster 30, loss : 1.49, accuracy 46.92%, model from round 23
                                                     ['0:53.40%', '1:65.70%', '2:37.40%', '3:37.70%', '4:42.70%', '5:23.10%', '6:60.40%', '7:45.50%', '8:68.30%', '9:35.00%']
                                                                                              <-> Client 0, global : from 46.92% to 41.73%, local : from 46.00% to 54.80%, training time : 8200msec
                                                     Cluster 30, round 1, loss : 1.61, accuracy 41.73% <-
                                                     Time past : 8200msec
                                                     ['0:48.60%', '1:66.10%', '2:14.40%', '3:8.70%', '4:38.30%', '5:78.80%', '6:26.10%', '7:44.10%', '8:45.00%', '9:47.20%']
                                          0msec<-
                                          ->0msec
                                                     -> Cluster 41, loss : 1.49, accuracy 46.92%, model from round 23
                                                     ['0:53.40%', '1:65.70%', '2:37.40%', '3:37.70%', '4:42.70%', '5:23.10%', '6:60.40%', '7:45.50%', '8:68.30%', '9:35.00%']
                                                                                              <-> Client 0, global : from 46.92% to 44.13%, local : from 44.80% to 60.20%, training time : 8200msec
                                                     Cluster 41, round 1, loss : 1.58, accuracy 44.13% <-
                                                     Time past : 8200msec
                                                     ['0:39.60%', '1:76.40%', '2:26.00%', '3:38.40%', '4:37.90%', '5:39.00%', '6:49.60%', '7:60.10%', '8:30.40%', '9:43.90%']
                                          0msec<-
                                          ->0msec
                                                     -> Cluster 61, loss : 1.49, accuracy 46.92%, model from round 23
                                                     ['0:53.40%', '1:65.70%', '2:37.40%', '3:37.70%', '4:42.70%', '5:23.10%', '6:60.40%', '7:45.50%', '8:68.30%', '9:35.00%']
                                                                                              <-> Client 0, global : from 46.92% to 42.50%, local : from 50.60% to 63.60%, training time : 16200msec
                                                     Cluster 61, round 1, loss : 1.66, accuracy 42.50% <-
                                                     Time past : 16200msec
                                                     ['0:72.60%', '1:72.70%', '2:16.60%', '3:23.60%', '4:30.50%', '5:44.90%', '6:40.90%', '7:51.10%', '8:33.10%', '9:39.00%']
                                          0msec<-
                                          ->0msec
                                                     -> Cluster 99, loss : 1.49, accuracy 46.92%, model from round 23
                                                     ['0:53.40%', '1:65.70%', '2:37.40%', '3:37.70%', '4:42.70%', '5:23.10%', '6:60.40%', '7:45.50%', '8:68.30%', '9:35.00%']
                                                                                              <-> Client 0, global : from 46.92% to 41.07%, local : from 46.40% to 63.40%, training time : 16200msec
                                                     Cluster 99, round 1, loss : 1.69, accuracy 41.07% <-
                                                     Time past : 16200msec
                                                     ['0:70.00%', '1:60.80%', '2:9.90%', '3:22.60%', '4:59.40%', '5:36.40%', '6:48.80%', '7:47.20%', '8:38.80%', '9:16.80%']
                                          0msec<-
                                          ->0msec
                                                     -> Cluster 18, loss : 1.49, accuracy 46.92%, model from round 23
                                                     ['0:53.40%', '1:65.70%', '2:37.40%', '3:37.70%', '4:42.70%', '5:23.10%', '6:60.40%', '7:45.50%', '8:68.30%', '9:35.00%']
                                                                                              <-> Client 0, global : from 46.92% to 44.98%, local : from 49.80% to 60.80%, training time : 8200msec
                                                     Cluster 18, round 1, loss : 1.55, accuracy 44.98% <-
                                                     Time past : 8200msec
                                                     ['0:56.90%', '1:78.40%', '2:21.30%', '3:31.10%', '4:26.30%', '5:31.60%', '6:63.10%', '7:50.60%', '8:58.10%', '9:32.40%']
                                          0msec<-
                                          ->0msec
                                                     -> Cluster 53, loss : 1.49, accuracy 46.92%, model from round 23
                                                     ['0:53.40%', '1:65.70%', '2:37.40%', '3:37.70%', '4:42.70%', '5:23.10%', '6:60.40%', '7:45.50%', '8:68.30%', '9:35.00%']
                                                                                              <-> Client 0, global : from 46.92% to 42.93%, local : from 43.80% to 66.00%, training time : 16200msec
                                                     Cluster 53, round 1, loss : 1.64, accuracy 42.93% <-
                                                     Time past : 16200msec
                                                     ['0:33.00%', '1:47.90%', '2:27.20%', '3:10.50%', '4:30.00%', '5:41.00%', '6:56.30%', '7:52.70%', '8:61.70%', '9:69.00%']
                                          0msec<-
                                          ->0msec
                                                     -> Cluster 89, loss : 1.49, accuracy 46.92%, model from round 23
                                                     ['0:53.40%', '1:65.70%', '2:37.40%', '3:37.70%', '4:42.70%', '5:23.10%', '6:60.40%', '7:45.50%', '8:68.30%', '9:35.00%']
                                                                                              <-> Client 0, global : from 46.92% to 41.54%, local : from 44.40% to 58.80%, training time : 16200msec
                                                     Cluster 89, round 1, loss : 1.68, accuracy 41.54% <-
                                                     Time past : 16200msec
                                                     ['0:37.10%', '1:64.80%', '2:13.50%', '3:60.60%', '4:22.60%', '5:8.30%', '6:38.00%', '7:59.10%', '8:54.20%', '9:57.20%']
                                          0msec<-
Central server round 23, loss : 1.44, accuracy :49.21%
Time past: 372600msec
['0:54.70%', '1:72.00%', '2:28.90%', '3:34.00%', '4:38.00%', '5:35.70%', '6:62.70%', '7:59.40%', '8:59.80%', '9:46.90%']
                                          ->0msec
                                                     -> Cluster 30, loss : 1.44, accuracy 49.21%, model from round 24
                                                     ['0:54.70%', '1:72.00%', '2:28.90%', '3:34.00%', '4:38.00%', '5:35.70%', '6:62.70%', '7:59.40%', '8:59.80%', '9:46.90%']
                                                                                              <-> Client 0, global : from 49.21% to 43.36%, local : from 48.00% to 60.00%, training time : 8200msec
                                                     Cluster 30, round 1, loss : 1.60, accuracy 43.36% <-
                                                     Time past : 8200msec
                                                     ['0:54.50%', '1:77.20%', '2:28.30%', '3:42.00%', '4:13.70%', '5:34.00%', '6:46.00%', '7:63.10%', '8:32.50%', '9:42.30%']
                                          0msec<-
                                          ->0msec
                                                     -> Cluster 82, loss : 1.44, accuracy 49.21%, model from round 24
                                                     ['0:54.70%', '1:72.00%', '2:28.90%', '3:34.00%', '4:38.00%', '5:35.70%', '6:62.70%', '7:59.40%', '8:59.80%', '9:46.90%']
                                                                                              <-> Client 0, global : from 49.21% to 40.58%, local : from 50.80% to 64.40%, training time : 16200msec
                                                     Cluster 82, round 1, loss : 1.72, accuracy 40.58% <-
                                                     Time past : 16200msec
                                                     ['0:50.00%', '1:47.90%', '2:21.30%', '3:14.30%', '4:34.40%', '5:51.50%', '6:33.10%', '7:72.00%', '8:40.30%', '9:41.00%']
                                          0msec<-
                                          ->0msec
                                                     -> Cluster 91, loss : 1.44, accuracy 49.21%, model from round 24
                                                     ['0:54.70%', '1:72.00%', '2:28.90%', '3:34.00%', '4:38.00%', '5:35.70%', '6:62.70%', '7:59.40%', '8:59.80%', '9:46.90%']
                                                                                              <-> Client 0, global : from 49.21% to 41.80%, local : from 45.80% to 62.40%, training time : 16200msec
                                                     Cluster 91, round 1, loss : 1.65, accuracy 41.80% <-
                                                     Time past : 16200msec
                                                     ['0:57.50%', '1:59.90%', '2:55.80%', '3:11.60%', '4:26.50%', '5:14.20%', '6:60.10%', '7:31.70%', '8:53.10%', '9:47.60%']
                                          0msec<-
                                          ->0msec
                                                     -> Cluster 99, loss : 1.44, accuracy 49.21%, model from round 24
                                                     ['0:54.70%', '1:72.00%', '2:28.90%', '3:34.00%', '4:38.00%', '5:35.70%', '6:62.70%', '7:59.40%', '8:59.80%', '9:46.90%']
                                                                                              <-> Client 0, global : from 49.21% to 39.95%, local : from 49.20% to 65.00%, training time : 16200msec
                                                     Cluster 99, round 1, loss : 1.76, accuracy 39.95% <-
                                                     Time past : 16200msec
                                                     ['0:60.70%', '1:37.90%', '2:57.70%', '3:37.40%', '4:21.50%', '5:30.50%', '6:35.20%', '7:53.20%', '8:37.10%', '9:28.30%']
                                          0msec<-
                                          ->0msec
                                                     -> Cluster 86, loss : 1.44, accuracy 49.21%, model from round 24
                                                     ['0:54.70%', '1:72.00%', '2:28.90%', '3:34.00%', '4:38.00%', '5:35.70%', '6:62.70%', '7:59.40%', '8:59.80%', '9:46.90%']
                                                                                              <-> Client 0, global : from 49.21% to 42.63%, local : from 52.20% to 62.80%, training time : 16200msec
                                                     Cluster 86, round 1, loss : 1.74, accuracy 42.63% <-
                                                     Time past : 16200msec
                                                     ['0:36.20%', '1:28.90%', '2:25.90%', '3:18.50%', '4:24.90%', '5:56.90%', '6:63.20%', '7:45.00%', '8:50.80%', '9:76.00%']
                                          0msec<-
                                          ->0msec
                                                     -> Cluster 8, loss : 1.44, accuracy 49.21%, model from round 24
                                                     ['0:54.70%', '1:72.00%', '2:28.90%', '3:34.00%', '4:38.00%', '5:35.70%', '6:62.70%', '7:59.40%', '8:59.80%', '9:46.90%']
                                                                                              <-> Client 0, global : from 49.21% to 42.89%, local : from 47.20% to 58.80%, training time : 8200msec
                                                     Cluster 8, round 1, loss : 1.59, accuracy 42.89% <-
                                                     Time past : 8200msec
                                                     ['0:41.90%', '1:87.60%', '2:28.20%', '3:27.50%', '4:26.50%', '5:37.40%', '6:55.70%', '7:56.60%', '8:48.30%', '9:19.20%']
                                          0msec<-
                                          ->0msec
                                                     -> Cluster 27, loss : 1.44, accuracy 49.21%, model from round 24
                                                     ['0:54.70%', '1:72.00%', '2:28.90%', '3:34.00%', '4:38.00%', '5:35.70%', '6:62.70%', '7:59.40%', '8:59.80%', '9:46.90%']
                                                                                              <-> Client 0, global : from 49.21% to 46.47%, local : from 43.20% to 59.40%, training time : 8200msec
                                                     Cluster 27, round 1, loss : 1.50, accuracy 46.47% <-
                                                     Time past : 8200msec
                                                     ['0:52.00%', '1:65.70%', '2:36.10%', '3:20.10%', '4:18.60%', '5:56.70%', '6:55.10%', '7:62.60%', '8:49.60%', '9:48.20%']
                                          0msec<-
                                          ->0msec
                                                     -> Cluster 32, loss : 1.44, accuracy 49.21%, model from round 24
                                                     ['0:54.70%', '1:72.00%', '2:28.90%', '3:34.00%', '4:38.00%', '5:35.70%', '6:62.70%', '7:59.40%', '8:59.80%', '9:46.90%']
                                                                                              <-> Client 0, global : from 49.21% to 42.98%, local : from 47.20% to 57.00%, training time : 8200msec
                                                     Cluster 32, round 1, loss : 1.62, accuracy 42.98% <-
                                                     Time past : 8200msec
                                                     ['0:42.60%', '1:75.90%', '2:33.70%', '3:21.60%', '4:41.90%', '5:31.70%', '6:33.20%', '7:49.30%', '8:75.30%', '9:24.60%']
                                          0msec<-
                                          ->0msec
                                                     -> Cluster 24, loss : 1.44, accuracy 49.21%, model from round 24
                                                     ['0:54.70%', '1:72.00%', '2:28.90%', '3:34.00%', '4:38.00%', '5:35.70%', '6:62.70%', '7:59.40%', '8:59.80%', '9:46.90%']
                                                                                              <-> Client 0, global : from 49.21% to 45.75%, local : from 46.00% to 63.20%, training time : 8200msec
                                                     Cluster 24, round 1, loss : 1.53, accuracy 45.75% <-
                                                     Time past : 8200msec
                                                     ['0:39.90%', '1:50.10%', '2:57.30%', '3:14.30%', '4:28.60%', '5:40.10%', '6:47.80%', '7:52.80%', '8:67.60%', '9:59.00%']
                                          0msec<-
                                          ->0msec
                                                     -> Cluster 33, loss : 1.44, accuracy 49.21%, model from round 24
                                                     ['0:54.70%', '1:72.00%', '2:28.90%', '3:34.00%', '4:38.00%', '5:35.70%', '6:62.70%', '7:59.40%', '8:59.80%', '9:46.90%']
                                                                                              <-> Client 0, global : from 49.21% to 46.14%, local : from 45.40% to 61.40%, training time : 8200msec
                                                     Cluster 33, round 1, loss : 1.52, accuracy 46.14% <-
                                                     Time past : 8200msec
                                                     ['0:50.20%', '1:40.00%', '2:31.90%', '3:26.30%', '4:41.00%', '5:28.90%', '6:72.30%', '7:43.10%', '8:54.70%', '9:73.00%']
                                          0msec<-
Central server round 24, loss : 1.43, accuracy :49.44%
Time past: 388800msec
['0:57.50%', '1:61.60%', '2:39.50%', '3:26.00%', '4:34.40%', '5:40.50%', '6:60.50%', '7:58.70%', '8:61.40%', '9:54.30%']
                                          ->0msec
                                                     -> Cluster 93, loss : 1.43, accuracy 49.44%, model from round 25
                                                     ['0:57.50%', '1:61.60%', '2:39.50%', '3:26.00%', '4:34.40%', '5:40.50%', '6:60.50%', '7:58.70%', '8:61.40%', '9:54.30%']
                                                                                              <-> Client 0, global : from 49.44% to 44.36%, local : from 51.00% to 72.60%, training time : 16200msec
                                                     Cluster 93, round 1, loss : 1.59, accuracy 44.36% <-
                                                     Time past : 16200msec
                                                     ['0:48.50%', '1:51.70%', '2:47.20%', '3:21.60%', '4:15.40%', '5:36.50%', '6:38.40%', '7:73.30%', '8:49.70%', '9:61.30%']
                                          0msec<-
                                          ->0msec
                                                     -> Cluster 10, loss : 1.43, accuracy 49.44%, model from round 25
                                                     ['0:57.50%', '1:61.60%', '2:39.50%', '3:26.00%', '4:34.40%', '5:40.50%', '6:60.50%', '7:58.70%', '8:61.40%', '9:54.30%']
                                                                                              <-> Client 0, global : from 49.44% to 44.27%, local : from 49.60% to 60.00%, training time : 8200msec
                                                     Cluster 10, round 1, loss : 1.59, accuracy 44.27% <-
                                                     Time past : 8200msec
                                                     ['0:46.30%', '1:77.50%', '2:17.00%', '3:9.70%', '4:46.20%', '5:27.70%', '6:74.00%', '7:44.20%', '8:72.30%', '9:27.80%']
                                          0msec<-
                                          ->0msec
                                                     -> Cluster 15, loss : 1.43, accuracy 49.44%, model from round 25
                                                     ['0:57.50%', '1:61.60%', '2:39.50%', '3:26.00%', '4:34.40%', '5:40.50%', '6:60.50%', '7:58.70%', '8:61.40%', '9:54.30%']
                                                                                              <-> Client 0, global : from 49.44% to 43.55%, local : from 56.00% to 65.40%, training time : 8200msec
                                                     Cluster 15, round 1, loss : 1.62, accuracy 43.55% <-
                                                     Time past : 8200msec
                                                     ['0:35.70%', '1:60.70%', '2:48.70%', '3:19.20%', '4:47.00%', '5:30.80%', '6:40.70%', '7:53.80%', '8:69.30%', '9:29.60%']
                                          0msec<-
                                          ->0msec
                                                     -> Cluster 11, loss : 1.43, accuracy 49.44%, model from round 25
                                                     ['0:57.50%', '1:61.60%', '2:39.50%', '3:26.00%', '4:34.40%', '5:40.50%', '6:60.50%', '7:58.70%', '8:61.40%', '9:54.30%']
                                                                                              <-> Client 0, global : from 49.44% to 45.76%, local : from 50.00% to 60.20%, training time : 8200msec
                                                     Cluster 11, round 1, loss : 1.53, accuracy 45.76% <-
                                                     Time past : 8200msec
                                                     ['0:56.70%', '1:51.80%', '2:28.40%', '3:28.00%', '4:14.80%', '5:30.10%', '6:74.20%', '7:69.00%', '8:44.00%', '9:60.60%']
                                          0msec<-
                                          ->0msec
                                                     -> Cluster 33, loss : 1.43, accuracy 49.44%, model from round 25
                                                     ['0:57.50%', '1:61.60%', '2:39.50%', '3:26.00%', '4:34.40%', '5:40.50%', '6:60.50%', '7:58.70%', '8:61.40%', '9:54.30%']
                                                                                              <-> Client 0, global : from 49.44% to 43.50%, local : from 48.80% to 61.20%, training time : 8200msec
                                                     Cluster 33, round 1, loss : 1.56, accuracy 43.50% <-
                                                     Time past : 8200msec
                                                     ['0:61.50%', '1:66.30%', '2:6.20%', '3:39.70%', '4:49.40%', '5:48.90%', '6:29.60%', '7:42.70%', '8:63.40%', '9:27.30%']
                                          0msec<-
                                          ->0msec
                                                     -> Cluster 37, loss : 1.43, accuracy 49.44%, model from round 25
                                                     ['0:57.50%', '1:61.60%', '2:39.50%', '3:26.00%', '4:34.40%', '5:40.50%', '6:60.50%', '7:58.70%', '8:61.40%', '9:54.30%']
                                                                                              <-> Client 0, global : from 49.44% to 45.61%, local : from 50.60% to 61.20%, training time : 8200msec
                                                     Cluster 37, round 1, loss : 1.54, accuracy 45.61% <-
                                                     Time past : 8200msec
                                                     ['0:44.70%', '1:47.90%', '2:11.90%', '3:45.30%', '4:44.20%', '5:44.00%', '6:63.30%', '7:42.20%', '8:60.40%', '9:52.20%']
                                          0msec<-
                                          ->0msec
                                                     -> Cluster 4, loss : 1.43, accuracy 49.44%, model from round 25
                                                     ['0:57.50%', '1:61.60%', '2:39.50%', '3:26.00%', '4:34.40%', '5:40.50%', '6:60.50%', '7:58.70%', '8:61.40%', '9:54.30%']
                                                                                              <-> Client 0, global : from 49.44% to 44.56%, local : from 47.80% to 60.20%, training time : 8200msec
                                                     Cluster 4, round 1, loss : 1.56, accuracy 44.56% <-
                                                     Time past : 8200msec
                                                     ['0:54.80%', '1:61.00%', '2:22.60%', '3:19.00%', '4:18.60%', '5:45.50%', '6:68.20%', '7:48.70%', '8:42.10%', '9:65.10%']
                                          0msec<-
                                          ->0msec
                                                     -> Cluster 45, loss : 1.43, accuracy 49.44%, model from round 25
                                                     ['0:57.50%', '1:61.60%', '2:39.50%', '3:26.00%', '4:34.40%', '5:40.50%', '6:60.50%', '7:58.70%', '8:61.40%', '9:54.30%']
                                                                                              <-> Client 0, global : from 49.44% to 41.96%, local : from 48.00% to 61.60%, training time : 8200msec
                                                     Cluster 45, round 1, loss : 1.63, accuracy 41.96% <-
                                                     Time past : 8200msec
                                                     ['0:29.40%', '1:57.20%', '2:46.70%', '3:42.00%', '4:55.50%', '5:31.70%', '6:16.00%', '7:28.30%', '8:61.20%', '9:51.60%']
                                          0msec<-
                                          ->0msec
                                                     -> Cluster 57, loss : 1.43, accuracy 49.44%, model from round 25
                                                     ['0:57.50%', '1:61.60%', '2:39.50%', '3:26.00%', '4:34.40%', '5:40.50%', '6:60.50%', '7:58.70%', '8:61.40%', '9:54.30%']
                                                                                              <-> Client 0, global : from 49.44% to 44.51%, local : from 51.20% to 76.40%, training time : 16200msec
                                                     Cluster 57, round 1, loss : 1.57, accuracy 44.51% <-
                                                     Time past : 16200msec
                                                     ['0:42.60%', '1:52.10%', '2:19.70%', '3:23.80%', '4:33.60%', '5:35.30%', '6:74.80%', '7:49.20%', '8:55.60%', '9:58.40%']
                                          0msec<-
                                          ->0msec
                                                     -> Cluster 74, loss : 1.43, accuracy 49.44%, model from round 25
                                                     ['0:57.50%', '1:61.60%', '2:39.50%', '3:26.00%', '4:34.40%', '5:40.50%', '6:60.50%', '7:58.70%', '8:61.40%', '9:54.30%']
                                                                                              <-> Client 0, global : from 49.44% to 42.65%, local : from 49.80% to 67.80%, training time : 16200msec
                                                     Cluster 74, round 1, loss : 1.64, accuracy 42.65% <-
                                                     Time past : 16200msec
                                                     ['0:18.40%', '1:37.00%', '2:24.80%', '3:27.20%', '4:26.20%', '5:55.30%', '6:57.90%', '7:55.00%', '8:75.50%', '9:49.20%']
                                          0msec<-
Central server round 25, loss : 1.41, accuracy :49.99%
Time past: 405000msec
['0:49.70%', '1:62.70%', '2:31.70%', '3:31.00%', '4:39.80%', '5:42.00%', '6:66.60%', '7:56.60%', '8:68.00%', '9:51.80%']
                                          ->0msec
                                                     -> Cluster 82, loss : 1.41, accuracy 49.99%, model from round 26
                                                     ['0:49.70%', '1:62.70%', '2:31.70%', '3:31.00%', '4:39.80%', '5:42.00%', '6:66.60%', '7:56.60%', '8:68.00%', '9:51.80%']
                                                                                              <-> Client 0, global : from 49.99% to 42.90%, local : from 53.20% to 72.00%, training time : 16200msec
                                                     Cluster 82, round 1, loss : 1.64, accuracy 42.90% <-
                                                     Time past : 16200msec
                                                     ['0:68.50%', '1:47.00%', '2:37.10%', '3:19.20%', '4:53.00%', '5:39.80%', '6:39.30%', '7:44.10%', '8:39.00%', '9:42.00%']
                                          0msec<-
                                          ->0msec
                                                     -> Cluster 74, loss : 1.41, accuracy 49.99%, model from round 26
                                                     ['0:49.70%', '1:62.70%', '2:31.70%', '3:31.00%', '4:39.80%', '5:42.00%', '6:66.60%', '7:56.60%', '8:68.00%', '9:51.80%']
                                                                                              <-> Client 0, global : from 49.99% to 41.88%, local : from 53.20% to 67.80%, training time : 16200msec
                                                     Cluster 74, round 1, loss : 1.71, accuracy 41.88% <-
                                                     Time past : 16200msec
                                                     ['0:52.40%', '1:65.70%', '2:27.50%', '3:23.00%', '4:16.00%', '5:43.30%', '6:25.00%', '7:68.20%', '8:47.00%', '9:50.70%']
                                          0msec<-
                                          ->0msec
                                                     -> Cluster 95, loss : 1.41, accuracy 49.99%, model from round 26
                                                     ['0:49.70%', '1:62.70%', '2:31.70%', '3:31.00%', '4:39.80%', '5:42.00%', '6:66.60%', '7:56.60%', '8:68.00%', '9:51.80%']
                                                                                              <-> Client 0, global : from 49.99% to 31.03%, local : from 48.00% to 44.00%, training time : 16200msec
                                                     Cluster 95, round 1, loss : 2.26, accuracy 31.03% <-
                                                     Time past : 16200msec
                                                     ['0:23.90%', '1:93.80%', '2:6.90%', '3:11.50%', '4:30.10%', '5:13.50%', '6:45.80%', '7:34.40%', '8:23.60%', '9:26.80%']
                                          0msec<-
                                          ->0msec
                                                     -> Cluster 62, loss : 1.41, accuracy 49.99%, model from round 26
                                                     ['0:49.70%', '1:62.70%', '2:31.70%', '3:31.00%', '4:39.80%', '5:42.00%', '6:66.60%', '7:56.60%', '8:68.00%', '9:51.80%']
                                                                                              <-> Client 0, global : from 49.99% to 44.52%, local : from 50.40% to 70.80%, training time : 16200msec
                                                     Cluster 62, round 1, loss : 1.60, accuracy 44.52% <-
                                                     Time past : 16200msec
                                                     ['0:45.00%', '1:63.70%', '2:38.70%', '3:14.10%', '4:14.10%', '5:59.10%', '6:58.10%', '7:62.00%', '8:43.20%', '9:47.20%']
                                          0msec<-
                                          ->0msec
                                                     -> Cluster 50, loss : 1.41, accuracy 49.99%, model from round 26
                                                     ['0:49.70%', '1:62.70%', '2:31.70%', '3:31.00%', '4:39.80%', '5:42.00%', '6:66.60%', '7:56.60%', '8:68.00%', '9:51.80%']
                                                                                              <-> Client 0, global : from 49.99% to 44.90%, local : from 51.40% to 72.40%, training time : 16200msec
                                                     Cluster 50, round 1, loss : 1.58, accuracy 44.90% <-
                                                     Time past : 16200msec
                                                     ['0:55.70%', '1:44.80%', '2:44.80%', '3:32.80%', '4:34.60%', '5:41.40%', '6:48.80%', '7:31.00%', '8:61.80%', '9:53.30%']
                                          0msec<-
                                          ->0msec
                                                     -> Cluster 16, loss : 1.41, accuracy 49.99%, model from round 26
                                                     ['0:49.70%', '1:62.70%', '2:31.70%', '3:31.00%', '4:39.80%', '5:42.00%', '6:66.60%', '7:56.60%', '8:68.00%', '9:51.80%']
                                                                                              <-> Client 0, global : from 49.99% to 46.37%, local : from 53.60% to 65.40%, training time : 8200msec
                                                     Cluster 16, round 1, loss : 1.54, accuracy 46.37% <-
                                                     Time past : 8200msec
                                                     ['0:55.00%', '1:37.40%', '2:24.00%', '3:46.80%', '4:31.00%', '5:23.50%', '6:54.80%', '7:54.70%', '8:62.60%', '9:73.90%']
                                          0msec<-
                                          ->0msec
                                                     -> Cluster 69, loss : 1.41, accuracy 49.99%, model from round 26
                                                     ['0:49.70%', '1:62.70%', '2:31.70%', '3:31.00%', '4:39.80%', '5:42.00%', '6:66.60%', '7:56.60%', '8:68.00%', '9:51.80%']
                                                                                              <-> Client 0, global : from 49.99% to 41.47%, local : from 51.60% to 63.40%, training time : 16200msec
                                                     Cluster 69, round 1, loss : 1.73, accuracy 41.47% <-
                                                     Time past : 16200msec
                                                     ['0:26.80%', '1:33.90%', '2:47.70%', '3:47.00%', '4:13.20%', '5:34.50%', '6:44.30%', '7:48.20%', '8:36.50%', '9:82.60%']
                                          0msec<-
                                          ->0msec
                                                     -> Cluster 40, loss : 1.41, accuracy 49.99%, model from round 26
                                                     ['0:49.70%', '1:62.70%', '2:31.70%', '3:31.00%', '4:39.80%', '5:42.00%', '6:66.60%', '7:56.60%', '8:68.00%', '9:51.80%']
                                                                                              <-> Client 0, global : from 49.99% to 44.61%, local : from 51.40% to 62.80%, training time : 8200msec
                                                     Cluster 40, round 1, loss : 1.54, accuracy 44.61% <-
                                                     Time past : 8200msec
                                                     ['0:59.00%', '1:63.60%', '2:35.20%', '3:20.10%', '4:55.50%', '5:31.40%', '6:52.80%', '7:54.80%', '8:38.60%', '9:35.10%']
                                          0msec<-
                                          ->0msec
                                                     -> Cluster 15, loss : 1.41, accuracy 49.99%, model from round 26
                                                     ['0:49.70%', '1:62.70%', '2:31.70%', '3:31.00%', '4:39.80%', '5:42.00%', '6:66.60%', '7:56.60%', '8:68.00%', '9:51.80%']
                                                                                              <-> Client 0, global : from 49.99% to 46.31%, local : from 58.20% to 71.20%, training time : 8200msec
                                                     Cluster 15, round 1, loss : 1.53, accuracy 46.31% <-
                                                     Time past : 8200msec
                                                     ['0:39.40%', '1:75.50%', '2:21.70%', '3:25.10%', '4:37.60%', '5:37.30%', '6:67.10%', '7:63.10%', '8:51.10%', '9:45.20%']
                                          0msec<-
                                          ->0msec
                                                     -> Cluster 35, loss : 1.41, accuracy 49.99%, model from round 26
                                                     ['0:49.70%', '1:62.70%', '2:31.70%', '3:31.00%', '4:39.80%', '5:42.00%', '6:66.60%', '7:56.60%', '8:68.00%', '9:51.80%']
                                                                                              <-> Client 0, global : from 49.99% to 43.45%, local : from 46.60% to 57.00%, training time : 8200msec
                                                     Cluster 35, round 1, loss : 1.62, accuracy 43.45% <-
                                                     Time past : 8200msec
                                                     ['0:68.40%', '1:50.60%', '2:11.40%', '3:32.10%', '4:49.90%', '5:46.50%', '6:17.60%', '7:63.30%', '8:52.00%', '9:42.70%']
                                          0msec<-
Central server round 26, loss : 1.41, accuracy :50.38%
Time past: 421200msec
['0:58.10%', '1:64.40%', '2:34.40%', '3:30.40%', '4:37.60%', '5:41.20%', '6:59.60%', '7:60.70%', '8:59.70%', '9:57.70%']
                                          ->0msec
                                                     -> Cluster 84, loss : 1.41, accuracy 50.38%, model from round 27
                                                     ['0:58.10%', '1:64.40%', '2:34.40%', '3:30.40%', '4:37.60%', '5:41.20%', '6:59.60%', '7:60.70%', '8:59.70%', '9:57.70%']
                                                                                              <-> Client 0, global : from 50.38% to 44.48%, local : from 49.80% to 72.60%, training time : 16200msec
                                                     Cluster 84, round 1, loss : 1.64, accuracy 44.48% <-
                                                     Time past : 16200msec
                                                     ['0:49.40%', '1:65.00%', '2:8.10%', '3:17.70%', '4:57.60%', '5:40.60%', '6:45.20%', '7:38.90%', '8:69.00%', '9:53.30%']
                                          0msec<-
                                          ->0msec
                                                     -> Cluster 86, loss : 1.41, accuracy 50.38%, model from round 27
                                                     ['0:58.10%', '1:64.40%', '2:34.40%', '3:30.40%', '4:37.60%', '5:41.20%', '6:59.60%', '7:60.70%', '8:59.70%', '9:57.70%']
                                                                                              <-> Client 0, global : from 50.38% to 44.45%, local : from 55.00% to 73.40%, training time : 16200msec
                                                     Cluster 86, round 1, loss : 1.66, accuracy 44.45% <-
                                                     Time past : 16200msec
                                                     ['0:46.30%', '1:32.60%', '2:43.50%', '3:26.10%', '4:14.60%', '5:55.50%', '6:40.70%', '7:53.90%', '8:62.20%', '9:69.10%']
                                          0msec<-
                                          ->0msec
                                                     -> Cluster 85, loss : 1.41, accuracy 50.38%, model from round 27
                                                     ['0:58.10%', '1:64.40%', '2:34.40%', '3:30.40%', '4:37.60%', '5:41.20%', '6:59.60%', '7:60.70%', '8:59.70%', '9:57.70%']
                                                                                              <-> Client 0, global : from 50.38% to 45.37%, local : from 49.60% to 73.60%, training time : 16200msec
                                                     Cluster 85, round 1, loss : 1.61, accuracy 45.37% <-
                                                     Time past : 16200msec
                                                     ['0:43.50%', '1:69.10%', '2:27.00%', '3:20.40%', '4:34.10%', '5:35.50%', '6:69.90%', '7:51.20%', '8:75.10%', '9:27.90%']
                                          0msec<-
                                          ->0msec
                                                     -> Cluster 83, loss : 1.41, accuracy 50.38%, model from round 27
                                                     ['0:58.10%', '1:64.40%', '2:34.40%', '3:30.40%', '4:37.60%', '5:41.20%', '6:59.60%', '7:60.70%', '8:59.70%', '9:57.70%']
                                                                                              <-> Client 0, global : from 50.38% to 42.66%, local : from 52.20% to 65.00%, training time : 16200msec
                                                     Cluster 83, round 1, loss : 1.67, accuracy 42.66% <-
                                                     Time past : 16200msec
                                                     ['0:39.70%', '1:55.30%', '2:27.80%', '3:10.30%', '4:35.00%', '5:25.00%', '6:73.90%', '7:31.60%', '8:49.80%', '9:78.20%']
                                          0msec<-
                                          ->0msec
                                                     -> Cluster 33, loss : 1.41, accuracy 50.38%, model from round 27
                                                     ['0:58.10%', '1:64.40%', '2:34.40%', '3:30.40%', '4:37.60%', '5:41.20%', '6:59.60%', '7:60.70%', '8:59.70%', '9:57.70%']
                                                                                              <-> Client 0, global : from 50.38% to 45.95%, local : from 48.60% to 67.00%, training time : 8200msec
                                                     Cluster 33, round 1, loss : 1.52, accuracy 45.95% <-
                                                     Time past : 8200msec
                                                     ['0:34.30%', '1:43.30%', '2:17.70%', '3:41.10%', '4:49.80%', '5:45.70%', '6:58.40%', '7:46.20%', '8:59.60%', '9:63.40%']
                                          0msec<-
                                          ->0msec
                                                     -> Cluster 13, loss : 1.41, accuracy 50.38%, model from round 27
                                                     ['0:58.10%', '1:64.40%', '2:34.40%', '3:30.40%', '4:37.60%', '5:41.20%', '6:59.60%', '7:60.70%', '8:59.70%', '9:57.70%']
                                                                                              <-> Client 0, global : from 50.38% to 45.12%, local : from 49.00% to 60.80%, training time : 8200msec
                                                     Cluster 13, round 1, loss : 1.55, accuracy 45.12% <-
                                                     Time past : 8200msec
                                                     ['0:55.80%', '1:58.60%', '2:29.00%', '3:23.80%', '4:20.60%', '5:60.20%', '6:62.40%', '7:63.20%', '8:33.70%', '9:43.90%']
                                          0msec<-
                                          ->0msec
                                                     -> Cluster 96, loss : 1.41, accuracy 50.38%, model from round 27
                                                     ['0:58.10%', '1:64.40%', '2:34.40%', '3:30.40%', '4:37.60%', '5:41.20%', '6:59.60%', '7:60.70%', '8:59.70%', '9:57.70%']
                                                                                              <-> Client 0, global : from 50.38% to 45.47%, local : from 50.60% to 76.40%, training time : 16200msec
                                                     Cluster 96, round 1, loss : 1.56, accuracy 45.47% <-
                                                     Time past : 16200msec
                                                     ['0:42.00%', '1:74.90%', '2:9.20%', '3:39.20%', '4:53.20%', '5:22.80%', '6:52.10%', '7:54.70%', '8:71.10%', '9:35.50%']
                                          0msec<-
                                          ->0msec
                                                     -> Cluster 43, loss : 1.41, accuracy 50.38%, model from round 27
                                                     ['0:58.10%', '1:64.40%', '2:34.40%', '3:30.40%', '4:37.60%', '5:41.20%', '6:59.60%', '7:60.70%', '8:59.70%', '9:57.70%']
                                                                                              <-> Client 0, global : from 50.38% to 44.15%, local : from 49.20% to 59.60%, training time : 8200msec
                                                     Cluster 43, round 1, loss : 1.56, accuracy 44.15% <-
                                                     Time past : 8200msec
                                                     ['0:48.60%', '1:49.50%', '2:67.30%', '3:39.30%', '4:23.80%', '5:11.40%', '6:48.80%', '7:40.60%', '8:62.40%', '9:49.80%']
                                          0msec<-
                                          ->0msec
                                                     -> Cluster 72, loss : 1.41, accuracy 50.38%, model from round 27
                                                     ['0:58.10%', '1:64.40%', '2:34.40%', '3:30.40%', '4:37.60%', '5:41.20%', '6:59.60%', '7:60.70%', '8:59.70%', '9:57.70%']
                                                                                              <-> Client 0, global : from 50.38% to 40.16%, local : from 53.40% to 67.00%, training time : 16200msec
                                                     Cluster 72, round 1, loss : 1.85, accuracy 40.16% <-
                                                     Time past : 16200msec
                                                     ['0:5.30%', '1:59.10%', '2:38.60%', '3:41.70%', '4:14.70%', '5:33.80%', '6:74.60%', '7:48.20%', '8:34.60%', '9:51.00%']
                                          0msec<-
                                          ->0msec
                                                     -> Cluster 68, loss : 1.41, accuracy 50.38%, model from round 27
                                                     ['0:58.10%', '1:64.40%', '2:34.40%', '3:30.40%', '4:37.60%', '5:41.20%', '6:59.60%', '7:60.70%', '8:59.70%', '9:57.70%']
                                                                                              <-> Client 0, global : from 50.38% to 44.78%, local : from 53.40% to 80.80%, training time : 16200msec
                                                     Cluster 68, round 1, loss : 1.60, accuracy 44.78% <-
                                                     Time past : 16200msec
                                                     ['0:50.30%', '1:53.80%', '2:51.90%', '3:41.30%', '4:35.00%', '5:24.10%', '6:29.10%', '7:49.40%', '8:54.30%', '9:58.60%']
                                          0msec<-
Central server round 27, loss : 1.39, accuracy :51.08%
Time past: 437400msec
['0:49.00%', '1:61.80%', '2:35.10%', '3:35.60%', '4:40.60%', '5:37.50%', '6:69.90%', '7:56.10%', '8:68.50%', '9:56.70%']
                                          ->0msec
                                                     -> Cluster 15, loss : 1.39, accuracy 51.08%, model from round 28
                                                     ['0:49.00%', '1:61.80%', '2:35.10%', '3:35.60%', '4:40.60%', '5:37.50%', '6:69.90%', '7:56.10%', '8:68.50%', '9:56.70%']
                                                                                              <-> Client 0, global : from 51.08% to 43.29%, local : from 60.60% to 69.60%, training time : 8200msec
                                                     Cluster 15, round 1, loss : 1.68, accuracy 43.29% <-
                                                     Time past : 8200msec
                                                     ['0:6.80%', '1:51.40%', '2:50.20%', '3:18.50%', '4:21.50%', '5:52.70%', '6:63.30%', '7:64.70%', '8:58.70%', '9:45.10%']
                                          0msec<-
                                          ->0msec
                                                     -> Cluster 13, loss : 1.39, accuracy 51.08%, model from round 28
                                                     ['0:49.00%', '1:61.80%', '2:35.10%', '3:35.60%', '4:40.60%', '5:37.50%', '6:69.90%', '7:56.10%', '8:68.50%', '9:56.70%']
                                                                                              <-> Client 0, global : from 51.08% to 47.04%, local : from 51.00% to 70.60%, training time : 8200msec
                                                     Cluster 13, round 1, loss : 1.51, accuracy 47.04% <-
                                                     Time past : 8200msec
                                                     ['0:51.70%', '1:52.00%', '2:31.20%', '3:42.30%', '4:32.20%', '5:43.60%', '6:43.90%', '7:62.10%', '8:73.30%', '9:38.10%']
                                          0msec<-
                                          ->0msec
                                                     -> Cluster 71, loss : 1.39, accuracy 51.08%, model from round 28
                                                     ['0:49.00%', '1:61.80%', '2:35.10%', '3:35.60%', '4:40.60%', '5:37.50%', '6:69.90%', '7:56.10%', '8:68.50%', '9:56.70%']
                                                                                              <-> Client 0, global : from 51.08% to 41.68%, local : from 49.20% to 65.80%, training time : 16200msec
                                                     Cluster 71, round 1, loss : 1.70, accuracy 41.68% <-
                                                     Time past : 16200msec
                                                     ['0:31.90%', '1:60.50%', '2:37.10%', '3:63.50%', '4:16.30%', '5:36.20%', '6:37.70%', '7:38.20%', '8:39.10%', '9:56.30%']
                                          0msec<-
                                          ->0msec
                                                     -> Cluster 18, loss : 1.39, accuracy 51.08%, model from round 28
                                                     ['0:49.00%', '1:61.80%', '2:35.10%', '3:35.60%', '4:40.60%', '5:37.50%', '6:69.90%', '7:56.10%', '8:68.50%', '9:56.70%']
                                                                                              <-> Client 0, global : from 51.08% to 48.43%, local : from 54.00% to 69.40%, training time : 8200msec
                                                     Cluster 18, round 1, loss : 1.47, accuracy 48.43% <-
                                                     Time past : 8200msec
                                                     ['0:50.30%', '1:69.30%', '2:30.40%', '3:47.20%', '4:29.90%', '5:24.50%', '6:65.80%', '7:63.30%', '8:60.50%', '9:43.10%']
                                          0msec<-
                                          ->0msec
                                                     -> Cluster 42, loss : 1.39, accuracy 51.08%, model from round 28
                                                     ['0:49.00%', '1:61.80%', '2:35.10%', '3:35.60%', '4:40.60%', '5:37.50%', '6:69.90%', '7:56.10%', '8:68.50%', '9:56.70%']
                                                                                              <-> Client 0, global : from 51.08% to 45.16%, local : from 47.20% to 63.60%, training time : 8200msec
                                                     Cluster 42, round 1, loss : 1.55, accuracy 45.16% <-
                                                     Time past : 8200msec
                                                     ['0:27.70%', '1:83.80%', '2:15.00%', '3:37.50%', '4:31.40%', '5:30.10%', '6:70.10%', '7:55.90%', '8:59.30%', '9:40.80%']
                                          0msec<-
                                          ->0msec
                                                     -> Cluster 82, loss : 1.39, accuracy 51.08%, model from round 28
                                                     ['0:49.00%', '1:61.80%', '2:35.10%', '3:35.60%', '4:40.60%', '5:37.50%', '6:69.90%', '7:56.10%', '8:68.50%', '9:56.70%']
                                                                                              <-> Client 0, global : from 51.08% to 47.48%, local : from 54.60% to 82.80%, training time : 16200msec
                                                     Cluster 82, round 1, loss : 1.56, accuracy 47.48% <-
                                                     Time past : 16200msec
                                                     ['0:56.50%', '1:59.80%', '2:27.80%', '3:20.40%', '4:41.00%', '5:42.50%', '6:58.00%', '7:48.40%', '8:73.70%', '9:46.70%']
                                          0msec<-
                                          ->0msec
                                                     -> Cluster 92, loss : 1.39, accuracy 51.08%, model from round 28
                                                     ['0:49.00%', '1:61.80%', '2:35.10%', '3:35.60%', '4:40.60%', '5:37.50%', '6:69.90%', '7:56.10%', '8:68.50%', '9:56.70%']
                                                                                              <-> Client 0, global : from 51.08% to 47.07%, local : from 48.80% to 78.20%, training time : 16200msec
                                                     Cluster 92, round 1, loss : 1.51, accuracy 47.07% <-
                                                     Time past : 16200msec
                                                     ['0:46.50%', '1:44.20%', '2:51.00%', '3:38.10%', '4:23.60%', '5:39.00%', '6:39.40%', '7:56.30%', '8:71.20%', '9:61.40%']
                                          0msec<-
                                          ->0msec
                                                     -> Cluster 83, loss : 1.39, accuracy 51.08%, model from round 28
                                                     ['0:49.00%', '1:61.80%', '2:35.10%', '3:35.60%', '4:40.60%', '5:37.50%', '6:69.90%', '7:56.10%', '8:68.50%', '9:56.70%']
                                                                                              <-> Client 0, global : from 51.08% to 46.51%, local : from 53.80% to 80.00%, training time : 16200msec
                                                     Cluster 83, round 1, loss : 1.51, accuracy 46.51% <-
                                                     Time past : 16200msec
                                                     ['0:64.10%', '1:57.20%', '2:20.00%', '3:27.00%', '4:52.40%', '5:34.70%', '6:52.90%', '7:42.40%', '8:54.10%', '9:60.30%']
                                          0msec<-
                                          ->0msec
                                                     -> Cluster 76, loss : 1.39, accuracy 51.08%, model from round 28
                                                     ['0:49.00%', '1:61.80%', '2:35.10%', '3:35.60%', '4:40.60%', '5:37.50%', '6:69.90%', '7:56.10%', '8:68.50%', '9:56.70%']
                                                                                              <-> Client 0, global : from 51.08% to 40.85%, local : from 49.60% to 66.80%, training time : 16200msec
                                                     Cluster 76, round 1, loss : 1.82, accuracy 40.85% <-
                                                     Time past : 16200msec
                                                     ['0:40.20%', '1:45.00%', '2:9.30%', '3:10.70%', '4:72.80%', '5:21.30%', '6:58.50%', '7:28.40%', '8:73.30%', '9:49.00%']
                                          0msec<-
                                          ->0msec
                                                     -> Cluster 53, loss : 1.39, accuracy 51.08%, model from round 28
                                                     ['0:49.00%', '1:61.80%', '2:35.10%', '3:35.60%', '4:40.60%', '5:37.50%', '6:69.90%', '7:56.10%', '8:68.50%', '9:56.70%']
                                                                                              <-> Client 0, global : from 51.08% to 43.61%, local : from 50.20% to 78.80%, training time : 16200msec
                                                     Cluster 53, round 1, loss : 1.63, accuracy 43.61% <-
                                                     Time past : 16200msec
                                                     ['0:36.10%', '1:49.90%', '2:22.80%', '3:51.30%', '4:56.60%', '5:14.40%', '6:38.60%', '7:34.50%', '8:71.00%', '9:60.90%']
                                          0msec<-
Central server round 28, loss : 1.37, accuracy :51.29%
Time past: 453600msec
['0:47.50%', '1:64.30%', '2:32.10%', '3:38.00%', '4:44.90%', '5:36.90%', '6:68.20%', '7:55.50%', '8:71.60%', '9:53.90%']
                                          ->0msec
                                                     -> Cluster 45, loss : 1.37, accuracy 51.29%, model from round 29
                                                     ['0:47.50%', '1:64.30%', '2:32.10%', '3:38.00%', '4:44.90%', '5:36.90%', '6:68.20%', '7:55.50%', '8:71.60%', '9:53.90%']
                                                                                              <-> Client 0, global : from 51.29% to 44.06%, local : from 51.20% to 65.20%, training time : 8200msec
                                                     Cluster 45, round 1, loss : 1.58, accuracy 44.06% <-
                                                     Time past : 8200msec
                                                     ['0:77.80%', '1:51.60%', '2:25.90%', '3:24.90%', '4:70.00%', '5:27.20%', '6:36.90%', '7:35.10%', '8:41.90%', '9:49.30%']
                                          0msec<-
                                          ->0msec
                                                     -> Cluster 12, loss : 1.37, accuracy 51.29%, model from round 29
                                                     ['0:47.50%', '1:64.30%', '2:32.10%', '3:38.00%', '4:44.90%', '5:36.90%', '6:68.20%', '7:55.50%', '8:71.60%', '9:53.90%']
                                                                                              <-> Client 0, global : from 51.29% to 44.88%, local : from 50.40% to 69.80%, training time : 8200msec
                                                     Cluster 12, round 1, loss : 1.55, accuracy 44.88% <-
                                                     Time past : 8200msec
                                                     ['0:58.90%', '1:52.50%', '2:20.40%', '3:37.00%', '4:65.10%', '5:31.60%', '6:43.60%', '7:46.60%', '8:56.30%', '9:36.80%']
                                          0msec<-
                                          ->0msec
                                                     -> Cluster 34, loss : 1.37, accuracy 51.29%, model from round 29
                                                     ['0:47.50%', '1:64.30%', '2:32.10%', '3:38.00%', '4:44.90%', '5:36.90%', '6:68.20%', '7:55.50%', '8:71.60%', '9:53.90%']
                                                                                              <-> Client 0, global : from 51.29% to 48.22%, local : from 49.40% to 67.60%, training time : 8200msec
                                                     Cluster 34, round 1, loss : 1.47, accuracy 48.22% <-
                                                     Time past : 8200msec
                                                     ['0:44.30%', '1:64.80%', '2:23.00%', '3:35.80%', '4:35.40%', '5:29.50%', '6:75.10%', '7:68.90%', '8:55.40%', '9:50.00%']
                                          0msec<-
                                          ->0msec
                                                     -> Cluster 49, loss : 1.37, accuracy 51.29%, model from round 29
                                                     ['0:47.50%', '1:64.30%', '2:32.10%', '3:38.00%', '4:44.90%', '5:36.90%', '6:68.20%', '7:55.50%', '8:71.60%', '9:53.90%']
                                                                                              <-> Client 0, global : from 51.29% to 47.53%, local : from 49.80% to 67.40%, training time : 8200msec
                                                     Cluster 49, round 1, loss : 1.49, accuracy 47.53% <-
                                                     Time past : 8200msec
                                                     ['0:52.80%', '1:37.50%', '2:27.50%', '3:39.80%', '4:34.20%', '5:50.90%', '6:56.60%', '7:43.90%', '8:63.70%', '9:68.40%']
                                          0msec<-
                                          ->0msec
                                                     -> Cluster 6, loss : 1.37, accuracy 51.29%, model from round 29
                                                     ['0:47.50%', '1:64.30%', '2:32.10%', '3:38.00%', '4:44.90%', '5:36.90%', '6:68.20%', '7:55.50%', '8:71.60%', '9:53.90%']
                                                                                              <-> Client 0, global : from 51.29% to 44.83%, local : from 50.80% to 66.40%, training time : 8200msec
                                                     Cluster 6, round 1, loss : 1.52, accuracy 44.83% <-
                                                     Time past : 8200msec
                                                     ['0:67.00%', '1:53.50%', '2:18.90%', '3:25.20%', '4:69.70%', '5:28.40%', '6:45.40%', '7:31.60%', '8:51.60%', '9:57.00%']
                                          0msec<-
                                          ->0msec
                                                     -> Cluster 17, loss : 1.37, accuracy 51.29%, model from round 29
                                                     ['0:47.50%', '1:64.30%', '2:32.10%', '3:38.00%', '4:44.90%', '5:36.90%', '6:68.20%', '7:55.50%', '8:71.60%', '9:53.90%']
                                                                                              <-> Client 0, global : from 51.29% to 46.33%, local : from 51.60% to 67.60%, training time : 8200msec
                                                     Cluster 17, round 1, loss : 1.51, accuracy 46.33% <-
                                                     Time past : 8200msec
                                                     ['0:63.30%', '1:58.70%', '2:17.60%', '3:33.00%', '4:43.50%', '5:37.90%', '6:47.20%', '7:75.20%', '8:32.00%', '9:54.90%']
                                          0msec<-
                                          ->0msec
                                                     -> Cluster 5, loss : 1.37, accuracy 51.29%, model from round 29
                                                     ['0:47.50%', '1:64.30%', '2:32.10%', '3:38.00%', '4:44.90%', '5:36.90%', '6:68.20%', '7:55.50%', '8:71.60%', '9:53.90%']
                                                                                              <-> Client 0, global : from 51.29% to 44.28%, local : from 51.00% to 67.00%, training time : 8200msec
                                                     Cluster 5, round 1, loss : 1.56, accuracy 44.28% <-
                                                     Time past : 8200msec
                                                     ['0:57.90%', '1:39.10%', '2:30.50%', '3:8.30%', '4:11.40%', '5:70.30%', '6:62.90%', '7:60.50%', '8:37.60%', '9:64.30%']
                                          0msec<-
                                          ->0msec
                                                     -> Cluster 61, loss : 1.37, accuracy 51.29%, model from round 29
                                                     ['0:47.50%', '1:64.30%', '2:32.10%', '3:38.00%', '4:44.90%', '5:36.90%', '6:68.20%', '7:55.50%', '8:71.60%', '9:53.90%']
                                                                                              <-> Client 0, global : from 51.29% to 40.82%, local : from 55.00% to 74.40%, training time : 16200msec
                                                     Cluster 61, round 1, loss : 1.71, accuracy 40.82% <-
                                                     Time past : 16200msec
                                                     ['0:19.50%', '1:51.30%', '2:26.10%', '3:48.10%', '4:61.20%', '5:9.30%', '6:37.60%', '7:65.00%', '8:49.50%', '9:40.60%']
                                          0msec<-
                                          ->0msec
                                                     -> Cluster 64, loss : 1.37, accuracy 51.29%, model from round 29
                                                     ['0:47.50%', '1:64.30%', '2:32.10%', '3:38.00%', '4:44.90%', '5:36.90%', '6:68.20%', '7:55.50%', '8:71.60%', '9:53.90%']
                                                                                              <-> Client 0, global : from 51.29% to 45.63%, local : from 52.40% to 78.20%, training time : 16200msec
                                                     Cluster 64, round 1, loss : 1.60, accuracy 45.63% <-
                                                     Time past : 16200msec
                                                     ['0:57.70%', '1:50.30%', '2:47.70%', '3:49.00%', '4:42.00%', '5:29.70%', '6:38.40%', '7:45.60%', '8:64.60%', '9:31.30%']
                                          0msec<-
                                          ->0msec
                                                     -> Cluster 31, loss : 1.37, accuracy 51.29%, model from round 29
                                                     ['0:47.50%', '1:64.30%', '2:32.10%', '3:38.00%', '4:44.90%', '5:36.90%', '6:68.20%', '7:55.50%', '8:71.60%', '9:53.90%']
                                                                                              <-> Client 0, global : from 51.29% to 46.91%, local : from 54.00% to 67.80%, training time : 8200msec
                                                     Cluster 31, round 1, loss : 1.48, accuracy 46.91% <-
                                                     Time past : 8200msec
                                                     ['0:59.80%', '1:55.10%', '2:29.60%', '3:21.00%', '4:24.80%', '5:44.10%', '6:79.30%', '7:53.50%', '8:41.70%', '9:60.20%']
                                          0msec<-
Central server round 29, loss : 1.37, accuracy :51.33%
Time past: 469800msec
['0:62.20%', '1:57.40%', '2:31.10%', '3:35.80%', '4:51.20%', '5:38.00%', '6:62.70%', '7:59.00%', '8:59.80%', '9:56.10%']
                                          ->0msec
                                                     -> Cluster 75, loss : 1.37, accuracy 51.33%, model from round 30
                                                     ['0:62.20%', '1:57.40%', '2:31.10%', '3:35.80%', '4:51.20%', '5:38.00%', '6:62.70%', '7:59.00%', '8:59.80%', '9:56.10%']
                                                                                              <-> Client 0, global : from 51.33% to 44.21%, local : from 47.40% to 78.80%, training time : 16200msec
                                                     Cluster 75, round 1, loss : 1.63, accuracy 44.21% <-
                                                     Time past : 16200msec
                                                     ['0:65.50%', '1:43.30%', '2:25.90%', '3:19.70%', '4:50.60%', '5:25.40%', '6:67.20%', '7:38.90%', '8:52.10%', '9:53.50%']
                                          0msec<-
                                          ->0msec
                                                     -> Cluster 12, loss : 1.37, accuracy 51.33%, model from round 30
                                                     ['0:62.20%', '1:57.40%', '2:31.10%', '3:35.80%', '4:51.20%', '5:38.00%', '6:62.70%', '7:59.00%', '8:59.80%', '9:56.10%']
                                                                                              <-> Client 0, global : from 51.33% to 47.08%, local : from 51.80% to 69.20%, training time : 8200msec
                                                     Cluster 12, round 1, loss : 1.51, accuracy 47.08% <-
                                                     Time past : 8200msec
                                                     ['0:66.10%', '1:60.40%', '2:25.80%', '3:24.50%', '4:58.00%', '5:43.10%', '6:59.70%', '7:40.10%', '8:51.00%', '9:42.10%']
                                          0msec<-
                                          ->0msec
                                                     -> Cluster 87, loss : 1.37, accuracy 51.33%, model from round 30
                                                     ['0:62.20%', '1:57.40%', '2:31.10%', '3:35.80%', '4:51.20%', '5:38.00%', '6:62.70%', '7:59.00%', '8:59.80%', '9:56.10%']
                                                                                              <-> Client 0, global : from 51.33% to 39.92%, local : from 53.00% to 70.20%, training time : 16200msec
                                                     Cluster 87, round 1, loss : 1.87, accuracy 39.92% <-
                                                     Time past : 16200msec
                                                     ['0:54.80%', '1:46.00%', '2:24.30%', '3:15.70%', '4:73.40%', '5:3.20%', '6:36.90%', '7:63.30%', '8:34.80%', '9:46.80%']
                                          0msec<-
                                          ->0msec
                                                     -> Cluster 14, loss : 1.37, accuracy 51.33%, model from round 30
                                                     ['0:62.20%', '1:57.40%', '2:31.10%', '3:35.80%', '4:51.20%', '5:38.00%', '6:62.70%', '7:59.00%', '8:59.80%', '9:56.10%']
                                                                                              <-> Client 0, global : from 51.33% to 43.22%, local : from 52.40% to 60.20%, training time : 8200msec
                                                     Cluster 14, round 1, loss : 1.63, accuracy 43.22% <-
                                                     Time past : 8200msec
                                                     ['0:38.70%', '1:35.10%', '2:20.60%', '3:9.30%', '4:44.10%', '5:32.60%', '6:86.20%', '7:48.70%', '8:42.20%', '9:74.70%']
                                          0msec<-
                                          ->0msec
                                                     -> Cluster 72, loss : 1.37, accuracy 51.33%, model from round 30
                                                     ['0:62.20%', '1:57.40%', '2:31.10%', '3:35.80%', '4:51.20%', '5:38.00%', '6:62.70%', '7:59.00%', '8:59.80%', '9:56.10%']
                                                                                              <-> Client 0, global : from 51.33% to 44.98%, local : from 56.80% to 82.60%, training time : 16200msec
                                                     Cluster 72, round 1, loss : 1.62, accuracy 44.98% <-
                                                     Time past : 16200msec
                                                     ['0:53.20%', '1:48.00%', '2:44.60%', '3:15.50%', '4:37.40%', '5:36.40%', '6:62.60%', '7:48.40%', '8:38.80%', '9:64.90%']
                                          0msec<-
                                          ->0msec
                                                     -> Cluster 99, loss : 1.37, accuracy 51.33%, model from round 30
                                                     ['0:62.20%', '1:57.40%', '2:31.10%', '3:35.80%', '4:51.20%', '5:38.00%', '6:62.70%', '7:59.00%', '8:59.80%', '9:56.10%']
                                                                                              <-> Client 0, global : from 51.33% to 43.71%, local : from 53.00% to 76.80%, training time : 16200msec
                                                     Cluster 99, round 1, loss : 1.74, accuracy 43.71% <-
                                                     Time past : 16200msec
                                                     ['0:45.90%', '1:54.20%', '2:17.20%', '3:31.70%', '4:54.80%', '5:33.80%', '6:38.30%', '7:51.00%', '8:36.10%', '9:74.10%']
                                          0msec<-
                                          ->0msec
                                                     -> Cluster 93, loss : 1.37, accuracy 51.33%, model from round 30
                                                     ['0:62.20%', '1:57.40%', '2:31.10%', '3:35.80%', '4:51.20%', '5:38.00%', '6:62.70%', '7:59.00%', '8:59.80%', '9:56.10%']
                                                                                              <-> Client 0, global : from 51.33% to 44.87%, local : from 54.60% to 71.20%, training time : 16200msec
                                                     Cluster 93, round 1, loss : 1.65, accuracy 44.87% <-
                                                     Time past : 16200msec
                                                     ['0:29.60%', '1:38.40%', '2:35.40%', '3:40.90%', '4:16.10%', '5:50.80%', '6:54.90%', '7:44.70%', '8:84.00%', '9:53.90%']
                                          0msec<-
                                          ->0msec
                                                     -> Cluster 23, loss : 1.37, accuracy 51.33%, model from round 30
                                                     ['0:62.20%', '1:57.40%', '2:31.10%', '3:35.80%', '4:51.20%', '5:38.00%', '6:62.70%', '7:59.00%', '8:59.80%', '9:56.10%']
                                                                                              <-> Client 0, global : from 51.33% to 44.84%, local : from 53.00% to 68.20%, training time : 8200msec
                                                     Cluster 23, round 1, loss : 1.54, accuracy 44.84% <-
                                                     Time past : 8200msec
                                                     ['0:53.10%', '1:83.20%', '2:19.20%', '3:46.60%', '4:55.60%', '5:31.10%', '6:33.60%', '7:51.50%', '8:59.80%', '9:14.70%']
                                          0msec<-
                                          ->0msec
                                                     -> Cluster 89, loss : 1.37, accuracy 51.33%, model from round 30
                                                     ['0:62.20%', '1:57.40%', '2:31.10%', '3:35.80%', '4:51.20%', '5:38.00%', '6:62.70%', '7:59.00%', '8:59.80%', '9:56.10%']
                                                                                              <-> Client 0, global : from 51.33% to 44.50%, local : from 49.20% to 75.40%, training time : 16200msec
                                                     Cluster 89, round 1, loss : 1.64, accuracy 44.50% <-
                                                     Time past : 16200msec
                                                     ['0:19.50%', '1:36.30%', '2:43.20%', '3:21.40%', '4:27.40%', '5:29.10%', '6:60.30%', '7:62.70%', '8:71.70%', '9:73.40%']
                                          0msec<-
                                          ->0msec
                                                     -> Cluster 24, loss : 1.37, accuracy 51.33%, model from round 30
                                                     ['0:62.20%', '1:57.40%', '2:31.10%', '3:35.80%', '4:51.20%', '5:38.00%', '6:62.70%', '7:59.00%', '8:59.80%', '9:56.10%']
                                                                                              <-> Client 0, global : from 51.33% to 44.73%, local : from 48.40% to 63.20%, training time : 8200msec
                                                     Cluster 24, round 1, loss : 1.59, accuracy 44.73% <-
                                                     Time past : 8200msec
                                                     ['0:42.50%', '1:49.10%', '2:30.10%', '3:15.90%', '4:25.10%', '5:17.70%', '6:71.60%', '7:62.20%', '8:56.00%', '9:77.10%']
                                          0msec<-
Central server round 30, loss : 1.37, accuracy :51.80%
Time past: 486000msec
['0:57.80%', '1:56.70%', '2:31.40%', '3:29.20%', '4:52.70%', '5:32.60%', '6:69.20%', '7:57.50%', '8:66.00%', '9:64.90%']
                                          ->0msec
                                                     -> Cluster 47, loss : 1.37, accuracy 51.80%, model from round 31
                                                     ['0:57.80%', '1:56.70%', '2:31.40%', '3:29.20%', '4:52.70%', '5:32.60%', '6:69.20%', '7:57.50%', '8:66.00%', '9:64.90%']
                                                                                              <-> Client 0, global : from 51.80% to 46.77%, local : from 54.20% to 72.40%, training time : 8200msec
                                                     Cluster 47, round 1, loss : 1.53, accuracy 46.77% <-
                                                     Time past : 8200msec
                                                     ['0:36.50%', '1:61.60%', '2:24.30%', '3:15.70%', '4:37.60%', '5:45.00%', '6:72.00%', '7:56.90%', '8:84.00%', '9:34.10%']
                                          0msec<-
                                          ->0msec
                                                     -> Cluster 37, loss : 1.37, accuracy 51.80%, model from round 31
                                                     ['0:57.80%', '1:56.70%', '2:31.40%', '3:29.20%', '4:52.70%', '5:32.60%', '6:69.20%', '7:57.50%', '8:66.00%', '9:64.90%']
                                                                                              <-> Client 0, global : from 51.80% to 48.59%, local : from 52.60% to 70.00%, training time : 8200msec
                                                     Cluster 37, round 1, loss : 1.44, accuracy 48.59% <-
                                                     Time past : 8200msec
                                                     ['0:45.60%', '1:69.00%', '2:20.20%', '3:27.20%', '4:55.80%', '5:41.80%', '6:44.80%', '7:66.50%', '8:58.20%', '9:56.80%']
                                          0msec<-
                                          ->0msec
                                                     -> Cluster 3, loss : 1.37, accuracy 51.80%, model from round 31
                                                     ['0:57.80%', '1:56.70%', '2:31.40%', '3:29.20%', '4:52.70%', '5:32.60%', '6:69.20%', '7:57.50%', '8:66.00%', '9:64.90%']
                                                                                              <-> Client 0, global : from 51.80% to 46.37%, local : from 50.80% to 68.40%, training time : 8200msec
                                                     Cluster 3, round 1, loss : 1.52, accuracy 46.37% <-
                                                     Time past : 8200msec
                                                     ['0:30.80%', '1:61.00%', '2:36.50%', '3:15.70%', '4:32.60%', '5:65.70%', '6:42.50%', '7:66.50%', '8:56.50%', '9:55.90%']
                                          0msec<-
                                          ->0msec
                                                     -> Cluster 56, loss : 1.37, accuracy 51.80%, model from round 31
                                                     ['0:57.80%', '1:56.70%', '2:31.40%', '3:29.20%', '4:52.70%', '5:32.60%', '6:69.20%', '7:57.50%', '8:66.00%', '9:64.90%']
                                                                                              <-> Client 0, global : from 51.80% to 47.30%, local : from 54.80% to 83.20%, training time : 16200msec
                                                     Cluster 56, round 1, loss : 1.58, accuracy 47.30% <-
                                                     Time past : 16200msec
                                                     ['0:61.90%', '1:39.00%', '2:40.50%', '3:30.50%', '4:35.60%', '5:49.30%', '6:41.50%', '7:51.20%', '8:64.40%', '9:59.10%']
                                          0msec<-
                                          ->0msec
                                                     -> Cluster 52, loss : 1.37, accuracy 51.80%, model from round 31
                                                     ['0:57.80%', '1:56.70%', '2:31.40%', '3:29.20%', '4:52.70%', '5:32.60%', '6:69.20%', '7:57.50%', '8:66.00%', '9:64.90%']
                                                                                              <-> Client 0, global : from 51.80% to 45.76%, local : from 48.80% to 76.60%, training time : 16200msec
                                                     Cluster 52, round 1, loss : 1.61, accuracy 45.76% <-
                                                     Time past : 16200msec
                                                     ['0:61.10%', '1:62.50%', '2:50.10%', '3:36.30%', '4:21.30%', '5:19.60%', '6:49.50%', '7:37.20%', '8:68.80%', '9:51.20%']
                                          0msec<-
                                          ->0msec
                                                     -> Cluster 49, loss : 1.37, accuracy 51.80%, model from round 31
                                                     ['0:57.80%', '1:56.70%', '2:31.40%', '3:29.20%', '4:52.70%', '5:32.60%', '6:69.20%', '7:57.50%', '8:66.00%', '9:64.90%']
                                                                                              <-> Client 0, global : from 51.80% to 46.00%, local : from 53.20% to 64.00%, training time : 8200msec
                                                     Cluster 49, round 1, loss : 1.56, accuracy 46.00% <-
                                                     Time past : 8200msec
                                                     ['0:34.10%', '1:43.70%', '2:30.00%', '3:29.00%', '4:43.40%', '5:28.20%', '6:81.80%', '7:34.40%', '8:72.40%', '9:63.00%']
                                          0msec<-
                                          ->0msec
                                                     -> Cluster 40, loss : 1.37, accuracy 51.80%, model from round 31
                                                     ['0:57.80%', '1:56.70%', '2:31.40%', '3:29.20%', '4:52.70%', '5:32.60%', '6:69.20%', '7:57.50%', '8:66.00%', '9:64.90%']
                                                                                              <-> Client 0, global : from 51.80% to 45.10%, local : from 53.20% to 70.20%, training time : 8200msec
                                                     Cluster 40, round 1, loss : 1.56, accuracy 45.10% <-
                                                     Time past : 8200msec
                                                     ['0:32.60%', '1:59.40%', '2:37.60%', '3:31.30%', '4:49.40%', '5:34.40%', '6:29.00%', '7:53.50%', '8:84.70%', '9:39.10%']
                                          0msec<-
                                          ->0msec
                                                     -> Cluster 70, loss : 1.37, accuracy 51.80%, model from round 31
                                                     ['0:57.80%', '1:56.70%', '2:31.40%', '3:29.20%', '4:52.70%', '5:32.60%', '6:69.20%', '7:57.50%', '8:66.00%', '9:64.90%']
                                                                                              <-> Client 0, global : from 51.80% to 43.94%, local : from 51.40% to 76.20%, training time : 16200msec
                                                     Cluster 70, round 1, loss : 1.67, accuracy 43.94% <-
                                                     Time past : 16200msec
                                                     ['0:26.30%', '1:60.30%', '2:14.50%', '3:28.10%', '4:59.20%', '5:22.80%', '6:57.80%', '7:42.40%', '8:74.30%', '9:53.70%']
                                          0msec<-
                                          ->0msec
                                                     -> Cluster 74, loss : 1.37, accuracy 51.80%, model from round 31
                                                     ['0:57.80%', '1:56.70%', '2:31.40%', '3:29.20%', '4:52.70%', '5:32.60%', '6:69.20%', '7:57.50%', '8:66.00%', '9:64.90%']
                                                                                              <-> Client 0, global : from 51.80% to 44.39%, local : from 55.60% to 80.60%, training time : 16200msec
                                                     Cluster 74, round 1, loss : 1.66, accuracy 44.39% <-
                                                     Time past : 16200msec
                                                     ['0:73.20%', '1:52.50%', '2:57.50%', '3:29.90%', '4:29.10%', '5:17.30%', '6:42.50%', '7:39.30%', '8:56.90%', '9:45.70%']
                                          0msec<-
                                          ->0msec
                                                     -> Cluster 39, loss : 1.37, accuracy 51.80%, model from round 31
                                                     ['0:57.80%', '1:56.70%', '2:31.40%', '3:29.20%', '4:52.70%', '5:32.60%', '6:69.20%', '7:57.50%', '8:66.00%', '9:64.90%']
                                                                                              <-> Client 0, global : from 51.80% to 48.31%, local : from 52.80% to 67.20%, training time : 8200msec
                                                     Cluster 39, round 1, loss : 1.47, accuracy 48.31% <-
                                                     Time past : 8200msec
                                                     ['0:31.30%', '1:49.90%', '2:36.40%', '3:37.00%', '4:57.50%', '5:24.40%', '6:58.70%', '7:58.00%', '8:74.20%', '9:55.70%']
                                          0msec<-
Central server round 31, loss : 1.36, accuracy :52.26%
Time past: 502200msec
['0:51.20%', '1:61.40%', '2:38.70%', '3:34.00%', '4:49.00%', '5:35.80%', '6:64.20%', '7:56.30%', '8:76.60%', '9:55.40%']
                                          ->0msec
                                                     -> Cluster 67, loss : 1.36, accuracy 52.26%, model from round 32
                                                     ['0:51.20%', '1:61.40%', '2:38.70%', '3:34.00%', '4:49.00%', '5:35.80%', '6:64.20%', '7:56.30%', '8:76.60%', '9:55.40%']
                                                                                              <-> Client 0, global : from 52.26% to 44.39%, local : from 53.40% to 75.80%, training time : 16200msec
                                                     Cluster 67, round 1, loss : 1.63, accuracy 44.39% <-
                                                     Time past : 16200msec
                                                     ['0:58.00%', '1:53.10%', '2:9.80%', '3:21.50%', '4:67.70%', '5:33.60%', '6:46.60%', '7:66.90%', '8:30.70%', '9:56.00%']
                                          0msec<-
                                          ->0msec
                                                     -> Cluster 80, loss : 1.36, accuracy 52.26%, model from round 32
                                                     ['0:51.20%', '1:61.40%', '2:38.70%', '3:34.00%', '4:49.00%', '5:35.80%', '6:64.20%', '7:56.30%', '8:76.60%', '9:55.40%']
                                                                                              <-> Client 0, global : from 52.26% to 42.71%, local : from 50.80% to 74.40%, training time : 16200msec
                                                     Cluster 80, round 1, loss : 1.79, accuracy 42.71% <-
                                                     Time past : 16200msec
                                                     ['0:45.20%', '1:84.20%', '2:9.90%', '3:20.90%', '4:54.50%', '5:25.50%', '6:47.00%', '7:39.90%', '8:50.80%', '9:49.20%']
                                          0msec<-
                                          ->0msec
                                                     -> Cluster 58, loss : 1.36, accuracy 52.26%, model from round 32
                                                     ['0:51.20%', '1:61.40%', '2:38.70%', '3:34.00%', '4:49.00%', '5:35.80%', '6:64.20%', '7:56.30%', '8:76.60%', '9:55.40%']
                                                                                              <-> Client 0, global : from 52.26% to 47.23%, local : from 51.20% to 83.20%, training time : 16200msec
                                                     Cluster 58, round 1, loss : 1.58, accuracy 47.23% <-
                                                     Time past : 16200msec
                                                     ['0:44.90%', '1:57.90%', '2:23.90%', '3:35.30%', '4:46.70%', '5:51.00%', '6:36.00%', '7:57.80%', '8:66.90%', '9:51.90%']
                                          0msec<-
                                          ->0msec
                                                     -> Cluster 25, loss : 1.36, accuracy 52.26%, model from round 32
                                                     ['0:51.20%', '1:61.40%', '2:38.70%', '3:34.00%', '4:49.00%', '5:35.80%', '6:64.20%', '7:56.30%', '8:76.60%', '9:55.40%']
                                                                                              <-> Client 0, global : from 52.26% to 48.02%, local : from 55.40% to 70.60%, training time : 8200msec
                                                     Cluster 25, round 1, loss : 1.48, accuracy 48.02% <-
                                                     Time past : 8200msec
                                                     ['0:43.30%', '1:55.90%', '2:51.50%', '3:11.50%', '4:29.30%', '5:35.90%', '6:70.90%', '7:59.50%', '8:61.90%', '9:60.50%']
                                          0msec<-
                                          ->0msec
                                                     -> Cluster 24, loss : 1.36, accuracy 52.26%, model from round 32
                                                     ['0:51.20%', '1:61.40%', '2:38.70%', '3:34.00%', '4:49.00%', '5:35.80%', '6:64.20%', '7:56.30%', '8:76.60%', '9:55.40%']
                                                                                              <-> Client 0, global : from 52.26% to 47.52%, local : from 53.40% to 75.20%, training time : 8200msec
                                                     Cluster 24, round 1, loss : 1.46, accuracy 47.52% <-
                                                     Time past : 8200msec
                                                     ['0:68.10%', '1:46.60%', '2:49.50%', '3:22.50%', '4:26.90%', '5:34.30%', '6:55.00%', '7:58.30%', '8:49.40%', '9:64.60%']
                                          0msec<-
                                          ->0msec
                                                     -> Cluster 27, loss : 1.36, accuracy 52.26%, model from round 32
                                                     ['0:51.20%', '1:61.40%', '2:38.70%', '3:34.00%', '4:49.00%', '5:35.80%', '6:64.20%', '7:56.30%', '8:76.60%', '9:55.40%']
                                                                                              <-> Client 0, global : from 52.26% to 46.02%, local : from 49.00% to 68.20%, training time : 8200msec
                                                     Cluster 27, round 1, loss : 1.52, accuracy 46.02% <-
                                                     Time past : 8200msec
                                                     ['0:44.50%', '1:43.50%', '2:26.20%', '3:42.70%', '4:15.60%', '5:60.00%', '6:67.00%', '7:38.20%', '8:66.90%', '9:55.60%']
                                          0msec<-
                                          ->0msec
                                                     -> Cluster 4, loss : 1.36, accuracy 52.26%, model from round 32
                                                     ['0:51.20%', '1:61.40%', '2:38.70%', '3:34.00%', '4:49.00%', '5:35.80%', '6:64.20%', '7:56.30%', '8:76.60%', '9:55.40%']
                                                                                              <-> Client 0, global : from 52.26% to 46.46%, local : from 54.40% to 69.80%, training time : 8200msec
                                                     Cluster 4, round 1, loss : 1.52, accuracy 46.46% <-
                                                     Time past : 8200msec
                                                     ['0:61.90%', '1:61.00%', '2:37.30%', '3:21.10%', '4:33.20%', '5:43.60%', '6:31.10%', '7:55.10%', '8:55.40%', '9:64.90%']
                                          0msec<-
                                          ->0msec
                                                     -> Cluster 64, loss : 1.36, accuracy 52.26%, model from round 32
                                                     ['0:51.20%', '1:61.40%', '2:38.70%', '3:34.00%', '4:49.00%', '5:35.80%', '6:64.20%', '7:56.30%', '8:76.60%', '9:55.40%']
                                                                                              <-> Client 0, global : from 52.26% to 46.95%, local : from 54.60% to 76.00%, training time : 16200msec
                                                     Cluster 64, round 1, loss : 1.72, accuracy 46.95% <-
                                                     Time past : 16200msec
                                                     ['0:60.80%', '1:74.70%', '2:4.40%', '3:36.90%', '4:57.90%', '5:16.70%', '6:50.50%', '7:57.80%', '8:66.00%', '9:43.80%']
                                          0msec<-
                                          ->0msec
                                                     -> Cluster 82, loss : 1.36, accuracy 52.26%, model from round 32
                                                     ['0:51.20%', '1:61.40%', '2:38.70%', '3:34.00%', '4:49.00%', '5:35.80%', '6:64.20%', '7:56.30%', '8:76.60%', '9:55.40%']
                                                                                              <-> Client 0, global : from 52.26% to 34.59%, local : from 59.00% to 58.80%, training time : 16200msec
                                                     Cluster 82, round 1, loss : 2.39, accuracy 34.59% <-
                                                     Time past : 16200msec
                                                     ['0:20.00%', '1:18.20%', '2:25.80%', '3:17.90%', '4:25.70%', '5:36.10%', '6:47.10%', '7:41.20%', '8:18.80%', '9:95.10%']
                                          0msec<-
                                          ->0msec
                                                     -> Cluster 56, loss : 1.36, accuracy 52.26%, model from round 32
                                                     ['0:51.20%', '1:61.40%', '2:38.70%', '3:34.00%', '4:49.00%', '5:35.80%', '6:64.20%', '7:56.30%', '8:76.60%', '9:55.40%']
                                                                                              <-> Client 0, global : from 52.26% to 43.73%, local : from 57.60% to 78.20%, training time : 16200msec
                                                     Cluster 56, round 1, loss : 1.71, accuracy 43.73% <-
                                                     Time past : 16200msec
                                                     ['0:45.20%', '1:64.50%', '2:64.90%', '3:10.10%', '4:17.10%', '5:25.90%', '6:44.50%', '7:74.30%', '8:49.80%', '9:41.00%']
                                          0msec<-
Central server round 32, loss : 1.34, accuracy :53.01%
Time past: 518400msec
['0:59.80%', '1:61.60%', '2:30.70%', '3:30.40%', '4:47.10%', '5:40.50%', '6:65.80%', '7:64.40%', '8:63.60%', '9:66.20%']
                                          ->0msec
                                                     -> Cluster 64, loss : 1.34, accuracy 53.01%, model from round 33
                                                     ['0:59.80%', '1:61.60%', '2:30.70%', '3:30.40%', '4:47.10%', '5:40.50%', '6:65.80%', '7:64.40%', '8:63.60%', '9:66.20%']
                                                                                              <-> Client 0, global : from 53.01% to 48.73%, local : from 58.60% to 86.00%, training time : 16200msec
                                                     Cluster 64, round 1, loss : 1.58, accuracy 48.73% <-
                                                     Time past : 16200msec
                                                     ['0:49.00%', '1:62.20%', '2:20.70%', '3:26.20%', '4:41.50%', '5:32.20%', '6:73.30%', '7:64.80%', '8:64.80%', '9:52.60%']
                                          0msec<-
                                          ->0msec
                                                     -> Cluster 9, loss : 1.34, accuracy 53.01%, model from round 33
                                                     ['0:59.80%', '1:61.60%', '2:30.70%', '3:30.40%', '4:47.10%', '5:40.50%', '6:65.80%', '7:64.40%', '8:63.60%', '9:66.20%']
                                                                                              <-> Client 0, global : from 53.01% to 49.21%, local : from 49.40% to 70.60%, training time : 8200msec
                                                     Cluster 9, round 1, loss : 1.45, accuracy 49.21% <-
                                                     Time past : 8200msec
                                                     ['0:63.40%', '1:67.60%', '2:14.50%', '3:33.00%', '4:36.40%', '5:38.90%', '6:64.30%', '7:52.50%', '8:67.50%', '9:54.00%']
                                          0msec<-
                                          ->0msec
                                                     -> Cluster 63, loss : 1.34, accuracy 53.01%, model from round 33
                                                     ['0:59.80%', '1:61.60%', '2:30.70%', '3:30.40%', '4:47.10%', '5:40.50%', '6:65.80%', '7:64.40%', '8:63.60%', '9:66.20%']
                                                                                              <-> Client 0, global : from 53.01% to 44.39%, local : from 51.00% to 78.20%, training time : 16200msec
                                                     Cluster 63, round 1, loss : 1.62, accuracy 44.39% <-
                                                     Time past : 16200msec
                                                     ['0:43.30%', '1:81.40%', '2:43.20%', '3:45.60%', '4:24.90%', '5:24.40%', '6:37.80%', '7:54.20%', '8:59.40%', '9:29.70%']
                                          0msec<-
                                          ->0msec
                                                     -> Cluster 68, loss : 1.34, accuracy 53.01%, model from round 33
                                                     ['0:59.80%', '1:61.60%', '2:30.70%', '3:30.40%', '4:47.10%', '5:40.50%', '6:65.80%', '7:64.40%', '8:63.60%', '9:66.20%']
                                                                                              <-> Client 0, global : from 53.01% to 46.94%, local : from 57.00% to 87.80%, training time : 16200msec
                                                     Cluster 68, round 1, loss : 1.67, accuracy 46.94% <-
                                                     Time past : 16200msec
                                                     ['0:61.50%', '1:63.50%', '2:21.40%', '3:22.00%', '4:50.70%', '5:28.70%', '6:47.20%', '7:76.50%', '8:53.40%', '9:44.50%']
                                          0msec<-
                                          ->0msec
                                                     -> Cluster 2, loss : 1.34, accuracy 53.01%, model from round 33
                                                     ['0:59.80%', '1:61.60%', '2:30.70%', '3:30.40%', '4:47.10%', '5:40.50%', '6:65.80%', '7:64.40%', '8:63.60%', '9:66.20%']
                                                                                              <-> Client 0, global : from 53.01% to 46.50%, local : from 51.00% to 74.00%, training time : 8200msec
                                                     Cluster 2, round 1, loss : 1.51, accuracy 46.50% <-
                                                     Time past : 8200msec
                                                     ['0:35.40%', '1:57.90%', '2:32.60%', '3:44.80%', '4:54.80%', '5:45.90%', '6:39.50%', '7:47.70%', '8:58.60%', '9:47.80%']
                                          0msec<-
                                          ->0msec
                                                     -> Cluster 43, loss : 1.34, accuracy 53.01%, model from round 33
                                                     ['0:59.80%', '1:61.60%', '2:30.70%', '3:30.40%', '4:47.10%', '5:40.50%', '6:65.80%', '7:64.40%', '8:63.60%', '9:66.20%']
                                                                                              <-> Client 0, global : from 53.01% to 46.91%, local : from 50.40% to 63.80%, training time : 8200msec
                                                     Cluster 43, round 1, loss : 1.52, accuracy 46.91% <-
                                                     Time past : 8200msec
                                                     ['0:46.60%', '1:80.70%', '2:12.00%', '3:13.40%', '4:61.20%', '5:51.10%', '6:53.00%', '7:67.00%', '8:47.80%', '9:36.30%']
                                          0msec<-
                                          ->0msec
                                                     -> Cluster 41, loss : 1.34, accuracy 53.01%, model from round 33
                                                     ['0:59.80%', '1:61.60%', '2:30.70%', '3:30.40%', '4:47.10%', '5:40.50%', '6:65.80%', '7:64.40%', '8:63.60%', '9:66.20%']
                                                                                              <-> Client 0, global : from 53.01% to 47.24%, local : from 53.20% to 70.20%, training time : 8200msec
                                                     Cluster 41, round 1, loss : 1.52, accuracy 47.24% <-
                                                     Time past : 8200msec
                                                     ['0:57.10%', '1:64.20%', '2:21.40%', '3:26.00%', '4:42.20%', '5:45.60%', '6:70.70%', '7:40.10%', '8:32.10%', '9:73.00%']
                                          0msec<-
                                          ->0msec
                                                     -> Cluster 42, loss : 1.34, accuracy 53.01%, model from round 33
                                                     ['0:59.80%', '1:61.60%', '2:30.70%', '3:30.40%', '4:47.10%', '5:40.50%', '6:65.80%', '7:64.40%', '8:63.60%', '9:66.20%']
                                                                                              <-> Client 0, global : from 53.01% to 48.58%, local : from 50.60% to 74.80%, training time : 8200msec
                                                     Cluster 42, round 1, loss : 1.45, accuracy 48.58% <-
                                                     Time past : 8200msec
                                                     ['0:57.00%', '1:53.00%', '2:34.20%', '3:50.10%', '4:37.80%', '5:39.70%', '6:42.80%', '7:45.70%', '8:60.30%', '9:65.20%']
                                          0msec<-
                                          ->0msec
                                                     -> Cluster 44, loss : 1.34, accuracy 53.01%, model from round 33
                                                     ['0:59.80%', '1:61.60%', '2:30.70%', '3:30.40%', '4:47.10%', '5:40.50%', '6:65.80%', '7:64.40%', '8:63.60%', '9:66.20%']
                                                                                              <-> Client 0, global : from 53.01% to 47.84%, local : from 52.40% to 71.00%, training time : 8200msec
                                                     Cluster 44, round 1, loss : 1.53, accuracy 47.84% <-
                                                     Time past : 8200msec
                                                     ['0:74.90%', '1:53.20%', '2:27.00%', '3:45.10%', '4:21.40%', '5:48.80%', '6:44.10%', '7:66.30%', '8:48.30%', '9:49.30%']
                                          0msec<-
                                          ->0msec
                                                     -> Cluster 88, loss : 1.34, accuracy 53.01%, model from round 33
                                                     ['0:59.80%', '1:61.60%', '2:30.70%', '3:30.40%', '4:47.10%', '5:40.50%', '6:65.80%', '7:64.40%', '8:63.60%', '9:66.20%']
                                                                                              <-> Client 0, global : from 53.01% to 48.82%, local : from 51.80% to 87.40%, training time : 16200msec
                                                     Cluster 88, round 1, loss : 1.54, accuracy 48.82% <-
                                                     Time past : 16200msec
                                                     ['0:49.70%', '1:71.80%', '2:30.20%', '3:23.10%', '4:38.60%', '5:29.30%', '6:74.30%', '7:59.10%', '8:68.50%', '9:43.60%']
                                          0msec<-
Central server round 33, loss : 1.32, accuracy :53.83%
Time past: 534600msec
['0:58.70%', '1:72.10%', '2:28.10%', '3:37.20%', '4:47.50%', '5:44.90%', '6:65.40%', '7:63.60%', '8:65.00%', '9:55.80%']
                                          ->0msec
                                                     -> Cluster 62, loss : 1.32, accuracy 53.83%, model from round 34
                                                     ['0:58.70%', '1:72.10%', '2:28.10%', '3:37.20%', '4:47.50%', '5:44.90%', '6:65.40%', '7:63.60%', '8:65.00%', '9:55.80%']
                                                                                              <-> Client 0, global : from 53.83% to 46.30%, local : from 56.40% to 82.80%, training time : 16200msec
                                                     Cluster 62, round 1, loss : 1.67, accuracy 46.30% <-
                                                     Time past : 16200msec
                                                     ['0:61.20%', '1:62.40%', '2:10.90%', '3:20.90%', '4:61.00%', '5:28.50%', '6:63.50%', '7:35.90%', '8:60.50%', '9:58.20%']
                                          0msec<-
                                          ->0msec
                                                     -> Cluster 40, loss : 1.32, accuracy 53.83%, model from round 34
                                                     ['0:58.70%', '1:72.10%', '2:28.10%', '3:37.20%', '4:47.50%', '5:44.90%', '6:65.40%', '7:63.60%', '8:65.00%', '9:55.80%']
                                                                                              <-> Client 0, global : from 53.83% to 49.24%, local : from 54.60% to 76.80%, training time : 8200msec
                                                     Cluster 40, round 1, loss : 1.46, accuracy 49.24% <-
                                                     Time past : 8200msec
                                                     ['0:64.40%', '1:61.40%', '2:31.80%', '3:42.60%', '4:48.90%', '5:34.30%', '6:48.20%', '7:69.30%', '8:44.80%', '9:46.70%']
                                          0msec<-
                                          ->0msec
                                                     -> Cluster 13, loss : 1.32, accuracy 53.83%, model from round 34
                                                     ['0:58.70%', '1:72.10%', '2:28.10%', '3:37.20%', '4:47.50%', '5:44.90%', '6:65.40%', '7:63.60%', '8:65.00%', '9:55.80%']
                                                                                              <-> Client 0, global : from 53.83% to 47.53%, local : from 53.80% to 77.20%, training time : 8200msec
                                                     Cluster 13, round 1, loss : 1.50, accuracy 47.53% <-
                                                     Time past : 8200msec
                                                     ['0:57.10%', '1:44.50%', '2:55.70%', '3:37.70%', '4:41.80%', '5:37.60%', '6:39.80%', '7:58.00%', '8:59.60%', '9:43.50%']
                                          0msec<-
                                          ->0msec
                                                     -> Cluster 5, loss : 1.32, accuracy 53.83%, model from round 34
                                                     ['0:58.70%', '1:72.10%', '2:28.10%', '3:37.20%', '4:47.50%', '5:44.90%', '6:65.40%', '7:63.60%', '8:65.00%', '9:55.80%']
                                                                                              <-> Client 0, global : from 53.83% to 40.71%, local : from 54.40% to 61.40%, training time : 8200msec
                                                     Cluster 5, round 1, loss : 1.85, accuracy 40.71% <-
                                                     Time past : 8200msec
                                                     ['0:34.20%', '1:29.60%', '2:38.70%', '3:26.50%', '4:16.00%', '5:25.60%', '6:54.80%', '7:72.90%', '8:23.70%', '9:85.10%']
                                          0msec<-
                                          ->0msec
                                                     -> Cluster 52, loss : 1.32, accuracy 53.83%, model from round 34
                                                     ['0:58.70%', '1:72.10%', '2:28.10%', '3:37.20%', '4:47.50%', '5:44.90%', '6:65.40%', '7:63.60%', '8:65.00%', '9:55.80%']
                                                                                              <-> Client 0, global : from 53.83% to 45.19%, local : from 52.20% to 77.20%, training time : 16200msec
                                                     Cluster 52, round 1, loss : 1.68, accuracy 45.19% <-
                                                     Time past : 16200msec
                                                     ['0:53.50%', '1:61.80%', '2:18.10%', '3:71.70%', '4:22.90%', '5:40.60%', '6:21.10%', '7:54.40%', '8:50.70%', '9:57.10%']
                                          0msec<-
                                          ->0msec
                                                     -> Cluster 9, loss : 1.32, accuracy 53.83%, model from round 34
                                                     ['0:58.70%', '1:72.10%', '2:28.10%', '3:37.20%', '4:47.50%', '5:44.90%', '6:65.40%', '7:63.60%', '8:65.00%', '9:55.80%']
                                                                                              <-> Client 0, global : from 53.83% to 48.28%, local : from 52.20% to 74.80%, training time : 8200msec
                                                     Cluster 9, round 1, loss : 1.49, accuracy 48.28% <-
                                                     Time past : 8200msec
                                                     ['0:67.70%', '1:52.00%', '2:32.90%', '3:35.90%', '4:48.50%', '5:54.60%', '6:38.90%', '7:40.70%', '8:59.30%', '9:52.30%']
                                          0msec<-
                                          ->0msec
                                                     -> Cluster 25, loss : 1.32, accuracy 53.83%, model from round 34
                                                     ['0:58.70%', '1:72.10%', '2:28.10%', '3:37.20%', '4:47.50%', '5:44.90%', '6:65.40%', '7:63.60%', '8:65.00%', '9:55.80%']
                                                                                              <-> Client 0, global : from 53.83% to 49.52%, local : from 55.40% to 75.00%, training time : 8200msec
                                                     Cluster 25, round 1, loss : 1.46, accuracy 49.52% <-
                                                     Time past : 8200msec
                                                     ['0:62.00%', '1:69.40%', '2:31.40%', '3:23.90%', '4:26.60%', '5:38.30%', '6:77.30%', '7:57.60%', '8:68.80%', '9:39.90%']
                                          0msec<-
                                          ->0msec
                                                     -> Cluster 90, loss : 1.32, accuracy 53.83%, model from round 34
                                                     ['0:58.70%', '1:72.10%', '2:28.10%', '3:37.20%', '4:47.50%', '5:44.90%', '6:65.40%', '7:63.60%', '8:65.00%', '9:55.80%']
                                                                                              <-> Client 0, global : from 53.83% to 43.21%, local : from 54.40% to 74.40%, training time : 16200msec
                                                     Cluster 90, round 1, loss : 1.92, accuracy 43.21% <-
                                                     Time past : 16200msec
                                                     ['0:31.20%', '1:63.00%', '2:17.10%', '3:25.10%', '4:13.50%', '5:43.50%', '6:41.00%', '7:54.70%', '8:70.80%', '9:72.20%']
                                          0msec<-
                                          ->0msec
                                                     -> Cluster 20, loss : 1.32, accuracy 53.83%, model from round 34
                                                     ['0:58.70%', '1:72.10%', '2:28.10%', '3:37.20%', '4:47.50%', '5:44.90%', '6:65.40%', '7:63.60%', '8:65.00%', '9:55.80%']
                                                                                              <-> Client 0, global : from 53.83% to 45.19%, local : from 53.40% to 68.00%, training time : 8200msec
                                                     Cluster 20, round 1, loss : 1.56, accuracy 45.19% <-
                                                     Time past : 8200msec
                                                     ['0:34.70%', '1:55.40%', '2:20.30%', '3:60.60%', '4:59.00%', '5:33.20%', '6:30.40%', '7:27.70%', '8:71.80%', '9:58.80%']
                                          0msec<-
                                          ->0msec
                                                     -> Cluster 50, loss : 1.32, accuracy 53.83%, model from round 34
                                                     ['0:58.70%', '1:72.10%', '2:28.10%', '3:37.20%', '4:47.50%', '5:44.90%', '6:65.40%', '7:63.60%', '8:65.00%', '9:55.80%']
                                                                                              <-> Client 0, global : from 53.83% to 45.32%, local : from 56.60% to 79.80%, training time : 16200msec
                                                     Cluster 50, round 1, loss : 1.70, accuracy 45.32% <-
                                                     Time past : 16200msec
                                                     ['0:64.80%', '1:63.60%', '2:10.70%', '3:12.70%', '4:66.80%', '5:60.50%', '6:25.90%', '7:39.90%', '8:59.30%', '9:49.00%']
                                          0msec<-
Central server round 34, loss : 1.32, accuracy :54.09%
Time past: 550800msec
['0:59.80%', '1:63.10%', '2:31.40%', '3:40.40%', '4:50.30%', '5:43.60%', '6:59.40%', '7:61.50%', '8:68.20%', '9:63.20%']
                                          ->0msec
                                                     -> Cluster 96, loss : 1.32, accuracy 54.09%, model from round 35
                                                     ['0:59.80%', '1:63.10%', '2:31.40%', '3:40.40%', '4:50.30%', '5:43.60%', '6:59.40%', '7:61.50%', '8:68.20%', '9:63.20%']
                                                                                              <-> Client 0, global : from 54.09% to 46.03%, local : from 53.80% to 81.20%, training time : 16200msec
                                                     Cluster 96, round 1, loss : 1.69, accuracy 46.03% <-
                                                     Time past : 16200msec
                                                     ['0:40.20%', '1:84.60%', '2:15.60%', '3:24.60%', '4:38.90%', '5:30.90%', '6:71.50%', '7:66.40%', '8:64.40%', '9:23.20%']
                                          0msec<-
                                          ->0msec
                                                     -> Cluster 88, loss : 1.32, accuracy 54.09%, model from round 35
                                                     ['0:59.80%', '1:63.10%', '2:31.40%', '3:40.40%', '4:50.30%', '5:43.60%', '6:59.40%', '7:61.50%', '8:68.20%', '9:63.20%']
                                                                                              <-> Client 0, global : from 54.09% to 49.55%, local : from 56.00% to 92.00%, training time : 16200msec
                                                     Cluster 88, round 1, loss : 1.53, accuracy 49.55% <-
                                                     Time past : 16200msec
                                                     ['0:56.60%', '1:73.40%', '2:24.10%', '3:32.70%', '4:56.10%', '5:39.90%', '6:55.40%', '7:46.40%', '8:72.70%', '9:38.20%']
                                          0msec<-
                                          ->0msec
                                                     -> Cluster 51, loss : 1.32, accuracy 54.09%, model from round 35
                                                     ['0:59.80%', '1:63.10%', '2:31.40%', '3:40.40%', '4:50.30%', '5:43.60%', '6:59.40%', '7:61.50%', '8:68.20%', '9:63.20%']
                                                                                              <-> Client 0, global : from 54.09% to 46.51%, local : from 56.80% to 88.80%, training time : 16200msec
                                                     Cluster 51, round 1, loss : 1.64, accuracy 46.51% <-
                                                     Time past : 16200msec
                                                     ['0:41.40%', '1:44.40%', '2:28.30%', '3:34.40%', '4:31.20%', '5:47.50%', '6:62.10%', '7:60.50%', '8:55.60%', '9:59.70%']
                                          0msec<-
                                          ->0msec
                                                     -> Cluster 56, loss : 1.32, accuracy 54.09%, model from round 35
                                                     ['0:59.80%', '1:63.10%', '2:31.40%', '3:40.40%', '4:50.30%', '5:43.60%', '6:59.40%', '7:61.50%', '8:68.20%', '9:63.20%']
                                                                                              <-> Client 0, global : from 54.09% to 46.43%, local : from 61.40% to 86.60%, training time : 16200msec
                                                     Cluster 56, round 1, loss : 1.68, accuracy 46.43% <-
                                                     Time past : 16200msec
                                                     ['0:60.40%', '1:78.50%', '2:41.50%', '3:19.70%', '4:26.50%', '5:47.10%', '6:61.90%', '7:51.50%', '8:53.40%', '9:23.80%']
                                          0msec<-
                                          ->0msec
                                                     -> Cluster 23, loss : 1.32, accuracy 54.09%, model from round 35
                                                     ['0:59.80%', '1:63.10%', '2:31.40%', '3:40.40%', '4:50.30%', '5:43.60%', '6:59.40%', '7:61.50%', '8:68.20%', '9:63.20%']
                                                                                              <-> Client 0, global : from 54.09% to 49.55%, local : from 56.80% to 79.00%, training time : 8200msec
                                                     Cluster 23, round 1, loss : 1.47, accuracy 49.55% <-
                                                     Time past : 8200msec
                                                     ['0:64.30%', '1:75.80%', '2:48.10%', '3:35.50%', '4:34.50%', '5:28.80%', '6:68.40%', '7:52.60%', '8:58.30%', '9:29.20%']
                                          0msec<-
                                          ->0msec
                                                     -> Cluster 58, loss : 1.32, accuracy 54.09%, model from round 35
                                                     ['0:59.80%', '1:63.10%', '2:31.40%', '3:40.40%', '4:50.30%', '5:43.60%', '6:59.40%', '7:61.50%', '8:68.20%', '9:63.20%']
                                                                                              <-> Client 0, global : from 54.09% to 47.92%, local : from 56.00% to 87.00%, training time : 16200msec
                                                     Cluster 58, round 1, loss : 1.59, accuracy 47.92% <-
                                                     Time past : 16200msec
                                                     ['0:53.20%', '1:71.00%', '2:38.80%', '3:32.80%', '4:44.00%', '5:16.20%', '6:74.70%', '7:48.90%', '8:53.00%', '9:46.60%']
                                          0msec<-
                                          ->0msec
                                                     -> Cluster 4, loss : 1.32, accuracy 54.09%, model from round 35
                                                     ['0:59.80%', '1:63.10%', '2:31.40%', '3:40.40%', '4:50.30%', '5:43.60%', '6:59.40%', '7:61.50%', '8:68.20%', '9:63.20%']
                                                                                              <-> Client 0, global : from 54.09% to 46.23%, local : from 55.00% to 74.20%, training time : 8200msec
                                                     Cluster 4, round 1, loss : 1.57, accuracy 46.23% <-
                                                     Time past : 8200msec
                                                     ['0:57.70%', '1:46.20%', '2:33.10%', '3:38.90%', '4:24.10%', '5:27.00%', '6:75.90%', '7:29.80%', '8:50.50%', '9:79.10%']
                                          0msec<-
                                          ->0msec
                                                     -> Cluster 92, loss : 1.32, accuracy 54.09%, model from round 35
                                                     ['0:59.80%', '1:63.10%', '2:31.40%', '3:40.40%', '4:50.30%', '5:43.60%', '6:59.40%', '7:61.50%', '8:68.20%', '9:63.20%']
                                                                                              <-> Client 0, global : from 54.09% to 45.89%, local : from 55.80% to 84.20%, training time : 16200msec
                                                     Cluster 92, round 1, loss : 1.59, accuracy 45.89% <-
                                                     Time past : 16200msec
                                                     ['0:58.00%', '1:49.00%', '2:67.90%', '3:42.70%', '4:15.10%', '5:36.00%', '6:36.20%', '7:42.10%', '8:58.90%', '9:53.00%']
                                          0msec<-
                                          ->0msec
                                                     -> Cluster 32, loss : 1.32, accuracy 54.09%, model from round 35
                                                     ['0:59.80%', '1:63.10%', '2:31.40%', '3:40.40%', '4:50.30%', '5:43.60%', '6:59.40%', '7:61.50%', '8:68.20%', '9:63.20%']
                                                                                              <-> Client 0, global : from 54.09% to 50.43%, local : from 54.20% to 76.80%, training time : 8200msec
                                                     Cluster 32, round 1, loss : 1.43, accuracy 50.43% <-
                                                     Time past : 8200msec
                                                     ['0:64.90%', '1:50.10%', '2:41.60%', '3:43.00%', '4:21.60%', '5:31.90%', '6:62.40%', '7:63.30%', '8:61.80%', '9:63.70%']
                                          0msec<-
                                          ->0msec
                                                     -> Cluster 46, loss : 1.32, accuracy 54.09%, model from round 35
                                                     ['0:59.80%', '1:63.10%', '2:31.40%', '3:40.40%', '4:50.30%', '5:43.60%', '6:59.40%', '7:61.50%', '8:68.20%', '9:63.20%']
                                                                                              <-> Client 0, global : from 54.09% to 49.73%, local : from 53.60% to 77.60%, training time : 8200msec
                                                     Cluster 46, round 1, loss : 1.46, accuracy 49.73% <-
                                                     Time past : 8200msec
                                                     ['0:49.50%', '1:66.70%', '2:33.80%', '3:25.30%', '4:62.80%', '5:34.10%', '6:55.10%', '7:52.40%', '8:72.50%', '9:45.10%']
                                          0msec<-
Central server round 35, loss : 1.32, accuracy :54.00%
Time past: 567000msec
['0:60.20%', '1:70.70%', '2:39.50%', '3:36.00%', '4:41.50%', '5:35.60%', '6:74.00%', '7:58.80%', '8:69.80%', '9:53.90%']
                                          ->0msec
                                                     -> Cluster 58, loss : 1.32, accuracy 54.00%, model from round 36
                                                     ['0:60.20%', '1:70.70%', '2:39.50%', '3:36.00%', '4:41.50%', '5:35.60%', '6:74.00%', '7:58.80%', '8:69.80%', '9:53.90%']
                                                                                              <-> Client 0, global : from 54.00% to 45.82%, local : from 58.80% to 85.80%, training time : 16200msec
                                                     Cluster 58, round 1, loss : 1.76, accuracy 45.82% <-
                                                     Time past : 16200msec
                                                     ['0:55.30%', '1:61.90%', '2:11.90%', '3:18.30%', '4:55.10%', '5:49.90%', '6:35.60%', '7:60.40%', '8:40.80%', '9:69.00%']
                                          0msec<-
                                          ->0msec
                                                     -> Cluster 68, loss : 1.32, accuracy 54.00%, model from round 36
                                                     ['0:60.20%', '1:70.70%', '2:39.50%', '3:36.00%', '4:41.50%', '5:35.60%', '6:74.00%', '7:58.80%', '8:69.80%', '9:53.90%']
                                                                                              <-> Client 0, global : from 54.00% to 48.65%, local : from 58.60% to 93.40%, training time : 16200msec
                                                     Cluster 68, round 1, loss : 1.62, accuracy 48.65% <-
                                                     Time past : 16200msec
                                                     ['0:45.00%', '1:64.40%', '2:33.70%', '3:35.10%', '4:42.60%', '5:50.00%', '6:40.70%', '7:48.10%', '8:70.30%', '9:56.60%']
                                          0msec<-
                                          ->0msec
                                                     -> Cluster 24, loss : 1.32, accuracy 54.00%, model from round 36
                                                     ['0:60.20%', '1:70.70%', '2:39.50%', '3:36.00%', '4:41.50%', '5:35.60%', '6:74.00%', '7:58.80%', '8:69.80%', '9:53.90%']
                                                                                              <-> Client 0, global : from 54.00% to 47.22%, local : from 55.40% to 75.00%, training time : 8200msec
                                                     Cluster 24, round 1, loss : 1.55, accuracy 47.22% <-
                                                     Time past : 8200msec
                                                     ['0:46.60%', '1:55.00%', '2:41.60%', '3:10.30%', '4:21.70%', '5:68.50%', '6:43.50%', '7:70.80%', '8:47.80%', '9:66.40%']
                                          0msec<-
                                          ->0msec
                                                     -> Cluster 20, loss : 1.32, accuracy 54.00%, model from round 36
                                                     ['0:60.20%', '1:70.70%', '2:39.50%', '3:36.00%', '4:41.50%', '5:35.60%', '6:74.00%', '7:58.80%', '8:69.80%', '9:53.90%']
                                                                                              <-> Client 0, global : from 54.00% to 47.81%, local : from 55.40% to 75.60%, training time : 8200msec
                                                     Cluster 20, round 1, loss : 1.50, accuracy 47.81% <-
                                                     Time past : 8200msec
                                                     ['0:71.10%', '1:66.20%', '2:27.80%', '3:51.40%', '4:37.60%', '5:36.30%', '6:31.70%', '7:50.00%', '8:62.60%', '9:43.40%']
                                          0msec<-
                                          ->0msec
                                                     -> Cluster 26, loss : 1.32, accuracy 54.00%, model from round 36
                                                     ['0:60.20%', '1:70.70%', '2:39.50%', '3:36.00%', '4:41.50%', '5:35.60%', '6:74.00%', '7:58.80%', '8:69.80%', '9:53.90%']
                                                                                              <-> Client 0, global : from 54.00% to 48.37%, local : from 57.20% to 76.40%, training time : 8200msec
                                                     Cluster 26, round 1, loss : 1.50, accuracy 48.37% <-
                                                     Time past : 8200msec
                                                     ['0:26.50%', '1:53.70%', '2:30.70%', '3:25.20%', '4:30.00%', '5:41.10%', '6:81.10%', '7:70.60%', '8:75.20%', '9:49.60%']
                                          0msec<-
                                          ->0msec
                                                     -> Cluster 2, loss : 1.32, accuracy 54.00%, model from round 36
                                                     ['0:60.20%', '1:70.70%', '2:39.50%', '3:36.00%', '4:41.50%', '5:35.60%', '6:74.00%', '7:58.80%', '8:69.80%', '9:53.90%']
                                                                                              <-> Client 0, global : from 54.00% to 42.87%, local : from 51.80% to 66.80%, training time : 8200msec
                                                     Cluster 2, round 1, loss : 1.68, accuracy 42.87% <-
                                                     Time past : 8200msec
                                                     ['0:24.60%', '1:63.40%', '2:32.70%', '3:32.80%', '4:7.40%', '5:17.20%', '6:89.30%', '7:33.40%', '8:74.00%', '9:53.90%']
                                          0msec<-
                                          ->0msec
                                                     -> Cluster 21, loss : 1.32, accuracy 54.00%, model from round 36
                                                     ['0:60.20%', '1:70.70%', '2:39.50%', '3:36.00%', '4:41.50%', '5:35.60%', '6:74.00%', '7:58.80%', '8:69.80%', '9:53.90%']
                                                                                              <-> Client 0, global : from 54.00% to 49.07%, local : from 54.20% to 78.20%, training time : 8200msec
                                                     Cluster 21, round 1, loss : 1.45, accuracy 49.07% <-
                                                     Time past : 8200msec
                                                     ['0:56.30%', '1:57.60%', '2:53.10%', '3:47.70%', '4:22.10%', '5:28.30%', '6:49.90%', '7:60.40%', '8:48.90%', '9:66.40%']
                                          0msec<-
                                          ->0msec
                                                     -> Cluster 74, loss : 1.32, accuracy 54.00%, model from round 36
                                                     ['0:60.20%', '1:70.70%', '2:39.50%', '3:36.00%', '4:41.50%', '5:35.60%', '6:74.00%', '7:58.80%', '8:69.80%', '9:53.90%']
                                                                                              <-> Client 0, global : from 54.00% to 46.55%, local : from 59.20% to 88.00%, training time : 16200msec
                                                     Cluster 74, round 1, loss : 1.65, accuracy 46.55% <-
                                                     Time past : 16200msec
                                                     ['0:37.90%', '1:59.20%', '2:37.30%', '3:43.70%', '4:26.30%', '5:48.90%', '6:33.40%', '7:55.50%', '8:55.30%', '9:68.00%']
                                          0msec<-
                                          ->0msec
                                                     -> Cluster 51, loss : 1.32, accuracy 54.00%, model from round 36
                                                     ['0:60.20%', '1:70.70%', '2:39.50%', '3:36.00%', '4:41.50%', '5:35.60%', '6:74.00%', '7:58.80%', '8:69.80%', '9:53.90%']
                                                                                              <-> Client 0, global : from 54.00% to 44.23%, local : from 59.80% to 90.00%, training time : 16200msec
                                                     Cluster 51, round 1, loss : 1.74, accuracy 44.23% <-
                                                     Time past : 16200msec
                                                     ['0:42.40%', '1:41.70%', '2:44.10%', '3:52.50%', '4:40.10%', '5:24.80%', '6:39.20%', '7:56.00%', '8:39.20%', '9:62.30%']
                                          0msec<-
                                          ->0msec
                                                     -> Cluster 64, loss : 1.32, accuracy 54.00%, model from round 36
                                                     ['0:60.20%', '1:70.70%', '2:39.50%', '3:36.00%', '4:41.50%', '5:35.60%', '6:74.00%', '7:58.80%', '8:69.80%', '9:53.90%']
                                                                                              <-> Client 0, global : from 54.00% to 48.61%, local : from 60.00% to 89.40%, training time : 16200msec
                                                     Cluster 64, round 1, loss : 1.61, accuracy 48.61% <-
                                                     Time past : 16200msec
                                                     ['0:58.40%', '1:52.30%', '2:35.30%', '3:65.40%', '4:34.60%', '5:11.30%', '6:53.80%', '7:59.80%', '8:54.60%', '9:60.60%']
                                          0msec<-
Central server round 36, loss : 1.32, accuracy :54.84%
Time past: 583200msec
['0:56.90%', '1:63.90%', '2:39.60%', '3:43.00%', '4:40.90%', '5:42.60%', '6:65.00%', '7:63.90%', '8:67.30%', '9:65.30%']
                                          ->0msec
                                                     -> Cluster 51, loss : 1.32, accuracy 54.84%, model from round 37
                                                     ['0:56.90%', '1:63.90%', '2:39.60%', '3:43.00%', '4:40.90%', '5:42.60%', '6:65.00%', '7:63.90%', '8:67.30%', '9:65.30%']
                                                                                              <-> Client 0, global : from 54.84% to 47.77%, local : from 64.60% to 94.60%, training time : 16200msec
                                                     Cluster 51, round 1, loss : 1.67, accuracy 47.77% <-
                                                     Time past : 16200msec
                                                     ['0:65.90%', '1:67.70%', '2:29.00%', '3:44.60%', '4:37.60%', '5:20.90%', '6:56.10%', '7:50.60%', '8:58.40%', '9:46.90%']
                                          0msec<-
                                          ->0msec
                                                     -> Cluster 57, loss : 1.32, accuracy 54.84%, model from round 37
                                                     ['0:56.90%', '1:63.90%', '2:39.60%', '3:43.00%', '4:40.90%', '5:42.60%', '6:65.00%', '7:63.90%', '8:67.30%', '9:65.30%']
                                                                                              <-> Client 0, global : from 54.84% to 46.83%, local : from 58.60% to 86.40%, training time : 16200msec
                                                     Cluster 57, round 1, loss : 1.68, accuracy 46.83% <-
                                                     Time past : 16200msec
                                                     ['0:28.90%', '1:51.30%', '2:24.30%', '3:29.00%', '4:42.30%', '5:20.00%', '6:76.20%', '7:59.30%', '8:82.50%', '9:54.50%']
                                          0msec<-
                                          ->0msec
                                                     -> Cluster 40, loss : 1.32, accuracy 54.84%, model from round 37
                                                     ['0:56.90%', '1:63.90%', '2:39.60%', '3:43.00%', '4:40.90%', '5:42.60%', '6:65.00%', '7:63.90%', '8:67.30%', '9:65.30%']
                                                                                              <-> Client 0, global : from 54.84% to 47.20%, local : from 56.20% to 79.20%, training time : 8200msec
                                                     Cluster 40, round 1, loss : 1.54, accuracy 47.20% <-
                                                     Time past : 8200msec
                                                     ['0:75.00%', '1:54.70%', '2:20.80%', '3:23.40%', '4:69.20%', '5:36.60%', '6:41.80%', '7:52.30%', '8:53.70%', '9:44.50%']
                                          0msec<-
                                          ->0msec
                                                     -> Cluster 52, loss : 1.32, accuracy 54.84%, model from round 37
                                                     ['0:56.90%', '1:63.90%', '2:39.60%', '3:43.00%', '4:40.90%', '5:42.60%', '6:65.00%', '7:63.90%', '8:67.30%', '9:65.30%']
                                                                                              <-> Client 0, global : from 54.84% to 49.54%, local : from 57.00% to 94.20%, training time : 16200msec
                                                     Cluster 52, round 1, loss : 1.52, accuracy 49.54% <-
                                                     Time past : 16200msec
                                                     ['0:52.60%', '1:61.30%', '2:33.90%', '3:44.20%', '4:48.60%', '5:26.60%', '6:59.50%', '7:62.70%', '8:58.40%', '9:47.60%']
                                          0msec<-
                                          ->0msec
                                                     -> Cluster 4, loss : 1.32, accuracy 54.84%, model from round 37
                                                     ['0:56.90%', '1:63.90%', '2:39.60%', '3:43.00%', '4:40.90%', '5:42.60%', '6:65.00%', '7:63.90%', '8:67.30%', '9:65.30%']
                                                                                              <-> Client 0, global : from 54.84% to 48.09%, local : from 54.60% to 79.20%, training time : 8200msec
                                                     Cluster 4, round 1, loss : 1.52, accuracy 48.09% <-
                                                     Time past : 8200msec
                                                     ['0:40.80%', '1:58.30%', '2:38.60%', '3:29.80%', '4:48.00%', '5:36.70%', '6:75.30%', '7:48.10%', '8:48.10%', '9:57.20%']
                                          0msec<-
                                          ->0msec
                                                     -> Cluster 90, loss : 1.32, accuracy 54.84%, model from round 37
                                                     ['0:56.90%', '1:63.90%', '2:39.60%', '3:43.00%', '4:40.90%', '5:42.60%', '6:65.00%', '7:63.90%', '8:67.30%', '9:65.30%']
                                                                                              <-> Client 0, global : from 54.84% to 44.74%, local : from 58.00% to 80.80%, training time : 16200msec
                                                     Cluster 90, round 1, loss : 1.83, accuracy 44.74% <-
                                                     Time past : 16200msec
                                                     ['0:71.50%', '1:66.30%', '2:47.50%', '3:35.60%', '4:16.40%', '5:22.50%', '6:56.50%', '7:78.10%', '8:18.80%', '9:34.20%']
                                          0msec<-
                                          ->0msec
                                                     -> Cluster 91, loss : 1.32, accuracy 54.84%, model from round 37
                                                     ['0:56.90%', '1:63.90%', '2:39.60%', '3:43.00%', '4:40.90%', '5:42.60%', '6:65.00%', '7:63.90%', '8:67.30%', '9:65.30%']
                                                                                              <-> Client 0, global : from 54.84% to 47.22%, local : from 55.20% to 91.80%, training time : 16200msec
                                                     Cluster 91, round 1, loss : 1.61, accuracy 47.22% <-
                                                     Time past : 16200msec
                                                     ['0:53.90%', '1:60.60%', '2:25.70%', '3:39.90%', '4:23.30%', '5:36.10%', '6:56.80%', '7:71.20%', '8:47.00%', '9:57.70%']
                                          0msec<-
                                          ->0msec
                                                     -> Cluster 6, loss : 1.32, accuracy 54.84%, model from round 37
                                                     ['0:56.90%', '1:63.90%', '2:39.60%', '3:43.00%', '4:40.90%', '5:42.60%', '6:65.00%', '7:63.90%', '8:67.30%', '9:65.30%']
                                                                                              <-> Client 0, global : from 54.84% to 42.92%, local : from 55.00% to 69.60%, training time : 8200msec
                                                     Cluster 6, round 1, loss : 1.70, accuracy 42.92% <-
                                                     Time past : 8200msec
                                                     ['0:67.90%', '1:51.10%', '2:21.60%', '3:10.30%', '4:72.80%', '5:58.60%', '6:54.10%', '7:36.80%', '8:12.00%', '9:44.00%']
                                          0msec<-
                                          ->0msec
                                                     -> Cluster 30, loss : 1.32, accuracy 54.84%, model from round 37
                                                     ['0:56.90%', '1:63.90%', '2:39.60%', '3:43.00%', '4:40.90%', '5:42.60%', '6:65.00%', '7:63.90%', '8:67.30%', '9:65.30%']
                                                                                              <-> Client 0, global : from 54.84% to 44.59%, local : from 53.40% to 74.20%, training time : 8200msec
                                                     Cluster 30, round 1, loss : 1.68, accuracy 44.59% <-
                                                     Time past : 8200msec
                                                     ['0:51.30%', '1:77.00%', '2:55.40%', '3:17.50%', '4:29.00%', '5:56.50%', '6:26.00%', '7:19.90%', '8:57.80%', '9:55.50%']
                                          0msec<-
                                          ->0msec
                                                     -> Cluster 5, loss : 1.32, accuracy 54.84%, model from round 37
                                                     ['0:56.90%', '1:63.90%', '2:39.60%', '3:43.00%', '4:40.90%', '5:42.60%', '6:65.00%', '7:63.90%', '8:67.30%', '9:65.30%']
                                                                                              <-> Client 0, global : from 54.84% to 49.36%, local : from 57.40% to 82.60%, training time : 8200msec
                                                     Cluster 5, round 1, loss : 1.50, accuracy 49.36% <-
                                                     Time past : 8200msec
                                                     ['0:62.80%', '1:53.30%', '2:32.10%', '3:12.00%', '4:31.90%', '5:60.50%', '6:69.90%', '7:66.20%', '8:50.30%', '9:54.60%']
                                          0msec<-
Central server round 37, loss : 1.30, accuracy :54.92%
Time past: 599400msec
['0:65.80%', '1:67.20%', '2:37.80%', '3:33.50%', '4:51.30%', '5:42.20%', '6:68.10%', '7:62.50%', '8:62.20%', '9:58.60%']
                                          ->0msec
                                                     -> Cluster 42, loss : 1.30, accuracy 54.92%, model from round 38
                                                     ['0:65.80%', '1:67.20%', '2:37.80%', '3:33.50%', '4:51.30%', '5:42.20%', '6:68.10%', '7:62.50%', '8:62.20%', '9:58.60%']
                                                                                              <-> Client 0, global : from 54.92% to 51.32%, local : from 55.60% to 82.80%, training time : 8200msec
                                                     Cluster 42, round 1, loss : 1.43, accuracy 51.32% <-
                                                     Time past : 8200msec
                                                     ['0:67.10%', '1:65.40%', '2:28.50%', '3:37.80%', '4:35.70%', '5:38.70%', '6:62.80%', '7:53.50%', '8:63.60%', '9:60.10%']
                                          0msec<-
                                          ->0msec
                                                     -> Cluster 79, loss : 1.30, accuracy 54.92%, model from round 38
                                                     ['0:65.80%', '1:67.20%', '2:37.80%', '3:33.50%', '4:51.30%', '5:42.20%', '6:68.10%', '7:62.50%', '8:62.20%', '9:58.60%']
                                                                                              <-> Client 0, global : from 54.92% to 47.87%, local : from 50.60% to 91.80%, training time : 16200msec
                                                     Cluster 79, round 1, loss : 1.59, accuracy 47.87% <-
                                                     Time past : 16200msec
                                                     ['0:46.60%', '1:72.90%', '2:31.10%', '3:39.60%', '4:34.10%', '5:33.90%', '6:52.30%', '7:58.20%', '8:76.70%', '9:33.30%']
                                          0msec<-
                                          ->0msec
                                                     -> Cluster 14, loss : 1.30, accuracy 54.92%, model from round 38
                                                     ['0:65.80%', '1:67.20%', '2:37.80%', '3:33.50%', '4:51.30%', '5:42.20%', '6:68.10%', '7:62.50%', '8:62.20%', '9:58.60%']
                                                                                              <-> Client 0, global : from 54.92% to 48.62%, local : from 58.40% to 79.00%, training time : 8200msec
                                                     Cluster 14, round 1, loss : 1.52, accuracy 48.62% <-
                                                     Time past : 8200msec
                                                     ['0:75.50%', '1:44.10%', '2:42.70%', '3:16.80%', '4:31.00%', '5:44.40%', '6:67.60%', '7:69.00%', '8:38.10%', '9:57.00%']
                                          0msec<-
                                          ->0msec
                                                     -> Cluster 44, loss : 1.30, accuracy 54.92%, model from round 38
                                                     ['0:65.80%', '1:67.20%', '2:37.80%', '3:33.50%', '4:51.30%', '5:42.20%', '6:68.10%', '7:62.50%', '8:62.20%', '9:58.60%']
                                                                                              <-> Client 0, global : from 54.92% to 51.29%, local : from 55.00% to 84.20%, training time : 8200msec
                                                     Cluster 44, round 1, loss : 1.41, accuracy 51.29% <-
                                                     Time past : 8200msec
                                                     ['0:67.00%', '1:69.10%', '2:34.20%', '3:41.80%', '4:41.90%', '5:54.70%', '6:47.10%', '7:59.00%', '8:56.10%', '9:42.00%']
                                          0msec<-
                                          ->0msec
                                                     -> Cluster 15, loss : 1.30, accuracy 54.92%, model from round 38
                                                     ['0:65.80%', '1:67.20%', '2:37.80%', '3:33.50%', '4:51.30%', '5:42.20%', '6:68.10%', '7:62.50%', '8:62.20%', '9:58.60%']
                                                                                              <-> Client 0, global : from 54.92% to 47.39%, local : from 59.80% to 80.60%, training time : 8200msec
                                                     Cluster 15, round 1, loss : 1.58, accuracy 47.39% <-
                                                     Time past : 8200msec
                                                     ['0:49.70%', '1:78.70%', '2:33.40%', '3:36.20%', '4:17.00%', '5:59.60%', '6:36.50%', '7:68.80%', '8:48.00%', '9:46.00%']
                                          0msec<-
                                          ->0msec
                                                     -> Cluster 76, loss : 1.30, accuracy 54.92%, model from round 38
                                                     ['0:65.80%', '1:67.20%', '2:37.80%', '3:33.50%', '4:51.30%', '5:42.20%', '6:68.10%', '7:62.50%', '8:62.20%', '9:58.60%']
                                                                                              <-> Client 0, global : from 54.92% to 48.39%, local : from 56.20% to 93.40%, training time : 16200msec
                                                     Cluster 76, round 1, loss : 1.63, accuracy 48.39% <-
                                                     Time past : 16200msec
                                                     ['0:45.10%', '1:55.00%', '2:28.70%', '3:36.30%', '4:49.20%', '5:19.90%', '6:59.70%', '7:65.50%', '8:71.20%', '9:53.30%']
                                          0msec<-
                                          ->0msec
                                                     -> Cluster 6, loss : 1.30, accuracy 54.92%, model from round 38
                                                     ['0:65.80%', '1:67.20%', '2:37.80%', '3:33.50%', '4:51.30%', '5:42.20%', '6:68.10%', '7:62.50%', '8:62.20%', '9:58.60%']
                                                                                              <-> Client 0, global : from 54.92% to 49.71%, local : from 57.00% to 81.40%, training time : 8200msec
                                                     Cluster 6, round 1, loss : 1.47, accuracy 49.71% <-
                                                     Time past : 8200msec
                                                     ['0:63.90%', '1:60.00%', '2:25.30%', '3:22.80%', '4:63.50%', '5:30.50%', '6:55.90%', '7:60.80%', '8:56.10%', '9:58.30%']
                                          0msec<-
                                          ->0msec
                                                     -> Cluster 93, loss : 1.30, accuracy 54.92%, model from round 38
                                                     ['0:65.80%', '1:67.20%', '2:37.80%', '3:33.50%', '4:51.30%', '5:42.20%', '6:68.10%', '7:62.50%', '8:62.20%', '9:58.60%']
                                                                                              <-> Client 0, global : from 54.92% to 44.71%, local : from 59.20% to 79.80%, training time : 16200msec
                                                     Cluster 93, round 1, loss : 1.80, accuracy 44.71% <-
                                                     Time past : 16200msec
                                                     ['0:53.00%', '1:54.00%', '2:21.10%', '3:82.90%', '4:14.40%', '5:11.40%', '6:44.60%', '7:54.30%', '8:62.60%', '9:48.80%']
                                          0msec<-
                                          ->0msec
                                                     -> Cluster 37, loss : 1.30, accuracy 54.92%, model from round 38
                                                     ['0:65.80%', '1:67.20%', '2:37.80%', '3:33.50%', '4:51.30%', '5:42.20%', '6:68.10%', '7:62.50%', '8:62.20%', '9:58.60%']
                                                                                              <-> Client 0, global : from 54.92% to 49.92%, local : from 53.00% to 79.80%, training time : 8200msec
                                                     Cluster 37, round 1, loss : 1.43, accuracy 49.92% <-
                                                     Time past : 8200msec
                                                     ['0:31.30%', '1:43.50%', '2:48.70%', '3:29.30%', '4:49.30%', '5:45.40%', '6:57.00%', '7:56.60%', '8:76.10%', '9:62.00%']
                                          0msec<-
                                          ->0msec
                                                     -> Cluster 35, loss : 1.30, accuracy 54.92%, model from round 38
                                                     ['0:65.80%', '1:67.20%', '2:37.80%', '3:33.50%', '4:51.30%', '5:42.20%', '6:68.10%', '7:62.50%', '8:62.20%', '9:58.60%']
                                                                                              <-> Client 0, global : from 54.92% to 45.84%, local : from 51.80% to 70.20%, training time : 8200msec
                                                     Cluster 35, round 1, loss : 1.62, accuracy 45.84% <-
                                                     Time past : 8200msec
                                                     ['0:29.60%', '1:32.10%', '2:24.40%', '3:49.30%', '4:66.00%', '5:43.60%', '6:34.20%', '7:49.40%', '8:61.00%', '9:68.80%']
                                          0msec<-
Central server round 38, loss : 1.28, accuracy :55.37%
Time past: 615600msec
['0:59.60%', '1:63.30%', '2:37.50%', '3:45.00%', '4:47.80%', '5:39.40%', '6:64.40%', '7:67.00%', '8:70.00%', '9:59.70%']
                                          ->0msec
                                                     -> Cluster 7, loss : 1.28, accuracy 55.37%, model from round 39
                                                     ['0:59.60%', '1:63.30%', '2:37.50%', '3:45.00%', '4:47.80%', '5:39.40%', '6:64.40%', '7:67.00%', '8:70.00%', '9:59.70%']
                                                                                              <-> Client 0, global : from 55.37% to 47.57%, local : from 54.60% to 75.60%, training time : 8200msec
                                                     Cluster 7, round 1, loss : 1.56, accuracy 47.57% <-
                                                     Time past : 8200msec
                                                     ['0:72.60%', '1:63.10%', '2:37.60%', '3:15.10%', '4:18.60%', '5:39.30%', '6:75.10%', '7:38.80%', '8:66.90%', '9:48.60%']
                                          0msec<-
                                          ->0msec
                                                     -> Cluster 87, loss : 1.28, accuracy 55.37%, model from round 39
                                                     ['0:59.60%', '1:63.30%', '2:37.50%', '3:45.00%', '4:47.80%', '5:39.40%', '6:64.40%', '7:67.00%', '8:70.00%', '9:59.70%']
                                                                                              <-> Client 0, global : from 55.37% to 48.31%, local : from 59.80% to 93.80%, training time : 16200msec
                                                     Cluster 87, round 1, loss : 1.60, accuracy 48.31% <-
                                                     Time past : 16200msec
                                                     ['0:67.00%', '1:48.90%', '2:31.50%', '3:37.20%', '4:64.00%', '5:27.40%', '6:50.10%', '7:48.70%', '8:42.40%', '9:65.90%']
                                          0msec<-
                                          ->0msec
                                                     -> Cluster 55, loss : 1.28, accuracy 55.37%, model from round 39
                                                     ['0:59.60%', '1:63.30%', '2:37.50%', '3:45.00%', '4:47.80%', '5:39.40%', '6:64.40%', '7:67.00%', '8:70.00%', '9:59.70%']
                                                                                              <-> Client 0, global : from 55.37% to 48.47%, local : from 53.80% to 90.20%, training time : 16200msec
                                                     Cluster 55, round 1, loss : 1.68, accuracy 48.47% <-
                                                     Time past : 16200msec
                                                     ['0:69.50%', '1:46.10%', '2:34.30%', '3:9.70%', '4:37.80%', '5:64.70%', '6:42.80%', '7:66.70%', '8:58.20%', '9:54.90%']
                                          0msec<-
                                          ->0msec
                                                     -> Cluster 11, loss : 1.28, accuracy 55.37%, model from round 39
                                                     ['0:59.60%', '1:63.30%', '2:37.50%', '3:45.00%', '4:47.80%', '5:39.40%', '6:64.40%', '7:67.00%', '8:70.00%', '9:59.70%']
                                                                                              <-> Client 0, global : from 55.37% to 50.70%, local : from 55.00% to 80.40%, training time : 8200msec
                                                     Cluster 11, round 1, loss : 1.46, accuracy 50.70% <-
                                                     Time past : 8200msec
                                                     ['0:70.00%', '1:73.30%', '2:21.40%', '3:26.60%', '4:51.80%', '5:45.40%', '6:55.20%', '7:72.10%', '8:56.30%', '9:34.90%']
                                          0msec<-
                                          ->0msec
                                                     -> Cluster 75, loss : 1.28, accuracy 55.37%, model from round 39
                                                     ['0:59.60%', '1:63.30%', '2:37.50%', '3:45.00%', '4:47.80%', '5:39.40%', '6:64.40%', '7:67.00%', '8:70.00%', '9:59.70%']
                                                                                              <-> Client 0, global : from 55.37% to 47.37%, local : from 53.40% to 90.20%, training time : 16200msec
                                                     Cluster 75, round 1, loss : 1.69, accuracy 47.37% <-
                                                     Time past : 16200msec
                                                     ['0:46.00%', '1:73.60%', '2:16.30%', '3:14.40%', '4:41.30%', '5:44.30%', '6:65.60%', '7:79.90%', '8:58.20%', '9:34.10%']
                                          0msec<-
                                          ->0msec
                                                     -> Cluster 79, loss : 1.28, accuracy 55.37%, model from round 39
                                                     ['0:59.60%', '1:63.30%', '2:37.50%', '3:45.00%', '4:47.80%', '5:39.40%', '6:64.40%', '7:67.00%', '8:70.00%', '9:59.70%']
                                                                                              <-> Client 0, global : from 55.37% to 48.78%, local : from 55.80% to 92.40%, training time : 16200msec
                                                     Cluster 79, round 1, loss : 1.62, accuracy 48.78% <-
                                                     Time past : 16200msec
                                                     ['0:60.90%', '1:64.90%', '2:45.30%', '3:40.30%', '4:39.80%', '5:30.00%', '6:53.30%', '7:40.40%', '8:61.40%', '9:51.50%']
                                          0msec<-
                                          ->0msec
                                                     -> Cluster 0, loss : 1.28, accuracy 55.37%, model from round 39
                                                     ['0:59.60%', '1:63.30%', '2:37.50%', '3:45.00%', '4:47.80%', '5:39.40%', '6:64.40%', '7:67.00%', '8:70.00%', '9:59.70%']
                                                                                              <-> Client 0, global : from 55.37% to 51.32%, local : from 51.80% to 81.60%, training time : 8200msec
                                                     Cluster 0, round 1, loss : 1.40, accuracy 51.32% <-
                                                     Time past : 8200msec
                                                     ['0:65.90%', '1:56.30%', '2:37.60%', '3:36.30%', '4:44.60%', '5:47.50%', '6:46.10%', '7:56.80%', '8:62.60%', '9:59.50%']
                                          0msec<-
                                          ->0msec
                                                     -> Cluster 13, loss : 1.28, accuracy 55.37%, model from round 39
                                                     ['0:59.60%', '1:63.30%', '2:37.50%', '3:45.00%', '4:47.80%', '5:39.40%', '6:64.40%', '7:67.00%', '8:70.00%', '9:59.70%']
                                                                                              <-> Client 0, global : from 55.37% to 50.24%, local : from 54.40% to 85.20%, training time : 8200msec
                                                     Cluster 13, round 1, loss : 1.47, accuracy 50.24% <-
                                                     Time past : 8200msec
                                                     ['0:68.40%', '1:57.90%', '2:48.40%', '3:28.10%', '4:47.50%', '5:36.00%', '6:48.10%', '7:56.70%', '8:55.90%', '9:55.40%']
                                          0msec<-
                                          ->0msec
                                                     -> Cluster 3, loss : 1.28, accuracy 55.37%, model from round 39
                                                     ['0:59.60%', '1:63.30%', '2:37.50%', '3:45.00%', '4:47.80%', '5:39.40%', '6:64.40%', '7:67.00%', '8:70.00%', '9:59.70%']
                                                                                              <-> Client 0, global : from 55.37% to 48.77%, local : from 55.80% to 76.00%, training time : 8200msec
                                                     Cluster 3, round 1, loss : 1.51, accuracy 48.77% <-
                                                     Time past : 8200msec
                                                     ['0:34.80%', '1:58.60%', '2:22.20%', '3:15.60%', '4:62.70%', '5:41.30%', '6:63.40%', '7:50.00%', '8:82.50%', '9:56.60%']
                                          0msec<-
                                          ->0msec
                                                     -> Cluster 2, loss : 1.28, accuracy 55.37%, model from round 39
                                                     ['0:59.60%', '1:63.30%', '2:37.50%', '3:45.00%', '4:47.80%', '5:39.40%', '6:64.40%', '7:67.00%', '8:70.00%', '9:59.70%']
                                                                                              <-> Client 0, global : from 55.37% to 48.38%, local : from 54.80% to 77.80%, training time : 8200msec
                                                     Cluster 2, round 1, loss : 1.56, accuracy 48.38% <-
                                                     Time past : 8200msec
                                                     ['0:64.90%', '1:60.10%', '2:35.70%', '3:33.10%', '4:62.90%', '5:17.50%', '6:59.60%', '7:39.60%', '8:63.10%', '9:47.30%']
                                          0msec<-
Central server round 39, loss : 1.29, accuracy :55.06%
Time past: 631800msec
['0:65.50%', '1:66.80%', '2:35.20%', '3:27.30%', '4:54.80%', '5:43.60%', '6:67.90%', '7:62.40%', '8:70.50%', '9:56.60%']
                                          ->0msec
                                                     -> Cluster 44, loss : 1.29, accuracy 55.06%, model from round 40
                                                     ['0:65.50%', '1:66.80%', '2:35.20%', '3:27.30%', '4:54.80%', '5:43.60%', '6:67.90%', '7:62.40%', '8:70.50%', '9:56.60%']
                                                                                              <-> Client 0, global : from 55.06% to 50.66%, local : from 58.40% to 83.20%, training time : 8200msec
                                                     Cluster 44, round 1, loss : 1.46, accuracy 50.66% <-
                                                     Time past : 8200msec
                                                     ['0:65.00%', '1:53.00%', '2:23.70%', '3:57.40%', '4:58.50%', '5:21.90%', '6:54.60%', '7:39.80%', '8:70.90%', '9:61.80%']
                                          0msec<-
                                          ->0msec
                                                     -> Cluster 84, loss : 1.29, accuracy 55.06%, model from round 40
                                                     ['0:65.50%', '1:66.80%', '2:35.20%', '3:27.30%', '4:54.80%', '5:43.60%', '6:67.90%', '7:62.40%', '8:70.50%', '9:56.60%']
                                                                                              <-> Client 0, global : from 55.06% to 47.71%, local : from 55.80% to 94.40%, training time : 16200msec
                                                     Cluster 84, round 1, loss : 1.67, accuracy 47.71% <-
                                                     Time past : 16200msec
                                                     ['0:45.20%', '1:52.90%', '2:23.40%', '3:36.10%', '4:63.60%', '5:37.70%', '6:46.40%', '7:49.00%', '8:68.70%', '9:54.10%']
                                          0msec<-
                                          ->0msec
                                                     -> Cluster 4, loss : 1.29, accuracy 55.06%, model from round 40
                                                     ['0:65.50%', '1:66.80%', '2:35.20%', '3:27.30%', '4:54.80%', '5:43.60%', '6:67.90%', '7:62.40%', '8:70.50%', '9:56.60%']
                                                                                              <-> Client 0, global : from 55.06% to 47.46%, local : from 56.20% to 82.60%, training time : 8200msec
                                                     Cluster 4, round 1, loss : 1.60, accuracy 47.46% <-
                                                     Time past : 8200msec
                                                     ['0:51.70%', '1:33.40%', '2:23.80%', '3:48.90%', '4:24.70%', '5:43.30%', '6:68.00%', '7:36.70%', '8:63.00%', '9:81.10%']
                                          0msec<-
                                          ->0msec
                                                     -> Cluster 48, loss : 1.29, accuracy 55.06%, model from round 40
                                                     ['0:65.50%', '1:66.80%', '2:35.20%', '3:27.30%', '4:54.80%', '5:43.60%', '6:67.90%', '7:62.40%', '8:70.50%', '9:56.60%']
                                                                                              <-> Client 0, global : from 55.06% to 47.83%, local : from 53.40% to 75.20%, training time : 8200msec
                                                     Cluster 48, round 1, loss : 1.56, accuracy 47.83% <-
                                                     Time past : 8200msec
                                                     ['0:78.80%', '1:68.50%', '2:53.20%', '3:20.20%', '4:24.40%', '5:24.20%', '6:66.80%', '7:46.00%', '8:53.80%', '9:42.40%']
                                          0msec<-
                                          ->0msec
                                                     -> Cluster 39, loss : 1.29, accuracy 55.06%, model from round 40
                                                     ['0:65.50%', '1:66.80%', '2:35.20%', '3:27.30%', '4:54.80%', '5:43.60%', '6:67.90%', '7:62.40%', '8:70.50%', '9:56.60%']
                                                                                              <-> Client 0, global : from 55.06% to 48.98%, local : from 55.60% to 74.20%, training time : 8200msec
                                                     Cluster 39, round 1, loss : 1.49, accuracy 48.98% <-
                                                     Time past : 8200msec
                                                     ['0:37.60%', '1:75.80%', '2:31.30%', '3:54.80%', '4:47.80%', '5:35.10%', '6:42.50%', '7:48.80%', '8:81.20%', '9:34.90%']
                                          0msec<-
                                          ->0msec
                                                     -> Cluster 96, loss : 1.29, accuracy 55.06%, model from round 40
                                                     ['0:65.50%', '1:66.80%', '2:35.20%', '3:27.30%', '4:54.80%', '5:43.60%', '6:67.90%', '7:62.40%', '8:70.50%', '9:56.60%']
                                                                                              <-> Client 0, global : from 55.06% to 49.23%, local : from 58.00% to 96.80%, training time : 16200msec
                                                     Cluster 96, round 1, loss : 1.58, accuracy 49.23% <-
                                                     Time past : 16200msec
                                                     ['0:71.00%', '1:66.50%', '2:39.50%', '3:51.20%', '4:37.30%', '5:21.30%', '6:60.80%', '7:53.40%', '8:51.80%', '9:39.50%']
                                          0msec<-
                                          ->0msec
                                                     -> Cluster 77, loss : 1.29, accuracy 55.06%, model from round 40
                                                     ['0:65.50%', '1:66.80%', '2:35.20%', '3:27.30%', '4:54.80%', '5:43.60%', '6:67.90%', '7:62.40%', '8:70.50%', '9:56.60%']
                                                                                              <-> Client 0, global : from 55.06% to 48.68%, local : from 51.80% to 91.00%, training time : 16200msec
                                                     Cluster 77, round 1, loss : 1.58, accuracy 48.68% <-
                                                     Time past : 16200msec
                                                     ['0:68.00%', '1:51.90%', '2:42.10%', '3:31.00%', '4:23.80%', '5:37.50%', '6:52.20%', '7:53.60%', '8:69.70%', '9:57.00%']
                                          0msec<-
                                          ->0msec
                                                     -> Cluster 80, loss : 1.29, accuracy 55.06%, model from round 40
                                                     ['0:65.50%', '1:66.80%', '2:35.20%', '3:27.30%', '4:54.80%', '5:43.60%', '6:67.90%', '7:62.40%', '8:70.50%', '9:56.60%']
                                                                                              <-> Client 0, global : from 55.06% to 48.01%, local : from 57.40% to 89.20%, training time : 16200msec
                                                     Cluster 80, round 1, loss : 1.68, accuracy 48.01% <-
                                                     Time past : 16200msec
                                                     ['0:66.40%', '1:50.80%', '2:34.20%', '3:17.60%', '4:47.90%', '5:23.50%', '6:46.60%', '7:60.60%', '8:60.60%', '9:71.90%']
                                          0msec<-
                                          ->0msec
                                                     -> Cluster 50, loss : 1.29, accuracy 55.06%, model from round 40
                                                     ['0:65.50%', '1:66.80%', '2:35.20%', '3:27.30%', '4:54.80%', '5:43.60%', '6:67.90%', '7:62.40%', '8:70.50%', '9:56.60%']
                                                                                              <-> Client 0, global : from 55.06% to 47.44%, local : from 59.80% to 89.00%, training time : 16200msec
                                                     Cluster 50, round 1, loss : 1.77, accuracy 47.44% <-
                                                     Time past : 16200msec
                                                     ['0:77.00%', '1:54.00%', '2:43.80%', '3:18.70%', '4:48.90%', '5:25.80%', '6:61.80%', '7:33.70%', '8:51.70%', '9:59.00%']
                                          0msec<-
                                          ->0msec
                                                     -> Cluster 11, loss : 1.29, accuracy 55.06%, model from round 40
                                                     ['0:65.50%', '1:66.80%', '2:35.20%', '3:27.30%', '4:54.80%', '5:43.60%', '6:67.90%', '7:62.40%', '8:70.50%', '9:56.60%']
                                                                                              <-> Client 0, global : from 55.06% to 48.04%, local : from 56.20% to 79.20%, training time : 8200msec
                                                     Cluster 11, round 1, loss : 1.62, accuracy 48.04% <-
                                                     Time past : 8200msec
                                                     ['0:68.60%', '1:42.30%', '2:9.70%', '3:28.30%', '4:65.70%', '5:29.60%', '6:67.80%', '7:55.60%', '8:61.40%', '9:51.40%']
                                          0msec<-
Central server round 40, loss : 1.31, accuracy :55.01%
Time past: 648000msec
['0:66.20%', '1:60.70%', '2:37.30%', '3:38.50%', '4:51.80%', '5:34.60%', '6:69.70%', '7:56.10%', '8:73.00%', '9:62.20%']
                                          ->0msec
                                                     -> Cluster 23, loss : 1.31, accuracy 55.01%, model from round 41
                                                     ['0:66.20%', '1:60.70%', '2:37.30%', '3:38.50%', '4:51.80%', '5:34.60%', '6:69.70%', '7:56.10%', '8:73.00%', '9:62.20%']
                                                                                              <-> Client 0, global : from 55.01% to 49.54%, local : from 58.60% to 82.00%, training time : 8200msec
                                                     Cluster 23, round 1, loss : 1.53, accuracy 49.54% <-
                                                     Time past : 8200msec
                                                     ['0:54.20%', '1:74.00%', '2:33.40%', '3:46.50%', '4:46.60%', '5:33.50%', '6:55.00%', '7:47.80%', '8:77.50%', '9:26.90%']
                                          0msec<-
                                          ->0msec
                                                     -> Cluster 46, loss : 1.31, accuracy 55.01%, model from round 41
                                                     ['0:66.20%', '1:60.70%', '2:37.30%', '3:38.50%', '4:51.80%', '5:34.60%', '6:69.70%', '7:56.10%', '8:73.00%', '9:62.20%']
                                                                                              <-> Client 0, global : from 55.01% to 50.46%, local : from 57.80% to 86.40%, training time : 8200msec
                                                     Cluster 46, round 1, loss : 1.48, accuracy 50.46% <-
                                                     Time past : 8200msec
                                                     ['0:45.40%', '1:77.70%', '2:22.70%', '3:18.90%', '4:53.60%', '5:51.40%', '6:56.20%', '7:60.80%', '8:72.60%', '9:45.30%']
                                          0msec<-
                                          ->0msec
                                                     -> Cluster 53, loss : 1.31, accuracy 55.01%, model from round 41
                                                     ['0:66.20%', '1:60.70%', '2:37.30%', '3:38.50%', '4:51.80%', '5:34.60%', '6:69.70%', '7:56.10%', '8:73.00%', '9:62.20%']
                                                                                              <-> Client 0, global : from 55.01% to 46.66%, local : from 54.20% to 84.80%, training time : 16200msec
                                                     Cluster 53, round 1, loss : 1.74, accuracy 46.66% <-
                                                     Time past : 16200msec
                                                     ['0:57.00%', '1:65.70%', '2:46.60%', '3:21.00%', '4:13.30%', '5:26.70%', '6:70.60%', '7:44.30%', '8:79.00%', '9:42.40%']
                                          0msec<-
                                          ->0msec
                                                     -> Cluster 56, loss : 1.31, accuracy 55.01%, model from round 41
                                                     ['0:66.20%', '1:60.70%', '2:37.30%', '3:38.50%', '4:51.80%', '5:34.60%', '6:69.70%', '7:56.10%', '8:73.00%', '9:62.20%']
                                                                                              <-> Client 0, global : from 55.01% to 48.20%, local : from 59.40% to 93.60%, training time : 16200msec
                                                     Cluster 56, round 1, loss : 1.72, accuracy 48.20% <-
                                                     Time past : 16200msec
                                                     ['0:37.20%', '1:60.40%', '2:34.70%', '3:26.00%', '4:57.00%', '5:27.30%', '6:73.10%', '7:51.70%', '8:72.00%', '9:42.60%']
                                          0msec<-
                                          ->0msec
                                                     -> Cluster 29, loss : 1.31, accuracy 55.01%, model from round 41
                                                     ['0:66.20%', '1:60.70%', '2:37.30%', '3:38.50%', '4:51.80%', '5:34.60%', '6:69.70%', '7:56.10%', '8:73.00%', '9:62.20%']
                                                                                              <-> Client 0, global : from 55.01% to 52.07%, local : from 59.00% to 87.40%, training time : 8200msec
                                                     Cluster 29, round 1, loss : 1.41, accuracy 52.07% <-
                                                     Time past : 8200msec
                                                     ['0:54.40%', '1:71.10%', '2:46.90%', '3:21.60%', '4:34.40%', '5:47.50%', '6:70.10%', '7:52.90%', '8:69.80%', '9:52.00%']
                                          0msec<-
                                          ->0msec
                                                     -> Cluster 99, loss : 1.31, accuracy 55.01%, model from round 41
                                                     ['0:66.20%', '1:60.70%', '2:37.30%', '3:38.50%', '4:51.80%', '5:34.60%', '6:69.70%', '7:56.10%', '8:73.00%', '9:62.20%']
                                                                                              <-> Client 0, global : from 55.01% to 49.60%, local : from 56.60% to 95.80%, training time : 16200msec
                                                     Cluster 99, round 1, loss : 1.64, accuracy 49.60% <-
                                                     Time past : 16200msec
                                                     ['0:52.70%', '1:54.30%', '2:16.10%', '3:42.00%', '4:36.20%', '5:57.80%', '6:50.20%', '7:54.70%', '8:68.60%', '9:63.40%']
                                          0msec<-
                                          ->0msec
                                                     -> Cluster 89, loss : 1.31, accuracy 55.01%, model from round 41
                                                     ['0:66.20%', '1:60.70%', '2:37.30%', '3:38.50%', '4:51.80%', '5:34.60%', '6:69.70%', '7:56.10%', '8:73.00%', '9:62.20%']
                                                                                              <-> Client 0, global : from 55.01% to 49.19%, local : from 55.80% to 95.00%, training time : 16200msec
                                                     Cluster 89, round 1, loss : 1.61, accuracy 49.19% <-
                                                     Time past : 16200msec
                                                     ['0:47.60%', '1:57.80%', '2:28.10%', '3:26.80%', '4:47.60%', '5:46.80%', '6:45.00%', '7:66.10%', '8:58.70%', '9:67.40%']
                                          0msec<-
                                          ->0msec
                                                     -> Cluster 61, loss : 1.31, accuracy 55.01%, model from round 41
                                                     ['0:66.20%', '1:60.70%', '2:37.30%', '3:38.50%', '4:51.80%', '5:34.60%', '6:69.70%', '7:56.10%', '8:73.00%', '9:62.20%']
                                                                                              <-> Client 0, global : from 55.01% to 49.28%, local : from 59.40% to 92.60%, training time : 16200msec
                                                     Cluster 61, round 1, loss : 1.62, accuracy 49.28% <-
                                                     Time past : 16200msec
                                                     ['0:44.20%', '1:64.80%', '2:46.20%', '3:41.10%', '4:27.40%', '5:18.10%', '6:60.80%', '7:60.20%', '8:83.80%', '9:46.20%']
                                          0msec<-
                                          ->0msec
                                                     -> Cluster 44, loss : 1.31, accuracy 55.01%, model from round 41
                                                     ['0:66.20%', '1:60.70%', '2:37.30%', '3:38.50%', '4:51.80%', '5:34.60%', '6:69.70%', '7:56.10%', '8:73.00%', '9:62.20%']
                                                                                              <-> Client 0, global : from 55.01% to 51.08%, local : from 61.40% to 86.80%, training time : 8200msec
                                                     Cluster 44, round 1, loss : 1.48, accuracy 51.08% <-
                                                     Time past : 8200msec
                                                     ['0:68.30%', '1:48.60%', '2:46.30%', '3:63.80%', '4:29.10%', '5:16.60%', '6:51.00%', '7:56.10%', '8:68.10%', '9:62.90%']
                                          0msec<-
                                          ->0msec
                                                     -> Cluster 34, loss : 1.31, accuracy 55.01%, model from round 41
                                                     ['0:66.20%', '1:60.70%', '2:37.30%', '3:38.50%', '4:51.80%', '5:34.60%', '6:69.70%', '7:56.10%', '8:73.00%', '9:62.20%']
                                                                                              <-> Client 0, global : from 55.01% to 49.84%, local : from 54.60% to 84.20%, training time : 8200msec
                                                     Cluster 34, round 1, loss : 1.48, accuracy 49.84% <-
                                                     Time past : 8200msec
                                                     ['0:45.50%', '1:32.40%', '2:43.60%', '3:29.70%', '4:48.60%', '5:48.30%', '6:48.30%', '7:59.60%', '8:67.20%', '9:75.20%']
                                          0msec<-
Central server round 41, loss : 1.29, accuracy :55.85%
Time past: 664200msec
['0:58.50%', '1:68.40%', '2:38.50%', '3:37.20%', '4:48.20%', '5:42.30%', '6:69.40%', '7:61.00%', '8:76.90%', '9:58.10%']
                                          ->0msec
                                                     -> Cluster 40, loss : 1.29, accuracy 55.85%, model from round 42
                                                     ['0:58.50%', '1:68.40%', '2:38.50%', '3:37.20%', '4:48.20%', '5:42.30%', '6:69.40%', '7:61.00%', '8:76.90%', '9:58.10%']
                                                                                              <-> Client 0, global : from 55.85% to 46.99%, local : from 61.20% to 81.80%, training time : 8200msec
                                                     Cluster 40, round 1, loss : 1.67, accuracy 46.99% <-
                                                     Time past : 8200msec
                                                     ['0:72.70%', '1:83.40%', '2:44.60%', '3:21.70%', '4:23.70%', '5:18.80%', '6:67.20%', '7:58.30%', '8:47.20%', '9:32.30%']
                                          0msec<-
                                          ->0msec
                                                     -> Cluster 30, loss : 1.29, accuracy 55.85%, model from round 42
                                                     ['0:58.50%', '1:68.40%', '2:38.50%', '3:37.20%', '4:48.20%', '5:42.30%', '6:69.40%', '7:61.00%', '8:76.90%', '9:58.10%']
                                                                                              <-> Client 0, global : from 55.85% to 51.62%, local : from 57.40% to 87.80%, training time : 8200msec
                                                     Cluster 30, round 1, loss : 1.43, accuracy 51.62% <-
                                                     Time past : 8200msec
                                                     ['0:64.70%', '1:78.50%', '2:39.20%', '3:28.30%', '4:44.40%', '5:42.00%', '6:72.40%', '7:62.30%', '8:42.60%', '9:41.80%']
                                          0msec<-
                                          ->0msec
                                                     -> Cluster 76, loss : 1.29, accuracy 55.85%, model from round 42
                                                     ['0:58.50%', '1:68.40%', '2:38.50%', '3:37.20%', '4:48.20%', '5:42.30%', '6:69.40%', '7:61.00%', '8:76.90%', '9:58.10%']
                                                                                              <-> Client 0, global : from 55.85% to 50.54%, local : from 60.20% to 97.80%, training time : 16200msec
                                                     Cluster 76, round 1, loss : 1.62, accuracy 50.54% <-
                                                     Time past : 16200msec
                                                     ['0:49.40%', '1:52.30%', '2:22.50%', '3:32.00%', '4:41.90%', '5:49.90%', '6:68.20%', '7:59.50%', '8:68.90%', '9:60.80%']
                                          0msec<-
                                          ->0msec
                                                     -> Cluster 82, loss : 1.29, accuracy 55.85%, model from round 42
                                                     ['0:58.50%', '1:68.40%', '2:38.50%', '3:37.20%', '4:48.20%', '5:42.30%', '6:69.40%', '7:61.00%', '8:76.90%', '9:58.10%']
                                                                                              <-> Client 0, global : from 55.85% to 50.48%, local : from 61.60% to 97.20%, training time : 16200msec
                                                     Cluster 82, round 1, loss : 1.63, accuracy 50.48% <-
                                                     Time past : 16200msec
                                                     ['0:53.70%', '1:58.20%', '2:27.50%', '3:23.90%', '4:39.90%', '5:45.10%', '6:76.40%', '7:56.10%', '8:71.40%', '9:52.60%']
                                          0msec<-
                                          ->0msec
                                                     -> Cluster 7, loss : 1.29, accuracy 55.85%, model from round 42
                                                     ['0:58.50%', '1:68.40%', '2:38.50%', '3:37.20%', '4:48.20%', '5:42.30%', '6:69.40%', '7:61.00%', '8:76.90%', '9:58.10%']
                                                                                              <-> Client 0, global : from 55.85% to 50.25%, local : from 56.00% to 83.00%, training time : 8200msec
                                                     Cluster 7, round 1, loss : 1.46, accuracy 50.25% <-
                                                     Time past : 8200msec
                                                     ['0:50.00%', '1:62.10%', '2:36.40%', '3:29.00%', '4:31.60%', '5:18.90%', '6:70.30%', '7:77.90%', '8:65.30%', '9:61.00%']
                                          0msec<-
                                          ->0msec
                                                     -> Cluster 78, loss : 1.29, accuracy 55.85%, model from round 42
                                                     ['0:58.50%', '1:68.40%', '2:38.50%', '3:37.20%', '4:48.20%', '5:42.30%', '6:69.40%', '7:61.00%', '8:76.90%', '9:58.10%']
                                                                                              <-> Client 0, global : from 55.85% to 46.36%, local : from 54.00% to 90.60%, training time : 16200msec
                                                     Cluster 78, round 1, loss : 1.80, accuracy 46.36% <-
                                                     Time past : 16200msec
                                                     ['0:51.20%', '1:50.20%', '2:44.20%', '3:70.00%', '4:35.70%', '5:22.90%', '6:21.10%', '7:39.60%', '8:69.50%', '9:59.20%']
                                          0msec<-
                                          ->0msec
                                                     -> Cluster 6, loss : 1.29, accuracy 55.85%, model from round 42
                                                     ['0:58.50%', '1:68.40%', '2:38.50%', '3:37.20%', '4:48.20%', '5:42.30%', '6:69.40%', '7:61.00%', '8:76.90%', '9:58.10%']
                                                                                              <-> Client 0, global : from 55.85% to 48.52%, local : from 57.40% to 83.80%, training time : 8200msec
                                                     Cluster 6, round 1, loss : 1.54, accuracy 48.52% <-
                                                     Time past : 8200msec
                                                     ['0:59.40%', '1:47.80%', '2:19.40%', '3:26.90%', '4:79.00%', '5:35.10%', '6:47.20%', '7:50.20%', '8:60.70%', '9:59.50%']
                                          0msec<-
                                          ->0msec
                                                     -> Cluster 57, loss : 1.29, accuracy 55.85%, model from round 42
                                                     ['0:58.50%', '1:68.40%', '2:38.50%', '3:37.20%', '4:48.20%', '5:42.30%', '6:69.40%', '7:61.00%', '8:76.90%', '9:58.10%']
                                                                                              <-> Client 0, global : from 55.85% to 47.50%, local : from 62.00% to 94.40%, training time : 16200msec
                                                     Cluster 57, round 1, loss : 1.73, accuracy 47.50% <-
                                                     Time past : 16200msec
                                                     ['0:62.30%', '1:58.80%', '2:43.00%', '3:28.40%', '4:48.30%', '5:15.20%', '6:79.10%', '7:40.30%', '8:49.90%', '9:49.70%']
                                          0msec<-
                                          ->0msec
                                                     -> Cluster 59, loss : 1.29, accuracy 55.85%, model from round 42
                                                     ['0:58.50%', '1:68.40%', '2:38.50%', '3:37.20%', '4:48.20%', '5:42.30%', '6:69.40%', '7:61.00%', '8:76.90%', '9:58.10%']
                                                                                              <-> Client 0, global : from 55.85% to 49.59%, local : from 58.00% to 96.60%, training time : 16200msec
                                                     Cluster 59, round 1, loss : 1.67, accuracy 49.59% <-
                                                     Time past : 16200msec
                                                     ['0:53.30%', '1:77.50%', '2:19.80%', '3:33.70%', '4:24.20%', '5:48.80%', '6:72.80%', '7:59.40%', '8:59.40%', '9:47.00%']
                                          0msec<-
                                          ->0msec
                                                     -> Cluster 93, loss : 1.29, accuracy 55.85%, model from round 42
                                                     ['0:58.50%', '1:68.40%', '2:38.50%', '3:37.20%', '4:48.20%', '5:42.30%', '6:69.40%', '7:61.00%', '8:76.90%', '9:58.10%']
                                                                                              <-> Client 0, global : from 55.85% to 51.04%, local : from 60.40% to 96.40%, training time : 16200msec
                                                     Cluster 93, round 1, loss : 1.56, accuracy 51.04% <-
                                                     Time past : 16200msec
                                                     ['0:52.00%', '1:61.90%', '2:47.20%', '3:43.40%', '4:19.20%', '5:41.10%', '6:63.10%', '7:64.30%', '8:67.90%', '9:50.30%']
                                          0msec<-
Central server round 42, loss : 1.29, accuracy :56.64%
Time past: 680400msec
['0:63.80%', '1:70.30%', '2:40.30%', '3:38.70%', '4:48.80%', '5:39.20%', '6:74.70%', '7:63.20%', '8:69.00%', '9:58.40%']
                                          ->0msec
                                                     -> Cluster 57, loss : 1.29, accuracy 56.64%, model from round 43
                                                     ['0:63.80%', '1:70.30%', '2:40.30%', '3:38.70%', '4:48.80%', '5:39.20%', '6:74.70%', '7:63.20%', '8:69.00%', '9:58.40%']
                                                                                              <-> Client 0, global : from 56.64% to 49.08%, local : from 65.60% to 96.80%, training time : 16200msec
                                                     Cluster 57, round 1, loss : 1.71, accuracy 49.08% <-
                                                     Time past : 16200msec
                                                     ['0:52.90%', '1:52.10%', '2:34.90%', '3:29.90%', '4:30.70%', '5:44.10%', '6:67.40%', '7:74.30%', '8:46.20%', '9:58.30%']
                                          0msec<-
                                          ->0msec
                                                     -> Cluster 10, loss : 1.29, accuracy 56.64%, model from round 43
                                                     ['0:63.80%', '1:70.30%', '2:40.30%', '3:38.70%', '4:48.80%', '5:39.20%', '6:74.70%', '7:63.20%', '8:69.00%', '9:58.40%']
                                                                                              <-> Client 0, global : from 56.64% to 52.29%, local : from 59.20% to 85.40%, training time : 8200msec
                                                     Cluster 10, round 1, loss : 1.41, accuracy 52.29% <-
                                                     Time past : 8200msec
                                                     ['0:70.80%', '1:56.30%', '2:25.90%', '3:41.70%', '4:51.00%', '5:44.60%', '6:65.30%', '7:50.90%', '8:54.70%', '9:61.70%']
                                          0msec<-
                                          ->0msec
                                                     -> Cluster 83, loss : 1.29, accuracy 56.64%, model from round 43
                                                     ['0:63.80%', '1:70.30%', '2:40.30%', '3:38.70%', '4:48.80%', '5:39.20%', '6:74.70%', '7:63.20%', '8:69.00%', '9:58.40%']
                                                                                              <-> Client 0, global : from 56.64% to 50.41%, local : from 57.40% to 95.00%, training time : 16200msec
                                                     Cluster 83, round 1, loss : 1.59, accuracy 50.41% <-
                                                     Time past : 16200msec
                                                     ['0:31.00%', '1:66.40%', '2:29.40%', '3:26.30%', '4:48.60%', '5:47.10%', '6:67.10%', '7:53.90%', '8:80.80%', '9:53.50%']
                                          0msec<-
                                          ->0msec
                                                     -> Cluster 26, loss : 1.29, accuracy 56.64%, model from round 43
                                                     ['0:63.80%', '1:70.30%', '2:40.30%', '3:38.70%', '4:48.80%', '5:39.20%', '6:74.70%', '7:63.20%', '8:69.00%', '9:58.40%']
                                                                                              <-> Client 0, global : from 56.64% to 52.44%, local : from 58.80% to 91.20%, training time : 8200msec
                                                     Cluster 26, round 1, loss : 1.42, accuracy 52.44% <-
                                                     Time past : 8200msec
                                                     ['0:60.00%', '1:74.50%', '2:48.30%', '3:28.70%', '4:38.00%', '5:47.40%', '6:66.20%', '7:68.30%', '8:59.40%', '9:33.60%']
                                          0msec<-
                                          ->0msec
                                                     -> Cluster 30, loss : 1.29, accuracy 56.64%, model from round 43
                                                     ['0:63.80%', '1:70.30%', '2:40.30%', '3:38.70%', '4:48.80%', '5:39.20%', '6:74.70%', '7:63.20%', '8:69.00%', '9:58.40%']
                                                                                              <-> Client 0, global : from 56.64% to 45.82%, local : from 59.20% to 78.00%, training time : 8200msec
                                                     Cluster 30, round 1, loss : 1.76, accuracy 45.82% <-
                                                     Time past : 8200msec
                                                     ['0:56.20%', '1:57.90%', '2:19.10%', '3:52.50%', '4:40.00%', '5:45.00%', '6:10.10%', '7:34.60%', '8:67.70%', '9:75.10%']
                                          0msec<-
                                          ->0msec
                                                     -> Cluster 88, loss : 1.29, accuracy 56.64%, model from round 43
                                                     ['0:63.80%', '1:70.30%', '2:40.30%', '3:38.70%', '4:48.80%', '5:39.20%', '6:74.70%', '7:63.20%', '8:69.00%', '9:58.40%']
                                                                                              <-> Client 0, global : from 56.64% to 50.91%, local : from 58.20% to 96.40%, training time : 16200msec
                                                     Cluster 88, round 1, loss : 1.58, accuracy 50.91% <-
                                                     Time past : 16200msec
                                                     ['0:52.50%', '1:72.60%', '2:23.60%', '3:26.10%', '4:61.10%', '5:44.60%', '6:65.00%', '7:47.80%', '8:73.40%', '9:42.40%']
                                          0msec<-
                                          ->0msec
                                                     -> Cluster 6, loss : 1.29, accuracy 56.64%, model from round 43
                                                     ['0:63.80%', '1:70.30%', '2:40.30%', '3:38.70%', '4:48.80%', '5:39.20%', '6:74.70%', '7:63.20%', '8:69.00%', '9:58.40%']
                                                                                              <-> Client 0, global : from 56.64% to 50.66%, local : from 60.40% to 90.40%, training time : 8200msec
                                                     Cluster 6, round 1, loss : 1.47, accuracy 50.66% <-
                                                     Time past : 8200msec
                                                     ['0:56.10%', '1:44.70%', '2:47.10%', '3:46.30%', '4:37.90%', '5:39.90%', '6:49.30%', '7:56.80%', '8:64.30%', '9:64.20%']
                                          0msec<-
                                          ->0msec
                                                     -> Cluster 19, loss : 1.29, accuracy 56.64%, model from round 43
                                                     ['0:63.80%', '1:70.30%', '2:40.30%', '3:38.70%', '4:48.80%', '5:39.20%', '6:74.70%', '7:63.20%', '8:69.00%', '9:58.40%']
                                                                                              <-> Client 0, global : from 56.64% to 49.71%, local : from 53.80% to 80.00%, training time : 8200msec
                                                     Cluster 19, round 1, loss : 1.45, accuracy 49.71% <-
                                                     Time past : 8200msec
                                                     ['0:44.40%', '1:66.30%', '2:42.80%', '3:41.20%', '4:66.00%', '5:39.60%', '6:37.90%', '7:50.20%', '8:59.40%', '9:49.30%']
                                          0msec<-
                                          ->0msec
                                                     -> Cluster 82, loss : 1.29, accuracy 56.64%, model from round 43
                                                     ['0:63.80%', '1:70.30%', '2:40.30%', '3:38.70%', '4:48.80%', '5:39.20%', '6:74.70%', '7:63.20%', '8:69.00%', '9:58.40%']
                                                                                              <-> Client 0, global : from 56.64% to 49.81%, local : from 65.00% to 97.20%, training time : 16200msec
                                                     Cluster 82, round 1, loss : 1.69, accuracy 49.81% <-
                                                     Time past : 16200msec
                                                     ['0:58.70%', '1:41.90%', '2:21.10%', '3:31.00%', '4:38.90%', '5:33.20%', '6:81.30%', '7:59.80%', '8:64.20%', '9:68.00%']
                                          0msec<-
                                          ->0msec
                                                     -> Cluster 18, loss : 1.29, accuracy 56.64%, model from round 43
                                                     ['0:63.80%', '1:70.30%', '2:40.30%', '3:38.70%', '4:48.80%', '5:39.20%', '6:74.70%', '7:63.20%', '8:69.00%', '9:58.40%']
                                                                                              <-> Client 0, global : from 56.64% to 53.40%, local : from 61.40% to 91.60%, training time : 8200msec
                                                     Cluster 18, round 1, loss : 1.41, accuracy 53.40% <-
                                                     Time past : 8200msec
                                                     ['0:55.90%', '1:74.50%', '2:30.20%', '3:39.30%', '4:56.40%', '5:37.60%', '6:58.80%', '7:58.20%', '8:77.20%', '9:45.90%']
                                          0msec<-
Central server round 43, loss : 1.26, accuracy :57.01%
Time past: 696600msec
['0:62.50%', '1:67.70%', '2:36.00%', '3:40.10%', '4:55.10%', '5:48.40%', '6:66.40%', '7:61.60%', '8:71.40%', '9:60.90%']
                                          ->0msec
                                                     -> Cluster 22, loss : 1.26, accuracy 57.01%, model from round 44
                                                     ['0:62.50%', '1:67.70%', '2:36.00%', '3:40.10%', '4:55.10%', '5:48.40%', '6:66.40%', '7:61.60%', '8:71.40%', '9:60.90%']
                                                                                              <-> Client 0, global : from 57.01% to 49.18%, local : from 58.00% to 82.60%, training time : 8200msec
                                                     Cluster 22, round 1, loss : 1.51, accuracy 49.18% <-
                                                     Time past : 8200msec
                                                     ['0:54.70%', '1:71.30%', '2:28.30%', '3:44.00%', '4:54.40%', '5:32.50%', '6:40.80%', '7:57.90%', '8:51.30%', '9:56.60%']
                                          0msec<-
                                          ->0msec
                                                     -> Cluster 79, loss : 1.26, accuracy 57.01%, model from round 44
                                                     ['0:62.50%', '1:67.70%', '2:36.00%', '3:40.10%', '4:55.10%', '5:48.40%', '6:66.40%', '7:61.60%', '8:71.40%', '9:60.90%']
                                                                                              <-> Client 0, global : from 57.01% to 49.83%, local : from 59.40% to 97.20%, training time : 16200msec
                                                     Cluster 79, round 1, loss : 1.65, accuracy 49.83% <-
                                                     Time past : 16200msec
                                                     ['0:42.80%', '1:63.00%', '2:42.50%', '3:19.00%', '4:31.30%', '5:62.30%', '6:48.30%', '7:65.20%', '8:66.90%', '9:57.00%']
                                          0msec<-
                                          ->0msec
                                                     -> Cluster 10, loss : 1.26, accuracy 57.01%, model from round 44
                                                     ['0:62.50%', '1:67.70%', '2:36.00%', '3:40.10%', '4:55.10%', '5:48.40%', '6:66.40%', '7:61.60%', '8:71.40%', '9:60.90%']
                                                                                              <-> Client 0, global : from 57.01% to 51.10%, local : from 63.00% to 89.80%, training time : 8200msec
                                                     Cluster 10, round 1, loss : 1.46, accuracy 51.10% <-
                                                     Time past : 8200msec
                                                     ['0:41.90%', '1:80.80%', '2:37.80%', '3:46.00%', '4:47.20%', '5:29.90%', '6:59.00%', '7:66.50%', '8:70.90%', '9:31.00%']
                                          0msec<-
                                          ->0msec
                                                     -> Cluster 5, loss : 1.26, accuracy 57.01%, model from round 44
                                                     ['0:62.50%', '1:67.70%', '2:36.00%', '3:40.10%', '4:55.10%', '5:48.40%', '6:66.40%', '7:61.60%', '8:71.40%', '9:60.90%']
                                                                                              <-> Client 0, global : from 57.01% to 46.72%, local : from 59.80% to 85.20%, training time : 8200msec
                                                     Cluster 5, round 1, loss : 1.61, accuracy 46.72% <-
                                                     Time past : 8200msec
                                                     ['0:59.10%', '1:59.20%', '2:21.00%', '3:12.30%', '4:36.20%', '5:47.10%', '6:43.30%', '7:84.50%', '8:51.50%', '9:53.00%']
                                          0msec<-
                                          ->0msec
                                                     -> Cluster 14, loss : 1.26, accuracy 57.01%, model from round 44
                                                     ['0:62.50%', '1:67.70%', '2:36.00%', '3:40.10%', '4:55.10%', '5:48.40%', '6:66.40%', '7:61.60%', '8:71.40%', '9:60.90%']
                                                                                              <-> Client 0, global : from 57.01% to 50.59%, local : from 60.80% to 89.60%, training time : 8200msec
                                                     Cluster 14, round 1, loss : 1.46, accuracy 50.59% <-
                                                     Time past : 8200msec
                                                     ['0:44.60%', '1:64.20%', '2:46.10%', '3:28.70%', '4:51.20%', '5:49.70%', '6:35.40%', '7:52.90%', '8:68.90%', '9:64.20%']
                                          0msec<-
                                          ->0msec
                                                     -> Cluster 76, loss : 1.26, accuracy 57.01%, model from round 44
                                                     ['0:62.50%', '1:67.70%', '2:36.00%', '3:40.10%', '4:55.10%', '5:48.40%', '6:66.40%', '7:61.60%', '8:71.40%', '9:60.90%']
                                                                                              <-> Client 0, global : from 57.01% to 50.12%, local : from 64.60% to 98.00%, training time : 16200msec
                                                     Cluster 76, round 1, loss : 1.71, accuracy 50.12% <-
                                                     Time past : 16200msec
                                                     ['0:52.20%', '1:64.00%', '2:18.50%', '3:59.50%', '4:46.90%', '5:28.80%', '6:54.10%', '7:49.70%', '8:69.60%', '9:57.90%']
                                          0msec<-
                                          ->0msec
                                                     -> Cluster 3, loss : 1.26, accuracy 57.01%, model from round 44
                                                     ['0:62.50%', '1:67.70%', '2:36.00%', '3:40.10%', '4:55.10%', '5:48.40%', '6:66.40%', '7:61.60%', '8:71.40%', '9:60.90%']
                                                                                              <-> Client 0, global : from 57.01% to 45.51%, local : from 59.60% to 73.00%, training time : 8200msec
                                                     Cluster 3, round 1, loss : 1.76, accuracy 45.51% <-
                                                     Time past : 8200msec
                                                     ['0:56.00%', '1:77.80%', '2:23.30%', '3:26.20%', '4:51.20%', '5:15.40%', '6:69.80%', '7:47.90%', '8:82.10%', '9:5.40%']
                                          0msec<-
                                          ->0msec
                                                     -> Cluster 12, loss : 1.26, accuracy 57.01%, model from round 44
                                                     ['0:62.50%', '1:67.70%', '2:36.00%', '3:40.10%', '4:55.10%', '5:48.40%', '6:66.40%', '7:61.60%', '8:71.40%', '9:60.90%']
                                                                                              <-> Client 0, global : from 57.01% to 47.33%, local : from 56.00% to 84.20%, training time : 8200msec
                                                     Cluster 12, round 1, loss : 1.55, accuracy 47.33% <-
                                                     Time past : 8200msec
                                                     ['0:43.60%', '1:54.40%', '2:12.00%', '3:66.30%', '4:35.90%', '5:31.00%', '6:32.20%', '7:60.90%', '8:77.40%', '9:59.60%']
                                          0msec<-
                                          ->0msec
                                                     -> Cluster 25, loss : 1.26, accuracy 57.01%, model from round 44
                                                     ['0:62.50%', '1:67.70%', '2:36.00%', '3:40.10%', '4:55.10%', '5:48.40%', '6:66.40%', '7:61.60%', '8:71.40%', '9:60.90%']
                                                                                              <-> Client 0, global : from 57.01% to 49.00%, local : from 61.00% to 86.00%, training time : 8200msec
                                                     Cluster 25, round 1, loss : 1.54, accuracy 49.00% <-
                                                     Time past : 8200msec
                                                     ['0:47.00%', '1:56.80%', '2:56.80%', '3:39.50%', '4:28.20%', '5:23.70%', '6:78.40%', '7:53.90%', '8:42.40%', '9:63.30%']
                                          0msec<-
                                          ->0msec
                                                     -> Cluster 32, loss : 1.26, accuracy 57.01%, model from round 44
                                                     ['0:62.50%', '1:67.70%', '2:36.00%', '3:40.10%', '4:55.10%', '5:48.40%', '6:66.40%', '7:61.60%', '8:71.40%', '9:60.90%']
                                                                                              <-> Client 0, global : from 57.01% to 50.35%, local : from 58.80% to 85.20%, training time : 8200msec
                                                     Cluster 32, round 1, loss : 1.47, accuracy 50.35% <-
                                                     Time past : 8200msec
                                                     ['0:78.30%', '1:62.60%', '2:47.10%', '3:28.40%', '4:37.20%', '5:35.90%', '6:47.10%', '7:58.90%', '8:55.00%', '9:53.00%']
                                          0msec<-
Central server round 44, loss : 1.25, accuracy :56.88%
Time past: 712800msec
['0:59.20%', '1:73.50%', '2:38.10%', '3:41.90%', '4:53.50%', '5:42.80%', '6:62.50%', '7:66.70%', '8:73.10%', '9:57.50%']
                                          ->0msec
                                                     -> Cluster 99, loss : 1.25, accuracy 56.88%, model from round 45
                                                     ['0:59.20%', '1:73.50%', '2:38.10%', '3:41.90%', '4:53.50%', '5:42.80%', '6:62.50%', '7:66.70%', '8:73.10%', '9:57.50%']
                                                                                              <-> Client 0, global : from 56.88% to 49.30%, local : from 62.40% to 97.40%, training time : 16200msec
                                                     Cluster 99, round 1, loss : 1.70, accuracy 49.30% <-
                                                     Time past : 16200msec
                                                     ['0:40.60%', '1:55.90%', '2:16.50%', '3:38.80%', '4:53.00%', '5:55.40%', '6:45.20%', '7:53.30%', '8:62.00%', '9:72.30%']
                                          0msec<-
                                          ->0msec
                                                     -> Cluster 14, loss : 1.25, accuracy 56.88%, model from round 45
                                                     ['0:59.20%', '1:73.50%', '2:38.10%', '3:41.90%', '4:53.50%', '5:42.80%', '6:62.50%', '7:66.70%', '8:73.10%', '9:57.50%']
                                                                                              <-> Client 0, global : from 56.88% to 51.08%, local : from 65.20% to 92.40%, training time : 8200msec
                                                     Cluster 14, round 1, loss : 1.51, accuracy 51.08% <-
                                                     Time past : 8200msec
                                                     ['0:52.40%', '1:54.20%', '2:55.20%', '3:27.60%', '4:30.40%', '5:38.20%', '6:58.10%', '7:48.70%', '8:79.30%', '9:66.70%']
                                          0msec<-
                                          ->0msec
                                                     -> Cluster 37, loss : 1.25, accuracy 56.88%, model from round 45
                                                     ['0:59.20%', '1:73.50%', '2:38.10%', '3:41.90%', '4:53.50%', '5:42.80%', '6:62.50%', '7:66.70%', '8:73.10%', '9:57.50%']
                                                                                              <-> Client 0, global : from 56.88% to 52.41%, local : from 55.20% to 87.20%, training time : 8200msec
                                                     Cluster 37, round 1, loss : 1.39, accuracy 52.41% <-
                                                     Time past : 8200msec
                                                     ['0:55.60%', '1:63.70%', '2:30.60%', '3:31.40%', '4:68.30%', '5:33.30%', '6:61.50%', '7:52.70%', '8:69.70%', '9:57.30%']
                                          0msec<-
                                          ->0msec
                                                     -> Cluster 76, loss : 1.25, accuracy 56.88%, model from round 45
                                                     ['0:59.20%', '1:73.50%', '2:38.10%', '3:41.90%', '4:53.50%', '5:42.80%', '6:62.50%', '7:66.70%', '8:73.10%', '9:57.50%']
                                                                                              <-> Client 0, global : from 56.88% to 50.89%, local : from 69.60% to 99.80%, training time : 16200msec
                                                     Cluster 76, round 1, loss : 1.66, accuracy 50.89% <-
                                                     Time past : 16200msec
                                                     ['0:48.50%', '1:64.50%', '2:43.60%', '3:28.70%', '4:46.40%', '5:55.10%', '6:59.70%', '7:50.80%', '8:65.60%', '9:46.00%']
                                          0msec<-
                                          ->0msec
                                                     -> Cluster 56, loss : 1.25, accuracy 56.88%, model from round 45
                                                     ['0:59.20%', '1:73.50%', '2:38.10%', '3:41.90%', '4:53.50%', '5:42.80%', '6:62.50%', '7:66.70%', '8:73.10%', '9:57.50%']
                                                                                              <-> Client 0, global : from 56.88% to 51.05%, local : from 65.60% to 99.20%, training time : 16200msec
                                                     Cluster 56, round 1, loss : 1.66, accuracy 51.05% <-
                                                     Time past : 16200msec
                                                     ['0:58.00%', '1:50.10%', '2:35.20%', '3:35.80%', '4:36.70%', '5:37.50%', '6:60.60%', '7:75.60%', '8:61.20%', '9:59.80%']
                                          0msec<-
                                          ->0msec
                                                     -> Cluster 48, loss : 1.25, accuracy 56.88%, model from round 45
                                                     ['0:59.20%', '1:73.50%', '2:38.10%', '3:41.90%', '4:53.50%', '5:42.80%', '6:62.50%', '7:66.70%', '8:73.10%', '9:57.50%']
                                                                                              <-> Client 0, global : from 56.88% to 46.94%, local : from 55.80% to 81.60%, training time : 8200msec
                                                     Cluster 48, round 1, loss : 1.58, accuracy 46.94% <-
                                                     Time past : 8200msec
                                                     ['0:70.60%', '1:58.40%', '2:45.20%', '3:33.40%', '4:33.50%', '5:30.40%', '6:85.30%', '7:51.30%', '8:31.90%', '9:29.40%']
                                          0msec<-
                                          ->0msec
                                                     -> Cluster 26, loss : 1.25, accuracy 56.88%, model from round 45
                                                     ['0:59.20%', '1:73.50%', '2:38.10%', '3:41.90%', '4:53.50%', '5:42.80%', '6:62.50%', '7:66.70%', '8:73.10%', '9:57.50%']
                                                                                              <-> Client 0, global : from 56.88% to 49.02%, local : from 60.00% to 82.40%, training time : 8200msec
                                                     Cluster 26, round 1, loss : 1.59, accuracy 49.02% <-
                                                     Time past : 8200msec
                                                     ['0:40.90%', '1:67.40%', '2:53.60%', '3:42.20%', '4:37.90%', '5:12.20%', '6:78.00%', '7:49.70%', '8:80.50%', '9:27.80%']
                                          0msec<-
                                          ->0msec
                                                     -> Cluster 69, loss : 1.25, accuracy 56.88%, model from round 45
                                                     ['0:59.20%', '1:73.50%', '2:38.10%', '3:41.90%', '4:53.50%', '5:42.80%', '6:62.50%', '7:66.70%', '8:73.10%', '9:57.50%']
                                                                                              <-> Client 0, global : from 56.88% to 48.88%, local : from 61.00% to 88.20%, training time : 16200msec
                                                     Cluster 69, round 1, loss : 1.81, accuracy 48.88% <-
                                                     Time past : 16200msec
                                                     ['0:41.30%', '1:65.30%', '2:2.50%', '3:18.30%', '4:34.40%', '5:63.30%', '6:77.50%', '7:63.40%', '8:62.80%', '9:60.00%']
                                          0msec<-
                                          ->0msec
                                                     -> Cluster 0, loss : 1.25, accuracy 56.88%, model from round 45
                                                     ['0:59.20%', '1:73.50%', '2:38.10%', '3:41.90%', '4:53.50%', '5:42.80%', '6:62.50%', '7:66.70%', '8:73.10%', '9:57.50%']
                                                                                              <-> Client 0, global : from 56.88% to 50.12%, local : from 57.40% to 89.60%, training time : 8200msec
                                                     Cluster 0, round 1, loss : 1.48, accuracy 50.12% <-
                                                     Time past : 8200msec
                                                     ['0:63.80%', '1:56.10%', '2:52.50%', '3:38.70%', '4:25.00%', '5:54.00%', '6:42.50%', '7:58.90%', '8:48.90%', '9:60.80%']
                                          0msec<-
                                          ->0msec
                                                     -> Cluster 59, loss : 1.25, accuracy 56.88%, model from round 45
                                                     ['0:59.20%', '1:73.50%', '2:38.10%', '3:41.90%', '4:53.50%', '5:42.80%', '6:62.50%', '7:66.70%', '8:73.10%', '9:57.50%']
                                                                                              <-> Client 0, global : from 56.88% to 50.47%, local : from 61.80% to 98.80%, training time : 16200msec
                                                     Cluster 59, round 1, loss : 1.63, accuracy 50.47% <-
                                                     Time past : 16200msec
                                                     ['0:54.00%', '1:58.30%', '2:43.60%', '3:40.10%', '4:29.10%', '5:39.10%', '6:53.90%', '7:57.80%', '8:61.80%', '9:67.00%']
                                          0msec<-
Central server round 45, loss : 1.27, accuracy :57.23%
Time past: 729000msec
['0:59.10%', '1:65.50%', '2:40.80%', '3:39.90%', '4:49.00%', '5:46.00%', '6:75.40%', '7:63.80%', '8:71.50%', '9:61.30%']
                                          ->0msec
                                                     -> Cluster 77, loss : 1.27, accuracy 57.23%, model from round 46
                                                     ['0:59.10%', '1:65.50%', '2:40.80%', '3:39.90%', '4:49.00%', '5:46.00%', '6:75.40%', '7:63.80%', '8:71.50%', '9:61.30%']
                                                                                              <-> Client 0, global : from 57.23% to 49.52%, local : from 58.40% to 94.00%, training time : 16200msec
                                                     Cluster 77, round 1, loss : 1.68, accuracy 49.52% <-
                                                     Time past : 16200msec
                                                     ['0:49.80%', '1:67.10%', '2:20.20%', '3:16.00%', '4:62.30%', '5:62.30%', '6:48.20%', '7:52.20%', '8:74.90%', '9:42.20%']
                                          0msec<-
                                          ->0msec
                                                     -> Cluster 66, loss : 1.27, accuracy 57.23%, model from round 46
                                                     ['0:59.10%', '1:65.50%', '2:40.80%', '3:39.90%', '4:49.00%', '5:46.00%', '6:75.40%', '7:63.80%', '8:71.50%', '9:61.30%']
                                                                                              <-> Client 0, global : from 57.23% to 48.95%, local : from 55.80% to 95.20%, training time : 16200msec
                                                     Cluster 66, round 1, loss : 1.65, accuracy 48.95% <-
                                                     Time past : 16200msec
                                                     ['0:51.30%', '1:47.00%', '2:30.20%', '3:44.30%', '4:41.30%', '5:37.10%', '6:39.60%', '7:70.20%', '8:54.10%', '9:74.40%']
                                          0msec<-
                                          ->0msec
                                                     -> Cluster 27, loss : 1.27, accuracy 57.23%, model from round 46
                                                     ['0:59.10%', '1:65.50%', '2:40.80%', '3:39.90%', '4:49.00%', '5:46.00%', '6:75.40%', '7:63.80%', '8:71.50%', '9:61.30%']
                                                                                              <-> Client 0, global : from 57.23% to 51.29%, local : from 57.00% to 89.60%, training time : 8200msec
                                                     Cluster 27, round 1, loss : 1.44, accuracy 51.29% <-
                                                     Time past : 8200msec
                                                     ['0:55.10%', '1:76.90%', '2:43.50%', '3:22.10%', '4:26.30%', '5:65.00%', '6:57.10%', '7:52.00%', '8:61.90%', '9:53.00%']
                                          0msec<-
                                          ->0msec
                                                     -> Cluster 31, loss : 1.27, accuracy 57.23%, model from round 46
                                                     ['0:59.10%', '1:65.50%', '2:40.80%', '3:39.90%', '4:49.00%', '5:46.00%', '6:75.40%', '7:63.80%', '8:71.50%', '9:61.30%']
                                                                                              <-> Client 0, global : from 57.23% to 48.37%, local : from 61.40% to 87.40%, training time : 8200msec
                                                     Cluster 31, round 1, loss : 1.53, accuracy 48.37% <-
                                                     Time past : 8200msec
                                                     ['0:59.10%', '1:68.90%', '2:67.00%', '3:41.40%', '4:21.00%', '5:27.40%', '6:36.80%', '7:54.90%', '8:62.70%', '9:44.50%']
                                          0msec<-
                                          ->0msec
                                                     -> Cluster 44, loss : 1.27, accuracy 57.23%, model from round 46
                                                     ['0:59.10%', '1:65.50%', '2:40.80%', '3:39.90%', '4:49.00%', '5:46.00%', '6:75.40%', '7:63.80%', '8:71.50%', '9:61.30%']
                                                                                              <-> Client 0, global : from 57.23% to 49.09%, local : from 61.20% to 82.00%, training time : 8200msec
                                                     Cluster 44, round 1, loss : 1.63, accuracy 49.09% <-
                                                     Time past : 8200msec
                                                     ['0:50.20%', '1:55.70%', '2:6.50%', '3:31.10%', '4:77.50%', '5:38.40%', '6:54.90%', '7:57.00%', '8:67.50%', '9:52.10%']
                                          0msec<-
                                          ->0msec
                                                     -> Cluster 7, loss : 1.27, accuracy 57.23%, model from round 46
                                                     ['0:59.10%', '1:65.50%', '2:40.80%', '3:39.90%', '4:49.00%', '5:46.00%', '6:75.40%', '7:63.80%', '8:71.50%', '9:61.30%']
                                                                                              <-> Client 0, global : from 57.23% to 48.85%, local : from 60.20% to 82.00%, training time : 8200msec
                                                     Cluster 7, round 1, loss : 1.58, accuracy 48.85% <-
                                                     Time past : 8200msec
                                                     ['0:83.20%', '1:66.10%', '2:26.80%', '3:17.60%', '4:27.70%', '5:50.70%', '6:74.40%', '7:65.00%', '8:43.00%', '9:34.00%']
                                          0msec<-
                                          ->0msec
                                                     -> Cluster 42, loss : 1.27, accuracy 57.23%, model from round 46
                                                     ['0:59.10%', '1:65.50%', '2:40.80%', '3:39.90%', '4:49.00%', '5:46.00%', '6:75.40%', '7:63.80%', '8:71.50%', '9:61.30%']
                                                                                              <-> Client 0, global : from 57.23% to 50.46%, local : from 57.20% to 89.60%, training time : 8200msec
                                                     Cluster 42, round 1, loss : 1.50, accuracy 50.46% <-
                                                     Time past : 8200msec
                                                     ['0:66.10%', '1:64.30%', '2:30.80%', '3:47.30%', '4:67.60%', '5:21.70%', '6:39.90%', '7:51.70%', '8:71.40%', '9:43.80%']
                                          0msec<-
                                          ->0msec
                                                     -> Cluster 30, loss : 1.27, accuracy 57.23%, model from round 46
                                                     ['0:59.10%', '1:65.50%', '2:40.80%', '3:39.90%', '4:49.00%', '5:46.00%', '6:75.40%', '7:63.80%', '8:71.50%', '9:61.30%']
                                                                                              <-> Client 0, global : from 57.23% to 52.36%, local : from 59.20% to 91.60%, training time : 8200msec
                                                     Cluster 30, round 1, loss : 1.49, accuracy 52.36% <-
                                                     Time past : 8200msec
                                                     ['0:43.10%', '1:69.60%', '2:30.80%', '3:13.60%', '4:37.50%', '5:66.40%', '6:70.80%', '7:63.70%', '8:74.20%', '9:53.90%']
                                          0msec<-
                                          ->0msec
                                                     -> Cluster 55, loss : 1.27, accuracy 57.23%, model from round 46
                                                     ['0:59.10%', '1:65.50%', '2:40.80%', '3:39.90%', '4:49.00%', '5:46.00%', '6:75.40%', '7:63.80%', '8:71.50%', '9:61.30%']
                                                                                              <-> Client 0, global : from 57.23% to 50.70%, local : from 57.20% to 98.60%, training time : 16200msec
                                                     Cluster 55, round 1, loss : 1.67, accuracy 50.70% <-
                                                     Time past : 16200msec
                                                     ['0:51.90%', '1:50.80%', '2:20.20%', '3:31.30%', '4:40.60%', '5:62.70%', '6:58.90%', '7:50.60%', '8:72.30%', '9:67.70%']
                                          0msec<-
                                          ->0msec
                                                     -> Cluster 56, loss : 1.27, accuracy 57.23%, model from round 46
                                                     ['0:59.10%', '1:65.50%', '2:40.80%', '3:39.90%', '4:49.00%', '5:46.00%', '6:75.40%', '7:63.80%', '8:71.50%', '9:61.30%']
                                                                                              <-> Client 0, global : from 57.23% to 51.35%, local : from 70.40% to 99.00%, training time : 16200msec
                                                     Cluster 56, round 1, loss : 1.72, accuracy 51.35% <-
                                                     Time past : 16200msec
                                                     ['0:59.10%', '1:69.90%', '2:32.70%', '3:28.10%', '4:21.80%', '5:57.40%', '6:68.90%', '7:64.50%', '8:63.00%', '9:48.10%']
                                          0msec<-
Central server round 46, loss : 1.27, accuracy :57.72%
Time past: 745200msec
['0:62.90%', '1:71.00%', '2:35.30%', '3:31.40%', '4:52.60%', '5:57.80%', '6:67.40%', '7:67.30%', '8:73.10%', '9:58.40%']
                                          ->0msec
                                                     -> Cluster 24, loss : 1.27, accuracy 57.72%, model from round 47
                                                     ['0:62.90%', '1:71.00%', '2:35.30%', '3:31.40%', '4:52.60%', '5:57.80%', '6:67.40%', '7:67.30%', '8:73.10%', '9:58.40%']
                                                                                              <-> Client 0, global : from 57.72% to 52.61%, local : from 60.00% to 93.20%, training time : 8200msec
                                                     Cluster 24, round 1, loss : 1.42, accuracy 52.61% <-
                                                     Time past : 8200msec
                                                     ['0:51.50%', '1:75.70%', '2:35.30%', '3:15.50%', '4:45.30%', '5:51.80%', '6:57.50%', '7:70.60%', '8:71.90%', '9:51.00%']
                                          0msec<-
                                          ->0msec
                                                     -> Cluster 79, loss : 1.27, accuracy 57.72%, model from round 47
                                                     ['0:62.90%', '1:71.00%', '2:35.30%', '3:31.40%', '4:52.60%', '5:57.80%', '6:67.40%', '7:67.30%', '8:73.10%', '9:58.40%']
                                                                                              <-> Client 0, global : from 57.72% to 51.44%, local : from 65.80% to 100.00%, training time : 16200msec
                                                     Cluster 79, round 1, loss : 1.63, accuracy 51.44% <-
                                                     Time past : 16200msec
                                                     ['0:50.60%', '1:70.60%', '2:33.30%', '3:40.60%', '4:40.10%', '5:41.80%', '6:61.70%', '7:50.50%', '8:72.50%', '9:52.70%']
                                          0msec<-
                                          ->0msec
                                                     -> Cluster 52, loss : 1.27, accuracy 57.72%, model from round 47
                                                     ['0:62.90%', '1:71.00%', '2:35.30%', '3:31.40%', '4:52.60%', '5:57.80%', '6:67.40%', '7:67.30%', '8:73.10%', '9:58.40%']
                                                                                              <-> Client 0, global : from 57.72% to 49.33%, local : from 58.00% to 95.60%, training time : 16200msec
                                                     Cluster 52, round 1, loss : 1.75, accuracy 49.33% <-
                                                     Time past : 16200msec
                                                     ['0:58.90%', '1:60.90%', '2:31.70%', '3:23.10%', '4:70.20%', '5:36.60%', '6:57.40%', '7:28.20%', '8:71.90%', '9:54.40%']
                                          0msec<-
                                          ->0msec
                                                     -> Cluster 61, loss : 1.27, accuracy 57.72%, model from round 47
                                                     ['0:62.90%', '1:71.00%', '2:35.30%', '3:31.40%', '4:52.60%', '5:57.80%', '6:67.40%', '7:67.30%', '8:73.10%', '9:58.40%']
                                                                                              <-> Client 0, global : from 57.72% to 51.97%, local : from 64.60% to 97.00%, training time : 16200msec
                                                     Cluster 61, round 1, loss : 1.58, accuracy 51.97% <-
                                                     Time past : 16200msec
                                                     ['0:52.70%', '1:67.00%', '2:44.50%', '3:50.40%', '4:33.50%', '5:17.90%', '6:64.80%', '7:59.50%', '8:76.30%', '9:53.10%']
                                          0msec<-
                                          ->0msec
                                                     -> Cluster 99, loss : 1.27, accuracy 57.72%, model from round 47
                                                     ['0:62.90%', '1:71.00%', '2:35.30%', '3:31.40%', '4:52.60%', '5:57.80%', '6:67.40%', '7:67.30%', '8:73.10%', '9:58.40%']
                                                                                              <-> Client 0, global : from 57.72% to 51.07%, local : from 66.00% to 99.00%, training time : 16200msec
                                                     Cluster 99, round 1, loss : 1.69, accuracy 51.07% <-
                                                     Time past : 16200msec
                                                     ['0:60.30%', '1:65.90%', '2:49.20%', '3:21.70%', '4:46.20%', '5:34.30%', '6:57.80%', '7:55.10%', '8:68.30%', '9:51.90%']
                                          0msec<-
                                          ->0msec
                                                     -> Cluster 60, loss : 1.27, accuracy 57.72%, model from round 47
                                                     ['0:62.90%', '1:71.00%', '2:35.30%', '3:31.40%', '4:52.60%', '5:57.80%', '6:67.40%', '7:67.30%', '8:73.10%', '9:58.40%']
                                                                                              <-> Client 0, global : from 57.72% to 49.41%, local : from 55.20% to 98.80%, training time : 16200msec
                                                     Cluster 60, round 1, loss : 1.65, accuracy 49.41% <-
                                                     Time past : 16200msec
                                                     ['0:48.50%', '1:63.10%', '2:35.30%', '3:29.10%', '4:39.40%', '5:57.30%', '6:52.80%', '7:49.50%', '8:66.60%', '9:52.50%']
                                          0msec<-
                                          ->0msec
                                                     -> Cluster 75, loss : 1.27, accuracy 57.72%, model from round 47
                                                     ['0:62.90%', '1:71.00%', '2:35.30%', '3:31.40%', '4:52.60%', '5:57.80%', '6:67.40%', '7:67.30%', '8:73.10%', '9:58.40%']
                                                                                              <-> Client 0, global : from 57.72% to 51.86%, local : from 58.40% to 99.60%, training time : 16200msec
                                                     Cluster 75, round 1, loss : 1.58, accuracy 51.86% <-
                                                     Time past : 16200msec
                                                     ['0:49.20%', '1:63.90%', '2:28.10%', '3:29.80%', '4:53.00%', '5:39.80%', '6:71.40%', '7:57.20%', '8:74.40%', '9:51.80%']
                                          0msec<-
                                          ->0msec
                                                     -> Cluster 4, loss : 1.27, accuracy 57.72%, model from round 47
                                                     ['0:62.90%', '1:71.00%', '2:35.30%', '3:31.40%', '4:52.60%', '5:57.80%', '6:67.40%', '7:67.30%', '8:73.10%', '9:58.40%']
                                                                                              <-> Client 0, global : from 57.72% to 49.96%, local : from 59.20% to 90.60%, training time : 8200msec
                                                     Cluster 4, round 1, loss : 1.55, accuracy 49.96% <-
                                                     Time past : 8200msec
                                                     ['0:52.80%', '1:44.90%', '2:32.40%', '3:34.50%', '4:49.40%', '5:64.50%', '6:52.60%', '7:34.20%', '8:60.60%', '9:73.70%']
                                          0msec<-
                                          ->0msec
                                                     -> Cluster 37, loss : 1.27, accuracy 57.72%, model from round 47
                                                     ['0:62.90%', '1:71.00%', '2:35.30%', '3:31.40%', '4:52.60%', '5:57.80%', '6:67.40%', '7:67.30%', '8:73.10%', '9:58.40%']
                                                                                              <-> Client 0, global : from 57.72% to 53.06%, local : from 59.00% to 95.80%, training time : 8200msec
                                                     Cluster 37, round 1, loss : 1.40, accuracy 53.06% <-
                                                     Time past : 8200msec
                                                     ['0:63.90%', '1:70.00%', '2:25.80%', '3:28.10%', '4:50.60%', '5:60.20%', '6:55.00%', '7:58.00%', '8:58.90%', '9:60.10%']
                                          0msec<-
                                          ->0msec
                                                     -> Cluster 2, loss : 1.27, accuracy 57.72%, model from round 47
                                                     ['0:62.90%', '1:71.00%', '2:35.30%', '3:31.40%', '4:52.60%', '5:57.80%', '6:67.40%', '7:67.30%', '8:73.10%', '9:58.40%']
                                                                                              <-> Client 0, global : from 57.72% to 50.19%, local : from 58.40% to 89.60%, training time : 8200msec
                                                     Cluster 2, round 1, loss : 1.53, accuracy 50.19% <-
                                                     Time past : 8200msec
                                                     ['0:63.90%', '1:63.70%', '2:25.20%', '3:64.00%', '4:47.50%', '5:29.50%', '6:43.70%', '7:41.60%', '8:70.20%', '9:52.60%']
                                          0msec<-
Central server round 47, loss : 1.28, accuracy :57.04%
Time past: 761400msec
['0:60.70%', '1:70.60%', '2:36.90%', '3:37.40%', '4:57.10%', '5:47.90%', '6:67.80%', '7:57.30%', '8:74.00%', '9:60.70%']
                                          ->0msec
                                                     -> Cluster 35, loss : 1.28, accuracy 57.04%, model from round 48
                                                     ['0:60.70%', '1:70.60%', '2:36.90%', '3:37.40%', '4:57.10%', '5:47.90%', '6:67.80%', '7:57.30%', '8:74.00%', '9:60.70%']
                                                                                              <-> Client 0, global : from 57.04% to 53.67%, local : from 57.20% to 94.00%, training time : 8200msec
                                                     Cluster 35, round 1, loss : 1.38, accuracy 53.67% <-
                                                     Time past : 8200msec
                                                     ['0:46.90%', '1:66.20%', '2:42.50%', '3:35.60%', '4:46.50%', '5:49.80%', '6:56.70%', '7:59.60%', '8:73.70%', '9:59.20%']
                                          0msec<-
                                          ->0msec
                                                     -> Cluster 62, loss : 1.28, accuracy 57.04%, model from round 48
                                                     ['0:60.70%', '1:70.60%', '2:36.90%', '3:37.40%', '4:57.10%', '5:47.90%', '6:67.80%', '7:57.30%', '8:74.00%', '9:60.70%']
                                                                                              <-> Client 0, global : from 57.04% to 51.45%, local : from 61.20% to 97.80%, training time : 16200msec
                                                     Cluster 62, round 1, loss : 1.65, accuracy 51.45% <-
                                                     Time past : 16200msec
                                                     ['0:57.70%', '1:66.80%', '2:47.70%', '3:25.20%', '4:44.20%', '5:33.80%', '6:72.40%', '7:47.20%', '8:68.90%', '9:50.60%']
                                          0msec<-
                                          ->0msec
                                                     -> Cluster 55, loss : 1.28, accuracy 57.04%, model from round 48
                                                     ['0:60.70%', '1:70.60%', '2:36.90%', '3:37.40%', '4:57.10%', '5:47.90%', '6:67.80%', '7:57.30%', '8:74.00%', '9:60.70%']
                                                                                              <-> Client 0, global : from 57.04% to 52.59%, local : from 62.00% to 100.00%, training time : 16200msec
                                                     Cluster 55, round 1, loss : 1.63, accuracy 52.59% <-
                                                     Time past : 16200msec
                                                     ['0:50.00%', '1:58.10%', '2:34.60%', '3:28.50%', '4:29.20%', '5:53.70%', '6:69.40%', '7:62.80%', '8:75.80%', '9:63.80%']
                                          0msec<-
                                          ->0msec
                                                     -> Cluster 4, loss : 1.28, accuracy 57.04%, model from round 48
                                                     ['0:60.70%', '1:70.60%', '2:36.90%', '3:37.40%', '4:57.10%', '5:47.90%', '6:67.80%', '7:57.30%', '8:74.00%', '9:60.70%']
                                                                                              <-> Client 0, global : from 57.04% to 51.38%, local : from 63.20% to 93.80%, training time : 8200msec
                                                     Cluster 4, round 1, loss : 1.50, accuracy 51.38% <-
                                                     Time past : 8200msec
                                                     ['0:41.30%', '1:70.40%', '2:34.50%', '3:43.40%', '4:41.00%', '5:42.60%', '6:65.40%', '7:52.50%', '8:57.80%', '9:64.90%']
                                          0msec<-
                                          ->0msec
                                                     -> Cluster 44, loss : 1.28, accuracy 57.04%, model from round 48
                                                     ['0:60.70%', '1:70.60%', '2:36.90%', '3:37.40%', '4:57.10%', '5:47.90%', '6:67.80%', '7:57.30%', '8:74.00%', '9:60.70%']
                                                                                              <-> Client 0, global : from 57.04% to 51.15%, local : from 64.40% to 92.80%, training time : 8200msec
                                                     Cluster 44, round 1, loss : 1.55, accuracy 51.15% <-
                                                     Time past : 8200msec
                                                     ['0:65.60%', '1:32.70%', '2:40.60%', '3:19.90%', '4:41.10%', '5:40.40%', '6:70.80%', '7:57.30%', '8:57.90%', '9:85.20%']
                                          0msec<-
                                          ->0msec
                                                     -> Cluster 59, loss : 1.28, accuracy 57.04%, model from round 48
                                                     ['0:60.70%', '1:70.60%', '2:36.90%', '3:37.40%', '4:57.10%', '5:47.90%', '6:67.80%', '7:57.30%', '8:74.00%', '9:60.70%']
                                                                                              <-> Client 0, global : from 57.04% to 50.30%, local : from 65.60% to 98.00%, training time : 16200msec
                                                     Cluster 59, round 1, loss : 1.74, accuracy 50.30% <-
                                                     Time past : 16200msec
                                                     ['0:60.30%', '1:62.00%', '2:38.60%', '3:33.70%', '4:29.00%', '5:50.30%', '6:60.20%', '7:51.50%', '8:45.00%', '9:72.40%']
                                          0msec<-
                                          ->0msec
                                                     -> Cluster 94, loss : 1.28, accuracy 57.04%, model from round 48
                                                     ['0:60.70%', '1:70.60%', '2:36.90%', '3:37.40%', '4:57.10%', '5:47.90%', '6:67.80%', '7:57.30%', '8:74.00%', '9:60.70%']
                                                                                              <-> Client 0, global : from 57.04% to 51.65%, local : from 57.00% to 99.40%, training time : 16200msec
                                                     Cluster 94, round 1, loss : 1.58, accuracy 51.65% <-
                                                     Time past : 16200msec
                                                     ['0:57.20%', '1:62.10%', '2:31.60%', '3:31.20%', '4:69.90%', '5:37.30%', '6:51.20%', '7:49.50%', '8:60.20%', '9:66.30%']
                                          0msec<-
                                          ->0msec
                                                     -> Cluster 25, loss : 1.28, accuracy 57.04%, model from round 48
                                                     ['0:60.70%', '1:70.60%', '2:36.90%', '3:37.40%', '4:57.10%', '5:47.90%', '6:67.80%', '7:57.30%', '8:74.00%', '9:60.70%']
                                                                                              <-> Client 0, global : from 57.04% to 49.25%, local : from 61.20% to 88.20%, training time : 8200msec
                                                     Cluster 25, round 1, loss : 1.52, accuracy 49.25% <-
                                                     Time past : 8200msec
                                                     ['0:52.80%', '1:83.60%', '2:35.30%', '3:55.60%', '4:54.90%', '5:32.20%', '6:33.70%', '7:63.50%', '8:50.20%', '9:30.70%']
                                          0msec<-
                                          ->0msec
                                                     -> Cluster 95, loss : 1.28, accuracy 57.04%, model from round 48
                                                     ['0:60.70%', '1:70.60%', '2:36.90%', '3:37.40%', '4:57.10%', '5:47.90%', '6:67.80%', '7:57.30%', '8:74.00%', '9:60.70%']
                                                                                              <-> Client 0, global : from 57.04% to 52.18%, local : from 52.80% to 98.60%, training time : 16200msec
                                                     Cluster 95, round 1, loss : 1.56, accuracy 52.18% <-
                                                     Time past : 16200msec
                                                     ['0:58.70%', '1:69.40%', '2:37.50%', '3:22.60%', '4:40.70%', '5:49.40%', '6:69.20%', '7:53.90%', '8:69.80%', '9:50.60%']
                                          0msec<-
                                          ->0msec
                                                     -> Cluster 36, loss : 1.28, accuracy 57.04%, model from round 48
                                                     ['0:60.70%', '1:70.60%', '2:36.90%', '3:37.40%', '4:57.10%', '5:47.90%', '6:67.80%', '7:57.30%', '8:74.00%', '9:60.70%']
                                                                                              <-> Client 0, global : from 57.04% to 51.16%, local : from 56.60% to 90.40%, training time : 8200msec
                                                     Cluster 36, round 1, loss : 1.46, accuracy 51.16% <-
                                                     Time past : 8200msec
                                                     ['0:65.60%', '1:61.00%', '2:31.90%', '3:53.10%', '4:59.80%', '5:39.20%', '6:36.60%', '7:50.80%', '8:60.60%', '9:53.00%']
                                          0msec<-
Central server round 48, loss : 1.26, accuracy :58.46%
Time past: 777600msec
['0:63.70%', '1:69.60%', '2:40.90%', '3:38.20%', '4:54.90%', '5:48.10%', '6:69.10%', '7:62.00%', '8:71.50%', '9:66.60%']
                                          ->0msec
                                                     -> Cluster 97, loss : 1.26, accuracy 58.46%, model from round 49
                                                     ['0:63.70%', '1:69.60%', '2:40.90%', '3:38.20%', '4:54.90%', '5:48.10%', '6:69.10%', '7:62.00%', '8:71.50%', '9:66.60%']
                                                                                              <-> Client 0, global : from 58.46% to 53.20%, local : from 60.60% to 99.00%, training time : 16200msec
                                                     Cluster 97, round 1, loss : 1.55, accuracy 53.20% <-
                                                     Time past : 16200msec
                                                     ['0:62.90%', '1:68.80%', '2:28.50%', '3:26.60%', '4:39.50%', '5:53.10%', '6:70.30%', '7:61.60%', '8:59.90%', '9:60.80%']
                                          0msec<-
                                          ->0msec
                                                     -> Cluster 89, loss : 1.26, accuracy 58.46%, model from round 49
                                                     ['0:63.70%', '1:69.60%', '2:40.90%', '3:38.20%', '4:54.90%', '5:48.10%', '6:69.10%', '7:62.00%', '8:71.50%', '9:66.60%']
                                                                                              <-> Client 0, global : from 58.46% to 51.72%, local : from 57.80% to 99.20%, training time : 16200msec
                                                     Cluster 89, round 1, loss : 1.60, accuracy 51.72% <-
                                                     Time past : 16200msec
                                                     ['0:49.90%', '1:57.30%', '2:36.70%', '3:43.40%', '4:41.20%', '5:46.40%', '6:58.80%', '7:55.70%', '8:74.50%', '9:53.30%']
                                          0msec<-
                                          ->0msec
                                                     -> Cluster 36, loss : 1.26, accuracy 58.46%, model from round 49
                                                     ['0:63.70%', '1:69.60%', '2:40.90%', '3:38.20%', '4:54.90%', '5:48.10%', '6:69.10%', '7:62.00%', '8:71.50%', '9:66.60%']
                                                                                              <-> Client 0, global : from 58.46% to 52.41%, local : from 59.80% to 91.80%, training time : 8200msec
                                                     Cluster 36, round 1, loss : 1.44, accuracy 52.41% <-
                                                     Time past : 8200msec
                                                     ['0:59.00%', '1:56.30%', '2:56.60%', '3:20.50%', '4:30.70%', '5:56.70%', '6:61.80%', '7:61.80%', '8:64.50%', '9:56.20%']
                                          0msec<-
                                          ->0msec
                                                     -> Cluster 48, loss : 1.26, accuracy 58.46%, model from round 49
                                                     ['0:63.70%', '1:69.60%', '2:40.90%', '3:38.20%', '4:54.90%', '5:48.10%', '6:69.10%', '7:62.00%', '8:71.50%', '9:66.60%']
                                                                                              <-> Client 0, global : from 58.46% to 49.99%, local : from 58.60% to 90.20%, training time : 8200msec
                                                     Cluster 48, round 1, loss : 1.53, accuracy 49.99% <-
                                                     Time past : 8200msec
                                                     ['0:53.70%', '1:43.30%', '2:32.50%', '3:20.40%', '4:51.10%', '5:53.60%', '6:71.80%', '7:54.70%', '8:38.10%', '9:80.70%']
                                          0msec<-
                                          ->0msec
                                                     -> Cluster 81, loss : 1.26, accuracy 58.46%, model from round 49
                                                     ['0:63.70%', '1:69.60%', '2:40.90%', '3:38.20%', '4:54.90%', '5:48.10%', '6:69.10%', '7:62.00%', '8:71.50%', '9:66.60%']
                                                                                              <-> Client 0, global : from 58.46% to 51.83%, local : from 59.00% to 99.40%, training time : 16200msec
                                                     Cluster 81, round 1, loss : 1.63, accuracy 51.83% <-
                                                     Time past : 16200msec
                                                     ['0:45.90%', '1:57.60%', '2:39.70%', '3:45.60%', '4:31.70%', '5:41.30%', '6:70.90%', '7:46.30%', '8:74.00%', '9:65.30%']
                                          0msec<-
                                          ->0msec
                                                     -> Cluster 47, loss : 1.26, accuracy 58.46%, model from round 49
                                                     ['0:63.70%', '1:69.60%', '2:40.90%', '3:38.20%', '4:54.90%', '5:48.10%', '6:69.10%', '7:62.00%', '8:71.50%', '9:66.60%']
                                                                                              <-> Client 0, global : from 58.46% to 50.40%, local : from 62.20% to 91.00%, training time : 8200msec
                                                     Cluster 47, round 1, loss : 1.57, accuracy 50.40% <-
                                                     Time past : 8200msec
                                                     ['0:39.10%', '1:72.50%', '2:19.40%', '3:25.80%', '4:43.30%', '5:68.60%', '6:55.50%', '7:54.30%', '8:79.50%', '9:46.00%']
                                          0msec<-
                                          ->0msec
                                                     -> Cluster 20, loss : 1.26, accuracy 58.46%, model from round 49
                                                     ['0:63.70%', '1:69.60%', '2:40.90%', '3:38.20%', '4:54.90%', '5:48.10%', '6:69.10%', '7:62.00%', '8:71.50%', '9:66.60%']
                                                                                              <-> Client 0, global : from 58.46% to 51.79%, local : from 59.20% to 91.20%, training time : 8200msec
                                                     Cluster 20, round 1, loss : 1.47, accuracy 51.79% <-
                                                     Time past : 8200msec
                                                     ['0:53.00%', '1:50.80%', '2:42.10%', '3:40.80%', '4:27.50%', '5:48.80%', '6:61.60%', '7:46.70%', '8:72.80%', '9:73.80%']
                                          0msec<-
                                          ->0msec
                                                     -> Cluster 55, loss : 1.26, accuracy 58.46%, model from round 49
                                                     ['0:63.70%', '1:69.60%', '2:40.90%', '3:38.20%', '4:54.90%', '5:48.10%', '6:69.10%', '7:62.00%', '8:71.50%', '9:66.60%']
                                                                                              <-> Client 0, global : from 58.46% to 52.45%, local : from 66.80% to 99.20%, training time : 16200msec
                                                     Cluster 55, round 1, loss : 1.64, accuracy 52.45% <-
                                                     Time past : 16200msec
                                                     ['0:41.40%', '1:61.20%', '2:41.80%', '3:32.00%', '4:39.10%', '5:48.60%', '6:63.70%', '7:63.50%', '8:69.90%', '9:63.30%']
                                          0msec<-
                                          ->0msec
                                                     -> Cluster 39, loss : 1.26, accuracy 58.46%, model from round 49
                                                     ['0:63.70%', '1:69.60%', '2:40.90%', '3:38.20%', '4:54.90%', '5:48.10%', '6:69.10%', '7:62.00%', '8:71.50%', '9:66.60%']
                                                                                              <-> Client 0, global : from 58.46% to 54.28%, local : from 61.00% to 93.20%, training time : 8200msec
                                                     Cluster 39, round 1, loss : 1.38, accuracy 54.28% <-
                                                     Time past : 8200msec
                                                     ['0:54.80%', '1:59.10%', '2:54.20%', '3:44.60%', '4:37.80%', '5:36.90%', '6:59.60%', '7:57.70%', '8:70.40%', '9:67.70%']
                                          0msec<-
                                          ->0msec
                                                     -> Cluster 59, loss : 1.26, accuracy 58.46%, model from round 49
                                                     ['0:63.70%', '1:69.60%', '2:40.90%', '3:38.20%', '4:54.90%', '5:48.10%', '6:69.10%', '7:62.00%', '8:71.50%', '9:66.60%']
                                                                                              <-> Client 0, global : from 58.46% to 51.78%, local : from 71.20% to 99.60%, training time : 16200msec
                                                     Cluster 59, round 1, loss : 1.66, accuracy 51.78% <-
                                                     Time past : 16200msec
                                                     ['0:64.70%', '1:67.20%', '2:34.10%', '3:27.00%', '4:40.70%', '5:46.00%', '6:57.20%', '7:64.70%', '8:60.60%', '9:55.60%']
                                          0msec<-
Central server round 49, loss : 1.27, accuracy :58.02%
Time past: 793800msec
['0:60.50%', '1:65.90%', '2:41.80%', '3:32.60%', '4:48.00%', '5:54.70%', '6:73.70%', '7:61.90%', '8:74.70%', '9:66.40%']
                                          ->0msec
                                                     -> Cluster 95, loss : 1.27, accuracy 58.02%, model from round 50
                                                     ['0:60.50%', '1:65.90%', '2:41.80%', '3:32.60%', '4:48.00%', '5:54.70%', '6:73.70%', '7:61.90%', '8:74.70%', '9:66.40%']
                                                                                              <-> Client 0, global : from 58.02% to 51.88%, local : from 59.40% to 99.20%, training time : 16200msec
                                                     Cluster 95, round 1, loss : 1.57, accuracy 51.88% <-
                                                     Time past : 16200msec
                                                     ['0:60.00%', '1:69.60%', '2:44.90%', '3:25.70%', '4:35.10%', '5:59.10%', '6:57.00%', '7:55.20%', '8:51.40%', '9:60.80%']
                                          0msec<-
                                          ->0msec
                                                     -> Cluster 31, loss : 1.27, accuracy 58.02%, model from round 50
                                                     ['0:60.50%', '1:65.90%', '2:41.80%', '3:32.60%', '4:48.00%', '5:54.70%', '6:73.70%', '7:61.90%', '8:74.70%', '9:66.40%']
                                                                                              <-> Client 0, global : from 58.02% to 50.79%, local : from 61.80% to 92.20%, training time : 8200msec
                                                     Cluster 31, round 1, loss : 1.59, accuracy 50.79% <-
                                                     Time past : 8200msec
                                                     ['0:69.30%', '1:55.90%', '2:26.30%', '3:43.00%', '4:30.90%', '5:59.10%', '6:37.10%', '7:53.70%', '8:70.10%', '9:62.50%']
                                          0msec<-
                                          ->0msec
                                                     -> Cluster 66, loss : 1.27, accuracy 58.02%, model from round 50
                                                     ['0:60.50%', '1:65.90%', '2:41.80%', '3:32.60%', '4:48.00%', '5:54.70%', '6:73.70%', '7:61.90%', '8:74.70%', '9:66.40%']
                                                                                              <-> Client 0, global : from 58.02% to 53.01%, local : from 58.40% to 99.40%, training time : 16200msec
                                                     Cluster 66, round 1, loss : 1.54, accuracy 53.01% <-
                                                     Time past : 16200msec
                                                     ['0:50.30%', '1:66.10%', '2:55.30%', '3:36.50%', '4:37.20%', '5:35.90%', '6:61.00%', '7:52.60%', '8:74.50%', '9:60.70%']
                                          0msec<-
                                          ->0msec
                                                     -> Cluster 1, loss : 1.27, accuracy 58.02%, model from round 50
                                                     ['0:60.50%', '1:65.90%', '2:41.80%', '3:32.60%', '4:48.00%', '5:54.70%', '6:73.70%', '7:61.90%', '8:74.70%', '9:66.40%']
                                                                                              <-> Client 0, global : from 58.02% to 49.75%, local : from 60.40% to 88.80%, training time : 8200msec
                                                     Cluster 1, round 1, loss : 1.57, accuracy 49.75% <-
                                                     Time past : 8200msec
                                                     ['0:28.00%', '1:63.00%', '2:29.30%', '3:62.30%', '4:42.90%', '5:39.60%', '6:53.80%', '7:37.70%', '8:81.50%', '9:59.40%']
                                          0msec<-
                                          ->0msec
                                                     -> Cluster 16, loss : 1.27, accuracy 58.02%, model from round 50
                                                     ['0:60.50%', '1:65.90%', '2:41.80%', '3:32.60%', '4:48.00%', '5:54.70%', '6:73.70%', '7:61.90%', '8:74.70%', '9:66.40%']
                                                                                              <-> Client 0, global : from 58.02% to 50.94%, local : from 61.40% to 90.40%, training time : 8200msec
                                                     Cluster 16, round 1, loss : 1.53, accuracy 50.94% <-
                                                     Time past : 8200msec
                                                     ['0:53.90%', '1:54.50%', '2:38.80%', '3:29.70%', '4:59.60%', '5:28.10%', '6:63.60%', '7:62.60%', '8:70.30%', '9:48.30%']
                                          0msec<-
                                          ->0msec
                                                     -> Cluster 80, loss : 1.27, accuracy 58.02%, model from round 50
                                                     ['0:60.50%', '1:65.90%', '2:41.80%', '3:32.60%', '4:48.00%', '5:54.70%', '6:73.70%', '7:61.90%', '8:74.70%', '9:66.40%']
                                                                                              <-> Client 0, global : from 58.02% to 52.49%, local : from 60.60% to 99.20%, training time : 16200msec
                                                     Cluster 80, round 1, loss : 1.56, accuracy 52.49% <-
                                                     Time past : 16200msec
                                                     ['0:55.90%', '1:69.20%', '2:35.50%', '3:36.40%', '4:43.00%', '5:51.60%', '6:52.80%', '7:56.00%', '8:59.20%', '9:65.30%']
                                          0msec<-
                                          ->0msec
                                                     -> Cluster 67, loss : 1.27, accuracy 58.02%, model from round 50
                                                     ['0:60.50%', '1:65.90%', '2:41.80%', '3:32.60%', '4:48.00%', '5:54.70%', '6:73.70%', '7:61.90%', '8:74.70%', '9:66.40%']
                                                                                              <-> Client 0, global : from 58.02% to 52.38%, local : from 61.20% to 99.40%, training time : 16200msec
                                                     Cluster 67, round 1, loss : 1.55, accuracy 52.38% <-
                                                     Time past : 16200msec
                                                     ['0:64.70%', '1:60.00%', '2:35.60%', '3:53.90%', '4:32.60%', '5:38.20%', '6:45.50%', '7:64.60%', '8:65.90%', '9:62.80%']
                                          0msec<-
                                          ->0msec
                                                     -> Cluster 19, loss : 1.27, accuracy 58.02%, model from round 50
                                                     ['0:60.50%', '1:65.90%', '2:41.80%', '3:32.60%', '4:48.00%', '5:54.70%', '6:73.70%', '7:61.90%', '8:74.70%', '9:66.40%']
                                                                                              <-> Client 0, global : from 58.02% to 52.68%, local : from 58.20% to 89.60%, training time : 8200msec
                                                     Cluster 19, round 1, loss : 1.46, accuracy 52.68% <-
                                                     Time past : 8200msec
                                                     ['0:60.50%', '1:56.40%', '2:51.90%', '3:26.20%', '4:50.70%', '5:34.90%', '6:75.70%', '7:42.00%', '8:72.50%', '9:56.00%']
                                          0msec<-
                                          ->0msec
                                                     -> Cluster 68, loss : 1.27, accuracy 58.02%, model from round 50
                                                     ['0:60.50%', '1:65.90%', '2:41.80%', '3:32.60%', '4:48.00%', '5:54.70%', '6:73.70%', '7:61.90%', '8:74.70%', '9:66.40%']
                                                                                              <-> Client 0, global : from 58.02% to 52.32%, local : from 60.20% to 100.00%, training time : 16200msec
                                                     Cluster 68, round 1, loss : 1.64, accuracy 52.32% <-
                                                     Time past : 16200msec
                                                     ['0:47.30%', '1:65.00%', '2:48.50%', '3:37.80%', '4:32.70%', '5:47.90%', '6:52.10%', '7:63.60%', '8:66.70%', '9:61.60%']
                                          0msec<-
                                          ->0msec
                                                     -> Cluster 2, loss : 1.27, accuracy 58.02%, model from round 50
                                                     ['0:60.50%', '1:65.90%', '2:41.80%', '3:32.60%', '4:48.00%', '5:54.70%', '6:73.70%', '7:61.90%', '8:74.70%', '9:66.40%']
                                                                                              <-> Client 0, global : from 58.02% to 49.04%, local : from 61.80% to 92.20%, training time : 8200msec
                                                     Cluster 2, round 1, loss : 1.63, accuracy 49.04% <-
                                                     Time past : 8200msec
                                                     ['0:45.60%', '1:59.40%', '2:21.40%', '3:29.20%', '4:64.20%', '5:36.30%', '6:65.10%', '7:50.80%', '8:59.40%', '9:59.00%']
                                          0msec<-
Central server round 50, loss : 1.24, accuracy :58.51%
Time past: 810000msec
['0:61.60%', '1:68.70%', '2:44.00%', '3:42.30%', '4:53.50%', '5:46.80%', '6:68.60%', '7:61.60%', '8:73.90%', '9:64.10%']
                                          ->0msec
                                                     -> Cluster 30, loss : 1.24, accuracy 58.51%, model from round 51
                                                     ['0:61.60%', '1:68.70%', '2:44.00%', '3:42.30%', '4:53.50%', '5:46.80%', '6:68.60%', '7:61.60%', '8:73.90%', '9:64.10%']
                                                                                              <-> Client 0, global : from 58.51% to 49.42%, local : from 65.20% to 95.60%, training time : 8200msec
                                                     Cluster 30, round 1, loss : 1.58, accuracy 49.42% <-
                                                     Time past : 8200msec
                                                     ['0:61.10%', '1:66.90%', '2:54.40%', '3:23.10%', '4:29.60%', '5:70.10%', '6:31.50%', '7:40.90%', '8:65.00%', '9:51.60%']
                                          0msec<-
                                          ->0msec
                                                     -> Cluster 1, loss : 1.24, accuracy 58.51%, model from round 51
                                                     ['0:61.60%', '1:68.70%', '2:44.00%', '3:42.30%', '4:53.50%', '5:46.80%', '6:68.60%', '7:61.60%', '8:73.90%', '9:64.10%']
                                                                                              <-> Client 0, global : from 58.51% to 54.73%, local : from 64.00% to 96.40%, training time : 8200msec
                                                     Cluster 1, round 1, loss : 1.39, accuracy 54.73% <-
                                                     Time past : 8200msec
                                                     ['0:61.50%', '1:73.80%', '2:41.80%', '3:48.60%', '4:46.40%', '5:44.40%', '6:54.50%', '7:56.60%', '8:68.10%', '9:51.60%']
                                          0msec<-
                                          ->0msec
                                                     -> Cluster 35, loss : 1.24, accuracy 58.51%, model from round 51
                                                     ['0:61.60%', '1:68.70%', '2:44.00%', '3:42.30%', '4:53.50%', '5:46.80%', '6:68.60%', '7:61.60%', '8:73.90%', '9:64.10%']
                                                                                              <-> Client 0, global : from 58.51% to 52.19%, local : from 61.80% to 90.60%, training time : 8200msec
                                                     Cluster 35, round 1, loss : 1.48, accuracy 52.19% <-
                                                     Time past : 8200msec
                                                     ['0:51.60%', '1:47.80%', '2:35.80%', '3:33.60%', '4:35.20%', '5:41.40%', '6:82.90%', '7:60.40%', '8:62.00%', '9:71.20%']
                                          0msec<-
                                          ->0msec
                                                     -> Cluster 55, loss : 1.24, accuracy 58.51%, model from round 51
                                                     ['0:61.60%', '1:68.70%', '2:44.00%', '3:42.30%', '4:53.50%', '5:46.80%', '6:68.60%', '7:61.60%', '8:73.90%', '9:64.10%']
                                                                                              <-> Client 0, global : from 58.51% to 53.38%, local : from 68.60% to 100.00%, training time : 16200msec
                                                     Cluster 55, round 1, loss : 1.65, accuracy 53.38% <-
                                                     Time past : 16200msec
                                                     ['0:64.00%', '1:57.10%', '2:37.80%', '3:20.40%', '4:37.20%', '5:50.70%', '6:75.20%', '7:60.50%', '8:67.50%', '9:63.40%']
                                          0msec<-
                                          ->0msec
                                                     -> Cluster 43, loss : 1.24, accuracy 58.51%, model from round 51
                                                     ['0:61.60%', '1:68.70%', '2:44.00%', '3:42.30%', '4:53.50%', '5:46.80%', '6:68.60%', '7:61.60%', '8:73.90%', '9:64.10%']
                                                                                              <-> Client 0, global : from 58.51% to 47.65%, local : from 57.80% to 82.60%, training time : 8200msec
                                                     Cluster 43, round 1, loss : 1.77, accuracy 47.65% <-
                                                     Time past : 8200msec
                                                     ['0:83.20%', '1:66.50%', '2:27.20%', '3:12.80%', '4:46.20%', '5:31.70%', '6:70.80%', '7:45.00%', '8:65.40%', '9:27.70%']
                                          0msec<-
                                          ->0msec
                                                     -> Cluster 6, loss : 1.24, accuracy 58.51%, model from round 51
                                                     ['0:61.60%', '1:68.70%', '2:44.00%', '3:42.30%', '4:53.50%', '5:46.80%', '6:68.60%', '7:61.60%', '8:73.90%', '9:64.10%']
                                                                                              <-> Client 0, global : from 58.51% to 52.33%, local : from 63.00% to 94.60%, training time : 8200msec
                                                     Cluster 6, round 1, loss : 1.49, accuracy 52.33% <-
                                                     Time past : 8200msec
                                                     ['0:69.50%', '1:62.80%', '2:30.10%', '3:23.70%', '4:39.60%', '5:73.30%', '6:57.70%', '7:53.80%', '8:49.40%', '9:63.40%']
                                          0msec<-
                                          ->0msec
                                                     -> Cluster 77, loss : 1.24, accuracy 58.51%, model from round 51
                                                     ['0:61.60%', '1:68.70%', '2:44.00%', '3:42.30%', '4:53.50%', '5:46.80%', '6:68.60%', '7:61.60%', '8:73.90%', '9:64.10%']
                                                                                              <-> Client 0, global : from 58.51% to 50.11%, local : from 62.80% to 94.20%, training time : 16200msec
                                                     Cluster 77, round 1, loss : 1.79, accuracy 50.11% <-
                                                     Time past : 16200msec
                                                     ['0:58.80%', '1:54.30%', '2:42.40%', '3:45.90%', '4:7.40%', '5:39.10%', '6:63.40%', '7:45.40%', '8:74.10%', '9:70.30%']
                                          0msec<-
                                          ->0msec
                                                     -> Cluster 69, loss : 1.24, accuracy 58.51%, model from round 51
                                                     ['0:61.60%', '1:68.70%', '2:44.00%', '3:42.30%', '4:53.50%', '5:46.80%', '6:68.60%', '7:61.60%', '8:73.90%', '9:64.10%']
                                                                                              <-> Client 0, global : from 58.51% to 53.45%, local : from 63.20% to 99.00%, training time : 16200msec
                                                     Cluster 69, round 1, loss : 1.56, accuracy 53.45% <-
                                                     Time past : 16200msec
                                                     ['0:65.90%', '1:70.00%', '2:39.30%', '3:30.50%', '4:56.60%', '5:45.30%', '6:53.40%', '7:51.90%', '8:64.40%', '9:57.20%']
                                          0msec<-
                                          ->0msec
                                                     -> Cluster 12, loss : 1.24, accuracy 58.51%, model from round 51
                                                     ['0:61.60%', '1:68.70%', '2:44.00%', '3:42.30%', '4:53.50%', '5:46.80%', '6:68.60%', '7:61.60%', '8:73.90%', '9:64.10%']
                                                                                              <-> Client 0, global : from 58.51% to 48.07%, local : from 59.60% to 86.00%, training time : 8200msec
                                                     Cluster 12, round 1, loss : 1.68, accuracy 48.07% <-
                                                     Time past : 8200msec
                                                     ['0:56.90%', '1:84.80%', '2:27.80%', '3:20.90%', '4:58.30%', '5:52.80%', '6:46.30%', '7:22.50%', '8:67.40%', '9:43.00%']
                                          0msec<-
                                          ->0msec
                                                     -> Cluster 57, loss : 1.24, accuracy 58.51%, model from round 51
                                                     ['0:61.60%', '1:68.70%', '2:44.00%', '3:42.30%', '4:53.50%', '5:46.80%', '6:68.60%', '7:61.60%', '8:73.90%', '9:64.10%']
                                                                                              <-> Client 0, global : from 58.51% to 53.04%, local : from 66.20% to 99.60%, training time : 16200msec
                                                     Cluster 57, round 1, loss : 1.65, accuracy 53.04% <-
                                                     Time past : 16200msec
                                                     ['0:43.40%', '1:57.30%', '2:27.70%', '3:42.00%', '4:54.90%', '5:35.40%', '6:66.00%', '7:68.50%', '8:68.50%', '9:66.70%']
                                          0msec<-
Central server round 51, loss : 1.26, accuracy :58.57%
Time past: 826200msec
['0:67.80%', '1:72.70%', '2:43.10%', '3:30.60%', '4:50.30%', '5:54.90%', '6:70.70%', '7:57.80%', '8:73.50%', '9:64.30%']
                                          ->0msec
                                                     -> Cluster 4, loss : 1.26, accuracy 58.57%, model from round 52
                                                     ['0:67.80%', '1:72.70%', '2:43.10%', '3:30.60%', '4:50.30%', '5:54.90%', '6:70.70%', '7:57.80%', '8:73.50%', '9:64.30%']
                                                                                              <-> Client 0, global : from 58.57% to 51.70%, local : from 65.20% to 94.80%, training time : 8200msec
                                                     Cluster 4, round 1, loss : 1.52, accuracy 51.70% <-
                                                     Time past : 8200msec
                                                     ['0:53.70%', '1:58.50%', '2:38.60%', '3:42.50%', '4:23.30%', '5:54.90%', '6:60.50%', '7:41.80%', '8:73.20%', '9:70.00%']
                                          0msec<-
                                          ->0msec
                                                     -> Cluster 80, loss : 1.26, accuracy 58.57%, model from round 52
                                                     ['0:67.80%', '1:72.70%', '2:43.10%', '3:30.60%', '4:50.30%', '5:54.90%', '6:70.70%', '7:57.80%', '8:73.50%', '9:64.30%']
                                                                                              <-> Client 0, global : from 58.57% to 53.96%, local : from 64.20% to 99.60%, training time : 16200msec
                                                     Cluster 80, round 1, loss : 1.54, accuracy 53.96% <-
                                                     Time past : 16200msec
                                                     ['0:51.60%', '1:64.40%', '2:36.60%', '3:33.00%', '4:50.60%', '5:48.00%', '6:60.90%', '7:62.90%', '8:65.30%', '9:66.30%']
                                          0msec<-
                                          ->0msec
                                                     -> Cluster 86, loss : 1.26, accuracy 58.57%, model from round 52
                                                     ['0:67.80%', '1:72.70%', '2:43.10%', '3:30.60%', '4:50.30%', '5:54.90%', '6:70.70%', '7:57.80%', '8:73.50%', '9:64.30%']
                                                                                              <-> Client 0, global : from 58.57% to 50.31%, local : from 61.20% to 99.40%, training time : 16200msec
                                                     Cluster 86, round 1, loss : 1.73, accuracy 50.31% <-
                                                     Time past : 16200msec
                                                     ['0:54.10%', '1:63.10%', '2:51.30%', '3:20.70%', '4:36.60%', '5:56.90%', '6:52.30%', '7:43.50%', '8:80.60%', '9:44.00%']
                                          0msec<-
                                          ->0msec
                                                     -> Cluster 21, loss : 1.26, accuracy 58.57%, model from round 52
                                                     ['0:67.80%', '1:72.70%', '2:43.10%', '3:30.60%', '4:50.30%', '5:54.90%', '6:70.70%', '7:57.80%', '8:73.50%', '9:64.30%']
                                                                                              <-> Client 0, global : from 58.57% to 49.45%, local : from 59.40% to 91.40%, training time : 8200msec
                                                     Cluster 21, round 1, loss : 1.58, accuracy 49.45% <-
                                                     Time past : 8200msec
                                                     ['0:46.60%', '1:30.00%', '2:43.50%', '3:63.60%', '4:18.90%', '5:26.90%', '6:55.00%', '7:58.00%', '8:74.00%', '9:78.00%']
                                          0msec<-
                                          ->0msec
                                                     -> Cluster 97, loss : 1.26, accuracy 58.57%, model from round 52
                                                     ['0:67.80%', '1:72.70%', '2:43.10%', '3:30.60%', '4:50.30%', '5:54.90%', '6:70.70%', '7:57.80%', '8:73.50%', '9:64.30%']
                                                                                              <-> Client 0, global : from 58.57% to 53.60%, local : from 60.80% to 99.80%, training time : 16200msec
                                                     Cluster 97, round 1, loss : 1.58, accuracy 53.60% <-
                                                     Time past : 16200msec
                                                     ['0:61.20%', '1:64.70%', '2:38.00%', '3:39.60%', '4:34.80%', '5:44.80%', '6:67.60%', '7:69.90%', '8:68.00%', '9:47.40%']
                                          0msec<-
                                          ->0msec
                                                     -> Cluster 72, loss : 1.26, accuracy 58.57%, model from round 52
                                                     ['0:67.80%', '1:72.70%', '2:43.10%', '3:30.60%', '4:50.30%', '5:54.90%', '6:70.70%', '7:57.80%', '8:73.50%', '9:64.30%']
                                                                                              <-> Client 0, global : from 58.57% to 52.97%, local : from 59.00% to 99.80%, training time : 16200msec
                                                     Cluster 72, round 1, loss : 1.56, accuracy 52.97% <-
                                                     Time past : 16200msec
                                                     ['0:55.60%', '1:54.20%', '2:40.00%', '3:35.90%', '4:39.10%', '5:38.50%', '6:69.60%', '7:62.80%', '8:67.20%', '9:66.80%']
                                          0msec<-
                                          ->0msec
                                                     -> Cluster 31, loss : 1.26, accuracy 58.57%, model from round 52
                                                     ['0:67.80%', '1:72.70%', '2:43.10%', '3:30.60%', '4:50.30%', '5:54.90%', '6:70.70%', '7:57.80%', '8:73.50%', '9:64.30%']
                                                                                              <-> Client 0, global : from 58.57% to 50.72%, local : from 67.60% to 93.00%, training time : 8200msec
                                                     Cluster 31, round 1, loss : 1.58, accuracy 50.72% <-
                                                     Time past : 8200msec
                                                     ['0:62.20%', '1:70.60%', '2:57.10%', '3:32.70%', '4:38.10%', '5:21.00%', '6:62.20%', '7:56.50%', '8:74.10%', '9:32.70%']
                                          0msec<-
                                          ->0msec
                                                     -> Cluster 17, loss : 1.26, accuracy 58.57%, model from round 52
                                                     ['0:67.80%', '1:72.70%', '2:43.10%', '3:30.60%', '4:50.30%', '5:54.90%', '6:70.70%', '7:57.80%', '8:73.50%', '9:64.30%']
                                                                                              <-> Client 0, global : from 58.57% to 53.03%, local : from 58.40% to 94.80%, training time : 8200msec
                                                     Cluster 17, round 1, loss : 1.43, accuracy 53.03% <-
                                                     Time past : 8200msec
                                                     ['0:60.10%', '1:45.00%', '2:50.90%', '3:35.40%', '4:42.50%', '5:36.60%', '6:55.50%', '7:65.40%', '8:77.30%', '9:61.60%']
                                          0msec<-
                                          ->0msec
                                                     -> Cluster 95, loss : 1.26, accuracy 58.57%, model from round 52
                                                     ['0:67.80%', '1:72.70%', '2:43.10%', '3:30.60%', '4:50.30%', '5:54.90%', '6:70.70%', '7:57.80%', '8:73.50%', '9:64.30%']
                                                                                              <-> Client 0, global : from 58.57% to 50.85%, local : from 61.40% to 97.20%, training time : 16200msec
                                                     Cluster 95, round 1, loss : 1.68, accuracy 50.85% <-
                                                     Time past : 16200msec
                                                     ['0:64.40%', '1:79.20%', '2:39.40%', '3:37.20%', '4:39.70%', '5:39.10%', '6:61.20%', '7:60.90%', '8:39.70%', '9:47.70%']
                                          0msec<-
                                          ->0msec
                                                     -> Cluster 52, loss : 1.26, accuracy 58.57%, model from round 52
                                                     ['0:67.80%', '1:72.70%', '2:43.10%', '3:30.60%', '4:50.30%', '5:54.90%', '6:70.70%', '7:57.80%', '8:73.50%', '9:64.30%']
                                                                                              <-> Client 0, global : from 58.57% to 51.86%, local : from 63.00% to 99.40%, training time : 16200msec
                                                     Cluster 52, round 1, loss : 1.64, accuracy 51.86% <-
                                                     Time past : 16200msec
                                                     ['0:64.80%', '1:70.20%', '2:47.80%', '3:55.10%', '4:51.50%', '5:29.90%', '6:34.60%', '7:55.40%', '8:63.50%', '9:45.80%']
                                          0msec<-
Central server round 52, loss : 1.26, accuracy :58.86%
Time past: 842400msec
['0:62.50%', '1:68.50%', '2:48.50%', '3:42.60%', '4:46.50%', '5:44.80%', '6:69.40%', '7:65.60%', '8:76.00%', '9:64.20%']
                                          ->0msec
                                                     -> Cluster 59, loss : 1.26, accuracy 58.86%, model from round 53
                                                     ['0:62.50%', '1:68.50%', '2:48.50%', '3:42.60%', '4:46.50%', '5:44.80%', '6:69.40%', '7:65.60%', '8:76.00%', '9:64.20%']
                                                                                              <-> Client 0, global : from 58.86% to 52.63%, local : from 72.20% to 99.80%, training time : 16200msec
                                                     Cluster 59, round 1, loss : 1.68, accuracy 52.63% <-
                                                     Time past : 16200msec
                                                     ['0:51.10%', '1:73.80%', '2:37.70%', '3:36.30%', '4:30.40%', '5:45.50%', '6:62.00%', '7:66.40%', '8:65.40%', '9:57.70%']
                                          0msec<-
                                          ->0msec
                                                     -> Cluster 66, loss : 1.26, accuracy 58.86%, model from round 53
                                                     ['0:62.50%', '1:68.50%', '2:48.50%', '3:42.60%', '4:46.50%', '5:44.80%', '6:69.40%', '7:65.60%', '8:76.00%', '9:64.20%']
                                                                                              <-> Client 0, global : from 58.86% to 53.39%, local : from 64.20% to 99.80%, training time : 16200msec
                                                     Cluster 66, round 1, loss : 1.56, accuracy 53.39% <-
                                                     Time past : 16200msec
                                                     ['0:55.90%', '1:58.20%', '2:59.90%', '3:34.60%', '4:46.60%', '5:45.30%', '6:55.00%', '7:52.30%', '8:61.90%', '9:64.20%']
                                          0msec<-
                                          ->0msec
                                                     -> Cluster 85, loss : 1.26, accuracy 58.86%, model from round 53
                                                     ['0:62.50%', '1:68.50%', '2:48.50%', '3:42.60%', '4:46.50%', '5:44.80%', '6:69.40%', '7:65.60%', '8:76.00%', '9:64.20%']
                                                                                              <-> Client 0, global : from 58.86% to 53.04%, local : from 60.20% to 98.80%, training time : 16200msec
                                                     Cluster 85, round 1, loss : 1.61, accuracy 53.04% <-
                                                     Time past : 16200msec
                                                     ['0:53.50%', '1:63.60%', '2:39.20%', '3:20.70%', '4:45.30%', '5:47.30%', '6:69.90%', '7:56.40%', '8:76.00%', '9:58.50%']
                                          0msec<-
                                          ->0msec
                                                     -> Cluster 96, loss : 1.26, accuracy 58.86%, model from round 53
                                                     ['0:62.50%', '1:68.50%', '2:48.50%', '3:42.60%', '4:46.50%', '5:44.80%', '6:69.40%', '7:65.60%', '8:76.00%', '9:64.20%']
                                                                                              <-> Client 0, global : from 58.86% to 51.45%, local : from 58.00% to 98.60%, training time : 16200msec
                                                     Cluster 96, round 1, loss : 1.67, accuracy 51.45% <-
                                                     Time past : 16200msec
                                                     ['0:41.10%', '1:70.30%', '2:22.00%', '3:40.00%', '4:57.60%', '5:47.50%', '6:63.20%', '7:55.30%', '8:71.60%', '9:45.90%']
                                          0msec<-
                                          ->0msec
                                                     -> Cluster 77, loss : 1.26, accuracy 58.86%, model from round 53
                                                     ['0:62.50%', '1:68.50%', '2:48.50%', '3:42.60%', '4:46.50%', '5:44.80%', '6:69.40%', '7:65.60%', '8:76.00%', '9:64.20%']
                                                                                              <-> Client 0, global : from 58.86% to 52.66%, local : from 64.60% to 99.60%, training time : 16200msec
                                                     Cluster 77, round 1, loss : 1.68, accuracy 52.66% <-
                                                     Time past : 16200msec
                                                     ['0:51.20%', '1:57.20%', '2:20.80%', '3:26.20%', '4:43.90%', '5:62.80%', '6:61.00%', '7:63.60%', '8:67.70%', '9:72.20%']
                                          0msec<-
                                          ->0msec
                                                     -> Cluster 65, loss : 1.26, accuracy 58.86%, model from round 53
                                                     ['0:62.50%', '1:68.50%', '2:48.50%', '3:42.60%', '4:46.50%', '5:44.80%', '6:69.40%', '7:65.60%', '8:76.00%', '9:64.20%']
                                                                                              <-> Client 0, global : from 58.86% to 52.78%, local : from 59.20% to 99.40%, training time : 16200msec
                                                     Cluster 65, round 1, loss : 1.60, accuracy 52.78% <-
                                                     Time past : 16200msec
                                                     ['0:71.90%', '1:62.10%', '2:46.50%', '3:35.90%', '4:37.70%', '5:48.00%', '6:58.30%', '7:59.90%', '8:52.20%', '9:55.30%']
                                          0msec<-
                                          ->0msec
                                                     -> Cluster 53, loss : 1.26, accuracy 58.86%, model from round 53
                                                     ['0:62.50%', '1:68.50%', '2:48.50%', '3:42.60%', '4:46.50%', '5:44.80%', '6:69.40%', '7:65.60%', '8:76.00%', '9:64.20%']
                                                                                              <-> Client 0, global : from 58.86% to 52.90%, local : from 60.60% to 99.80%, training time : 16200msec
                                                     Cluster 53, round 1, loss : 1.60, accuracy 52.90% <-
                                                     Time past : 16200msec
                                                     ['0:52.40%', '1:53.70%', '2:32.90%', '3:41.00%', '4:54.60%', '5:40.40%', '6:56.40%', '7:58.80%', '8:70.30%', '9:68.50%']
                                          0msec<-
                                          ->0msec
                                                     -> Cluster 47, loss : 1.26, accuracy 58.86%, model from round 53
                                                     ['0:62.50%', '1:68.50%', '2:48.50%', '3:42.60%', '4:46.50%', '5:44.80%', '6:69.40%', '7:65.60%', '8:76.00%', '9:64.20%']
                                                                                              <-> Client 0, global : from 58.86% to 53.55%, local : from 65.00% to 94.80%, training time : 8200msec
                                                     Cluster 47, round 1, loss : 1.47, accuracy 53.55% <-
                                                     Time past : 8200msec
                                                     ['0:58.00%', '1:79.30%', '2:38.70%', '3:24.30%', '4:52.60%', '5:44.30%', '6:67.60%', '7:58.80%', '8:60.20%', '9:51.70%']
                                          0msec<-
                                          ->0msec
                                                     -> Cluster 80, loss : 1.26, accuracy 58.86%, model from round 53
                                                     ['0:62.50%', '1:68.50%', '2:48.50%', '3:42.60%', '4:46.50%', '5:44.80%', '6:69.40%', '7:65.60%', '8:76.00%', '9:64.20%']
                                                                                              <-> Client 0, global : from 58.86% to 53.43%, local : from 70.00% to 99.80%, training time : 16200msec
                                                     Cluster 80, round 1, loss : 1.59, accuracy 53.43% <-
                                                     Time past : 16200msec
                                                     ['0:58.60%', '1:66.00%', '2:24.80%', '3:47.80%', '4:44.20%', '5:44.20%', '6:61.30%', '7:64.10%', '8:62.90%', '9:60.40%']
                                          0msec<-
                                          ->0msec
                                                     -> Cluster 21, loss : 1.26, accuracy 58.86%, model from round 53
                                                     ['0:62.50%', '1:68.50%', '2:48.50%', '3:42.60%', '4:46.50%', '5:44.80%', '6:69.40%', '7:65.60%', '8:76.00%', '9:64.20%']
                                                                                              <-> Client 0, global : from 58.86% to 53.61%, local : from 65.20% to 97.00%, training time : 8200msec
                                                     Cluster 21, round 1, loss : 1.46, accuracy 53.61% <-
                                                     Time past : 8200msec
                                                     ['0:54.80%', '1:53.70%', '2:48.20%', '3:30.70%', '4:33.30%', '5:39.40%', '6:64.40%', '7:68.40%', '8:72.30%', '9:70.90%']
                                          0msec<-
Central server round 53, loss : 1.29, accuracy :58.67%
Time past: 858600msec
['0:62.20%', '1:70.30%', '2:39.20%', '3:34.60%', '4:50.50%', '5:52.80%', '6:73.10%', '7:66.50%', '8:72.00%', '9:65.50%']
                                          ->0msec
                                                     -> Cluster 32, loss : 1.29, accuracy 58.67%, model from round 54
                                                     ['0:62.20%', '1:70.30%', '2:39.20%', '3:34.60%', '4:50.50%', '5:52.80%', '6:73.10%', '7:66.50%', '8:72.00%', '9:65.50%']
                                                                                              <-> Client 0, global : from 58.67% to 52.47%, local : from 61.40% to 95.80%, training time : 8200msec
                                                     Cluster 32, round 1, loss : 1.52, accuracy 52.47% <-
                                                     Time past : 8200msec
                                                     ['0:48.80%', '1:71.20%', '2:30.80%', '3:41.40%', '4:48.50%', '5:33.70%', '6:57.40%', '7:55.60%', '8:68.10%', '9:69.20%']
                                          0msec<-
                                          ->0msec
                                                     -> Cluster 57, loss : 1.29, accuracy 58.67%, model from round 54
                                                     ['0:62.20%', '1:70.30%', '2:39.20%', '3:34.60%', '4:50.50%', '5:52.80%', '6:73.10%', '7:66.50%', '8:72.00%', '9:65.50%']
                                                                                              <-> Client 0, global : from 58.67% to 52.60%, local : from 69.00% to 99.80%, training time : 16200msec
                                                     Cluster 57, round 1, loss : 1.67, accuracy 52.60% <-
                                                     Time past : 16200msec
                                                     ['0:57.30%', '1:63.60%', '2:48.40%', '3:34.10%', '4:30.40%', '5:32.70%', '6:71.40%', '7:72.40%', '8:57.00%', '9:58.70%']
                                          0msec<-
                                          ->0msec
                                                     -> Cluster 36, loss : 1.29, accuracy 58.67%, model from round 54
                                                     ['0:62.20%', '1:70.30%', '2:39.20%', '3:34.60%', '4:50.50%', '5:52.80%', '6:73.10%', '7:66.50%', '8:72.00%', '9:65.50%']
                                                                                              <-> Client 0, global : from 58.67% to 53.14%, local : from 59.60% to 96.40%, training time : 8200msec
                                                     Cluster 36, round 1, loss : 1.46, accuracy 53.14% <-
                                                     Time past : 8200msec
                                                     ['0:55.60%', '1:67.90%', '2:44.50%', '3:25.40%', '4:48.40%', '5:58.50%', '6:48.20%', '7:59.80%', '8:60.90%', '9:62.20%']
                                          0msec<-
                                          ->0msec
                                                     -> Cluster 67, loss : 1.29, accuracy 58.67%, model from round 54
                                                     ['0:62.20%', '1:70.30%', '2:39.20%', '3:34.60%', '4:50.50%', '5:52.80%', '6:73.10%', '7:66.50%', '8:72.00%', '9:65.50%']
                                                                                              <-> Client 0, global : from 58.67% to 52.93%, local : from 62.40% to 100.00%, training time : 16200msec
                                                     Cluster 67, round 1, loss : 1.60, accuracy 52.93% <-
                                                     Time past : 16200msec
                                                     ['0:69.20%', '1:65.20%', '2:29.00%', '3:52.00%', '4:36.10%', '5:38.60%', '6:58.60%', '7:71.40%', '8:54.60%', '9:54.60%']
                                          0msec<-
                                          ->0msec
                                                     -> Cluster 19, loss : 1.29, accuracy 58.67%, model from round 54
                                                     ['0:62.20%', '1:70.30%', '2:39.20%', '3:34.60%', '4:50.50%', '5:52.80%', '6:73.10%', '7:66.50%', '8:72.00%', '9:65.50%']
                                                                                              <-> Client 0, global : from 58.67% to 53.12%, local : from 59.80% to 92.20%, training time : 8200msec
                                                     Cluster 19, round 1, loss : 1.47, accuracy 53.12% <-
                                                     Time past : 8200msec
                                                     ['0:36.90%', '1:66.70%', '2:41.40%', '3:21.20%', '4:42.30%', '5:62.50%', '6:78.60%', '7:58.50%', '8:71.50%', '9:51.60%']
                                          0msec<-
                                          ->0msec
                                                     -> Cluster 73, loss : 1.29, accuracy 58.67%, model from round 54
                                                     ['0:62.20%', '1:70.30%', '2:39.20%', '3:34.60%', '4:50.50%', '5:52.80%', '6:73.10%', '7:66.50%', '8:72.00%', '9:65.50%']
                                                                                              <-> Client 0, global : from 58.67% to 53.31%, local : from 56.40% to 99.80%, training time : 16200msec
                                                     Cluster 73, round 1, loss : 1.57, accuracy 53.31% <-
                                                     Time past : 16200msec
                                                     ['0:58.00%', '1:60.90%', '2:40.00%', '3:41.10%', '4:45.30%', '5:37.40%', '6:67.70%', '7:62.40%', '8:62.60%', '9:57.70%']
                                          0msec<-
                                          ->0msec
                                                     -> Cluster 40, loss : 1.29, accuracy 58.67%, model from round 54
                                                     ['0:62.20%', '1:70.30%', '2:39.20%', '3:34.60%', '4:50.50%', '5:52.80%', '6:73.10%', '7:66.50%', '8:72.00%', '9:65.50%']
                                                                                              <-> Client 0, global : from 58.67% to 52.78%, local : from 63.20% to 98.60%, training time : 8200msec
                                                     Cluster 40, round 1, loss : 1.48, accuracy 52.78% <-
                                                     Time past : 8200msec
                                                     ['0:54.80%', '1:63.80%', '2:36.70%', '3:31.60%', '4:55.00%', '5:46.50%', '6:59.60%', '7:57.50%', '8:76.70%', '9:45.60%']
                                          0msec<-
                                          ->0msec
                                                     -> Cluster 17, loss : 1.29, accuracy 58.67%, model from round 54
                                                     ['0:62.20%', '1:70.30%', '2:39.20%', '3:34.60%', '4:50.50%', '5:52.80%', '6:73.10%', '7:66.50%', '8:72.00%', '9:65.50%']
                                                                                              <-> Client 0, global : from 58.67% to 52.31%, local : from 60.80% to 93.00%, training time : 8200msec
                                                     Cluster 17, round 1, loss : 1.52, accuracy 52.31% <-
                                                     Time past : 8200msec
                                                     ['0:43.60%', '1:56.10%', '2:37.00%', '3:33.70%', '4:36.50%', '5:46.00%', '6:69.00%', '7:58.30%', '8:82.50%', '9:60.40%']
                                          0msec<-
                                          ->0msec
                                                     -> Cluster 66, loss : 1.29, accuracy 58.67%, model from round 54
                                                     ['0:62.20%', '1:70.30%', '2:39.20%', '3:34.60%', '4:50.50%', '5:52.80%', '6:73.10%', '7:66.50%', '8:72.00%', '9:65.50%']
                                                                                              <-> Client 0, global : from 58.67% to 54.61%, local : from 67.60% to 100.00%, training time : 16200msec
                                                     Cluster 66, round 1, loss : 1.56, accuracy 54.61% <-
                                                     Time past : 16200msec
                                                     ['0:48.20%', '1:65.50%', '2:48.10%', '3:41.30%', '4:44.10%', '5:48.10%', '6:52.00%', '7:64.90%', '8:72.50%', '9:61.40%']
                                          0msec<-
                                          ->0msec
                                                     -> Cluster 4, loss : 1.29, accuracy 58.67%, model from round 54
                                                     ['0:62.20%', '1:70.30%', '2:39.20%', '3:34.60%', '4:50.50%', '5:52.80%', '6:73.10%', '7:66.50%', '8:72.00%', '9:65.50%']
                                                                                              <-> Client 0, global : from 58.67% to 48.34%, local : from 65.60% to 90.60%, training time : 8200msec
                                                     Cluster 4, round 1, loss : 1.73, accuracy 48.34% <-
                                                     Time past : 8200msec
                                                     ['0:17.90%', '1:46.60%', '2:32.10%', '3:30.10%', '4:22.30%', '5:59.80%', '6:82.50%', '7:48.10%', '8:77.10%', '9:66.90%']
                                          0msec<-
Central server round 54, loss : 1.26, accuracy :58.77%
Time past: 874800msec
['0:59.80%', '1:69.30%', '2:41.80%', '3:38.40%', '4:49.30%', '5:49.40%', '6:74.20%', '7:67.70%', '8:74.10%', '9:63.70%']
                                          ->0msec
                                                     -> Cluster 35, loss : 1.26, accuracy 58.77%, model from round 55
                                                     ['0:59.80%', '1:69.30%', '2:41.80%', '3:38.40%', '4:49.30%', '5:49.40%', '6:74.20%', '7:67.70%', '8:74.10%', '9:63.70%']
                                                                                              <-> Client 0, global : from 58.77% to 53.10%, local : from 60.80% to 95.00%, training time : 8200msec
                                                     Cluster 35, round 1, loss : 1.47, accuracy 53.10% <-
                                                     Time past : 8200msec
                                                     ['0:62.40%', '1:56.00%', '2:44.40%', '3:40.40%', '4:57.90%', '5:35.80%', '6:55.10%', '7:55.10%', '8:70.20%', '9:53.70%']
                                          0msec<-
                                          ->0msec
                                                     -> Cluster 90, loss : 1.26, accuracy 58.77%, model from round 55
                                                     ['0:59.80%', '1:69.30%', '2:41.80%', '3:38.40%', '4:49.30%', '5:49.40%', '6:74.20%', '7:67.70%', '8:74.10%', '9:63.70%']
                                                                                              <-> Client 0, global : from 58.77% to 54.23%, local : from 64.80% to 100.00%, training time : 16200msec
                                                     Cluster 90, round 1, loss : 1.62, accuracy 54.23% <-
                                                     Time past : 16200msec
                                                     ['0:51.50%', '1:59.10%', '2:34.10%', '3:35.90%', '4:41.00%', '5:44.60%', '6:72.50%', '7:64.10%', '8:74.30%', '9:65.20%']
                                          0msec<-
                                          ->0msec
                                                     -> Cluster 96, loss : 1.26, accuracy 58.77%, model from round 55
                                                     ['0:59.80%', '1:69.30%', '2:41.80%', '3:38.40%', '4:49.30%', '5:49.40%', '6:74.20%', '7:67.70%', '8:74.10%', '9:63.70%']
                                                                                              <-> Client 0, global : from 58.77% to 53.15%, local : from 63.00% to 100.00%, training time : 16200msec
                                                     Cluster 96, round 1, loss : 1.62, accuracy 53.15% <-
                                                     Time past : 16200msec
                                                     ['0:65.50%', '1:65.20%', '2:31.20%', '3:33.60%', '4:57.60%', '5:41.00%', '6:65.00%', '7:56.90%', '8:61.60%', '9:53.90%']
                                          0msec<-
                                          ->0msec
                                                     -> Cluster 34, loss : 1.26, accuracy 58.77%, model from round 55
                                                     ['0:59.80%', '1:69.30%', '2:41.80%', '3:38.40%', '4:49.30%', '5:49.40%', '6:74.20%', '7:67.70%', '8:74.10%', '9:63.70%']
                                                                                              <-> Client 0, global : from 58.77% to 53.11%, local : from 56.60% to 95.20%, training time : 8200msec
                                                     Cluster 34, round 1, loss : 1.47, accuracy 53.11% <-
                                                     Time past : 8200msec
                                                     ['0:68.30%', '1:56.40%', '2:30.70%', '3:51.50%', '4:38.00%', '5:45.80%', '6:50.60%', '7:64.60%', '8:59.90%', '9:65.30%']
                                          0msec<-
                                          ->0msec
                                                     -> Cluster 13, loss : 1.26, accuracy 58.77%, model from round 55
                                                     ['0:59.80%', '1:69.30%', '2:41.80%', '3:38.40%', '4:49.30%', '5:49.40%', '6:74.20%', '7:67.70%', '8:74.10%', '9:63.70%']
                                                                                              <-> Client 0, global : from 58.77% to 53.42%, local : from 62.00% to 97.40%, training time : 8200msec
                                                     Cluster 13, round 1, loss : 1.46, accuracy 53.42% <-
                                                     Time past : 8200msec
                                                     ['0:66.10%', '1:58.70%', '2:32.20%', '3:41.40%', '4:63.40%', '5:36.00%', '6:52.70%', '7:67.80%', '8:66.50%', '9:49.40%']
                                          0msec<-
                                          ->0msec
                                                     -> Cluster 55, loss : 1.26, accuracy 58.77%, model from round 55
                                                     ['0:59.80%', '1:69.30%', '2:41.80%', '3:38.40%', '4:49.30%', '5:49.40%', '6:74.20%', '7:67.70%', '8:74.10%', '9:63.70%']
                                                                                              <-> Client 0, global : from 58.77% to 54.27%, local : from 69.60% to 100.00%, training time : 16200msec
                                                     Cluster 55, round 1, loss : 1.66, accuracy 54.27% <-
                                                     Time past : 16200msec
                                                     ['0:61.20%', '1:60.30%', '2:29.30%', '3:23.50%', '4:64.10%', '5:56.60%', '6:56.10%', '7:54.00%', '8:71.40%', '9:66.20%']
                                          0msec<-
                                          ->0msec
                                                     -> Cluster 85, loss : 1.26, accuracy 58.77%, model from round 55
                                                     ['0:59.80%', '1:69.30%', '2:41.80%', '3:38.40%', '4:49.30%', '5:49.40%', '6:74.20%', '7:67.70%', '8:74.10%', '9:63.70%']
                                                                                              <-> Client 0, global : from 58.77% to 50.92%, local : from 64.80% to 98.80%, training time : 16200msec
                                                     Cluster 85, round 1, loss : 1.80, accuracy 50.92% <-
                                                     Time past : 16200msec
                                                     ['0:40.20%', '1:57.40%', '2:35.50%', '3:24.00%', '4:49.10%', '5:35.30%', '6:73.60%', '7:51.50%', '8:84.60%', '9:58.00%']
                                          0msec<-
                                          ->0msec
                                                     -> Cluster 9, loss : 1.26, accuracy 58.77%, model from round 55
                                                     ['0:59.80%', '1:69.30%', '2:41.80%', '3:38.40%', '4:49.30%', '5:49.40%', '6:74.20%', '7:67.70%', '8:74.10%', '9:63.70%']
                                                                                              <-> Client 0, global : from 58.77% to 49.65%, local : from 57.00% to 89.60%, training time : 8200msec
                                                     Cluster 9, round 1, loss : 1.62, accuracy 49.65% <-
                                                     Time past : 8200msec
                                                     ['0:43.10%', '1:52.20%', '2:17.90%', '3:33.70%', '4:71.90%', '5:53.60%', '6:54.50%', '7:49.30%', '8:66.20%', '9:54.10%']
                                          0msec<-
                                          ->0msec
                                                     -> Cluster 47, loss : 1.26, accuracy 58.77%, model from round 55
                                                     ['0:59.80%', '1:69.30%', '2:41.80%', '3:38.40%', '4:49.30%', '5:49.40%', '6:74.20%', '7:67.70%', '8:74.10%', '9:63.70%']
                                                                                              <-> Client 0, global : from 58.77% to 54.64%, local : from 67.40% to 97.80%, training time : 8200msec
                                                     Cluster 47, round 1, loss : 1.45, accuracy 54.64% <-
                                                     Time past : 8200msec
                                                     ['0:60.50%', '1:72.50%', '2:28.20%', '3:32.70%', '4:57.50%', '5:58.30%', '6:55.00%', '7:57.60%', '8:70.30%', '9:53.80%']
                                          0msec<-
                                          ->0msec
                                                     -> Cluster 4, loss : 1.26, accuracy 58.77%, model from round 55
                                                     ['0:59.80%', '1:69.30%', '2:41.80%', '3:38.40%', '4:49.30%', '5:49.40%', '6:74.20%', '7:67.70%', '8:74.10%', '9:63.70%']
                                                                                              <-> Client 0, global : from 58.77% to 52.09%, local : from 69.60% to 97.00%, training time : 8200msec
                                                     Cluster 4, round 1, loss : 1.54, accuracy 52.09% <-
                                                     Time past : 8200msec
                                                     ['0:48.70%', '1:46.50%', '2:38.60%', '3:44.00%', '4:40.20%', '5:37.40%', '6:66.70%', '7:54.60%', '8:79.60%', '9:64.60%']
                                          0msec<-
Central server round 55, loss : 1.28, accuracy :58.62%
Time past: 891000msec
['0:62.60%', '1:65.40%', '2:33.00%', '3:38.70%', '4:60.90%', '5:49.60%', '6:71.10%', '7:64.10%', '8:78.50%', '9:62.30%']
                                          ->0msec
                                                     -> Cluster 34, loss : 1.28, accuracy 58.62%, model from round 56
                                                     ['0:62.60%', '1:65.40%', '2:33.00%', '3:38.70%', '4:60.90%', '5:49.60%', '6:71.10%', '7:64.10%', '8:78.50%', '9:62.30%']
                                                                                              <-> Client 0, global : from 58.62% to 50.47%, local : from 61.80% to 93.20%, training time : 8200msec
                                                     Cluster 34, round 1, loss : 1.64, accuracy 50.47% <-
                                                     Time past : 8200msec
                                                     ['0:47.90%', '1:63.40%', '2:20.70%', '3:32.80%', '4:25.00%', '5:46.50%', '6:87.70%', '7:52.70%', '8:73.80%', '9:54.20%']
                                          0msec<-
                                          ->0msec
                                                     -> Cluster 27, loss : 1.28, accuracy 58.62%, model from round 56
                                                     ['0:62.60%', '1:65.40%', '2:33.00%', '3:38.70%', '4:60.90%', '5:49.60%', '6:71.10%', '7:64.10%', '8:78.50%', '9:62.30%']
                                                                                              <-> Client 0, global : from 58.62% to 52.73%, local : from 57.40% to 95.40%, training time : 8200msec
                                                     Cluster 27, round 1, loss : 1.46, accuracy 52.73% <-
                                                     Time past : 8200msec
                                                     ['0:32.40%', '1:60.40%', '2:31.20%', '3:35.90%', '4:51.70%', '5:48.80%', '6:66.10%', '7:57.50%', '8:66.40%', '9:76.90%']
                                          0msec<-
                                          ->0msec
                                                     -> Cluster 4, loss : 1.28, accuracy 58.62%, model from round 56
                                                     ['0:62.60%', '1:65.40%', '2:33.00%', '3:38.70%', '4:60.90%', '5:49.60%', '6:71.10%', '7:64.10%', '8:78.50%', '9:62.30%']
                                                                                              <-> Client 0, global : from 58.62% to 52.62%, local : from 72.00% to 98.40%, training time : 8200msec
                                                     Cluster 4, round 1, loss : 1.56, accuracy 52.62% <-
                                                     Time past : 8200msec
                                                     ['0:51.20%', '1:49.20%', '2:21.30%', '3:49.50%', '4:53.40%', '5:41.20%', '6:62.00%', '7:56.80%', '8:69.30%', '9:72.30%']
                                          0msec<-
                                          ->0msec
                                                     -> Cluster 40, loss : 1.28, accuracy 58.62%, model from round 56
                                                     ['0:62.60%', '1:65.40%', '2:33.00%', '3:38.70%', '4:60.90%', '5:49.60%', '6:71.10%', '7:64.10%', '8:78.50%', '9:62.30%']
                                                                                              <-> Client 0, global : from 58.62% to 53.56%, local : from 67.00% to 96.80%, training time : 8200msec
                                                     Cluster 40, round 1, loss : 1.51, accuracy 53.56% <-
                                                     Time past : 8200msec
                                                     ['0:74.90%', '1:61.10%', '2:37.40%', '3:30.20%', '4:43.50%', '5:54.40%', '6:66.40%', '7:61.50%', '8:44.10%', '9:62.10%']
                                          0msec<-
                                          ->0msec
                                                     -> Cluster 78, loss : 1.28, accuracy 58.62%, model from round 56
                                                     ['0:62.60%', '1:65.40%', '2:33.00%', '3:38.70%', '4:60.90%', '5:49.60%', '6:71.10%', '7:64.10%', '8:78.50%', '9:62.30%']
                                                                                              <-> Client 0, global : from 58.62% to 52.88%, local : from 58.20% to 99.80%, training time : 16200msec
                                                     Cluster 78, round 1, loss : 1.64, accuracy 52.88% <-
                                                     Time past : 16200msec
                                                     ['0:60.80%', '1:70.70%', '2:44.10%', '3:30.10%', '4:39.10%', '5:52.50%', '6:51.40%', '7:61.60%', '8:63.30%', '9:55.20%']
                                          0msec<-
                                          ->0msec
                                                     -> Cluster 50, loss : 1.28, accuracy 58.62%, model from round 56
                                                     ['0:62.60%', '1:65.40%', '2:33.00%', '3:38.70%', '4:60.90%', '5:49.60%', '6:71.10%', '7:64.10%', '8:78.50%', '9:62.30%']
                                                                                              <-> Client 0, global : from 58.62% to 53.26%, local : from 62.80% to 99.80%, training time : 16200msec
                                                     Cluster 50, round 1, loss : 1.66, accuracy 53.26% <-
                                                     Time past : 16200msec
                                                     ['0:66.20%', '1:57.90%', '2:25.30%', '3:39.20%', '4:62.10%', '5:42.20%', '6:52.50%', '7:57.20%', '8:63.50%', '9:66.50%']
                                          0msec<-
                                          ->0msec
                                                     -> Cluster 71, loss : 1.28, accuracy 58.62%, model from round 56
                                                     ['0:62.60%', '1:65.40%', '2:33.00%', '3:38.70%', '4:60.90%', '5:49.60%', '6:71.10%', '7:64.10%', '8:78.50%', '9:62.30%']
                                                                                              <-> Client 0, global : from 58.62% to 53.18%, local : from 61.20% to 99.80%, training time : 16200msec
                                                     Cluster 71, round 1, loss : 1.61, accuracy 53.18% <-
                                                     Time past : 16200msec
                                                     ['0:68.20%', '1:71.20%', '2:42.70%', '3:38.40%', '4:26.50%', '5:43.00%', '6:77.00%', '7:58.40%', '8:65.10%', '9:41.30%']
                                          0msec<-
                                          ->0msec
                                                     -> Cluster 36, loss : 1.28, accuracy 58.62%, model from round 56
                                                     ['0:62.60%', '1:65.40%', '2:33.00%', '3:38.70%', '4:60.90%', '5:49.60%', '6:71.10%', '7:64.10%', '8:78.50%', '9:62.30%']
                                                                                              <-> Client 0, global : from 58.62% to 52.12%, local : from 63.80% to 94.40%, training time : 8200msec
                                                     Cluster 36, round 1, loss : 1.55, accuracy 52.12% <-
                                                     Time past : 8200msec
                                                     ['0:51.10%', '1:69.30%', '2:17.70%', '3:37.10%', '4:71.50%', '5:31.00%', '6:62.70%', '7:51.70%', '8:78.00%', '9:51.10%']
                                          0msec<-
                                          ->0msec
                                                     -> Cluster 16, loss : 1.28, accuracy 58.62%, model from round 56
                                                     ['0:62.60%', '1:65.40%', '2:33.00%', '3:38.70%', '4:60.90%', '5:49.60%', '6:71.10%', '7:64.10%', '8:78.50%', '9:62.30%']
                                                                                              <-> Client 0, global : from 58.62% to 53.20%, local : from 61.60% to 97.80%, training time : 8200msec
                                                     Cluster 16, round 1, loss : 1.49, accuracy 53.20% <-
                                                     Time past : 8200msec
                                                     ['0:53.80%', '1:58.50%', '2:42.90%', '3:43.20%', '4:25.20%', '5:39.40%', '6:72.80%', '7:66.10%', '8:71.20%', '9:58.90%']
                                          0msec<-
                                          ->0msec
                                                     -> Cluster 53, loss : 1.28, accuracy 58.62%, model from round 56
                                                     ['0:62.60%', '1:65.40%', '2:33.00%', '3:38.70%', '4:60.90%', '5:49.60%', '6:71.10%', '7:64.10%', '8:78.50%', '9:62.30%']
                                                                                              <-> Client 0, global : from 58.62% to 52.84%, local : from 64.40% to 99.80%, training time : 16200msec
                                                     Cluster 53, round 1, loss : 1.64, accuracy 52.84% <-
                                                     Time past : 16200msec
                                                     ['0:58.00%', '1:52.00%', '2:31.80%', '3:48.30%', '4:51.40%', '5:38.10%', '6:50.60%', '7:64.30%', '8:67.10%', '9:66.80%']
                                          0msec<-
Central server round 56, loss : 1.27, accuracy :58.71%
Time past: 907200msec
['0:63.30%', '1:68.50%', '2:33.70%', '3:41.40%', '4:52.50%', '5:49.30%', '6:75.20%', '7:63.50%', '8:73.50%', '9:66.20%']
                                          ->0msec
                                                     -> Cluster 36, loss : 1.27, accuracy 58.71%, model from round 57
                                                     ['0:63.30%', '1:68.50%', '2:33.70%', '3:41.40%', '4:52.50%', '5:49.30%', '6:75.20%', '7:63.50%', '8:73.50%', '9:66.20%']
                                                                                              <-> Client 0, global : from 58.71% to 51.68%, local : from 69.40% to 94.20%, training time : 8200msec
                                                     Cluster 36, round 1, loss : 1.55, accuracy 51.68% <-
                                                     Time past : 8200msec
                                                     ['0:60.30%', '1:63.00%', '2:62.40%', '3:37.80%', '4:14.60%', '5:30.50%', '6:47.50%', '7:68.30%', '8:68.40%', '9:64.00%']
                                          0msec<-
                                          ->0msec
                                                     -> Cluster 88, loss : 1.27, accuracy 58.71%, model from round 57
                                                     ['0:63.30%', '1:68.50%', '2:33.70%', '3:41.40%', '4:52.50%', '5:49.30%', '6:75.20%', '7:63.50%', '8:73.50%', '9:66.20%']
                                                                                              <-> Client 0, global : from 58.71% to 54.55%, local : from 62.40% to 99.80%, training time : 16200msec
                                                     Cluster 88, round 1, loss : 1.57, accuracy 54.55% <-
                                                     Time past : 16200msec
                                                     ['0:63.50%', '1:73.40%', '2:33.60%', '3:37.90%', '4:54.80%', '5:37.30%', '6:73.30%', '7:54.90%', '8:64.10%', '9:52.70%']
                                          0msec<-
                                          ->0msec
                                                     -> Cluster 8, loss : 1.27, accuracy 58.71%, model from round 57
                                                     ['0:63.30%', '1:68.50%', '2:33.70%', '3:41.40%', '4:52.50%', '5:49.30%', '6:75.20%', '7:63.50%', '8:73.50%', '9:66.20%']
                                                                                              <-> Client 0, global : from 58.71% to 50.90%, local : from 56.80% to 91.20%, training time : 8200msec
                                                     Cluster 8, round 1, loss : 1.52, accuracy 50.90% <-
                                                     Time past : 8200msec
                                                     ['0:64.60%', '1:32.30%', '2:34.20%', '3:35.60%', '4:52.90%', '5:50.10%', '6:39.40%', '7:59.70%', '8:62.60%', '9:77.60%']
                                          0msec<-
                                          ->0msec
                                                     -> Cluster 55, loss : 1.27, accuracy 58.71%, model from round 57
                                                     ['0:63.30%', '1:68.50%', '2:33.70%', '3:41.40%', '4:52.50%', '5:49.30%', '6:75.20%', '7:63.50%', '8:73.50%', '9:66.20%']
                                                                                              <-> Client 0, global : from 58.71% to 54.46%, local : from 73.00% to 100.00%, training time : 16200msec
                                                     Cluster 55, round 1, loss : 1.68, accuracy 54.46% <-
                                                     Time past : 16200msec
                                                     ['0:62.70%', '1:65.30%', '2:25.30%', '3:32.20%', '4:52.60%', '5:60.80%', '6:55.50%', '7:61.60%', '8:68.30%', '9:60.30%']
                                          0msec<-
                                          ->0msec
                                                     -> Cluster 34, loss : 1.27, accuracy 58.71%, model from round 57
                                                     ['0:63.30%', '1:68.50%', '2:33.70%', '3:41.40%', '4:52.50%', '5:49.30%', '6:75.20%', '7:63.50%', '8:73.50%', '9:66.20%']
                                                                                              <-> Client 0, global : from 58.71% to 53.83%, local : from 67.00% to 99.40%, training time : 8200msec
                                                     Cluster 34, round 1, loss : 1.47, accuracy 53.83% <-
                                                     Time past : 8200msec
                                                     ['0:52.50%', '1:62.90%', '2:33.10%', '3:38.50%', '4:45.00%', '5:55.20%', '6:63.10%', '7:56.20%', '8:64.30%', '9:67.50%']
                                          0msec<-
                                          ->0msec
                                                     -> Cluster 61, loss : 1.27, accuracy 58.71%, model from round 57
                                                     ['0:63.30%', '1:68.50%', '2:33.70%', '3:41.40%', '4:52.50%', '5:49.30%', '6:75.20%', '7:63.50%', '8:73.50%', '9:66.20%']
                                                                                              <-> Client 0, global : from 58.71% to 55.39%, local : from 67.00% to 100.00%, training time : 16200msec
                                                     Cluster 61, round 1, loss : 1.52, accuracy 55.39% <-
                                                     Time past : 16200msec
                                                     ['0:64.40%', '1:67.70%', '2:40.00%', '3:32.30%', '4:45.70%', '5:42.90%', '6:71.00%', '7:63.40%', '8:67.80%', '9:58.70%']
                                          0msec<-
                                          ->0msec
                                                     -> Cluster 59, loss : 1.27, accuracy 58.71%, model from round 57
                                                     ['0:63.30%', '1:68.50%', '2:33.70%', '3:41.40%', '4:52.50%', '5:49.30%', '6:75.20%', '7:63.50%', '8:73.50%', '9:66.20%']
                                                                                              <-> Client 0, global : from 58.71% to 53.28%, local : from 72.20% to 99.80%, training time : 16200msec
                                                     Cluster 59, round 1, loss : 1.70, accuracy 53.28% <-
                                                     Time past : 16200msec
                                                     ['0:58.40%', '1:69.00%', '2:36.90%', '3:28.70%', '4:33.20%', '5:59.80%', '6:59.00%', '7:60.10%', '8:70.70%', '9:57.00%']
                                          0msec<-
                                          ->0msec
                                                     -> Cluster 37, loss : 1.27, accuracy 58.71%, model from round 57
                                                     ['0:63.30%', '1:68.50%', '2:33.70%', '3:41.40%', '4:52.50%', '5:49.30%', '6:75.20%', '7:63.50%', '8:73.50%', '9:66.20%']
                                                                                              <-> Client 0, global : from 58.71% to 54.31%, local : from 59.80% to 94.20%, training time : 8200msec
                                                     Cluster 37, round 1, loss : 1.49, accuracy 54.31% <-
                                                     Time past : 8200msec
                                                     ['0:59.80%', '1:69.80%', '2:15.90%', '3:30.60%', '4:62.60%', '5:33.80%', '6:74.60%', '7:69.90%', '8:71.90%', '9:54.20%']
                                          0msec<-
                                          ->0msec
                                                     -> Cluster 69, loss : 1.27, accuracy 58.71%, model from round 57
                                                     ['0:63.30%', '1:68.50%', '2:33.70%', '3:41.40%', '4:52.50%', '5:49.30%', '6:75.20%', '7:63.50%', '8:73.50%', '9:66.20%']
                                                                                              <-> Client 0, global : from 58.71% to 54.17%, local : from 66.00% to 99.60%, training time : 16200msec
                                                     Cluster 69, round 1, loss : 1.57, accuracy 54.17% <-
                                                     Time past : 16200msec
                                                     ['0:34.20%', '1:70.10%', '2:43.90%', '3:39.70%', '4:49.10%', '5:38.70%', '6:68.40%', '7:62.40%', '8:73.80%', '9:61.40%']
                                          0msec<-
                                          ->0msec
                                                     -> Cluster 71, loss : 1.27, accuracy 58.71%, model from round 57
                                                     ['0:63.30%', '1:68.50%', '2:33.70%', '3:41.40%', '4:52.50%', '5:49.30%', '6:75.20%', '7:63.50%', '8:73.50%', '9:66.20%']
                                                                                              <-> Client 0, global : from 58.71% to 53.68%, local : from 68.60% to 99.80%, training time : 16200msec
                                                     Cluster 71, round 1, loss : 1.65, accuracy 53.68% <-
                                                     Time past : 16200msec
                                                     ['0:68.80%', '1:70.90%', '2:30.10%', '3:42.20%', '4:34.30%', '5:44.10%', '6:77.30%', '7:52.40%', '8:69.60%', '9:47.10%']
                                          0msec<-
Central server round 57, loss : 1.28, accuracy :59.05%
Time past: 923400msec
['0:64.00%', '1:70.30%', '2:36.60%', '3:37.20%', '4:51.40%', '5:50.30%', '6:74.70%', '7:67.10%', '8:74.70%', '9:64.20%']
                                          ->0msec
                                                     -> Cluster 82, loss : 1.28, accuracy 59.05%, model from round 58
                                                     ['0:64.00%', '1:70.30%', '2:36.60%', '3:37.20%', '4:51.40%', '5:50.30%', '6:74.70%', '7:67.10%', '8:74.70%', '9:64.20%']
                                                                                              <-> Client 0, global : from 59.05% to 54.20%, local : from 66.60% to 100.00%, training time : 16200msec
                                                     Cluster 82, round 1, loss : 1.65, accuracy 54.20% <-
                                                     Time past : 16200msec
                                                     ['0:58.20%', '1:51.20%', '2:28.00%', '3:42.00%', '4:45.50%', '5:46.20%', '6:69.90%', '7:62.90%', '8:68.30%', '9:69.80%']
                                          0msec<-
                                          ->0msec
                                                     -> Cluster 1, loss : 1.28, accuracy 59.05%, model from round 58
                                                     ['0:64.00%', '1:70.30%', '2:36.60%', '3:37.20%', '4:51.40%', '5:50.30%', '6:74.70%', '7:67.10%', '8:74.70%', '9:64.20%']
                                                                                              <-> Client 0, global : from 59.05% to 54.37%, local : from 63.40% to 99.00%, training time : 8200msec
                                                     Cluster 1, round 1, loss : 1.43, accuracy 54.37% <-
                                                     Time past : 8200msec
                                                     ['0:70.40%', '1:61.90%', '2:39.60%', '3:53.70%', '4:46.70%', '5:43.40%', '6:54.50%', '7:60.10%', '8:57.90%', '9:55.50%']
                                          0msec<-
                                          ->0msec
                                                     -> Cluster 18, loss : 1.28, accuracy 59.05%, model from round 58
                                                     ['0:64.00%', '1:70.30%', '2:36.60%', '3:37.20%', '4:51.40%', '5:50.30%', '6:74.70%', '7:67.10%', '8:74.70%', '9:64.20%']
                                                                                              <-> Client 0, global : from 59.05% to 53.93%, local : from 64.60% to 98.80%, training time : 8200msec
                                                     Cluster 18, round 1, loss : 1.52, accuracy 53.93% <-
                                                     Time past : 8200msec
                                                     ['0:60.00%', '1:77.40%', '2:23.50%', '3:31.70%', '4:43.50%', '5:51.90%', '6:70.60%', '7:64.60%', '8:72.00%', '9:44.10%']
                                          0msec<-
                                          ->0msec
                                                     -> Cluster 50, loss : 1.28, accuracy 59.05%, model from round 58
                                                     ['0:64.00%', '1:70.30%', '2:36.60%', '3:37.20%', '4:51.40%', '5:50.30%', '6:74.70%', '7:67.10%', '8:74.70%', '9:64.20%']
                                                                                              <-> Client 0, global : from 59.05% to 54.10%, local : from 66.80% to 99.80%, training time : 16200msec
                                                     Cluster 50, round 1, loss : 1.66, accuracy 54.10% <-
                                                     Time past : 16200msec
                                                     ['0:62.80%', '1:59.40%', '2:33.30%', '3:25.40%', '4:50.30%', '5:59.50%', '6:61.70%', '7:57.80%', '8:62.70%', '9:68.10%']
                                          0msec<-
                                          ->0msec
                                                     -> Cluster 6, loss : 1.28, accuracy 59.05%, model from round 58
                                                     ['0:64.00%', '1:70.30%', '2:36.60%', '3:37.20%', '4:51.40%', '5:50.30%', '6:74.70%', '7:67.10%', '8:74.70%', '9:64.20%']
                                                                                              <-> Client 0, global : from 59.05% to 54.00%, local : from 66.00% to 98.20%, training time : 8200msec
                                                     Cluster 6, round 1, loss : 1.49, accuracy 54.00% <-
                                                     Time past : 8200msec
                                                     ['0:76.10%', '1:53.40%', '2:29.70%', '3:24.80%', '4:55.20%', '5:49.40%', '6:69.20%', '7:53.00%', '8:62.40%', '9:66.80%']
                                          0msec<-
                                          ->0msec
                                                     -> Cluster 23, loss : 1.28, accuracy 59.05%, model from round 58
                                                     ['0:64.00%', '1:70.30%', '2:36.60%', '3:37.20%', '4:51.40%', '5:50.30%', '6:74.70%', '7:67.10%', '8:74.70%', '9:64.20%']
                                                                                              <-> Client 0, global : from 59.05% to 53.64%, local : from 62.80% to 97.00%, training time : 8200msec
                                                     Cluster 23, round 1, loss : 1.55, accuracy 53.64% <-
                                                     Time past : 8200msec
                                                     ['0:70.50%', '1:72.90%', '2:32.80%', '3:27.50%', '4:40.90%', '5:34.70%', '6:78.70%', '7:60.30%', '8:71.40%', '9:46.70%']
                                          0msec<-
                                          ->0msec
                                                     -> Cluster 97, loss : 1.28, accuracy 59.05%, model from round 58
                                                     ['0:64.00%', '1:70.30%', '2:36.60%', '3:37.20%', '4:51.40%', '5:50.30%', '6:74.70%', '7:67.10%', '8:74.70%', '9:64.20%']
                                                                                              <-> Client 0, global : from 59.05% to 53.93%, local : from 64.80% to 99.80%, training time : 16200msec
                                                     Cluster 97, round 1, loss : 1.61, accuracy 53.93% <-
                                                     Time past : 16200msec
                                                     ['0:51.40%', '1:61.70%', '2:45.40%', '3:34.00%', '4:45.60%', '5:45.00%', '6:70.70%', '7:61.40%', '8:65.40%', '9:58.70%']
                                          0msec<-
                                          ->0msec
                                                     -> Cluster 80, loss : 1.28, accuracy 59.05%, model from round 58
                                                     ['0:64.00%', '1:70.30%', '2:36.60%', '3:37.20%', '4:51.40%', '5:50.30%', '6:74.70%', '7:67.10%', '8:74.70%', '9:64.20%']
                                                                                              <-> Client 0, global : from 59.05% to 55.14%, local : from 67.40% to 100.00%, training time : 16200msec
                                                     Cluster 80, round 1, loss : 1.56, accuracy 55.14% <-
                                                     Time past : 16200msec
                                                     ['0:58.30%', '1:61.20%', '2:33.00%', '3:42.40%', '4:47.40%', '5:44.20%', '6:64.50%', '7:63.70%', '8:70.50%', '9:66.20%']
                                          0msec<-
                                          ->0msec
                                                     -> Cluster 22, loss : 1.28, accuracy 59.05%, model from round 58
                                                     ['0:64.00%', '1:70.30%', '2:36.60%', '3:37.20%', '4:51.40%', '5:50.30%', '6:74.70%', '7:67.10%', '8:74.70%', '9:64.20%']
                                                                                              <-> Client 0, global : from 59.05% to 52.58%, local : from 59.40% to 94.60%, training time : 8200msec
                                                     Cluster 22, round 1, loss : 1.51, accuracy 52.58% <-
                                                     Time past : 8200msec
                                                     ['0:55.20%', '1:50.60%', '2:31.90%', '3:47.80%', '4:36.10%', '5:34.40%', '6:75.10%', '7:75.00%', '8:46.90%', '9:72.80%']
                                          0msec<-
                                          ->0msec
                                                     -> Cluster 39, loss : 1.28, accuracy 59.05%, model from round 58
                                                     ['0:64.00%', '1:70.30%', '2:36.60%', '3:37.20%', '4:51.40%', '5:50.30%', '6:74.70%', '7:67.10%', '8:74.70%', '9:64.20%']
                                                                                              <-> Client 0, global : from 59.05% to 53.14%, local : from 64.40% to 96.80%, training time : 8200msec
                                                     Cluster 39, round 1, loss : 1.54, accuracy 53.14% <-
                                                     Time past : 8200msec
                                                     ['0:42.30%', '1:74.40%', '2:46.40%', '3:23.30%', '4:30.80%', '5:64.00%', '6:74.20%', '7:55.30%', '8:72.60%', '9:48.10%']
                                          0msec<-
Central server round 58, loss : 1.27, accuracy :59.72%
Time past: 939600msec
['0:66.70%', '1:70.60%', '2:37.10%', '3:36.30%', '4:51.50%', '5:52.20%', '6:76.30%', '7:68.50%', '8:72.30%', '9:65.70%']
                                          ->0msec
                                                     -> Cluster 23, loss : 1.27, accuracy 59.72%, model from round 59
                                                     ['0:66.70%', '1:70.60%', '2:37.10%', '3:36.30%', '4:51.50%', '5:52.20%', '6:76.30%', '7:68.50%', '8:72.30%', '9:65.70%']
                                                                                              <-> Client 0, global : from 59.72% to 55.14%, local : from 66.60% to 98.00%, training time : 8200msec
                                                     Cluster 23, round 1, loss : 1.50, accuracy 55.14% <-
                                                     Time past : 8200msec
                                                     ['0:52.20%', '1:71.90%', '2:46.60%', '3:26.30%', '4:34.30%', '5:57.60%', '6:75.00%', '7:58.60%', '8:73.60%', '9:55.30%']
                                          0msec<-
                                          ->0msec
                                                     -> Cluster 3, loss : 1.27, accuracy 59.72%, model from round 59
                                                     ['0:66.70%', '1:70.60%', '2:37.10%', '3:36.30%', '4:51.50%', '5:52.20%', '6:76.30%', '7:68.50%', '8:72.30%', '9:65.70%']
                                                                                              <-> Client 0, global : from 59.72% to 49.99%, local : from 63.40% to 91.20%, training time : 8200msec
                                                     Cluster 3, round 1, loss : 1.72, accuracy 49.99% <-
                                                     Time past : 8200msec
                                                     ['0:47.30%', '1:64.50%', '2:19.90%', '3:9.80%', '4:39.30%', '5:83.00%', '6:43.30%', '7:63.80%', '8:67.90%', '9:61.10%']
                                          0msec<-
                                          ->0msec
                                                     -> Cluster 35, loss : 1.27, accuracy 59.72%, model from round 59
                                                     ['0:66.70%', '1:70.60%', '2:37.10%', '3:36.30%', '4:51.50%', '5:52.20%', '6:76.30%', '7:68.50%', '8:72.30%', '9:65.70%']
                                                                                              <-> Client 0, global : from 59.72% to 51.48%, local : from 64.40% to 92.80%, training time : 8200msec
                                                     Cluster 35, round 1, loss : 1.64, accuracy 51.48% <-
                                                     Time past : 8200msec
                                                     ['0:54.80%', '1:67.60%', '2:52.00%', '3:56.50%', '4:31.60%', '5:50.80%', '6:17.10%', '7:52.60%', '8:69.70%', '9:62.10%']
                                          0msec<-
                                          ->0msec
                                                     -> Cluster 13, loss : 1.27, accuracy 59.72%, model from round 59
                                                     ['0:66.70%', '1:70.60%', '2:37.10%', '3:36.30%', '4:51.50%', '5:52.20%', '6:76.30%', '7:68.50%', '8:72.30%', '9:65.70%']
                                                                                              <-> Client 0, global : from 59.72% to 54.18%, local : from 62.40% to 99.00%, training time : 8200msec
                                                     Cluster 13, round 1, loss : 1.48, accuracy 54.18% <-
                                                     Time past : 8200msec
                                                     ['0:70.70%', '1:68.70%', '2:34.40%', '3:43.10%', '4:63.30%', '5:35.10%', '6:61.80%', '7:58.00%', '8:63.60%', '9:43.10%']
                                          0msec<-
                                          ->0msec
                                                     -> Cluster 16, loss : 1.27, accuracy 59.72%, model from round 59
                                                     ['0:66.70%', '1:70.60%', '2:37.10%', '3:36.30%', '4:51.50%', '5:52.20%', '6:76.30%', '7:68.50%', '8:72.30%', '9:65.70%']
                                                                                              <-> Client 0, global : from 59.72% to 54.24%, local : from 65.80% to 98.40%, training time : 8200msec
                                                     Cluster 16, round 1, loss : 1.48, accuracy 54.24% <-
                                                     Time past : 8200msec
                                                     ['0:53.50%', '1:66.10%', '2:41.50%', '3:35.00%', '4:37.00%', '5:49.80%', '6:60.90%', '7:61.40%', '8:78.20%', '9:59.00%']
                                          0msec<-
                                          ->0msec
                                                     -> Cluster 14, loss : 1.27, accuracy 59.72%, model from round 59
                                                     ['0:66.70%', '1:70.60%', '2:37.10%', '3:36.30%', '4:51.50%', '5:52.20%', '6:76.30%', '7:68.50%', '8:72.30%', '9:65.70%']
                                                                                              <-> Client 0, global : from 59.72% to 53.05%, local : from 66.60% to 98.40%, training time : 8200msec
                                                     Cluster 14, round 1, loss : 1.58, accuracy 53.05% <-
                                                     Time past : 8200msec
                                                     ['0:44.80%', '1:59.70%', '2:46.30%', '3:12.20%', '4:50.10%', '5:67.70%', '6:55.90%', '7:63.90%', '8:63.90%', '9:66.00%']
                                          0msec<-
                                          ->0msec
                                                     -> Cluster 18, loss : 1.27, accuracy 59.72%, model from round 59
                                                     ['0:66.70%', '1:70.60%', '2:37.10%', '3:36.30%', '4:51.50%', '5:52.20%', '6:76.30%', '7:68.50%', '8:72.30%', '9:65.70%']
                                                                                              <-> Client 0, global : from 59.72% to 52.63%, local : from 68.00% to 96.80%, training time : 8200msec
                                                     Cluster 18, round 1, loss : 1.60, accuracy 52.63% <-
                                                     Time past : 8200msec
                                                     ['0:61.50%', '1:66.70%', '2:36.90%', '3:68.00%', '4:22.90%', '5:27.00%', '6:50.60%', '7:58.20%', '8:75.70%', '9:58.80%']
                                          0msec<-
                                          ->0msec
                                                     -> Cluster 37, loss : 1.27, accuracy 59.72%, model from round 59
                                                     ['0:66.70%', '1:70.60%', '2:37.10%', '3:36.30%', '4:51.50%', '5:52.20%', '6:76.30%', '7:68.50%', '8:72.30%', '9:65.70%']
                                                                                              <-> Client 0, global : from 59.72% to 52.52%, local : from 65.40% to 95.60%, training time : 8200msec
                                                     Cluster 37, round 1, loss : 1.60, accuracy 52.52% <-
                                                     Time past : 8200msec
                                                     ['0:51.80%', '1:59.90%', '2:21.80%', '3:36.00%', '4:60.50%', '5:62.20%', '6:55.10%', '7:66.90%', '8:51.20%', '9:59.80%']
                                          0msec<-
                                          ->0msec
                                                     -> Cluster 49, loss : 1.27, accuracy 59.72%, model from round 59
                                                     ['0:66.70%', '1:70.60%', '2:37.10%', '3:36.30%', '4:51.50%', '5:52.20%', '6:76.30%', '7:68.50%', '8:72.30%', '9:65.70%']
                                                                                              <-> Client 0, global : from 59.72% to 54.92%, local : from 60.00% to 98.40%, training time : 8200msec
                                                     Cluster 49, round 1, loss : 1.41, accuracy 54.92% <-
                                                     Time past : 8200msec
                                                     ['0:64.00%', '1:64.60%', '2:38.80%', '3:29.40%', '4:51.30%', '5:52.50%', '6:64.90%', '7:53.50%', '8:59.60%', '9:70.60%']
                                          0msec<-
                                          ->0msec
                                                     -> Cluster 45, loss : 1.27, accuracy 59.72%, model from round 59
                                                     ['0:66.70%', '1:70.60%', '2:37.10%', '3:36.30%', '4:51.50%', '5:52.20%', '6:76.30%', '7:68.50%', '8:72.30%', '9:65.70%']
                                                                                              <-> Client 0, global : from 59.72% to 50.43%, local : from 61.80% to 91.40%, training time : 8200msec
                                                     Cluster 45, round 1, loss : 1.66, accuracy 50.43% <-
                                                     Time past : 8200msec
                                                     ['0:69.90%', '1:61.20%', '2:21.50%', '3:32.10%', '4:80.10%', '5:38.50%', '6:40.80%', '7:49.20%', '8:66.30%', '9:44.70%']
                                          0msec<-
Central server round 59, loss : 1.24, accuracy :59.37%
Time past: 947800msec
['0:62.20%', '1:72.40%', '2:37.30%', '3:34.70%', '4:57.70%', '5:59.00%', '6:67.60%', '7:66.70%', '8:74.60%', '9:61.50%']
                                          ->0msec
                                                     -> Cluster 13, loss : 1.24, accuracy 59.37%, model from round 60
                                                     ['0:62.20%', '1:72.40%', '2:37.30%', '3:34.70%', '4:57.70%', '5:59.00%', '6:67.60%', '7:66.70%', '8:74.60%', '9:61.50%']
                                                                                              <-> Client 0, global : from 59.37% to 54.35%, local : from 68.80% to 100.00%, training time : 8200msec
                                                     Cluster 13, round 1, loss : 1.49, accuracy 54.35% <-
                                                     Time past : 8200msec
                                                     ['0:67.20%', '1:61.40%', '2:36.20%', '3:41.10%', '4:59.60%', '5:33.60%', '6:62.80%', '7:57.10%', '8:76.20%', '9:48.30%']
                                          0msec<-
                                          ->0msec
                                                     -> Cluster 90, loss : 1.24, accuracy 59.37%, model from round 60
                                                     ['0:62.20%', '1:72.40%', '2:37.30%', '3:34.70%', '4:57.70%', '5:59.00%', '6:67.60%', '7:66.70%', '8:74.60%', '9:61.50%']
                                                                                              <-> Client 0, global : from 59.37% to 55.48%, local : from 68.40% to 100.00%, training time : 16200msec
                                                     Cluster 90, round 1, loss : 1.63, accuracy 55.48% <-
                                                     Time past : 16200msec
                                                     ['0:63.50%', '1:65.30%', '2:34.50%', '3:38.50%', '4:39.50%', '5:44.90%', '6:72.60%', '7:60.50%', '8:71.10%', '9:64.40%']
                                          0msec<-
                                          ->0msec
                                                     -> Cluster 40, loss : 1.24, accuracy 59.37%, model from round 60
                                                     ['0:62.20%', '1:72.40%', '2:37.30%', '3:34.70%', '4:57.70%', '5:59.00%', '6:67.60%', '7:66.70%', '8:74.60%', '9:61.50%']
                                                                                              <-> Client 0, global : from 59.37% to 54.56%, local : from 68.60% to 99.20%, training time : 8200msec
                                                     Cluster 40, round 1, loss : 1.49, accuracy 54.56% <-
                                                     Time past : 8200msec
                                                     ['0:63.10%', '1:64.50%', '2:43.80%', '3:27.70%', '4:48.50%', '5:45.50%', '6:63.60%', '7:50.40%', '8:74.90%', '9:63.60%']
                                          0msec<-
                                          ->0msec
                                                     -> Cluster 60, loss : 1.24, accuracy 59.37%, model from round 60
                                                     ['0:62.20%', '1:72.40%', '2:37.30%', '3:34.70%', '4:57.70%', '5:59.00%', '6:67.60%', '7:66.70%', '8:74.60%', '9:61.50%']
                                                                                              <-> Client 0, global : from 59.37% to 53.55%, local : from 60.80% to 100.00%, training time : 16200msec
                                                     Cluster 60, round 1, loss : 1.61, accuracy 53.55% <-
                                                     Time past : 16200msec
                                                     ['0:60.40%', '1:60.10%', '2:37.00%', '3:35.80%', '4:53.50%', '5:41.80%', '6:61.20%', '7:54.50%', '8:71.50%', '9:59.70%']
                                          0msec<-
                                          ->0msec
                                                     -> Cluster 2, loss : 1.24, accuracy 59.37%, model from round 60
                                                     ['0:62.20%', '1:72.40%', '2:37.30%', '3:34.70%', '4:57.70%', '5:59.00%', '6:67.60%', '7:66.70%', '8:74.60%', '9:61.50%']
                                                                                              <-> Client 0, global : from 59.37% to 52.65%, local : from 64.60% to 98.00%, training time : 8200msec
                                                     Cluster 2, round 1, loss : 1.53, accuracy 52.65% <-
                                                     Time past : 8200msec
                                                     ['0:57.60%', '1:58.20%', '2:25.30%', '3:30.30%', '4:42.60%', '5:44.20%', '6:80.00%', '7:61.90%', '8:63.00%', '9:63.40%']
                                          0msec<-
                                          ->0msec
                                                     -> Cluster 94, loss : 1.24, accuracy 59.37%, model from round 60
                                                     ['0:62.20%', '1:72.40%', '2:37.30%', '3:34.70%', '4:57.70%', '5:59.00%', '6:67.60%', '7:66.70%', '8:74.60%', '9:61.50%']
                                                                                              <-> Client 0, global : from 59.37% to 54.71%, local : from 61.40% to 100.00%, training time : 16200msec
                                                     Cluster 94, round 1, loss : 1.51, accuracy 54.71% <-
                                                     Time past : 16200msec
                                                     ['0:61.20%', '1:68.00%', '2:41.70%', '3:43.50%', '4:52.70%', '5:34.20%', '6:57.20%', '7:59.50%', '8:68.00%', '9:61.10%']
                                          0msec<-
                                          ->0msec
                                                     -> Cluster 44, loss : 1.24, accuracy 59.37%, model from round 60
                                                     ['0:62.20%', '1:72.40%', '2:37.30%', '3:34.70%', '4:57.70%', '5:59.00%', '6:67.60%', '7:66.70%', '8:74.60%', '9:61.50%']
                                                                                              <-> Client 0, global : from 59.37% to 53.87%, local : from 67.40% to 97.60%, training time : 8200msec
                                                     Cluster 44, round 1, loss : 1.48, accuracy 53.87% <-
                                                     Time past : 8200msec
                                                     ['0:59.60%', '1:55.70%', '2:28.10%', '3:52.90%', '4:60.30%', '5:36.90%', '6:63.70%', '7:47.30%', '8:65.00%', '9:69.20%']
                                          0msec<-
                                          ->0msec
                                                     -> Cluster 67, loss : 1.24, accuracy 59.37%, model from round 60
                                                     ['0:62.20%', '1:72.40%', '2:37.30%', '3:34.70%', '4:57.70%', '5:59.00%', '6:67.60%', '7:66.70%', '8:74.60%', '9:61.50%']
                                                                                              <-> Client 0, global : from 59.37% to 55.36%, local : from 67.20% to 100.00%, training time : 16200msec
                                                     Cluster 67, round 1, loss : 1.54, accuracy 55.36% <-
                                                     Time past : 16200msec
                                                     ['0:63.30%', '1:65.00%', '2:36.30%', '3:27.20%', '4:45.80%', '5:44.90%', '6:76.90%', '7:67.10%', '8:65.10%', '9:62.00%']
                                          0msec<-
                                          ->0msec
                                                     -> Cluster 95, loss : 1.24, accuracy 59.37%, model from round 60
                                                     ['0:62.20%', '1:72.40%', '2:37.30%', '3:34.70%', '4:57.70%', '5:59.00%', '6:67.60%', '7:66.70%', '8:74.60%', '9:61.50%']
                                                                                              <-> Client 0, global : from 59.37% to 55.42%, local : from 62.40% to 100.00%, training time : 16200msec
                                                     Cluster 95, round 1, loss : 1.57, accuracy 55.42% <-
                                                     Time past : 16200msec
                                                     ['0:59.20%', '1:68.60%', '2:47.30%', '3:37.70%', '4:44.60%', '5:51.30%', '6:63.30%', '7:56.90%', '8:71.10%', '9:54.20%']
                                          0msec<-
                                          ->0msec
                                                     -> Cluster 56, loss : 1.24, accuracy 59.37%, model from round 60
                                                     ['0:62.20%', '1:72.40%', '2:37.30%', '3:34.70%', '4:57.70%', '5:59.00%', '6:67.60%', '7:66.70%', '8:74.60%', '9:61.50%']
                                                                                              <-> Client 0, global : from 59.37% to 54.56%, local : from 71.20% to 100.00%, training time : 16200msec
                                                     Cluster 56, round 1, loss : 1.63, accuracy 54.56% <-
                                                     Time past : 16200msec
                                                     ['0:59.90%', '1:61.80%', '2:46.50%', '3:42.20%', '4:41.90%', '5:37.50%', '6:70.00%', '7:63.70%', '8:63.70%', '9:58.40%']
                                          0msec<-
Central server round 60, loss : 1.27, accuracy :59.56%
Time past: 964000msec
['0:65.40%', '1:70.30%', '2:39.60%', '3:42.60%', '4:54.30%', '5:43.30%', '6:77.40%', '7:64.00%', '8:75.60%', '9:63.10%']
                                          ->0msec
                                                     -> Cluster 38, loss : 1.27, accuracy 59.56%, model from round 61
                                                     ['0:65.40%', '1:70.30%', '2:39.60%', '3:42.60%', '4:54.30%', '5:43.30%', '6:77.40%', '7:64.00%', '8:75.60%', '9:63.10%']
                                                                                              <-> Client 0, global : from 59.56% to 50.22%, local : from 59.20% to 89.00%, training time : 8200msec
                                                     Cluster 38, round 1, loss : 1.65, accuracy 50.22% <-
                                                     Time past : 8200msec
                                                     ['0:67.80%', '1:55.80%', '2:23.90%', '3:13.70%', '4:29.10%', '5:84.80%', '6:47.70%', '7:50.80%', '8:61.40%', '9:67.20%']
                                          0msec<-
                                          ->0msec
                                                     -> Cluster 21, loss : 1.27, accuracy 59.56%, model from round 61
                                                     ['0:65.40%', '1:70.30%', '2:39.60%', '3:42.60%', '4:54.30%', '5:43.30%', '6:77.40%', '7:64.00%', '8:75.60%', '9:63.10%']
                                                                                              <-> Client 0, global : from 59.56% to 51.37%, local : from 64.60% to 91.00%, training time : 8200msec
                                                     Cluster 21, round 1, loss : 1.66, accuracy 51.37% <-
                                                     Time past : 8200msec
                                                     ['0:41.20%', '1:57.20%', '2:70.80%', '3:17.10%', '4:39.60%', '5:19.70%', '6:71.80%', '7:57.90%', '8:67.90%', '9:70.50%']
                                          0msec<-
                                          ->0msec
                                                     -> Cluster 40, loss : 1.27, accuracy 59.56%, model from round 61
                                                     ['0:65.40%', '1:70.30%', '2:39.60%', '3:42.60%', '4:54.30%', '5:43.30%', '6:77.40%', '7:64.00%', '8:75.60%', '9:63.10%']
                                                                                              <-> Client 0, global : from 59.56% to 55.12%, local : from 73.00% to 99.00%, training time : 8200msec
                                                     Cluster 40, round 1, loss : 1.56, accuracy 55.12% <-
                                                     Time past : 8200msec
                                                     ['0:63.20%', '1:68.60%', '2:40.60%', '3:18.90%', '4:34.40%', '5:53.10%', '6:80.70%', '7:62.60%', '8:70.70%', '9:58.40%']
                                          0msec<-
                                          ->0msec
                                                     -> Cluster 34, loss : 1.27, accuracy 59.56%, model from round 61
                                                     ['0:65.40%', '1:70.30%', '2:39.60%', '3:42.60%', '4:54.30%', '5:43.30%', '6:77.40%', '7:64.00%', '8:75.60%', '9:63.10%']
                                                                                              <-> Client 0, global : from 59.56% to 55.68%, local : from 64.20% to 99.00%, training time : 8200msec
                                                     Cluster 34, round 1, loss : 1.47, accuracy 55.68% <-
                                                     Time past : 8200msec
                                                     ['0:66.40%', '1:59.10%', '2:35.60%', '3:34.40%', '4:56.00%', '5:41.10%', '6:59.30%', '7:70.60%', '8:69.00%', '9:65.30%']
                                          0msec<-
                                          ->0msec
                                                     -> Cluster 25, loss : 1.27, accuracy 59.56%, model from round 61
                                                     ['0:65.40%', '1:70.30%', '2:39.60%', '3:42.60%', '4:54.30%', '5:43.30%', '6:77.40%', '7:64.00%', '8:75.60%', '9:63.10%']
                                                                                              <-> Client 0, global : from 59.56% to 54.16%, local : from 65.60% to 97.40%, training time : 8200msec
                                                     Cluster 25, round 1, loss : 1.49, accuracy 54.16% <-
                                                     Time past : 8200msec
                                                     ['0:67.10%', '1:59.40%', '2:46.80%', '3:25.90%', '4:29.60%', '5:39.60%', '6:80.90%', '7:61.00%', '8:63.90%', '9:67.40%']
                                          0msec<-
                                          ->0msec
                                                     -> Cluster 16, loss : 1.27, accuracy 59.56%, model from round 61
                                                     ['0:65.40%', '1:70.30%', '2:39.60%', '3:42.60%', '4:54.30%', '5:43.30%', '6:77.40%', '7:64.00%', '8:75.60%', '9:63.10%']
                                                                                              <-> Client 0, global : from 59.56% to 54.81%, local : from 68.20% to 99.60%, training time : 8200msec
                                                     Cluster 16, round 1, loss : 1.49, accuracy 54.81% <-
                                                     Time past : 8200msec
                                                     ['0:65.10%', '1:65.90%', '2:27.30%', '3:39.60%', '4:37.20%', '5:51.40%', '6:71.60%', '7:61.50%', '8:64.50%', '9:64.00%']
                                          0msec<-
                                          ->0msec
                                                     -> Cluster 6, loss : 1.27, accuracy 59.56%, model from round 61
                                                     ['0:65.40%', '1:70.30%', '2:39.60%', '3:42.60%', '4:54.30%', '5:43.30%', '6:77.40%', '7:64.00%', '8:75.60%', '9:63.10%']
                                                                                              <-> Client 0, global : from 59.56% to 54.47%, local : from 68.20% to 98.60%, training time : 8200msec
                                                     Cluster 6, round 1, loss : 1.46, accuracy 54.47% <-
                                                     Time past : 8200msec
                                                     ['0:73.60%', '1:70.80%', '2:56.20%', '3:32.10%', '4:45.80%', '5:35.80%', '6:52.50%', '7:63.90%', '8:63.80%', '9:50.20%']
                                          0msec<-
                                          ->0msec
                                                     -> Cluster 77, loss : 1.27, accuracy 59.56%, model from round 61
                                                     ['0:65.40%', '1:70.30%', '2:39.60%', '3:42.60%', '4:54.30%', '5:43.30%', '6:77.40%', '7:64.00%', '8:75.60%', '9:63.10%']
                                                                                              <-> Client 0, global : from 59.56% to 54.87%, local : from 67.20% to 100.00%, training time : 16200msec
                                                     Cluster 77, round 1, loss : 1.63, accuracy 54.87% <-
                                                     Time past : 16200msec
                                                     ['0:62.30%', '1:55.80%', '2:32.40%', '3:34.20%', '4:42.30%', '5:46.30%', '6:72.40%', '7:60.80%', '8:71.10%', '9:71.10%']
                                          0msec<-
                                          ->0msec
                                                     -> Cluster 7, loss : 1.27, accuracy 59.56%, model from round 61
                                                     ['0:65.40%', '1:70.30%', '2:39.60%', '3:42.60%', '4:54.30%', '5:43.30%', '6:77.40%', '7:64.00%', '8:75.60%', '9:63.10%']
                                                                                              <-> Client 0, global : from 59.56% to 53.74%, local : from 63.20% to 98.40%, training time : 8200msec
                                                     Cluster 7, round 1, loss : 1.45, accuracy 53.74% <-
                                                     Time past : 8200msec
                                                     ['0:43.00%', '1:58.70%', '2:57.70%', '3:29.70%', '4:28.60%', '5:54.00%', '6:60.80%', '7:65.30%', '8:83.90%', '9:55.70%']
                                          0msec<-
                                          ->0msec
                                                     -> Cluster 52, loss : 1.27, accuracy 59.56%, model from round 61
                                                     ['0:65.40%', '1:70.30%', '2:39.60%', '3:42.60%', '4:54.30%', '5:43.30%', '6:77.40%', '7:64.00%', '8:75.60%', '9:63.10%']
                                                                                              <-> Client 0, global : from 59.56% to 55.08%, local : from 66.60% to 100.00%, training time : 16200msec
                                                     Cluster 52, round 1, loss : 1.58, accuracy 55.08% <-
                                                     Time past : 16200msec
                                                     ['0:60.70%', '1:68.30%', '2:42.00%', '3:44.10%', '4:57.20%', '5:37.20%', '6:59.70%', '7:56.40%', '8:65.70%', '9:59.50%']
                                          0msec<-
Central server round 61, loss : 1.25, accuracy :59.63%
Time past: 980200msec
['0:64.80%', '1:69.20%', '2:47.50%', '3:29.90%', '4:47.10%', '5:51.20%', '6:77.70%', '7:66.20%', '8:75.50%', '9:67.20%']
                                          ->0msec
                                                     -> Cluster 69, loss : 1.25, accuracy 59.63%, model from round 62
                                                     ['0:64.80%', '1:69.20%', '2:47.50%', '3:29.90%', '4:47.10%', '5:51.20%', '6:77.70%', '7:66.20%', '8:75.50%', '9:67.20%']
                                                                                              <-> Client 0, global : from 59.63% to 55.51%, local : from 68.60% to 99.80%, training time : 16200msec
                                                     Cluster 69, round 1, loss : 1.56, accuracy 55.51% <-
                                                     Time past : 16200msec
                                                     ['0:64.40%', '1:66.60%', '2:38.30%', '3:35.70%', '4:52.50%', '5:48.90%', '6:60.80%', '7:58.00%', '8:65.60%', '9:64.30%']
                                          0msec<-
                                          ->0msec
                                                     -> Cluster 74, loss : 1.25, accuracy 59.63%, model from round 62
                                                     ['0:64.80%', '1:69.20%', '2:47.50%', '3:29.90%', '4:47.10%', '5:51.20%', '6:77.70%', '7:66.20%', '8:75.50%', '9:67.20%']
                                                                                              <-> Client 0, global : from 59.63% to 54.80%, local : from 63.20% to 100.00%, training time : 16200msec
                                                     Cluster 74, round 1, loss : 1.61, accuracy 54.80% <-
                                                     Time past : 16200msec
                                                     ['0:68.70%', '1:65.00%', '2:57.00%', '3:28.00%', '4:40.60%', '5:42.00%', '6:68.90%', '7:58.50%', '8:63.60%', '9:55.70%']
                                          0msec<-
                                          ->0msec
                                                     -> Cluster 56, loss : 1.25, accuracy 59.63%, model from round 62
                                                     ['0:64.80%', '1:69.20%', '2:47.50%', '3:29.90%', '4:47.10%', '5:51.20%', '6:77.70%', '7:66.20%', '8:75.50%', '9:67.20%']
                                                                                              <-> Client 0, global : from 59.63% to 54.81%, local : from 72.60% to 100.00%, training time : 16200msec
                                                     Cluster 56, round 1, loss : 1.65, accuracy 54.81% <-
                                                     Time past : 16200msec
                                                     ['0:56.40%', '1:61.50%', '2:49.90%', '3:40.90%', '4:42.70%', '5:37.80%', '6:68.00%', '7:64.00%', '8:67.30%', '9:59.60%']
                                          0msec<-
                                          ->0msec
                                                     -> Cluster 41, loss : 1.25, accuracy 59.63%, model from round 62
                                                     ['0:64.80%', '1:69.20%', '2:47.50%', '3:29.90%', '4:47.10%', '5:51.20%', '6:77.70%', '7:66.20%', '8:75.50%', '9:67.20%']
                                                                                              <-> Client 0, global : from 59.63% to 55.16%, local : from 56.40% to 98.00%, training time : 8200msec
                                                     Cluster 41, round 1, loss : 1.40, accuracy 55.16% <-
                                                     Time past : 8200msec
                                                     ['0:60.80%', '1:77.10%', '2:35.70%', '3:25.80%', '4:49.60%', '5:49.10%', '6:75.40%', '7:52.20%', '8:65.40%', '9:60.50%']
                                          0msec<-
                                          ->0msec
                                                     -> Cluster 18, loss : 1.25, accuracy 59.63%, model from round 62
                                                     ['0:64.80%', '1:69.20%', '2:47.50%', '3:29.90%', '4:47.10%', '5:51.20%', '6:77.70%', '7:66.20%', '8:75.50%', '9:67.20%']
                                                                                              <-> Client 0, global : from 59.63% to 55.74%, local : from 72.00% to 100.00%, training time : 8200msec
                                                     Cluster 18, round 1, loss : 1.48, accuracy 55.74% <-
                                                     Time past : 8200msec
                                                     ['0:63.80%', '1:72.40%', '2:35.10%', '3:47.90%', '4:40.90%', '5:35.40%', '6:73.70%', '7:65.20%', '8:72.80%', '9:50.20%']
                                          0msec<-
                                          ->0msec
                                                     -> Cluster 75, loss : 1.25, accuracy 59.63%, model from round 62
                                                     ['0:64.80%', '1:69.20%', '2:47.50%', '3:29.90%', '4:47.10%', '5:51.20%', '6:77.70%', '7:66.20%', '8:75.50%', '9:67.20%']
                                                                                              <-> Client 0, global : from 59.63% to 54.02%, local : from 62.40% to 100.00%, training time : 16200msec
                                                     Cluster 75, round 1, loss : 1.60, accuracy 54.02% <-
                                                     Time past : 16200msec
                                                     ['0:48.10%', '1:67.70%', '2:40.80%', '3:39.00%', '4:44.90%', '5:42.20%', '6:67.00%', '7:63.80%', '8:70.60%', '9:56.10%']
                                          0msec<-
                                          ->0msec
                                                     -> Cluster 76, loss : 1.25, accuracy 59.63%, model from round 62
                                                     ['0:64.80%', '1:69.20%', '2:47.50%', '3:29.90%', '4:47.10%', '5:51.20%', '6:77.70%', '7:66.20%', '8:75.50%', '9:67.20%']
                                                                                              <-> Client 0, global : from 59.63% to 54.07%, local : from 69.60% to 100.00%, training time : 16200msec
                                                     Cluster 76, round 1, loss : 1.65, accuracy 54.07% <-
                                                     Time past : 16200msec
                                                     ['0:53.80%', '1:72.10%', '2:38.90%', '3:32.60%', '4:40.10%', '5:52.90%', '6:63.60%', '7:62.90%', '8:60.40%', '9:63.40%']
                                          0msec<-
                                          ->0msec
                                                     -> Cluster 27, loss : 1.25, accuracy 59.63%, model from round 62
                                                     ['0:64.80%', '1:69.20%', '2:47.50%', '3:29.90%', '4:47.10%', '5:51.20%', '6:77.70%', '7:66.20%', '8:75.50%', '9:67.20%']
                                                                                              <-> Client 0, global : from 59.63% to 54.84%, local : from 61.00% to 98.40%, training time : 8200msec
                                                     Cluster 27, round 1, loss : 1.42, accuracy 54.84% <-
                                                     Time past : 8200msec
                                                     ['0:61.70%', '1:64.60%', '2:40.00%', '3:32.60%', '4:39.80%', '5:39.70%', '6:80.50%', '7:63.90%', '8:63.90%', '9:61.70%']
                                          0msec<-
                                          ->0msec
                                                     -> Cluster 58, loss : 1.25, accuracy 59.63%, model from round 62
                                                     ['0:64.80%', '1:69.20%', '2:47.50%', '3:29.90%', '4:47.10%', '5:51.20%', '6:77.70%', '7:66.20%', '8:75.50%', '9:67.20%']
                                                                                              <-> Client 0, global : from 59.63% to 54.70%, local : from 61.80% to 100.00%, training time : 16200msec
                                                     Cluster 58, round 1, loss : 1.60, accuracy 54.70% <-
                                                     Time past : 16200msec
                                                     ['0:58.80%', '1:72.60%', '2:37.30%', '3:35.20%', '4:48.20%', '5:49.00%', '6:62.30%', '7:63.60%', '8:70.10%', '9:49.90%']
                                          0msec<-
                                          ->0msec
                                                     -> Cluster 64, loss : 1.25, accuracy 59.63%, model from round 62
                                                     ['0:64.80%', '1:69.20%', '2:47.50%', '3:29.90%', '4:47.10%', '5:51.20%', '6:77.70%', '7:66.20%', '8:75.50%', '9:67.20%']
                                                                                              <-> Client 0, global : from 59.63% to 56.37%, local : from 63.20% to 99.80%, training time : 16200msec
                                                     Cluster 64, round 1, loss : 1.55, accuracy 56.37% <-
                                                     Time past : 16200msec
                                                     ['0:60.60%', '1:68.70%', '2:38.60%', '3:24.50%', '4:43.50%', '5:58.40%', '6:73.40%', '7:62.60%', '8:73.90%', '9:59.50%']
                                          0msec<-
Central server round 62, loss : 1.28, accuracy :59.72%
Time past: 996400msec
['0:63.30%', '1:74.70%', '2:41.60%', '3:35.80%', '4:52.60%', '5:49.60%', '6:77.90%', '7:66.70%', '8:72.60%', '9:62.40%']
                                          ->0msec
                                                     -> Cluster 77, loss : 1.28, accuracy 59.72%, model from round 63
                                                     ['0:63.30%', '1:74.70%', '2:41.60%', '3:35.80%', '4:52.60%', '5:49.60%', '6:77.90%', '7:66.70%', '8:72.60%', '9:62.40%']
                                                                                              <-> Client 0, global : from 59.72% to 54.63%, local : from 70.60% to 100.00%, training time : 16200msec
                                                     Cluster 77, round 1, loss : 1.65, accuracy 54.63% <-
                                                     Time past : 16200msec
                                                     ['0:64.30%', '1:55.70%', '2:31.20%', '3:28.80%', '4:41.20%', '5:50.60%', '6:67.00%', '7:62.40%', '8:72.10%', '9:73.00%']
                                          0msec<-
                                          ->0msec
                                                     -> Cluster 64, loss : 1.28, accuracy 59.72%, model from round 63
                                                     ['0:63.30%', '1:74.70%', '2:41.60%', '3:35.80%', '4:52.60%', '5:49.60%', '6:77.90%', '7:66.70%', '8:72.60%', '9:62.40%']
                                                                                              <-> Client 0, global : from 59.72% to 55.88%, local : from 69.40% to 100.00%, training time : 16200msec
                                                     Cluster 64, round 1, loss : 1.57, accuracy 55.88% <-
                                                     Time past : 16200msec
                                                     ['0:56.60%', '1:67.60%', '2:34.50%', '3:37.30%', '4:56.20%', '5:49.50%', '6:62.60%', '7:60.00%', '8:71.30%', '9:63.20%']
                                          0msec<-
                                          ->0msec
                                                     -> Cluster 28, loss : 1.28, accuracy 59.72%, model from round 63
                                                     ['0:63.30%', '1:74.70%', '2:41.60%', '3:35.80%', '4:52.60%', '5:49.60%', '6:77.90%', '7:66.70%', '8:72.60%', '9:62.40%']
                                                                                              <-> Client 0, global : from 59.72% to 54.04%, local : from 55.40% to 96.80%, training time : 8200msec
                                                     Cluster 28, round 1, loss : 1.47, accuracy 54.04% <-
                                                     Time past : 8200msec
                                                     ['0:61.10%', '1:52.50%', '2:38.10%', '3:37.10%', '4:60.80%', '5:35.40%', '6:73.00%', '7:43.20%', '8:69.10%', '9:70.10%']
                                          0msec<-
                                          ->0msec
                                                     -> Cluster 93, loss : 1.28, accuracy 59.72%, model from round 63
                                                     ['0:63.30%', '1:74.70%', '2:41.60%', '3:35.80%', '4:52.60%', '5:49.60%', '6:77.90%', '7:66.70%', '8:72.60%', '9:62.40%']
                                                                                              <-> Client 0, global : from 59.72% to 54.99%, local : from 63.60% to 100.00%, training time : 16200msec
                                                     Cluster 93, round 1, loss : 1.61, accuracy 54.99% <-
                                                     Time past : 16200msec
                                                     ['0:67.00%', '1:57.40%', '2:45.20%', '3:37.10%', '4:36.70%', '5:32.50%', '6:64.80%', '7:71.90%', '8:65.60%', '9:71.70%']
                                          0msec<-
                                          ->0msec
                                                     -> Cluster 43, loss : 1.28, accuracy 59.72%, model from round 63
                                                     ['0:63.30%', '1:74.70%', '2:41.60%', '3:35.80%', '4:52.60%', '5:49.60%', '6:77.90%', '7:66.70%', '8:72.60%', '9:62.40%']
                                                                                              <-> Client 0, global : from 59.72% to 52.75%, local : from 62.40% to 96.40%, training time : 8200msec
                                                     Cluster 43, round 1, loss : 1.58, accuracy 52.75% <-
                                                     Time past : 8200msec
                                                     ['0:58.40%', '1:61.30%', '2:54.00%', '3:25.90%', '4:31.40%', '5:26.70%', '6:70.50%', '7:64.10%', '8:81.80%', '9:53.40%']
                                          0msec<-
                                          ->0msec
                                                     -> Cluster 82, loss : 1.28, accuracy 59.72%, model from round 63
                                                     ['0:63.30%', '1:74.70%', '2:41.60%', '3:35.80%', '4:52.60%', '5:49.60%', '6:77.90%', '7:66.70%', '8:72.60%', '9:62.40%']
                                                                                              <-> Client 0, global : from 59.72% to 55.12%, local : from 68.60% to 100.00%, training time : 16200msec
                                                     Cluster 82, round 1, loss : 1.62, accuracy 55.12% <-
                                                     Time past : 16200msec
                                                     ['0:63.00%', '1:55.00%', '2:31.70%', '3:39.40%', '4:52.90%', '5:53.50%', '6:60.30%', '7:58.80%', '8:67.90%', '9:68.70%']
                                          0msec<-
                                          ->0msec
                                                     -> Cluster 31, loss : 1.28, accuracy 59.72%, model from round 63
                                                     ['0:63.30%', '1:74.70%', '2:41.60%', '3:35.80%', '4:52.60%', '5:49.60%', '6:77.90%', '7:66.70%', '8:72.60%', '9:62.40%']
                                                                                              <-> Client 0, global : from 59.72% to 54.28%, local : from 65.20% to 98.80%, training time : 8200msec
                                                     Cluster 31, round 1, loss : 1.50, accuracy 54.28% <-
                                                     Time past : 8200msec
                                                     ['0:68.50%', '1:61.20%', '2:23.90%', '3:49.70%', '4:48.90%', '5:50.10%', '6:58.00%', '7:58.70%', '8:63.90%', '9:59.90%']
                                          0msec<-
                                          ->0msec
                                                     -> Cluster 36, loss : 1.28, accuracy 59.72%, model from round 63
                                                     ['0:63.30%', '1:74.70%', '2:41.60%', '3:35.80%', '4:52.60%', '5:49.60%', '6:77.90%', '7:66.70%', '8:72.60%', '9:62.40%']
                                                                                              <-> Client 0, global : from 59.72% to 54.25%, local : from 68.40% to 98.00%, training time : 8200msec
                                                     Cluster 36, round 1, loss : 1.50, accuracy 54.25% <-
                                                     Time past : 8200msec
                                                     ['0:62.90%', '1:70.10%', '2:31.00%', '3:57.80%', '4:46.90%', '5:26.50%', '6:65.40%', '7:58.20%', '8:66.60%', '9:57.10%']
                                          0msec<-
                                          ->0msec
                                                     -> Cluster 55, loss : 1.28, accuracy 59.72%, model from round 63
                                                     ['0:63.30%', '1:74.70%', '2:41.60%', '3:35.80%', '4:52.60%', '5:49.60%', '6:77.90%', '7:66.70%', '8:72.60%', '9:62.40%']
                                                                                              <-> Client 0, global : from 59.72% to 56.74%, local : from 73.40% to 100.00%, training time : 16200msec
                                                     Cluster 55, round 1, loss : 1.62, accuracy 56.74% <-
                                                     Time past : 16200msec
                                                     ['0:67.40%', '1:63.20%', '2:32.10%', '3:27.20%', '4:52.30%', '5:56.20%', '6:66.20%', '7:62.70%', '8:72.00%', '9:68.10%']
                                          0msec<-
                                          ->0msec
                                                     -> Cluster 34, loss : 1.28, accuracy 59.72%, model from round 63
                                                     ['0:63.30%', '1:74.70%', '2:41.60%', '3:35.80%', '4:52.60%', '5:49.60%', '6:77.90%', '7:66.70%', '8:72.60%', '9:62.40%']
                                                                                              <-> Client 0, global : from 59.72% to 53.92%, local : from 69.20% to 98.80%, training time : 8200msec
                                                     Cluster 34, round 1, loss : 1.53, accuracy 53.92% <-
                                                     Time past : 8200msec
                                                     ['0:56.60%', '1:66.60%', '2:61.60%', '3:28.40%', '4:28.40%', '5:51.30%', '6:69.70%', '7:55.20%', '8:68.60%', '9:52.80%']
                                          0msec<-
Central server round 63, loss : 1.27, accuracy :60.38%
Time past: 1012600msec
['0:64.90%', '1:67.10%', '2:41.30%', '3:38.20%', '4:53.50%', '5:50.10%', '6:76.30%', '7:65.30%', '8:77.60%', '9:69.50%']
                                          ->0msec
                                                     -> Cluster 70, loss : 1.27, accuracy 60.38%, model from round 64
                                                     ['0:64.90%', '1:67.10%', '2:41.30%', '3:38.20%', '4:53.50%', '5:50.10%', '6:76.30%', '7:65.30%', '8:77.60%', '9:69.50%']
                                                                                              <-> Client 0, global : from 60.38% to 54.40%, local : from 61.00% to 100.00%, training time : 16200msec
                                                     Cluster 70, round 1, loss : 1.63, accuracy 54.40% <-
                                                     Time past : 16200msec
                                                     ['0:56.90%', '1:62.30%', '2:26.20%', '3:35.30%', '4:47.40%', '5:50.10%', '6:73.10%', '7:59.80%', '8:78.50%', '9:54.40%']
                                          0msec<-
                                          ->0msec
                                                     -> Cluster 78, loss : 1.27, accuracy 60.38%, model from round 64
                                                     ['0:64.90%', '1:67.10%', '2:41.30%', '3:38.20%', '4:53.50%', '5:50.10%', '6:76.30%', '7:65.30%', '8:77.60%', '9:69.50%']
                                                                                              <-> Client 0, global : from 60.38% to 54.10%, local : from 60.20% to 100.00%, training time : 16200msec
                                                     Cluster 78, round 1, loss : 1.64, accuracy 54.10% <-
                                                     Time past : 16200msec
                                                     ['0:44.60%', '1:62.90%', '2:45.20%', '3:28.00%', '4:46.30%', '5:56.20%', '6:58.90%', '7:57.90%', '8:76.80%', '9:64.20%']
                                          0msec<-
                                          ->0msec
                                                     -> Cluster 99, loss : 1.27, accuracy 60.38%, model from round 64
                                                     ['0:64.90%', '1:67.10%', '2:41.30%', '3:38.20%', '4:53.50%', '5:50.10%', '6:76.30%', '7:65.30%', '8:77.60%', '9:69.50%']
                                                                                              <-> Client 0, global : from 60.38% to 55.70%, local : from 67.00% to 100.00%, training time : 16200msec
                                                     Cluster 99, round 1, loss : 1.63, accuracy 55.70% <-
                                                     Time past : 16200msec
                                                     ['0:70.40%', '1:65.80%', '2:28.90%', '3:49.80%', '4:51.90%', '5:37.60%', '6:57.90%', '7:65.40%', '8:65.80%', '9:63.50%']
                                          0msec<-
                                          ->0msec
                                                     -> Cluster 37, loss : 1.27, accuracy 60.38%, model from round 64
                                                     ['0:64.90%', '1:67.10%', '2:41.30%', '3:38.20%', '4:53.50%', '5:50.10%', '6:76.30%', '7:65.30%', '8:77.60%', '9:69.50%']
                                                                                              <-> Client 0, global : from 60.38% to 54.91%, local : from 65.40% to 99.20%, training time : 8200msec
                                                     Cluster 37, round 1, loss : 1.49, accuracy 54.91% <-
                                                     Time past : 8200msec
                                                     ['0:60.90%', '1:61.90%', '2:24.70%', '3:60.60%', '4:52.60%', '5:33.40%', '6:52.90%', '7:64.60%', '8:71.30%', '9:66.20%']
                                          0msec<-
                                          ->0msec
                                                     -> Cluster 7, loss : 1.27, accuracy 60.38%, model from round 64
                                                     ['0:64.90%', '1:67.10%', '2:41.30%', '3:38.20%', '4:53.50%', '5:50.10%', '6:76.30%', '7:65.30%', '8:77.60%', '9:69.50%']
                                                                                              <-> Client 0, global : from 60.38% to 53.61%, local : from 66.20% to 97.00%, training time : 8200msec
                                                     Cluster 7, round 1, loss : 1.50, accuracy 53.61% <-
                                                     Time past : 8200msec
                                                     ['0:31.90%', '1:45.60%', '2:39.50%', '3:38.50%', '4:65.00%', '5:48.10%', '6:55.30%', '7:58.80%', '8:79.00%', '9:74.40%']
                                          0msec<-
                                          ->0msec
                                                     -> Cluster 30, loss : 1.27, accuracy 60.38%, model from round 64
                                                     ['0:64.90%', '1:67.10%', '2:41.30%', '3:38.20%', '4:53.50%', '5:50.10%', '6:76.30%', '7:65.30%', '8:77.60%', '9:69.50%']
                                                                                              <-> Client 0, global : from 60.38% to 55.28%, local : from 66.00% to 99.60%, training time : 8200msec
                                                     Cluster 30, round 1, loss : 1.48, accuracy 55.28% <-
                                                     Time past : 8200msec
                                                     ['0:60.10%', '1:79.60%', '2:41.80%', '3:35.40%', '4:54.80%', '5:46.20%', '6:66.90%', '7:53.50%', '8:71.80%', '9:42.70%']
                                          0msec<-
                                          ->0msec
                                                     -> Cluster 48, loss : 1.27, accuracy 60.38%, model from round 64
                                                     ['0:64.90%', '1:67.10%', '2:41.30%', '3:38.20%', '4:53.50%', '5:50.10%', '6:76.30%', '7:65.30%', '8:77.60%', '9:69.50%']
                                                                                              <-> Client 0, global : from 60.38% to 54.68%, local : from 61.60% to 98.40%, training time : 8200msec
                                                     Cluster 48, round 1, loss : 1.46, accuracy 54.68% <-
                                                     Time past : 8200msec
                                                     ['0:56.30%', '1:52.30%', '2:44.80%', '3:38.20%', '4:43.10%', '5:47.40%', '6:77.40%', '7:46.10%', '8:76.20%', '9:65.00%']
                                          0msec<-
                                          ->0msec
                                                     -> Cluster 49, loss : 1.27, accuracy 60.38%, model from round 64
                                                     ['0:64.90%', '1:67.10%', '2:41.30%', '3:38.20%', '4:53.50%', '5:50.10%', '6:76.30%', '7:65.30%', '8:77.60%', '9:69.50%']
                                                                                              <-> Client 0, global : from 60.38% to 54.54%, local : from 62.40% to 99.00%, training time : 8200msec
                                                     Cluster 49, round 1, loss : 1.46, accuracy 54.54% <-
                                                     Time past : 8200msec
                                                     ['0:53.30%', '1:49.60%', '2:41.30%', '3:36.30%', '4:59.40%', '5:53.70%', '6:54.60%', '7:52.70%', '8:70.30%', '9:74.20%']
                                          0msec<-
                                          ->0msec
                                                     -> Cluster 27, loss : 1.27, accuracy 60.38%, model from round 64
                                                     ['0:64.90%', '1:67.10%', '2:41.30%', '3:38.20%', '4:53.50%', '5:50.10%', '6:76.30%', '7:65.30%', '8:77.60%', '9:69.50%']
                                                                                              <-> Client 0, global : from 60.38% to 53.87%, local : from 64.60% to 98.00%, training time : 8200msec
                                                     Cluster 27, round 1, loss : 1.48, accuracy 53.87% <-
                                                     Time past : 8200msec
                                                     ['0:55.50%', '1:72.00%', '2:35.80%', '3:37.70%', '4:59.10%', '5:56.80%', '6:58.80%', '7:32.70%', '8:74.60%', '9:55.70%']
                                          0msec<-
                                          ->0msec
                                                     -> Cluster 9, loss : 1.27, accuracy 60.38%, model from round 64
                                                     ['0:64.90%', '1:67.10%', '2:41.30%', '3:38.20%', '4:53.50%', '5:50.10%', '6:76.30%', '7:65.30%', '8:77.60%', '9:69.50%']
                                                                                              <-> Client 0, global : from 60.38% to 54.31%, local : from 60.40% to 98.60%, training time : 8200msec
                                                     Cluster 9, round 1, loss : 1.47, accuracy 54.31% <-
                                                     Time past : 8200msec
                                                     ['0:67.90%', '1:70.50%', '2:38.70%', '3:62.80%', '4:47.20%', '5:27.80%', '6:52.20%', '7:57.00%', '8:65.70%', '9:53.30%']
                                          0msec<-
Central server round 64, loss : 1.25, accuracy :60.16%
Time past: 1028800msec
['0:62.00%', '1:68.60%', '2:38.30%', '3:44.10%', '4:59.70%', '5:50.60%', '6:69.80%', '7:62.20%', '8:79.10%', '9:67.20%']
                                          ->0msec
                                                     -> Cluster 47, loss : 1.25, accuracy 60.16%, model from round 65
                                                     ['0:62.00%', '1:68.60%', '2:38.30%', '3:44.10%', '4:59.70%', '5:50.60%', '6:69.80%', '7:62.20%', '8:79.10%', '9:67.20%']
                                                                                              <-> Client 0, global : from 60.16% to 53.66%, local : from 68.00% to 97.40%, training time : 8200msec
                                                     Cluster 47, round 1, loss : 1.58, accuracy 53.66% <-
                                                     Time past : 8200msec
                                                     ['0:49.40%', '1:75.10%', '2:20.80%', '3:33.20%', '4:34.80%', '5:54.70%', '6:68.90%', '7:68.20%', '8:83.20%', '9:48.30%']
                                          0msec<-
                                          ->0msec
                                                     -> Cluster 64, loss : 1.25, accuracy 60.16%, model from round 65
                                                     ['0:62.00%', '1:68.60%', '2:38.30%', '3:44.10%', '4:59.70%', '5:50.60%', '6:69.80%', '7:62.20%', '8:79.10%', '9:67.20%']
                                                                                              <-> Client 0, global : from 60.16% to 56.85%, local : from 71.00% to 99.60%, training time : 16200msec
                                                     Cluster 64, round 1, loss : 1.57, accuracy 56.85% <-
                                                     Time past : 16200msec
                                                     ['0:66.10%', '1:67.70%', '2:42.00%', '3:41.50%', '4:49.70%', '5:46.20%', '6:65.60%', '7:59.50%', '8:68.80%', '9:61.40%']
                                          0msec<-
                                          ->0msec
                                                     -> Cluster 51, loss : 1.25, accuracy 60.16%, model from round 65
                                                     ['0:62.00%', '1:68.60%', '2:38.30%', '3:44.10%', '4:59.70%', '5:50.60%', '6:69.80%', '7:62.20%', '8:79.10%', '9:67.20%']
                                                                                              <-> Client 0, global : from 60.16% to 54.79%, local : from 64.60% to 100.00%, training time : 16200msec
                                                     Cluster 51, round 1, loss : 1.63, accuracy 54.79% <-
                                                     Time past : 16200msec
                                                     ['0:55.80%', '1:59.50%', '2:32.10%', '3:36.90%', '4:54.10%', '5:44.60%', '6:66.00%', '7:58.70%', '8:74.00%', '9:66.20%']
                                          0msec<-
                                          ->0msec
                                                     -> Cluster 56, loss : 1.25, accuracy 60.16%, model from round 65
                                                     ['0:62.00%', '1:68.60%', '2:38.30%', '3:44.10%', '4:59.70%', '5:50.60%', '6:69.80%', '7:62.20%', '8:79.10%', '9:67.20%']
                                                                                              <-> Client 0, global : from 60.16% to 54.52%, local : from 75.20% to 100.00%, training time : 16200msec
                                                     Cluster 56, round 1, loss : 1.68, accuracy 54.52% <-
                                                     Time past : 16200msec
                                                     ['0:67.80%', '1:61.20%', '2:42.70%', '3:36.40%', '4:42.50%', '5:43.90%', '6:70.90%', '7:65.30%', '8:49.30%', '9:65.20%']
                                          0msec<-
                                          ->0msec
                                                     -> Cluster 83, loss : 1.25, accuracy 60.16%, model from round 65
                                                     ['0:62.00%', '1:68.60%', '2:38.30%', '3:44.10%', '4:59.70%', '5:50.60%', '6:69.80%', '7:62.20%', '8:79.10%', '9:67.20%']
                                                                                              <-> Client 0, global : from 60.16% to 55.57%, local : from 62.20% to 100.00%, training time : 16200msec
                                                     Cluster 83, round 1, loss : 1.58, accuracy 55.57% <-
                                                     Time past : 16200msec
                                                     ['0:68.60%', '1:68.60%', '2:31.70%', '3:46.60%', '4:53.70%', '5:47.00%', '6:61.60%', '7:57.50%', '8:54.50%', '9:65.90%']
                                          0msec<-
                                          ->0msec
                                                     -> Cluster 87, loss : 1.25, accuracy 60.16%, model from round 65
                                                     ['0:62.00%', '1:68.60%', '2:38.30%', '3:44.10%', '4:59.70%', '5:50.60%', '6:69.80%', '7:62.20%', '8:79.10%', '9:67.20%']
                                                                                              <-> Client 0, global : from 60.16% to 55.34%, local : from 65.20% to 100.00%, training time : 16200msec
                                                     Cluster 87, round 1, loss : 1.57, accuracy 55.34% <-
                                                     Time past : 16200msec
                                                     ['0:61.20%', '1:60.40%', '2:38.60%', '3:44.00%', '4:58.20%', '5:38.10%', '6:60.10%', '7:62.60%', '8:71.60%', '9:58.60%']
                                          0msec<-
                                          ->0msec
                                                     -> Cluster 13, loss : 1.25, accuracy 60.16%, model from round 65
                                                     ['0:62.00%', '1:68.60%', '2:38.30%', '3:44.10%', '4:59.70%', '5:50.60%', '6:69.80%', '7:62.20%', '8:79.10%', '9:67.20%']
                                                                                              <-> Client 0, global : from 60.16% to 55.67%, local : from 67.80% to 99.80%, training time : 8200msec
                                                     Cluster 13, round 1, loss : 1.47, accuracy 55.67% <-
                                                     Time past : 8200msec
                                                     ['0:64.50%', '1:58.40%', '2:45.80%', '3:42.50%', '4:48.70%', '5:40.70%', '6:56.30%', '7:64.00%', '8:76.80%', '9:59.00%']
                                          0msec<-
                                          ->0msec
                                                     -> Cluster 74, loss : 1.25, accuracy 60.16%, model from round 65
                                                     ['0:62.00%', '1:68.60%', '2:38.30%', '3:44.10%', '4:59.70%', '5:50.60%', '6:69.80%', '7:62.20%', '8:79.10%', '9:67.20%']
                                                                                              <-> Client 0, global : from 60.16% to 55.14%, local : from 65.60% to 100.00%, training time : 16200msec
                                                     Cluster 74, round 1, loss : 1.59, accuracy 55.14% <-
                                                     Time past : 16200msec
                                                     ['0:64.20%', '1:55.50%', '2:50.00%', '3:42.10%', '4:44.70%', '5:48.20%', '6:64.80%', '7:57.80%', '8:61.40%', '9:62.70%']
                                          0msec<-
                                          ->0msec
                                                     -> Cluster 63, loss : 1.25, accuracy 60.16%, model from round 65
                                                     ['0:62.00%', '1:68.60%', '2:38.30%', '3:44.10%', '4:59.70%', '5:50.60%', '6:69.80%', '7:62.20%', '8:79.10%', '9:67.20%']
                                                                                              <-> Client 0, global : from 60.16% to 54.41%, local : from 59.20% to 100.00%, training time : 16200msec
                                                     Cluster 63, round 1, loss : 1.58, accuracy 54.41% <-
                                                     Time past : 16200msec
                                                     ['0:57.00%', '1:65.30%', '2:48.30%', '3:27.70%', '4:38.90%', '5:42.00%', '6:76.20%', '7:57.70%', '8:65.20%', '9:65.80%']
                                          0msec<-
                                          ->0msec
                                                     -> Cluster 18, loss : 1.25, accuracy 60.16%, model from round 65
                                                     ['0:62.00%', '1:68.60%', '2:38.30%', '3:44.10%', '4:59.70%', '5:50.60%', '6:69.80%', '7:62.20%', '8:79.10%', '9:67.20%']
                                                                                              <-> Client 0, global : from 60.16% to 56.66%, local : from 73.00% to 100.00%, training time : 8200msec
                                                     Cluster 18, round 1, loss : 1.49, accuracy 56.66% <-
                                                     Time past : 8200msec
                                                     ['0:69.10%', '1:76.50%', '2:32.50%', '3:34.40%', '4:44.90%', '5:43.30%', '6:77.60%', '7:70.30%', '8:69.80%', '9:48.20%']
                                          0msec<-
Central server round 65, loss : 1.29, accuracy :60.35%
Time past: 1045000msec
['0:65.90%', '1:72.00%', '2:39.50%', '3:40.00%', '4:52.80%', '5:49.20%', '6:76.40%', '7:67.30%', '8:75.10%', '9:65.30%']
                                          ->0msec
                                                     -> Cluster 55, loss : 1.29, accuracy 60.35%, model from round 66
                                                     ['0:65.90%', '1:72.00%', '2:39.50%', '3:40.00%', '4:52.80%', '5:49.20%', '6:76.40%', '7:67.30%', '8:75.10%', '9:65.30%']
                                                                                              <-> Client 0, global : from 60.35% to 56.44%, local : from 76.00% to 100.00%, training time : 16200msec
                                                     Cluster 55, round 1, loss : 1.67, accuracy 56.44% <-
                                                     Time past : 16200msec
                                                     ['0:57.60%', '1:63.20%', '2:35.20%', '3:25.10%', '4:45.70%', '5:63.40%', '6:64.50%', '7:67.20%', '8:74.50%', '9:68.00%']
                                          0msec<-
                                          ->0msec
                                                     -> Cluster 36, loss : 1.29, accuracy 60.35%, model from round 66
                                                     ['0:65.90%', '1:72.00%', '2:39.50%', '3:40.00%', '4:52.80%', '5:49.20%', '6:76.40%', '7:67.30%', '8:75.10%', '9:65.30%']
                                                                                              <-> Client 0, global : from 60.35% to 54.00%, local : from 69.20% to 98.80%, training time : 8200msec
                                                     Cluster 36, round 1, loss : 1.54, accuracy 54.00% <-
                                                     Time past : 8200msec
                                                     ['0:65.80%', '1:64.80%', '2:41.60%', '3:60.50%', '4:52.40%', '5:33.00%', '6:42.10%', '7:52.50%', '8:69.10%', '9:58.20%']
                                          0msec<-
                                          ->0msec
                                                     -> Cluster 25, loss : 1.29, accuracy 60.35%, model from round 66
                                                     ['0:65.90%', '1:72.00%', '2:39.50%', '3:40.00%', '4:52.80%', '5:49.20%', '6:76.40%', '7:67.30%', '8:75.10%', '9:65.30%']
                                                                                              <-> Client 0, global : from 60.35% to 54.93%, local : from 68.40% to 97.40%, training time : 8200msec
                                                     Cluster 25, round 1, loss : 1.52, accuracy 54.93% <-
                                                     Time past : 8200msec
                                                     ['0:72.70%', '1:60.70%', '2:40.10%', '3:52.30%', '4:33.50%', '5:33.20%', '6:67.50%', '7:65.80%', '8:69.80%', '9:53.70%']
                                          0msec<-
                                          ->0msec
                                                     -> Cluster 3, loss : 1.29, accuracy 60.35%, model from round 66
                                                     ['0:65.90%', '1:72.00%', '2:39.50%', '3:40.00%', '4:52.80%', '5:49.20%', '6:76.40%', '7:67.30%', '8:75.10%', '9:65.30%']
                                                                                              <-> Client 0, global : from 60.35% to 52.95%, local : from 65.20% to 97.00%, training time : 8200msec
                                                     Cluster 3, round 1, loss : 1.57, accuracy 52.95% <-
                                                     Time past : 8200msec
                                                     ['0:49.50%', '1:68.20%', '2:48.10%', '3:24.30%', '4:57.20%', '5:44.70%', '6:53.20%', '7:59.30%', '8:83.90%', '9:41.10%']
                                          0msec<-
                                          ->0msec
                                                     -> Cluster 68, loss : 1.29, accuracy 60.35%, model from round 66
                                                     ['0:65.90%', '1:72.00%', '2:39.50%', '3:40.00%', '4:52.80%', '5:49.20%', '6:76.40%', '7:67.30%', '8:75.10%', '9:65.30%']
                                                                                              <-> Client 0, global : from 60.35% to 55.01%, local : from 63.80% to 100.00%, training time : 16200msec
                                                     Cluster 68, round 1, loss : 1.66, accuracy 55.01% <-
                                                     Time past : 16200msec
                                                     ['0:55.70%', '1:69.00%', '2:50.50%', '3:39.00%', '4:47.10%', '5:38.10%', '6:56.20%', '7:58.40%', '8:72.70%', '9:63.40%']
                                          0msec<-
                                          ->0msec
                                                     -> Cluster 93, loss : 1.29, accuracy 60.35%, model from round 66
                                                     ['0:65.90%', '1:72.00%', '2:39.50%', '3:40.00%', '4:52.80%', '5:49.20%', '6:76.40%', '7:67.30%', '8:75.10%', '9:65.30%']
                                                                                              <-> Client 0, global : from 60.35% to 55.48%, local : from 66.20% to 100.00%, training time : 16200msec
                                                     Cluster 93, round 1, loss : 1.58, accuracy 55.48% <-
                                                     Time past : 16200msec
                                                     ['0:61.50%', '1:61.80%', '2:53.30%', '3:43.10%', '4:33.40%', '5:34.10%', '6:62.80%', '7:67.80%', '8:70.40%', '9:66.60%']
                                          0msec<-
                                          ->0msec
                                                     -> Cluster 40, loss : 1.29, accuracy 60.35%, model from round 66
                                                     ['0:65.90%', '1:72.00%', '2:39.50%', '3:40.00%', '4:52.80%', '5:49.20%', '6:76.40%', '7:67.30%', '8:75.10%', '9:65.30%']
                                                                                              <-> Client 0, global : from 60.35% to 56.22%, local : from 70.40% to 100.00%, training time : 8200msec
                                                     Cluster 40, round 1, loss : 1.48, accuracy 56.22% <-
                                                     Time past : 8200msec
                                                     ['0:57.40%', '1:77.50%', '2:47.30%', '3:32.20%', '4:49.60%', '5:51.30%', '6:64.30%', '7:59.50%', '8:74.60%', '9:48.50%']
                                          0msec<-
                                          ->0msec
                                                     -> Cluster 56, loss : 1.29, accuracy 60.35%, model from round 66
                                                     ['0:65.90%', '1:72.00%', '2:39.50%', '3:40.00%', '4:52.80%', '5:49.20%', '6:76.40%', '7:67.30%', '8:75.10%', '9:65.30%']
                                                                                              <-> Client 0, global : from 60.35% to 55.35%, local : from 81.20% to 100.00%, training time : 16200msec
                                                     Cluster 56, round 1, loss : 1.66, accuracy 55.35% <-
                                                     Time past : 16200msec
                                                     ['0:63.50%', '1:63.50%', '2:47.80%', '3:33.90%', '4:44.40%', '5:41.60%', '6:70.40%', '7:66.20%', '8:60.90%', '9:61.30%']
                                          0msec<-
                                          ->0msec
                                                     -> Cluster 94, loss : 1.29, accuracy 60.35%, model from round 66
                                                     ['0:65.90%', '1:72.00%', '2:39.50%', '3:40.00%', '4:52.80%', '5:49.20%', '6:76.40%', '7:67.30%', '8:75.10%', '9:65.30%']
                                                                                              <-> Client 0, global : from 60.35% to 54.29%, local : from 64.20% to 100.00%, training time : 16200msec
                                                     Cluster 94, round 1, loss : 1.64, accuracy 54.29% <-
                                                     Time past : 16200msec
                                                     ['0:55.50%', '1:65.50%', '2:49.60%', '3:40.30%', '4:63.50%', '5:31.20%', '6:44.10%', '7:57.20%', '8:74.60%', '9:61.40%']
                                          0msec<-
                                          ->0msec
                                                     -> Cluster 46, loss : 1.29, accuracy 60.35%, model from round 66
                                                     ['0:65.90%', '1:72.00%', '2:39.50%', '3:40.00%', '4:52.80%', '5:49.20%', '6:76.40%', '7:67.30%', '8:75.10%', '9:65.30%']
                                                                                              <-> Client 0, global : from 60.35% to 54.90%, local : from 62.60% to 99.20%, training time : 8200msec
                                                     Cluster 46, round 1, loss : 1.45, accuracy 54.90% <-
                                                     Time past : 8200msec
                                                     ['0:55.90%', '1:71.50%', '2:31.40%', '3:42.20%', '4:58.80%', '5:49.80%', '6:57.80%', '7:57.60%', '8:68.70%', '9:55.30%']
                                          0msec<-
Central server round 66, loss : 1.27, accuracy :60.44%
Time past: 1061200msec
['0:63.30%', '1:73.20%', '2:47.50%', '3:40.60%', '4:55.50%', '5:47.60%', '6:69.30%', '7:67.10%', '8:77.50%', '9:62.80%']
                                          ->0msec
                                                     -> Cluster 70, loss : 1.27, accuracy 60.44%, model from round 67
                                                     ['0:63.30%', '1:73.20%', '2:47.50%', '3:40.60%', '4:55.50%', '5:47.60%', '6:69.30%', '7:67.10%', '8:77.50%', '9:62.80%']
                                                                                              <-> Client 0, global : from 60.44% to 55.33%, local : from 64.80% to 100.00%, training time : 16200msec
                                                     Cluster 70, round 1, loss : 1.61, accuracy 55.33% <-
                                                     Time past : 16200msec
                                                     ['0:64.40%', '1:61.70%', '2:39.40%', '3:43.70%', '4:40.40%', '5:49.40%', '6:65.10%', '7:58.80%', '8:66.30%', '9:64.10%']
                                          0msec<-
                                          ->0msec
                                                     -> Cluster 24, loss : 1.27, accuracy 60.44%, model from round 67
                                                     ['0:63.30%', '1:73.20%', '2:47.50%', '3:40.60%', '4:55.50%', '5:47.60%', '6:69.30%', '7:67.10%', '8:77.50%', '9:62.80%']
                                                                                              <-> Client 0, global : from 60.44% to 55.36%, local : from 66.00% to 98.60%, training time : 8200msec
                                                     Cluster 24, round 1, loss : 1.46, accuracy 55.36% <-
                                                     Time past : 8200msec
                                                     ['0:54.40%', '1:57.50%', '2:36.60%', '3:20.50%', '4:62.70%', '5:47.90%', '6:65.60%', '7:69.50%', '8:66.40%', '9:72.50%']
                                          0msec<-
                                          ->0msec
                                                     -> Cluster 15, loss : 1.27, accuracy 60.44%, model from round 67
                                                     ['0:63.30%', '1:73.20%', '2:47.50%', '3:40.60%', '4:55.50%', '5:47.60%', '6:69.30%', '7:67.10%', '8:77.50%', '9:62.80%']
                                                                                              <-> Client 0, global : from 60.44% to 56.23%, local : from 66.60% to 99.20%, training time : 8200msec
                                                     Cluster 15, round 1, loss : 1.46, accuracy 56.23% <-
                                                     Time past : 8200msec
                                                     ['0:57.00%', '1:58.70%', '2:37.30%', '3:44.10%', '4:46.30%', '5:48.10%', '6:74.50%', '7:58.00%', '8:64.20%', '9:74.10%']
                                          0msec<-
                                          ->0msec
                                                     -> Cluster 22, loss : 1.27, accuracy 60.44%, model from round 67
                                                     ['0:63.30%', '1:73.20%', '2:47.50%', '3:40.60%', '4:55.50%', '5:47.60%', '6:69.30%', '7:67.10%', '8:77.50%', '9:62.80%']
                                                                                              <-> Client 0, global : from 60.44% to 55.54%, local : from 65.60% to 99.20%, training time : 8200msec
                                                     Cluster 22, round 1, loss : 1.43, accuracy 55.54% <-
                                                     Time past : 8200msec
                                                     ['0:45.70%', '1:65.30%', '2:50.10%', '3:33.00%', '4:51.90%', '5:38.40%', '6:68.30%', '7:65.50%', '8:68.20%', '9:69.00%']
                                          0msec<-
                                          ->0msec
                                                     -> Cluster 76, loss : 1.27, accuracy 60.44%, model from round 67
                                                     ['0:63.30%', '1:73.20%', '2:47.50%', '3:40.60%', '4:55.50%', '5:47.60%', '6:69.30%', '7:67.10%', '8:77.50%', '9:62.80%']
                                                                                              <-> Client 0, global : from 60.44% to 55.87%, local : from 72.20% to 100.00%, training time : 16200msec
                                                     Cluster 76, round 1, loss : 1.62, accuracy 55.87% <-
                                                     Time past : 16200msec
                                                     ['0:61.00%', '1:69.40%', '2:39.70%', '3:42.50%', '4:43.30%', '5:41.70%', '6:70.50%', '7:62.60%', '8:66.70%', '9:61.30%']
                                          0msec<-
                                          ->0msec
                                                     -> Cluster 10, loss : 1.27, accuracy 60.44%, model from round 67
                                                     ['0:63.30%', '1:73.20%', '2:47.50%', '3:40.60%', '4:55.50%', '5:47.60%', '6:69.30%', '7:67.10%', '8:77.50%', '9:62.80%']
                                                                                              <-> Client 0, global : from 60.44% to 54.71%, local : from 65.80% to 99.00%, training time : 8200msec
                                                     Cluster 10, round 1, loss : 1.50, accuracy 54.71% <-
                                                     Time past : 8200msec
                                                     ['0:50.60%', '1:58.20%', '2:39.20%', '3:26.50%', '4:45.20%', '5:52.50%', '6:77.00%', '7:52.50%', '8:68.70%', '9:76.70%']
                                          0msec<-
                                          ->0msec
                                                     -> Cluster 55, loss : 1.27, accuracy 60.44%, model from round 67
                                                     ['0:63.30%', '1:73.20%', '2:47.50%', '3:40.60%', '4:55.50%', '5:47.60%', '6:69.30%', '7:67.10%', '8:77.50%', '9:62.80%']
                                                                                              <-> Client 0, global : from 60.44% to 57.01%, local : from 80.00% to 100.00%, training time : 16200msec
                                                     Cluster 55, round 1, loss : 1.61, accuracy 57.01% <-
                                                     Time past : 16200msec
                                                     ['0:63.10%', '1:66.20%', '2:43.20%', '3:31.80%', '4:46.80%', '5:55.50%', '6:64.00%', '7:60.50%', '8:74.80%', '9:64.20%']
                                          0msec<-
                                          ->0msec
                                                     -> Cluster 3, loss : 1.27, accuracy 60.44%, model from round 67
                                                     ['0:63.30%', '1:73.20%', '2:47.50%', '3:40.60%', '4:55.50%', '5:47.60%', '6:69.30%', '7:67.10%', '8:77.50%', '9:62.80%']
                                                                                              <-> Client 0, global : from 60.44% to 54.71%, local : from 69.20% to 99.00%, training time : 8200msec
                                                     Cluster 3, round 1, loss : 1.51, accuracy 54.71% <-
                                                     Time past : 8200msec
                                                     ['0:57.20%', '1:74.20%', '2:47.60%', '3:33.70%', '4:45.40%', '5:49.50%', '6:62.00%', '7:60.00%', '8:78.10%', '9:39.40%']
                                          0msec<-
                                          ->0msec
                                                     -> Cluster 44, loss : 1.27, accuracy 60.44%, model from round 67
                                                     ['0:63.30%', '1:73.20%', '2:47.50%', '3:40.60%', '4:55.50%', '5:47.60%', '6:69.30%', '7:67.10%', '8:77.50%', '9:62.80%']
                                                                                              <-> Client 0, global : from 60.44% to 55.86%, local : from 70.20% to 99.60%, training time : 8200msec
                                                     Cluster 44, round 1, loss : 1.47, accuracy 55.86% <-
                                                     Time past : 8200msec
                                                     ['0:63.00%', '1:49.20%', '2:44.10%', '3:34.20%', '4:40.00%', '5:58.20%', '6:57.50%', '7:65.60%', '8:73.90%', '9:72.90%']
                                          0msec<-
                                          ->0msec
                                                     -> Cluster 48, loss : 1.27, accuracy 60.44%, model from round 67
                                                     ['0:63.30%', '1:73.20%', '2:47.50%', '3:40.60%', '4:55.50%', '5:47.60%', '6:69.30%', '7:67.10%', '8:77.50%', '9:62.80%']
                                                                                              <-> Client 0, global : from 60.44% to 53.32%, local : from 67.00% to 99.00%, training time : 8200msec
                                                     Cluster 48, round 1, loss : 1.56, accuracy 53.32% <-
                                                     Time past : 8200msec
                                                     ['0:71.00%', '1:57.40%', '2:56.10%', '3:53.90%', '4:25.50%', '5:27.50%', '6:58.20%', '7:50.40%', '8:68.00%', '9:65.20%']
                                          0msec<-
Central server round 67, loss : 1.24, accuracy :60.70%
Time past: 1077400msec
['0:63.70%', '1:69.30%', '2:44.00%', '3:36.90%', '4:53.20%', '5:51.70%', '6:75.70%', '7:66.50%', '8:75.70%', '9:70.30%']
                                          ->0msec
                                                     -> Cluster 55, loss : 1.24, accuracy 60.70%, model from round 68
                                                     ['0:63.70%', '1:69.30%', '2:44.00%', '3:36.90%', '4:53.20%', '5:51.70%', '6:75.70%', '7:66.50%', '8:75.70%', '9:70.30%']
                                                                                              <-> Client 0, global : from 60.70% to 56.83%, local : from 85.00% to 100.00%, training time : 16200msec
                                                     Cluster 55, round 1, loss : 1.64, accuracy 56.83% <-
                                                     Time past : 16200msec
                                                     ['0:62.60%', '1:65.50%', '2:35.30%', '3:26.30%', '4:53.50%', '5:59.00%', '6:65.60%', '7:61.60%', '8:72.80%', '9:66.10%']
                                          0msec<-
                                          ->0msec
                                                     -> Cluster 36, loss : 1.24, accuracy 60.70%, model from round 68
                                                     ['0:63.70%', '1:69.30%', '2:44.00%', '3:36.90%', '4:53.20%', '5:51.70%', '6:75.70%', '7:66.50%', '8:75.70%', '9:70.30%']
                                                                                              <-> Client 0, global : from 60.70% to 56.48%, local : from 70.80% to 99.60%, training time : 8200msec
                                                     Cluster 36, round 1, loss : 1.46, accuracy 56.48% <-
                                                     Time past : 8200msec
                                                     ['0:64.70%', '1:67.90%', '2:45.30%', '3:38.60%', '4:59.60%', '5:32.00%', '6:62.00%', '7:67.00%', '8:71.10%', '9:56.60%']
                                          0msec<-
                                          ->0msec
                                                     -> Cluster 12, loss : 1.24, accuracy 60.70%, model from round 68
                                                     ['0:63.70%', '1:69.30%', '2:44.00%', '3:36.90%', '4:53.20%', '5:51.70%', '6:75.70%', '7:66.50%', '8:75.70%', '9:70.30%']
                                                                                              <-> Client 0, global : from 60.70% to 54.00%, local : from 62.40% to 98.80%, training time : 8200msec
                                                     Cluster 12, round 1, loss : 1.50, accuracy 54.00% <-
                                                     Time past : 8200msec
                                                     ['0:67.10%', '1:59.90%', '2:30.40%', '3:55.30%', '4:54.60%', '5:41.20%', '6:58.20%', '7:56.10%', '8:54.20%', '9:63.00%']
                                          0msec<-
                                          ->0msec
                                                     -> Cluster 81, loss : 1.24, accuracy 60.70%, model from round 68
                                                     ['0:63.70%', '1:69.30%', '2:44.00%', '3:36.90%', '4:53.20%', '5:51.70%', '6:75.70%', '7:66.50%', '8:75.70%', '9:70.30%']
                                                                                              <-> Client 0, global : from 60.70% to 56.65%, local : from 62.60% to 100.00%, training time : 16200msec
                                                     Cluster 81, round 1, loss : 1.57, accuracy 56.65% <-
                                                     Time past : 16200msec
                                                     ['0:56.30%', '1:65.60%', '2:45.00%', '3:36.20%', '4:48.40%', '5:52.10%', '6:66.40%', '7:57.50%', '8:70.20%', '9:68.80%']
                                          0msec<-
                                          ->0msec
                                                     -> Cluster 95, loss : 1.24, accuracy 60.70%, model from round 68
                                                     ['0:63.70%', '1:69.30%', '2:44.00%', '3:36.90%', '4:53.20%', '5:51.70%', '6:75.70%', '7:66.50%', '8:75.70%', '9:70.30%']
                                                                                              <-> Client 0, global : from 60.70% to 56.11%, local : from 63.60% to 100.00%, training time : 16200msec
                                                     Cluster 95, round 1, loss : 1.58, accuracy 56.11% <-
                                                     Time past : 16200msec
                                                     ['0:64.00%', '1:73.80%', '2:41.10%', '3:43.50%', '4:43.40%', '5:50.90%', '6:69.20%', '7:56.20%', '8:60.10%', '9:58.90%']
                                          0msec<-
                                          ->0msec
                                                     -> Cluster 88, loss : 1.24, accuracy 60.70%, model from round 68
                                                     ['0:63.70%', '1:69.30%', '2:44.00%', '3:36.90%', '4:53.20%', '5:51.70%', '6:75.70%', '7:66.50%', '8:75.70%', '9:70.30%']
                                                                                              <-> Client 0, global : from 60.70% to 55.52%, local : from 66.60% to 100.00%, training time : 16200msec
                                                     Cluster 88, round 1, loss : 1.58, accuracy 55.52% <-
                                                     Time past : 16200msec
                                                     ['0:60.40%', '1:71.10%', '2:37.40%', '3:57.00%', '4:50.20%', '5:32.40%', '6:64.10%', '7:57.20%', '8:64.60%', '9:60.80%']
                                          0msec<-
                                          ->0msec
                                                     -> Cluster 10, loss : 1.24, accuracy 60.70%, model from round 68
                                                     ['0:63.70%', '1:69.30%', '2:44.00%', '3:36.90%', '4:53.20%', '5:51.70%', '6:75.70%', '7:66.50%', '8:75.70%', '9:70.30%']
                                                                                              <-> Client 0, global : from 60.70% to 55.13%, local : from 67.80% to 98.40%, training time : 8200msec
                                                     Cluster 10, round 1, loss : 1.52, accuracy 55.13% <-
                                                     Time past : 8200msec
                                                     ['0:38.50%', '1:74.70%', '2:38.50%', '3:45.20%', '4:38.90%', '5:44.50%', '6:73.00%', '7:63.40%', '8:70.20%', '9:64.40%']
                                          0msec<-
                                          ->0msec
                                                     -> Cluster 8, loss : 1.24, accuracy 60.70%, model from round 68
                                                     ['0:63.70%', '1:69.30%', '2:44.00%', '3:36.90%', '4:53.20%', '5:51.70%', '6:75.70%', '7:66.50%', '8:75.70%', '9:70.30%']
                                                                                              <-> Client 0, global : from 60.70% to 51.68%, local : from 63.20% to 96.00%, training time : 8200msec
                                                     Cluster 8, round 1, loss : 1.54, accuracy 51.68% <-
                                                     Time past : 8200msec
                                                     ['0:37.80%', '1:67.00%', '2:63.80%', '3:33.10%', '4:47.30%', '5:41.00%', '6:47.30%', '7:55.90%', '8:63.60%', '9:60.00%']
                                          0msec<-
                                          ->0msec
                                                     -> Cluster 56, loss : 1.24, accuracy 60.70%, model from round 68
                                                     ['0:63.70%', '1:69.30%', '2:44.00%', '3:36.90%', '4:53.20%', '5:51.70%', '6:75.70%', '7:66.50%', '8:75.70%', '9:70.30%']
                                                                                              <-> Client 0, global : from 60.70% to 55.80%, local : from 82.20% to 100.00%, training time : 16200msec
                                                     Cluster 56, round 1, loss : 1.66, accuracy 55.80% <-
                                                     Time past : 16200msec
                                                     ['0:66.80%', '1:65.10%', '2:48.30%', '3:34.20%', '4:40.30%', '5:50.20%', '6:68.10%', '7:65.80%', '8:57.00%', '9:62.20%']
                                          0msec<-
                                          ->0msec
                                                     -> Cluster 96, loss : 1.24, accuracy 60.70%, model from round 68
                                                     ['0:63.70%', '1:69.30%', '2:44.00%', '3:36.90%', '4:53.20%', '5:51.70%', '6:75.70%', '7:66.50%', '8:75.70%', '9:70.30%']
                                                                                              <-> Client 0, global : from 60.70% to 55.92%, local : from 66.20% to 100.00%, training time : 16200msec
                                                     Cluster 96, round 1, loss : 1.60, accuracy 55.92% <-
                                                     Time past : 16200msec
                                                     ['0:63.70%', '1:68.90%', '2:30.10%', '3:38.90%', '4:57.40%', '5:43.50%', '6:61.20%', '7:71.00%', '8:71.40%', '9:53.10%']
                                          0msec<-
Central server round 68, loss : 1.27, accuracy :60.84%
Time past: 1093600msec
['0:63.80%', '1:74.20%', '2:45.40%', '3:41.10%', '4:56.30%', '5:48.10%', '6:73.50%', '7:67.50%', '8:73.50%', '9:65.00%']
                                          ->0msec
                                                     -> Cluster 41, loss : 1.27, accuracy 60.84%, model from round 69
                                                     ['0:63.80%', '1:74.20%', '2:45.40%', '3:41.10%', '4:56.30%', '5:48.10%', '6:73.50%', '7:67.50%', '8:73.50%', '9:65.00%']
                                                                                              <-> Client 0, global : from 60.84% to 55.24%, local : from 62.60% to 98.40%, training time : 8200msec
                                                     Cluster 41, round 1, loss : 1.48, accuracy 55.24% <-
                                                     Time past : 8200msec
                                                     ['0:66.70%', '1:71.90%', '2:41.10%', '3:28.20%', '4:35.10%', '5:45.50%', '6:73.80%', '7:50.10%', '8:74.00%', '9:66.00%']
                                          0msec<-
                                          ->0msec
                                                     -> Cluster 25, loss : 1.27, accuracy 60.84%, model from round 69
                                                     ['0:63.80%', '1:74.20%', '2:45.40%', '3:41.10%', '4:56.30%', '5:48.10%', '6:73.50%', '7:67.50%', '8:73.50%', '9:65.00%']
                                                                                              <-> Client 0, global : from 60.84% to 56.34%, local : from 69.80% to 99.40%, training time : 8200msec
                                                     Cluster 25, round 1, loss : 1.47, accuracy 56.34% <-
                                                     Time past : 8200msec
                                                     ['0:60.90%', '1:72.00%', '2:52.70%', '3:37.80%', '4:46.70%', '5:39.10%', '6:73.00%', '7:58.80%', '8:74.10%', '9:48.30%']
                                          0msec<-
                                          ->0msec
                                                     -> Cluster 82, loss : 1.27, accuracy 60.84%, model from round 69
                                                     ['0:63.80%', '1:74.20%', '2:45.40%', '3:41.10%', '4:56.30%', '5:48.10%', '6:73.50%', '7:67.50%', '8:73.50%', '9:65.00%']
                                                                                              <-> Client 0, global : from 60.84% to 55.62%, local : from 70.00% to 100.00%, training time : 16200msec
                                                     Cluster 82, round 1, loss : 1.64, accuracy 55.62% <-
                                                     Time past : 16200msec
                                                     ['0:58.40%', '1:51.50%', '2:35.10%', '3:35.70%', '4:44.50%', '5:56.30%', '6:65.90%', '7:65.10%', '8:70.60%', '9:73.10%']
                                          0msec<-
                                          ->0msec
                                                     -> Cluster 50, loss : 1.27, accuracy 60.84%, model from round 69
                                                     ['0:63.80%', '1:74.20%', '2:45.40%', '3:41.10%', '4:56.30%', '5:48.10%', '6:73.50%', '7:67.50%', '8:73.50%', '9:65.00%']
                                                                                              <-> Client 0, global : from 60.84% to 55.56%, local : from 68.20% to 100.00%, training time : 16200msec
                                                     Cluster 50, round 1, loss : 1.67, accuracy 55.56% <-
                                                     Time past : 16200msec
                                                     ['0:65.00%', '1:61.30%', '2:30.80%', '3:38.90%', '4:60.90%', '5:50.90%', '6:54.30%', '7:58.10%', '8:66.60%', '9:68.80%']
                                          0msec<-
                                          ->0msec
                                                     -> Cluster 11, loss : 1.27, accuracy 60.84%, model from round 69
                                                     ['0:63.80%', '1:74.20%', '2:45.40%', '3:41.10%', '4:56.30%', '5:48.10%', '6:73.50%', '7:67.50%', '8:73.50%', '9:65.00%']
                                                                                              <-> Client 0, global : from 60.84% to 53.85%, local : from 60.80% to 98.40%, training time : 8200msec
                                                     Cluster 11, round 1, loss : 1.51, accuracy 53.85% <-
                                                     Time past : 8200msec
                                                     ['0:73.10%', '1:61.20%', '2:49.20%', '3:27.50%', '4:33.00%', '5:54.10%', '6:65.80%', '7:64.00%', '8:52.90%', '9:57.70%']
                                          0msec<-
                                          ->0msec
                                                     -> Cluster 6, loss : 1.27, accuracy 60.84%, model from round 69
                                                     ['0:63.80%', '1:74.20%', '2:45.40%', '3:41.10%', '4:56.30%', '5:48.10%', '6:73.50%', '7:67.50%', '8:73.50%', '9:65.00%']
                                                                                              <-> Client 0, global : from 60.84% to 56.13%, local : from 70.80% to 99.40%, training time : 8200msec
                                                     Cluster 6, round 1, loss : 1.47, accuracy 56.13% <-
                                                     Time past : 8200msec
                                                     ['0:64.20%', '1:66.40%', '2:48.80%', '3:20.20%', '4:65.20%', '5:50.40%', '6:54.90%', '7:61.90%', '8:69.50%', '9:59.80%']
                                          0msec<-
                                          ->0msec
                                                     -> Cluster 66, loss : 1.27, accuracy 60.84%, model from round 69
                                                     ['0:63.80%', '1:74.20%', '2:45.40%', '3:41.10%', '4:56.30%', '5:48.10%', '6:73.50%', '7:67.50%', '8:73.50%', '9:65.00%']
                                                                                              <-> Client 0, global : from 60.84% to 56.32%, local : from 67.60% to 100.00%, training time : 16200msec
                                                     Cluster 66, round 1, loss : 1.53, accuracy 56.32% <-
                                                     Time past : 16200msec
                                                     ['0:56.20%', '1:64.20%', '2:48.40%', '3:39.50%', '4:56.20%', '5:44.10%', '6:58.80%', '7:62.50%', '8:65.30%', '9:68.00%']
                                          0msec<-
                                          ->0msec
                                                     -> Cluster 3, loss : 1.27, accuracy 60.84%, model from round 69
                                                     ['0:63.80%', '1:74.20%', '2:45.40%', '3:41.10%', '4:56.30%', '5:48.10%', '6:73.50%', '7:67.50%', '8:73.50%', '9:65.00%']
                                                                                              <-> Client 0, global : from 60.84% to 55.74%, local : from 70.60% to 99.80%, training time : 8200msec
                                                     Cluster 3, round 1, loss : 1.48, accuracy 55.74% <-
                                                     Time past : 8200msec
                                                     ['0:61.80%', '1:70.10%', '2:35.00%', '3:42.90%', '4:52.90%', '5:48.00%', '6:56.00%', '7:69.20%', '8:68.50%', '9:53.00%']
                                          0msec<-
                                          ->0msec
                                                     -> Cluster 65, loss : 1.27, accuracy 60.84%, model from round 69
                                                     ['0:63.80%', '1:74.20%', '2:45.40%', '3:41.10%', '4:56.30%', '5:48.10%', '6:73.50%', '7:67.50%', '8:73.50%', '9:65.00%']
                                                                                              <-> Client 0, global : from 60.84% to 55.79%, local : from 63.80% to 100.00%, training time : 16200msec
                                                     Cluster 65, round 1, loss : 1.58, accuracy 55.79% <-
                                                     Time past : 16200msec
                                                     ['0:62.20%', '1:66.90%', '2:34.30%', '3:32.80%', '4:54.30%', '5:49.80%', '6:71.20%', '7:62.90%', '8:62.50%', '9:61.00%']
                                          0msec<-
                                          ->0msec
                                                     -> Cluster 67, loss : 1.27, accuracy 60.84%, model from round 69
                                                     ['0:63.80%', '1:74.20%', '2:45.40%', '3:41.10%', '4:56.30%', '5:48.10%', '6:73.50%', '7:67.50%', '8:73.50%', '9:65.00%']
                                                                                              <-> Client 0, global : from 60.84% to 56.00%, local : from 68.00% to 99.80%, training time : 16200msec
                                                     Cluster 67, round 1, loss : 1.51, accuracy 56.00% <-
                                                     Time past : 16200msec
                                                     ['0:60.30%', '1:67.50%', '2:46.30%', '3:44.90%', '4:38.20%', '5:43.80%', '6:63.90%', '7:68.00%', '8:64.90%', '9:62.20%']
                                          0msec<-
Central server round 69, loss : 1.25, accuracy :60.49%
Time past: 1109800msec
['0:67.10%', '1:69.90%', '2:45.60%', '3:35.30%', '4:55.10%', '5:51.60%', '6:72.30%', '7:67.70%', '8:72.60%', '9:67.70%']
                                          ->0msec
                                                     -> Cluster 25, loss : 1.25, accuracy 60.49%, model from round 70
                                                     ['0:67.10%', '1:69.90%', '2:45.60%', '3:35.30%', '4:55.10%', '5:51.60%', '6:72.30%', '7:67.70%', '8:72.60%', '9:67.70%']
                                                                                              <-> Client 0, global : from 60.49% to 56.91%, local : from 74.40% to 99.40%, training time : 8200msec
                                                     Cluster 25, round 1, loss : 1.46, accuracy 56.91% <-
                                                     Time past : 8200msec
                                                     ['0:67.90%', '1:69.50%', '2:46.80%', '3:39.00%', '4:43.20%', '5:40.00%', '6:73.50%', '7:63.60%', '8:64.80%', '9:60.80%']
                                          0msec<-
                                          ->0msec
                                                     -> Cluster 73, loss : 1.25, accuracy 60.49%, model from round 70
                                                     ['0:67.10%', '1:69.90%', '2:45.60%', '3:35.30%', '4:55.10%', '5:51.60%', '6:72.30%', '7:67.70%', '8:72.60%', '9:67.70%']
                                                                                              <-> Client 0, global : from 60.49% to 55.65%, local : from 60.80% to 100.00%, training time : 16200msec
                                                     Cluster 73, round 1, loss : 1.57, accuracy 55.65% <-
                                                     Time past : 16200msec
                                                     ['0:58.50%', '1:69.40%', '2:33.20%', '3:44.10%', '4:57.90%', '5:44.20%', '6:67.40%', '7:58.50%', '8:70.50%', '9:52.80%']
                                          0msec<-
                                          ->0msec
                                                     -> Cluster 38, loss : 1.25, accuracy 60.49%, model from round 70
                                                     ['0:67.10%', '1:69.90%', '2:45.60%', '3:35.30%', '4:55.10%', '5:51.60%', '6:72.30%', '7:67.70%', '8:72.60%', '9:67.70%']
                                                                                              <-> Client 0, global : from 60.49% to 55.61%, local : from 63.80% to 99.00%, training time : 8200msec
                                                     Cluster 38, round 1, loss : 1.42, accuracy 55.61% <-
                                                     Time past : 8200msec
                                                     ['0:59.50%', '1:56.10%', '2:59.70%', '3:39.60%', '4:43.50%', '5:43.60%', '6:59.60%', '7:62.60%', '8:61.90%', '9:70.00%']
                                          0msec<-
                                          ->0msec
                                                     -> Cluster 43, loss : 1.25, accuracy 60.49%, model from round 70
                                                     ['0:67.10%', '1:69.90%', '2:45.60%', '3:35.30%', '4:55.10%', '5:51.60%', '6:72.30%', '7:67.70%', '8:72.60%', '9:67.70%']
                                                                                              <-> Client 0, global : from 60.49% to 55.97%, local : from 66.20% to 99.40%, training time : 8200msec
                                                     Cluster 43, round 1, loss : 1.43, accuracy 55.97% <-
                                                     Time past : 8200msec
                                                     ['0:61.90%', '1:66.10%', '2:57.30%', '3:33.30%', '4:35.90%', '5:38.20%', '6:65.20%', '7:67.90%', '8:71.30%', '9:62.60%']
                                          0msec<-
                                          ->0msec
                                                     -> Cluster 75, loss : 1.25, accuracy 60.49%, model from round 70
                                                     ['0:67.10%', '1:69.90%', '2:45.60%', '3:35.30%', '4:55.10%', '5:51.60%', '6:72.30%', '7:67.70%', '8:72.60%', '9:67.70%']
                                                                                              <-> Client 0, global : from 60.49% to 55.40%, local : from 63.40% to 100.00%, training time : 16200msec
                                                     Cluster 75, round 1, loss : 1.61, accuracy 55.40% <-
                                                     Time past : 16200msec
                                                     ['0:52.60%', '1:66.60%', '2:37.70%', '3:33.40%', '4:61.30%', '5:43.20%', '6:68.00%', '7:60.20%', '8:71.10%', '9:59.90%']
                                          0msec<-
                                          ->0msec
                                                     -> Cluster 17, loss : 1.25, accuracy 60.49%, model from round 70
                                                     ['0:67.10%', '1:69.90%', '2:45.60%', '3:35.30%', '4:55.10%', '5:51.60%', '6:72.30%', '7:67.70%', '8:72.60%', '9:67.70%']
                                                                                              <-> Client 0, global : from 60.49% to 54.98%, local : from 64.80% to 98.60%, training time : 8200msec
                                                     Cluster 17, round 1, loss : 1.49, accuracy 54.98% <-
                                                     Time past : 8200msec
                                                     ['0:67.20%', '1:54.40%', '2:38.00%', '3:29.40%', '4:48.90%', '5:57.50%', '6:52.90%', '7:69.20%', '8:63.60%', '9:68.70%']
                                          0msec<-
                                          ->0msec
                                                     -> Cluster 74, loss : 1.25, accuracy 60.49%, model from round 70
                                                     ['0:67.10%', '1:69.90%', '2:45.60%', '3:35.30%', '4:55.10%', '5:51.60%', '6:72.30%', '7:67.70%', '8:72.60%', '9:67.70%']
                                                                                              <-> Client 0, global : from 60.49% to 56.38%, local : from 68.80% to 100.00%, training time : 16200msec
                                                     Cluster 74, round 1, loss : 1.57, accuracy 56.38% <-
                                                     Time past : 16200msec
                                                     ['0:61.30%', '1:63.50%', '2:43.80%', '3:40.20%', '4:47.50%', '5:47.10%', '6:68.30%', '7:62.20%', '8:66.20%', '9:63.70%']
                                          0msec<-
                                          ->0msec
                                                     -> Cluster 68, loss : 1.25, accuracy 60.49%, model from round 70
                                                     ['0:67.10%', '1:69.90%', '2:45.60%', '3:35.30%', '4:55.10%', '5:51.60%', '6:72.30%', '7:67.70%', '8:72.60%', '9:67.70%']
                                                                                              <-> Client 0, global : from 60.49% to 56.28%, local : from 67.20% to 100.00%, training time : 16200msec
                                                     Cluster 68, round 1, loss : 1.62, accuracy 56.28% <-
                                                     Time past : 16200msec
                                                     ['0:60.80%', '1:68.00%', '2:43.70%', '3:42.10%', '4:46.50%', '5:35.50%', '6:61.50%', '7:72.10%', '8:69.00%', '9:63.60%']
                                          0msec<-
                                          ->0msec
                                                     -> Cluster 46, loss : 1.25, accuracy 60.49%, model from round 70
                                                     ['0:67.10%', '1:69.90%', '2:45.60%', '3:35.30%', '4:55.10%', '5:51.60%', '6:72.30%', '7:67.70%', '8:72.60%', '9:67.70%']
                                                                                              <-> Client 0, global : from 60.49% to 54.60%, local : from 66.20% to 99.80%, training time : 8200msec
                                                     Cluster 46, round 1, loss : 1.48, accuracy 54.60% <-
                                                     Time past : 8200msec
                                                     ['0:51.10%', '1:80.30%', '2:38.30%', '3:54.70%', '4:42.10%', '5:42.60%', '6:61.10%', '7:59.60%', '8:71.50%', '9:44.70%']
                                          0msec<-
                                          ->0msec
                                                     -> Cluster 79, loss : 1.25, accuracy 60.49%, model from round 70
                                                     ['0:67.10%', '1:69.90%', '2:45.60%', '3:35.30%', '4:55.10%', '5:51.60%', '6:72.30%', '7:67.70%', '8:72.60%', '9:67.70%']
                                                                                              <-> Client 0, global : from 60.49% to 55.59%, local : from 67.20% to 100.00%, training time : 16200msec
                                                     Cluster 79, round 1, loss : 1.60, accuracy 55.59% <-
                                                     Time past : 16200msec
                                                     ['0:58.60%', '1:72.20%', '2:42.60%', '3:34.50%', '4:50.50%', '5:45.40%', '6:63.90%', '7:65.70%', '8:66.20%', '9:56.30%']
                                          0msec<-
Central server round 70, loss : 1.25, accuracy :60.99%
Time past: 1126000msec
['0:63.90%', '1:71.70%', '2:45.90%', '3:40.40%', '4:56.30%', '5:47.40%', '6:73.80%', '7:68.70%', '8:75.10%', '9:66.70%']
                                          ->0msec
                                                     -> Cluster 23, loss : 1.25, accuracy 60.99%, model from round 71
                                                     ['0:63.90%', '1:71.70%', '2:45.90%', '3:40.40%', '4:56.30%', '5:47.40%', '6:73.80%', '7:68.70%', '8:75.10%', '9:66.70%']
                                                                                              <-> Client 0, global : from 60.99% to 55.97%, local : from 67.80% to 99.40%, training time : 8200msec
                                                     Cluster 23, round 1, loss : 1.52, accuracy 55.97% <-
                                                     Time past : 8200msec
                                                     ['0:59.80%', '1:67.00%', '2:50.10%', '3:39.40%', '4:48.90%', '5:43.00%', '6:68.30%', '7:51.10%', '8:69.30%', '9:62.80%']
                                          0msec<-
                                          ->0msec
                                                     -> Cluster 13, loss : 1.25, accuracy 60.99%, model from round 71
                                                     ['0:63.90%', '1:71.70%', '2:45.90%', '3:40.40%', '4:56.30%', '5:47.40%', '6:73.80%', '7:68.70%', '8:75.10%', '9:66.70%']
                                                                                              <-> Client 0, global : from 60.99% to 56.98%, local : from 69.80% to 100.00%, training time : 8200msec
                                                     Cluster 13, round 1, loss : 1.46, accuracy 56.98% <-
                                                     Time past : 8200msec
                                                     ['0:64.90%', '1:71.30%', '2:46.60%', '3:34.00%', '4:45.40%', '5:50.90%', '6:68.80%', '7:60.70%', '8:77.90%', '9:49.30%']
                                          0msec<-
                                          ->0msec
                                                     -> Cluster 58, loss : 1.25, accuracy 60.99%, model from round 71
                                                     ['0:63.90%', '1:71.70%', '2:45.90%', '3:40.40%', '4:56.30%', '5:47.40%', '6:73.80%', '7:68.70%', '8:75.10%', '9:66.70%']
                                                                                              <-> Client 0, global : from 60.99% to 55.76%, local : from 65.80% to 100.00%, training time : 16200msec
                                                     Cluster 58, round 1, loss : 1.63, accuracy 55.76% <-
                                                     Time past : 16200msec
                                                     ['0:43.90%', '1:74.50%', '2:40.00%', '3:41.00%', '4:48.10%', '5:49.80%', '6:64.20%', '7:64.20%', '8:74.90%', '9:57.00%']
                                          0msec<-
                                          ->0msec
                                                     -> Cluster 15, loss : 1.25, accuracy 60.99%, model from round 71
                                                     ['0:63.90%', '1:71.70%', '2:45.90%', '3:40.40%', '4:56.30%', '5:47.40%', '6:73.80%', '7:68.70%', '8:75.10%', '9:66.70%']
                                                                                              <-> Client 0, global : from 60.99% to 56.74%, local : from 70.80% to 99.80%, training time : 8200msec
                                                     Cluster 15, round 1, loss : 1.47, accuracy 56.74% <-
                                                     Time past : 8200msec
                                                     ['0:57.40%', '1:63.70%', '2:49.00%', '3:30.10%', '4:44.10%', '5:50.60%', '6:75.00%', '7:68.90%', '8:59.40%', '9:69.20%']
                                          0msec<-
                                          ->0msec
                                                     -> Cluster 64, loss : 1.25, accuracy 60.99%, model from round 71
                                                     ['0:63.90%', '1:71.70%', '2:45.90%', '3:40.40%', '4:56.30%', '5:47.40%', '6:73.80%', '7:68.70%', '8:75.10%', '9:66.70%']
                                                                                              <-> Client 0, global : from 60.99% to 57.23%, local : from 72.40% to 100.00%, training time : 16200msec
                                                     Cluster 64, round 1, loss : 1.55, accuracy 57.23% <-
                                                     Time past : 16200msec
                                                     ['0:61.40%', '1:68.50%', '2:42.80%', '3:27.20%', '4:57.60%', '5:58.90%', '6:60.70%', '7:64.30%', '8:67.80%', '9:63.10%']
                                          0msec<-
                                          ->0msec
                                                     -> Cluster 50, loss : 1.25, accuracy 60.99%, model from round 71
                                                     ['0:63.90%', '1:71.70%', '2:45.90%', '3:40.40%', '4:56.30%', '5:47.40%', '6:73.80%', '7:68.70%', '8:75.10%', '9:66.70%']
                                                                                              <-> Client 0, global : from 60.99% to 56.10%, local : from 74.40% to 100.00%, training time : 16200msec
                                                     Cluster 50, round 1, loss : 1.66, accuracy 56.10% <-
                                                     Time past : 16200msec
                                                     ['0:62.20%', '1:64.40%', '2:32.50%', '3:39.80%', '4:55.70%', '5:53.40%', '6:55.50%', '7:63.90%', '8:65.30%', '9:68.30%']
                                          0msec<-
                                          ->0msec
                                                     -> Cluster 27, loss : 1.25, accuracy 60.99%, model from round 71
                                                     ['0:63.90%', '1:71.70%', '2:45.90%', '3:40.40%', '4:56.30%', '5:47.40%', '6:73.80%', '7:68.70%', '8:75.10%', '9:66.70%']
                                                                                              <-> Client 0, global : from 60.99% to 56.82%, local : from 66.60% to 99.80%, training time : 8200msec
                                                     Cluster 27, round 1, loss : 1.40, accuracy 56.82% <-
                                                     Time past : 8200msec
                                                     ['0:64.20%', '1:66.90%', '2:42.40%', '3:41.10%', '4:40.30%', '5:52.10%', '6:65.00%', '7:63.10%', '8:73.00%', '9:60.10%']
                                          0msec<-
                                          ->0msec
                                                     -> Cluster 40, loss : 1.25, accuracy 60.99%, model from round 71
                                                     ['0:63.90%', '1:71.70%', '2:45.90%', '3:40.40%', '4:56.30%', '5:47.40%', '6:73.80%', '7:68.70%', '8:75.10%', '9:66.70%']
                                                                                              <-> Client 0, global : from 60.99% to 56.03%, local : from 73.00% to 100.00%, training time : 8200msec
                                                     Cluster 40, round 1, loss : 1.50, accuracy 56.03% <-
                                                     Time past : 8200msec
                                                     ['0:74.40%', '1:70.80%', '2:50.00%', '3:29.80%', '4:48.10%', '5:46.20%', '6:67.00%', '7:62.20%', '8:59.10%', '9:52.70%']
                                          0msec<-
                                          ->0msec
                                                     -> Cluster 96, loss : 1.25, accuracy 60.99%, model from round 71
                                                     ['0:63.90%', '1:71.70%', '2:45.90%', '3:40.40%', '4:56.30%', '5:47.40%', '6:73.80%', '7:68.70%', '8:75.10%', '9:66.70%']
                                                                                              <-> Client 0, global : from 60.99% to 56.56%, local : from 69.40% to 100.00%, training time : 16200msec
                                                     Cluster 96, round 1, loss : 1.61, accuracy 56.56% <-
                                                     Time past : 16200msec
                                                     ['0:70.70%', '1:71.10%', '2:33.10%', '3:37.50%', '4:52.80%', '5:45.90%', '6:67.60%', '7:67.60%', '8:66.70%', '9:52.60%']
                                          0msec<-
                                          ->0msec
                                                     -> Cluster 4, loss : 1.25, accuracy 60.99%, model from round 71
                                                     ['0:63.90%', '1:71.70%', '2:45.90%', '3:40.40%', '4:56.30%', '5:47.40%', '6:73.80%', '7:68.70%', '8:75.10%', '9:66.70%']
                                                                                              <-> Client 0, global : from 60.99% to 55.20%, local : from 69.40% to 99.40%, training time : 8200msec
                                                     Cluster 4, round 1, loss : 1.52, accuracy 55.20% <-
                                                     Time past : 8200msec
                                                     ['0:68.00%', '1:52.80%', '2:45.70%', '3:30.90%', '4:41.40%', '5:57.20%', '6:70.20%', '7:51.90%', '8:68.50%', '9:65.40%']
                                          0msec<-
Central server round 71, loss : 1.26, accuracy :61.47%
Time past: 1142200msec
['0:68.30%', '1:74.10%', '2:44.20%', '3:37.10%', '4:55.70%', '5:51.60%', '6:75.20%', '7:68.10%', '8:75.90%', '9:64.50%']
                                          ->0msec
                                                     -> Cluster 22, loss : 1.26, accuracy 61.47%, model from round 72
                                                     ['0:68.30%', '1:74.10%', '2:44.20%', '3:37.10%', '4:55.70%', '5:51.60%', '6:75.20%', '7:68.10%', '8:75.90%', '9:64.50%']
                                                                                              <-> Client 0, global : from 61.47% to 55.89%, local : from 67.00% to 99.60%, training time : 8200msec
                                                     Cluster 22, round 1, loss : 1.44, accuracy 55.89% <-
                                                     Time past : 8200msec
                                                     ['0:51.90%', '1:65.80%', '2:40.50%', '3:25.70%', '4:46.70%', '5:45.50%', '6:79.00%', '7:67.10%', '8:76.70%', '9:60.00%']
                                          0msec<-
                                          ->0msec
                                                     -> Cluster 36, loss : 1.26, accuracy 61.47%, model from round 72
                                                     ['0:68.30%', '1:74.10%', '2:44.20%', '3:37.10%', '4:55.70%', '5:51.60%', '6:75.20%', '7:68.10%', '8:75.90%', '9:64.50%']
                                                                                              <-> Client 0, global : from 61.47% to 55.64%, local : from 73.20% to 99.80%, training time : 8200msec
                                                     Cluster 36, round 1, loss : 1.53, accuracy 55.64% <-
                                                     Time past : 8200msec
                                                     ['0:59.60%', '1:68.10%', '2:37.70%', '3:37.60%', '4:67.90%', '5:26.90%', '6:66.90%', '7:56.80%', '8:75.20%', '9:59.70%']
                                          0msec<-
                                          ->0msec
                                                     -> Cluster 32, loss : 1.26, accuracy 61.47%, model from round 72
                                                     ['0:68.30%', '1:74.10%', '2:44.20%', '3:37.10%', '4:55.70%', '5:51.60%', '6:75.20%', '7:68.10%', '8:75.90%', '9:64.50%']
                                                                                              <-> Client 0, global : from 61.47% to 57.11%, local : from 63.80% to 99.40%, training time : 8200msec
                                                     Cluster 32, round 1, loss : 1.41, accuracy 57.11% <-
                                                     Time past : 8200msec
                                                     ['0:66.10%', '1:68.20%', '2:47.00%', '3:42.30%', '4:41.00%', '5:44.40%', '6:61.60%', '7:63.00%', '8:72.30%', '9:65.20%']
                                          0msec<-
                                          ->0msec
                                                     -> Cluster 44, loss : 1.26, accuracy 61.47%, model from round 72
                                                     ['0:68.30%', '1:74.10%', '2:44.20%', '3:37.10%', '4:55.70%', '5:51.60%', '6:75.20%', '7:68.10%', '8:75.90%', '9:64.50%']
                                                                                              <-> Client 0, global : from 61.47% to 56.13%, local : from 71.20% to 99.60%, training time : 8200msec
                                                     Cluster 44, round 1, loss : 1.48, accuracy 56.13% <-
                                                     Time past : 8200msec
                                                     ['0:68.10%', '1:58.80%', '2:36.30%', '3:51.00%', '4:46.90%', '5:47.20%', '6:68.20%', '7:55.40%', '8:68.20%', '9:61.20%']
                                          0msec<-
                                          ->0msec
                                                     -> Cluster 33, loss : 1.26, accuracy 61.47%, model from round 72
                                                     ['0:68.30%', '1:74.10%', '2:44.20%', '3:37.10%', '4:55.70%', '5:51.60%', '6:75.20%', '7:68.10%', '8:75.90%', '9:64.50%']
                                                                                              <-> Client 0, global : from 61.47% to 54.11%, local : from 64.60% to 99.40%, training time : 8200msec
                                                     Cluster 33, round 1, loss : 1.51, accuracy 54.11% <-
                                                     Time past : 8200msec
                                                     ['0:52.50%', '1:63.90%', '2:40.10%', '3:59.70%', '4:58.50%', '5:30.10%', '6:50.40%', '7:47.60%', '8:81.40%', '9:56.90%']
                                          0msec<-
                                          ->0msec
                                                     -> Cluster 6, loss : 1.26, accuracy 61.47%, model from round 72
                                                     ['0:68.30%', '1:74.10%', '2:44.20%', '3:37.10%', '4:55.70%', '5:51.60%', '6:75.20%', '7:68.10%', '8:75.90%', '9:64.50%']
                                                                                              <-> Client 0, global : from 61.47% to 56.36%, local : from 73.00% to 99.80%, training time : 8200msec
                                                     Cluster 6, round 1, loss : 1.52, accuracy 56.36% <-
                                                     Time past : 8200msec
                                                     ['0:72.90%', '1:65.10%', '2:32.10%', '3:25.60%', '4:58.20%', '5:50.60%', '6:59.30%', '7:59.30%', '8:75.50%', '9:65.00%']
                                          0msec<-
                                          ->0msec
                                                     -> Cluster 88, loss : 1.26, accuracy 61.47%, model from round 72
                                                     ['0:68.30%', '1:74.10%', '2:44.20%', '3:37.10%', '4:55.70%', '5:51.60%', '6:75.20%', '7:68.10%', '8:75.90%', '9:64.50%']
                                                                                              <-> Client 0, global : from 61.47% to 56.88%, local : from 69.40% to 100.00%, training time : 16200msec
                                                     Cluster 88, round 1, loss : 1.54, accuracy 56.88% <-
                                                     Time past : 16200msec
                                                     ['0:63.80%', '1:75.60%', '2:42.80%', '3:38.50%', '4:53.30%', '5:44.00%', '6:63.90%', '7:58.30%', '8:67.50%', '9:61.10%']
                                          0msec<-
                                          ->0msec
                                                     -> Cluster 43, loss : 1.26, accuracy 61.47%, model from round 72
                                                     ['0:68.30%', '1:74.10%', '2:44.20%', '3:37.10%', '4:55.70%', '5:51.60%', '6:75.20%', '7:68.10%', '8:75.90%', '9:64.50%']
                                                                                              <-> Client 0, global : from 61.47% to 56.38%, local : from 70.60% to 99.60%, training time : 8200msec
                                                     Cluster 43, round 1, loss : 1.44, accuracy 56.38% <-
                                                     Time past : 8200msec
                                                     ['0:63.20%', '1:66.60%', '2:52.10%', '3:33.70%', '4:56.80%', '5:48.10%', '6:49.30%', '7:60.50%', '8:73.70%', '9:59.80%']
                                          0msec<-
                                          ->0msec
                                                     -> Cluster 93, loss : 1.26, accuracy 61.47%, model from round 72
                                                     ['0:68.30%', '1:74.10%', '2:44.20%', '3:37.10%', '4:55.70%', '5:51.60%', '6:75.20%', '7:68.10%', '8:75.90%', '9:64.50%']
                                                                                              <-> Client 0, global : from 61.47% to 57.18%, local : from 70.40% to 100.00%, training time : 16200msec
                                                     Cluster 93, round 1, loss : 1.54, accuracy 57.18% <-
                                                     Time past : 16200msec
                                                     ['0:61.90%', '1:68.90%', '2:45.90%', '3:40.70%', '4:40.60%', '5:41.10%', '6:63.30%', '7:71.70%', '8:70.40%', '9:67.30%']
                                          0msec<-
                                          ->0msec
                                                     -> Cluster 14, loss : 1.26, accuracy 61.47%, model from round 72
                                                     ['0:68.30%', '1:74.10%', '2:44.20%', '3:37.10%', '4:55.70%', '5:51.60%', '6:75.20%', '7:68.10%', '8:75.90%', '9:64.50%']
                                                                                              <-> Client 0, global : from 61.47% to 55.87%, local : from 68.20% to 99.80%, training time : 8200msec
                                                     Cluster 14, round 1, loss : 1.51, accuracy 55.87% <-
                                                     Time past : 8200msec
                                                     ['0:49.70%', '1:70.60%', '2:50.40%', '3:28.40%', '4:32.40%', '5:53.50%', '6:73.90%', '7:66.80%', '8:75.70%', '9:57.30%']
                                          0msec<-
Central server round 72, loss : 1.24, accuracy :60.96%
Time past: 1158400msec
['0:65.60%', '1:74.10%', '2:44.30%', '3:38.50%', '4:59.00%', '5:46.30%', '6:71.40%', '7:67.20%', '8:78.80%', '9:64.40%']
                                          ->0msec
                                                     -> Cluster 85, loss : 1.24, accuracy 60.96%, model from round 73
                                                     ['0:65.60%', '1:74.10%', '2:44.30%', '3:38.50%', '4:59.00%', '5:46.30%', '6:71.40%', '7:67.20%', '8:78.80%', '9:64.40%']
                                                                                              <-> Client 0, global : from 60.96% to 55.59%, local : from 66.20% to 100.00%, training time : 16200msec
                                                     Cluster 85, round 1, loss : 1.62, accuracy 55.59% <-
                                                     Time past : 16200msec
                                                     ['0:53.80%', '1:58.70%', '2:50.60%', '3:29.40%', '4:46.80%', '5:45.00%', '6:71.80%', '7:63.20%', '8:68.90%', '9:67.70%']
                                          0msec<-
                                          ->0msec
                                                     -> Cluster 46, loss : 1.24, accuracy 60.96%, model from round 73
                                                     ['0:65.60%', '1:74.10%', '2:44.30%', '3:38.50%', '4:59.00%', '5:46.30%', '6:71.40%', '7:67.20%', '8:78.80%', '9:64.40%']
                                                                                              <-> Client 0, global : from 60.96% to 54.78%, local : from 66.60% to 99.20%, training time : 8200msec
                                                     Cluster 46, round 1, loss : 1.52, accuracy 54.78% <-
                                                     Time past : 8200msec
                                                     ['0:68.20%', '1:78.40%', '2:61.30%', '3:45.00%', '4:38.90%', '5:34.60%', '6:54.40%', '7:53.50%', '8:68.90%', '9:44.60%']
                                          0msec<-
                                          ->0msec
                                                     -> Cluster 77, loss : 1.24, accuracy 60.96%, model from round 73
                                                     ['0:65.60%', '1:74.10%', '2:44.30%', '3:38.50%', '4:59.00%', '5:46.30%', '6:71.40%', '7:67.20%', '8:78.80%', '9:64.40%']
                                                                                              <-> Client 0, global : from 60.96% to 56.63%, local : from 74.40% to 100.00%, training time : 16200msec
                                                     Cluster 77, round 1, loss : 1.59, accuracy 56.63% <-
                                                     Time past : 16200msec
                                                     ['0:63.00%', '1:61.50%', '2:38.30%', '3:36.70%', '4:35.30%', '5:57.00%', '6:66.00%', '7:64.20%', '8:72.30%', '9:72.00%']
                                          0msec<-
                                          ->0msec
                                                     -> Cluster 29, loss : 1.24, accuracy 60.96%, model from round 73
                                                     ['0:65.60%', '1:74.10%', '2:44.30%', '3:38.50%', '4:59.00%', '5:46.30%', '6:71.40%', '7:67.20%', '8:78.80%', '9:64.40%']
                                                                                              <-> Client 0, global : from 60.96% to 54.99%, local : from 62.60% to 98.00%, training time : 8200msec
                                                     Cluster 29, round 1, loss : 1.47, accuracy 54.99% <-
                                                     Time past : 8200msec
                                                     ['0:53.70%', '1:60.90%', '2:55.50%', '3:31.00%', '4:27.40%', '5:61.90%', '6:59.90%', '7:58.90%', '8:79.70%', '9:61.00%']
                                          0msec<-
                                          ->0msec
                                                     -> Cluster 22, loss : 1.24, accuracy 60.96%, model from round 73
                                                     ['0:65.60%', '1:74.10%', '2:44.30%', '3:38.50%', '4:59.00%', '5:46.30%', '6:71.40%', '7:67.20%', '8:78.80%', '9:64.40%']
                                                                                              <-> Client 0, global : from 60.96% to 53.24%, local : from 72.80% to 96.20%, training time : 8200msec
                                                     Cluster 22, round 1, loss : 1.59, accuracy 53.24% <-
                                                     Time past : 8200msec
                                                     ['0:37.00%', '1:61.70%', '2:50.40%', '3:18.20%', '4:30.20%', '5:70.40%', '6:64.40%', '7:60.90%', '8:81.20%', '9:58.00%']
                                          0msec<-
                                          ->0msec
                                                     -> Cluster 87, loss : 1.24, accuracy 60.96%, model from round 73
                                                     ['0:65.60%', '1:74.10%', '2:44.30%', '3:38.50%', '4:59.00%', '5:46.30%', '6:71.40%', '7:67.20%', '8:78.80%', '9:64.40%']
                                                                                              <-> Client 0, global : from 60.96% to 56.29%, local : from 67.20% to 100.00%, training time : 16200msec
                                                     Cluster 87, round 1, loss : 1.58, accuracy 56.29% <-
                                                     Time past : 16200msec
                                                     ['0:55.70%', '1:60.60%', '2:40.90%', '3:37.70%', '4:57.80%', '5:43.00%', '6:63.50%', '7:68.10%', '8:76.40%', '9:59.20%']
                                          0msec<-
                                          ->0msec
                                                     -> Cluster 96, loss : 1.24, accuracy 60.96%, model from round 73
                                                     ['0:65.60%', '1:74.10%', '2:44.30%', '3:38.50%', '4:59.00%', '5:46.30%', '6:71.40%', '7:67.20%', '8:78.80%', '9:64.40%']
                                                                                              <-> Client 0, global : from 60.96% to 56.81%, local : from 73.40% to 100.00%, training time : 16200msec
                                                     Cluster 96, round 1, loss : 1.60, accuracy 56.81% <-
                                                     Time past : 16200msec
                                                     ['0:72.60%', '1:70.80%', '2:36.90%', '3:34.70%', '4:44.60%', '5:50.00%', '6:67.70%', '7:68.20%', '8:66.10%', '9:56.50%']
                                          0msec<-
                                          ->0msec
                                                     -> Cluster 67, loss : 1.24, accuracy 60.96%, model from round 73
                                                     ['0:65.60%', '1:74.10%', '2:44.30%', '3:38.50%', '4:59.00%', '5:46.30%', '6:71.40%', '7:67.20%', '8:78.80%', '9:64.40%']
                                                                                              <-> Client 0, global : from 60.96% to 57.24%, local : from 72.40% to 100.00%, training time : 16200msec
                                                     Cluster 67, round 1, loss : 1.49, accuracy 57.24% <-
                                                     Time past : 16200msec
                                                     ['0:65.60%', '1:66.30%', '2:41.00%', '3:37.80%', '4:49.30%', '5:48.10%', '6:70.00%', '7:64.60%', '8:71.20%', '9:58.50%']
                                          0msec<-
                                          ->0msec
                                                     -> Cluster 50, loss : 1.24, accuracy 60.96%, model from round 73
                                                     ['0:65.60%', '1:74.10%', '2:44.30%', '3:38.50%', '4:59.00%', '5:46.30%', '6:71.40%', '7:67.20%', '8:78.80%', '9:64.40%']
                                                                                              <-> Client 0, global : from 60.96% to 57.22%, local : from 78.20% to 100.00%, training time : 16200msec
                                                     Cluster 50, round 1, loss : 1.63, accuracy 57.22% <-
                                                     Time past : 16200msec
                                                     ['0:63.80%', '1:63.80%', '2:44.10%', '3:44.50%', '4:48.20%', '5:50.00%', '6:60.70%', '7:61.40%', '8:67.20%', '9:68.50%']
                                          0msec<-
                                          ->0msec
                                                     -> Cluster 76, loss : 1.24, accuracy 60.96%, model from round 73
                                                     ['0:65.60%', '1:74.10%', '2:44.30%', '3:38.50%', '4:59.00%', '5:46.30%', '6:71.40%', '7:67.20%', '8:78.80%', '9:64.40%']
                                                                                              <-> Client 0, global : from 60.96% to 56.49%, local : from 75.00% to 100.00%, training time : 16200msec
                                                     Cluster 76, round 1, loss : 1.62, accuracy 56.49% <-
                                                     Time past : 16200msec
                                                     ['0:61.70%', '1:71.70%', '2:42.20%', '3:41.80%', '4:42.70%', '5:47.80%', '6:65.30%', '7:63.70%', '8:64.50%', '9:63.50%']
                                          0msec<-
Central server round 73, loss : 1.27, accuracy :61.24%
Time past: 1174600msec
['0:66.10%', '1:72.40%', '2:46.90%', '3:38.70%', '4:50.20%', '5:52.90%', '6:74.40%', '7:68.60%', '8:77.00%', '9:65.20%']
                                          ->0msec
                                                     -> Cluster 74, loss : 1.27, accuracy 61.24%, model from round 74
                                                     ['0:66.10%', '1:72.40%', '2:46.90%', '3:38.70%', '4:50.20%', '5:52.90%', '6:74.40%', '7:68.60%', '8:77.00%', '9:65.20%']
                                                                                              <-> Client 0, global : from 61.24% to 56.34%, local : from 71.60% to 100.00%, training time : 16200msec
                                                     Cluster 74, round 1, loss : 1.60, accuracy 56.34% <-
                                                     Time past : 16200msec
                                                     ['0:66.60%', '1:61.80%', '2:40.00%', '3:42.50%', '4:50.20%', '5:51.20%', '6:62.80%', '7:60.60%', '8:66.10%', '9:61.60%']
                                          0msec<-
                                          ->0msec
                                                     -> Cluster 22, loss : 1.27, accuracy 61.24%, model from round 74
                                                     ['0:66.10%', '1:72.40%', '2:46.90%', '3:38.70%', '4:50.20%', '5:52.90%', '6:74.40%', '7:68.60%', '8:77.00%', '9:65.20%']
                                                                                              <-> Client 0, global : from 61.24% to 55.90%, local : from 74.20% to 99.00%, training time : 8200msec
                                                     Cluster 22, round 1, loss : 1.49, accuracy 55.90% <-
                                                     Time past : 8200msec
                                                     ['0:47.00%', '1:65.00%', '2:42.10%', '3:27.30%', '4:41.40%', '5:48.40%', '6:78.30%', '7:67.40%', '8:81.20%', '9:60.90%']
                                          0msec<-
                                          ->0msec
                                                     -> Cluster 34, loss : 1.27, accuracy 61.24%, model from round 74
                                                     ['0:66.10%', '1:72.40%', '2:46.90%', '3:38.70%', '4:50.20%', '5:52.90%', '6:74.40%', '7:68.60%', '8:77.00%', '9:65.20%']
                                                                                              <-> Client 0, global : from 61.24% to 56.90%, local : from 67.80% to 99.60%, training time : 8200msec
                                                     Cluster 34, round 1, loss : 1.46, accuracy 56.90% <-
                                                     Time past : 8200msec
                                                     ['0:68.50%', '1:61.70%', '2:36.90%', '3:42.10%', '4:48.70%', '5:50.40%', '6:70.90%', '7:65.20%', '8:64.00%', '9:60.60%']
                                          0msec<-
                                          ->0msec
                                                     -> Cluster 66, loss : 1.27, accuracy 61.24%, model from round 74
                                                     ['0:66.10%', '1:72.40%', '2:46.90%', '3:38.70%', '4:50.20%', '5:52.90%', '6:74.40%', '7:68.60%', '8:77.00%', '9:65.20%']
                                                                                              <-> Client 0, global : from 61.24% to 57.31%, local : from 71.00% to 100.00%, training time : 16200msec
                                                     Cluster 66, round 1, loss : 1.53, accuracy 57.31% <-
                                                     Time past : 16200msec
                                                     ['0:60.10%', '1:63.90%', '2:41.70%', '3:41.20%', '4:60.20%', '5:42.00%', '6:62.00%', '7:60.00%', '8:73.90%', '9:68.10%']
                                          0msec<-
                                          ->0msec
                                                     -> Cluster 53, loss : 1.27, accuracy 61.24%, model from round 74
                                                     ['0:66.10%', '1:72.40%', '2:46.90%', '3:38.70%', '4:50.20%', '5:52.90%', '6:74.40%', '7:68.60%', '8:77.00%', '9:65.20%']
                                                                                              <-> Client 0, global : from 61.24% to 55.93%, local : from 68.00% to 100.00%, training time : 16200msec
                                                     Cluster 53, round 1, loss : 1.62, accuracy 55.93% <-
                                                     Time past : 16200msec
                                                     ['0:53.30%', '1:69.80%', '2:35.80%', '3:36.00%', '4:53.70%', '5:42.00%', '6:71.20%', '7:62.00%', '8:77.10%', '9:58.40%']
                                          0msec<-
                                          ->0msec
                                                     -> Cluster 87, loss : 1.27, accuracy 61.24%, model from round 74
                                                     ['0:66.10%', '1:72.40%', '2:46.90%', '3:38.70%', '4:50.20%', '5:52.90%', '6:74.40%', '7:68.60%', '8:77.00%', '9:65.20%']
                                                                                              <-> Client 0, global : from 61.24% to 56.19%, local : from 73.00% to 100.00%, training time : 16200msec
                                                     Cluster 87, round 1, loss : 1.61, accuracy 56.19% <-
                                                     Time past : 16200msec
                                                     ['0:57.50%', '1:61.80%', '2:39.90%', '3:45.80%', '4:60.40%', '5:36.70%', '6:61.60%', '7:65.10%', '8:72.40%', '9:60.70%']
                                          0msec<-
                                          ->0msec
                                                     -> Cluster 63, loss : 1.27, accuracy 61.24%, model from round 74
                                                     ['0:66.10%', '1:72.40%', '2:46.90%', '3:38.70%', '4:50.20%', '5:52.90%', '6:74.40%', '7:68.60%', '8:77.00%', '9:65.20%']
                                                                                              <-> Client 0, global : from 61.24% to 55.67%, local : from 64.20% to 100.00%, training time : 16200msec
                                                     Cluster 63, round 1, loss : 1.57, accuracy 55.67% <-
                                                     Time past : 16200msec
                                                     ['0:51.30%', '1:69.00%', '2:53.40%', '3:28.10%', '4:44.60%', '5:44.10%', '6:70.40%', '7:66.20%', '8:68.10%', '9:61.50%']
                                          0msec<-
                                          ->0msec
                                                     -> Cluster 28, loss : 1.27, accuracy 61.24%, model from round 74
                                                     ['0:66.10%', '1:72.40%', '2:46.90%', '3:38.70%', '4:50.20%', '5:52.90%', '6:74.40%', '7:68.60%', '8:77.00%', '9:65.20%']
                                                                                              <-> Client 0, global : from 61.24% to 55.87%, local : from 60.80% to 99.00%, training time : 8200msec
                                                     Cluster 28, round 1, loss : 1.44, accuracy 55.87% <-
                                                     Time past : 8200msec
                                                     ['0:72.50%', '1:60.40%', '2:28.60%', '3:52.30%', '4:53.60%', '5:39.60%', '6:61.50%', '7:58.80%', '8:70.00%', '9:61.40%']
                                          0msec<-
                                          ->0msec
                                                     -> Cluster 49, loss : 1.27, accuracy 61.24%, model from round 74
                                                     ['0:66.10%', '1:72.40%', '2:46.90%', '3:38.70%', '4:50.20%', '5:52.90%', '6:74.40%', '7:68.60%', '8:77.00%', '9:65.20%']
                                                                                              <-> Client 0, global : from 61.24% to 55.36%, local : from 65.20% to 99.80%, training time : 8200msec
                                                     Cluster 49, round 1, loss : 1.49, accuracy 55.36% <-
                                                     Time past : 8200msec
                                                     ['0:65.20%', '1:48.50%', '2:44.50%', '3:46.80%', '4:44.20%', '5:50.30%', '6:57.30%', '7:55.30%', '8:63.90%', '9:77.60%']
                                          0msec<-
                                          ->0msec
                                                     -> Cluster 64, loss : 1.27, accuracy 61.24%, model from round 74
                                                     ['0:66.10%', '1:72.40%', '2:46.90%', '3:38.70%', '4:50.20%', '5:52.90%', '6:74.40%', '7:68.60%', '8:77.00%', '9:65.20%']
                                                                                              <-> Client 0, global : from 61.24% to 58.08%, local : from 77.00% to 100.00%, training time : 16200msec
                                                     Cluster 64, round 1, loss : 1.55, accuracy 58.08% <-
                                                     Time past : 16200msec
                                                     ['0:65.80%', '1:70.60%', '2:37.20%', '3:38.10%', '4:62.10%', '5:50.60%', '6:64.10%', '7:62.20%', '8:69.80%', '9:60.30%']
                                          0msec<-
Central server round 74, loss : 1.26, accuracy :60.94%
Time past: 1190800msec
['0:63.00%', '1:70.80%', '2:41.80%', '3:43.20%', '4:59.00%', '5:45.40%', '6:74.40%', '7:66.20%', '8:78.10%', '9:67.50%']
                                          ->0msec
                                                     -> Cluster 13, loss : 1.26, accuracy 60.94%, model from round 75
                                                     ['0:63.00%', '1:70.80%', '2:41.80%', '3:43.20%', '4:59.00%', '5:45.40%', '6:74.40%', '7:66.20%', '8:78.10%', '9:67.50%']
                                                                                              <-> Client 0, global : from 60.94% to 56.11%, local : from 69.80% to 100.00%, training time : 8200msec
                                                     Cluster 13, round 1, loss : 1.53, accuracy 56.11% <-
                                                     Time past : 8200msec
                                                     ['0:67.60%', '1:66.20%', '2:38.00%', '3:56.90%', '4:50.40%', '5:39.00%', '6:50.50%', '7:66.50%', '8:73.90%', '9:52.10%']
                                          0msec<-
                                          ->0msec
                                                     -> Cluster 44, loss : 1.26, accuracy 60.94%, model from round 75
                                                     ['0:63.00%', '1:70.80%', '2:41.80%', '3:43.20%', '4:59.00%', '5:45.40%', '6:74.40%', '7:66.20%', '8:78.10%', '9:67.50%']
                                                                                              <-> Client 0, global : from 60.94% to 57.35%, local : from 73.20% to 100.00%, training time : 8200msec
                                                     Cluster 44, round 1, loss : 1.47, accuracy 57.35% <-
                                                     Time past : 8200msec
                                                     ['0:66.20%', '1:56.30%', '2:48.40%', '3:43.90%', '4:51.20%', '5:45.50%', '6:63.20%', '7:62.60%', '8:70.10%', '9:66.10%']
                                          0msec<-
                                          ->0msec
                                                     -> Cluster 67, loss : 1.26, accuracy 60.94%, model from round 75
                                                     ['0:63.00%', '1:70.80%', '2:41.80%', '3:43.20%', '4:59.00%', '5:45.40%', '6:74.40%', '7:66.20%', '8:78.10%', '9:67.50%']
                                                                                              <-> Client 0, global : from 60.94% to 56.91%, local : from 73.40% to 100.00%, training time : 16200msec
                                                     Cluster 67, round 1, loss : 1.52, accuracy 56.91% <-
                                                     Time past : 16200msec
                                                     ['0:72.10%', '1:70.00%', '2:39.20%', '3:38.00%', '4:48.40%', '5:42.40%', '6:70.00%', '7:65.10%', '8:66.10%', '9:57.80%']
                                          0msec<-
                                          ->0msec
                                                     -> Cluster 18, loss : 1.26, accuracy 60.94%, model from round 75
                                                     ['0:63.00%', '1:70.80%', '2:41.80%', '3:43.20%', '4:59.00%', '5:45.40%', '6:74.40%', '7:66.20%', '8:78.10%', '9:67.50%']
                                                                                              <-> Client 0, global : from 60.94% to 57.58%, local : from 73.80% to 100.00%, training time : 8200msec
                                                     Cluster 18, round 1, loss : 1.47, accuracy 57.58% <-
                                                     Time past : 8200msec
                                                     ['0:60.00%', '1:75.70%', '2:39.90%', '3:35.00%', '4:56.80%', '5:45.40%', '6:64.10%', '7:66.00%', '8:72.10%', '9:60.80%']
                                          0msec<-
                                          ->0msec
                                                     -> Cluster 38, loss : 1.26, accuracy 60.94%, model from round 75
                                                     ['0:63.00%', '1:70.80%', '2:41.80%', '3:43.20%', '4:59.00%', '5:45.40%', '6:74.40%', '7:66.20%', '8:78.10%', '9:67.50%']
                                                                                              <-> Client 0, global : from 60.94% to 56.79%, local : from 65.60% to 100.00%, training time : 8200msec
                                                     Cluster 38, round 1, loss : 1.45, accuracy 56.79% <-
                                                     Time past : 8200msec
                                                     ['0:69.90%', '1:50.10%', '2:49.90%', '3:29.80%', '4:43.90%', '5:58.40%', '6:60.60%', '7:61.60%', '8:75.50%', '9:68.20%']
                                          0msec<-
                                          ->0msec
                                                     -> Cluster 61, loss : 1.26, accuracy 60.94%, model from round 75
                                                     ['0:63.00%', '1:70.80%', '2:41.80%', '3:43.20%', '4:59.00%', '5:45.40%', '6:74.40%', '7:66.20%', '8:78.10%', '9:67.50%']
                                                                                              <-> Client 0, global : from 60.94% to 57.12%, local : from 69.80% to 100.00%, training time : 16200msec
                                                     Cluster 61, round 1, loss : 1.54, accuracy 57.12% <-
                                                     Time past : 16200msec
                                                     ['0:66.20%', '1:69.80%', '2:42.50%', '3:40.40%', '4:45.00%', '5:43.50%', '6:65.50%', '7:70.10%', '8:65.70%', '9:62.50%']
                                          0msec<-
                                          ->0msec
                                                     -> Cluster 80, loss : 1.26, accuracy 60.94%, model from round 75
                                                     ['0:63.00%', '1:70.80%', '2:41.80%', '3:43.20%', '4:59.00%', '5:45.40%', '6:74.40%', '7:66.20%', '8:78.10%', '9:67.50%']
                                                                                              <-> Client 0, global : from 60.94% to 57.57%, local : from 71.00% to 100.00%, training time : 16200msec
                                                     Cluster 80, round 1, loss : 1.53, accuracy 57.57% <-
                                                     Time past : 16200msec
                                                     ['0:61.00%', '1:70.50%', '2:41.20%', '3:44.30%', '4:54.70%', '5:45.20%', '6:62.20%', '7:67.80%', '8:65.20%', '9:63.60%']
                                          0msec<-
                                          ->0msec
                                                     -> Cluster 69, loss : 1.26, accuracy 60.94%, model from round 75
                                                     ['0:63.00%', '1:70.80%', '2:41.80%', '3:43.20%', '4:59.00%', '5:45.40%', '6:74.40%', '7:66.20%', '8:78.10%', '9:67.50%']
                                                                                              <-> Client 0, global : from 60.94% to 57.00%, local : from 68.40% to 100.00%, training time : 16200msec
                                                     Cluster 69, round 1, loss : 1.55, accuracy 57.00% <-
                                                     Time past : 16200msec
                                                     ['0:59.60%', '1:68.00%', '2:45.30%', '3:41.30%', '4:48.80%', '5:44.40%', '6:65.70%', '7:62.70%', '8:66.40%', '9:67.80%']
                                          0msec<-
                                          ->0msec
                                                     -> Cluster 19, loss : 1.26, accuracy 60.94%, model from round 75
                                                     ['0:63.00%', '1:70.80%', '2:41.80%', '3:43.20%', '4:59.00%', '5:45.40%', '6:74.40%', '7:66.20%', '8:78.10%', '9:67.50%']
                                                                                              <-> Client 0, global : from 60.94% to 55.46%, local : from 64.00% to 99.20%, training time : 8200msec
                                                     Cluster 19, round 1, loss : 1.48, accuracy 55.46% <-
                                                     Time past : 8200msec
                                                     ['0:64.40%', '1:61.10%', '2:45.20%', '3:31.70%', '4:27.00%', '5:57.60%', '6:67.20%', '7:61.30%', '8:67.10%', '9:72.00%']
                                          0msec<-
                                          ->0msec
                                                     -> Cluster 57, loss : 1.26, accuracy 60.94%, model from round 75
                                                     ['0:63.00%', '1:70.80%', '2:41.80%', '3:43.20%', '4:59.00%', '5:45.40%', '6:74.40%', '7:66.20%', '8:78.10%', '9:67.50%']
                                                                                              <-> Client 0, global : from 60.94% to 56.46%, local : from 70.40% to 100.00%, training time : 16200msec
                                                     Cluster 57, round 1, loss : 1.60, accuracy 56.46% <-
                                                     Time past : 16200msec
                                                     ['0:50.70%', '1:69.30%', '2:46.50%', '3:39.20%', '4:49.10%', '5:45.00%', '6:68.80%', '7:64.20%', '8:73.00%', '9:58.80%']
                                          0msec<-
Central server round 75, loss : 1.26, accuracy :61.49%
Time past: 1207000msec
['0:67.20%', '1:71.70%', '2:45.20%', '3:42.00%', '4:54.20%', '5:49.50%', '6:73.60%', '7:69.60%', '8:75.60%', '9:66.30%']
                                          ->0msec
                                                     -> Cluster 95, loss : 1.26, accuracy 61.49%, model from round 76
                                                     ['0:67.20%', '1:71.70%', '2:45.20%', '3:42.00%', '4:54.20%', '5:49.50%', '6:73.60%', '7:69.60%', '8:75.60%', '9:66.30%']
                                                                                              <-> Client 0, global : from 61.49% to 57.46%, local : from 66.60% to 100.00%, training time : 16200msec
                                                     Cluster 95, round 1, loss : 1.55, accuracy 57.46% <-
                                                     Time past : 16200msec
                                                     ['0:66.30%', '1:72.50%', '2:45.10%', '3:37.20%', '4:46.10%', '5:53.50%', '6:66.90%', '7:59.50%', '8:68.80%', '9:58.70%']
                                          0msec<-
                                          ->0msec
                                                     -> Cluster 83, loss : 1.26, accuracy 61.49%, model from round 76
                                                     ['0:67.20%', '1:71.70%', '2:45.20%', '3:42.00%', '4:54.20%', '5:49.50%', '6:73.60%', '7:69.60%', '8:75.60%', '9:66.30%']
                                                                                              <-> Client 0, global : from 61.49% to 57.07%, local : from 67.00% to 100.00%, training time : 16200msec
                                                     Cluster 83, round 1, loss : 1.56, accuracy 57.07% <-
                                                     Time past : 16200msec
                                                     ['0:69.40%', '1:67.90%', '2:41.00%', '3:41.60%', '4:46.40%', '5:42.90%', '6:68.00%', '7:61.70%', '8:62.30%', '9:69.50%']
                                          0msec<-
                                          ->0msec
                                                     -> Cluster 37, loss : 1.26, accuracy 61.49%, model from round 76
                                                     ['0:67.20%', '1:71.70%', '2:45.20%', '3:42.00%', '4:54.20%', '5:49.50%', '6:73.60%', '7:69.60%', '8:75.60%', '9:66.30%']
                                                                                              <-> Client 0, global : from 61.49% to 57.17%, local : from 68.00% to 100.00%, training time : 8200msec
                                                     Cluster 37, round 1, loss : 1.43, accuracy 57.17% <-
                                                     Time past : 8200msec
                                                     ['0:63.70%', '1:73.20%', '2:30.20%', '3:43.80%', '4:52.80%', '5:55.40%', '6:58.10%', '7:66.40%', '8:68.90%', '9:59.20%']
                                          0msec<-
                                          ->0msec
                                                     -> Cluster 1, loss : 1.26, accuracy 61.49%, model from round 76
                                                     ['0:67.20%', '1:71.70%', '2:45.20%', '3:42.00%', '4:54.20%', '5:49.50%', '6:73.60%', '7:69.60%', '8:75.60%', '9:66.30%']
                                                                                              <-> Client 0, global : from 61.49% to 56.45%, local : from 64.00% to 99.60%, training time : 8200msec
                                                     Cluster 1, round 1, loss : 1.46, accuracy 56.45% <-
                                                     Time past : 8200msec
                                                     ['0:72.70%', '1:59.00%', '2:34.80%', '3:31.30%', '4:45.60%', '5:60.90%', '6:64.00%', '7:69.50%', '8:67.40%', '9:59.30%']
                                          0msec<-
                                          ->0msec
                                                     -> Cluster 54, loss : 1.26, accuracy 61.49%, model from round 76
                                                     ['0:67.20%', '1:71.70%', '2:45.20%', '3:42.00%', '4:54.20%', '5:49.50%', '6:73.60%', '7:69.60%', '8:75.60%', '9:66.30%']
                                                                                              <-> Client 0, global : from 61.49% to 56.37%, local : from 64.00% to 99.80%, training time : 16200msec
                                                     Cluster 54, round 1, loss : 1.55, accuracy 56.37% <-
                                                     Time past : 16200msec
                                                     ['0:55.40%', '1:70.50%', '2:46.50%', '3:34.80%', '4:41.80%', '5:56.50%', '6:65.20%', '7:64.20%', '8:63.90%', '9:64.90%']
                                          0msec<-
                                          ->0msec
                                                     -> Cluster 86, loss : 1.26, accuracy 61.49%, model from round 76
                                                     ['0:67.20%', '1:71.70%', '2:45.20%', '3:42.00%', '4:54.20%', '5:49.50%', '6:73.60%', '7:69.60%', '8:75.60%', '9:66.30%']
                                                                                              <-> Client 0, global : from 61.49% to 55.52%, local : from 65.20% to 100.00%, training time : 16200msec
                                                     Cluster 86, round 1, loss : 1.62, accuracy 55.52% <-
                                                     Time past : 16200msec
                                                     ['0:58.10%', '1:65.90%', '2:49.70%', '3:28.80%', '4:37.20%', '5:54.10%', '6:62.00%', '7:63.10%', '8:75.60%', '9:60.70%']
                                          0msec<-
                                          ->0msec
                                                     -> Cluster 71, loss : 1.26, accuracy 61.49%, model from round 76
                                                     ['0:67.20%', '1:71.70%', '2:45.20%', '3:42.00%', '4:54.20%', '5:49.50%', '6:73.60%', '7:69.60%', '8:75.60%', '9:66.30%']
                                                                                              <-> Client 0, global : from 61.49% to 56.68%, local : from 68.00% to 100.00%, training time : 16200msec
                                                     Cluster 71, round 1, loss : 1.58, accuracy 56.68% <-
                                                     Time past : 16200msec
                                                     ['0:69.40%', '1:75.30%', '2:32.30%', '3:44.80%', '4:47.60%', '5:44.50%', '6:74.00%', '7:62.60%', '8:66.50%', '9:49.80%']
                                          0msec<-
                                          ->0msec
                                                     -> Cluster 94, loss : 1.26, accuracy 61.49%, model from round 76
                                                     ['0:67.20%', '1:71.70%', '2:45.20%', '3:42.00%', '4:54.20%', '5:49.50%', '6:73.60%', '7:69.60%', '8:75.60%', '9:66.30%']
                                                                                              <-> Client 0, global : from 61.49% to 57.02%, local : from 65.80% to 100.00%, training time : 16200msec
                                                     Cluster 94, round 1, loss : 1.56, accuracy 57.02% <-
                                                     Time past : 16200msec
                                                     ['0:66.50%', '1:73.00%', '2:38.90%', '3:39.40%', '4:58.80%', '5:38.60%', '6:61.60%', '7:60.50%', '8:73.10%', '9:59.80%']
                                          0msec<-
                                          ->0msec
                                                     -> Cluster 97, loss : 1.26, accuracy 61.49%, model from round 76
                                                     ['0:67.20%', '1:71.70%', '2:45.20%', '3:42.00%', '4:54.20%', '5:49.50%', '6:73.60%', '7:69.60%', '8:75.60%', '9:66.30%']
                                                                                              <-> Client 0, global : from 61.49% to 57.45%, local : from 66.20% to 100.00%, training time : 16200msec
                                                     Cluster 97, round 1, loss : 1.55, accuracy 57.45% <-
                                                     Time past : 16200msec
                                                     ['0:67.50%', '1:67.70%', '2:38.50%', '3:39.10%', '4:56.30%', '5:46.30%', '6:64.80%', '7:66.10%', '8:65.80%', '9:62.40%']
                                          0msec<-
                                          ->0msec
                                                     -> Cluster 44, loss : 1.26, accuracy 61.49%, model from round 76
                                                     ['0:67.20%', '1:71.70%', '2:45.20%', '3:42.00%', '4:54.20%', '5:49.50%', '6:73.60%', '7:69.60%', '8:75.60%', '9:66.30%']
                                                                                              <-> Client 0, global : from 61.49% to 57.22%, local : from 78.40% to 100.00%, training time : 8200msec
                                                     Cluster 44, round 1, loss : 1.50, accuracy 57.22% <-
                                                     Time past : 8200msec
                                                     ['0:71.40%', '1:54.70%', '2:45.10%', '3:37.80%', '4:46.70%', '5:46.50%', '6:68.80%', '7:64.00%', '8:60.60%', '9:76.60%']
                                          0msec<-
Central server round 76, loss : 1.26, accuracy :61.27%
Time past: 1223200msec
['0:67.60%', '1:74.10%', '2:41.60%', '3:40.20%', '4:54.70%', '5:51.60%', '6:73.20%', '7:68.10%', '8:75.90%', '9:65.70%']
                                          ->0msec
                                                     -> Cluster 70, loss : 1.26, accuracy 61.27%, model from round 77
                                                     ['0:67.60%', '1:74.10%', '2:41.60%', '3:40.20%', '4:54.70%', '5:51.60%', '6:73.20%', '7:68.10%', '8:75.90%', '9:65.70%']
                                                                                              <-> Client 0, global : from 61.27% to 56.75%, local : from 64.80% to 100.00%, training time : 16200msec
                                                     Cluster 70, round 1, loss : 1.56, accuracy 56.75% <-
                                                     Time past : 16200msec
                                                     ['0:64.20%', '1:63.70%', '2:39.70%', '3:36.80%', '4:46.00%', '5:51.90%', '6:71.70%', '7:63.40%', '8:67.20%', '9:62.90%']
                                          0msec<-
                                          ->0msec
                                                     -> Cluster 20, loss : 1.26, accuracy 61.27%, model from round 77
                                                     ['0:67.60%', '1:74.10%', '2:41.60%', '3:40.20%', '4:54.70%', '5:51.60%', '6:73.20%', '7:68.10%', '8:75.90%', '9:65.70%']
                                                                                              <-> Client 0, global : from 61.27% to 56.36%, local : from 63.80% to 98.80%, training time : 8200msec
                                                     Cluster 20, round 1, loss : 1.41, accuracy 56.36% <-
                                                     Time past : 8200msec
                                                     ['0:54.60%', '1:71.60%', '2:45.20%', '3:47.60%', '4:48.50%', '5:34.00%', '6:70.70%', '7:57.50%', '8:77.00%', '9:56.90%']
                                          0msec<-
                                          ->0msec
                                                     -> Cluster 40, loss : 1.26, accuracy 61.27%, model from round 77
                                                     ['0:67.60%', '1:74.10%', '2:41.60%', '3:40.20%', '4:54.70%', '5:51.60%', '6:73.20%', '7:68.10%', '8:75.90%', '9:65.70%']
                                                                                              <-> Client 0, global : from 61.27% to 56.53%, local : from 74.20% to 99.80%, training time : 8200msec
                                                     Cluster 40, round 1, loss : 1.50, accuracy 56.53% <-
                                                     Time past : 8200msec
                                                     ['0:70.90%', '1:71.60%', '2:54.20%', '3:31.70%', '4:36.30%', '5:53.70%', '6:63.70%', '7:64.20%', '8:62.20%', '9:56.80%']
                                          0msec<-
                                          ->0msec
                                                     -> Cluster 92, loss : 1.26, accuracy 61.27%, model from round 77
                                                     ['0:67.60%', '1:74.10%', '2:41.60%', '3:40.20%', '4:54.70%', '5:51.60%', '6:73.20%', '7:68.10%', '8:75.90%', '9:65.70%']
                                                                                              <-> Client 0, global : from 61.27% to 56.19%, local : from 61.80% to 100.00%, training time : 16200msec
                                                     Cluster 92, round 1, loss : 1.54, accuracy 56.19% <-
                                                     Time past : 16200msec
                                                     ['0:70.30%', '1:68.30%', '2:45.40%', '3:40.80%', '4:46.70%', '5:50.10%', '6:57.90%', '7:58.20%', '8:62.20%', '9:62.00%']
                                          0msec<-
                                          ->0msec
                                                     -> Cluster 62, loss : 1.26, accuracy 61.27%, model from round 77
                                                     ['0:67.60%', '1:74.10%', '2:41.60%', '3:40.20%', '4:54.70%', '5:51.60%', '6:73.20%', '7:68.10%', '8:75.90%', '9:65.70%']
                                                                                              <-> Client 0, global : from 61.27% to 56.80%, local : from 67.20% to 100.00%, training time : 16200msec
                                                     Cluster 62, round 1, loss : 1.61, accuracy 56.80% <-
                                                     Time past : 16200msec
                                                     ['0:63.10%', '1:69.20%', '2:41.80%', '3:37.10%', '4:51.80%', '5:48.60%', '6:68.50%', '7:56.60%', '8:66.60%', '9:64.70%']
                                          0msec<-
                                          ->0msec
                                                     -> Cluster 22, loss : 1.26, accuracy 61.27%, model from round 77
                                                     ['0:67.60%', '1:74.10%', '2:41.60%', '3:40.20%', '4:54.70%', '5:51.60%', '6:73.20%', '7:68.10%', '8:75.90%', '9:65.70%']
                                                                                              <-> Client 0, global : from 61.27% to 57.58%, local : from 74.00% to 99.40%, training time : 8200msec
                                                     Cluster 22, round 1, loss : 1.46, accuracy 57.58% <-
                                                     Time past : 8200msec
                                                     ['0:64.60%', '1:65.00%', '2:34.10%', '3:37.50%', '4:42.50%', '5:47.50%', '6:78.00%', '7:68.00%', '8:75.00%', '9:63.60%']
                                          0msec<-
                                          ->0msec
                                                     -> Cluster 69, loss : 1.26, accuracy 61.27%, model from round 77
                                                     ['0:67.60%', '1:74.10%', '2:41.60%', '3:40.20%', '4:54.70%', '5:51.60%', '6:73.20%', '7:68.10%', '8:75.90%', '9:65.70%']
                                                                                              <-> Client 0, global : from 61.27% to 57.22%, local : from 73.40% to 100.00%, training time : 16200msec
                                                     Cluster 69, round 1, loss : 1.55, accuracy 57.22% <-
                                                     Time past : 16200msec
                                                     ['0:56.40%', '1:75.30%', '2:47.30%', '3:38.10%', '4:45.20%', '5:48.70%', '6:69.00%', '7:61.00%', '8:72.80%', '9:58.40%']
                                          0msec<-
                                          ->0msec
                                                     -> Cluster 50, loss : 1.26, accuracy 61.27%, model from round 77
                                                     ['0:67.60%', '1:74.10%', '2:41.60%', '3:40.20%', '4:54.70%', '5:51.60%', '6:73.20%', '7:68.10%', '8:75.90%', '9:65.70%']
                                                                                              <-> Client 0, global : from 61.27% to 57.46%, local : from 77.40% to 100.00%, training time : 16200msec
                                                     Cluster 50, round 1, loss : 1.65, accuracy 57.46% <-
                                                     Time past : 16200msec
                                                     ['0:68.20%', '1:63.50%', '2:39.60%', '3:46.40%', '4:51.50%', '5:47.20%', '6:59.80%', '7:58.90%', '8:69.70%', '9:69.80%']
                                          0msec<-
                                          ->0msec
                                                     -> Cluster 59, loss : 1.26, accuracy 61.27%, model from round 77
                                                     ['0:67.60%', '1:74.10%', '2:41.60%', '3:40.20%', '4:54.70%', '5:51.60%', '6:73.20%', '7:68.10%', '8:75.90%', '9:65.70%']
                                                                                              <-> Client 0, global : from 61.27% to 56.43%, local : from 73.20% to 100.00%, training time : 16200msec
                                                     Cluster 59, round 1, loss : 1.65, accuracy 56.43% <-
                                                     Time past : 16200msec
                                                     ['0:64.40%', '1:69.60%', '2:37.80%', '3:35.60%', '4:40.20%', '5:50.80%', '6:65.60%', '7:67.70%', '8:69.70%', '9:62.90%']
                                          0msec<-
                                          ->0msec
                                                     -> Cluster 25, loss : 1.26, accuracy 61.27%, model from round 77
                                                     ['0:67.60%', '1:74.10%', '2:41.60%', '3:40.20%', '4:54.70%', '5:51.60%', '6:73.20%', '7:68.10%', '8:75.90%', '9:65.70%']
                                                                                              <-> Client 0, global : from 61.27% to 54.68%, local : from 71.80% to 98.40%, training time : 8200msec
                                                     Cluster 25, round 1, loss : 1.63, accuracy 54.68% <-
                                                     Time past : 8200msec
                                                     ['0:75.10%', '1:68.90%', '2:48.30%', '3:43.10%', '4:24.20%', '5:31.20%', '6:77.30%', '7:63.30%', '8:70.00%', '9:45.40%']
                                          0msec<-
Central server round 77, loss : 1.28, accuracy :61.34%
Time past: 1239400msec
['0:68.80%', '1:74.30%', '2:45.90%', '3:42.10%', '4:50.80%', '5:50.10%', '6:77.30%', '7:65.60%', '8:74.70%', '9:63.80%']
                                          ->0msec
                                                     -> Cluster 70, loss : 1.28, accuracy 61.34%, model from round 78
                                                     ['0:68.80%', '1:74.30%', '2:45.90%', '3:42.10%', '4:50.80%', '5:50.10%', '6:77.30%', '7:65.60%', '8:74.70%', '9:63.80%']
                                                                                              <-> Client 0, global : from 61.34% to 56.70%, local : from 73.00% to 100.00%, training time : 16200msec
                                                     Cluster 70, round 1, loss : 1.60, accuracy 56.70% <-
                                                     Time past : 16200msec
                                                     ['0:63.60%', '1:63.30%', '2:42.30%', '3:41.30%', '4:47.90%', '5:44.60%', '6:69.50%', '7:65.00%', '8:68.90%', '9:60.60%']
                                          0msec<-
                                          ->0msec
                                                     -> Cluster 68, loss : 1.28, accuracy 61.34%, model from round 78
                                                     ['0:68.80%', '1:74.30%', '2:45.90%', '3:42.10%', '4:50.80%', '5:50.10%', '6:77.30%', '7:65.60%', '8:74.70%', '9:63.80%']
                                                                                              <-> Client 0, global : from 61.34% to 56.68%, local : from 69.20% to 100.00%, training time : 16200msec
                                                     Cluster 68, round 1, loss : 1.61, accuracy 56.68% <-
                                                     Time past : 16200msec
                                                     ['0:61.50%', '1:68.10%', '2:44.90%', '3:39.20%', '4:52.30%', '5:42.00%', '6:57.10%', '7:66.60%', '8:71.80%', '9:63.30%']
                                          0msec<-
                                          ->0msec
                                                     -> Cluster 15, loss : 1.28, accuracy 61.34%, model from round 78
                                                     ['0:68.80%', '1:74.30%', '2:45.90%', '3:42.10%', '4:50.80%', '5:50.10%', '6:77.30%', '7:65.60%', '8:74.70%', '9:63.80%']
                                                                                              <-> Client 0, global : from 61.34% to 57.44%, local : from 72.40% to 100.00%, training time : 8200msec
                                                     Cluster 15, round 1, loss : 1.46, accuracy 57.44% <-
                                                     Time past : 8200msec
                                                     ['0:59.60%', '1:75.50%', '2:46.30%', '3:39.00%', '4:45.20%', '5:52.50%', '6:67.70%', '7:67.40%', '8:65.80%', '9:55.40%']
                                          0msec<-
                                          ->0msec
                                                     -> Cluster 49, loss : 1.28, accuracy 61.34%, model from round 78
                                                     ['0:68.80%', '1:74.30%', '2:45.90%', '3:42.10%', '4:50.80%', '5:50.10%', '6:77.30%', '7:65.60%', '8:74.70%', '9:63.80%']
                                                                                              <-> Client 0, global : from 61.34% to 56.94%, local : from 67.20% to 100.00%, training time : 8200msec
                                                     Cluster 49, round 1, loss : 1.43, accuracy 56.94% <-
                                                     Time past : 8200msec
                                                     ['0:69.40%', '1:62.40%', '2:38.50%', '3:37.00%', '4:55.90%', '5:52.60%', '6:65.50%', '7:53.30%', '8:66.20%', '9:68.60%']
                                          0msec<-
                                          ->0msec
                                                     -> Cluster 71, loss : 1.28, accuracy 61.34%, model from round 78
                                                     ['0:68.80%', '1:74.30%', '2:45.90%', '3:42.10%', '4:50.80%', '5:50.10%', '6:77.30%', '7:65.60%', '8:74.70%', '9:63.80%']
                                                                                              <-> Client 0, global : from 61.34% to 56.87%, local : from 70.60% to 100.00%, training time : 16200msec
                                                     Cluster 71, round 1, loss : 1.59, accuracy 56.87% <-
                                                     Time past : 16200msec
                                                     ['0:76.40%', '1:67.60%', '2:37.20%', '3:38.40%', '4:50.60%', '5:52.70%', '6:69.10%', '7:59.90%', '8:54.50%', '9:62.30%']
                                          0msec<-
                                          ->0msec
                                                     -> Cluster 65, loss : 1.28, accuracy 61.34%, model from round 78
                                                     ['0:68.80%', '1:74.30%', '2:45.90%', '3:42.10%', '4:50.80%', '5:50.10%', '6:77.30%', '7:65.60%', '8:74.70%', '9:63.80%']
                                                                                              <-> Client 0, global : from 61.34% to 57.01%, local : from 66.60% to 100.00%, training time : 16200msec
                                                     Cluster 65, round 1, loss : 1.56, accuracy 57.01% <-
                                                     Time past : 16200msec
                                                     ['0:60.70%', '1:68.20%', '2:46.00%', '3:36.20%', '4:45.60%', '5:52.50%', '6:69.10%', '7:65.30%', '8:68.00%', '9:58.50%']
                                          0msec<-
                                          ->0msec
                                                     -> Cluster 40, loss : 1.28, accuracy 61.34%, model from round 78
                                                     ['0:68.80%', '1:74.30%', '2:45.90%', '3:42.10%', '4:50.80%', '5:50.10%', '6:77.30%', '7:65.60%', '8:74.70%', '9:63.80%']
                                                                                              <-> Client 0, global : from 61.34% to 57.36%, local : from 79.20% to 100.00%, training time : 8200msec
                                                     Cluster 40, round 1, loss : 1.50, accuracy 57.36% <-
                                                     Time past : 8200msec
                                                     ['0:68.30%', '1:75.30%', '2:47.40%', '3:29.40%', '4:48.90%', '5:50.00%', '6:67.40%', '7:66.90%', '8:69.80%', '9:50.20%']
                                          0msec<-
                                          ->0msec
                                                     -> Cluster 50, loss : 1.28, accuracy 61.34%, model from round 78
                                                     ['0:68.80%', '1:74.30%', '2:45.90%', '3:42.10%', '4:50.80%', '5:50.10%', '6:77.30%', '7:65.60%', '8:74.70%', '9:63.80%']
                                                                                              <-> Client 0, global : from 61.34% to 57.05%, local : from 81.00% to 100.00%, training time : 16200msec
                                                     Cluster 50, round 1, loss : 1.69, accuracy 57.05% <-
                                                     Time past : 16200msec
                                                     ['0:73.20%', '1:65.10%', '2:32.80%', '3:44.10%', '4:52.00%', '5:48.30%', '6:59.00%', '7:59.20%', '8:69.00%', '9:67.80%']
                                          0msec<-
                                          ->0msec
                                                     -> Cluster 35, loss : 1.28, accuracy 61.34%, model from round 78
                                                     ['0:68.80%', '1:74.30%', '2:45.90%', '3:42.10%', '4:50.80%', '5:50.10%', '6:77.30%', '7:65.60%', '8:74.70%', '9:63.80%']
                                                                                              <-> Client 0, global : from 61.34% to 56.96%, local : from 67.00% to 99.20%, training time : 8200msec
                                                     Cluster 35, round 1, loss : 1.49, accuracy 56.96% <-
                                                     Time past : 8200msec
                                                     ['0:54.00%', '1:75.20%', '2:62.60%', '3:32.80%', '4:46.00%', '5:37.70%', '6:68.70%', '7:65.60%', '8:68.20%', '9:58.80%']
                                          0msec<-
                                          ->0msec
                                                     -> Cluster 8, loss : 1.28, accuracy 61.34%, model from round 78
                                                     ['0:68.80%', '1:74.30%', '2:45.90%', '3:42.10%', '4:50.80%', '5:50.10%', '6:77.30%', '7:65.60%', '8:74.70%', '9:63.80%']
                                                                                              <-> Client 0, global : from 61.34% to 56.60%, local : from 66.00% to 99.60%, training time : 8200msec
                                                     Cluster 8, round 1, loss : 1.44, accuracy 56.60% <-
                                                     Time past : 8200msec
                                                     ['0:63.70%', '1:74.60%', '2:46.90%', '3:33.50%', '4:46.00%', '5:44.50%', '6:72.60%', '7:58.60%', '8:71.80%', '9:53.80%']
                                          0msec<-
Central server round 78, loss : 1.27, accuracy :61.55%
Time past: 1255600msec
['0:70.30%', '1:75.40%', '2:44.50%', '3:40.80%', '4:56.90%', '5:51.00%', '6:73.30%', '7:66.20%', '8:73.10%', '9:64.00%']
                                          ->0msec
                                                     -> Cluster 55, loss : 1.27, accuracy 61.55%, model from round 79
                                                     ['0:70.30%', '1:75.40%', '2:44.50%', '3:40.80%', '4:56.90%', '5:51.00%', '6:73.30%', '7:66.20%', '8:73.10%', '9:64.00%']
                                                                                              <-> Client 0, global : from 61.55% to 58.17%, local : from 78.80% to 100.00%, training time : 16200msec
                                                     Cluster 55, round 1, loss : 1.61, accuracy 58.17% <-
                                                     Time past : 16200msec
                                                     ['0:66.70%', '1:65.70%', '2:42.10%', '3:29.90%', '4:50.50%', '5:57.40%', '6:64.40%', '7:63.90%', '8:74.20%', '9:66.90%']
                                          0msec<-
                                          ->0msec
                                                     -> Cluster 18, loss : 1.27, accuracy 61.55%, model from round 79
                                                     ['0:70.30%', '1:75.40%', '2:44.50%', '3:40.80%', '4:56.90%', '5:51.00%', '6:73.30%', '7:66.20%', '8:73.10%', '9:64.00%']
                                                                                              <-> Client 0, global : from 61.55% to 58.21%, local : from 75.40% to 100.00%, training time : 8200msec
                                                     Cluster 18, round 1, loss : 1.48, accuracy 58.21% <-
                                                     Time past : 8200msec
                                                     ['0:65.60%', '1:76.40%', '2:39.40%', '3:39.90%', '4:45.60%', '5:44.60%', '6:73.70%', '7:64.90%', '8:73.70%', '9:58.30%']
                                          0msec<-
                                          ->0msec
                                                     -> Cluster 33, loss : 1.27, accuracy 61.55%, model from round 79
                                                     ['0:70.30%', '1:75.40%', '2:44.50%', '3:40.80%', '4:56.90%', '5:51.00%', '6:73.30%', '7:66.20%', '8:73.10%', '9:64.00%']
                                                                                              <-> Client 0, global : from 61.55% to 57.00%, local : from 66.20% to 100.00%, training time : 8200msec
                                                     Cluster 33, round 1, loss : 1.44, accuracy 57.00% <-
                                                     Time past : 8200msec
                                                     ['0:65.40%', '1:64.80%', '2:42.30%', '3:33.40%', '4:47.90%', '5:46.20%', '6:74.40%', '7:61.30%', '8:72.10%', '9:62.20%']
                                          0msec<-
                                          ->0msec
                                                     -> Cluster 47, loss : 1.27, accuracy 61.55%, model from round 79
                                                     ['0:70.30%', '1:75.40%', '2:44.50%', '3:40.80%', '4:56.90%', '5:51.00%', '6:73.30%', '7:66.20%', '8:73.10%', '9:64.00%']
                                                                                              <-> Client 0, global : from 61.55% to 57.58%, local : from 70.80% to 99.20%, training time : 8200msec
                                                     Cluster 47, round 1, loss : 1.42, accuracy 57.58% <-
                                                     Time past : 8200msec
                                                     ['0:67.90%', '1:74.50%', '2:46.60%', '3:39.00%', '4:49.00%', '5:46.90%', '6:68.30%', '7:58.90%', '8:71.70%', '9:53.00%']
                                          0msec<-
                                          ->0msec
                                                     -> Cluster 87, loss : 1.27, accuracy 61.55%, model from round 79
                                                     ['0:70.30%', '1:75.40%', '2:44.50%', '3:40.80%', '4:56.90%', '5:51.00%', '6:73.30%', '7:66.20%', '8:73.10%', '9:64.00%']
                                                                                              <-> Client 0, global : from 61.55% to 55.96%, local : from 73.00% to 99.60%, training time : 16200msec
                                                     Cluster 87, round 1, loss : 1.61, accuracy 55.96% <-
                                                     Time past : 16200msec
                                                     ['0:47.30%', '1:62.70%', '2:53.00%', '3:35.10%', '4:53.50%', '5:42.00%', '6:65.40%', '7:67.00%', '8:72.60%', '9:61.00%']
                                          0msec<-
                                          ->0msec
                                                     -> Cluster 23, loss : 1.27, accuracy 61.55%, model from round 79
                                                     ['0:70.30%', '1:75.40%', '2:44.50%', '3:40.80%', '4:56.90%', '5:51.00%', '6:73.30%', '7:66.20%', '8:73.10%', '9:64.00%']
                                                                                              <-> Client 0, global : from 61.55% to 56.57%, local : from 69.00% to 99.80%, training time : 8200msec
                                                     Cluster 23, round 1, loss : 1.56, accuracy 56.57% <-
                                                     Time past : 8200msec
                                                     ['0:63.00%', '1:66.70%', '2:51.50%', '3:35.90%', '4:42.00%', '5:44.30%', '6:74.60%', '7:60.60%', '8:70.00%', '9:57.10%']
                                          0msec<-
                                          ->0msec
                                                     -> Cluster 73, loss : 1.27, accuracy 61.55%, model from round 79
                                                     ['0:70.30%', '1:75.40%', '2:44.50%', '3:40.80%', '4:56.90%', '5:51.00%', '6:73.30%', '7:66.20%', '8:73.10%', '9:64.00%']
                                                                                              <-> Client 0, global : from 61.55% to 56.65%, local : from 64.40% to 100.00%, training time : 16200msec
                                                     Cluster 73, round 1, loss : 1.56, accuracy 56.65% <-
                                                     Time past : 16200msec
                                                     ['0:62.50%', '1:68.00%', '2:40.90%', '3:45.00%', '4:51.70%', '5:47.50%', '6:68.50%', '7:59.20%', '8:69.60%', '9:53.60%']
                                          0msec<-
                                          ->0msec
                                                     -> Cluster 99, loss : 1.27, accuracy 61.55%, model from round 79
                                                     ['0:70.30%', '1:75.40%', '2:44.50%', '3:40.80%', '4:56.90%', '5:51.00%', '6:73.30%', '7:66.20%', '8:73.10%', '9:64.00%']
                                                                                              <-> Client 0, global : from 61.55% to 57.88%, local : from 70.60% to 100.00%, training time : 16200msec
                                                     Cluster 99, round 1, loss : 1.57, accuracy 57.88% <-
                                                     Time past : 16200msec
                                                     ['0:65.00%', '1:70.40%', '2:37.80%', '3:43.10%', '4:49.80%', '5:45.30%', '6:63.50%', '7:68.30%', '8:72.70%', '9:62.90%']
                                          0msec<-
                                          ->0msec
                                                     -> Cluster 65, loss : 1.27, accuracy 61.55%, model from round 79
                                                     ['0:70.30%', '1:75.40%', '2:44.50%', '3:40.80%', '4:56.90%', '5:51.00%', '6:73.30%', '7:66.20%', '8:73.10%', '9:64.00%']
                                                                                              <-> Client 0, global : from 61.55% to 56.78%, local : from 73.60% to 100.00%, training time : 16200msec
                                                     Cluster 65, round 1, loss : 1.60, accuracy 56.78% <-
                                                     Time past : 16200msec
                                                     ['0:63.00%', '1:65.90%', '2:46.30%', '3:33.70%', '4:43.30%', '5:50.10%', '6:72.30%', '7:63.50%', '8:68.00%', '9:61.70%']
                                          0msec<-
                                          ->0msec
                                                     -> Cluster 25, loss : 1.27, accuracy 61.55%, model from round 79
                                                     ['0:70.30%', '1:75.40%', '2:44.50%', '3:40.80%', '4:56.90%', '5:51.00%', '6:73.30%', '7:66.20%', '8:73.10%', '9:64.00%']
                                                                                              <-> Client 0, global : from 61.55% to 57.06%, local : from 77.00% to 99.60%, training time : 8200msec
                                                     Cluster 25, round 1, loss : 1.51, accuracy 57.06% <-
                                                     Time past : 8200msec
                                                     ['0:68.10%', '1:61.30%', '2:36.10%', '3:47.30%', '4:46.40%', '5:45.80%', '6:75.50%', '7:69.40%', '8:58.70%', '9:62.00%']
                                          0msec<-
Central server round 79, loss : 1.28, accuracy :61.73%
Time past: 1271800msec
['0:69.00%', '1:72.70%', '2:44.10%', '3:39.50%', '4:55.30%', '5:50.60%', '6:76.30%', '7:69.20%', '8:75.80%', '9:64.80%']
                                          ->0msec
                                                     -> Cluster 58, loss : 1.28, accuracy 61.73%, model from round 80
                                                     ['0:69.00%', '1:72.70%', '2:44.10%', '3:39.50%', '4:55.30%', '5:50.60%', '6:76.30%', '7:69.20%', '8:75.80%', '9:64.80%']
                                                                                              <-> Client 0, global : from 61.73% to 57.62%, local : from 66.60% to 100.00%, training time : 16200msec
                                                     Cluster 58, round 1, loss : 1.58, accuracy 57.62% <-
                                                     Time past : 16200msec
                                                     ['0:65.10%', '1:74.30%', '2:38.90%', '3:37.70%', '4:51.30%', '5:47.10%', '6:71.30%', '7:65.20%', '8:68.60%', '9:56.70%']
                                          0msec<-
                                          ->0msec
                                                     -> Cluster 42, loss : 1.28, accuracy 61.73%, model from round 80
                                                     ['0:69.00%', '1:72.70%', '2:44.10%', '3:39.50%', '4:55.30%', '5:50.60%', '6:76.30%', '7:69.20%', '8:75.80%', '9:64.80%']
                                                                                              <-> Client 0, global : from 61.73% to 56.92%, local : from 61.80% to 100.00%, training time : 8200msec
                                                     Cluster 42, round 1, loss : 1.43, accuracy 56.92% <-
                                                     Time past : 8200msec
                                                     ['0:66.90%', '1:61.80%', '2:42.50%', '3:35.70%', '4:59.10%', '5:42.80%', '6:64.50%', '7:65.80%', '8:72.60%', '9:57.50%']
                                          0msec<-
                                          ->0msec
                                                     -> Cluster 14, loss : 1.28, accuracy 61.73%, model from round 80
                                                     ['0:69.00%', '1:72.70%', '2:44.10%', '3:39.50%', '4:55.30%', '5:50.60%', '6:76.30%', '7:69.20%', '8:75.80%', '9:64.80%']
                                                                                              <-> Client 0, global : from 61.73% to 56.03%, local : from 70.60% to 99.80%, training time : 8200msec
                                                     Cluster 14, round 1, loss : 1.55, accuracy 56.03% <-
                                                     Time past : 8200msec
                                                     ['0:47.70%', '1:66.20%', '2:57.00%', '3:37.60%', '4:43.60%', '5:40.20%', '6:61.60%', '7:67.60%', '8:74.30%', '9:64.50%']
                                          0msec<-
                                          ->0msec
                                                     -> Cluster 41, loss : 1.28, accuracy 61.73%, model from round 80
                                                     ['0:69.00%', '1:72.70%', '2:44.10%', '3:39.50%', '4:55.30%', '5:50.60%', '6:76.30%', '7:69.20%', '8:75.80%', '9:64.80%']
                                                                                              <-> Client 0, global : from 61.73% to 56.46%, local : from 65.60% to 99.20%, training time : 8200msec
                                                     Cluster 41, round 1, loss : 1.45, accuracy 56.46% <-
                                                     Time past : 8200msec
                                                     ['0:42.90%', '1:62.30%', '2:43.30%', '3:45.60%', '4:45.20%', '5:44.80%', '6:69.60%', '7:62.00%', '8:79.40%', '9:69.50%']
                                          0msec<-
                                          ->0msec
                                                     -> Cluster 97, loss : 1.28, accuracy 61.73%, model from round 80
                                                     ['0:69.00%', '1:72.70%', '2:44.10%', '3:39.50%', '4:55.30%', '5:50.60%', '6:76.30%', '7:69.20%', '8:75.80%', '9:64.80%']
                                                                                              <-> Client 0, global : from 61.73% to 57.14%, local : from 71.20% to 100.00%, training time : 16200msec
                                                     Cluster 97, round 1, loss : 1.59, accuracy 57.14% <-
                                                     Time past : 16200msec
                                                     ['0:61.30%', '1:72.30%', '2:34.00%', '3:37.00%', '4:60.40%', '5:48.50%', '6:64.40%', '7:64.90%', '8:72.20%', '9:56.40%']
                                          0msec<-
                                          ->0msec
                                                     -> Cluster 18, loss : 1.28, accuracy 61.73%, model from round 80
                                                     ['0:69.00%', '1:72.70%', '2:44.10%', '3:39.50%', '4:55.30%', '5:50.60%', '6:76.30%', '7:69.20%', '8:75.80%', '9:64.80%']
                                                                                              <-> Client 0, global : from 61.73% to 58.51%, local : from 79.20% to 100.00%, training time : 8200msec
                                                     Cluster 18, round 1, loss : 1.49, accuracy 58.51% <-
                                                     Time past : 8200msec
                                                     ['0:63.20%', '1:74.80%', '2:42.10%', '3:36.40%', '4:48.40%', '5:42.30%', '6:73.10%', '7:68.90%', '8:77.40%', '9:58.50%']
                                          0msec<-
                                          ->0msec
                                                     -> Cluster 21, loss : 1.28, accuracy 61.73%, model from round 80
                                                     ['0:69.00%', '1:72.70%', '2:44.10%', '3:39.50%', '4:55.30%', '5:50.60%', '6:76.30%', '7:69.20%', '8:75.80%', '9:64.80%']
                                                                                              <-> Client 0, global : from 61.73% to 57.39%, local : from 67.20% to 99.80%, training time : 8200msec
                                                     Cluster 21, round 1, loss : 1.47, accuracy 57.39% <-
                                                     Time past : 8200msec
                                                     ['0:64.80%', '1:54.30%', '2:45.10%', '3:44.00%', '4:40.60%', '5:42.80%', '6:65.60%', '7:70.10%', '8:76.60%', '9:70.00%']
                                          0msec<-
                                          ->0msec
                                                     -> Cluster 5, loss : 1.28, accuracy 61.73%, model from round 80
                                                     ['0:69.00%', '1:72.70%', '2:44.10%', '3:39.50%', '4:55.30%', '5:50.60%', '6:76.30%', '7:69.20%', '8:75.80%', '9:64.80%']
                                                                                              <-> Client 0, global : from 61.73% to 57.72%, local : from 68.40% to 100.00%, training time : 8200msec
                                                     Cluster 5, round 1, loss : 1.42, accuracy 57.72% <-
                                                     Time past : 8200msec
                                                     ['0:63.50%', '1:62.90%', '2:36.80%', '3:30.80%', '4:53.90%', '5:54.60%', '6:71.30%', '7:66.10%', '8:70.40%', '9:66.90%']
                                          0msec<-
                                          ->0msec
                                                     -> Cluster 85, loss : 1.28, accuracy 61.73%, model from round 80
                                                     ['0:69.00%', '1:72.70%', '2:44.10%', '3:39.50%', '4:55.30%', '5:50.60%', '6:76.30%', '7:69.20%', '8:75.80%', '9:64.80%']
                                                                                              <-> Client 0, global : from 61.73% to 56.38%, local : from 69.20% to 100.00%, training time : 16200msec
                                                     Cluster 85, round 1, loss : 1.60, accuracy 56.38% <-
                                                     Time past : 16200msec
                                                     ['0:54.20%', '1:63.80%', '2:43.50%', '3:35.50%', '4:48.30%', '5:45.40%', '6:72.40%', '7:61.90%', '8:73.50%', '9:65.30%']
                                          0msec<-
                                          ->0msec
                                                     -> Cluster 62, loss : 1.28, accuracy 61.73%, model from round 80
                                                     ['0:69.00%', '1:72.70%', '2:44.10%', '3:39.50%', '4:55.30%', '5:50.60%', '6:76.30%', '7:69.20%', '8:75.80%', '9:64.80%']
                                                                                              <-> Client 0, global : from 61.73% to 56.95%, local : from 69.00% to 100.00%, training time : 16200msec
                                                     Cluster 62, round 1, loss : 1.62, accuracy 56.95% <-
                                                     Time past : 16200msec
                                                     ['0:66.50%', '1:68.70%', '2:46.10%', '3:34.60%', '4:47.10%', '5:52.60%', '6:64.90%', '7:56.40%', '8:71.00%', '9:61.60%']
                                          0msec<-
Central server round 80, loss : 1.26, accuracy :61.78%
Time past: 1288000msec
['0:65.50%', '1:71.60%', '2:43.80%', '3:37.80%', '4:58.00%', '5:50.50%', '6:76.20%', '7:70.80%', '8:77.40%', '9:66.20%']
                                          ->0msec
                                                     -> Cluster 74, loss : 1.26, accuracy 61.78%, model from round 81
                                                     ['0:65.50%', '1:71.60%', '2:43.80%', '3:37.80%', '4:58.00%', '5:50.50%', '6:76.20%', '7:70.80%', '8:77.40%', '9:66.20%']
                                                                                              <-> Client 0, global : from 61.78% to 57.74%, local : from 71.20% to 100.00%, training time : 16200msec
                                                     Cluster 74, round 1, loss : 1.58, accuracy 57.74% <-
                                                     Time past : 16200msec
                                                     ['0:69.70%', '1:65.70%', '2:43.20%', '3:46.20%', '4:45.80%', '5:46.00%', '6:67.40%', '7:64.30%', '8:66.70%', '9:62.40%']
                                          0msec<-
                                          ->0msec
                                                     -> Cluster 49, loss : 1.26, accuracy 61.78%, model from round 81
                                                     ['0:65.50%', '1:71.60%', '2:43.80%', '3:37.80%', '4:58.00%', '5:50.50%', '6:76.20%', '7:70.80%', '8:77.40%', '9:66.20%']
                                                                                              <-> Client 0, global : from 61.78% to 56.53%, local : from 69.80% to 99.80%, training time : 8200msec
                                                     Cluster 49, round 1, loss : 1.47, accuracy 56.53% <-
                                                     Time past : 8200msec
                                                     ['0:58.30%', '1:52.30%', '2:44.90%', '3:37.60%', '4:50.40%', '5:54.80%', '6:62.60%', '7:57.90%', '8:65.50%', '9:81.00%']
                                          0msec<-
                                          ->0msec
                                                     -> Cluster 19, loss : 1.26, accuracy 61.78%, model from round 81
                                                     ['0:65.50%', '1:71.60%', '2:43.80%', '3:37.80%', '4:58.00%', '5:50.50%', '6:76.20%', '7:70.80%', '8:77.40%', '9:66.20%']
                                                                                              <-> Client 0, global : from 61.78% to 55.54%, local : from 65.60% to 99.60%, training time : 8200msec
                                                     Cluster 19, round 1, loss : 1.48, accuracy 55.54% <-
                                                     Time past : 8200msec
                                                     ['0:77.60%', '1:65.10%', '2:47.80%', '3:33.00%', '4:41.40%', '5:58.70%', '6:65.10%', '7:58.40%', '8:50.90%', '9:57.40%']
                                          0msec<-
                                          ->0msec
                                                     -> Cluster 5, loss : 1.26, accuracy 61.78%, model from round 81
                                                     ['0:65.50%', '1:71.60%', '2:43.80%', '3:37.80%', '4:58.00%', '5:50.50%', '6:76.20%', '7:70.80%', '8:77.40%', '9:66.20%']
                                                                                              <-> Client 0, global : from 61.78% to 57.21%, local : from 71.80% to 99.40%, training time : 8200msec
                                                     Cluster 5, round 1, loss : 1.46, accuracy 57.21% <-
                                                     Time past : 8200msec
                                                     ['0:57.50%', '1:62.70%', '2:46.00%', '3:31.90%', '4:40.30%', '5:51.80%', '6:68.40%', '7:67.70%', '8:78.50%', '9:67.30%']
                                          0msec<-
                                          ->0msec
                                                     -> Cluster 4, loss : 1.26, accuracy 61.78%, model from round 81
                                                     ['0:65.50%', '1:71.60%', '2:43.80%', '3:37.80%', '4:58.00%', '5:50.50%', '6:76.20%', '7:70.80%', '8:77.40%', '9:66.20%']
                                                                                              <-> Client 0, global : from 61.78% to 56.48%, local : from 69.80% to 99.80%, training time : 8200msec
                                                     Cluster 4, round 1, loss : 1.51, accuracy 56.48% <-
                                                     Time past : 8200msec
                                                     ['0:77.60%', '1:60.80%', '2:35.20%', '3:46.80%', '4:51.10%', '5:41.30%', '6:66.10%', '7:54.90%', '8:63.70%', '9:67.30%']
                                          0msec<-
                                          ->0msec
                                                     -> Cluster 21, loss : 1.26, accuracy 61.78%, model from round 81
                                                     ['0:65.50%', '1:71.60%', '2:43.80%', '3:37.80%', '4:58.00%', '5:50.50%', '6:76.20%', '7:70.80%', '8:77.40%', '9:66.20%']
                                                                                              <-> Client 0, global : from 61.78% to 57.28%, local : from 72.80% to 99.60%, training time : 8200msec
                                                     Cluster 21, round 1, loss : 1.51, accuracy 57.28% <-
                                                     Time past : 8200msec
                                                     ['0:55.10%', '1:59.80%', '2:47.10%', '3:45.60%', '4:44.80%', '5:34.30%', '6:73.20%', '7:64.10%', '8:83.40%', '9:65.40%']
                                          0msec<-
                                          ->0msec
                                                     -> Cluster 55, loss : 1.26, accuracy 61.78%, model from round 81
                                                     ['0:65.50%', '1:71.60%', '2:43.80%', '3:37.80%', '4:58.00%', '5:50.50%', '6:76.20%', '7:70.80%', '8:77.40%', '9:66.20%']
                                                                                              <-> Client 0, global : from 61.78% to 58.20%, local : from 80.40% to 100.00%, training time : 16200msec
                                                     Cluster 55, round 1, loss : 1.63, accuracy 58.20% <-
                                                     Time past : 16200msec
                                                     ['0:65.60%', '1:65.40%', '2:37.20%', '3:29.70%', '4:57.10%', '5:59.90%', '6:60.80%', '7:65.10%', '8:72.20%', '9:69.00%']
                                          0msec<-
                                          ->0msec
                                                     -> Cluster 81, loss : 1.26, accuracy 61.78%, model from round 81
                                                     ['0:65.50%', '1:71.60%', '2:43.80%', '3:37.80%', '4:58.00%', '5:50.50%', '6:76.20%', '7:70.80%', '8:77.40%', '9:66.20%']
                                                                                              <-> Client 0, global : from 61.78% to 57.99%, local : from 67.60% to 100.00%, training time : 16200msec
                                                     Cluster 81, round 1, loss : 1.54, accuracy 57.99% <-
                                                     Time past : 16200msec
                                                     ['0:60.90%', '1:66.40%', '2:41.90%', '3:35.20%', '4:57.70%', '5:52.40%', '6:66.60%', '7:61.60%', '8:69.50%', '9:67.70%']
                                          0msec<-
                                          ->0msec
                                                     -> Cluster 0, loss : 1.26, accuracy 61.78%, model from round 81
                                                     ['0:65.50%', '1:71.60%', '2:43.80%', '3:37.80%', '4:58.00%', '5:50.50%', '6:76.20%', '7:70.80%', '8:77.40%', '9:66.20%']
                                                                                              <-> Client 0, global : from 61.78% to 54.43%, local : from 62.80% to 97.80%, training time : 8200msec
                                                     Cluster 0, round 1, loss : 1.55, accuracy 54.43% <-
                                                     Time past : 8200msec
                                                     ['0:55.60%', '1:58.60%', '2:57.80%', '3:28.40%', '4:44.20%', '5:44.40%', '6:68.00%', '7:50.70%', '8:86.00%', '9:50.60%']
                                          0msec<-
                                          ->0msec
                                                     -> Cluster 27, loss : 1.26, accuracy 61.78%, model from round 81
                                                     ['0:65.50%', '1:71.60%', '2:43.80%', '3:37.80%', '4:58.00%', '5:50.50%', '6:76.20%', '7:70.80%', '8:77.40%', '9:66.20%']
                                                                                              <-> Client 0, global : from 61.78% to 56.56%, local : from 66.80% to 100.00%, training time : 8200msec
                                                     Cluster 27, round 1, loss : 1.44, accuracy 56.56% <-
                                                     Time past : 8200msec
                                                     ['0:52.40%', '1:66.20%', '2:45.60%', '3:34.20%', '4:48.70%', '5:57.80%', '6:62.40%', '7:66.60%', '8:61.10%', '9:70.60%']
                                          0msec<-
Central server round 81, loss : 1.24, accuracy :61.93%
Time past: 1304200msec
['0:67.20%', '1:68.20%', '2:46.20%', '3:38.80%', '4:56.70%', '5:52.80%', '6:73.70%', '7:67.10%', '8:78.20%', '9:70.40%']
                                          ->0msec
                                                     -> Cluster 94, loss : 1.24, accuracy 61.93%, model from round 82
                                                     ['0:67.20%', '1:68.20%', '2:46.20%', '3:38.80%', '4:56.70%', '5:52.80%', '6:73.70%', '7:67.10%', '8:78.20%', '9:70.40%']
                                                                                              <-> Client 0, global : from 61.93% to 57.90%, local : from 67.80% to 100.00%, training time : 16200msec
                                                     Cluster 94, round 1, loss : 1.54, accuracy 57.90% <-
                                                     Time past : 16200msec
                                                     ['0:62.10%', '1:69.20%', '2:43.90%', '3:39.10%', '4:60.20%', '5:41.30%', '6:63.90%', '7:62.30%', '8:72.50%', '9:64.50%']
                                          0msec<-
                                          ->0msec
                                                     -> Cluster 9, loss : 1.24, accuracy 61.93%, model from round 82
                                                     ['0:67.20%', '1:68.20%', '2:46.20%', '3:38.80%', '4:56.70%', '5:52.80%', '6:73.70%', '7:67.10%', '8:78.20%', '9:70.40%']
                                                                                              <-> Client 0, global : from 61.93% to 55.91%, local : from 62.80% to 99.40%, training time : 8200msec
                                                     Cluster 9, round 1, loss : 1.53, accuracy 55.91% <-
                                                     Time past : 8200msec
                                                     ['0:63.70%', '1:60.40%', '2:28.80%', '3:34.50%', '4:42.90%', '5:46.10%', '6:84.90%', '7:59.60%', '8:71.70%', '9:66.50%']
                                          0msec<-
                                          ->0msec
                                                     -> Cluster 62, loss : 1.24, accuracy 61.93%, model from round 82
                                                     ['0:67.20%', '1:68.20%', '2:46.20%', '3:38.80%', '4:56.70%', '5:52.80%', '6:73.70%', '7:67.10%', '8:78.20%', '9:70.40%']
                                                                                              <-> Client 0, global : from 61.93% to 56.76%, local : from 74.00% to 100.00%, training time : 16200msec
                                                     Cluster 62, round 1, loss : 1.63, accuracy 56.76% <-
                                                     Time past : 16200msec
                                                     ['0:73.40%', '1:69.60%', '2:38.50%', '3:32.10%', '4:57.10%', '5:50.70%', '6:65.70%', '7:56.90%', '8:60.20%', '9:63.40%']
                                          0msec<-
                                          ->0msec
                                                     -> Cluster 54, loss : 1.24, accuracy 61.93%, model from round 82
                                                     ['0:67.20%', '1:68.20%', '2:46.20%', '3:38.80%', '4:56.70%', '5:52.80%', '6:73.70%', '7:67.10%', '8:78.20%', '9:70.40%']
                                                                                              <-> Client 0, global : from 61.93% to 57.06%, local : from 66.40% to 100.00%, training time : 16200msec
                                                     Cluster 54, round 1, loss : 1.52, accuracy 57.06% <-
                                                     Time past : 16200msec
                                                     ['0:61.10%', '1:69.30%', '2:37.90%', '3:41.20%', '4:52.50%', '5:52.90%', '6:58.10%', '7:65.00%', '8:66.50%', '9:66.10%']
                                          0msec<-
                                          ->0msec
                                                     -> Cluster 36, loss : 1.24, accuracy 61.93%, model from round 82
                                                     ['0:67.20%', '1:68.20%', '2:46.20%', '3:38.80%', '4:56.70%', '5:52.80%', '6:73.70%', '7:67.10%', '8:78.20%', '9:70.40%']
                                                                                              <-> Client 0, global : from 61.93% to 56.15%, local : from 73.20% to 99.80%, training time : 8200msec
                                                     Cluster 36, round 1, loss : 1.51, accuracy 56.15% <-
                                                     Time past : 8200msec
                                                     ['0:55.50%', '1:67.20%', '2:56.40%', '3:42.20%', '4:37.60%', '5:37.60%', '6:62.40%', '7:58.40%', '8:75.00%', '9:69.20%']
                                          0msec<-
                                          ->0msec
                                                     -> Cluster 19, loss : 1.24, accuracy 61.93%, model from round 82
                                                     ['0:67.20%', '1:68.20%', '2:46.20%', '3:38.80%', '4:56.70%', '5:52.80%', '6:73.70%', '7:67.10%', '8:78.20%', '9:70.40%']
                                                                                              <-> Client 0, global : from 61.93% to 57.91%, local : from 71.60% to 99.60%, training time : 8200msec
                                                     Cluster 19, round 1, loss : 1.43, accuracy 57.91% <-
                                                     Time past : 8200msec
                                                     ['0:59.70%', '1:68.80%', '2:42.80%', '3:35.00%', '4:55.00%', '5:55.00%', '6:65.00%', '7:69.20%', '8:68.10%', '9:60.50%']
                                          0msec<-
                                          ->0msec
                                                     -> Cluster 14, loss : 1.24, accuracy 61.93%, model from round 82
                                                     ['0:67.20%', '1:68.20%', '2:46.20%', '3:38.80%', '4:56.70%', '5:52.80%', '6:73.70%', '7:67.10%', '8:78.20%', '9:70.40%']
                                                                                              <-> Client 0, global : from 61.93% to 56.39%, local : from 73.20% to 99.80%, training time : 8200msec
                                                     Cluster 14, round 1, loss : 1.53, accuracy 56.39% <-
                                                     Time past : 8200msec
                                                     ['0:52.50%', '1:74.20%', '2:50.50%', '3:34.60%', '4:53.10%', '5:50.20%', '6:63.80%', '7:65.10%', '8:57.10%', '9:62.80%']
                                          0msec<-
                                          ->0msec
                                                     -> Cluster 69, loss : 1.24, accuracy 61.93%, model from round 82
                                                     ['0:67.20%', '1:68.20%', '2:46.20%', '3:38.80%', '4:56.70%', '5:52.80%', '6:73.70%', '7:67.10%', '8:78.20%', '9:70.40%']
                                                                                              <-> Client 0, global : from 61.93% to 57.76%, local : from 75.80% to 99.80%, training time : 16200msec
                                                     Cluster 69, round 1, loss : 1.55, accuracy 57.76% <-
                                                     Time past : 16200msec
                                                     ['0:67.60%', '1:74.00%', '2:36.80%', '3:41.50%', '4:47.90%', '5:47.60%', '6:69.30%', '7:64.10%', '8:67.40%', '9:61.40%']
                                          0msec<-
                                          ->0msec
                                                     -> Cluster 43, loss : 1.24, accuracy 61.93%, model from round 82
                                                     ['0:67.20%', '1:68.20%', '2:46.20%', '3:38.80%', '4:56.70%', '5:52.80%', '6:73.70%', '7:67.10%', '8:78.20%', '9:70.40%']
                                                                                              <-> Client 0, global : from 61.93% to 56.88%, local : from 72.00% to 99.60%, training time : 8200msec
                                                     Cluster 43, round 1, loss : 1.45, accuracy 56.88% <-
                                                     Time past : 8200msec
                                                     ['0:53.50%', '1:66.30%', '2:44.10%', '3:34.50%', '4:52.50%', '5:39.70%', '6:68.60%', '7:72.30%', '8:70.70%', '9:66.60%']
                                          0msec<-
                                          ->0msec
                                                     -> Cluster 85, loss : 1.24, accuracy 61.93%, model from round 82
                                                     ['0:67.20%', '1:68.20%', '2:46.20%', '3:38.80%', '4:56.70%', '5:52.80%', '6:73.70%', '7:67.10%', '8:78.20%', '9:70.40%']
                                                                                              <-> Client 0, global : from 61.93% to 57.14%, local : from 74.20% to 100.00%, training time : 16200msec
                                                     Cluster 85, round 1, loss : 1.60, accuracy 57.14% <-
                                                     Time past : 16200msec
                                                     ['0:55.40%', '1:65.50%', '2:49.20%', '3:27.60%', '4:47.90%', '5:45.90%', '6:73.80%', '7:61.30%', '8:78.90%', '9:65.90%']
                                          0msec<-
Central server round 82, loss : 1.26, accuracy :61.89%
Time past: 1320400msec
['0:65.60%', '1:72.70%', '2:45.90%', '3:39.30%', '4:56.50%', '5:50.80%', '6:77.30%', '7:67.50%', '8:76.30%', '9:67.00%']
                                          ->0msec
                                                     -> Cluster 90, loss : 1.26, accuracy 61.89%, model from round 83
                                                     ['0:65.60%', '1:72.70%', '2:45.90%', '3:39.30%', '4:56.50%', '5:50.80%', '6:77.30%', '7:67.50%', '8:76.30%', '9:67.00%']
                                                                                              <-> Client 0, global : from 61.89% to 57.76%, local : from 69.40% to 100.00%, training time : 16200msec
                                                     Cluster 90, round 1, loss : 1.61, accuracy 57.76% <-
                                                     Time past : 16200msec
                                                     ['0:57.70%', '1:68.70%', '2:40.00%', '3:32.00%', '4:42.00%', '5:52.10%', '6:76.90%', '7:67.00%', '8:77.10%', '9:64.10%']
                                          0msec<-
                                          ->0msec
                                                     -> Cluster 58, loss : 1.26, accuracy 61.89%, model from round 83
                                                     ['0:65.60%', '1:72.70%', '2:45.90%', '3:39.30%', '4:56.50%', '5:50.80%', '6:77.30%', '7:67.50%', '8:76.30%', '9:67.00%']
                                                                                              <-> Client 0, global : from 61.89% to 57.95%, local : from 71.40% to 100.00%, training time : 16200msec
                                                     Cluster 58, round 1, loss : 1.60, accuracy 57.95% <-
                                                     Time past : 16200msec
                                                     ['0:59.40%', '1:73.10%', '2:41.20%', '3:35.40%', '4:50.50%', '5:52.90%', '6:68.70%', '7:67.10%', '8:72.70%', '9:58.50%']
                                          0msec<-
                                          ->0msec
                                                     -> Cluster 70, loss : 1.26, accuracy 61.89%, model from round 83
                                                     ['0:65.60%', '1:72.70%', '2:45.90%', '3:39.30%', '4:56.50%', '5:50.80%', '6:77.30%', '7:67.50%', '8:76.30%', '9:67.00%']
                                                                                              <-> Client 0, global : from 61.89% to 57.51%, local : from 72.40% to 100.00%, training time : 16200msec
                                                     Cluster 70, round 1, loss : 1.57, accuracy 57.51% <-
                                                     Time past : 16200msec
                                                     ['0:65.90%', '1:68.40%', '2:43.70%', '3:34.10%', '4:46.00%', '5:53.50%', '6:72.00%', '7:64.60%', '8:68.60%', '9:58.30%']
                                          0msec<-
                                          ->0msec
                                                     -> Cluster 84, loss : 1.26, accuracy 61.89%, model from round 83
                                                     ['0:65.60%', '1:72.70%', '2:45.90%', '3:39.30%', '4:56.50%', '5:50.80%', '6:77.30%', '7:67.50%', '8:76.30%', '9:67.00%']
                                                                                              <-> Client 0, global : from 61.89% to 56.71%, local : from 65.20% to 100.00%, training time : 16200msec
                                                     Cluster 84, round 1, loss : 1.58, accuracy 56.71% <-
                                                     Time past : 16200msec
                                                     ['0:64.30%', '1:66.90%', '2:47.30%', '3:44.50%', '4:43.10%', '5:42.90%', '6:64.10%', '7:62.30%', '8:66.80%', '9:64.90%']
                                          0msec<-
                                          ->0msec
                                                     -> Cluster 78, loss : 1.26, accuracy 61.89%, model from round 83
                                                     ['0:65.60%', '1:72.70%', '2:45.90%', '3:39.30%', '4:56.50%', '5:50.80%', '6:77.30%', '7:67.50%', '8:76.30%', '9:67.00%']
                                                                                              <-> Client 0, global : from 61.89% to 56.57%, local : from 65.00% to 100.00%, training time : 16200msec
                                                     Cluster 78, round 1, loss : 1.60, accuracy 56.57% <-
                                                     Time past : 16200msec
                                                     ['0:58.10%', '1:68.90%', '2:46.90%', '3:32.70%', '4:46.20%', '5:51.90%', '6:65.00%', '7:56.50%', '8:78.40%', '9:61.10%']
                                          0msec<-
                                          ->0msec
                                                     -> Cluster 56, loss : 1.26, accuracy 61.89%, model from round 83
                                                     ['0:65.60%', '1:72.70%', '2:45.90%', '3:39.30%', '4:56.50%', '5:50.80%', '6:77.30%', '7:67.50%', '8:76.30%', '9:67.00%']
                                                                                              <-> Client 0, global : from 61.89% to 57.48%, local : from 78.20% to 100.00%, training time : 16200msec
                                                     Cluster 56, round 1, loss : 1.60, accuracy 57.48% <-
                                                     Time past : 16200msec
                                                     ['0:68.70%', '1:64.60%', '2:53.10%', '3:36.20%', '4:44.90%', '5:43.30%', '6:70.50%', '7:68.40%', '8:62.70%', '9:62.40%']
                                          0msec<-
                                          ->0msec
                                                     -> Cluster 33, loss : 1.26, accuracy 61.89%, model from round 83
                                                     ['0:65.60%', '1:72.70%', '2:45.90%', '3:39.30%', '4:56.50%', '5:50.80%', '6:77.30%', '7:67.50%', '8:76.30%', '9:67.00%']
                                                                                              <-> Client 0, global : from 61.89% to 57.72%, local : from 68.60% to 100.00%, training time : 8200msec
                                                     Cluster 33, round 1, loss : 1.42, accuracy 57.72% <-
                                                     Time past : 8200msec
                                                     ['0:60.30%', '1:67.80%', '2:41.20%', '3:46.70%', '4:50.10%', '5:49.00%', '6:68.10%', '7:59.30%', '8:72.40%', '9:62.30%']
                                          0msec<-
                                          ->0msec
                                                     -> Cluster 22, loss : 1.26, accuracy 61.89%, model from round 83
                                                     ['0:65.60%', '1:72.70%', '2:45.90%', '3:39.30%', '4:56.50%', '5:50.80%', '6:77.30%', '7:67.50%', '8:76.30%', '9:67.00%']
                                                                                              <-> Client 0, global : from 61.89% to 56.15%, local : from 76.60% to 98.80%, training time : 8200msec
                                                     Cluster 22, round 1, loss : 1.50, accuracy 56.15% <-
                                                     Time past : 8200msec
                                                     ['0:39.50%', '1:62.90%', '2:61.50%', '3:40.90%', '4:39.90%', '5:44.50%', '6:69.40%', '7:65.10%', '8:75.90%', '9:61.90%']
                                          0msec<-
                                          ->0msec
                                                     -> Cluster 89, loss : 1.26, accuracy 61.89%, model from round 83
                                                     ['0:65.60%', '1:72.70%', '2:45.90%', '3:39.30%', '4:56.50%', '5:50.80%', '6:77.30%', '7:67.50%', '8:76.30%', '9:67.00%']
                                                                                              <-> Client 0, global : from 61.89% to 56.37%, local : from 62.60% to 100.00%, training time : 16200msec
                                                     Cluster 89, round 1, loss : 1.57, accuracy 56.37% <-
                                                     Time past : 16200msec
                                                     ['0:63.80%', '1:66.50%', '2:51.90%', '3:37.60%', '4:46.20%', '5:41.70%', '6:62.70%', '7:60.50%', '8:70.20%', '9:62.60%']
                                          0msec<-
                                          ->0msec
                                                     -> Cluster 0, loss : 1.26, accuracy 61.89%, model from round 83
                                                     ['0:65.60%', '1:72.70%', '2:45.90%', '3:39.30%', '4:56.50%', '5:50.80%', '6:77.30%', '7:67.50%', '8:76.30%', '9:67.00%']
                                                                                              <-> Client 0, global : from 61.89% to 57.41%, local : from 66.40% to 100.00%, training time : 8200msec
                                                     Cluster 0, round 1, loss : 1.46, accuracy 57.41% <-
                                                     Time past : 8200msec
                                                     ['0:71.40%', '1:60.10%', '2:48.80%', '3:33.40%', '4:58.40%', '5:43.90%', '6:63.90%', '7:59.40%', '8:73.50%', '9:61.30%']
                                          0msec<-
Central server round 83, loss : 1.26, accuracy :62.19%
Time past: 1336600msec
['0:66.90%', '1:71.00%', '2:50.60%', '3:40.00%', '4:55.50%', '5:51.40%', '6:76.10%', '7:67.10%', '8:78.00%', '9:65.30%']
                                          ->0msec
                                                     -> Cluster 5, loss : 1.26, accuracy 62.19%, model from round 84
                                                     ['0:66.90%', '1:71.00%', '2:50.60%', '3:40.00%', '4:55.50%', '5:51.40%', '6:76.10%', '7:67.10%', '8:78.00%', '9:65.30%']
                                                                                              <-> Client 0, global : from 62.19% to 58.04%, local : from 71.80% to 100.00%, training time : 8200msec
                                                     Cluster 5, round 1, loss : 1.43, accuracy 58.04% <-
                                                     Time past : 8200msec
                                                     ['0:64.80%', '1:66.00%', '2:38.30%', '3:28.30%', '4:51.70%', '5:57.50%', '6:69.30%', '7:66.20%', '8:73.40%', '9:64.90%']
                                          0msec<-
                                          ->0msec
                                                     -> Cluster 27, loss : 1.26, accuracy 62.19%, model from round 84
                                                     ['0:66.90%', '1:71.00%', '2:50.60%', '3:40.00%', '4:55.50%', '5:51.40%', '6:76.10%', '7:67.10%', '8:78.00%', '9:65.30%']
                                                                                              <-> Client 0, global : from 62.19% to 57.50%, local : from 70.20% to 100.00%, training time : 8200msec
                                                     Cluster 27, round 1, loss : 1.43, accuracy 57.50% <-
                                                     Time past : 8200msec
                                                     ['0:63.60%', '1:68.90%', '2:35.90%', '3:40.30%', '4:53.00%', '5:52.60%', '6:69.70%', '7:58.40%', '8:69.20%', '9:63.40%']
                                          0msec<-
                                          ->0msec
                                                     -> Cluster 49, loss : 1.26, accuracy 62.19%, model from round 84
                                                     ['0:66.90%', '1:71.00%', '2:50.60%', '3:40.00%', '4:55.50%', '5:51.40%', '6:76.10%', '7:67.10%', '8:78.00%', '9:65.30%']
                                                                                              <-> Client 0, global : from 62.19% to 58.01%, local : from 72.60% to 100.00%, training time : 8200msec
                                                     Cluster 49, round 1, loss : 1.42, accuracy 58.01% <-
                                                     Time past : 8200msec
                                                     ['0:66.40%', '1:64.30%', '2:47.90%', '3:39.10%', '4:55.60%', '5:52.90%', '6:62.60%', '7:56.30%', '8:66.40%', '9:68.60%']
                                          0msec<-
                                          ->0msec
                                                     -> Cluster 1, loss : 1.26, accuracy 62.19%, model from round 84
                                                     ['0:66.90%', '1:71.00%', '2:50.60%', '3:40.00%', '4:55.50%', '5:51.40%', '6:76.10%', '7:67.10%', '8:78.00%', '9:65.30%']
                                                                                              <-> Client 0, global : from 62.19% to 57.63%, local : from 67.40% to 99.80%, training time : 8200msec
                                                     Cluster 1, round 1, loss : 1.41, accuracy 57.63% <-
                                                     Time past : 8200msec
                                                     ['0:66.60%', '1:65.10%', '2:42.60%', '3:44.00%', '4:56.20%', '5:50.20%', '6:63.00%', '7:56.60%', '8:68.80%', '9:63.20%']
                                          0msec<-
                                          ->0msec
                                                     -> Cluster 68, loss : 1.26, accuracy 62.19%, model from round 84
                                                     ['0:66.90%', '1:71.00%', '2:50.60%', '3:40.00%', '4:55.50%', '5:51.40%', '6:76.10%', '7:67.10%', '8:78.00%', '9:65.30%']
                                                                                              <-> Client 0, global : from 62.19% to 57.90%, local : from 70.00% to 100.00%, training time : 16200msec
                                                     Cluster 68, round 1, loss : 1.58, accuracy 57.90% <-
                                                     Time past : 16200msec
                                                     ['0:66.50%', '1:69.00%', '2:45.20%', '3:40.20%', '4:52.50%', '5:45.40%', '6:62.40%', '7:67.20%', '8:67.70%', '9:62.90%']
                                          0msec<-
                                          ->0msec
                                                     -> Cluster 56, loss : 1.26, accuracy 62.19%, model from round 84
                                                     ['0:66.90%', '1:71.00%', '2:50.60%', '3:40.00%', '4:55.50%', '5:51.40%', '6:76.10%', '7:67.10%', '8:78.00%', '9:65.30%']
                                                                                              <-> Client 0, global : from 62.19% to 57.14%, local : from 84.20% to 100.00%, training time : 16200msec
                                                     Cluster 56, round 1, loss : 1.65, accuracy 57.14% <-
                                                     Time past : 16200msec
                                                     ['0:65.70%', '1:64.90%', '2:47.70%', '3:37.40%', '4:46.50%', '5:42.00%', '6:73.80%', '7:67.90%', '8:63.10%', '9:62.40%']
                                          0msec<-
                                          ->0msec
                                                     -> Cluster 85, loss : 1.26, accuracy 62.19%, model from round 84
                                                     ['0:66.90%', '1:71.00%', '2:50.60%', '3:40.00%', '4:55.50%', '5:51.40%', '6:76.10%', '7:67.10%', '8:78.00%', '9:65.30%']
                                                                                              <-> Client 0, global : from 62.19% to 57.14%, local : from 76.00% to 100.00%, training time : 16200msec
                                                     Cluster 85, round 1, loss : 1.62, accuracy 57.14% <-
                                                     Time past : 16200msec
                                                     ['0:58.90%', '1:63.50%', '2:44.70%', '3:30.80%', '4:47.40%', '5:44.10%', '6:76.50%', '7:62.30%', '8:75.80%', '9:67.40%']
                                          0msec<-
                                          ->0msec
                                                     -> Cluster 92, loss : 1.26, accuracy 62.19%, model from round 84
                                                     ['0:66.90%', '1:71.00%', '2:50.60%', '3:40.00%', '4:55.50%', '5:51.40%', '6:76.10%', '7:67.10%', '8:78.00%', '9:65.30%']
                                                                                              <-> Client 0, global : from 62.19% to 57.49%, local : from 64.80% to 100.00%, training time : 16200msec
                                                     Cluster 92, round 1, loss : 1.54, accuracy 57.49% <-
                                                     Time past : 16200msec
                                                     ['0:69.60%', '1:70.30%', '2:47.40%', '3:36.90%', '4:40.70%', '5:50.60%', '6:66.00%', '7:63.10%', '8:66.50%', '9:63.80%']
                                          0msec<-
                                          ->0msec
                                                     -> Cluster 41, loss : 1.26, accuracy 62.19%, model from round 84
                                                     ['0:66.90%', '1:71.00%', '2:50.60%', '3:40.00%', '4:55.50%', '5:51.40%', '6:76.10%', '7:67.10%', '8:78.00%', '9:65.30%']
                                                                                              <-> Client 0, global : from 62.19% to 56.32%, local : from 68.00% to 99.40%, training time : 8200msec
                                                     Cluster 41, round 1, loss : 1.47, accuracy 56.32% <-
                                                     Time past : 8200msec
                                                     ['0:72.70%', '1:70.40%', '2:49.30%', '3:44.30%', '4:38.40%', '5:30.60%', '6:75.00%', '7:59.60%', '8:65.70%', '9:57.20%']
                                          0msec<-
                                          ->0msec
                                                     -> Cluster 80, loss : 1.26, accuracy 62.19%, model from round 84
                                                     ['0:66.90%', '1:71.00%', '2:50.60%', '3:40.00%', '4:55.50%', '5:51.40%', '6:76.10%', '7:67.10%', '8:78.00%', '9:65.30%']
                                                                                              <-> Client 0, global : from 62.19% to 58.33%, local : from 72.40% to 100.00%, training time : 16200msec
                                                     Cluster 80, round 1, loss : 1.51, accuracy 58.33% <-
                                                     Time past : 16200msec
                                                     ['0:62.60%', '1:70.00%', '2:37.90%', '3:39.60%', '4:57.70%', '5:47.30%', '6:67.30%', '7:67.80%', '8:67.50%', '9:65.60%']
                                          0msec<-
Central server round 84, loss : 1.25, accuracy :61.83%
Time past: 1352800msec
['0:68.20%', '1:71.80%', '2:46.30%', '3:40.80%', '4:56.30%', '5:50.50%', '6:75.30%', '7:67.60%', '8:74.70%', '9:66.80%']
                                          ->0msec
                                                     -> Cluster 50, loss : 1.25, accuracy 61.83%, model from round 85
                                                     ['0:68.20%', '1:71.80%', '2:46.30%', '3:40.80%', '4:56.30%', '5:50.50%', '6:75.30%', '7:67.60%', '8:74.70%', '9:66.80%']
                                                                                              <-> Client 0, global : from 61.83% to 58.24%, local : from 79.80% to 100.00%, training time : 16200msec
                                                     Cluster 50, round 1, loss : 1.62, accuracy 58.24% <-
                                                     Time past : 16200msec
                                                     ['0:72.20%', '1:64.60%', '2:39.20%', '3:37.00%', '4:52.50%', '5:55.80%', '6:62.30%', '7:60.70%', '8:68.00%', '9:70.10%']
                                          0msec<-
                                          ->0msec
                                                     -> Cluster 12, loss : 1.25, accuracy 61.83%, model from round 85
                                                     ['0:68.20%', '1:71.80%', '2:46.30%', '3:40.80%', '4:56.30%', '5:50.50%', '6:75.30%', '7:67.60%', '8:74.70%', '9:66.80%']
                                                                                              <-> Client 0, global : from 61.83% to 56.33%, local : from 63.40% to 100.00%, training time : 8200msec
                                                     Cluster 12, round 1, loss : 1.45, accuracy 56.33% <-
                                                     Time past : 8200msec
                                                     ['0:63.40%', '1:63.40%', '2:43.80%', '3:48.70%', '4:49.30%', '5:43.40%', '6:57.70%', '7:60.50%', '8:70.10%', '9:63.00%']
                                          0msec<-
                                          ->0msec
                                                     -> Cluster 40, loss : 1.25, accuracy 61.83%, model from round 85
                                                     ['0:68.20%', '1:71.80%', '2:46.30%', '3:40.80%', '4:56.30%', '5:50.50%', '6:75.30%', '7:67.60%', '8:74.70%', '9:66.80%']
                                                                                              <-> Client 0, global : from 61.83% to 58.34%, local : from 77.80% to 100.00%, training time : 8200msec
                                                     Cluster 40, round 1, loss : 1.47, accuracy 58.34% <-
                                                     Time past : 8200msec
                                                     ['0:67.10%', '1:71.60%', '2:47.10%', '3:34.40%', '4:52.00%', '5:51.40%', '6:67.70%', '7:67.10%', '8:69.30%', '9:55.70%']
                                          0msec<-
                                          ->0msec
                                                     -> Cluster 73, loss : 1.25, accuracy 61.83%, model from round 85
                                                     ['0:68.20%', '1:71.80%', '2:46.30%', '3:40.80%', '4:56.30%', '5:50.50%', '6:75.30%', '7:67.60%', '8:74.70%', '9:66.80%']
                                                                                              <-> Client 0, global : from 61.83% to 57.05%, local : from 67.80% to 100.00%, training time : 16200msec
                                                     Cluster 73, round 1, loss : 1.59, accuracy 57.05% <-
                                                     Time past : 16200msec
                                                     ['0:61.30%', '1:64.70%', '2:37.20%', '3:47.40%', '4:55.30%', '5:49.60%', '6:69.60%', '7:57.60%', '8:70.30%', '9:57.50%']
                                          0msec<-
                                          ->0msec
                                                     -> Cluster 14, loss : 1.25, accuracy 61.83%, model from round 85
                                                     ['0:68.20%', '1:71.80%', '2:46.30%', '3:40.80%', '4:56.30%', '5:50.50%', '6:75.30%', '7:67.60%', '8:74.70%', '9:66.80%']
                                                                                              <-> Client 0, global : from 61.83% to 57.31%, local : from 75.60% to 100.00%, training time : 8200msec
                                                     Cluster 14, round 1, loss : 1.49, accuracy 57.31% <-
                                                     Time past : 8200msec
                                                     ['0:53.50%', '1:66.60%', '2:49.30%', '3:30.80%', '4:49.10%', '5:49.00%', '6:75.60%', '7:62.00%', '8:70.50%', '9:66.70%']
                                          0msec<-
                                          ->0msec
                                                     -> Cluster 69, loss : 1.25, accuracy 61.83%, model from round 85
                                                     ['0:68.20%', '1:71.80%', '2:46.30%', '3:40.80%', '4:56.30%', '5:50.50%', '6:75.30%', '7:67.60%', '8:74.70%', '9:66.80%']
                                                                                              <-> Client 0, global : from 61.83% to 58.31%, local : from 79.20% to 100.00%, training time : 16200msec
                                                     Cluster 69, round 1, loss : 1.55, accuracy 58.31% <-
                                                     Time past : 16200msec
                                                     ['0:59.00%', '1:75.90%', '2:44.50%', '3:39.20%', '4:46.20%', '5:45.10%', '6:74.70%', '7:65.00%', '8:72.80%', '9:60.70%']
                                          0msec<-
                                          ->0msec
                                                     -> Cluster 85, loss : 1.25, accuracy 61.83%, model from round 85
                                                     ['0:68.20%', '1:71.80%', '2:46.30%', '3:40.80%', '4:56.30%', '5:50.50%', '6:75.30%', '7:67.60%', '8:74.70%', '9:66.80%']
                                                                                              <-> Client 0, global : from 61.83% to 57.44%, local : from 81.20% to 100.00%, training time : 16200msec
                                                     Cluster 85, round 1, loss : 1.63, accuracy 57.44% <-
                                                     Time past : 16200msec
                                                     ['0:54.20%', '1:63.40%', '2:48.30%', '3:29.60%', '4:51.40%', '5:43.90%', '6:73.80%', '7:63.90%', '8:78.00%', '9:67.90%']
                                          0msec<-
                                          ->0msec
                                                     -> Cluster 76, loss : 1.25, accuracy 61.83%, model from round 85
                                                     ['0:68.20%', '1:71.80%', '2:46.30%', '3:40.80%', '4:56.30%', '5:50.50%', '6:75.30%', '7:67.60%', '8:74.70%', '9:66.80%']
                                                                                              <-> Client 0, global : from 61.83% to 57.55%, local : from 75.60% to 100.00%, training time : 16200msec
                                                     Cluster 76, round 1, loss : 1.62, accuracy 57.55% <-
                                                     Time past : 16200msec
                                                     ['0:64.00%', '1:69.50%', '2:37.90%', '3:38.30%', '4:49.10%', '5:52.10%', '6:69.60%', '7:63.40%', '8:66.90%', '9:64.70%']
                                          0msec<-
                                          ->0msec
                                                     -> Cluster 31, loss : 1.25, accuracy 61.83%, model from round 85
                                                     ['0:68.20%', '1:71.80%', '2:46.30%', '3:40.80%', '4:56.30%', '5:50.50%', '6:75.30%', '7:67.60%', '8:74.70%', '9:66.80%']
                                                                                              <-> Client 0, global : from 61.83% to 57.87%, local : from 70.80% to 100.00%, training time : 8200msec
                                                     Cluster 31, round 1, loss : 1.45, accuracy 57.87% <-
                                                     Time past : 8200msec
                                                     ['0:72.30%', '1:63.50%', '2:49.50%', '3:37.80%', '4:51.70%', '5:44.70%', '6:62.00%', '7:66.40%', '8:68.30%', '9:62.50%']
                                          0msec<-
                                          ->0msec
                                                     -> Cluster 37, loss : 1.25, accuracy 61.83%, model from round 85
                                                     ['0:68.20%', '1:71.80%', '2:46.30%', '3:40.80%', '4:56.30%', '5:50.50%', '6:75.30%', '7:67.60%', '8:74.70%', '9:66.80%']
                                                                                              <-> Client 0, global : from 61.83% to 58.10%, local : from 71.40% to 99.80%, training time : 8200msec
                                                     Cluster 37, round 1, loss : 1.48, accuracy 58.10% <-
                                                     Time past : 8200msec
                                                     ['0:58.00%', '1:73.30%', '2:25.40%', '3:40.30%', '4:50.60%', '5:55.70%', '6:74.30%', '7:62.60%', '8:76.80%', '9:64.00%']
                                          0msec<-
Central server round 85, loss : 1.28, accuracy :61.87%
Time past: 1369000msec
['0:66.80%', '1:71.80%', '2:44.40%', '3:39.90%', '4:58.20%', '5:52.40%', '6:75.70%', '7:67.20%', '8:76.20%', '9:66.10%']
                                          ->0msec
                                                     -> Cluster 84, loss : 1.28, accuracy 61.87%, model from round 86
                                                     ['0:66.80%', '1:71.80%', '2:44.40%', '3:39.90%', '4:58.20%', '5:52.40%', '6:75.70%', '7:67.20%', '8:76.20%', '9:66.10%']
                                                                                              <-> Client 0, global : from 61.87% to 57.36%, local : from 67.80% to 100.00%, training time : 16200msec
                                                     Cluster 84, round 1, loss : 1.59, accuracy 57.36% <-
                                                     Time past : 16200msec
                                                     ['0:65.90%', '1:68.40%', '2:43.30%', '3:44.10%', '4:46.50%', '5:47.10%', '6:61.80%', '7:61.80%', '8:69.00%', '9:65.70%']
                                          0msec<-
                                          ->0msec
                                                     -> Cluster 94, loss : 1.28, accuracy 61.87%, model from round 86
                                                     ['0:66.80%', '1:71.80%', '2:44.40%', '3:39.90%', '4:58.20%', '5:52.40%', '6:75.70%', '7:67.20%', '8:76.20%', '9:66.10%']
                                                                                              <-> Client 0, global : from 61.87% to 58.12%, local : from 72.00% to 100.00%, training time : 16200msec
                                                     Cluster 94, round 1, loss : 1.55, accuracy 58.12% <-
                                                     Time past : 16200msec
                                                     ['0:63.50%', '1:71.00%', '2:43.40%', '3:37.40%', '4:63.40%', '5:41.80%', '6:60.30%', '7:63.40%', '8:73.50%', '9:63.50%']
                                          0msec<-
                                          ->0msec
                                                     -> Cluster 26, loss : 1.28, accuracy 61.87%, model from round 86
                                                     ['0:66.80%', '1:71.80%', '2:44.40%', '3:39.90%', '4:58.20%', '5:52.40%', '6:75.70%', '7:67.20%', '8:76.20%', '9:66.10%']
                                                                                              <-> Client 0, global : from 61.87% to 57.09%, local : from 67.80% to 99.40%, training time : 8200msec
                                                     Cluster 26, round 1, loss : 1.47, accuracy 57.09% <-
                                                     Time past : 8200msec
                                                     ['0:71.40%', '1:75.70%', '2:35.10%', '3:42.70%', '4:51.00%', '5:44.90%', '6:74.70%', '7:63.60%', '8:67.10%', '9:44.70%']
                                          0msec<-
                                          ->0msec
                                                     -> Cluster 66, loss : 1.28, accuracy 61.87%, model from round 86
                                                     ['0:66.80%', '1:71.80%', '2:44.40%', '3:39.90%', '4:58.20%', '5:52.40%', '6:75.70%', '7:67.20%', '8:76.20%', '9:66.10%']
                                                                                              <-> Client 0, global : from 61.87% to 58.30%, local : from 71.00% to 100.00%, training time : 16200msec
                                                     Cluster 66, round 1, loss : 1.52, accuracy 58.30% <-
                                                     Time past : 16200msec
                                                     ['0:67.50%', '1:66.40%', '2:43.70%', '3:39.00%', '4:59.00%', '5:48.30%', '6:63.80%', '7:63.80%', '8:64.30%', '9:67.20%']
                                          0msec<-
                                          ->0msec
                                                     -> Cluster 75, loss : 1.28, accuracy 61.87%, model from round 86
                                                     ['0:66.80%', '1:71.80%', '2:44.40%', '3:39.90%', '4:58.20%', '5:52.40%', '6:75.70%', '7:67.20%', '8:76.20%', '9:66.10%']
                                                                                              <-> Client 0, global : from 61.87% to 57.04%, local : from 68.00% to 100.00%, training time : 16200msec
                                                     Cluster 75, round 1, loss : 1.57, accuracy 57.04% <-
                                                     Time past : 16200msec
                                                     ['0:59.90%', '1:69.50%', '2:36.50%', '3:39.20%', '4:60.30%', '5:46.40%', '6:65.40%', '7:67.10%', '8:67.50%', '9:58.60%']
                                          0msec<-
                                          ->0msec
                                                     -> Cluster 54, loss : 1.28, accuracy 61.87%, model from round 86
                                                     ['0:66.80%', '1:71.80%', '2:44.40%', '3:39.90%', '4:58.20%', '5:52.40%', '6:75.70%', '7:67.20%', '8:76.20%', '9:66.10%']
                                                                                              <-> Client 0, global : from 61.87% to 58.25%, local : from 68.20% to 100.00%, training time : 16200msec
                                                     Cluster 54, round 1, loss : 1.51, accuracy 58.25% <-
                                                     Time past : 16200msec
                                                     ['0:63.40%', '1:68.30%', '2:39.70%', '3:45.00%', '4:49.70%', '5:48.10%', '6:67.00%', '7:63.10%', '8:71.30%', '9:66.90%']
                                          0msec<-
                                          ->0msec
                                                     -> Cluster 81, loss : 1.28, accuracy 61.87%, model from round 86
                                                     ['0:66.80%', '1:71.80%', '2:44.40%', '3:39.90%', '4:58.20%', '5:52.40%', '6:75.70%', '7:67.20%', '8:76.20%', '9:66.10%']
                                                                                              <-> Client 0, global : from 61.87% to 57.70%, local : from 70.80% to 100.00%, training time : 16200msec
                                                     Cluster 81, round 1, loss : 1.56, accuracy 57.70% <-
                                                     Time past : 16200msec
                                                     ['0:56.20%', '1:69.10%', '2:39.70%', '3:36.20%', '4:52.60%', '5:54.60%', '6:69.80%', '7:60.80%', '8:73.10%', '9:64.90%']
                                          0msec<-
                                          ->0msec
                                                     -> Cluster 39, loss : 1.28, accuracy 61.87%, model from round 86
                                                     ['0:66.80%', '1:71.80%', '2:44.40%', '3:39.90%', '4:58.20%', '5:52.40%', '6:75.70%', '7:67.20%', '8:76.20%', '9:66.10%']
                                                                                              <-> Client 0, global : from 61.87% to 57.07%, local : from 66.00% to 99.20%, training time : 8200msec
                                                     Cluster 39, round 1, loss : 1.49, accuracy 57.07% <-
                                                     Time past : 8200msec
                                                     ['0:61.60%', '1:62.00%', '2:37.40%', '3:30.20%', '4:61.60%', '5:55.10%', '6:58.70%', '7:72.40%', '8:61.40%', '9:70.30%']
                                          0msec<-
                                          ->0msec
                                                     -> Cluster 8, loss : 1.28, accuracy 61.87%, model from round 86
                                                     ['0:66.80%', '1:71.80%', '2:44.40%', '3:39.90%', '4:58.20%', '5:52.40%', '6:75.70%', '7:67.20%', '8:76.20%', '9:66.10%']
                                                                                              <-> Client 0, global : from 61.87% to 56.21%, local : from 68.40% to 99.60%, training time : 8200msec
                                                     Cluster 8, round 1, loss : 1.45, accuracy 56.21% <-
                                                     Time past : 8200msec
                                                     ['0:61.60%', '1:72.80%', '2:57.70%', '3:36.20%', '4:49.20%', '5:38.50%', '6:59.70%', '7:59.00%', '8:73.40%', '9:54.00%']
                                          0msec<-
                                          ->0msec
                                                     -> Cluster 22, loss : 1.28, accuracy 61.87%, model from round 86
                                                     ['0:66.80%', '1:71.80%', '2:44.40%', '3:39.90%', '4:58.20%', '5:52.40%', '6:75.70%', '7:67.20%', '8:76.20%', '9:66.10%']
                                                                                              <-> Client 0, global : from 61.87% to 57.21%, local : from 76.60% to 100.00%, training time : 8200msec
                                                     Cluster 22, round 1, loss : 1.46, accuracy 57.21% <-
                                                     Time past : 8200msec
                                                     ['0:55.10%', '1:67.30%', '2:59.20%', '3:33.80%', '4:53.90%', '5:43.60%', '6:69.60%', '7:57.10%', '8:70.80%', '9:61.70%']
                                          0msec<-
Central server round 86, loss : 1.24, accuracy :62.34%
Time past: 1385200msec
['0:66.10%', '1:75.00%', '2:46.40%', '3:42.80%', '4:60.00%', '5:52.30%', '6:72.90%', '7:68.50%', '8:75.20%', '9:64.20%']
                                          ->0msec
                                                     -> Cluster 67, loss : 1.24, accuracy 62.34%, model from round 87
                                                     ['0:66.10%', '1:75.00%', '2:46.40%', '3:42.80%', '4:60.00%', '5:52.30%', '6:72.90%', '7:68.50%', '8:75.20%', '9:64.20%']
                                                                                              <-> Client 0, global : from 62.34% to 58.09%, local : from 75.40% to 100.00%, training time : 16200msec
                                                     Cluster 67, round 1, loss : 1.48, accuracy 58.09% <-
                                                     Time past : 16200msec
                                                     ['0:68.70%', '1:68.10%', '2:43.10%', '3:34.10%', '4:51.40%', '5:54.40%', '6:64.00%', '7:69.60%', '8:68.60%', '9:58.90%']
                                          0msec<-
                                          ->0msec
                                                     -> Cluster 37, loss : 1.24, accuracy 62.34%, model from round 87
                                                     ['0:66.10%', '1:75.00%', '2:46.40%', '3:42.80%', '4:60.00%', '5:52.30%', '6:72.90%', '7:68.50%', '8:75.20%', '9:64.20%']
                                                                                              <-> Client 0, global : from 62.34% to 58.90%, local : from 75.20% to 100.00%, training time : 8200msec
                                                     Cluster 37, round 1, loss : 1.44, accuracy 58.90% <-
                                                     Time past : 8200msec
                                                     ['0:72.30%', '1:74.30%', '2:37.10%', '3:35.90%', '4:57.80%', '5:56.00%', '6:62.20%', '7:68.00%', '8:65.50%', '9:59.90%']
                                          0msec<-
                                          ->0msec
                                                     -> Cluster 15, loss : 1.24, accuracy 62.34%, model from round 87
                                                     ['0:66.10%', '1:75.00%', '2:46.40%', '3:42.80%', '4:60.00%', '5:52.30%', '6:72.90%', '7:68.50%', '8:75.20%', '9:64.20%']
                                                                                              <-> Client 0, global : from 62.34% to 58.44%, local : from 74.80% to 100.00%, training time : 8200msec
                                                     Cluster 15, round 1, loss : 1.43, accuracy 58.44% <-
                                                     Time past : 8200msec
                                                     ['0:56.30%', '1:73.00%', '2:43.10%', '3:45.30%', '4:48.20%', '5:51.30%', '6:73.60%', '7:61.30%', '8:72.00%', '9:60.30%']
                                          0msec<-
                                          ->0msec
                                                     -> Cluster 9, loss : 1.24, accuracy 62.34%, model from round 87
                                                     ['0:66.10%', '1:75.00%', '2:46.40%', '3:42.80%', '4:60.00%', '5:52.30%', '6:72.90%', '7:68.50%', '8:75.20%', '9:64.20%']
                                                                                              <-> Client 0, global : from 62.34% to 56.74%, local : from 67.80% to 100.00%, training time : 8200msec
                                                     Cluster 9, round 1, loss : 1.47, accuracy 56.74% <-
                                                     Time past : 8200msec
                                                     ['0:55.60%', '1:62.60%', '2:43.20%', '3:52.50%', '4:62.90%', '5:42.30%', '6:55.00%', '7:56.00%', '8:73.90%', '9:63.40%']
                                          0msec<-
                                          ->0msec
                                                     -> Cluster 63, loss : 1.24, accuracy 62.34%, model from round 87
                                                     ['0:66.10%', '1:75.00%', '2:46.40%', '3:42.80%', '4:60.00%', '5:52.30%', '6:72.90%', '7:68.50%', '8:75.20%', '9:64.20%']
                                                                                              <-> Client 0, global : from 62.34% to 57.03%, local : from 66.60% to 100.00%, training time : 16200msec
                                                     Cluster 63, round 1, loss : 1.56, accuracy 57.03% <-
                                                     Time past : 16200msec
                                                     ['0:56.20%', '1:65.40%', '2:49.70%', '3:30.30%', '4:52.10%', '5:47.80%', '6:69.40%', '7:66.10%', '8:68.90%', '9:64.40%']
                                          0msec<-
                                          ->0msec
                                                     -> Cluster 8, loss : 1.24, accuracy 62.34%, model from round 87
                                                     ['0:66.10%', '1:75.00%', '2:46.40%', '3:42.80%', '4:60.00%', '5:52.30%', '6:72.90%', '7:68.50%', '8:75.20%', '9:64.20%']
                                                                                              <-> Client 0, global : from 62.34% to 57.20%, local : from 72.80% to 99.80%, training time : 8200msec
                                                     Cluster 8, round 1, loss : 1.44, accuracy 57.20% <-
                                                     Time past : 8200msec
                                                     ['0:56.60%', '1:73.00%', '2:43.80%', '3:38.60%', '4:59.80%', '5:42.20%', '6:71.80%', '7:55.70%', '8:74.20%', '9:56.30%']
                                          0msec<-
                                          ->0msec
                                                     -> Cluster 61, loss : 1.24, accuracy 62.34%, model from round 87
                                                     ['0:66.10%', '1:75.00%', '2:46.40%', '3:42.80%', '4:60.00%', '5:52.30%', '6:72.90%', '7:68.50%', '8:75.20%', '9:64.20%']
                                                                                              <-> Client 0, global : from 62.34% to 58.22%, local : from 73.20% to 100.00%, training time : 16200msec
                                                     Cluster 61, round 1, loss : 1.53, accuracy 58.22% <-
                                                     Time past : 16200msec
                                                     ['0:63.00%', '1:65.30%', '2:46.20%', '3:42.40%', '4:49.60%', '5:44.00%', '6:65.00%', '7:69.10%', '8:69.60%', '9:68.00%']
                                          0msec<-
                                          ->0msec
                                                     -> Cluster 31, loss : 1.24, accuracy 62.34%, model from round 87
                                                     ['0:66.10%', '1:75.00%', '2:46.40%', '3:42.80%', '4:60.00%', '5:52.30%', '6:72.90%', '7:68.50%', '8:75.20%', '9:64.20%']
                                                                                              <-> Client 0, global : from 62.34% to 57.78%, local : from 73.80% to 100.00%, training time : 8200msec
                                                     Cluster 31, round 1, loss : 1.51, accuracy 57.78% <-
                                                     Time past : 8200msec
                                                     ['0:77.60%', '1:62.80%', '2:40.80%', '3:32.40%', '4:48.30%', '5:53.40%', '6:65.10%', '7:72.50%', '8:65.20%', '9:59.70%']
                                          0msec<-
                                          ->0msec
                                                     -> Cluster 94, loss : 1.24, accuracy 62.34%, model from round 87
                                                     ['0:66.10%', '1:75.00%', '2:46.40%', '3:42.80%', '4:60.00%', '5:52.30%', '6:72.90%', '7:68.50%', '8:75.20%', '9:64.20%']
                                                                                              <-> Client 0, global : from 62.34% to 57.75%, local : from 76.60% to 100.00%, training time : 16200msec
                                                     Cluster 94, round 1, loss : 1.58, accuracy 57.75% <-
                                                     Time past : 16200msec
                                                     ['0:65.80%', '1:70.80%', '2:50.50%', '3:39.80%', '4:61.00%', '5:37.60%', '6:58.40%', '7:61.60%', '8:70.60%', '9:61.40%']
                                          0msec<-
                                          ->0msec
                                                     -> Cluster 98, loss : 1.24, accuracy 62.34%, model from round 87
                                                     ['0:66.10%', '1:75.00%', '2:46.40%', '3:42.80%', '4:60.00%', '5:52.30%', '6:72.90%', '7:68.50%', '8:75.20%', '9:64.20%']
                                                                                              <-> Client 0, global : from 62.34% to 57.42%, local : from 65.00% to 99.80%, training time : 16200msec
                                                     Cluster 98, round 1, loss : 1.58, accuracy 57.42% <-
                                                     Time past : 16200msec
                                                     ['0:59.90%', '1:66.80%', '2:27.10%', '3:50.20%', '4:50.50%', '5:49.00%', '6:63.20%', '7:71.10%', '8:69.70%', '9:66.70%']
                                          0msec<-
Central server round 87, loss : 1.24, accuracy :62.27%
Time past: 1401400msec
['0:66.70%', '1:72.80%', '2:44.10%', '3:44.20%', '4:60.10%', '5:50.10%', '6:74.10%', '7:70.20%', '8:75.40%', '9:65.00%']
                                          ->0msec
                                                     -> Cluster 44, loss : 1.24, accuracy 62.27%, model from round 88
                                                     ['0:66.70%', '1:72.80%', '2:44.10%', '3:44.20%', '4:60.10%', '5:50.10%', '6:74.10%', '7:70.20%', '8:75.40%', '9:65.00%']
                                                                                              <-> Client 0, global : from 62.27% to 57.69%, local : from 76.40% to 100.00%, training time : 8200msec
                                                     Cluster 44, round 1, loss : 1.50, accuracy 57.69% <-
                                                     Time past : 8200msec
                                                     ['0:74.90%', '1:58.00%', '2:32.90%', '3:49.70%', '4:54.20%', '5:50.50%', '6:58.50%', '7:61.90%', '8:63.90%', '9:72.40%']
                                          0msec<-
                                          ->0msec
                                                     -> Cluster 86, loss : 1.24, accuracy 62.27%, model from round 88
                                                     ['0:66.70%', '1:72.80%', '2:44.10%', '3:44.20%', '4:60.10%', '5:50.10%', '6:74.10%', '7:70.20%', '8:75.40%', '9:65.00%']
                                                                                              <-> Client 0, global : from 62.27% to 57.18%, local : from 68.40% to 100.00%, training time : 16200msec
                                                     Cluster 86, round 1, loss : 1.60, accuracy 57.18% <-
                                                     Time past : 16200msec
                                                     ['0:60.40%', '1:64.30%', '2:53.90%', '3:33.40%', '4:43.10%', '5:51.50%', '6:60.20%', '7:65.10%', '8:75.30%', '9:64.60%']
                                          0msec<-
                                          ->0msec
                                                     -> Cluster 37, loss : 1.24, accuracy 62.27%, model from round 88
                                                     ['0:66.70%', '1:72.80%', '2:44.10%', '3:44.20%', '4:60.10%', '5:50.10%', '6:74.10%', '7:70.20%', '8:75.40%', '9:65.00%']
                                                                                              <-> Client 0, global : from 62.27% to 57.87%, local : from 80.20% to 99.80%, training time : 8200msec
                                                     Cluster 37, round 1, loss : 1.46, accuracy 57.87% <-
                                                     Time past : 8200msec
                                                     ['0:69.10%', '1:70.70%', '2:32.10%', '3:41.20%', '4:55.30%', '5:52.20%', '6:66.90%', '7:68.90%', '8:58.60%', '9:63.70%']
                                          0msec<-
                                          ->0msec
                                                     -> Cluster 39, loss : 1.24, accuracy 62.27%, model from round 88
                                                     ['0:66.70%', '1:72.80%', '2:44.10%', '3:44.20%', '4:60.10%', '5:50.10%', '6:74.10%', '7:70.20%', '8:75.40%', '9:65.00%']
                                                                                              <-> Client 0, global : from 62.27% to 58.00%, local : from 68.80% to 100.00%, training time : 8200msec
                                                     Cluster 39, round 1, loss : 1.45, accuracy 58.00% <-
                                                     Time past : 8200msec
                                                     ['0:57.10%', '1:71.50%', '2:54.30%', '3:33.30%', '4:46.90%', '5:54.90%', '6:69.10%', '7:66.00%', '8:65.10%', '9:61.80%']
                                          0msec<-
                                          ->0msec
                                                     -> Cluster 60, loss : 1.24, accuracy 62.27%, model from round 88
                                                     ['0:66.70%', '1:72.80%', '2:44.10%', '3:44.20%', '4:60.10%', '5:50.10%', '6:74.10%', '7:70.20%', '8:75.40%', '9:65.00%']
                                                                                              <-> Client 0, global : from 62.27% to 56.20%, local : from 65.60% to 100.00%, training time : 16200msec
                                                     Cluster 60, round 1, loss : 1.63, accuracy 56.20% <-
                                                     Time past : 16200msec
                                                     ['0:64.10%', '1:61.30%', '2:41.80%', '3:39.70%', '4:59.10%', '5:46.20%', '6:61.90%', '7:56.00%', '8:71.80%', '9:60.10%']
                                          0msec<-
                                          ->0msec
                                                     -> Cluster 62, loss : 1.24, accuracy 62.27%, model from round 88
                                                     ['0:66.70%', '1:72.80%', '2:44.10%', '3:44.20%', '4:60.10%', '5:50.10%', '6:74.10%', '7:70.20%', '8:75.40%', '9:65.00%']
                                                                                              <-> Client 0, global : from 62.27% to 57.74%, local : from 74.40% to 100.00%, training time : 16200msec
                                                     Cluster 62, round 1, loss : 1.60, accuracy 57.74% <-
                                                     Time past : 16200msec
                                                     ['0:71.90%', '1:69.30%', '2:44.00%', '3:32.60%', '4:52.00%', '5:53.40%', '6:69.90%', '7:56.60%', '8:64.10%', '9:63.60%']
                                          0msec<-
                                          ->0msec
                                                     -> Cluster 38, loss : 1.24, accuracy 62.27%, model from round 88
                                                     ['0:66.70%', '1:72.80%', '2:44.10%', '3:44.20%', '4:60.10%', '5:50.10%', '6:74.10%', '7:70.20%', '8:75.40%', '9:65.00%']
                                                                                              <-> Client 0, global : from 62.27% to 58.57%, local : from 67.20% to 100.00%, training time : 8200msec
                                                     Cluster 38, round 1, loss : 1.41, accuracy 58.57% <-
                                                     Time past : 8200msec
                                                     ['0:73.10%', '1:59.30%', '2:48.70%', '3:30.00%', '4:48.20%', '5:56.10%', '6:69.60%', '7:67.50%', '8:63.30%', '9:69.90%']
                                          0msec<-
                                          ->0msec
                                                     -> Cluster 99, loss : 1.24, accuracy 62.27%, model from round 88
                                                     ['0:66.70%', '1:72.80%', '2:44.10%', '3:44.20%', '4:60.10%', '5:50.10%', '6:74.10%', '7:70.20%', '8:75.40%', '9:65.00%']
                                                                                              <-> Client 0, global : from 62.27% to 58.16%, local : from 74.00% to 100.00%, training time : 16200msec
                                                     Cluster 99, round 1, loss : 1.57, accuracy 58.16% <-
                                                     Time past : 16200msec
                                                     ['0:69.00%', '1:68.20%', '2:36.50%', '3:51.10%', '4:48.90%', '5:43.90%', '6:59.70%', '7:68.10%', '8:70.40%', '9:65.80%']
                                          0msec<-
                                          ->0msec
                                                     -> Cluster 16, loss : 1.24, accuracy 62.27%, model from round 88
                                                     ['0:66.70%', '1:72.80%', '2:44.10%', '3:44.20%', '4:60.10%', '5:50.10%', '6:74.10%', '7:70.20%', '8:75.40%', '9:65.00%']
                                                                                              <-> Client 0, global : from 62.27% to 58.00%, local : from 66.20% to 100.00%, training time : 8200msec
                                                     Cluster 16, round 1, loss : 1.44, accuracy 58.00% <-
                                                     Time past : 8200msec
                                                     ['0:66.80%', '1:64.70%', '2:41.10%', '3:44.00%', '4:45.70%', '5:57.80%', '6:63.30%', '7:58.00%', '8:72.90%', '9:65.70%']
                                          0msec<-
                                          ->0msec
                                                     -> Cluster 80, loss : 1.24, accuracy 62.27%, model from round 88
                                                     ['0:66.70%', '1:72.80%', '2:44.10%', '3:44.20%', '4:60.10%', '5:50.10%', '6:74.10%', '7:70.20%', '8:75.40%', '9:65.00%']
                                                                                              <-> Client 0, global : from 62.27% to 58.63%, local : from 75.40% to 100.00%, training time : 16200msec
                                                     Cluster 80, round 1, loss : 1.51, accuracy 58.63% <-
                                                     Time past : 16200msec
                                                     ['0:64.60%', '1:73.60%', '2:38.30%', '3:40.30%', '4:56.50%', '5:51.60%', '6:65.50%', '7:65.40%', '8:65.90%', '9:64.60%']
                                          0msec<-
Central server round 88, loss : 1.25, accuracy :62.41%
Time past: 1417600msec
['0:68.50%', '1:72.10%', '2:44.90%', '3:40.90%', '4:57.80%', '5:54.30%', '6:72.20%', '7:69.00%', '8:76.00%', '9:68.40%']
                                          ->0msec
                                                     -> Cluster 80, loss : 1.25, accuracy 62.41%, model from round 89
                                                     ['0:68.50%', '1:72.10%', '2:44.90%', '3:40.90%', '4:57.80%', '5:54.30%', '6:72.20%', '7:69.00%', '8:76.00%', '9:68.40%']
                                                                                              <-> Client 0, global : from 62.41% to 59.10%, local : from 81.60% to 100.00%, training time : 16200msec
                                                     Cluster 80, round 1, loss : 1.51, accuracy 59.10% <-
                                                     Time past : 16200msec
                                                     ['0:64.30%', '1:70.70%', '2:43.50%', '3:42.70%', '4:55.20%', '5:51.70%', '6:60.90%', '7:68.50%', '8:68.70%', '9:64.80%']
                                          0msec<-
                                          ->0msec
                                                     -> Cluster 21, loss : 1.25, accuracy 62.41%, model from round 89
                                                     ['0:68.50%', '1:72.10%', '2:44.90%', '3:40.90%', '4:57.80%', '5:54.30%', '6:72.20%', '7:69.00%', '8:76.00%', '9:68.40%']
                                                                                              <-> Client 0, global : from 62.41% to 57.97%, local : from 72.20% to 99.60%, training time : 8200msec
                                                     Cluster 21, round 1, loss : 1.49, accuracy 57.97% <-
                                                     Time past : 8200msec
                                                     ['0:75.90%', '1:51.90%', '2:41.80%', '3:41.70%', '4:45.60%', '5:49.50%', '6:68.20%', '7:65.10%', '8:68.40%', '9:71.60%']
                                          0msec<-
                                          ->0msec
                                                     -> Cluster 10, loss : 1.25, accuracy 62.41%, model from round 89
                                                     ['0:68.50%', '1:72.10%', '2:44.90%', '3:40.90%', '4:57.80%', '5:54.30%', '6:72.20%', '7:69.00%', '8:76.00%', '9:68.40%']
                                                                                              <-> Client 0, global : from 62.41% to 58.34%, local : from 67.00% to 100.00%, training time : 8200msec
                                                     Cluster 10, round 1, loss : 1.46, accuracy 58.34% <-
                                                     Time past : 8200msec
                                                     ['0:60.20%', '1:72.40%', '2:37.00%', '3:40.80%', '4:60.70%', '5:39.70%', '6:71.70%', '7:67.90%', '8:68.20%', '9:64.80%']
                                          0msec<-
                                          ->0msec
                                                     -> Cluster 86, loss : 1.25, accuracy 62.41%, model from round 89
                                                     ['0:68.50%', '1:72.10%', '2:44.90%', '3:40.90%', '4:57.80%', '5:54.30%', '6:72.20%', '7:69.00%', '8:76.00%', '9:68.40%']
                                                                                              <-> Client 0, global : from 62.41% to 56.55%, local : from 74.20% to 100.00%, training time : 16200msec
                                                     Cluster 86, round 1, loss : 1.63, accuracy 56.55% <-
                                                     Time past : 16200msec
                                                     ['0:57.20%', '1:66.50%', '2:52.60%', '3:29.20%', '4:44.50%', '5:51.40%', '6:61.50%', '7:63.30%', '8:70.60%', '9:68.70%']
                                          0msec<-
                                          ->0msec
                                                     -> Cluster 38, loss : 1.25, accuracy 62.41%, model from round 89
                                                     ['0:68.50%', '1:72.10%', '2:44.90%', '3:40.90%', '4:57.80%', '5:54.30%', '6:72.20%', '7:69.00%', '8:76.00%', '9:68.40%']
                                                                                              <-> Client 0, global : from 62.41% to 59.23%, local : from 73.80% to 100.00%, training time : 8200msec
                                                     Cluster 38, round 1, loss : 1.42, accuracy 59.23% <-
                                                     Time past : 8200msec
                                                     ['0:72.00%', '1:62.90%', '2:40.90%', '3:36.20%', '4:54.50%', '5:49.80%', '6:69.20%', '7:68.60%', '8:72.60%', '9:65.60%']
                                          0msec<-
                                          ->0msec
                                                     -> Cluster 65, loss : 1.25, accuracy 62.41%, model from round 89
                                                     ['0:68.50%', '1:72.10%', '2:44.90%', '3:40.90%', '4:57.80%', '5:54.30%', '6:72.20%', '7:69.00%', '8:76.00%', '9:68.40%']
                                                                                              <-> Client 0, global : from 62.41% to 57.74%, local : from 71.20% to 100.00%, training time : 16200msec
                                                     Cluster 65, round 1, loss : 1.56, accuracy 57.74% <-
                                                     Time past : 16200msec
                                                     ['0:56.90%', '1:70.90%', '2:45.60%', '3:34.90%', '4:48.70%', '5:49.20%', '6:75.80%', '7:67.00%', '8:70.30%', '9:58.10%']
                                          0msec<-
                                          ->0msec
                                                     -> Cluster 0, loss : 1.25, accuracy 62.41%, model from round 89
                                                     ['0:68.50%', '1:72.10%', '2:44.90%', '3:40.90%', '4:57.80%', '5:54.30%', '6:72.20%', '7:69.00%', '8:76.00%', '9:68.40%']
                                                                                              <-> Client 0, global : from 62.41% to 58.27%, local : from 68.60% to 100.00%, training time : 8200msec
                                                     Cluster 0, round 1, loss : 1.44, accuracy 58.27% <-
                                                     Time past : 8200msec
                                                     ['0:71.20%', '1:58.40%', '2:54.70%', '3:37.50%', '4:48.70%', '5:52.00%', '6:64.90%', '7:64.70%', '8:68.80%', '9:61.80%']
                                          0msec<-
                                          ->0msec
                                                     -> Cluster 63, loss : 1.25, accuracy 62.41%, model from round 89
                                                     ['0:68.50%', '1:72.10%', '2:44.90%', '3:40.90%', '4:57.80%', '5:54.30%', '6:72.20%', '7:69.00%', '8:76.00%', '9:68.40%']
                                                                                              <-> Client 0, global : from 62.41% to 57.34%, local : from 69.40% to 100.00%, training time : 16200msec
                                                     Cluster 63, round 1, loss : 1.59, accuracy 57.34% <-
                                                     Time past : 16200msec
                                                     ['0:50.70%', '1:67.80%', '2:52.10%', '3:29.90%', '4:52.20%', '5:46.50%', '6:71.90%', '7:64.00%', '8:74.50%', '9:63.80%']
                                          0msec<-
                                          ->0msec
                                                     -> Cluster 8, loss : 1.25, accuracy 62.41%, model from round 89
                                                     ['0:68.50%', '1:72.10%', '2:44.90%', '3:40.90%', '4:57.80%', '5:54.30%', '6:72.20%', '7:69.00%', '8:76.00%', '9:68.40%']
                                                                                              <-> Client 0, global : from 62.41% to 57.70%, local : from 73.40% to 99.80%, training time : 8200msec
                                                     Cluster 8, round 1, loss : 1.45, accuracy 57.70% <-
                                                     Time past : 8200msec
                                                     ['0:71.60%', '1:73.40%', '2:44.40%', '3:36.70%', '4:58.90%', '5:48.90%', '6:62.70%', '7:58.50%', '8:65.60%', '9:56.30%']
                                          0msec<-
                                          ->0msec
                                                     -> Cluster 46, loss : 1.25, accuracy 62.41%, model from round 89
                                                     ['0:68.50%', '1:72.10%', '2:44.90%', '3:40.90%', '4:57.80%', '5:54.30%', '6:72.20%', '7:69.00%', '8:76.00%', '9:68.40%']
                                                                                              <-> Client 0, global : from 62.41% to 57.31%, local : from 72.60% to 100.00%, training time : 8200msec
                                                     Cluster 46, round 1, loss : 1.46, accuracy 57.31% <-
                                                     Time past : 8200msec
                                                     ['0:69.60%', '1:77.90%', '2:34.80%', '3:36.20%', '4:48.50%', '5:50.10%', '6:67.10%', '7:65.40%', '8:66.90%', '9:56.60%']
                                          0msec<-
Central server round 89, loss : 1.25, accuracy :62.20%
Time past: 1433800msec
['0:68.30%', '1:72.10%', '2:44.90%', '3:38.40%', '4:59.30%', '5:51.60%', '6:74.80%', '7:69.00%', '8:76.00%', '9:67.60%']
                                          ->0msec
                                                     -> Cluster 39, loss : 1.25, accuracy 62.20%, model from round 90
                                                     ['0:68.30%', '1:72.10%', '2:44.90%', '3:38.40%', '4:59.30%', '5:51.60%', '6:74.80%', '7:69.00%', '8:76.00%', '9:67.60%']
                                                                                              <-> Client 0, global : from 62.20% to 57.80%, local : from 74.00% to 100.00%, training time : 8200msec
                                                     Cluster 39, round 1, loss : 1.47, accuracy 57.80% <-
                                                     Time past : 8200msec
                                                     ['0:57.60%', '1:68.20%', '2:47.60%', '3:28.70%', '4:58.60%', '5:45.00%', '6:70.20%', '7:70.30%', '8:69.50%', '9:62.30%']
                                          0msec<-
                                          ->0msec
                                                     -> Cluster 61, loss : 1.25, accuracy 62.20%, model from round 90
                                                     ['0:68.30%', '1:72.10%', '2:44.90%', '3:38.40%', '4:59.30%', '5:51.60%', '6:74.80%', '7:69.00%', '8:76.00%', '9:67.60%']
                                                                                              <-> Client 0, global : from 62.20% to 58.51%, local : from 75.00% to 100.00%, training time : 16200msec
                                                     Cluster 61, round 1, loss : 1.53, accuracy 58.51% <-
                                                     Time past : 16200msec
                                                     ['0:67.50%', '1:67.70%', '2:43.20%', '3:43.50%', '4:48.30%', '5:44.20%', '6:69.20%', '7:69.20%', '8:66.60%', '9:65.70%']
                                          0msec<-
                                          ->0msec
                                                     -> Cluster 94, loss : 1.25, accuracy 62.20%, model from round 90
                                                     ['0:68.30%', '1:72.10%', '2:44.90%', '3:38.40%', '4:59.30%', '5:51.60%', '6:74.80%', '7:69.00%', '8:76.00%', '9:67.60%']
                                                                                              <-> Client 0, global : from 62.20% to 58.49%, local : from 77.80% to 100.00%, training time : 16200msec
                                                     Cluster 94, round 1, loss : 1.55, accuracy 58.49% <-
                                                     Time past : 16200msec
                                                     ['0:64.60%', '1:73.60%', '2:45.00%', '3:38.70%', '4:62.80%', '5:41.30%', '6:63.60%', '7:59.80%', '8:74.20%', '9:61.30%']
                                          0msec<-
                                          ->0msec
                                                     -> Cluster 81, loss : 1.25, accuracy 62.20%, model from round 90
                                                     ['0:68.30%', '1:72.10%', '2:44.90%', '3:38.40%', '4:59.30%', '5:51.60%', '6:74.80%', '7:69.00%', '8:76.00%', '9:67.60%']
                                                                                              <-> Client 0, global : from 62.20% to 58.77%, local : from 74.60% to 100.00%, training time : 16200msec
                                                     Cluster 81, round 1, loss : 1.52, accuracy 58.77% <-
                                                     Time past : 16200msec
                                                     ['0:59.70%', '1:69.50%', '2:45.20%', '3:41.60%', '4:52.00%', '5:50.70%', '6:67.50%', '7:60.30%', '8:74.80%', '9:66.40%']
                                          0msec<-
                                          ->0msec
                                                     -> Cluster 33, loss : 1.25, accuracy 62.20%, model from round 90
                                                     ['0:68.30%', '1:72.10%', '2:44.90%', '3:38.40%', '4:59.30%', '5:51.60%', '6:74.80%', '7:69.00%', '8:76.00%', '9:67.60%']
                                                                                              <-> Client 0, global : from 62.20% to 58.00%, local : from 72.40% to 99.80%, training time : 8200msec
                                                     Cluster 33, round 1, loss : 1.42, accuracy 58.00% <-
                                                     Time past : 8200msec
                                                     ['0:69.80%', '1:65.70%', '2:44.30%', '3:42.50%', '4:51.60%', '5:42.90%', '6:73.80%', '7:60.50%', '8:63.80%', '9:65.10%']
                                          0msec<-
                                          ->0msec
                                                     -> Cluster 60, loss : 1.25, accuracy 62.20%, model from round 90
                                                     ['0:68.30%', '1:72.10%', '2:44.90%', '3:38.40%', '4:59.30%', '5:51.60%', '6:74.80%', '7:69.00%', '8:76.00%', '9:67.60%']
                                                                                              <-> Client 0, global : from 62.20% to 56.43%, local : from 70.60% to 100.00%, training time : 16200msec
                                                     Cluster 60, round 1, loss : 1.62, accuracy 56.43% <-
                                                     Time past : 16200msec
                                                     ['0:63.50%', '1:60.30%', '2:42.30%', '3:46.60%', '4:52.40%', '5:41.70%', '6:64.50%', '7:57.80%', '8:69.70%', '9:65.50%']
                                          0msec<-
                                          ->0msec
                                                     -> Cluster 95, loss : 1.25, accuracy 62.20%, model from round 90
                                                     ['0:68.30%', '1:72.10%', '2:44.90%', '3:38.40%', '4:59.30%', '5:51.60%', '6:74.80%', '7:69.00%', '8:76.00%', '9:67.60%']
                                                                                              <-> Client 0, global : from 62.20% to 57.98%, local : from 69.00% to 100.00%, training time : 16200msec
                                                     Cluster 95, round 1, loss : 1.55, accuracy 57.98% <-
                                                     Time past : 16200msec
                                                     ['0:67.90%', '1:73.60%', '2:45.80%', '3:44.00%', '4:44.20%', '5:47.30%', '6:71.60%', '7:61.90%', '8:66.90%', '9:56.60%']
                                          0msec<-
                                          ->0msec
                                                     -> Cluster 32, loss : 1.25, accuracy 62.20%, model from round 90
                                                     ['0:68.30%', '1:72.10%', '2:44.90%', '3:38.40%', '4:59.30%', '5:51.60%', '6:74.80%', '7:69.00%', '8:76.00%', '9:67.60%']
                                                                                              <-> Client 0, global : from 62.20% to 58.25%, local : from 67.80% to 100.00%, training time : 8200msec
                                                     Cluster 32, round 1, loss : 1.42, accuracy 58.25% <-
                                                     Time past : 8200msec
                                                     ['0:65.90%', '1:65.00%', '2:36.90%', '3:39.50%', '4:48.70%', '5:48.60%', '6:67.10%', '7:66.00%', '8:75.90%', '9:68.90%']
                                          0msec<-
                                          ->0msec
                                                     -> Cluster 26, loss : 1.25, accuracy 62.20%, model from round 90
                                                     ['0:68.30%', '1:72.10%', '2:44.90%', '3:38.40%', '4:59.30%', '5:51.60%', '6:74.80%', '7:69.00%', '8:76.00%', '9:67.60%']
                                                                                              <-> Client 0, global : from 62.20% to 58.58%, local : from 69.00% to 99.60%, training time : 8200msec
                                                     Cluster 26, round 1, loss : 1.42, accuracy 58.58% <-
                                                     Time past : 8200msec
                                                     ['0:72.00%', '1:75.10%', '2:36.20%', '3:34.60%', '4:60.20%', '5:55.10%', '6:66.60%', '7:63.30%', '8:68.70%', '9:54.00%']
                                          0msec<-
                                          ->0msec
                                                     -> Cluster 45, loss : 1.25, accuracy 62.20%, model from round 90
                                                     ['0:68.30%', '1:72.10%', '2:44.90%', '3:38.40%', '4:59.30%', '5:51.60%', '6:74.80%', '7:69.00%', '8:76.00%', '9:67.60%']
                                                                                              <-> Client 0, global : from 62.20% to 56.59%, local : from 64.60% to 99.80%, training time : 8200msec
                                                     Cluster 45, round 1, loss : 1.46, accuracy 56.59% <-
                                                     Time past : 8200msec
                                                     ['0:64.00%', '1:54.50%', '2:52.30%', '3:47.00%', '4:46.70%', '5:48.50%', '6:69.80%', '7:57.10%', '8:66.20%', '9:59.80%']
                                          0msec<-
Central server round 90, loss : 1.24, accuracy :62.52%
Time past: 1450000msec
['0:67.70%', '1:72.60%', '2:47.50%', '3:41.70%', '4:58.40%', '5:49.10%', '6:77.20%', '7:68.40%', '8:75.70%', '9:66.90%']
                                          ->0msec
                                                     -> Cluster 78, loss : 1.24, accuracy 62.52%, model from round 91
                                                     ['0:67.70%', '1:72.60%', '2:47.50%', '3:41.70%', '4:58.40%', '5:49.10%', '6:77.20%', '7:68.40%', '8:75.70%', '9:66.90%']
                                                                                              <-> Client 0, global : from 62.52% to 57.46%, local : from 67.00% to 100.00%, training time : 16200msec
                                                     Cluster 78, round 1, loss : 1.57, accuracy 57.46% <-
                                                     Time past : 16200msec
                                                     ['0:56.60%', '1:67.00%', '2:49.00%', '3:35.40%', '4:47.80%', '5:54.40%', '6:62.90%', '7:61.80%', '8:74.30%', '9:65.40%']
                                          0msec<-
                                          ->0msec
                                                     -> Cluster 51, loss : 1.24, accuracy 62.52%, model from round 91
                                                     ['0:67.70%', '1:72.60%', '2:47.50%', '3:41.70%', '4:58.40%', '5:49.10%', '6:77.20%', '7:68.40%', '8:75.70%', '9:66.90%']
                                                                                              <-> Client 0, global : from 62.52% to 57.61%, local : from 67.60% to 100.00%, training time : 16200msec
                                                     Cluster 51, round 1, loss : 1.57, accuracy 57.61% <-
                                                     Time past : 16200msec
                                                     ['0:63.30%', '1:61.90%', '2:39.30%', '3:37.20%', '4:55.80%', '5:46.10%', '6:71.40%', '7:62.40%', '8:71.70%', '9:67.00%']
                                          0msec<-
                                          ->0msec
                                                     -> Cluster 30, loss : 1.24, accuracy 62.52%, model from round 91
                                                     ['0:67.70%', '1:72.60%', '2:47.50%', '3:41.70%', '4:58.40%', '5:49.10%', '6:77.20%', '7:68.40%', '8:75.70%', '9:66.90%']
                                                                                              <-> Client 0, global : from 62.52% to 58.40%, local : from 69.20% to 100.00%, training time : 8200msec
                                                     Cluster 30, round 1, loss : 1.44, accuracy 58.40% <-
                                                     Time past : 8200msec
                                                     ['0:57.10%', '1:81.50%', '2:40.30%', '3:40.20%', '4:50.80%', '5:48.40%', '6:74.10%', '7:63.90%', '8:72.30%', '9:55.40%']
                                          0msec<-
                                          ->0msec
                                                     -> Cluster 49, loss : 1.24, accuracy 62.52%, model from round 91
                                                     ['0:67.70%', '1:72.60%', '2:47.50%', '3:41.70%', '4:58.40%', '5:49.10%', '6:77.20%', '7:68.40%', '8:75.70%', '9:66.90%']
                                                                                              <-> Client 0, global : from 62.52% to 58.35%, local : from 73.40% to 100.00%, training time : 8200msec
                                                     Cluster 49, round 1, loss : 1.42, accuracy 58.35% <-
                                                     Time past : 8200msec
                                                     ['0:61.50%', '1:66.10%', '2:49.00%', '3:41.30%', '4:52.40%', '5:49.70%', '6:65.60%', '7:54.70%', '8:73.90%', '9:69.30%']
                                          0msec<-
                                          ->0msec
                                                     -> Cluster 23, loss : 1.24, accuracy 62.52%, model from round 91
                                                     ['0:67.70%', '1:72.60%', '2:47.50%', '3:41.70%', '4:58.40%', '5:49.10%', '6:77.20%', '7:68.40%', '8:75.70%', '9:66.90%']
                                                                                              <-> Client 0, global : from 62.52% to 58.46%, local : from 72.00% to 99.80%, training time : 8200msec
                                                     Cluster 23, round 1, loss : 1.51, accuracy 58.46% <-
                                                     Time past : 8200msec
                                                     ['0:68.50%', '1:74.30%', '2:37.40%', '3:38.20%', '4:52.70%', '5:51.20%', '6:69.10%', '7:65.40%', '8:70.60%', '9:57.20%']
                                          0msec<-
                                          ->0msec
                                                     -> Cluster 40, loss : 1.24, accuracy 62.52%, model from round 91
                                                     ['0:67.70%', '1:72.60%', '2:47.50%', '3:41.70%', '4:58.40%', '5:49.10%', '6:77.20%', '7:68.40%', '8:75.70%', '9:66.90%']
                                                                                              <-> Client 0, global : from 62.52% to 57.87%, local : from 77.60% to 100.00%, training time : 8200msec
                                                     Cluster 40, round 1, loss : 1.49, accuracy 57.87% <-
                                                     Time past : 8200msec
                                                     ['0:62.10%', '1:73.60%', '2:47.90%', '3:31.10%', '4:47.00%', '5:55.30%', '6:63.80%', '7:69.00%', '8:73.90%', '9:55.00%']
                                          0msec<-
                                          ->0msec
                                                     -> Cluster 12, loss : 1.24, accuracy 62.52%, model from round 91
                                                     ['0:67.70%', '1:72.60%', '2:47.50%', '3:41.70%', '4:58.40%', '5:49.10%', '6:77.20%', '7:68.40%', '8:75.70%', '9:66.90%']
                                                                                              <-> Client 0, global : from 62.52% to 57.59%, local : from 67.80% to 100.00%, training time : 8200msec
                                                     Cluster 12, round 1, loss : 1.47, accuracy 57.59% <-
                                                     Time past : 8200msec
                                                     ['0:73.70%', '1:66.00%', '2:33.20%', '3:47.40%', '4:54.50%', '5:42.30%', '6:69.00%', '7:58.20%', '8:68.00%', '9:63.60%']
                                          0msec<-
                                          ->0msec
                                                     -> Cluster 83, loss : 1.24, accuracy 62.52%, model from round 91
                                                     ['0:67.70%', '1:72.60%', '2:47.50%', '3:41.70%', '4:58.40%', '5:49.10%', '6:77.20%', '7:68.40%', '8:75.70%', '9:66.90%']
                                                                                              <-> Client 0, global : from 62.52% to 58.80%, local : from 69.80% to 100.00%, training time : 16200msec
                                                     Cluster 83, round 1, loss : 1.53, accuracy 58.80% <-
                                                     Time past : 16200msec
                                                     ['0:67.30%', '1:67.30%', '2:40.80%', '3:42.50%', '4:52.60%', '5:48.40%', '6:69.10%', '7:62.60%', '8:63.50%', '9:73.90%']
                                          0msec<-
                                          ->0msec
                                                     -> Cluster 22, loss : 1.24, accuracy 62.52%, model from round 91
                                                     ['0:67.70%', '1:72.60%', '2:47.50%', '3:41.70%', '4:58.40%', '5:49.10%', '6:77.20%', '7:68.40%', '8:75.70%', '9:66.90%']
                                                                                              <-> Client 0, global : from 62.52% to 59.02%, local : from 78.80% to 100.00%, training time : 8200msec
                                                     Cluster 22, round 1, loss : 1.44, accuracy 59.02% <-
                                                     Time past : 8200msec
                                                     ['0:65.10%', '1:65.80%', '2:42.50%', '3:34.70%', '4:52.10%', '5:45.20%', '6:76.10%', '7:72.00%', '8:75.30%', '9:61.40%']
                                          0msec<-
                                          ->0msec
                                                     -> Cluster 64, loss : 1.24, accuracy 62.52%, model from round 91
                                                     ['0:67.70%', '1:72.60%', '2:47.50%', '3:41.70%', '4:58.40%', '5:49.10%', '6:77.20%', '7:68.40%', '8:75.70%', '9:66.90%']
                                                                                              <-> Client 0, global : from 62.52% to 58.85%, local : from 75.40% to 100.00%, training time : 16200msec
                                                     Cluster 64, round 1, loss : 1.53, accuracy 58.85% <-
                                                     Time past : 16200msec
                                                     ['0:63.90%', '1:74.70%', '2:41.90%', '3:35.60%', '4:65.10%', '5:48.70%', '6:65.90%', '7:63.50%', '8:69.60%', '9:59.60%']
                                          0msec<-
Central server round 91, loss : 1.24, accuracy :62.52%
Time past: 1466200msec
['0:69.10%', '1:75.40%', '2:44.50%', '3:40.80%', '4:59.50%', '5:52.00%', '6:75.30%', '7:67.20%', '8:75.40%', '9:66.00%']
                                          ->0msec
                                                     -> Cluster 46, loss : 1.24, accuracy 62.52%, model from round 92
                                                     ['0:69.10%', '1:75.40%', '2:44.50%', '3:40.80%', '4:59.50%', '5:52.00%', '6:75.30%', '7:67.20%', '8:75.40%', '9:66.00%']
                                                                                              <-> Client 0, global : from 62.52% to 57.59%, local : from 73.00% to 100.00%, training time : 8200msec
                                                     Cluster 46, round 1, loss : 1.45, accuracy 57.59% <-
                                                     Time past : 8200msec
                                                     ['0:61.90%', '1:77.80%', '2:44.70%', '3:50.30%', '4:49.80%', '5:39.50%', '6:65.90%', '7:59.10%', '8:74.40%', '9:52.50%']
                                          0msec<-
                                          ->0msec
                                                     -> Cluster 92, loss : 1.24, accuracy 62.52%, model from round 92
                                                     ['0:69.10%', '1:75.40%', '2:44.50%', '3:40.80%', '4:59.50%', '5:52.00%', '6:75.30%', '7:67.20%', '8:75.40%', '9:66.00%']
                                                                                              <-> Client 0, global : from 62.52% to 57.71%, local : from 66.80% to 100.00%, training time : 16200msec
                                                     Cluster 92, round 1, loss : 1.52, accuracy 57.71% <-
                                                     Time past : 16200msec
                                                     ['0:62.50%', '1:70.30%', '2:49.10%', '3:40.60%', '4:44.90%', '5:49.40%', '6:64.10%', '7:62.60%', '8:72.40%', '9:61.20%']
                                          0msec<-
                                          ->0msec
                                                     -> Cluster 50, loss : 1.24, accuracy 62.52%, model from round 92
                                                     ['0:69.10%', '1:75.40%', '2:44.50%', '3:40.80%', '4:59.50%', '5:52.00%', '6:75.30%', '7:67.20%', '8:75.40%', '9:66.00%']
                                                                                              <-> Client 0, global : from 62.52% to 59.01%, local : from 80.20% to 100.00%, training time : 16200msec
                                                     Cluster 50, round 1, loss : 1.60, accuracy 59.01% <-
                                                     Time past : 16200msec
                                                     ['0:70.00%', '1:67.40%', '2:39.50%', '3:52.60%', '4:51.80%', '5:47.50%', '6:57.70%', '7:64.70%', '8:69.60%', '9:69.30%']
                                          0msec<-
                                          ->0msec
                                                     -> Cluster 34, loss : 1.24, accuracy 62.52%, model from round 92
                                                     ['0:69.10%', '1:75.40%', '2:44.50%', '3:40.80%', '4:59.50%', '5:52.00%', '6:75.30%', '7:67.20%', '8:75.40%', '9:66.00%']
                                                                                              <-> Client 0, global : from 62.52% to 58.21%, local : from 70.60% to 100.00%, training time : 8200msec
                                                     Cluster 34, round 1, loss : 1.43, accuracy 58.21% <-
                                                     Time past : 8200msec
                                                     ['0:60.20%', '1:64.90%', '2:44.90%', '3:37.00%', '4:49.00%', '5:48.30%', '6:74.10%', '7:62.30%', '8:76.10%', '9:65.30%']
                                          0msec<-
                                          ->0msec
                                                     -> Cluster 67, loss : 1.24, accuracy 62.52%, model from round 92
                                                     ['0:69.10%', '1:75.40%', '2:44.50%', '3:40.80%', '4:59.50%', '5:52.00%', '6:75.30%', '7:67.20%', '8:75.40%', '9:66.00%']
                                                                                              <-> Client 0, global : from 62.52% to 58.81%, local : from 76.00% to 100.00%, training time : 16200msec
                                                     Cluster 67, round 1, loss : 1.48, accuracy 58.81% <-
                                                     Time past : 16200msec
                                                     ['0:70.70%', '1:68.50%', '2:42.10%', '3:41.20%', '4:49.40%', '5:51.30%', '6:71.30%', '7:68.00%', '8:66.70%', '9:58.90%']
                                          0msec<-
                                          ->0msec
                                                     -> Cluster 28, loss : 1.24, accuracy 62.52%, model from round 92
                                                     ['0:69.10%', '1:75.40%', '2:44.50%', '3:40.80%', '4:59.50%', '5:52.00%', '6:75.30%', '7:67.20%', '8:75.40%', '9:66.00%']
                                                                                              <-> Client 0, global : from 62.52% to 57.63%, local : from 62.80% to 100.00%, training time : 8200msec
                                                     Cluster 28, round 1, loss : 1.41, accuracy 57.63% <-
                                                     Time past : 8200msec
                                                     ['0:66.20%', '1:71.80%', '2:37.50%', '3:49.80%', '4:43.20%', '5:41.80%', '6:73.90%', '7:61.70%', '8:73.60%', '9:56.80%']
                                          0msec<-
                                          ->0msec
                                                     -> Cluster 17, loss : 1.24, accuracy 62.52%, model from round 92
                                                     ['0:69.10%', '1:75.40%', '2:44.50%', '3:40.80%', '4:59.50%', '5:52.00%', '6:75.30%', '7:67.20%', '8:75.40%', '9:66.00%']
                                                                                              <-> Client 0, global : from 62.52% to 57.48%, local : from 64.60% to 99.80%, training time : 8200msec
                                                     Cluster 17, round 1, loss : 1.48, accuracy 57.48% <-
                                                     Time past : 8200msec
                                                     ['0:53.90%', '1:62.00%', '2:50.80%', '3:37.50%', '4:59.10%', '5:39.40%', '6:66.70%', '7:71.00%', '8:67.20%', '9:67.20%']
                                          0msec<-
                                          ->0msec
                                                     -> Cluster 29, loss : 1.24, accuracy 62.52%, model from round 92
                                                     ['0:69.10%', '1:75.40%', '2:44.50%', '3:40.80%', '4:59.50%', '5:52.00%', '6:75.30%', '7:67.20%', '8:75.40%', '9:66.00%']
                                                                                              <-> Client 0, global : from 62.52% to 56.30%, local : from 67.40% to 98.20%, training time : 8200msec
                                                     Cluster 29, round 1, loss : 1.55, accuracy 56.30% <-
                                                     Time past : 8200msec
                                                     ['0:77.10%', '1:66.30%', '2:45.90%', '3:39.30%', '4:44.80%', '5:46.70%', '6:72.60%', '7:55.90%', '8:75.30%', '9:39.10%']
                                          0msec<-
                                          ->0msec
                                                     -> Cluster 25, loss : 1.24, accuracy 62.52%, model from round 92
                                                     ['0:69.10%', '1:75.40%', '2:44.50%', '3:40.80%', '4:59.50%', '5:52.00%', '6:75.30%', '7:67.20%', '8:75.40%', '9:66.00%']
                                                                                              <-> Client 0, global : from 62.52% to 57.53%, local : from 76.60% to 99.80%, training time : 8200msec
                                                     Cluster 25, round 1, loss : 1.52, accuracy 57.53% <-
                                                     Time past : 8200msec
                                                     ['0:56.50%', '1:71.30%', '2:34.50%', '3:44.00%', '4:44.70%', '5:39.50%', '6:82.40%', '7:69.60%', '8:72.60%', '9:60.20%']
                                          0msec<-
                                          ->0msec
                                                     -> Cluster 98, loss : 1.24, accuracy 62.52%, model from round 92
                                                     ['0:69.10%', '1:75.40%', '2:44.50%', '3:40.80%', '4:59.50%', '5:52.00%', '6:75.30%', '7:67.20%', '8:75.40%', '9:66.00%']
                                                                                              <-> Client 0, global : from 62.52% to 57.88%, local : from 68.40% to 100.00%, training time : 16200msec
                                                     Cluster 98, round 1, loss : 1.54, accuracy 57.88% <-
                                                     Time past : 16200msec
                                                     ['0:53.10%', '1:66.00%', '2:33.90%', '3:53.60%', '4:52.60%', '5:40.10%', '6:69.10%', '7:70.50%', '8:71.90%', '9:68.00%']
                                          0msec<-
Central server round 92, loss : 1.23, accuracy :62.43%
Time past: 1482400msec
['0:67.70%', '1:72.70%', '2:45.50%', '3:47.90%', '4:53.60%', '5:46.50%', '6:78.50%', '7:69.40%', '8:78.00%', '9:64.50%']
                                          ->0msec
                                                     -> Cluster 50, loss : 1.23, accuracy 62.43%, model from round 93
                                                     ['0:67.70%', '1:72.70%', '2:45.50%', '3:47.90%', '4:53.60%', '5:46.50%', '6:78.50%', '7:69.40%', '8:78.00%', '9:64.50%']
                                                                                              <-> Client 0, global : from 62.43% to 59.20%, local : from 85.20% to 100.00%, training time : 16200msec
                                                     Cluster 50, round 1, loss : 1.60, accuracy 59.20% <-
                                                     Time past : 16200msec
                                                     ['0:68.90%', '1:67.30%', '2:39.40%', '3:45.00%', '4:55.30%', '5:49.60%', '6:61.60%', '7:64.00%', '8:71.40%', '9:69.50%']
                                          0msec<-
                                          ->0msec
                                                     -> Cluster 7, loss : 1.23, accuracy 62.43%, model from round 93
                                                     ['0:67.70%', '1:72.70%', '2:45.50%', '3:47.90%', '4:53.60%', '5:46.50%', '6:78.50%', '7:69.40%', '8:78.00%', '9:64.50%']
                                                                                              <-> Client 0, global : from 62.43% to 58.09%, local : from 67.60% to 100.00%, training time : 8200msec
                                                     Cluster 7, round 1, loss : 1.40, accuracy 58.09% <-
                                                     Time past : 8200msec
                                                     ['0:57.00%', '1:71.20%', '2:52.30%', '3:35.20%', '4:40.60%', '5:54.90%', '6:66.70%', '7:64.20%', '8:80.40%', '9:58.40%']
                                          0msec<-
                                          ->0msec
                                                     -> Cluster 82, loss : 1.23, accuracy 62.43%, model from round 93
                                                     ['0:67.70%', '1:72.70%', '2:45.50%', '3:47.90%', '4:53.60%', '5:46.50%', '6:78.50%', '7:69.40%', '8:78.00%', '9:64.50%']
                                                                                              <-> Client 0, global : from 62.43% to 58.55%, local : from 69.80% to 100.00%, training time : 16200msec
                                                     Cluster 82, round 1, loss : 1.58, accuracy 58.55% <-
                                                     Time past : 16200msec
                                                     ['0:62.50%', '1:58.90%', '2:39.60%', '3:37.40%', '4:53.60%', '5:52.60%', '6:70.20%', '7:64.20%', '8:75.80%', '9:70.70%']
                                          0msec<-
                                          ->0msec
                                                     -> Cluster 71, loss : 1.23, accuracy 62.43%, model from round 93
                                                     ['0:67.70%', '1:72.70%', '2:45.50%', '3:47.90%', '4:53.60%', '5:46.50%', '6:78.50%', '7:69.40%', '8:78.00%', '9:64.50%']
                                                                                              <-> Client 0, global : from 62.43% to 58.71%, local : from 72.00% to 100.00%, training time : 16200msec
                                                     Cluster 71, round 1, loss : 1.54, accuracy 58.71% <-
                                                     Time past : 16200msec
                                                     ['0:73.40%', '1:68.70%', '2:37.80%', '3:44.10%', '4:51.20%', '5:48.50%', '6:74.10%', '7:62.60%', '8:64.00%', '9:62.70%']
                                          0msec<-
                                          ->0msec
                                                     -> Cluster 91, loss : 1.23, accuracy 62.43%, model from round 93
                                                     ['0:67.70%', '1:72.70%', '2:45.50%', '3:47.90%', '4:53.60%', '5:46.50%', '6:78.50%', '7:69.40%', '8:78.00%', '9:64.50%']
                                                                                              <-> Client 0, global : from 62.43% to 57.71%, local : from 62.60% to 100.00%, training time : 16200msec
                                                     Cluster 91, round 1, loss : 1.49, accuracy 57.71% <-
                                                     Time past : 16200msec
                                                     ['0:61.00%', '1:68.50%', '2:47.10%', '3:39.20%', '4:42.00%', '5:53.10%', '6:69.40%', '7:63.70%', '8:74.00%', '9:59.10%']
                                          0msec<-
                                          ->0msec
                                                     -> Cluster 20, loss : 1.23, accuracy 62.43%, model from round 93
                                                     ['0:67.70%', '1:72.70%', '2:45.50%', '3:47.90%', '4:53.60%', '5:46.50%', '6:78.50%', '7:69.40%', '8:78.00%', '9:64.50%']
                                                                                              <-> Client 0, global : from 62.43% to 57.19%, local : from 65.40% to 99.80%, training time : 8200msec
                                                     Cluster 20, round 1, loss : 1.44, accuracy 57.19% <-
                                                     Time past : 8200msec
                                                     ['0:54.40%', '1:75.10%', '2:34.10%', '3:40.20%', '4:59.10%', '5:43.40%', '6:71.00%', '7:59.70%', '8:74.30%', '9:60.60%']
                                          0msec<-
                                          ->0msec
                                                     -> Cluster 2, loss : 1.23, accuracy 62.43%, model from round 93
                                                     ['0:67.70%', '1:72.70%', '2:45.50%', '3:47.90%', '4:53.60%', '5:46.50%', '6:78.50%', '7:69.40%', '8:78.00%', '9:64.50%']
                                                                                              <-> Client 0, global : from 62.43% to 57.17%, local : from 68.80% to 100.00%, training time : 8200msec
                                                     Cluster 2, round 1, loss : 1.46, accuracy 57.17% <-
                                                     Time past : 8200msec
                                                     ['0:59.80%', '1:70.40%', '2:55.10%', '3:43.00%', '4:42.80%', '5:44.40%', '6:68.50%', '7:56.60%', '8:67.40%', '9:63.70%']
                                          0msec<-
                                          ->0msec
                                                     -> Cluster 24, loss : 1.23, accuracy 62.43%, model from round 93
                                                     ['0:67.70%', '1:72.70%', '2:45.50%', '3:47.90%', '4:53.60%', '5:46.50%', '6:78.50%', '7:69.40%', '8:78.00%', '9:64.50%']
                                                                                              <-> Client 0, global : from 62.43% to 57.62%, local : from 68.40% to 99.80%, training time : 8200msec
                                                     Cluster 24, round 1, loss : 1.41, accuracy 57.62% <-
                                                     Time past : 8200msec
                                                     ['0:67.40%', '1:76.10%', '2:43.20%', '3:50.50%', '4:43.20%', '5:36.50%', '6:66.10%', '7:70.60%', '8:64.10%', '9:58.50%']
                                          0msec<-
                                          ->0msec
                                                     -> Cluster 72, loss : 1.23, accuracy 62.43%, model from round 93
                                                     ['0:67.70%', '1:72.70%', '2:45.50%', '3:47.90%', '4:53.60%', '5:46.50%', '6:78.50%', '7:69.40%', '8:78.00%', '9:64.50%']
                                                                                              <-> Client 0, global : from 62.43% to 58.24%, local : from 62.80% to 100.00%, training time : 16200msec
                                                     Cluster 72, round 1, loss : 1.52, accuracy 58.24% <-
                                                     Time past : 16200msec
                                                     ['0:65.00%', '1:67.90%', '2:44.20%', '3:29.60%', '4:49.90%', '5:48.30%', '6:74.70%', '7:64.30%', '8:69.80%', '9:68.70%']
                                          0msec<-
                                          ->0msec
                                                     -> Cluster 87, loss : 1.23, accuracy 62.43%, model from round 93
                                                     ['0:67.70%', '1:72.70%', '2:45.50%', '3:47.90%', '4:53.60%', '5:46.50%', '6:78.50%', '7:69.40%', '8:78.00%', '9:64.50%']
                                                                                              <-> Client 0, global : from 62.43% to 58.50%, local : from 74.00% to 100.00%, training time : 16200msec
                                                     Cluster 87, round 1, loss : 1.56, accuracy 58.50% <-
                                                     Time past : 16200msec
                                                     ['0:60.70%', '1:63.30%', '2:43.10%', '3:40.60%', '4:54.10%', '5:46.30%', '6:67.80%', '7:70.30%', '8:76.90%', '9:61.90%']
                                          0msec<-
Central server round 93, loss : 1.24, accuracy :62.54%
Time past: 1498600msec
['0:68.10%', '1:72.10%', '2:44.50%', '3:42.40%', '4:57.20%', '5:51.10%', '6:76.10%', '7:70.00%', '8:77.30%', '9:66.60%']
                                          ->0msec
                                                     -> Cluster 55, loss : 1.24, accuracy 62.54%, model from round 94
                                                     ['0:68.10%', '1:72.10%', '2:44.50%', '3:42.40%', '4:57.20%', '5:51.10%', '6:76.10%', '7:70.00%', '8:77.30%', '9:66.60%']
                                                                                              <-> Client 0, global : from 62.54% to 59.15%, local : from 81.60% to 100.00%, training time : 16200msec
                                                     Cluster 55, round 1, loss : 1.59, accuracy 59.15% <-
                                                     Time past : 16200msec
                                                     ['0:66.50%', '1:67.50%', '2:44.10%', '3:32.20%', '4:56.10%', '5:55.80%', '6:62.70%', '7:64.70%', '8:75.60%', '9:66.30%']
                                          0msec<-
                                          ->0msec
                                                     -> Cluster 18, loss : 1.24, accuracy 62.54%, model from round 94
                                                     ['0:68.10%', '1:72.10%', '2:44.50%', '3:42.40%', '4:57.20%', '5:51.10%', '6:76.10%', '7:70.00%', '8:77.30%', '9:66.60%']
                                                                                              <-> Client 0, global : from 62.54% to 59.02%, local : from 77.20% to 100.00%, training time : 8200msec
                                                     Cluster 18, round 1, loss : 1.47, accuracy 59.02% <-
                                                     Time past : 8200msec
                                                     ['0:67.60%', '1:76.50%', '2:45.20%', '3:38.60%', '4:44.30%', '5:43.70%', '6:73.60%', '7:69.60%', '8:79.10%', '9:52.00%']
                                          0msec<-
                                          ->0msec
                                                     -> Cluster 20, loss : 1.24, accuracy 62.54%, model from round 94
                                                     ['0:68.10%', '1:72.10%', '2:44.50%', '3:42.40%', '4:57.20%', '5:51.10%', '6:76.10%', '7:70.00%', '8:77.30%', '9:66.60%']
                                                                                              <-> Client 0, global : from 62.54% to 57.10%, local : from 72.00% to 99.80%, training time : 8200msec
                                                     Cluster 20, round 1, loss : 1.46, accuracy 57.10% <-
                                                     Time past : 8200msec
                                                     ['0:56.20%', '1:66.00%', '2:40.20%', '3:39.60%', '4:49.40%', '5:51.10%', '6:71.90%', '7:52.70%', '8:73.90%', '9:70.00%']
                                          0msec<-
                                          ->0msec
                                                     -> Cluster 27, loss : 1.24, accuracy 62.54%, model from round 94
                                                     ['0:68.10%', '1:72.10%', '2:44.50%', '3:42.40%', '4:57.20%', '5:51.10%', '6:76.10%', '7:70.00%', '8:77.30%', '9:66.60%']
                                                                                              <-> Client 0, global : from 62.54% to 57.75%, local : from 72.00% to 100.00%, training time : 8200msec
                                                     Cluster 27, round 1, loss : 1.42, accuracy 57.75% <-
                                                     Time past : 8200msec
                                                     ['0:61.80%', '1:67.40%', '2:48.80%', '3:37.10%', '4:42.20%', '5:53.40%', '6:74.40%', '7:56.70%', '8:68.30%', '9:67.40%']
                                          0msec<-
                                          ->0msec
                                                     -> Cluster 88, loss : 1.24, accuracy 62.54%, model from round 94
                                                     ['0:68.10%', '1:72.10%', '2:44.50%', '3:42.40%', '4:57.20%', '5:51.10%', '6:76.10%', '7:70.00%', '8:77.30%', '9:66.60%']
                                                                                              <-> Client 0, global : from 62.54% to 59.03%, local : from 72.60% to 100.00%, training time : 16200msec
                                                     Cluster 88, round 1, loss : 1.50, accuracy 59.03% <-
                                                     Time past : 16200msec
                                                     ['0:65.40%', '1:77.00%', '2:46.80%', '3:48.30%', '4:57.80%', '5:39.50%', '6:66.50%', '7:58.00%', '8:72.20%', '9:58.80%']
                                          0msec<-
                                          ->0msec
                                                     -> Cluster 80, loss : 1.24, accuracy 62.54%, model from round 94
                                                     ['0:68.10%', '1:72.10%', '2:44.50%', '3:42.40%', '4:57.20%', '5:51.10%', '6:76.10%', '7:70.00%', '8:77.30%', '9:66.60%']
                                                                                              <-> Client 0, global : from 62.54% to 59.49%, local : from 78.60% to 100.00%, training time : 16200msec
                                                     Cluster 80, round 1, loss : 1.51, accuracy 59.49% <-
                                                     Time past : 16200msec
                                                     ['0:63.60%', '1:73.70%', '2:40.60%', '3:42.50%', '4:53.20%', '5:53.60%', '6:65.60%', '7:68.90%', '8:67.70%', '9:65.50%']
                                          0msec<-
                                          ->0msec
                                                     -> Cluster 54, loss : 1.24, accuracy 62.54%, model from round 94
                                                     ['0:68.10%', '1:72.10%', '2:44.50%', '3:42.40%', '4:57.20%', '5:51.10%', '6:76.10%', '7:70.00%', '8:77.30%', '9:66.60%']
                                                                                              <-> Client 0, global : from 62.54% to 59.02%, local : from 72.60% to 99.80%, training time : 16200msec
                                                     Cluster 54, round 1, loss : 1.52, accuracy 59.02% <-
                                                     Time past : 16200msec
                                                     ['0:69.90%', '1:70.40%', '2:38.70%', '3:41.40%', '4:48.50%', '5:51.40%', '6:65.80%', '7:65.30%', '8:68.50%', '9:70.30%']
                                          0msec<-
                                          ->0msec
                                                     -> Cluster 63, loss : 1.24, accuracy 62.54%, model from round 94
                                                     ['0:68.10%', '1:72.10%', '2:44.50%', '3:42.40%', '4:57.20%', '5:51.10%', '6:76.10%', '7:70.00%', '8:77.30%', '9:66.60%']
                                                                                              <-> Client 0, global : from 62.54% to 57.23%, local : from 71.20% to 100.00%, training time : 16200msec
                                                     Cluster 63, round 1, loss : 1.56, accuracy 57.23% <-
                                                     Time past : 16200msec
                                                     ['0:55.10%', '1:68.20%', '2:51.00%', '3:28.70%', '4:50.80%', '5:51.20%', '6:69.30%', '7:62.30%', '8:72.10%', '9:63.60%']
                                          0msec<-
                                          ->0msec
                                                     -> Cluster 40, loss : 1.24, accuracy 62.54%, model from round 94
                                                     ['0:68.10%', '1:72.10%', '2:44.50%', '3:42.40%', '4:57.20%', '5:51.10%', '6:76.10%', '7:70.00%', '8:77.30%', '9:66.60%']
                                                                                              <-> Client 0, global : from 62.54% to 58.70%, local : from 80.80% to 100.00%, training time : 8200msec
                                                     Cluster 40, round 1, loss : 1.48, accuracy 58.70% <-
                                                     Time past : 8200msec
                                                     ['0:70.80%', '1:75.90%', '2:51.60%', '3:37.20%', '4:45.80%', '5:49.10%', '6:67.90%', '7:63.00%', '8:70.60%', '9:55.10%']
                                          0msec<-
                                          ->0msec
                                                     -> Cluster 56, loss : 1.24, accuracy 62.54%, model from round 94
                                                     ['0:68.10%', '1:72.10%', '2:44.50%', '3:42.40%', '4:57.20%', '5:51.10%', '6:76.10%', '7:70.00%', '8:77.30%', '9:66.60%']
                                                                                              <-> Client 0, global : from 62.54% to 58.36%, local : from 83.00% to 100.00%, training time : 16200msec
                                                     Cluster 56, round 1, loss : 1.60, accuracy 58.36% <-
                                                     Time past : 16200msec
                                                     ['0:66.80%', '1:64.00%', '2:50.80%', '3:37.00%', '4:49.90%', '5:43.00%', '6:72.20%', '7:67.70%', '8:66.60%', '9:65.60%']
                                          0msec<-
Central server round 94, loss : 1.27, accuracy :62.34%
Time past: 1514800msec
['0:66.90%', '1:74.80%', '2:46.90%', '3:40.40%', '4:56.20%', '5:51.50%', '6:77.80%', '7:66.50%', '8:75.50%', '9:66.90%']
                                          ->0msec
                                                     -> Cluster 10, loss : 1.27, accuracy 62.34%, model from round 95
                                                     ['0:66.90%', '1:74.80%', '2:46.90%', '3:40.40%', '4:56.20%', '5:51.50%', '6:77.80%', '7:66.50%', '8:75.50%', '9:66.90%']
                                                                                              <-> Client 0, global : from 62.34% to 58.36%, local : from 70.80% to 100.00%, training time : 8200msec
                                                     Cluster 10, round 1, loss : 1.46, accuracy 58.36% <-
                                                     Time past : 8200msec
                                                     ['0:63.30%', '1:76.70%', '2:42.80%', '3:45.90%', '4:49.50%', '5:46.60%', '6:68.30%', '7:59.20%', '8:68.60%', '9:62.70%']
                                          0msec<-
                                          ->0msec
                                                     -> Cluster 26, loss : 1.27, accuracy 62.34%, model from round 95
                                                     ['0:66.90%', '1:74.80%', '2:46.90%', '3:40.40%', '4:56.20%', '5:51.50%', '6:77.80%', '7:66.50%', '8:75.50%', '9:66.90%']
                                                                                              <-> Client 0, global : from 62.34% to 58.75%, local : from 72.60% to 100.00%, training time : 8200msec
                                                     Cluster 26, round 1, loss : 1.47, accuracy 58.75% <-
                                                     Time past : 8200msec
                                                     ['0:67.00%', '1:69.10%', '2:35.20%', '3:30.20%', '4:62.60%', '5:50.80%', '6:73.10%', '7:66.80%', '8:71.00%', '9:61.70%']
                                          0msec<-
                                          ->0msec
                                                     -> Cluster 49, loss : 1.27, accuracy 62.34%, model from round 95
                                                     ['0:66.90%', '1:74.80%', '2:46.90%', '3:40.40%', '4:56.20%', '5:51.50%', '6:77.80%', '7:66.50%', '8:75.50%', '9:66.90%']
                                                                                              <-> Client 0, global : from 62.34% to 58.86%, local : from 75.00% to 100.00%, training time : 8200msec
                                                     Cluster 49, round 1, loss : 1.44, accuracy 58.86% <-
                                                     Time past : 8200msec
                                                     ['0:64.70%', '1:64.50%', '2:43.90%', '3:46.00%', '4:50.80%', '5:51.20%', '6:67.50%', '7:60.90%', '8:67.70%', '9:71.40%']
                                          0msec<-
                                          ->0msec
                                                     -> Cluster 31, loss : 1.27, accuracy 62.34%, model from round 95
                                                     ['0:66.90%', '1:74.80%', '2:46.90%', '3:40.40%', '4:56.20%', '5:51.50%', '6:77.80%', '7:66.50%', '8:75.50%', '9:66.90%']
                                                                                              <-> Client 0, global : from 62.34% to 57.71%, local : from 74.80% to 100.00%, training time : 8200msec
                                                     Cluster 31, round 1, loss : 1.47, accuracy 57.71% <-
                                                     Time past : 8200msec
                                                     ['0:75.00%', '1:63.10%', '2:43.90%', '3:41.20%', '4:46.20%', '5:51.50%', '6:64.70%', '7:63.90%', '8:69.30%', '9:58.30%']
                                          0msec<-
                                          ->0msec
                                                     -> Cluster 28, loss : 1.27, accuracy 62.34%, model from round 95
                                                     ['0:66.90%', '1:74.80%', '2:46.90%', '3:40.40%', '4:56.20%', '5:51.50%', '6:77.80%', '7:66.50%', '8:75.50%', '9:66.90%']
                                                                                              <-> Client 0, global : from 62.34% to 58.23%, local : from 66.00% to 99.80%, training time : 8200msec
                                                     Cluster 28, round 1, loss : 1.40, accuracy 58.23% <-
                                                     Time past : 8200msec
                                                     ['0:68.90%', '1:73.50%', '2:40.40%', '3:39.10%', '4:52.70%', '5:51.30%', '6:63.20%', '7:67.20%', '8:68.60%', '9:57.40%']
                                          0msec<-
                                          ->0msec
                                                     -> Cluster 42, loss : 1.27, accuracy 62.34%, model from round 95
                                                     ['0:66.90%', '1:74.80%', '2:46.90%', '3:40.40%', '4:56.20%', '5:51.50%', '6:77.80%', '7:66.50%', '8:75.50%', '9:66.90%']
                                                                                              <-> Client 0, global : from 62.34% to 58.00%, local : from 63.60% to 100.00%, training time : 8200msec
                                                     Cluster 42, round 1, loss : 1.44, accuracy 58.00% <-
                                                     Time past : 8200msec
                                                     ['0:66.90%', '1:68.50%', '2:38.30%', '3:31.60%', '4:51.60%', '5:53.90%', '6:69.30%', '7:64.90%', '8:76.80%', '9:58.20%']
                                          0msec<-
                                          ->0msec
                                                     -> Cluster 29, loss : 1.27, accuracy 62.34%, model from round 95
                                                     ['0:66.90%', '1:74.80%', '2:46.90%', '3:40.40%', '4:56.20%', '5:51.50%', '6:77.80%', '7:66.50%', '8:75.50%', '9:66.90%']
                                                                                              <-> Client 0, global : from 62.34% to 58.74%, local : from 69.60% to 100.00%, training time : 8200msec
                                                     Cluster 29, round 1, loss : 1.44, accuracy 58.74% <-
                                                     Time past : 8200msec
                                                     ['0:75.00%', '1:70.00%', '2:45.90%', '3:33.00%', '4:48.60%', '5:49.60%', '6:69.70%', '7:61.10%', '8:71.30%', '9:63.20%']
                                          0msec<-
                                          ->0msec
                                                     -> Cluster 94, loss : 1.27, accuracy 62.34%, model from round 95
                                                     ['0:66.90%', '1:74.80%', '2:46.90%', '3:40.40%', '4:56.20%', '5:51.50%', '6:77.80%', '7:66.50%', '8:75.50%', '9:66.90%']
                                                                                              <-> Client 0, global : from 62.34% to 58.87%, local : from 77.00% to 100.00%, training time : 16200msec
                                                     Cluster 94, round 1, loss : 1.53, accuracy 58.87% <-
                                                     Time past : 16200msec
                                                     ['0:64.30%', '1:72.60%', '2:44.70%', '3:43.80%', '4:62.10%', '5:38.40%', '6:64.00%', '7:62.60%', '8:72.50%', '9:63.70%']
                                          0msec<-
                                          ->0msec
                                                     -> Cluster 11, loss : 1.27, accuracy 62.34%, model from round 95
                                                     ['0:66.90%', '1:74.80%', '2:46.90%', '3:40.40%', '4:56.20%', '5:51.50%', '6:77.80%', '7:66.50%', '8:75.50%', '9:66.90%']
                                                                                              <-> Client 0, global : from 62.34% to 57.58%, local : from 63.00% to 100.00%, training time : 8200msec
                                                     Cluster 11, round 1, loss : 1.49, accuracy 57.58% <-
                                                     Time past : 8200msec
                                                     ['0:74.00%', '1:63.90%', '2:50.70%', '3:30.70%', '4:41.20%', '5:53.60%', '6:69.20%', '7:58.20%', '8:71.40%', '9:62.90%']
                                          0msec<-
                                          ->0msec
                                                     -> Cluster 71, loss : 1.27, accuracy 62.34%, model from round 95
                                                     ['0:66.90%', '1:74.80%', '2:46.90%', '3:40.40%', '4:56.20%', '5:51.50%', '6:77.80%', '7:66.50%', '8:75.50%', '9:66.90%']
                                                                                              <-> Client 0, global : from 62.34% to 58.78%, local : from 74.60% to 100.00%, training time : 16200msec
                                                     Cluster 71, round 1, loss : 1.55, accuracy 58.78% <-
                                                     Time past : 16200msec
                                                     ['0:75.40%', '1:64.50%', '2:40.60%', '3:41.70%', '4:49.90%', '5:50.40%', '6:75.10%', '7:60.40%', '8:63.20%', '9:66.60%']
                                          0msec<-
Central server round 95, loss : 1.22, accuracy :62.47%
Time past: 1531000msec
['0:70.70%', '1:72.70%', '2:43.70%', '3:40.90%', '4:57.90%', '5:55.30%', '6:76.20%', '7:67.40%', '8:76.20%', '9:63.70%']
                                          ->0msec
                                                     -> Cluster 32, loss : 1.22, accuracy 62.47%, model from round 96
                                                     ['0:70.70%', '1:72.70%', '2:43.70%', '3:40.90%', '4:57.90%', '5:55.30%', '6:76.20%', '7:67.40%', '8:76.20%', '9:63.70%']
                                                                                              <-> Client 0, global : from 62.47% to 58.62%, local : from 70.80% to 99.80%, training time : 8200msec
                                                     Cluster 32, round 1, loss : 1.42, accuracy 58.62% <-
                                                     Time past : 8200msec
                                                     ['0:70.00%', '1:66.40%', '2:40.50%', '3:40.90%', '4:49.50%', '5:39.40%', '6:70.00%', '7:70.00%', '8:66.70%', '9:72.80%']
                                          0msec<-
                                          ->0msec
                                                     -> Cluster 44, loss : 1.22, accuracy 62.47%, model from round 96
                                                     ['0:70.70%', '1:72.70%', '2:43.70%', '3:40.90%', '4:57.90%', '5:55.30%', '6:76.20%', '7:67.40%', '8:76.20%', '9:63.70%']
                                                                                              <-> Client 0, global : from 62.47% to 58.94%, local : from 77.40% to 100.00%, training time : 8200msec
                                                     Cluster 44, round 1, loss : 1.47, accuracy 58.94% <-
                                                     Time past : 8200msec
                                                     ['0:72.40%', '1:62.20%', '2:38.90%', '3:45.20%', '4:54.40%', '5:45.40%', '6:73.00%', '7:60.60%', '8:70.50%', '9:66.80%']
                                          0msec<-
                                          ->0msec
                                                     -> Cluster 26, loss : 1.22, accuracy 62.47%, model from round 96
                                                     ['0:70.70%', '1:72.70%', '2:43.70%', '3:40.90%', '4:57.90%', '5:55.30%', '6:76.20%', '7:67.40%', '8:76.20%', '9:63.70%']
                                                                                              <-> Client 0, global : from 62.47% to 58.13%, local : from 77.40% to 99.80%, training time : 8200msec
                                                     Cluster 26, round 1, loss : 1.44, accuracy 58.13% <-
                                                     Time past : 8200msec
                                                     ['0:58.20%', '1:74.50%', '2:46.30%', '3:39.60%', '4:46.70%', '5:53.90%', '6:73.90%', '7:62.80%', '8:72.60%', '9:52.80%']
                                          0msec<-
                                          ->0msec
                                                     -> Cluster 37, loss : 1.22, accuracy 62.47%, model from round 96
                                                     ['0:70.70%', '1:72.70%', '2:43.70%', '3:40.90%', '4:57.90%', '5:55.30%', '6:76.20%', '7:67.40%', '8:76.20%', '9:63.70%']
                                                                                              <-> Client 0, global : from 62.47% to 59.48%, local : from 78.00% to 100.00%, training time : 8200msec
                                                     Cluster 37, round 1, loss : 1.42, accuracy 59.48% <-
                                                     Time past : 8200msec
                                                     ['0:66.50%', '1:70.60%', '2:34.60%', '3:38.60%', '4:60.00%', '5:53.90%', '6:64.70%', '7:67.20%', '8:74.60%', '9:64.10%']
                                          0msec<-
                                          ->0msec
                                                     -> Cluster 19, loss : 1.22, accuracy 62.47%, model from round 96
                                                     ['0:70.70%', '1:72.70%', '2:43.70%', '3:40.90%', '4:57.90%', '5:55.30%', '6:76.20%', '7:67.40%', '8:76.20%', '9:63.70%']
                                                                                              <-> Client 0, global : from 62.47% to 58.55%, local : from 71.60% to 99.60%, training time : 8200msec
                                                     Cluster 19, round 1, loss : 1.42, accuracy 58.55% <-
                                                     Time past : 8200msec
                                                     ['0:68.40%', '1:74.00%', '2:47.30%', '3:33.20%', '4:43.80%', '5:57.00%', '6:70.30%', '7:64.10%', '8:66.80%', '9:60.60%']
                                          0msec<-
                                          ->0msec
                                                     -> Cluster 27, loss : 1.22, accuracy 62.47%, model from round 96
                                                     ['0:70.70%', '1:72.70%', '2:43.70%', '3:40.90%', '4:57.90%', '5:55.30%', '6:76.20%', '7:67.40%', '8:76.20%', '9:63.70%']
                                                                                              <-> Client 0, global : from 62.47% to 58.57%, local : from 77.00% to 100.00%, training time : 8200msec
                                                     Cluster 27, round 1, loss : 1.39, accuracy 58.57% <-
                                                     Time past : 8200msec
                                                     ['0:57.50%', '1:65.20%', '2:43.50%', '3:35.90%', '4:49.90%', '5:56.80%', '6:70.80%', '7:63.20%', '8:76.30%', '9:66.60%']
                                          0msec<-
                                          ->0msec
                                                     -> Cluster 25, loss : 1.22, accuracy 62.47%, model from round 96
                                                     ['0:70.70%', '1:72.70%', '2:43.70%', '3:40.90%', '4:57.90%', '5:55.30%', '6:76.20%', '7:67.40%', '8:76.20%', '9:63.70%']
                                                                                              <-> Client 0, global : from 62.47% to 58.22%, local : from 79.40% to 100.00%, training time : 8200msec
                                                     Cluster 25, round 1, loss : 1.48, accuracy 58.22% <-
                                                     Time past : 8200msec
                                                     ['0:67.70%', '1:71.20%', '2:34.20%', '3:37.70%', '4:56.20%', '5:40.30%', '6:76.30%', '7:69.60%', '8:71.70%', '9:57.30%']
                                          0msec<-
                                          ->0msec
                                                     -> Cluster 80, loss : 1.22, accuracy 62.47%, model from round 96
                                                     ['0:70.70%', '1:72.70%', '2:43.70%', '3:40.90%', '4:57.90%', '5:55.30%', '6:76.20%', '7:67.40%', '8:76.20%', '9:63.70%']
                                                                                              <-> Client 0, global : from 62.47% to 59.29%, local : from 82.40% to 100.00%, training time : 16200msec
                                                     Cluster 80, round 1, loss : 1.51, accuracy 59.29% <-
                                                     Time past : 16200msec
                                                     ['0:65.10%', '1:72.60%', '2:38.50%', '3:45.50%', '4:55.20%', '5:47.80%', '6:66.50%', '7:68.00%', '8:68.20%', '9:65.50%']
                                          0msec<-
                                          ->0msec
                                                     -> Cluster 71, loss : 1.22, accuracy 62.47%, model from round 96
                                                     ['0:70.70%', '1:72.70%', '2:43.70%', '3:40.90%', '4:57.90%', '5:55.30%', '6:76.20%', '7:67.40%', '8:76.20%', '9:63.70%']
                                                                                              <-> Client 0, global : from 62.47% to 58.99%, local : from 80.00% to 100.00%, training time : 16200msec
                                                     Cluster 71, round 1, loss : 1.54, accuracy 58.99% <-
                                                     Time past : 16200msec
                                                     ['0:73.80%', '1:66.90%', '2:40.60%', '3:41.20%', '4:50.30%', '5:50.80%', '6:74.90%', '7:61.60%', '8:63.40%', '9:66.40%']
                                          0msec<-
                                          ->0msec
                                                     -> Cluster 14, loss : 1.22, accuracy 62.47%, model from round 96
                                                     ['0:70.70%', '1:72.70%', '2:43.70%', '3:40.90%', '4:57.90%', '5:55.30%', '6:76.20%', '7:67.40%', '8:76.20%', '9:63.70%']
                                                                                              <-> Client 0, global : from 62.47% to 58.60%, local : from 73.20% to 100.00%, training time : 8200msec
                                                     Cluster 14, round 1, loss : 1.48, accuracy 58.60% <-
                                                     Time past : 8200msec
                                                     ['0:57.40%', '1:66.50%', '2:52.00%', '3:31.40%', '4:47.20%', '5:51.20%', '6:75.60%', '7:64.50%', '8:73.30%', '9:66.90%']
                                          0msec<-
Central server round 96, loss : 1.25, accuracy :62.20%
Time past: 1547200msec
['0:68.60%', '1:72.10%', '2:42.60%', '3:41.00%', '4:57.40%', '5:52.10%', '6:77.00%', '7:67.90%', '8:75.50%', '9:67.80%']
                                          ->0msec
                                                     -> Cluster 39, loss : 1.25, accuracy 62.20%, model from round 97
                                                     ['0:68.60%', '1:72.10%', '2:42.60%', '3:41.00%', '4:57.40%', '5:52.10%', '6:77.00%', '7:67.90%', '8:75.50%', '9:67.80%']
                                                                                              <-> Client 0, global : from 62.20% to 59.00%, local : from 75.40% to 100.00%, training time : 8200msec
                                                     Cluster 39, round 1, loss : 1.44, accuracy 59.00% <-
                                                     Time past : 8200msec
                                                     ['0:58.20%', '1:71.60%', '2:45.70%', '3:35.50%', '4:60.50%', '5:49.10%', '6:62.40%', '7:70.30%', '8:68.90%', '9:67.80%']
                                          0msec<-
                                          ->0msec
                                                     -> Cluster 44, loss : 1.25, accuracy 62.20%, model from round 97
                                                     ['0:68.60%', '1:72.10%', '2:42.60%', '3:41.00%', '4:57.40%', '5:52.10%', '6:77.00%', '7:67.90%', '8:75.50%', '9:67.80%']
                                                                                              <-> Client 0, global : from 62.20% to 58.66%, local : from 81.80% to 100.00%, training time : 8200msec
                                                     Cluster 44, round 1, loss : 1.48, accuracy 58.66% <-
                                                     Time past : 8200msec
                                                     ['0:72.90%', '1:59.30%', '2:35.50%', '3:41.60%', '4:52.10%', '5:50.10%', '6:71.10%', '7:63.80%', '8:70.10%', '9:70.10%']
                                          0msec<-
                                          ->0msec
                                                     -> Cluster 85, loss : 1.25, accuracy 62.20%, model from round 97
                                                     ['0:68.60%', '1:72.10%', '2:42.60%', '3:41.00%', '4:57.40%', '5:52.10%', '6:77.00%', '7:67.90%', '8:75.50%', '9:67.80%']
                                                                                              <-> Client 0, global : from 62.20% to 58.39%, local : from 76.00% to 100.00%, training time : 16200msec
                                                     Cluster 85, round 1, loss : 1.58, accuracy 58.39% <-
                                                     Time past : 16200msec
                                                     ['0:60.70%', '1:68.70%', '2:44.00%', '3:30.00%', '4:51.70%', '5:45.30%', '6:77.60%', '7:64.10%', '8:76.80%', '9:65.00%']
                                          0msec<-
                                          ->0msec
                                                     -> Cluster 11, loss : 1.25, accuracy 62.20%, model from round 97
                                                     ['0:68.60%', '1:72.10%', '2:42.60%', '3:41.00%', '4:57.40%', '5:52.10%', '6:77.00%', '7:67.90%', '8:75.50%', '9:67.80%']
                                                                                              <-> Client 0, global : from 62.20% to 57.53%, local : from 68.00% to 99.80%, training time : 8200msec
                                                     Cluster 11, round 1, loss : 1.47, accuracy 57.53% <-
                                                     Time past : 8200msec
                                                     ['0:77.20%', '1:61.50%', '2:48.10%', '3:33.50%', '4:46.70%', '5:46.50%', '6:66.20%', '7:63.30%', '8:63.30%', '9:69.00%']
                                          0msec<-
                                          ->0msec
                                                     -> Cluster 13, loss : 1.25, accuracy 62.20%, model from round 97
                                                     ['0:68.60%', '1:72.10%', '2:42.60%', '3:41.00%', '4:57.40%', '5:52.10%', '6:77.00%', '7:67.90%', '8:75.50%', '9:67.80%']
                                                                                              <-> Client 0, global : from 62.20% to 58.88%, local : from 70.20% to 100.00%, training time : 8200msec
                                                     Cluster 13, round 1, loss : 1.42, accuracy 58.88% <-
                                                     Time past : 8200msec
                                                     ['0:67.80%', '1:72.80%', '2:40.60%', '3:39.20%', '4:55.10%', '5:45.50%', '6:74.20%', '7:63.70%', '8:75.40%', '9:54.50%']
                                          0msec<-
                                          ->0msec
                                                     -> Cluster 53, loss : 1.25, accuracy 62.20%, model from round 97
                                                     ['0:68.60%', '1:72.10%', '2:42.60%', '3:41.00%', '4:57.40%', '5:52.10%', '6:77.00%', '7:67.90%', '8:75.50%', '9:67.80%']
                                                                                              <-> Client 0, global : from 62.20% to 58.42%, local : from 67.60% to 100.00%, training time : 16200msec
                                                     Cluster 53, round 1, loss : 1.56, accuracy 58.42% <-
                                                     Time past : 16200msec
                                                     ['0:60.80%', '1:69.00%', '2:39.10%', '3:39.40%', '4:55.70%', '5:51.60%', '6:67.40%', '7:62.40%', '8:76.10%', '9:62.70%']
                                          0msec<-
                                          ->0msec
                                                     -> Cluster 98, loss : 1.25, accuracy 62.20%, model from round 97
                                                     ['0:68.60%', '1:72.10%', '2:42.60%', '3:41.00%', '4:57.40%', '5:52.10%', '6:77.00%', '7:67.90%', '8:75.50%', '9:67.80%']
                                                                                              <-> Client 0, global : from 62.20% to 58.61%, local : from 70.60% to 100.00%, training time : 16200msec
                                                     Cluster 98, round 1, loss : 1.50, accuracy 58.61% <-
                                                     Time past : 16200msec
                                                     ['0:60.90%', '1:67.70%', '2:33.70%', '3:52.40%', '4:53.20%', '5:43.80%', '6:63.60%', '7:72.20%', '8:72.60%', '9:66.00%']
                                          0msec<-
                                          ->0msec
                                                     -> Cluster 51, loss : 1.25, accuracy 62.20%, model from round 97
                                                     ['0:68.60%', '1:72.10%', '2:42.60%', '3:41.00%', '4:57.40%', '5:52.10%', '6:77.00%', '7:67.90%', '8:75.50%', '9:67.80%']
                                                                                              <-> Client 0, global : from 62.20% to 58.04%, local : from 72.40% to 100.00%, training time : 16200msec
                                                     Cluster 51, round 1, loss : 1.58, accuracy 58.04% <-
                                                     Time past : 16200msec
                                                     ['0:63.20%', '1:64.30%', '2:38.00%', '3:39.70%', '4:52.50%', '5:44.10%', '6:72.30%', '7:64.30%', '8:74.90%', '9:67.10%']
                                          0msec<-
                                          ->0msec
                                                     -> Cluster 91, loss : 1.25, accuracy 62.20%, model from round 97
                                                     ['0:68.60%', '1:72.10%', '2:42.60%', '3:41.00%', '4:57.40%', '5:52.10%', '6:77.00%', '7:67.90%', '8:75.50%', '9:67.80%']
                                                                                              <-> Client 0, global : from 62.20% to 57.83%, local : from 63.80% to 100.00%, training time : 16200msec
                                                     Cluster 91, round 1, loss : 1.47, accuracy 57.83% <-
                                                     Time past : 16200msec
                                                     ['0:54.90%', '1:69.20%', '2:46.70%', '3:44.80%', '4:48.00%', '5:48.50%', '6:69.10%', '7:62.90%', '8:73.60%', '9:60.60%']
                                          0msec<-
                                          ->0msec
                                                     -> Cluster 83, loss : 1.25, accuracy 62.20%, model from round 97
                                                     ['0:68.60%', '1:72.10%', '2:42.60%', '3:41.00%', '4:57.40%', '5:52.10%', '6:77.00%', '7:67.90%', '8:75.50%', '9:67.80%']
                                                                                              <-> Client 0, global : from 62.20% to 59.46%, local : from 71.40% to 100.00%, training time : 16200msec
                                                     Cluster 83, round 1, loss : 1.53, accuracy 59.46% <-
                                                     Time past : 16200msec
                                                     ['0:68.00%', '1:70.80%', '2:37.90%', '3:43.80%', '4:54.40%', '5:46.90%', '6:70.40%', '7:63.30%', '8:69.40%', '9:69.70%']
                                          0msec<-
Central server round 97, loss : 1.25, accuracy :62.43%
Time past: 1563400msec
['0:69.50%', '1:71.60%', '2:42.30%', '3:41.30%', '4:58.70%', '5:50.20%', '6:77.40%', '7:68.10%', '8:76.40%', '9:68.80%']
                                          ->0msec
                                                     -> Cluster 41, loss : 1.25, accuracy 62.43%, model from round 98
                                                     ['0:69.50%', '1:71.60%', '2:42.30%', '3:41.30%', '4:58.70%', '5:50.20%', '6:77.40%', '7:68.10%', '8:76.40%', '9:68.80%']
                                                                                              <-> Client 0, global : from 62.43% to 57.84%, local : from 70.20% to 99.40%, training time : 8200msec
                                                     Cluster 41, round 1, loss : 1.44, accuracy 57.84% <-
                                                     Time past : 8200msec
                                                     ['0:71.90%', '1:71.10%', '2:42.40%', '3:46.50%', '4:47.20%', '5:43.60%', '6:71.80%', '7:59.10%', '8:58.00%', '9:66.80%']
                                          0msec<-
                                          ->0msec
                                                     -> Cluster 6, loss : 1.25, accuracy 62.43%, model from round 98
                                                     ['0:69.50%', '1:71.60%', '2:42.30%', '3:41.30%', '4:58.70%', '5:50.20%', '6:77.40%', '7:68.10%', '8:76.40%', '9:68.80%']
                                                                                              <-> Client 0, global : from 62.43% to 59.03%, local : from 72.80% to 100.00%, training time : 8200msec
                                                     Cluster 6, round 1, loss : 1.43, accuracy 59.03% <-
                                                     Time past : 8200msec
                                                     ['0:73.90%', '1:68.30%', '2:43.60%', '3:34.40%', '4:55.40%', '5:54.90%', '6:59.80%', '7:62.00%', '8:73.40%', '9:64.60%']
                                          0msec<-
                                          ->0msec
                                                     -> Cluster 14, loss : 1.25, accuracy 62.43%, model from round 98
                                                     ['0:69.50%', '1:71.60%', '2:42.30%', '3:41.30%', '4:58.70%', '5:50.20%', '6:77.40%', '7:68.10%', '8:76.40%', '9:68.80%']
                                                                                              <-> Client 0, global : from 62.43% to 58.44%, local : from 78.40% to 100.00%, training time : 8200msec
                                                     Cluster 14, round 1, loss : 1.53, accuracy 58.44% <-
                                                     Time past : 8200msec
                                                     ['0:55.40%', '1:63.60%', '2:55.00%', '3:30.50%', '4:51.10%', '5:56.50%', '6:66.30%', '7:66.00%', '8:69.90%', '9:70.10%']
                                          0msec<-
                                          ->0msec
                                                     -> Cluster 99, loss : 1.25, accuracy 62.43%, model from round 98
                                                     ['0:69.50%', '1:71.60%', '2:42.30%', '3:41.30%', '4:58.70%', '5:50.20%', '6:77.40%', '7:68.10%', '8:76.40%', '9:68.80%']
                                                                                              <-> Client 0, global : from 62.43% to 58.79%, local : from 73.80% to 100.00%, training time : 16200msec
                                                     Cluster 99, round 1, loss : 1.56, accuracy 58.79% <-
                                                     Time past : 16200msec
                                                     ['0:69.20%', '1:68.70%', '2:40.60%', '3:46.70%', '4:52.90%', '5:41.40%', '6:64.60%', '7:65.90%', '8:73.50%', '9:64.40%']
                                          0msec<-
                                          ->0msec
                                                     -> Cluster 40, loss : 1.25, accuracy 62.43%, model from round 98
                                                     ['0:69.50%', '1:71.60%', '2:42.30%', '3:41.30%', '4:58.70%', '5:50.20%', '6:77.40%', '7:68.10%', '8:76.40%', '9:68.80%']
                                                                                              <-> Client 0, global : from 62.43% to 58.64%, local : from 81.80% to 100.00%, training time : 8200msec
                                                     Cluster 40, round 1, loss : 1.46, accuracy 58.64% <-
                                                     Time past : 8200msec
                                                     ['0:67.30%', '1:70.50%', '2:53.10%', '3:37.60%', '4:47.40%', '5:51.10%', '6:61.80%', '7:62.80%', '8:77.00%', '9:57.80%']
                                          0msec<-
                                          ->0msec
                                                     -> Cluster 77, loss : 1.25, accuracy 62.43%, model from round 98
                                                     ['0:69.50%', '1:71.60%', '2:42.30%', '3:41.30%', '4:58.70%', '5:50.20%', '6:77.40%', '7:68.10%', '8:76.40%', '9:68.80%']
                                                                                              <-> Client 0, global : from 62.43% to 58.53%, local : from 73.40% to 100.00%, training time : 16200msec
                                                     Cluster 77, round 1, loss : 1.62, accuracy 58.53% <-
                                                     Time past : 16200msec
                                                     ['0:58.80%', '1:63.70%', '2:37.10%', '3:38.40%', '4:45.40%', '5:55.50%', '6:71.10%', '7:66.90%', '8:72.60%', '9:75.80%']
                                          0msec<-
                                          ->0msec
                                                     -> Cluster 69, loss : 1.25, accuracy 62.43%, model from round 98
                                                     ['0:69.50%', '1:71.60%', '2:42.30%', '3:41.30%', '4:58.70%', '5:50.20%', '6:77.40%', '7:68.10%', '8:76.40%', '9:68.80%']
                                                                                              <-> Client 0, global : from 62.43% to 58.98%, local : from 78.40% to 100.00%, training time : 16200msec
                                                     Cluster 69, round 1, loss : 1.52, accuracy 58.98% <-
                                                     Time past : 16200msec
                                                     ['0:64.10%', '1:75.50%', '2:48.00%', '3:39.50%', '4:49.70%', '5:43.70%', '6:72.80%', '7:62.20%', '8:71.10%', '9:63.20%']
                                          0msec<-
                                          ->0msec
                                                     -> Cluster 8, loss : 1.25, accuracy 62.43%, model from round 98
                                                     ['0:69.50%', '1:71.60%', '2:42.30%', '3:41.30%', '4:58.70%', '5:50.20%', '6:77.40%', '7:68.10%', '8:76.40%', '9:68.80%']
                                                                                              <-> Client 0, global : from 62.43% to 58.29%, local : from 73.20% to 100.00%, training time : 8200msec
                                                     Cluster 8, round 1, loss : 1.43, accuracy 58.29% <-
                                                     Time past : 8200msec
                                                     ['0:60.70%', '1:72.60%', '2:49.80%', '3:42.80%', '4:47.10%', '5:46.10%', '6:67.50%', '7:60.30%', '8:75.40%', '9:60.60%']
                                          0msec<-
                                          ->0msec
                                                     -> Cluster 52, loss : 1.25, accuracy 62.43%, model from round 98
                                                     ['0:69.50%', '1:71.60%', '2:42.30%', '3:41.30%', '4:58.70%', '5:50.20%', '6:77.40%', '7:68.10%', '8:76.40%', '9:68.80%']
                                                                                              <-> Client 0, global : from 62.43% to 58.60%, local : from 66.80% to 100.00%, training time : 16200msec
                                                     Cluster 52, round 1, loss : 1.56, accuracy 58.60% <-
                                                     Time past : 16200msec
                                                     ['0:69.70%', '1:73.60%', '2:45.60%', '3:48.70%', '4:51.30%', '5:40.20%', '6:65.70%', '7:63.30%', '8:71.00%', '9:56.90%']
                                          0msec<-
                                          ->0msec
                                                     -> Cluster 42, loss : 1.25, accuracy 62.43%, model from round 98
                                                     ['0:69.50%', '1:71.60%', '2:42.30%', '3:41.30%', '4:58.70%', '5:50.20%', '6:77.40%', '7:68.10%', '8:76.40%', '9:68.80%']
                                                                                              <-> Client 0, global : from 62.43% to 58.37%, local : from 67.60% to 100.00%, training time : 8200msec
                                                     Cluster 42, round 1, loss : 1.44, accuracy 58.37% <-
                                                     Time past : 8200msec
                                                     ['0:63.40%', '1:68.80%', '2:36.60%', '3:33.80%', '4:58.40%', '5:38.90%', '6:74.30%', '7:70.30%', '8:78.10%', '9:61.10%']
                                          0msec<-
Central server round 98, loss : 1.25, accuracy :62.72%
Time past: 1579600msec
['0:68.10%', '1:73.30%', '2:44.70%', '3:40.30%', '4:58.90%', '5:51.60%', '6:76.30%', '7:66.80%', '8:77.40%', '9:69.80%']
                                          ->0msec
                                                     -> Cluster 47, loss : 1.25, accuracy 62.72%, model from round 99
                                                     ['0:68.10%', '1:73.30%', '2:44.70%', '3:40.30%', '4:58.90%', '5:51.60%', '6:76.30%', '7:66.80%', '8:77.40%', '9:69.80%']
                                                                                              <-> Client 0, global : from 62.72% to 58.91%, local : from 72.40% to 99.80%, training time : 8200msec
                                                     Cluster 47, round 1, loss : 1.45, accuracy 58.91% <-
                                                     Time past : 8200msec
                                                     ['0:62.30%', '1:74.20%', '2:37.00%', '3:36.40%', '4:51.00%', '5:54.70%', '6:66.90%', '7:67.40%', '8:77.50%', '9:61.70%']
                                          0msec<-
                                          ->0msec
                                                     -> Cluster 61, loss : 1.25, accuracy 62.72%, model from round 99
                                                     ['0:68.10%', '1:73.30%', '2:44.70%', '3:40.30%', '4:58.90%', '5:51.60%', '6:76.30%', '7:66.80%', '8:77.40%', '9:69.80%']
                                                                                              <-> Client 0, global : from 62.72% to 59.01%, local : from 76.60% to 100.00%, training time : 16200msec
                                                     Cluster 61, round 1, loss : 1.52, accuracy 59.01% <-
                                                     Time past : 16200msec
                                                     ['0:60.90%', '1:68.90%', '2:44.80%', '3:42.10%', '4:54.20%', '5:50.60%', '6:64.60%', '7:68.20%', '8:71.70%', '9:64.10%']
                                          0msec<-
                                          ->0msec
                                                     -> Cluster 35, loss : 1.25, accuracy 62.72%, model from round 99
                                                     ['0:68.10%', '1:73.30%', '2:44.70%', '3:40.30%', '4:58.90%', '5:51.60%', '6:76.30%', '7:66.80%', '8:77.40%', '9:69.80%']
                                                                                              <-> Client 0, global : from 62.72% to 58.64%, local : from 69.40% to 99.80%, training time : 8200msec
                                                     Cluster 35, round 1, loss : 1.44, accuracy 58.64% <-
                                                     Time past : 8200msec
                                                     ['0:79.40%', '1:71.30%', '2:49.70%', '3:35.70%', '4:36.90%', '5:51.30%', '6:65.60%', '7:66.10%', '8:70.30%', '9:60.10%']
                                          0msec<-
                                          ->0msec
                                                     -> Cluster 48, loss : 1.25, accuracy 62.72%, model from round 99
                                                     ['0:68.10%', '1:73.30%', '2:44.70%', '3:40.30%', '4:58.90%', '5:51.60%', '6:76.30%', '7:66.80%', '8:77.40%', '9:69.80%']
                                                                                              <-> Client 0, global : from 62.72% to 57.94%, local : from 67.60% to 100.00%, training time : 8200msec
                                                     Cluster 48, round 1, loss : 1.45, accuracy 57.94% <-
                                                     Time past : 8200msec
                                                     ['0:59.90%', '1:65.90%', '2:51.80%', '3:43.10%', '4:38.30%', '5:43.50%', '6:74.90%', '7:63.60%', '8:69.80%', '9:68.60%']
                                          0msec<-
                                          ->0msec
                                                     -> Cluster 66, loss : 1.25, accuracy 62.72%, model from round 99
                                                     ['0:68.10%', '1:73.30%', '2:44.70%', '3:40.30%', '4:58.90%', '5:51.60%', '6:76.30%', '7:66.80%', '8:77.40%', '9:69.80%']
                                                                                              <-> Client 0, global : from 62.72% to 59.54%, local : from 73.20% to 100.00%, training time : 16200msec
                                                     Cluster 66, round 1, loss : 1.50, accuracy 59.54% <-
                                                     Time past : 16200msec
                                                     ['0:66.50%', '1:66.90%', '2:46.30%', '3:44.00%', '4:59.70%', '5:45.30%', '6:62.60%', '7:66.00%', '8:70.00%', '9:68.10%']
                                          0msec<-
                                          ->0msec
                                                     -> Cluster 25, loss : 1.25, accuracy 62.72%, model from round 99
                                                     ['0:68.10%', '1:73.30%', '2:44.70%', '3:40.30%', '4:58.90%', '5:51.60%', '6:76.30%', '7:66.80%', '8:77.40%', '9:69.80%']
                                                                                              <-> Client 0, global : from 62.72% to 58.83%, local : from 79.60% to 100.00%, training time : 8200msec
                                                     Cluster 25, round 1, loss : 1.48, accuracy 58.83% <-
                                                     Time past : 8200msec
                                                     ['0:54.10%', '1:72.40%', '2:47.90%', '3:41.50%', '4:49.40%', '5:41.80%', '6:77.30%', '7:67.20%', '8:74.00%', '9:62.70%']
                                          0msec<-
                                          ->0msec
                                                     -> Cluster 58, loss : 1.25, accuracy 62.72%, model from round 99
                                                     ['0:68.10%', '1:73.30%', '2:44.70%', '3:40.30%', '4:58.90%', '5:51.60%', '6:76.30%', '7:66.80%', '8:77.40%', '9:69.80%']
                                                                                              <-> Client 0, global : from 62.72% to 58.96%, local : from 73.00% to 100.00%, training time : 16200msec
                                                     Cluster 58, round 1, loss : 1.55, accuracy 58.96% <-
                                                     Time past : 16200msec
                                                     ['0:61.90%', '1:75.00%', '2:44.00%', '3:41.80%', '4:50.90%', '5:44.30%', '6:72.70%', '7:67.30%', '8:72.50%', '9:59.20%']
                                          0msec<-
                                          ->0msec
                                                     -> Cluster 60, loss : 1.25, accuracy 62.72%, model from round 99
                                                     ['0:68.10%', '1:73.30%', '2:44.70%', '3:40.30%', '4:58.90%', '5:51.60%', '6:76.30%', '7:66.80%', '8:77.40%', '9:69.80%']
                                                                                              <-> Client 0, global : from 62.72% to 57.09%, local : from 69.40% to 100.00%, training time : 16200msec
                                                     Cluster 60, round 1, loss : 1.62, accuracy 57.09% <-
                                                     Time past : 16200msec
                                                     ['0:65.90%', '1:60.40%', '2:41.90%', '3:44.30%', '4:60.60%', '5:43.20%', '6:62.70%', '7:56.80%', '8:71.00%', '9:64.10%']
                                          0msec<-
                                          ->0msec
                                                     -> Cluster 46, loss : 1.25, accuracy 62.72%, model from round 99
                                                     ['0:68.10%', '1:73.30%', '2:44.70%', '3:40.30%', '4:58.90%', '5:51.60%', '6:76.30%', '7:66.80%', '8:77.40%', '9:69.80%']
                                                                                              <-> Client 0, global : from 62.72% to 58.49%, local : from 74.40% to 100.00%, training time : 8200msec
                                                     Cluster 46, round 1, loss : 1.45, accuracy 58.49% <-
                                                     Time past : 8200msec
                                                     ['0:70.30%', '1:77.60%', '2:47.10%', '3:37.30%', '4:46.70%', '5:48.30%', '6:73.60%', '7:62.40%', '8:70.60%', '9:51.00%']
                                          0msec<-
                                          ->0msec
                                                     -> Cluster 89, loss : 1.25, accuracy 62.72%, model from round 99
                                                     ['0:68.10%', '1:73.30%', '2:44.70%', '3:40.30%', '4:58.90%', '5:51.60%', '6:76.30%', '7:66.80%', '8:77.40%', '9:69.80%']
                                                                                              <-> Client 0, global : from 62.72% to 57.81%, local : from 66.00% to 100.00%, training time : 16200msec
                                                     Cluster 89, round 1, loss : 1.55, accuracy 57.81% <-
                                                     Time past : 16200msec
                                                     ['0:69.80%', '1:66.40%', '2:44.10%', '3:38.00%', '4:48.60%', '5:47.70%', '6:68.60%', '7:61.00%', '8:70.40%', '9:63.50%']
                                          0msec<-
Central server round 99, loss : 1.24, accuracy :63.07%
Time past: 1595800msec
['0:69.20%', '1:73.70%', '2:47.40%', '3:42.40%', '4:55.70%', '5:50.30%', '6:76.50%', '7:70.30%', '8:77.50%', '9:67.70%']
                                          ->0msec
                                                     -> Cluster 23, loss : 1.24, accuracy 63.07%, model from round 100
                                                     ['0:69.20%', '1:73.70%', '2:47.40%', '3:42.40%', '4:55.70%', '5:50.30%', '6:76.50%', '7:70.30%', '8:77.50%', '9:67.70%']
                                                                                              <-> Client 0, global : from 63.07% to 58.24%, local : from 71.80% to 100.00%, training time : 8200msec
                                                     Cluster 23, round 1, loss : 1.55, accuracy 58.24% <-
                                                     Time past : 8200msec
                                                     ['0:71.00%', '1:74.60%', '2:43.90%', '3:45.90%', '4:39.60%', '5:46.10%', '6:75.30%', '7:63.60%', '8:67.10%', '9:55.30%']
                                          0msec<-
                                          ->0msec
                                                     -> Cluster 29, loss : 1.24, accuracy 63.07%, model from round 100
                                                     ['0:69.20%', '1:73.70%', '2:47.40%', '3:42.40%', '4:55.70%', '5:50.30%', '6:76.50%', '7:70.30%', '8:77.50%', '9:67.70%']
                                                                                              <-> Client 0, global : from 63.07% to 59.60%, local : from 72.20% to 100.00%, training time : 8200msec
                                                     Cluster 29, round 1, loss : 1.44, accuracy 59.60% <-
                                                     Time past : 8200msec
                                                     ['0:67.60%', '1:73.90%', '2:46.20%', '3:36.40%', '4:45.70%', '5:52.60%', '6:66.20%', '7:69.10%', '8:77.90%', '9:60.40%']
                                          0msec<-
                                          ->0msec
                                                     -> Cluster 68, loss : 1.24, accuracy 63.07%, model from round 100
                                                     ['0:69.20%', '1:73.70%', '2:47.40%', '3:42.40%', '4:55.70%', '5:50.30%', '6:76.50%', '7:70.30%', '8:77.50%', '9:67.70%']
                                                                                              <-> Client 0, global : from 63.07% to 58.57%, local : from 74.60% to 100.00%, training time : 16200msec
                                                     Cluster 68, round 1, loss : 1.59, accuracy 58.57% <-
                                                     Time past : 16200msec
                                                     ['0:66.00%', '1:70.40%', '2:48.00%', '3:44.10%', '4:50.60%', '5:40.30%', '6:64.40%', '7:65.70%', '8:71.60%', '9:64.60%']
                                          0msec<-
                                          ->0msec
                                                     -> Cluster 14, loss : 1.24, accuracy 63.07%, model from round 100
                                                     ['0:69.20%', '1:73.70%', '2:47.40%', '3:42.40%', '4:55.70%', '5:50.30%', '6:76.50%', '7:70.30%', '8:77.50%', '9:67.70%']
                                                                                              <-> Client 0, global : from 63.07% to 58.83%, local : from 80.80% to 100.00%, training time : 8200msec
                                                     Cluster 14, round 1, loss : 1.50, accuracy 58.83% <-
                                                     Time past : 8200msec
                                                     ['0:56.50%', '1:66.50%', '2:48.20%', '3:32.00%', '4:59.10%', '5:52.10%', '6:68.60%', '7:62.30%', '8:74.90%', '9:68.10%']
                                          0msec<-
                                          ->0msec
                                                     -> Cluster 84, loss : 1.24, accuracy 63.07%, model from round 100
                                                     ['0:69.20%', '1:73.70%', '2:47.40%', '3:42.40%', '4:55.70%', '5:50.30%', '6:76.50%', '7:70.30%', '8:77.50%', '9:67.70%']
                                                                                              <-> Client 0, global : from 63.07% to 59.18%, local : from 69.00% to 100.00%, training time : 16200msec
                                                     Cluster 84, round 1, loss : 1.56, accuracy 59.18% <-
                                                     Time past : 16200msec
                                                     ['0:70.90%', '1:68.10%', '2:41.10%', '3:50.10%', '4:51.70%', '5:43.60%', '6:69.10%', '7:63.90%', '8:67.70%', '9:65.60%']
                                          0msec<-
                                          ->0msec
                                                     -> Cluster 22, loss : 1.24, accuracy 63.07%, model from round 100
                                                     ['0:69.20%', '1:73.70%', '2:47.40%', '3:42.40%', '4:55.70%', '5:50.30%', '6:76.50%', '7:70.30%', '8:77.50%', '9:67.70%']
                                                                                              <-> Client 0, global : from 63.07% to 59.60%, local : from 80.00% to 99.60%, training time : 8200msec
                                                     Cluster 22, round 1, loss : 1.41, accuracy 59.60% <-
                                                     Time past : 8200msec
                                                     ['0:72.20%', '1:65.00%', '2:45.10%', '3:34.50%', '4:52.70%', '5:49.40%', '6:72.10%', '7:67.20%', '8:75.20%', '9:62.60%']
                                          0msec<-
                                          ->0msec
                                                     -> Cluster 94, loss : 1.24, accuracy 63.07%, model from round 100
                                                     ['0:69.20%', '1:73.70%', '2:47.40%', '3:42.40%', '4:55.70%', '5:50.30%', '6:76.50%', '7:70.30%', '8:77.50%', '9:67.70%']
                                                                                              <-> Client 0, global : from 63.07% to 59.32%, local : from 79.80% to 100.00%, training time : 16200msec
                                                     Cluster 94, round 1, loss : 1.52, accuracy 59.32% <-
                                                     Time past : 16200msec
                                                     ['0:65.50%', '1:71.90%', '2:44.40%', '3:40.10%', '4:62.00%', '5:44.50%', '6:62.70%', '7:63.00%', '8:72.80%', '9:66.30%']
                                          0msec<-
                                          ->0msec
                                                     -> Cluster 33, loss : 1.24, accuracy 63.07%, model from round 100
                                                     ['0:69.20%', '1:73.70%', '2:47.40%', '3:42.40%', '4:55.70%', '5:50.30%', '6:76.50%', '7:70.30%', '8:77.50%', '9:67.70%']
                                                                                              <-> Client 0, global : from 63.07% to 58.57%, local : from 73.20% to 100.00%, training time : 8200msec
                                                     Cluster 33, round 1, loss : 1.43, accuracy 58.57% <-
                                                     Time past : 8200msec
                                                     ['0:65.00%', '1:66.10%', '2:44.30%', '3:39.60%', '4:44.70%', '5:45.50%', '6:76.50%', '7:61.20%', '8:74.80%', '9:68.00%']
                                          0msec<-
                                          ->0msec
                                                     -> Cluster 40, loss : 1.24, accuracy 63.07%, model from round 100
                                                     ['0:69.20%', '1:73.70%', '2:47.40%', '3:42.40%', '4:55.70%', '5:50.30%', '6:76.50%', '7:70.30%', '8:77.50%', '9:67.70%']
                                                                                              <-> Client 0, global : from 63.07% to 58.96%, local : from 85.40% to 100.00%, training time : 8200msec
                                                     Cluster 40, round 1, loss : 1.47, accuracy 58.96% <-
                                                     Time past : 8200msec
                                                     ['0:71.30%', '1:70.50%', '2:49.40%', '3:35.00%', '4:48.20%', '5:54.70%', '6:63.30%', '7:66.30%', '8:69.60%', '9:61.30%']
                                          0msec<-
                                          ->0msec
                                                     -> Cluster 10, loss : 1.24, accuracy 63.07%, model from round 100
                                                     ['0:69.20%', '1:73.70%', '2:47.40%', '3:42.40%', '4:55.70%', '5:50.30%', '6:76.50%', '7:70.30%', '8:77.50%', '9:67.70%']
                                                                                              <-> Client 0, global : from 63.07% to 58.46%, local : from 71.40% to 100.00%, training time : 8200msec
                                                     Cluster 10, round 1, loss : 1.49, accuracy 58.46% <-
                                                     Time past : 8200msec
                                                     ['0:63.00%', '1:79.30%', '2:30.50%', '3:36.30%', '4:54.00%', '5:45.20%', '6:73.60%', '7:72.60%', '8:70.90%', '9:59.20%']
                                          0msec<-
Central server round 100, loss : 1.26, accuracy :62.71%
Time past: 1612000msec
['0:69.20%', '1:74.10%', '2:44.10%', '3:41.10%', '4:57.90%', '5:50.50%', '6:75.90%', '7:70.20%', '8:77.70%', '9:66.40%']
