{"centralservertimepast": [0, 6200, 16000, 25800, 32000, 41800, 51600, 61400, 71200, 77400, 87200, 97000, 106800, 113000, 119200, 129000, 138800, 145000, 154800, 164600, 170800, 180600, 190400, 196600, 206400, 216200, 226000, 235800, 245600, 255400, 261600, 271400, 281200, 291000, 300800, 310600, 320400, 330200, 340000, 346200, 352400, 358600, 368400, 374600, 384400, 394200, 404000, 413800, 423600, 433400, 443200, 453000, 459200, 465400, 475200, 485000, 494800, 504600, 514400, 524200, 534000, 543800, 550000, 559800, 569600, 579400, 589200, 595400, 605200, 615000, 624800, 634600, 644400, 654200, 664000, 673800, 680000, 686200, 696000, 705800, 715600, 725400, 735200, 745000, 754800, 764600, 774400, 784200, 794000, 803800, 813600, 823400, 833200, 843000, 852800, 859000, 868800, 878600, 888400, 898200, 908000], "centralserveraccuracy": [0.0719, 0.1, 0.1, 0.1071, 0.1067, 0.1034, 0.1, 0.105, 0.1, 0.1, 0.1019, 0.1003, 0.1, 0.1, 0.1158, 0.1038, 0.0995, 0.1011, 0.1, 0.1004, 0.1404, 0.1017, 0.1, 0.1, 0.1379, 0.1036, 0.101, 0.1153, 0.1, 0.1, 0.1, 0.1527, 0.1081, 0.1367, 0.1, 0.1323, 0.1124, 0.1336, 0.1296, 0.1247, 0.1154, 0.1506, 0.1179, 0.1275, 0.1046, 0.1257, 0.1103, 0.1003, 0.1008, 0.1, 0.1017, 0.1713, 0.1404, 0.101, 0.1003, 0.1065, 0.1127, 0.1161, 0.1231, 0.1039, 0.1135, 0.1334, 0.1007, 0.1645, 0.1176, 0.1029, 0.158, 0.1454, 0.157, 0.1163, 0.1728, 0.1, 0.1333, 0.109, 0.1214, 0.1642, 0.127, 0.1244, 0.1271, 0.1253, 0.1434, 0.1232, 0.1491, 0.1202, 0.1595, 0.1279, 0.1682, 0.1298, 0.1012, 0.1292, 0.1561, 0.1072, 0.1165, 0.1275, 0.1624, 0.1467, 0.1122, 0.144, 0.1535, 0.1086, 0.1092], "centralserverloss": [2.304289897155762, 2.508828079223633, 2.4923425067901612, 2.3572464420318604, 2.7252226306915284, 2.3134077758789062, 2.7371529640197756, 2.683184518814087, 2.652811908340454, 2.464662734603882, 2.4468299503326416, 2.4437706172943114, 2.5408547721862793, 2.5761348972320555, 2.647239148712158, 2.4267440784454344, 2.413016046142578, 2.7517571617126464, 2.570586672973633, 2.4133331230163573, 2.5023802238464357, 2.441754651641846, 2.9261827781677248, 2.991713850402832, 2.7877272148132324, 2.4782961711883544, 2.5188756214141845, 2.454050062942505, 3.100358878707886, 2.613618157577515, 2.8963641540527343, 2.4379808200836184, 2.391230401611328, 2.511116665649414, 2.7425191444396972, 2.517555443191528, 2.429448027801514, 2.3448110176086425, 2.4275554473876952, 2.367012236022949, 2.6219316421508787, 2.656355495452881, 2.3784597400665284, 2.7314032855987547, 2.6607271270751953, 2.4257956554412843, 2.3586895568847654, 2.7982643432617187, 2.777001399230957, 2.7239181224822997, 2.5675117164611816, 2.2910273399353027, 2.3785696449279787, 2.4654783054351808, 2.537342779159546, 2.6700854057312013, 2.8713399459838866, 2.495707027435303, 2.7398017932891845, 2.493005708694458, 2.393200045013428, 2.3917307998657225, 2.569703341293335, 2.2554071002960203, 2.3381070220947264, 2.3959235492706297, 2.35485619392395, 2.6469294174194338, 2.4352754901885985, 2.4426491508483887, 2.3040852775573732, 3.051156324005127, 2.4238409103393557, 2.4159418743133543, 2.477785655975342, 2.4765561115264894, 2.3906470245361326, 2.4487569370269777, 2.31839158782959, 2.3400075031280516, 2.3385345008850096, 2.49344621925354, 2.5428870223999023, 2.7621803897857666, 2.4146766471862793, 2.4150322105407716, 2.316435314941406, 2.359055856323242, 2.573057337188721, 2.412946209335327, 2.3834464485168456, 2.6593757648468017, 2.427926599121094, 2.3434948379516602, 2.276365782165527, 2.2594985347747802, 2.6323567111968993, 2.4699896003723145, 2.2948643802642823, 2.5187288806915284, 2.3545903800964356], "centralserverround": [0, 1, 2, 3, 4, 5, 6, 7, 8, 9, 10, 11, 12, 13, 14, 15, 16, 17, 18, 19, 20, 21, 22, 23, 24, 25, 26, 27, 28, 29, 30, 31, 32, 33, 34, 35, 36, 37, 38, 39, 40, 41, 42, 43, 44, 45, 46, 47, 48, 49, 50, 51, 52, 53, 54, 55, 56, 57, 58, 59, 60, 61, 62, 63, 64, 65, 66, 67, 68, 69, 70, 71, 72, 73, 74, 75, 76, 77, 78, 79, 80, 81, 82, 83, 84, 85, 86, 87, 88, 89, 90, 91, 92, 93, 94, 95, 96, 97, 98, 99, 100]}