{"centralservertimepast": [0, 2300, 4600, 6900, 9200, 11500, 13800, 16100, 18400, 20700, 23000, 25300, 27600, 29900, 32200, 34500, 36800, 39100, 41400, 43700, 46000, 48300, 50600, 52900, 55200, 57500, 59800, 62100, 64400, 66700, 69000, 71300, 73600, 75900, 78200, 80500, 82800, 85100, 87400, 89700, 92000, 94300, 96600, 98900, 101200, 103500, 105800, 108100, 110400, 112700, 115000], "centralserveraccuracy": [0.0886, 0.319, 0.349, 0.3708, 0.3914, 0.4122, 0.4316, 0.4434, 0.4604, 0.4753, 0.4893, 0.4996, 0.5092, 0.5184, 0.5277, 0.5353, 0.5433, 0.5509, 0.5576, 0.5662, 0.573, 0.5807, 0.5876, 0.5897, 0.5942, 0.5988, 0.6056, 0.61, 0.6131, 0.6172, 0.6191, 0.6215, 0.6231, 0.6262, 0.6284, 0.6312, 0.6323, 0.6341, 0.6372, 0.6375, 0.6397, 0.6414, 0.6431, 0.6443, 0.6474, 0.6471, 0.649, 0.6485, 0.6497, 0.6502, 0.6512], "centralserverloss": [2.3058451583862305, 2.009470229911804, 1.8932933570861816, 1.8107730361938477, 1.741943695640564, 1.6801970714569092, 1.6233097244262695, 1.5725470724105834, 1.5259406454086304, 1.4844352977752686, 1.4462158304214479, 1.4130361673355103, 1.3830529794692994, 1.3560620082855224, 1.3313220642089845, 1.3088267393112183, 1.2862322324752808, 1.264777760887146, 1.2461300079345703, 1.226318039703369, 1.2095180572509765, 1.1938786972045898, 1.1793091687202453, 1.1672637029647828, 1.1559404744148254, 1.1461252593040467, 1.1356473628997803, 1.1269149620056151, 1.1222295411109924, 1.1156149664878845, 1.1123285659790039, 1.110984333229065, 1.1097704807281494, 1.108636049938202, 1.1092981424331665, 1.1081285766601563, 1.1127083383560181, 1.1153365226745606, 1.118584426498413, 1.121913204574585, 1.1253180562973022, 1.1281208808898926, 1.1326277044296265, 1.1378116985321045, 1.14209144821167, 1.1481672994613648, 1.1518035943984986, 1.1575345861434936, 1.1625427013397216, 1.1675094806671142, 1.1711359518051148], "centralserverround": [0, 1, 2, 3, 4, 5, 6, 7, 8, 9, 10, 11, 12, 13, 14, 15, 16, 17, 18, 19, 20, 21, 22, 23, 24, 25, 26, 27, 28, 29, 30, 31, 32, 33, 34, 35, 36, 37, 38, 39, 40, 41, 42, 43, 44, 45, 46, 47, 48, 49, 50], "clustertimepast": [[], [], [], [], []], "clusteraccuracy": [[], [], [], [], []], "clusterloss": [[], [], [], [], []], "clusterround": [[], [], [], [], []]}