{"centralservertimepast": [0, 17200, 34400, 51600, 67800, 85000, 102200, 119400, 136600, 153800, 171000, 188200, 205400, 222600, 239800, 257000, 274200, 291400, 308600, 325800, 343000, 359200, 376400, 393600, 410800, 428000, 445200, 461400, 478600, 494800, 512000, 529200, 546400, 563600, 580800, 598000, 615200, 632400, 649600, 666800, 683000, 700200, 717400, 734600, 751800, 769000, 786200, 803400, 820600, 837800, 855000, 872200, 889400, 905600, 922800, 939000, 956200, 973400, 989600, 1006800, 1024000, 1041200, 1058400, 1075600, 1092800, 1110000, 1127200, 1144400, 1161600, 1178800, 1196000, 1213200, 1230400, 1247600, 1263800, 1280000, 1297200, 1314400, 1331600, 1348800, 1366000, 1383200, 1400400, 1417600, 1434800, 1452000, 1469200, 1486400, 1503600, 1520800, 1538000, 1555200, 1572400, 1588600, 1604800, 1622000, 1639200, 1656400, 1673600, 1690800, 1708000], "centralserveraccuracy": [0.1, 0.1459, 0.2004, 0.2428, 0.2667, 0.231, 0.3205, 0.2831, 0.275, 0.3185, 0.3254, 0.272, 0.3666, 0.3548, 0.3256, 0.3582, 0.3836, 0.385, 0.42, 0.4022, 0.4119, 0.4054, 0.3902, 0.4377, 0.4683, 0.4455, 0.4437, 0.486, 0.4649, 0.4486, 0.3981, 0.4595, 0.4957, 0.4712, 0.5146, 0.5089, 0.449, 0.4288, 0.527, 0.4777, 0.4958, 0.5066, 0.507, 0.5382, 0.5241, 0.5573, 0.524, 0.5011, 0.5746, 0.5232, 0.5489, 0.5442, 0.5181, 0.5649, 0.5472, 0.5022, 0.5182, 0.5568, 0.5474, 0.5837, 0.5797, 0.5382, 0.5422, 0.5761, 0.561, 0.5281, 0.5563, 0.5783, 0.5732, 0.5624, 0.5956, 0.561, 0.5672, 0.5922, 0.5604, 0.6001, 0.5565, 0.5731, 0.5783, 0.5581, 0.6052, 0.5637, 0.5755, 0.5922, 0.5499, 0.5897, 0.59, 0.5671, 0.5723, 0.6038, 0.5976, 0.6037, 0.5851, 0.596, 0.5959, 0.5804, 0.6193, 0.5928, 0.5977, 0.5639, 0.5703], "centralserverloss": [2.302811839675903, 2.4857512298583986, 2.189270086669922, 2.144838671684265, 2.162280658149719, 2.3345249071121215, 1.8877736560821534, 2.046305012512207, 2.0307007070541383, 1.9049207757949829, 1.9884046541213989, 2.0282891941070558, 1.7700707372665405, 1.795937830543518, 1.9079955438613891, 1.8550241899490356, 1.7208304288864136, 1.733766095161438, 1.6241633222579956, 1.721399847793579, 1.6588720998764037, 1.8490794591903688, 1.661622859954834, 1.5941820707321166, 1.4992751817703247, 1.5616534645080566, 1.6321867942810058, 1.4527757062911988, 1.5027983337402344, 1.6048062870025634, 1.8650279319763183, 1.644613977432251, 1.4566466333389283, 1.5230649648666381, 1.4517764066696166, 1.4139487741470338, 1.746765894317627, 1.8963597932815552, 1.3942481334686279, 1.6486640850067138, 1.5596012754440307, 1.5522920751571656, 1.5253757257461549, 1.3920588794708253, 1.4617549856185914, 1.3296878889083863, 1.5543700664520264, 1.620539144706726, 1.2987914026260376, 1.5392581302642823, 1.4009488395690919, 1.446379301261902, 1.5049223333358765, 1.3618610633850097, 1.4078325784683228, 1.6666460439682007, 1.7030924184799194, 1.403627596282959, 1.5159897207260131, 1.3207179597854615, 1.3223810934066773, 1.564710569190979, 1.4936705728530884, 1.4101273859024048, 1.5098494499206543, 1.6021189079284668, 1.4304978534698487, 1.3422813541412353, 1.4314763469696046, 1.4613993118286133, 1.3097925416946412, 1.4714956609725953, 1.4877971897125244, 1.355354882144928, 1.4809508626937866, 1.303879852771759, 1.606988771057129, 1.4032881828308106, 1.4293632038116455, 1.5979806606292724, 1.2925485815048219, 1.5154627674102783, 1.4507269828796387, 1.3943370178222656, 1.596395895767212, 1.4540097860336303, 1.40960204372406, 1.522398184967041, 1.4982494022369384, 1.2840146583557128, 1.408410283279419, 1.3696447973251342, 1.4626148044586182, 1.4189098051071167, 1.4084276376724243, 1.4843079212188721, 1.288679045009613, 1.4094999704360962, 1.4091312935829163, 1.5118097129821777, 1.4749825214385985], "centralserverround": [0, 1, 2, 3, 4, 5, 6, 7, 8, 9, 10, 11, 12, 13, 14, 15, 16, 17, 18, 19, 20, 21, 22, 23, 24, 25, 26, 27, 28, 29, 30, 31, 32, 33, 34, 35, 36, 37, 38, 39, 40, 41, 42, 43, 44, 45, 46, 47, 48, 49, 50, 51, 52, 53, 54, 55, 56, 57, 58, 59, 60, 61, 62, 63, 64, 65, 66, 67, 68, 69, 70, 71, 72, 73, 74, 75, 76, 77, 78, 79, 80, 81, 82, 83, 84, 85, 86, 87, 88, 89, 90, 91, 92, 93, 94, 95, 96, 97, 98, 99, 100]}