{"centralservertimepast": [0, 12700, 23400, 35600, 46300, 58500, 69700, 81900, 93600, 105800, 117000, 127200, 137900, 149600, 162300, 173000, 184200, 195900, 208100, 220800, 233500, 243700, 254400, 265100, 275800, 288500, 300200, 312900, 324600, 336300, 348000, 359200, 371900, 383100, 394800, 407500, 419200, 430400, 442100, 453300, 464500, 475200, 485900, 497600, 510300, 522000, 534200, 546900, 558100, 570800, 582000, 594700, 605900, 616600, 627800, 639000, 650200, 662900, 674600, 684800, 696000, 707200, 719900, 732100, 742800, 754000, 765700, 776900, 788600, 800300, 811500, 822200, 833900, 845100, 857800, 870500, 881200, 892400, 904100, 914300, 925000, 936200, 947900, 959100, 969300, 982000, 993700, 1005400, 1017600, 1028300, 1040000, 1050200, 1061900, 1072600, 1083800, 1095500, 1106200, 1118900, 1130100, 1142300, 1153500], "centralserveraccuracy": [0.1696, 0.0974, 0.1382, 0.343, 0.2161, 0.2168, 0.5138, 0.503, 0.6516, 0.6503, 0.5416, 0.5842, 0.5861, 0.6881, 0.5968, 0.6168, 0.7363, 0.7312, 0.7896, 0.8536, 0.7562, 0.843, 0.8089, 0.7492, 0.803, 0.8118, 0.8373, 0.873, 0.8411, 0.8029, 0.8265, 0.864, 0.7209, 0.8475, 0.7211, 0.8753, 0.8131, 0.8433, 0.8352, 0.8007, 0.8852, 0.8684, 0.8342, 0.9058, 0.9033, 0.8899, 0.8839, 0.8601, 0.8691, 0.8987, 0.884, 0.8593, 0.8526, 0.9084, 0.8926, 0.8976, 0.8685, 0.8881, 0.9205, 0.9099, 0.9236, 0.9063, 0.913, 0.9217, 0.909, 0.8951, 0.9141, 0.9198, 0.9057, 0.9008, 0.906, 0.9002, 0.9056, 0.9106, 0.9023, 0.9045, 0.9187, 0.9037, 0.9174, 0.9177, 0.903, 0.937, 0.9278, 0.9386, 0.9318, 0.9369, 0.9229, 0.9379, 0.9343, 0.9078, 0.9431, 0.902, 0.9349, 0.9094, 0.9244, 0.8659, 0.9148, 0.9124, 0.9331, 0.9335, 0.9371], "centralserverloss": [2.304168901062012, 2.6834787940979004, 2.729529369354248, 2.152337170791626, 2.1945203453063966, 2.093398103713989, 1.5994901823043823, 1.5708632457733154, 1.1032193532943726, 1.0491345472335816, 1.3030398849487306, 1.1525437433242798, 1.1716766077041625, 0.9556517502784729, 0.9955758794784546, 1.1207446449279785, 0.8087721391677857, 0.7512979520797729, 0.6524304457187653, 0.5294209429740906, 0.7048465053558349, 0.5286467504501343, 0.5924414951324463, 0.7022872453689575, 0.6310693663597107, 0.5575339903831482, 0.48742318840026855, 0.4228181529521942, 0.47390983834266664, 0.5645299006938934, 0.5204672393321991, 0.4274080867767334, 0.7418517057418823, 0.46183950867652895, 0.7884189413070679, 0.3948441615581512, 0.5195558940410614, 0.44302850275039674, 0.4861250385284424, 0.5932027951240539, 0.3689809016227722, 0.3993906664848328, 0.4795822997570038, 0.3138255662679672, 0.3154265722036362, 0.36370036125183103, 0.36818617935180664, 0.4237752240180969, 0.3794224051237106, 0.3316304274320602, 0.3415953061103821, 0.4209969403862953, 0.42955624237060547, 0.2936363315105438, 0.3387103599786758, 0.3117164606571198, 0.38524520552158353, 0.35314815108776093, 0.2570258870959282, 0.29293453545570375, 0.25009132614135743, 0.2825462087750435, 0.2728286532282829, 0.26034386839866636, 0.2784674284338951, 0.3199731094837189, 0.27431738797426225, 0.2643679983139038, 0.3037417086839676, 0.2901753872275353, 0.28305467429161074, 0.3025759384393692, 0.29611059486866, 0.2784641407489777, 0.2986543798685074, 0.2948125247001648, 0.24411019411087037, 0.2848909014701843, 0.25282767581939697, 0.25462415311336517, 0.2991995688438416, 0.2005385007917881, 0.22889735651016235, 0.1994107438325882, 0.21450151119232178, 0.19883371353149415, 0.24154163587093352, 0.19619867185354234, 0.20755026562809945, 0.27995052106380464, 0.18191524132490158, 0.2859147891521454, 0.2053479497730732, 0.26832563111782076, 0.23450095014572145, 0.39305105838775634, 0.2640026172757149, 0.2605811013460159, 0.2110721738576889, 0.21340379023551942, 0.19526730399131775], "centralserverround": [0, 1, 2, 3, 4, 5, 6, 7, 8, 9, 10, 11, 12, 13, 14, 15, 16, 17, 18, 19, 20, 21, 22, 23, 24, 25, 26, 27, 28, 29, 30, 31, 32, 33, 34, 35, 36, 37, 38, 39, 40, 41, 42, 43, 44, 45, 46, 47, 48, 49, 50, 51, 52, 53, 54, 55, 56, 57, 58, 59, 60, 61, 62, 63, 64, 65, 66, 67, 68, 69, 70, 71, 72, 73, 74, 75, 76, 77, 78, 79, 80, 81, 82, 83, 84, 85, 86, 87, 88, 89, 90, 91, 92, 93, 94, 95, 96, 97, 98, 99, 100]}