{"centralservertimepast": [0, 11200, 21900, 32100, 42800, 53000, 63700, 73900, 84100, 94800, 105500, 115700, 126400, 137600, 147800, 158000, 168200, 178900, 189100, 199300, 209500, 220200, 230400, 240600, 251300, 262000, 273200, 283400, 294100, 304300, 315000, 325700, 335900, 346600, 356800, 367500, 378200, 388900, 399600, 410300, 421000, 431700, 442400, 453100, 463800, 475000, 485200, 495400, 506100, 516300, 527000, 537700, 548400, 559600, 570300, 581000, 591200, 601400, 611600, 621800, 632500, 643200, 653900, 664600, 675300, 686000, 697200, 708400, 719100, 729300, 739500, 750200, 760900, 772100, 782800, 794000, 804200, 814400, 825600, 835800, 846500, 856700, 867400, 878600, 889300, 900000, 910700, 921400, 932100, 942300, 953000, 963700, 974400, 985100, 995800, 1006500, 1016700, 1027400, 1038100, 1048800, 1059000], "centralserveraccuracy": [0.093, 0.1311, 0.1662, 0.3543, 0.6001, 0.6444, 0.7747, 0.7745, 0.7394, 0.7507, 0.8591, 0.7971, 0.8026, 0.8581, 0.8155, 0.8568, 0.8769, 0.8692, 0.8875, 0.814, 0.8653, 0.8825, 0.8997, 0.8548, 0.9063, 0.9168, 0.9162, 0.9196, 0.9057, 0.9021, 0.9223, 0.9003, 0.9115, 0.9143, 0.9227, 0.9247, 0.9403, 0.9359, 0.9334, 0.9375, 0.9454, 0.9387, 0.9347, 0.9354, 0.9344, 0.9397, 0.9443, 0.9373, 0.9348, 0.9207, 0.9563, 0.9531, 0.9548, 0.9588, 0.9499, 0.9564, 0.9541, 0.9609, 0.9601, 0.9581, 0.9366, 0.9614, 0.963, 0.9588, 0.9682, 0.9628, 0.9645, 0.9585, 0.9614, 0.9615, 0.9643, 0.9631, 0.965, 0.9629, 0.9657, 0.9712, 0.9625, 0.9656, 0.9576, 0.9596, 0.9683, 0.9694, 0.9722, 0.9707, 0.9648, 0.9642, 0.9635, 0.9651, 0.9664, 0.9592, 0.967, 0.9707, 0.9738, 0.9711, 0.9672, 0.9714, 0.9705, 0.9721, 0.9714, 0.9712, 0.9669], "centralserverloss": [2.3083403049468996, 2.3146675048828125, 2.2220345851898196, 1.752039864730835, 1.1526071830749511, 1.0440401448249816, 0.7082298634529114, 0.6732431201934814, 0.7443079307079316, 0.6759887273788452, 0.46269553742408753, 0.5930277623176575, 0.5671901472568512, 0.44091572127342227, 0.5139065134048462, 0.427260568189621, 0.3700247286081314, 0.3986963780403137, 0.3447836403846741, 0.5440383502483368, 0.407553812122345, 0.3627281649589539, 0.31059260008335116, 0.429499937915802, 0.3013618663787842, 0.27131432943344114, 0.2685342192411423, 0.24736133546829223, 0.2815716488361359, 0.28496225819587706, 0.24025219098329545, 0.311461222743988, 0.26511335896253585, 0.25518514916896823, 0.2469622295022011, 0.23375796704292298, 0.18609136171340943, 0.19547311769127845, 0.2037256648659706, 0.1932818233728409, 0.17370405763983726, 0.19558866449594497, 0.19985606772899628, 0.18886999461054801, 0.1975221932053566, 0.17931781618595125, 0.1657690844476223, 0.18611060586571693, 0.20617778156995772, 0.2262687158346176, 0.14631388065218925, 0.14813481913805007, 0.13963923565745354, 0.13651114544272422, 0.15228256495296955, 0.13317241777181626, 0.13728652176558973, 0.12188864896297455, 0.12480251844376325, 0.1279941737294197, 0.1962251286625862, 0.12608981588035822, 0.11726538545787335, 0.12572917705774309, 0.10563025334179402, 0.11907414399832487, 0.1159887793943286, 0.12087636264562607, 0.11899536528587341, 0.11557164669930935, 0.11540981813520193, 0.11462599650919437, 0.11164180977940559, 0.11273800084888935, 0.11085053987652063, 0.09658383283019066, 0.11230632800459862, 0.10572434248924255, 0.13650794196128846, 0.1186759794935584, 0.10022072619348764, 0.09662193043529987, 0.08729439759850502, 0.09435082302466034, 0.10909015498757363, 0.10572403865754604, 0.11073972072899342, 0.10587129444256425, 0.10318933159559965, 0.11360740919411183, 0.09652988519668579, 0.09552430725544692, 0.08690531826391816, 0.0888022115573287, 0.10522688783109188, 0.08633273507356644, 0.08776644308939577, 0.08215168565511703, 0.09145396406650544, 0.09133848980665207, 0.0952871073357761], "centralserverround": [0, 1, 2, 3, 4, 5, 6, 7, 8, 9, 10, 11, 12, 13, 14, 15, 16, 17, 18, 19, 20, 21, 22, 23, 24, 25, 26, 27, 28, 29, 30, 31, 32, 33, 34, 35, 36, 37, 38, 39, 40, 41, 42, 43, 44, 45, 46, 47, 48, 49, 50, 51, 52, 53, 54, 55, 56, 57, 58, 59, 60, 61, 62, 63, 64, 65, 66, 67, 68, 69, 70, 71, 72, 73, 74, 75, 76, 77, 78, 79, 80, 81, 82, 83, 84, 85, 86, 87, 88, 89, 90, 91, 92, 93, 94, 95, 96, 97, 98, 99, 100]}