{"centralservertimepast": [0, 36200, 79400, 118600, 153800, 188000, 225200, 265400, 302600, 342800, 373000, 413200, 441400, 477600, 511800, 542000, 576200, 606400, 643600, 670800, 710000, 735200, 756400, 778600, 815800, 843000, 879200, 913400, 948600, 980800, 1018000, 1053200, 1088400, 1118600, 1152800, 1175000, 1199200, 1234400, 1271600, 1306800, 1350000, 1379200, 1416400, 1453600, 1474800, 1515000, 1538200, 1581400, 1609600, 1649800, 1690000, 1720200, 1763400, 1799600, 1820800, 1851000, 1894200, 1926400, 1961600, 1991800, 2032000, 2054200, 2097400, 2126600, 2161800, 2196000, 2232200, 2268400, 2308600, 2332800, 2376000, 2401200, 2444400, 2484600, 2524800, 2568000, 2598200, 2622400, 2658600, 2695800, 2731000, 2759200, 2798400, 2841600, 2881800, 2910000, 2950200, 2990400, 3025600, 3054800, 3092000, 3131200, 3171400, 3206600, 3243800, 3274000, 3313200, 3347400, 3382600, 3417800, 3439000], "centralserveraccuracy": [0.0958, 0.1655, 0.6472, 0.8243, 0.821, 0.8848, 0.8854, 0.8937, 0.9017, 0.9048, 0.9308, 0.9174, 0.9352, 0.9272, 0.9384, 0.9404, 0.9497, 0.9548, 0.952, 0.9493, 0.9508, 0.9585, 0.9614, 0.9624, 0.9574, 0.9585, 0.961, 0.9638, 0.9635, 0.9641, 0.9644, 0.9699, 0.9711, 0.9688, 0.9711, 0.9691, 0.9712, 0.9717, 0.9708, 0.9704, 0.9715, 0.9734, 0.9736, 0.9691, 0.9724, 0.9736, 0.9729, 0.974, 0.9692, 0.9728, 0.974, 0.9746, 0.9728, 0.9762, 0.9756, 0.9758, 0.9742, 0.9764, 0.9764, 0.9775, 0.9713, 0.9773, 0.9758, 0.978, 0.9767, 0.9767, 0.9777, 0.9758, 0.978, 0.9776, 0.9788, 0.9789, 0.9782, 0.9793, 0.9762, 0.978, 0.978, 0.9772, 0.9775, 0.9789, 0.9803, 0.978, 0.9796, 0.9762, 0.9784, 0.9799, 0.9784, 0.9768, 0.9796, 0.9788, 0.9783, 0.979, 0.9789, 0.98, 0.9796, 0.9787, 0.9791, 0.9792, 0.9799, 0.9792, 0.9815], "centralserverloss": [2.3089084629058836, 2.234700732803345, 1.1751361885070801, 0.6072015195846557, 0.5394562658309936, 0.38413347721099855, 0.382100496006012, 0.33966714551448823, 0.31025979888439176, 0.30791163518428805, 0.23604635630846024, 0.2708254187822342, 0.21813151004314424, 0.23412135231494904, 0.19759457840919495, 0.18597257186174393, 0.16378750871121883, 0.14714855696856977, 0.1572361556649208, 0.1553966150224209, 0.15425574507415293, 0.13418825227320194, 0.1276571193665266, 0.12183646798729897, 0.13281101449280977, 0.12687282137572764, 0.1266421114370227, 0.11374362120702863, 0.11253372602164745, 0.11228371759206057, 0.1080945409912616, 0.09609026736170054, 0.09352392050735653, 0.09289267348200082, 0.09247619329765439, 0.09744474346116185, 0.09279097711332142, 0.09207985820695758, 0.09917648684885352, 0.09833326969631016, 0.09184034219426103, 0.08902063561417163, 0.08557546187955886, 0.09120092272041365, 0.08233151420410723, 0.08375545837581158, 0.08258873377628624, 0.0820821305764839, 0.10014106421284377, 0.0841993771788897, 0.07970295022102072, 0.08032983466004953, 0.08790617693979293, 0.07550793306508567, 0.07629813525695353, 0.07701349708870985, 0.08618029031865299, 0.0762181283775717, 0.07809516411982477, 0.07444262883123011, 0.0911425558887422, 0.074920364202559, 0.07656071848897264, 0.07134693954121321, 0.07823211589464918, 0.08084761234191247, 0.07637925461549312, 0.07849622041713446, 0.07265035948341246, 0.07382726448192262, 0.07131572759759147, 0.06741594636349472, 0.07284331561168655, 0.0670422833160963, 0.0748336469940259, 0.06915295250652125, 0.06951424525477923, 0.06754124499097233, 0.07372497949101962, 0.06825398761664983, 0.06464555056465324, 0.07096510429601185, 0.06822021267918171, 0.07810496160974727, 0.07203785047354176, 0.06604200151516125, 0.06462616584521019, 0.07118141474068397, 0.06690827357114758, 0.06794806628115475, 0.06526138338086894, 0.06825804968010635, 0.06752012318585766, 0.06529110347621608, 0.06569654225487612, 0.06829396323348629, 0.06732203810439678, 0.0661227052684524, 0.0690646405693842, 0.06481749010051717, 0.06162138106895727], "centralserverround": [0, 1, 2, 3, 4, 5, 6, 7, 8, 9, 10, 11, 12, 13, 14, 15, 16, 17, 18, 19, 20, 21, 22, 23, 24, 25, 26, 27, 28, 29, 30, 31, 32, 33, 34, 35, 36, 37, 38, 39, 40, 41, 42, 43, 44, 45, 46, 47, 48, 49, 50, 51, 52, 53, 54, 55, 56, 57, 58, 59, 60, 61, 62, 63, 64, 65, 66, 67, 68, 69, 70, 71, 72, 73, 74, 75, 76, 77, 78, 79, 80, 81, 82, 83, 84, 85, 86, 87, 88, 89, 90, 91, 92, 93, 94, 95, 96, 97, 98, 99, 100]}