{"centralservertimepast": [0, 2200, 4400, 7800, 11200, 13400, 16800, 19000, 21200, 24600, 26800, 30200, 33600, 35800, 39200, 42600, 44800, 46800, 49000, 51200, 54600, 58000, 61400, 64800, 68200, 70400, 72600, 74800, 78200, 80400, 82600, 86000, 88200, 90400, 92600, 96000, 99400, 101600, 105000, 107200, 110600, 114000, 116200, 119600, 123000, 125200, 128600, 130800, 134200, 136400, 138600, 142000, 144200, 147600, 151000, 153200, 156600, 158800, 161000, 164400, 167800, 171200, 173400, 176800, 180200, 182400, 184600, 188000, 191400, 194800, 198200, 201600, 203800, 207200, 209400, 211600, 213800, 216000, 218200, 220400, 223800, 226000, 228200, 230400, 232600, 236000, 239400, 242800, 246200, 248400, 251800, 255200, 258600, 260800, 263000, 266400, 268600, 272000, 274000, 276200, 278200], "centralserveraccuracy": [0.0819, 0.1, 0.1, 0.1, 0.1, 0.1131, 0.1092, 0.1, 0.1, 0.136, 0.1, 0.1, 0.1, 0.1, 0.1, 0.1262, 0.1027, 0.1, 0.1016, 0.1008, 0.1271, 0.1, 0.1, 0.1068, 0.1254, 0.1051, 0.1007, 0.1, 0.1, 0.14, 0.1, 0.1325, 0.1001, 0.1285, 0.1002, 0.1143, 0.1131, 0.1006, 0.1407, 0.1389, 0.1643, 0.1256, 0.1098, 0.1001, 0.1, 0.1, 0.1027, 0.1047, 0.1418, 0.1038, 0.1235, 0.1647, 0.1299, 0.148, 0.1, 0.1265, 0.1, 0.1, 0.1, 0.1472, 0.1476, 0.1468, 0.1182, 0.1486, 0.1004, 0.1018, 0.1261, 0.1246, 0.1434, 0.1519, 0.1537, 0.1301, 0.1008, 0.1361, 0.1253, 0.1229, 0.1408, 0.1401, 0.101, 0.1096, 0.132, 0.1042, 0.1113, 0.1058, 0.1345, 0.1326, 0.1617, 0.1028, 0.1278, 0.13, 0.101, 0.1027, 0.1152, 0.1203, 0.1836, 0.1166, 0.1035, 0.1753, 0.11, 0.1403, 0.1433], "centralserverloss": [2.303701851272583, 2.6250866638183594, 2.643260121536255, 2.5111900882720946, 2.7201079578399656, 2.688870467376709, 2.572261251449585, 2.7127744720458984, 3.017012958526611, 2.415784185791016, 2.6181615142822268, 2.951456519317627, 2.7414275730133055, 3.175243930053711, 2.9444559684753417, 2.579339633560181, 2.547293341445923, 2.591482152557373, 2.595441567993164, 2.671397649002075, 2.79880584526062, 2.435161119842529, 2.6328401802062986, 2.6264295986175537, 2.484454167175293, 2.4950469791412355, 2.5220071910858155, 2.6621293964385986, 2.6678572467803954, 2.5856336711883543, 2.6797447551727296, 2.4238882591247557, 2.8682047950744627, 2.4955071681976317, 3.378054571533203, 3.0474399127960203, 2.6938424179077147, 2.511510779571533, 2.4416410926818846, 2.353992148208618, 2.4090426738739015, 2.6405285747528078, 2.5251563705444338, 2.920005834197998, 4.238321039199829, 3.1941891716003417, 2.5665645584106445, 2.6117189903259277, 2.3637595615386964, 2.445515586090088, 2.8509081577301028, 2.2757411804199217, 2.838370861816406, 2.416942336654663, 3.6270827533721923, 2.551706800460815, 2.636318003463745, 3.1863913192749025, 3.300100887298584, 2.5525545703887937, 2.452879312133789, 2.4526693477630617, 2.2827882911682127, 2.4749718452453613, 3.0383309032440184, 2.7253472862243653, 2.6098742038726805, 2.5850057975769043, 2.3861694259643556, 2.4577267246246337, 2.4342464881896975, 2.6493058742523194, 2.534580746078491, 2.487434243774414, 2.3964459251403807, 2.398675493621826, 2.739369579696655, 2.4497641792297364, 2.959623634338379, 2.7294117073059083, 2.3226326000213624, 3.2439320064544677, 2.6818067028045656, 2.518856834411621, 2.581269736099243, 2.490869092941284, 2.5142993350982668, 2.749608115005493, 2.541403572845459, 2.7263653995513915, 2.574515990447998, 2.692430223464966, 2.3874421504974364, 2.664067936706543, 2.341821216201782, 2.5125917514801026, 2.5718398464202883, 2.2646953094482423, 2.739081574249268, 2.3957529861450197, 2.3570411270141602], "centralserverround": [0, 1, 2, 3, 4, 5, 6, 7, 8, 9, 10, 11, 12, 13, 14, 15, 16, 17, 18, 19, 20, 21, 22, 23, 24, 25, 26, 27, 28, 29, 30, 31, 32, 33, 34, 35, 36, 37, 38, 39, 40, 41, 42, 43, 44, 45, 46, 47, 48, 49, 50, 51, 52, 53, 54, 55, 56, 57, 58, 59, 60, 61, 62, 63, 64, 65, 66, 67, 68, 69, 70, 71, 72, 73, 74, 75, 76, 77, 78, 79, 80, 81, 82, 83, 84, 85, 86, 87, 88, 89, 90, 91, 92, 93, 94, 95, 96, 97, 98, 99, 100]}