{"centralservertimepast": [0, 120200, 240400, 435600, 630800, 766000, 961200, 1081400, 1201600, 1396800, 1532000, 1727200, 1922400, 2042600, 2237800, 2433000, 2568200, 2663400, 2798600, 2918800, 3114000, 3309200, 3504400, 3699600, 3894800, 4030000, 4165200, 4300400, 4495600, 4630800, 4751000, 4946200, 5081400, 5216600, 5336800, 5532000, 5727200, 5862400, 6057600, 6192800, 6388000, 6583200, 6718400, 6913600, 7108800, 7244000, 7439200, 7559400, 7754600, 7889800, 8010000, 8205200, 8340400, 8535600, 8730800, 8866000, 9061200, 9196400, 9316600, 9511800, 9707000, 9902200, 10037400, 10232600, 10427800, 10548000, 10668200, 10863400, 11058600, 11253800, 11449000, 11644200, 11779400, 11974600, 12109800, 12245000, 12380200, 12515400, 12650600, 12770800, 12966000, 13101200, 13221400, 13341600, 13461800, 13657000, 13852200, 14047400, 14242600, 14377800, 14573000, 14768200, 14963400, 15083600, 15203800, 15399000, 15534200, 15729400, 15824600, 15959800, 16055000], "centralserveraccuracy": [0.1038, 0.098, 0.0982, 0.101, 0.0961, 0.1191, 0.1009, 0.1032, 0.1028, 0.0986, 0.0958, 0.101, 0.1135, 0.0974, 0.1009, 0.1128, 0.1028, 0.0982, 0.1135, 0.1315, 0.0892, 0.098, 0.0974, 0.1506, 0.1149, 0.1764, 0.1724, 0.1135, 0.0989, 0.1363, 0.1722, 0.1135, 0.2038, 0.1247, 0.098, 0.1834, 0.1783, 0.0892, 0.194, 0.2388, 0.2373, 0.1893, 0.1203, 0.1051, 0.101, 0.1896, 0.1148, 0.1522, 0.1868, 0.2507, 0.098, 0.1498, 0.1147, 0.1058, 0.101, 0.0977, 0.0958, 0.0982, 0.1859, 0.114, 0.1051, 0.1832, 0.2094, 0.3186, 0.101, 0.2219, 0.1528, 0.3689, 0.2113, 0.2594, 0.1995, 0.1784, 0.1757, 0.1795, 0.1678, 0.3053, 0.1977, 0.2472, 0.1009, 0.1136, 0.2071, 0.0987, 0.0963, 0.1086, 0.1763, 0.3042, 0.2871, 0.1037, 0.3241, 0.1775, 0.1849, 0.1024, 0.2025, 0.1017, 0.3065, 0.1298, 0.1341, 0.4066, 0.1931, 0.2548, 0.3503], "centralserverloss": [2.3094650287628173, 3.133522771072388, 3.2804787578582766, 2.8555390544891357, 2.987059245300293, 3.1441084045410155, 2.704549923706055, 3.1838367282867432, 4.303954035186767, 2.63625403175354, 3.2164267879486084, 4.066795611572266, 3.441442032623291, 4.397258354949951, 4.171558570861817, 3.689405544281006, 3.2572228313446043, 3.2210791030883787, 3.5168204284667968, 3.667106832885742, 3.0703860717773437, 3.1634542476654053, 3.369379190826416, 3.3753174682617186, 3.2563272167205812, 3.198913501739502, 2.6811932846069335, 2.96895032081604, 3.0469400199890138, 2.869126815414429, 3.1161925689697267, 2.824172102355957, 2.949295280075073, 3.1135741188049315, 5.156006232452393, 4.263251765441894, 3.3851594993591307, 3.019753871917725, 2.4743651466369627, 2.2572164558410646, 2.3687288860321045, 2.840454062652588, 2.821652345657349, 3.5577529750823973, 6.230857849121094, 3.597920050430298, 3.1325441776275635, 3.159445026397705, 2.474751692199707, 2.7617344734191893, 3.6610330574035643, 2.215950797653198, 3.262785054779053, 2.7028297355651856, 5.475905054473877, 2.8151830692291258, 3.16719369430542, 4.0904250236511235, 3.609580931854248, 3.2117469947814943, 2.6544088344573975, 2.5602509643554687, 2.0967684383392333, 2.31097181930542, 3.1032588272094728, 3.1328187381744383, 2.9003068088531494, 2.4894748516082763, 2.4591309604644773, 2.418460278701782, 2.185230263519287, 2.757807189178467, 2.8186176845550537, 2.875077657318115, 2.0569176124572754, 1.978873372077942, 3.100401699447632, 2.410920280838013, 3.4444428073883055, 3.095069141769409, 2.4998518661499025, 3.30043719291687, 2.806689079284668, 2.6580953578948976, 2.4595000980377195, 2.21033906211853, 2.1363331592559813, 2.9704141609191894, 2.353525950241089, 3.3185245559692382, 2.939452256011963, 3.0520648235321044, 2.0775746814727785, 2.7243775039672853, 2.2180712215423584, 2.326856472015381, 2.51406400680542, 1.8436845001220703, 2.8764011341094973, 2.1194619609832763, 2.237990432357788], "centralserverround": [0, 1, 2, 3, 4, 5, 6, 7, 8, 9, 10, 11, 12, 13, 14, 15, 16, 17, 18, 19, 20, 21, 22, 23, 24, 25, 26, 27, 28, 29, 30, 31, 32, 33, 34, 35, 36, 37, 38, 39, 40, 41, 42, 43, 44, 45, 46, 47, 48, 49, 50, 51, 52, 53, 54, 55, 56, 57, 58, 59, 60, 61, 62, 63, 64, 65, 66, 67, 68, 69, 70, 71, 72, 73, 74, 75, 76, 77, 78, 79, 80, 81, 82, 83, 84, 85, 86, 87, 88, 89, 90, 91, 92, 93, 94, 95, 96, 97, 98, 99, 100]}