{"centralservertimepast": [0, 1600, 3200, 4800, 6400, 8000, 9600, 11200, 12800, 14400, 16000, 17600, 19200, 20800, 22400, 24000, 25600, 27200, 28800, 30400, 32000, 33600, 35200, 36800, 38400, 40000, 41600, 43200, 44800, 46400, 48000, 49600, 51200, 52800, 54400, 56000, 57600, 59200, 60800, 62400, 64000, 65600, 67200, 68800, 70400, 72000, 73600, 75200, 76800, 78400, 80000, 81600, 83200, 84800, 86400, 88000, 89600, 91200, 92800, 94400, 96000, 97600, 99200, 100800, 102400, 104000, 105600, 107200, 108800, 110400, 112000, 113600, 115200, 116800, 118400, 120000, 121600, 123200, 124800, 126400, 128000, 129600, 131200, 132800, 134400, 136000, 137600, 139200, 140800, 142400, 144000, 145600, 147200, 148800, 150400, 152000, 153600, 155200, 156800, 158400, 160000], "centralserveraccuracy": [0.1191, 0.236, 0.5534, 0.7286, 0.8095, 0.842, 0.8614, 0.875, 0.8851, 0.8916, 0.8972, 0.9027, 0.9079, 0.9122, 0.9152, 0.9197, 0.9232, 0.9269, 0.93, 0.9324, 0.9353, 0.9371, 0.9395, 0.9422, 0.9428, 0.9453, 0.947, 0.9485, 0.9505, 0.951, 0.9527, 0.954, 0.9547, 0.956, 0.9568, 0.9578, 0.9579, 0.9585, 0.9596, 0.9604, 0.9611, 0.9617, 0.9625, 0.963, 0.9637, 0.9643, 0.9646, 0.9654, 0.9659, 0.9663, 0.9668, 0.9672, 0.9673, 0.9679, 0.9684, 0.9685, 0.9686, 0.9685, 0.9687, 0.9688, 0.9693, 0.9698, 0.9699, 0.9705, 0.9708, 0.9712, 0.9714, 0.9719, 0.9721, 0.9723, 0.9728, 0.9733, 0.9734, 0.9735, 0.9736, 0.9738, 0.9743, 0.9744, 0.9744, 0.9745, 0.9747, 0.975, 0.9752, 0.9753, 0.9756, 0.9759, 0.9759, 0.976, 0.9762, 0.9762, 0.9762, 0.9762, 0.9763, 0.9764, 0.9764, 0.9765, 0.9768, 0.9768, 0.977, 0.9776, 0.9776], "centralserverloss": [2.3048230407714843, 2.2548339263916017, 2.1372434551239015, 1.7387083572387696, 1.1360502870559692, 0.7482984457969666, 0.5647903423309326, 0.47161353993415833, 0.4168423735141754, 0.3798445481300354, 0.3522216585159302, 0.3300281560897827, 0.3112811807632446, 0.294901292347908, 0.2802456070661545, 0.26695949277877806, 0.25478939001560214, 0.24350874423980712, 0.23297609801292418, 0.2231931671500206, 0.2141597014427185, 0.2058452630996704, 0.19814379657506942, 0.19101781038045884, 0.18438518575429916, 0.1782385411798954, 0.17254614511728286, 0.1672519517481327, 0.16229435563087463, 0.15767706410884857, 0.15336232729554175, 0.1492914163529873, 0.14545993755757808, 0.14185148998200894, 0.13844955305159093, 0.13524588989019393, 0.13221663762032987, 0.12935748669803143, 0.1266688396334648, 0.12411266142725945, 0.12168853223025798, 0.11938510440289975, 0.11719487897455692, 0.1151036567389965, 0.11310707133710385, 0.11121276258528233, 0.10941584445685149, 0.10769005100131035, 0.1060595530256629, 0.10449416985660791, 0.1029868757367134, 0.10155465272814035, 0.10018448608070613, 0.09886835593879223, 0.09760301696360112, 0.09638845716118813, 0.09521468378901482, 0.09408240272700787, 0.0929939247764647, 0.09194584055915475, 0.09093388380110264, 0.08996292895823717, 0.0890377656467259, 0.08814819944128394, 0.08728817541226745, 0.08647298141941429, 0.08567815694436431, 0.08491200236752629, 0.08417036633789539, 0.08345628105774522, 0.08276207743212581, 0.0820792435079813, 0.08142258141860366, 0.08077417499125004, 0.08014115340784192, 0.07953025152757764, 0.07893109401762485, 0.0783568055562675, 0.07779954603612423, 0.07725845908820629, 0.07672510225884617, 0.07620859371349216, 0.07570517387241125, 0.07521536735072731, 0.0747335661675781, 0.07426417498961091, 0.07381094516552984, 0.07336478701084852, 0.0729318567328155, 0.07251340706013143, 0.07210427133105696, 0.07170119955725968, 0.07131307822912931, 0.07092648911401629, 0.07054838705807924, 0.07017709848023951, 0.06981739851161838, 0.06946090306080878, 0.06911994012072682, 0.06877731063775719, 0.06844154008366167], "centralserverround": [0, 1, 2, 3, 4, 5, 6, 7, 8, 9, 10, 11, 12, 13, 14, 15, 16, 17, 18, 19, 20, 21, 22, 23, 24, 25, 26, 27, 28, 29, 30, 31, 32, 33, 34, 35, 36, 37, 38, 39, 40, 41, 42, 43, 44, 45, 46, 47, 48, 49, 50, 51, 52, 53, 54, 55, 56, 57, 58, 59, 60, 61, 62, 63, 64, 65, 66, 67, 68, 69, 70, 71, 72, 73, 74, 75, 76, 77, 78, 79, 80, 81, 82, 83, 84, 85, 86, 87, 88, 89, 90, 91, 92, 93, 94, 95, 96, 97, 98, 99, 100], "clustertimepast": [[], [], [], [], [], [], [], [], [], []], "clusteraccuracy": [[], [], [], [], [], [], [], [], [], []], "clusterloss": [[], [], [], [], [], [], [], [], [], []], "clusterround": [[], [], [], [], [], [], [], [], [], []]}