{"centralservertimepast": [0, 17300, 34600, 51900, 69200, 86500, 103800, 121100, 138400, 155700, 173000, 190300, 207600, 224900, 242200, 259500, 276800, 294100, 311400, 328700, 346000, 363300, 380600, 397900, 415200, 432500, 449800, 467100, 484400, 501700, 519000, 536300, 553600, 570900, 588200, 605500, 622800, 640100, 657400, 674700, 692000, 709300, 726600, 743900, 761200, 778500, 795800, 813100, 830400, 847700, 865000, 882300, 899600, 916900, 934200, 951500, 968800, 986100, 1003400, 1020700, 1038000, 1055300, 1072600, 1089900, 1107200, 1124500, 1141800, 1159100, 1176400, 1193700, 1211000, 1228300, 1245600, 1262900, 1280200, 1297500, 1314800, 1332100, 1349400, 1366700, 1384000, 1401300, 1418600, 1435900, 1453200, 1470500, 1487800, 1505100, 1522400, 1539700, 1557000, 1574300, 1591600, 1608900, 1626200, 1643500, 1660800, 1678100, 1695400, 1712700, 1730000], "centralserveraccuracy": [0.1005, 0.2157, 0.2759, 0.309, 0.3357, 0.3595, 0.3803, 0.3979, 0.4163, 0.4322, 0.4449, 0.461, 0.4742, 0.4835, 0.4864, 0.4906, 0.4943, 0.4989, 0.4991, 0.5037, 0.5048, 0.5063, 0.505, 0.5049, 0.5064, 0.5034, 0.5077, 0.5086, 0.5076, 0.5078, 0.5077, 0.5035, 0.5087, 0.4991, 0.5065, 0.511, 0.511, 0.495, 0.5061, 0.5132, 0.5127, 0.5081, 0.5127, 0.5097, 0.5077, 0.4919, 0.5101, 0.5137, 0.5106, 0.5076, 0.5121, 0.5107, 0.511, 0.5105, 0.5103, 0.5103, 0.51, 0.5103, 0.5097, 0.5095, 0.5093, 0.5093, 0.5093, 0.5092, 0.5091, 0.5085, 0.5092, 0.5088, 0.5093, 0.5089, 0.5092, 0.5092, 0.5092, 0.5095, 0.5098, 0.5096, 0.5098, 0.5098, 0.5098, 0.5096, 0.5101, 0.51, 0.5097, 0.5101, 0.5102, 0.5104, 0.5103, 0.5106, 0.5107, 0.5104, 0.5104, 0.5106, 0.5106, 0.5111, 0.511, 0.5111, 0.5109, 0.5107, 0.511, 0.5106, 0.5106], "centralserverloss": [2.3034168884277344, 2.244214101409912, 2.0646196975708007, 1.936565326499939, 1.867790970993042, 1.8083237121582032, 1.7544601278305054, 1.7038660005569457, 1.6524749868392945, 1.6027241062164306, 1.5561846418380738, 1.5201335140228271, 1.495548344039917, 1.4875691576004029, 1.4933780431747437, 1.5100711448669433, 1.5350982521057128, 1.568818762588501, 1.5992483129501343, 1.6327892250061036, 1.6683237184524535, 1.7073934522628784, 1.7474618171691894, 1.7852680702209474, 1.8174772495269775, 1.8538450355529785, 1.8839495029449462, 1.9181737771987915, 1.9467162744522095, 1.9630009838104248, 2.003735418510437, 2.011730917549133, 2.024064622116089, 2.1123302635192873, 2.0384746490478514, 2.0562154148101808, 2.124607118988037, 2.271638744354248, 2.0957911956787107, 2.1504093116760252, 2.1794729179382326, 2.1916386795043947, 2.218147399711609, 2.22708928565979, 2.2759027740478515, 2.4046543338775637, 2.226388688278198, 2.2610908477783203, 2.301650824356079, 2.3406467357635496, 2.344743274688721, 2.370665447998047, 2.391283109664917, 2.4114509941101074, 2.427890026473999, 2.44310181350708, 2.4579320518493653, 2.4718820152282714, 2.485209613800049, 2.4977315494537353, 2.5100739974975586, 2.521287533569336, 2.5323311553955077, 2.54321653213501, 2.5537560688018797, 2.5640070278167726, 2.573906396102905, 2.583422462463379, 2.5926832893371583, 2.6015553314208986, 2.61025266494751, 2.6187203239440917, 2.627036532211304, 2.6352054000854492, 2.64333102684021, 2.6513433544158937, 2.659078893661499, 2.6665303886413576, 2.6739458271026613, 2.6814055503845213, 2.6885444984436035, 2.6952422370910645, 2.7022467468261717, 2.708972838973999, 2.715556314086914, 2.72197864112854, 2.72833911819458, 2.734538098907471, 2.740635690307617, 2.7465321113586425, 2.7524865730285644, 2.7584891639709475, 2.7641350479125975, 2.7698085342407226, 2.775527554321289, 2.7810772865295412, 2.786392965698242, 2.791531237411499, 2.7967594890594483, 2.8020491802215575, 2.8069373332977294], "centralserverround": [0, 1, 2, 3, 4, 5, 6, 7, 8, 9, 10, 11, 12, 13, 14, 15, 16, 17, 18, 19, 20, 21, 22, 23, 24, 25, 26, 27, 28, 29, 30, 31, 32, 33, 34, 35, 36, 37, 38, 39, 40, 41, 42, 43, 44, 45, 46, 47, 48, 49, 50, 51, 52, 53, 54, 55, 56, 57, 58, 59, 60, 61, 62, 63, 64, 65, 66, 67, 68, 69, 70, 71, 72, 73, 74, 75, 76, 77, 78, 79, 80, 81, 82, 83, 84, 85, 86, 87, 88, 89, 90, 91, 92, 93, 94, 95, 96, 97, 98, 99, 100]}