{"centralservertimepast": [0, 24200, 55400, 91600, 118800, 136000, 156200, 176400, 194600, 230800, 265000, 287200, 313400, 337600, 356800, 382000, 416200, 450400, 480600, 516800, 548000, 572200, 599400, 633600, 667800, 699000, 729200, 759400, 777600, 811800, 841000, 875200, 909400, 945600, 979800, 1016000, 1045200, 1074400, 1101600, 1130800, 1161000, 1195200, 1229400, 1265600, 1294800, 1326000, 1357200, 1391400, 1418600, 1447800, 1477000, 1511200, 1545400, 1572600, 1606800, 1632000, 1666200, 1697400, 1724600, 1752800, 1787000, 1823200, 1857400, 1886600, 1912800, 1947000, 1976200, 2000400, 2034600, 2068800, 2091000, 2125200, 2159400, 2193600, 2220800, 2252000, 2286200, 2314400, 2350600, 2378800, 2408000, 2442200, 2474400, 2503600, 2525800, 2558000, 2589200, 2611400, 2638600, 2659800, 2684000, 2713200, 2734400, 2764600, 2791800, 2828000, 2858200, 2887400, 2917600, 2947800, 2972000], "centralserveraccuracy": [0.0987, 0.1088, 0.2173, 0.2555, 0.293, 0.3193, 0.2705, 0.3292, 0.3711, 0.3912, 0.3303, 0.4083, 0.3975, 0.4078, 0.4233, 0.4307, 0.4219, 0.4646, 0.4396, 0.4789, 0.4824, 0.4811, 0.4699, 0.4693, 0.492, 0.5102, 0.4944, 0.4946, 0.5266, 0.5031, 0.5173, 0.5249, 0.501, 0.5087, 0.5222, 0.5476, 0.54, 0.5422, 0.531, 0.5498, 0.5176, 0.5521, 0.5487, 0.5506, 0.5618, 0.5463, 0.5661, 0.5594, 0.5593, 0.5639, 0.5459, 0.5265, 0.5511, 0.5816, 0.5775, 0.5315, 0.5616, 0.5742, 0.58, 0.55, 0.5739, 0.5853, 0.5668, 0.5473, 0.5797, 0.5765, 0.5887, 0.5874, 0.5826, 0.5763, 0.5875, 0.5796, 0.5743, 0.5839, 0.5838, 0.5876, 0.5815, 0.5789, 0.599, 0.5999, 0.5675, 0.5793, 0.5759, 0.5915, 0.5928, 0.5677, 0.604, 0.595, 0.5987, 0.6023, 0.5698, 0.6079, 0.6051, 0.6093, 0.6093, 0.602, 0.5847, 0.5972, 0.5854, 0.586, 0.5941], "centralserverloss": [2.30225061416626, 2.311709893035889, 2.1213478786468505, 2.129294080543518, 1.9743647035598755, 1.9025854833602904, 2.01498980178833, 1.877004136276245, 1.774540683555603, 1.72243280544281, 1.8946889043807984, 1.6565689191818238, 1.6797149822235107, 1.6572369604110717, 1.6491943725585938, 1.5901150104522705, 1.608901777076721, 1.505344994354248, 1.5799474657058716, 1.4631839416503907, 1.4644673572540283, 1.477513418006897, 1.48233620262146, 1.5530707429885864, 1.4471184823989869, 1.4131101190567017, 1.4690045892715453, 1.4481234449386597, 1.3773112630844115, 1.437239271736145, 1.4412872104644776, 1.4287684843063355, 1.5391845092773437, 1.5449641332626343, 1.5352011791229248, 1.378982078742981, 1.4378399112701417, 1.4177242670059205, 1.5094033542633056, 1.4242754379272462, 1.5477354406356811, 1.4240631135940551, 1.426981204032898, 1.4723784912109374, 1.398883112335205, 1.4338254594802857, 1.4469266725540162, 1.4147227628707886, 1.4102007535934449, 1.4319695169448852, 1.5195078258514405, 1.6729545766830445, 1.4787152502059937, 1.376480107498169, 1.429444776725769, 1.5957330392837525, 1.5011948583602905, 1.444976634979248, 1.3989735830307006, 1.547503542137146, 1.4407929117202758, 1.4065446287155152, 1.5274504697799682, 1.6560470184326173, 1.4112565927505494, 1.4828990480422974, 1.400961623764038, 1.4106858345031739, 1.4736043956756593, 1.500355265045166, 1.415136380958557, 1.4810546510696412, 1.5011460987091065, 1.4798474945068358, 1.4405884595870972, 1.458954571723938, 1.5074113023757933, 1.48197142162323, 1.4233665029525757, 1.3667161771774292, 1.562374374961853, 1.5309832859039307, 1.535285788345337, 1.411551975440979, 1.4293627574920655, 1.5548206163406373, 1.3871431484222412, 1.4512776741027833, 1.3995875774383546, 1.412453689956665, 1.5004468667984008, 1.3514604427337646, 1.3976697412490844, 1.3763186058044434, 1.368004310798645, 1.4575060939788818, 1.5484410154342652, 1.415513535308838, 1.4733224437713623, 1.5439599699020385, 1.4174793918609618], "centralserverround": [0, 1, 2, 3, 4, 5, 6, 7, 8, 9, 10, 11, 12, 13, 14, 15, 16, 17, 18, 19, 20, 21, 22, 23, 24, 25, 26, 27, 28, 29, 30, 31, 32, 33, 34, 35, 36, 37, 38, 39, 40, 41, 42, 43, 44, 45, 46, 47, 48, 49, 50, 51, 52, 53, 54, 55, 56, 57, 58, 59, 60, 61, 62, 63, 64, 65, 66, 67, 68, 69, 70, 71, 72, 73, 74, 75, 76, 77, 78, 79, 80, 81, 82, 83, 84, 85, 86, 87, 88, 89, 90, 91, 92, 93, 94, 95, 96, 97, 98, 99, 100]}