{"centralservertimepast": [0, 18200, 39900, 59600, 77300, 94500, 113200, 133400, 152100, 172300, 187500, 207700, 221900, 240100, 257300, 272500, 289700, 304900, 323600, 337300, 357000, 369700, 380400, 391600, 410300, 424000, 442200, 459400, 477100, 493300, 512000, 529700, 547400, 562600, 579800, 591000, 603200, 620900, 639600, 657300, 679000, 693700, 712400, 731100, 741800, 762000, 773700, 795400, 809600, 829800, 850000, 865200, 886900, 905100, 915800, 931000, 952700, 968900, 986600, 1001800, 1022000, 1033200, 1054900, 1069600, 1087300, 1104500, 1122700, 1140900, 1161100, 1173300, 1195000, 1207700, 1229400, 1249600, 1269800, 1291500, 1306700, 1318900, 1337100, 1355800, 1373500, 1387700, 1407400, 1429100, 1449300, 1463500, 1483700, 1503900, 1521600, 1536300, 1555000, 1574700, 1594900, 1612600, 1631300, 1646500, 1666200, 1683400, 1701100, 1718800, 1729500], "centralserveraccuracy": [0.1008, 0.0892, 0.1728, 0.5948, 0.6752, 0.7554, 0.8069, 0.8248, 0.8509, 0.857, 0.8836, 0.8655, 0.8959, 0.8883, 0.9037, 0.9033, 0.9108, 0.9236, 0.8941, 0.9175, 0.9207, 0.929, 0.9367, 0.9369, 0.9383, 0.9263, 0.934, 0.9401, 0.9438, 0.9444, 0.9469, 0.9517, 0.9521, 0.9511, 0.9528, 0.9513, 0.9545, 0.9553, 0.955, 0.953, 0.9582, 0.9573, 0.9607, 0.9539, 0.9589, 0.9612, 0.9569, 0.9585, 0.9611, 0.9607, 0.962, 0.9644, 0.9627, 0.9638, 0.9679, 0.9669, 0.9658, 0.9664, 0.9678, 0.967, 0.9626, 0.968, 0.969, 0.9683, 0.9693, 0.9689, 0.9716, 0.9687, 0.9708, 0.9692, 0.9715, 0.9731, 0.9696, 0.9724, 0.9702, 0.9718, 0.9724, 0.9723, 0.9722, 0.9728, 0.9738, 0.9729, 0.9745, 0.9714, 0.972, 0.9735, 0.973, 0.9678, 0.976, 0.974, 0.9736, 0.9745, 0.9724, 0.9754, 0.9744, 0.975, 0.9745, 0.9736, 0.9741, 0.9747, 0.9776], "centralserverloss": [2.308150419616699, 2.327108685684204, 2.1241409015655517, 1.5092901390075684, 1.0122727964401246, 0.7298500122070313, 0.6351740201950073, 0.5316646314620972, 0.46835256628990174, 0.45258882999420164, 0.3903050797700882, 0.425468155670166, 0.35535806879997256, 0.3582965794086456, 0.31818252129554747, 0.3156034135818481, 0.2910080096244812, 0.2495891568660736, 0.3194082232713699, 0.26229539489746095, 0.25143602371215823, 0.23224763772487642, 0.20868038940429687, 0.2081174954533577, 0.20922667145729065, 0.23022714734077454, 0.21098842210769653, 0.19338901615738868, 0.17691840045452117, 0.1788558087348938, 0.17363591617941856, 0.1575504491209984, 0.1537403089284897, 0.15074746999144553, 0.1525108520269394, 0.1559996559858322, 0.14623270643353461, 0.14985479397177695, 0.14692403858304023, 0.15258959024250507, 0.13664365848600865, 0.13734466874599457, 0.12972028129696847, 0.13593974867761136, 0.1259656227260828, 0.1257177177220583, 0.12944982122182846, 0.13193048595786094, 0.1267996970295906, 0.11821813404560089, 0.11475164912194014, 0.1132491798505187, 0.1189086295157671, 0.11041468819379807, 0.10501239063888788, 0.10508246147036553, 0.1112973324149847, 0.10574850693941117, 0.10388478427827358, 0.10196722522228956, 0.11630664234310388, 0.10161437439620495, 0.09894089709445834, 0.09771532599180936, 0.1004074268862605, 0.09988200164288283, 0.09311443383395672, 0.10067067228853703, 0.09285833511129021, 0.09793099669367075, 0.09029096274673938, 0.08750550207048655, 0.09826151401773095, 0.08767836132198573, 0.09024721398428083, 0.08573935029804707, 0.09024713204801083, 0.08264117161557079, 0.08887727576941251, 0.08560587360337377, 0.08428422348722815, 0.08802430113852024, 0.08519303555265069, 0.09009305932298303, 0.09044195380955934, 0.08446822743341327, 0.07976360289342702, 0.09292018048204481, 0.08028143262863159, 0.08129575098380447, 0.0804833802267909, 0.08377764533944428, 0.08339726227410138, 0.0771209566526115, 0.0777168394677341, 0.08077739818766713, 0.08102378715910018, 0.08078615921940654, 0.07933922625873238, 0.07840471009546891, 0.07153263353817164], "centralserverround": [0, 1, 2, 3, 4, 5, 6, 7, 8, 9, 10, 11, 12, 13, 14, 15, 16, 17, 18, 19, 20, 21, 22, 23, 24, 25, 26, 27, 28, 29, 30, 31, 32, 33, 34, 35, 36, 37, 38, 39, 40, 41, 42, 43, 44, 45, 46, 47, 48, 49, 50, 51, 52, 53, 54, 55, 56, 57, 58, 59, 60, 61, 62, 63, 64, 65, 66, 67, 68, 69, 70, 71, 72, 73, 74, 75, 76, 77, 78, 79, 80, 81, 82, 83, 84, 85, 86, 87, 88, 89, 90, 91, 92, 93, 94, 95, 96, 97, 98, 99, 100]}