{"centralservertimepast": [0, 22200, 42400, 64600, 84800, 107000, 129200, 151400, 171600, 191800, 214000, 234200, 256400, 276600, 296800, 317000, 339200, 361400, 383600, 405800, 425000, 445200, 467400, 489600, 509800, 530000, 552200, 574400, 596600, 618800, 641000, 660200, 682400, 704600, 726800, 749000, 771200, 793400, 815600, 837800, 860000, 882200, 902400, 924600, 944800, 967000, 989200, 1011400, 1033600, 1053800, 1076000, 1096200, 1118400, 1140600, 1160800, 1183000, 1205200, 1227400, 1249600, 1271800, 1292000, 1314200, 1336400, 1358600, 1380800, 1403000, 1423200, 1445400, 1467600, 1489800, 1512000, 1534200, 1556400, 1578600, 1600800, 1623000, 1645200, 1667400, 1689600, 1709800, 1732000, 1754200, 1776400, 1798600, 1818800, 1841000, 1863200, 1885400, 1907600, 1929800, 1952000, 1972200, 1994400, 2016600, 2038800, 2059000, 2081200, 2103400, 2123600, 2145800, 2168000], "centralserveraccuracy": [0.1249, 0.1011, 0.1097, 0.0892, 0.099, 0.1392, 0.0974, 0.1135, 0.1028, 0.101, 0.0958, 0.101, 0.0958, 0.1842, 0.101, 0.1122, 0.1116, 0.199, 0.2033, 0.1143, 0.1058, 0.1056, 0.2191, 0.1647, 0.1252, 0.3254, 0.3085, 0.3108, 0.2667, 0.416, 0.4313, 0.4056, 0.516, 0.5017, 0.5086, 0.5819, 0.5602, 0.4051, 0.5144, 0.5583, 0.5852, 0.6063, 0.5492, 0.6147, 0.7058, 0.6574, 0.5637, 0.6559, 0.6975, 0.5924, 0.7571, 0.7056, 0.7362, 0.7301, 0.7183, 0.7126, 0.6917, 0.7458, 0.7584, 0.7355, 0.7511, 0.7452, 0.7543, 0.7473, 0.7899, 0.7711, 0.6987, 0.6949, 0.8059, 0.7776, 0.8111, 0.7947, 0.748, 0.8149, 0.8167, 0.827, 0.8212, 0.8015, 0.8177, 0.8128, 0.7847, 0.8074, 0.787, 0.7639, 0.8265, 0.7885, 0.8168, 0.805, 0.8206, 0.844, 0.7762, 0.7252, 0.7824, 0.7463, 0.8251, 0.798, 0.8458, 0.8068, 0.7978, 0.7866, 0.8215], "centralserverloss": [2.306063794708252, 2.398239088058472, 2.4205850105285647, 2.3540322147369386, 2.3942667556762696, 2.3627735050201415, 2.380313935470581, 2.7743107765197754, 2.512509791946411, 2.5496203788757326, 2.3545310413360596, 2.45329772567749, 2.2549379486083985, 2.2027831539154055, 2.710748818588257, 2.5134004947662354, 2.4618135513305663, 2.2732513916015624, 2.2265864917755125, 2.3014056747436524, 2.248923857498169, 2.340524909210205, 2.1788685470581055, 2.1999188720703127, 2.0408401248931884, 1.931871746635437, 1.9869278476715089, 1.8864329425811768, 1.777535012435913, 1.6972399242401124, 1.615817946434021, 1.7129750555038452, 1.4755055013656617, 1.4858702478408814, 1.4738020427703857, 1.2570486536026002, 1.3049939165115356, 1.4865855018615723, 1.2992975206375121, 1.2158652294158936, 1.1659440299034118, 1.1285697120666505, 1.282647958946228, 1.075385116672516, 0.9659840891838074, 0.9941911998748779, 1.1005358491897583, 1.045008988571167, 0.9092557494163513, 1.0576571720123291, 0.774590655040741, 0.859816941356659, 0.7929472432136536, 0.8153750877380371, 0.8489238127708435, 0.8204642056465149, 0.8811471670150757, 0.739015811920166, 0.7028726278305054, 0.7677763199806213, 0.7393590056419372, 0.7222434315681457, 0.7041915688514709, 0.7398017313957215, 0.6422190481185913, 0.6948897977352142, 0.9110933821678162, 0.8296174775123596, 0.5931604539394378, 0.6597292743682861, 0.5700785330295562, 0.5996985260486603, 0.7176325596809388, 0.5688174289703369, 0.5641004722118378, 0.5512692996501922, 0.5532814634799957, 0.5896571543693543, 0.556148124074936, 0.5485301018714904, 0.6039248414039612, 0.5843690929889679, 0.6492125872135163, 0.6357017570972443, 0.5438937447547912, 0.589472219991684, 0.5757695391654968, 0.5887399196624756, 0.5425513720273971, 0.48213723468780517, 0.619437288236618, 0.7875204439163208, 0.6241877190113068, 0.6999274417877197, 0.5279480363845825, 0.5893529516220093, 0.4834339544057846, 0.5473318044185639, 0.6005646567344666, 0.6291738917827606, 0.5228108473300934], "centralserverround": [0, 1, 2, 3, 4, 5, 6, 7, 8, 9, 10, 11, 12, 13, 14, 15, 16, 17, 18, 19, 20, 21, 22, 23, 24, 25, 26, 27, 28, 29, 30, 31, 32, 33, 34, 35, 36, 37, 38, 39, 40, 41, 42, 43, 44, 45, 46, 47, 48, 49, 50, 51, 52, 53, 54, 55, 56, 57, 58, 59, 60, 61, 62, 63, 64, 65, 66, 67, 68, 69, 70, 71, 72, 73, 74, 75, 76, 77, 78, 79, 80, 81, 82, 83, 84, 85, 86, 87, 88, 89, 90, 91, 92, 93, 94, 95, 96, 97, 98, 99, 100]}