{"centralservertimepast": [0, 10600, 21200, 31800, 42400, 53000, 63600, 74200, 84800, 95400, 106000, 116600, 127200, 137800, 148400, 159000, 169600, 180200, 190800, 201400, 212000, 222600, 233200, 243800, 254400, 265000, 275600, 286200, 296800, 307400, 318000, 328600, 339200, 349800, 360400, 371000, 381600, 392200, 402800, 413400, 424000, 434600, 445200, 455800, 466400, 477000, 487600, 498200, 508800, 519400, 530000, 540600, 551200, 561800, 572400, 583000, 593600, 604200, 614800, 625400, 636000, 646600, 657200, 667800, 678400, 689000, 699600, 710200, 720800, 731400, 742000, 752600, 763200, 773800, 784400, 795000, 805600, 816200, 826800, 837400, 848000, 858600, 869200, 879800, 890400, 901000, 911600, 922200, 932800, 943400, 954000, 964600, 975200, 985800, 996400, 1007000, 1017600, 1028200, 1038800, 1049400, 1060000], "centralserveraccuracy": [0.1191, 0.0927, 0.0977, 0.1469, 0.1908, 0.2605, 0.355, 0.4426, 0.5227, 0.5811, 0.6148, 0.6398, 0.6618, 0.6792, 0.6928, 0.7046, 0.7158, 0.7298, 0.741, 0.7521, 0.7621, 0.7721, 0.781, 0.7866, 0.794, 0.7986, 0.8034, 0.8072, 0.8121, 0.8158, 0.8201, 0.8243, 0.8268, 0.8304, 0.8333, 0.8362, 0.8386, 0.8409, 0.8434, 0.8445, 0.846, 0.8482, 0.8501, 0.8521, 0.854, 0.8562, 0.8577, 0.8594, 0.8607, 0.862, 0.8631, 0.865, 0.8664, 0.8674, 0.8692, 0.8706, 0.871, 0.8724, 0.8735, 0.8749, 0.8765, 0.8771, 0.8778, 0.8787, 0.8797, 0.8805, 0.8814, 0.8817, 0.8824, 0.884, 0.8856, 0.8865, 0.8868, 0.8879, 0.8885, 0.889, 0.8893, 0.8902, 0.891, 0.8919, 0.8927, 0.8933, 0.8943, 0.8947, 0.8954, 0.8964, 0.8973, 0.898, 0.8982, 0.8988, 0.8992, 0.9, 0.9003, 0.9004, 0.9009, 0.9013, 0.9018, 0.902, 0.9019, 0.9021, 0.9026], "centralserverloss": [2.3048230407714843, 2.3076884620666505, 2.2896243923187254, 2.263390947723389, 2.232253475189209, 2.1959825164794924, 2.1547705612182617, 2.1081597965240477, 2.0542428993225097, 1.9913227596282959, 1.9183148328781128, 1.8353874120712281, 1.7430949769973756, 1.6431428125381469, 1.538171678161621, 1.4315680784225464, 1.3268304376602174, 1.2270275787353515, 1.1344615934371949, 1.0505826756477357, 0.9760143880844117, 0.9105763675689698, 0.8537375284194946, 0.8046363289833068, 0.7623054222106933, 0.7258153784751892, 0.6943847866058349, 0.667285796546936, 0.643733016872406, 0.6230945837020874, 0.6048590717315674, 0.5885963109970093, 0.5739802438735961, 0.5608047379970551, 0.548835081243515, 0.5377998634338379, 0.5276295210838318, 0.5182599230766296, 0.509482782793045, 0.5012611570358276, 0.49348362889289854, 0.4861796160697937, 0.4793027287960053, 0.47275490365028383, 0.4664793637752533, 0.4604963203430176, 0.4547980865478516, 0.44935121097564695, 0.4440870319366455, 0.43907255868911743, 0.43425768241882323, 0.42954046511650085, 0.4250727961063385, 0.4207323461532593, 0.4165606900691986, 0.41251881980895994, 0.40861326518058777, 0.40482157316207884, 0.40117898831367493, 0.39764422669410704, 0.3942501566886902, 0.3909457952976227, 0.3877185930252075, 0.38456824016571045, 0.38148477301597594, 0.3784287025928497, 0.37547276034355165, 0.3726081066131592, 0.36980033712387084, 0.3670488935947418, 0.364409977722168, 0.3618303753376007, 0.3592860732078552, 0.35682735781669617, 0.3544049608945847, 0.35202016108036044, 0.3497008868217468, 0.3474412939786911, 0.34519047544002535, 0.3429697606563568, 0.34078874673843385, 0.33867586333751676, 0.33659300730228425, 0.33453797130584717, 0.3324791002750397, 0.3304510401725769, 0.3284442529201508, 0.32649352831840517, 0.3245624129772186, 0.32267188854217527, 0.3207868946313858, 0.3189773777961731, 0.31720155174732206, 0.3154688400030136, 0.31372777156829834, 0.3119966844320297, 0.31029848613739014, 0.30863398909568784, 0.306962890458107, 0.3053192545413971, 0.3036943336248398], "centralserverround": [0, 1, 2, 3, 4, 5, 6, 7, 8, 9, 10, 11, 12, 13, 14, 15, 16, 17, 18, 19, 20, 21, 22, 23, 24, 25, 26, 27, 28, 29, 30, 31, 32, 33, 34, 35, 36, 37, 38, 39, 40, 41, 42, 43, 44, 45, 46, 47, 48, 49, 50, 51, 52, 53, 54, 55, 56, 57, 58, 59, 60, 61, 62, 63, 64, 65, 66, 67, 68, 69, 70, 71, 72, 73, 74, 75, 76, 77, 78, 79, 80, 81, 82, 83, 84, 85, 86, 87, 88, 89, 90, 91, 92, 93, 94, 95, 96, 97, 98, 99, 100], "clustertimepast": [[], [], [], [], [], [], [], [], [], []], "clusteraccuracy": [[], [], [], [], [], [], [], [], [], []], "clusterloss": [[], [], [], [], [], [], [], [], [], []], "clusterround": [[], [], [], [], [], [], [], [], [], []]}