{"centralservertimepast": [0, 2300, 4600, 6900, 9200, 11500, 13800, 16100, 18400, 20700, 23000, 25300, 27600, 29900, 32200, 34500, 36800, 39100, 41400, 43700, 46000, 48300, 50600, 52900, 55200, 57500, 59800, 62100, 64400, 66700, 69000, 71300, 73600, 75900, 78200, 80500, 82800, 85100, 87400, 89700, 92000, 94300, 96600, 98900, 101200, 103500, 105800, 108100, 110400, 112700, 115000], "centralserveraccuracy": [0.1116, 0.89, 0.9389, 0.9586, 0.9683, 0.9732, 0.976, 0.9783, 0.9806, 0.9812, 0.9824, 0.983, 0.9838, 0.9845, 0.9848, 0.9848, 0.9848, 0.9853, 0.9853, 0.9855, 0.986, 0.9861, 0.9863, 0.9865, 0.9866, 0.9868, 0.9872, 0.9871, 0.9874, 0.9873, 0.9871, 0.9871, 0.9873, 0.9869, 0.9869, 0.9874, 0.9871, 0.9873, 0.987, 0.9873, 0.9873, 0.9874, 0.9876, 0.9882, 0.9877, 0.9883, 0.9879, 0.9881, 0.988, 0.9885, 0.988], "centralserverloss": [2.306291827774048, 0.3698130584001541, 0.2007028086066246, 0.13782474057674407, 0.10717977369576692, 0.08948929719477892, 0.07689099053442479, 0.06918123937919736, 0.0637047921194695, 0.059630698747234416, 0.056553831144887955, 0.05358148671828676, 0.051104479944426566, 0.04955067159291357, 0.04801687838516664, 0.0468824136740237, 0.04631214072460425, 0.04548142288015224, 0.04501730690987315, 0.04432156245496881, 0.04352713264367194, 0.04353807772445725, 0.04304581314219977, 0.04267549497213622, 0.04273223037915013, 0.04290133234048844, 0.04234894610947231, 0.04224584811684035, 0.0421474597804794, 0.04225560545636254, 0.042342822088045066, 0.04226407530567594, 0.04235627620340056, 0.04245856457974005, 0.04256399516040328, 0.04217693461110102, 0.04240082799331976, 0.04223129866371528, 0.0421027475519446, 0.041919790687149364, 0.04230564954237525, 0.04237590832130572, 0.04216705569494406, 0.042246109864217576, 0.042540885258304115, 0.0425211857410166, 0.04261974894734085, 0.0425170138480753, 0.042773722153966444, 0.04275103569972953, 0.04292413269197105], "centralserverround": [0, 1, 2, 3, 4, 5, 6, 7, 8, 9, 10, 11, 12, 13, 14, 15, 16, 17, 18, 19, 20, 21, 22, 23, 24, 25, 26, 27, 28, 29, 30, 31, 32, 33, 34, 35, 36, 37, 38, 39, 40, 41, 42, 43, 44, 45, 46, 47, 48, 49, 50], "clustertimepast": [[], [], [], [], []], "clusteraccuracy": [[], [], [], [], []], "clusterloss": [[], [], [], [], []], "clusterround": [[], [], [], [], []]}