{"centralservertimepast": [0, 5600, 11200, 16800, 22400, 28000, 33600, 39200, 44800, 50400, 56000, 61600, 67200, 72800, 78400, 84000, 89600, 95200, 100800, 106400, 112000, 117600, 123200, 128800, 134400, 140000, 145600, 151200, 156800, 162400, 168000, 173600, 179200, 184800, 190400, 196000, 201600, 207200, 212800, 218400, 224000, 229600, 235200, 240800, 246400, 252000, 257600, 263200, 268800, 274400, 280000, 285600, 291200, 296800, 302400, 308000, 313600, 319200, 324800, 330400, 336000, 341600, 347200, 352800, 358400, 364000, 369600, 375200, 380800, 386400, 392000, 397600, 403200, 408800, 414400, 420000, 425600, 431200, 436800, 442400, 448000, 453600, 459200, 464800, 470400, 476000, 481600, 487200, 492800, 498400, 504000, 509600, 515200, 520800, 526400, 532000, 537600, 543200, 548800, 554400, 560000], "centralserveraccuracy": [0.092, 0.101, 0.1443, 0.3452, 0.3958, 0.5106, 0.5923, 0.6566, 0.7086, 0.7544, 0.7805, 0.7989, 0.8138, 0.8234, 0.8313, 0.8385, 0.8453, 0.8502, 0.8544, 0.8602, 0.8629, 0.8656, 0.8668, 0.8686, 0.8715, 0.873, 0.8741, 0.8762, 0.8775, 0.8794, 0.8805, 0.8819, 0.8831, 0.8839, 0.8853, 0.8872, 0.8884, 0.8889, 0.8897, 0.8907, 0.8915, 0.8926, 0.8943, 0.8949, 0.8958, 0.8965, 0.8966, 0.8972, 0.8976, 0.8979, 0.8989, 0.8997, 0.9004, 0.901, 0.9011, 0.9018, 0.902, 0.9028, 0.9028, 0.903, 0.9032, 0.9039, 0.9038, 0.9041, 0.9046, 0.9046, 0.9053, 0.9057, 0.9058, 0.9057, 0.906, 0.9061, 0.9062, 0.9066, 0.9069, 0.9073, 0.9073, 0.9077, 0.9075, 0.9079, 0.9083, 0.9085, 0.9086, 0.9088, 0.9088, 0.909, 0.9089, 0.9093, 0.9096, 0.9102, 0.91, 0.9104, 0.9105, 0.9106, 0.9106, 0.9103, 0.9108, 0.9112, 0.911, 0.9114, 0.9116], "centralserverloss": [2.3050148765563967, 2.2875395935058593, 2.230997277832031, 2.129541004180908, 1.9655160371780396, 1.7274372875213624, 1.446780785179138, 1.180002980041504, 0.9661024953842163, 0.8075658123016357, 0.7033544739246368, 0.6336850599765778, 0.5829515501022339, 0.5481821905136108, 0.5189225464344025, 0.49635174746513366, 0.4786385137081146, 0.46485806045532224, 0.45293473777771, 0.44296474146842957, 0.43448436884880065, 0.4266226815700531, 0.41999781074523923, 0.4145382505893707, 0.40849801440238953, 0.40394339361190795, 0.39968362131118773, 0.39529373207092283, 0.39151185998916627, 0.3879808871746063, 0.385500377035141, 0.38289299845695496, 0.3804654497146606, 0.3788442548751831, 0.3770627248287201, 0.3759238904237747, 0.37409868228435517, 0.3729961057662964, 0.37185998249053953, 0.37043266508579253, 0.36945268702507017, 0.36825876116752626, 0.367089861702919, 0.3661427798032761, 0.3651743874549866, 0.3645518653154373, 0.363799195933342, 0.36314682097434997, 0.3625979142189026, 0.3620438090443611, 0.361344627058506, 0.3611558125972748, 0.3606582583189011, 0.36056338325738907, 0.3603574322938919, 0.3600927742600441, 0.3600331043601036, 0.3595724512219429, 0.35943203877210617, 0.35906001858711245, 0.35878872555494307, 0.3588284901499748, 0.35871533666849137, 0.35855945761203767, 0.3583452216148377, 0.35830548490285874, 0.3581049418926239, 0.35810969130992887, 0.3581831427812576, 0.35835987668037417, 0.35825991707444194, 0.35806970857977866, 0.3581495412528515, 0.3579506904542446, 0.3581837288737297, 0.35803620026111604, 0.3582714538693428, 0.35804229034781454, 0.35835405063033104, 0.3583633380711079, 0.3583140507757664, 0.3584852176129818, 0.3586060289442539, 0.3587555830478668, 0.3589040091753006, 0.358980677908659, 0.3591080495476723, 0.3593032251060009, 0.3595320367395878, 0.35979836348295213, 0.35995511519908907, 0.3598001282453537, 0.36002493754029274, 0.36020710871219636, 0.36031608853340147, 0.36037232371270655, 0.3606611192107201, 0.360762275275588, 0.3608936453610659, 0.36105752867758273, 0.3612505832612514], "centralserverround": [0, 1, 2, 3, 4, 5, 6, 7, 8, 9, 10, 11, 12, 13, 14, 15, 16, 17, 18, 19, 20, 21, 22, 23, 24, 25, 26, 27, 28, 29, 30, 31, 32, 33, 34, 35, 36, 37, 38, 39, 40, 41, 42, 43, 44, 45, 46, 47, 48, 49, 50, 51, 52, 53, 54, 55, 56, 57, 58, 59, 60, 61, 62, 63, 64, 65, 66, 67, 68, 69, 70, 71, 72, 73, 74, 75, 76, 77, 78, 79, 80, 81, 82, 83, 84, 85, 86, 87, 88, 89, 90, 91, 92, 93, 94, 95, 96, 97, 98, 99, 100]}