{"centralservertimepast": [0, 900, 1800, 2700, 3600, 4500, 5400, 6300, 7200, 8100, 9000, 9900, 10800, 11700, 12600, 13500, 14400, 15300, 16200, 17100, 18000, 18900, 19800, 20700, 21600, 22500, 23400, 24300, 25200, 26100, 27000, 27900, 28800, 29700, 30600, 31500, 32400, 33300, 34200, 35100, 36000, 36900, 37800, 38700, 39600, 40500, 41400, 42300, 43200, 44100, 45000], "centralserveraccuracy": [0.0886, 0.2589, 0.2962, 0.3163, 0.3369, 0.3559, 0.3709, 0.3791, 0.3932, 0.4053, 0.4137, 0.4223, 0.4299, 0.4393, 0.4494, 0.4574, 0.4654, 0.4721, 0.4782, 0.4884, 0.4935, 0.5004, 0.505, 0.5103, 0.5116, 0.5178, 0.5237, 0.5274, 0.533, 0.536, 0.539, 0.5456, 0.5477, 0.5509, 0.5548, 0.5576, 0.5665, 0.5735, 0.5729, 0.5799, 0.585, 0.586, 0.5902, 0.5922, 0.5948, 0.5985, 0.6011, 0.6041, 0.6073, 0.6097, 0.6121], "centralserverloss": [2.3058451583862305, 2.1290982677459716, 2.0193421667099, 1.9438859851837158, 1.8886383815765382, 1.8439649543762207, 1.8040476081848145, 1.7683942586898804, 1.7348005296707154, 1.7039584888458252, 1.675176999282837, 1.6442516040802002, 1.6153764713287353, 1.5876822158813477, 1.5614792169570924, 1.5371638799667358, 1.5154760293960572, 1.4946343349456788, 1.4719534357070923, 1.4524392942428588, 1.434972320175171, 1.418192566680908, 1.4013866689682006, 1.3847911029815674, 1.3704255222320556, 1.3559401010513306, 1.3428299228668212, 1.3297309005737306, 1.3173432621002197, 1.305191219329834, 1.2938702146530152, 1.2820163650512695, 1.2710224180221557, 1.2610471263885499, 1.2501891941070558, 1.242762148475647, 1.2249395555496216, 1.2139872541427612, 1.206030583190918, 1.193772046470642, 1.183881561088562, 1.176376616191864, 1.168230358028412, 1.1608218550682068, 1.154075729084015, 1.1474066805839538, 1.1409039573669433, 1.1348981393814086, 1.129360171318054, 1.1243370502471923, 1.119752190876007], "centralserverround": [0, 1, 2, 3, 4, 5, 6, 7, 8, 9, 10, 11, 12, 13, 14, 15, 16, 17, 18, 19, 20, 21, 22, 23, 24, 25, 26, 27, 28, 29, 30, 31, 32, 33, 34, 35, 36, 37, 38, 39, 40, 41, 42, 43, 44, 45, 46, 47, 48, 49, 50], "clustertimepast": [[], [], [], [], []], "clusteraccuracy": [[], [], [], [], []], "clusterloss": [[], [], [], [], []], "clusterround": [[], [], [], [], []]}