{"centralservertimepast": [0, 5200, 10400, 15600, 20800, 26000, 31200, 36400, 41600, 46800, 52000, 57200, 62400, 67600, 72800, 78000, 83200, 88400, 93600, 98800, 104000, 109200, 114400, 119600, 124800, 130000, 135200, 140400, 145600, 150800, 156000, 161200, 166400, 171600, 176800, 182000, 187200, 192400, 197600, 202800, 208000, 213200, 218400, 223600, 228800, 234000, 239200, 244400, 249600, 254800, 260000], "centralserveraccuracy": [0.1116, 0.8593, 0.8956, 0.9135, 0.9281, 0.9383, 0.9461, 0.9533, 0.957, 0.9602, 0.9644, 0.9668, 0.9684, 0.9698, 0.9711, 0.9724, 0.973, 0.974, 0.9757, 0.9767, 0.9772, 0.9778, 0.9784, 0.9788, 0.9789, 0.9795, 0.98, 0.9803, 0.9807, 0.9809, 0.981, 0.9812, 0.9816, 0.9821, 0.9821, 0.9824, 0.9827, 0.9829, 0.9834, 0.9832, 0.9833, 0.9836, 0.9838, 0.9838, 0.9841, 0.9843, 0.984, 0.9841, 0.9842, 0.9842, 0.9843], "centralserverloss": [2.306291827774048, 0.7231405424118043, 0.4235005645751953, 0.3075839573144913, 0.24769092824459077, 0.20886410660743712, 0.18127180544137955, 0.16055715726613998, 0.14444563471078872, 0.1316800104558468, 0.12135056548714637, 0.11281646865606308, 0.10569934343099593, 0.09970096706151962, 0.09460425250083208, 0.0902134432323277, 0.08646437656730413, 0.08324395965337754, 0.08036154422275722, 0.07772071457393467, 0.0753307733392343, 0.07317627517506481, 0.07126921796388924, 0.06954898023195565, 0.06799002514136955, 0.06656193860452622, 0.06525366568397731, 0.06402365594878792, 0.06287691076700576, 0.06181991849136539, 0.06083437316515483, 0.05991677048769779, 0.05909071177220903, 0.058315446138102564, 0.05761780510507524, 0.05698671589393634, 0.056395373376109635, 0.055831390233547426, 0.05531884001595899, 0.0548281605440774, 0.054371923929522746, 0.05396475454689935, 0.05354605902887415, 0.05314817964870017, 0.05278566333979834, 0.0524486267441418, 0.05214445609481772, 0.051868935710773806, 0.05161578219522489, 0.05138693225762108, 0.0511496330252965], "centralserverround": [0, 1, 2, 3, 4, 5, 6, 7, 8, 9, 10, 11, 12, 13, 14, 15, 16, 17, 18, 19, 20, 21, 22, 23, 24, 25, 26, 27, 28, 29, 30, 31, 32, 33, 34, 35, 36, 37, 38, 39, 40, 41, 42, 43, 44, 45, 46, 47, 48, 49, 50], "clustertimepast": [[], [], [], [], []], "clusteraccuracy": [[], [], [], [], []], "clusterloss": [[], [], [], [], []], "clusterround": [[], [], [], [], []]}