{"centralservertimepast": [0, 5200, 10400, 15600, 20800, 26000, 31200, 36400, 41600, 46800, 52000, 57200, 62400, 67600, 72800, 78000, 83200, 88400, 93600, 98800, 104000, 109200, 114400, 119600, 124800, 130000, 135200, 140400, 145600, 150800, 156000, 161200, 166400, 171600, 176800, 182000, 187200, 192400, 197600, 202800, 208000, 213200, 218400, 223600, 228800, 234000, 239200, 244400, 249600, 254800, 260000], "centralserveraccuracy": [0.0886, 0.3293, 0.3924, 0.4379, 0.4653, 0.4953, 0.5206, 0.5347, 0.5427, 0.5407, 0.5611, 0.5683, 0.577, 0.5825, 0.587, 0.5934, 0.595, 0.5974, 0.6008, 0.6031, 0.6058, 0.608, 0.6086, 0.6119, 0.6121, 0.6142, 0.6153, 0.6151, 0.6165, 0.6178, 0.6191, 0.6193, 0.618, 0.6202, 0.6205, 0.6212, 0.6216, 0.6223, 0.6223, 0.6225, 0.6236, 0.6224, 0.6239, 0.6256, 0.6258, 0.6261, 0.6272, 0.6286, 0.6281, 0.6298, 0.63], "centralserverloss": [2.3058451583862305, 1.888376214981079, 1.706615085029602, 1.5762268724441528, 1.5022549331665038, 1.4566874307632447, 1.4239498949050904, 1.4005102100372315, 1.422790760421753, 1.4993232641220093, 1.4724702236175538, 1.5212661821365356, 1.529073398590088, 1.5449474645614625, 1.5486013149261475, 1.5621514589309693, 1.5749928703308105, 1.576966240310669, 1.5770534803390504, 1.5947773170471191, 1.5994423458099365, 1.6154769277572631, 1.626805933380127, 1.6446605764389037, 1.665153309059143, 1.6819825983047485, 1.6928610397338868, 1.7104652759552001, 1.7239709732055664, 1.7336692174911499, 1.740976537513733, 1.7532699045181275, 1.7642764799118043, 1.77299857711792, 1.7815366598129272, 1.7880763174057006, 1.7780866760253906, 1.8024861581802367, 1.815393163871765, 1.8336687000274658, 1.8400726015090942, 1.8472378200531006, 1.8572672933578491, 1.8654612623214721, 1.8724203844070435, 1.8882668228149415, 1.8917444805145263, 1.9017211406707764, 1.9001298440933228, 1.914143589401245, 1.9179045963287353], "centralserverround": [0, 1, 2, 3, 4, 5, 6, 7, 8, 9, 10, 11, 12, 13, 14, 15, 16, 17, 18, 19, 20, 21, 22, 23, 24, 25, 26, 27, 28, 29, 30, 31, 32, 33, 34, 35, 36, 37, 38, 39, 40, 41, 42, 43, 44, 45, 46, 47, 48, 49, 50], "clustertimepast": [[], [], [], [], []], "clusteraccuracy": [[], [], [], [], []], "clusterloss": [[], [], [], [], []], "clusterround": [[], [], [], [], []]}