{"centralservertimepast": [0, 8700, 17400, 26100, 34800, 43500, 52200, 60900, 69600, 78300, 87000, 95700, 104400, 113100, 121800, 130500, 139200, 147900, 156600, 165300, 174000, 182700, 191400, 200100, 208800, 217500, 226200, 234900, 243600, 252300, 261000, 269700, 278400, 287100, 295800, 304500, 313200, 321900, 330600, 339300, 348000, 356700, 365400, 374100, 382800, 391500, 400200, 408900, 417600, 426300, 435000], "centralserveraccuracy": [0.1116, 0.803, 0.8982, 0.9258, 0.9432, 0.9546, 0.9609, 0.9654, 0.9688, 0.9712, 0.974, 0.9756, 0.9772, 0.9777, 0.9789, 0.98, 0.9809, 0.9813, 0.9818, 0.9821, 0.9824, 0.9828, 0.9833, 0.9835, 0.9842, 0.9844, 0.9849, 0.9851, 0.985, 0.9847, 0.9848, 0.9847, 0.9849, 0.985, 0.9848, 0.9851, 0.9854, 0.9854, 0.9855, 0.9859, 0.9859, 0.9862, 0.9865, 0.9867, 0.9868, 0.9871, 0.9873, 0.9876, 0.9876, 0.9876, 0.9876], "centralserverloss": [2.306291827774048, 0.9693809665679932, 0.3450831524848938, 0.24521228847503662, 0.19027504259347916, 0.15532459297776222, 0.1318492271900177, 0.11540826596915722, 0.10306239529848099, 0.09355972192585468, 0.08600943086892367, 0.07993945811763406, 0.07495213710963726, 0.07072581993229687, 0.06722376852910966, 0.0642229315161705, 0.06175169217791408, 0.05945065047554672, 0.05750326876267791, 0.05578105163685977, 0.054271699262410406, 0.05289931445522234, 0.051659408966545015, 0.05061566875502467, 0.049625554666481914, 0.04878239200315438, 0.04797370879463851, 0.04727635193471797, 0.046600720057287257, 0.045990659650578164, 0.045437498811038673, 0.044929736943612804, 0.044476738883834334, 0.04401933253523894, 0.04359301545108901, 0.043218017518275885, 0.042869861237844455, 0.042513637752312934, 0.04219659199113376, 0.041875308994809166, 0.04154928875321057, 0.04129800605859491, 0.04109105128208757, 0.04087164910481079, 0.04066471270361799, 0.04046494691062253, 0.04031408959110267, 0.04015288036283455, 0.04001225389804458, 0.03989152565180266, 0.03975890033409523], "centralserverround": [0, 1, 2, 3, 4, 5, 6, 7, 8, 9, 10, 11, 12, 13, 14, 15, 16, 17, 18, 19, 20, 21, 22, 23, 24, 25, 26, 27, 28, 29, 30, 31, 32, 33, 34, 35, 36, 37, 38, 39, 40, 41, 42, 43, 44, 45, 46, 47, 48, 49, 50], "clustertimepast": [[], [], [], [], []], "clusteraccuracy": [[], [], [], [], []], "clusterloss": [[], [], [], [], []], "clusterround": [[], [], [], [], []]}