{"centralservertimepast": [0, 900, 1800, 2700, 3600, 4500, 5400, 6300, 7200, 8100, 9000, 9900, 10800, 11700, 12600, 13500, 14400, 15300, 16200, 17100, 18000, 18900, 19800, 20700, 21600, 22500, 23400, 24300, 25200, 26100, 27000, 27900, 28800, 29700, 30600, 31500, 32400, 33300, 34200, 35100, 36000, 36900, 37800, 38700, 39600, 40500, 41400, 42300, 43200, 44100, 45000], "centralserveraccuracy": [0.0886, 0.2511, 0.323, 0.3476, 0.377, 0.4011, 0.4179, 0.4335, 0.4549, 0.4702, 0.4842, 0.4967, 0.5031, 0.5147, 0.5235, 0.5318, 0.5403, 0.5523, 0.5592, 0.5661, 0.5737, 0.5831, 0.5902, 0.5949, 0.6033, 0.6055, 0.6094, 0.6135, 0.619, 0.62, 0.6219, 0.6248, 0.6297, 0.6351, 0.6368, 0.6374, 0.642, 0.6422, 0.6448, 0.6454, 0.6499, 0.6522, 0.6525, 0.6542, 0.6535, 0.6548, 0.6568, 0.6574, 0.6574, 0.6601, 0.6607], "centralserverloss": [2.3058451583862305, 2.130268493270874, 1.9372657209396362, 1.8455934446334838, 1.773299686050415, 1.7115396827697753, 1.6523405227661132, 1.5987788494110107, 1.5461524890899658, 1.5063836572647096, 1.4642065172195435, 1.4293156379699707, 1.3992006155014038, 1.3669642110824585, 1.3403291355133056, 1.3123878162384033, 1.2931937101364135, 1.2659915452957153, 1.2438096509933472, 1.2238897129058839, 1.206144814300537, 1.1868708993911743, 1.168100874900818, 1.1539934231758118, 1.1391040468215943, 1.1329290489196777, 1.1223579865455628, 1.1138545016288757, 1.1075281024932861, 1.102564334487915, 1.0980512548446655, 1.0989022183418273, 1.0962912942886351, 1.0942713641166688, 1.0985625399589538, 1.0978135580062867, 1.0980575016021727, 1.110236152267456, 1.1157567789077758, 1.1181646032333374, 1.1237946475982665, 1.1260210353851319, 1.1345384717941285, 1.1407827447891234, 1.1468331336975097, 1.1523107892990112, 1.1570466709136964, 1.1644120447158814, 1.1685971536636353, 1.1735253437042237, 1.1749648769378662], "centralserverround": [0, 1, 2, 3, 4, 5, 6, 7, 8, 9, 10, 11, 12, 13, 14, 15, 16, 17, 18, 19, 20, 21, 22, 23, 24, 25, 26, 27, 28, 29, 30, 31, 32, 33, 34, 35, 36, 37, 38, 39, 40, 41, 42, 43, 44, 45, 46, 47, 48, 49, 50], "clustertimepast": [[], [], [], [], []], "clusteraccuracy": [[], [], [], [], []], "clusterloss": [[], [], [], [], []], "clusterround": [[], [], [], [], []]}