{"centralservertimepast": [0, 2300, 4600, 6900, 9200, 11500, 13800, 16100, 18400, 20700, 23000, 25300, 27600, 29900, 32200, 34500, 36800, 39100, 41400, 43700, 46000, 48300, 50600, 52900, 55200, 57500, 59800, 62100, 64400, 66700, 69000, 71300, 73600, 75900, 78200, 80500, 82800, 85100, 87400, 89700, 92000, 94300, 96600, 98900, 101200, 103500, 105800, 108100, 110400, 112700, 115000], "centralserveraccuracy": [0.1116, 0.799, 0.8775, 0.9043, 0.9188, 0.9299, 0.9383, 0.9445, 0.9498, 0.9535, 0.9572, 0.9604, 0.9623, 0.9647, 0.9667, 0.9684, 0.9701, 0.9713, 0.973, 0.9737, 0.9744, 0.9754, 0.9758, 0.9762, 0.9769, 0.9774, 0.978, 0.9785, 0.9787, 0.979, 0.9794, 0.9795, 0.9797, 0.9802, 0.9804, 0.9808, 0.9811, 0.9812, 0.9814, 0.9816, 0.9818, 0.9816, 0.9817, 0.9823, 0.9823, 0.9823, 0.9825, 0.9826, 0.9831, 0.9829, 0.983], "centralserverloss": [2.306291827774048, 1.27676662273407, 0.6512676409721374, 0.4053509770870209, 0.30168484940528867, 0.24768496339321136, 0.2135786778330803, 0.18861644608974457, 0.16982597855329515, 0.15494708513021468, 0.1427028492987156, 0.13254151477515697, 0.12392046442627906, 0.11662370672821999, 0.10997053282856942, 0.10462694722861052, 0.09964143324047327, 0.09536012447029352, 0.09158044845983386, 0.08804684757515788, 0.08507291958853602, 0.08229588552229107, 0.07976423383951187, 0.07738284695185721, 0.07523511806614697, 0.07334013805370777, 0.07135649562682957, 0.06960868966151029, 0.0679979978069663, 0.06647840424980968, 0.06506521793380379, 0.06397315581375733, 0.06272067758096382, 0.0615032717904076, 0.060603603612305594, 0.0596776901055593, 0.05880439748098142, 0.057864519137796014, 0.05713823732417077, 0.056509552465146405, 0.0557150461524725, 0.05513772557605989, 0.05442067923946306, 0.053775070853577925, 0.05336678632982075, 0.052666544382413846, 0.05229774906313978, 0.051883207117393616, 0.051513704757392406, 0.0510197799336398, 0.050533288129162975], "centralserverround": [0, 5, 10, 15, 20, 25, 30, 35, 40, 45, 50, 55, 60, 65, 70, 75, 80, 85, 90, 95, 100, 105, 110, 115, 120, 125, 130, 135, 140, 145, 150, 155, 160, 165, 170, 175, 180, 185, 190, 195, 200, 205, 210, 215, 220, 225, 230, 235, 240, 245, 250], "clustertimepast": [[], [], [], [], []], "clusteraccuracy": [[], [], [], [], []], "clusterloss": [[], [], [], [], []], "clusterround": [[], [], [], [], []]}