{"centralservertimepast": [0, 9600, 19200, 28800, 38400, 48000, 57600, 67200, 76800, 86400, 96000, 105600, 115200, 124800, 134400, 144000, 153600, 163200, 172800, 182400, 192000, 201600, 211200, 220800, 230400, 240000, 249600, 259200, 268800, 278400, 288000, 297600, 307200, 316800, 326400, 336000, 345600, 355200, 364800, 374400, 384000, 393600, 403200, 412800, 422400, 432000, 441600, 451200, 460800, 470400, 480000, 489600, 499200, 508800, 518400, 528000, 537600, 547200, 556800, 566400, 576000, 585600, 595200, 604800, 614400, 624000, 633600, 643200, 652800, 662400, 672000, 681600, 691200, 700800, 710400, 720000, 729600, 739200, 748800, 758400, 768000, 777600, 787200, 796800, 806400, 816000, 825600, 835200, 844800, 854400, 864000, 873600, 883200, 892800, 902400, 912000, 921600, 931200, 940800, 950400, 960000], "centralserveraccuracy": [0.0837, 0.1719, 0.233, 0.2596, 0.2814, 0.293, 0.3022, 0.3089, 0.3104, 0.309, 0.3081, 0.3058, 0.3088, 0.3074, 0.3067, 0.3062, 0.3028, 0.3032, 0.3041, 0.3002, 0.3021, 0.3032, 0.3043, 0.2974, 0.3031, 0.2974, 0.3019, 0.3033, 0.3019, 0.3069, 0.298, 0.302, 0.3023, 0.3027, 0.2997, 0.3053, 0.3046, 0.2829, 0.2459, 0.2614, 0.3042, 0.3082, 0.3084, 0.3078, 0.3082, 0.3077, 0.3064, 0.3097, 0.3083, 0.2943, 0.2983, 0.3097, 0.2994, 0.3131, 0.3064, 0.3091, 0.3045, 0.3113, 0.3091, 0.3072, 0.3027, 0.3035, 0.3127, 0.3132, 0.3121, 0.3016, 0.3108, 0.3137, 0.2551, 0.2757, 0.303, 0.3124, 0.3125, 0.3111, 0.3108, 0.3124, 0.3111, 0.3102, 0.3109, 0.3115, 0.3104, 0.3098, 0.3094, 0.3086, 0.3085, 0.3089, 0.3083, 0.308, 0.3086, 0.3074, 0.3079, 0.3072, 0.307, 0.3068, 0.3069, 0.3078, 0.308, 0.3076, 0.3081, 0.308, 0.3084], "centralserverloss": [2.303652021408081, 2.266108815765381, 2.139734889602661, 2.0897234283447266, 2.098651634788513, 2.1260459869384767, 2.1745604579925537, 2.2174200469970704, 2.2796108604431153, 2.3656049293518064, 2.43261559677124, 2.5049878818511964, 2.5748658878326416, 2.6339939514160156, 2.6729585739135744, 2.732942597198486, 2.801407635879517, 2.841916110610962, 2.9355142162323, 2.959670747375488, 3.040941357803345, 2.9997308444976807, 3.088092191696167, 3.1897172855377196, 3.146705997848511, 3.1924811477661135, 3.133840985107422, 3.2300238845825193, 3.172305475997925, 3.4220966922760008, 3.2486669746398924, 3.41899764251709, 3.4895017276763918, 3.4760503452301026, 3.479268558502197, 3.4449047912597655, 3.443404912185669, 3.687329244995117, 4.5593513618469235, 3.5790410148620606, 3.3022167320251463, 3.271162009048462, 3.4241969219207764, 3.4641190788269043, 3.5463458080291748, 3.597975912094116, 3.653525902938843, 3.587394451904297, 3.6843011081695556, 3.489907124710083, 3.4765492095947264, 3.634891703414917, 3.3787385116577147, 3.493043664932251, 3.5932844299316407, 3.6331948173522948, 3.5407208686828615, 3.692132450866699, 3.735430122756958, 3.6839691932678225, 3.658377571487427, 3.656613721084595, 3.586430405426025, 3.6961321620941163, 3.7690385833740234, 3.4590807342529297, 3.58534631729126, 3.701198723220825, 5.069473719787598, 3.5863244972229005, 3.244504825592041, 3.3811642177581787, 3.5130283321380613, 3.6113763824462892, 3.6894795696258544, 3.742782244873047, 3.7903701553344726, 3.825329686355591, 3.8644104320526123, 3.8973586086273193, 3.9306678817749026, 3.9582518726348876, 3.9876028659820557, 4.011219585418702, 4.03498798828125, 4.058520789337158, 4.079717840957642, 4.101114636230469, 4.121041500473022, 4.1390867507934574, 4.157194108200073, 4.173346323776245, 4.191000829315185, 4.206931199645996, 4.2226422534942625, 4.239179190444946, 4.254659406280518, 4.269525961303711, 4.284109910202027, 4.298010013198852, 4.312066086959839], "centralserverround": [0, 1, 2, 3, 4, 5, 6, 7, 8, 9, 10, 11, 12, 13, 14, 15, 16, 17, 18, 19, 20, 21, 22, 23, 24, 25, 26, 27, 28, 29, 30, 31, 32, 33, 34, 35, 36, 37, 38, 39, 40, 41, 42, 43, 44, 45, 46, 47, 48, 49, 50, 51, 52, 53, 54, 55, 56, 57, 58, 59, 60, 61, 62, 63, 64, 65, 66, 67, 68, 69, 70, 71, 72, 73, 74, 75, 76, 77, 78, 79, 80, 81, 82, 83, 84, 85, 86, 87, 88, 89, 90, 91, 92, 93, 94, 95, 96, 97, 98, 99, 100]}