{"centralservertimepast": [0, 3700, 7400, 11100, 14800, 18500, 22200, 25900, 29600, 33300, 37000, 40700, 44400, 48100, 51800, 55500, 59200, 62900, 66600, 70300, 74000, 77700, 81400, 85100, 88800, 92500, 96200, 99900, 103600, 107300, 111000, 114700, 118400, 122100, 125800, 129500, 133200, 136900, 140600, 144300, 148000, 151700, 155400, 159100, 162800, 166500, 170200, 173900, 177600, 181300, 185000], "centralserveraccuracy": [0.0886, 0.4099, 0.4545, 0.4937, 0.5236, 0.5448, 0.5643, 0.5815, 0.5975, 0.6063, 0.6152, 0.6203, 0.6277, 0.6306, 0.6332, 0.6358, 0.6388, 0.6406, 0.6414, 0.6413, 0.6425, 0.6446, 0.6454, 0.6474, 0.6474, 0.6492, 0.6498, 0.6507, 0.6514, 0.6522, 0.653, 0.6538, 0.6538, 0.6558, 0.6558, 0.6559, 0.6558, 0.6563, 0.6558, 0.6561, 0.6551, 0.6561, 0.6565, 0.6573, 0.6575, 0.6574, 0.6573, 0.6574, 0.6588, 0.6576, 0.658], "centralserverloss": [2.3058451583862305, 1.7382824390411378, 1.5683480714797973, 1.4467796339035035, 1.3598119228363037, 1.2974299877166748, 1.2582276794433593, 1.2424820223808288, 1.2438809332847596, 1.260137258720398, 1.2824652975082398, 1.3048595626831054, 1.326698525428772, 1.335183137512207, 1.3588059091567992, 1.364453169631958, 1.376997322654724, 1.3827332958221437, 1.3978783893585205, 1.4067398010253906, 1.4335029052734376, 1.4425430112838744, 1.4660043748855591, 1.4905975921630858, 1.4977530820846559, 1.520285619544983, 1.5480540090560913, 1.558843709564209, 1.5826611904144288, 1.5996936273574829, 1.6101739086151123, 1.6257547164916992, 1.6437936632156371, 1.6552021831512451, 1.6674617509841918, 1.675927035522461, 1.686335602760315, 1.6964422805786132, 1.704526420021057, 1.7126972547531127, 1.7203754619598388, 1.7255386880874635, 1.7312203710556031, 1.739652186012268, 1.7471620086669921, 1.7536619800567628, 1.7573298078536987, 1.7637336601257325, 1.7663257011413573, 1.7685937994003296, 1.773833521270752], "centralserverround": [0, 1, 2, 3, 4, 5, 6, 7, 8, 9, 10, 11, 12, 13, 14, 15, 16, 17, 18, 19, 20, 21, 22, 23, 24, 25, 26, 27, 28, 29, 30, 31, 32, 33, 34, 35, 36, 37, 38, 39, 40, 41, 42, 43, 44, 45, 46, 47, 48, 49, 50], "clustertimepast": [[], [], [], [], []], "clusteraccuracy": [[], [], [], [], []], "clusterloss": [[], [], [], [], []], "clusterround": [[], [], [], [], []]}