{"centralservertimepast": [0, 17600, 35200, 52800, 70400, 88000, 105600, 123200, 140800, 158400, 176000, 193600, 211200, 228800, 246400, 264000, 281600, 299200, 316800, 334400, 352000, 369600, 387200, 404800, 422400, 440000, 457600, 475200, 492800, 510400, 528000, 545600, 563200, 580800, 598400, 616000, 633600, 651200, 668800, 686400, 704000, 721600, 739200, 756800, 774400, 792000, 809600, 827200, 844800, 862400, 880000, 897600, 915200, 932800, 950400, 968000, 985600, 1003200, 1020800, 1038400, 1056000, 1073600, 1091200, 1108800, 1126400, 1144000, 1161600, 1179200, 1196800, 1214400, 1232000, 1249600, 1267200, 1284800, 1302400, 1320000, 1337600, 1355200, 1372800, 1390400, 1408000, 1425600, 1443200, 1460800, 1478400, 1496000, 1513600, 1531200, 1548800, 1566400, 1584000, 1601600, 1619200, 1636800, 1654400, 1672000, 1689600, 1707200, 1724800, 1742400, 1760000], "centralserveraccuracy": [0.0837, 0.1243, 0.1893, 0.1785, 0.1805, 0.1665, 0.1716, 0.1643, 0.1795, 0.1718, 0.1848, 0.1763, 0.196, 0.1639, 0.1859, 0.1582, 0.1905, 0.1763, 0.1902, 0.1722, 0.1409, 0.1872, 0.1874, 0.192, 0.2015, 0.1921, 0.1918, 0.2066, 0.1759, 0.2143, 0.1874, 0.1993, 0.179, 0.2124, 0.1836, 0.2112, 0.1668, 0.2118, 0.195, 0.2133, 0.2007, 0.2152, 0.2111, 0.2069, 0.2258, 0.2084, 0.2243, 0.2129, 0.213, 0.2162, 0.2175, 0.2202, 0.2198, 0.2202, 0.216, 0.2168, 0.2193, 0.2209, 0.2184, 0.2197, 0.2195, 0.2202, 0.2216, 0.2213, 0.217, 0.2047, 0.2244, 0.2215, 0.1782, 0.1172, 0.1775, 0.1723, 0.2062, 0.2079, 0.2017, 0.2083, 0.2064, 0.2119, 0.2053, 0.2154, 0.2204, 0.2222, 0.2265, 0.2237, 0.2244, 0.224, 0.2248, 0.2248, 0.224, 0.226, 0.2235, 0.2194, 0.2168, 0.2193, 0.2117, 0.1318, 0.1424, 0.1813, 0.2396, 0.2421, 0.2371], "centralserverloss": [2.303652021408081, 2.3489446578979494, 2.36817739982605, 2.306049375152588, 2.400080995941162, 2.358548049163818, 2.5255179527282716, 2.38582392578125, 2.495479871749878, 2.4573369644165037, 2.624286309051514, 2.562572325515747, 2.651332867050171, 2.605164680480957, 2.675544722366333, 2.615441851043701, 2.6836760662078856, 2.591770881652832, 2.735835240936279, 2.6352306632995606, 4.652525262451172, 2.964307297515869, 2.6012577083587645, 2.6063342586517333, 2.6390841232299804, 2.746726934814453, 2.8450539863586424, 2.784504260253906, 2.796960079193115, 2.774082447052002, 2.9373577087402345, 2.8539613887786865, 2.9054452178955077, 2.8704385860443113, 2.985056143951416, 3.114611415863037, 3.114776290512085, 2.99066682434082, 3.016547425842285, 3.0967836967468263, 3.0789487358093264, 3.178670323944092, 3.1208114406585694, 3.2022027618408204, 3.1617769165039062, 3.3105442344665525, 3.229351408004761, 3.3317463371276856, 3.2760706356048583, 3.3930923725128173, 3.398689293670654, 3.483596035003662, 3.464704161453247, 3.532262985229492, 3.519567571258545, 3.476894751739502, 3.4239033588409424, 3.4678267490386965, 3.5042428634643557, 3.5087322048187257, 3.553152619934082, 3.5562421104431152, 3.5890996376037596, 3.6137945907592774, 3.5280116065979006, 3.5384529079437255, 3.4638596134185793, 3.4792330696105958, 4.206989442443848, 8.334812696838378, 3.899061477661133, 2.833524018859863, 2.7225494056701662, 2.7649731815338137, 2.849461478424072, 2.9040883796691896, 2.984967306900024, 2.9908738834381103, 3.055266577911377, 3.0912730419158936, 3.0544986240386964, 3.1678282180786135, 3.150015444946289, 3.2328822177886964, 3.2380460258483885, 3.287846000289917, 3.306402741241455, 3.3362583324432373, 3.3579064861297607, 3.380635553741455, 3.3917403465270994, 3.3977969112396242, 3.409394570159912, 3.4286063606262207, 3.5380163913726808, 6.282178619384766, 8.183320433044434, 3.26839397315979, 2.4121481967926024, 2.54299376411438, 2.6136765266418456], "centralserverround": [0, 1, 2, 3, 4, 5, 6, 7, 8, 9, 10, 11, 12, 13, 14, 15, 16, 17, 18, 19, 20, 21, 22, 23, 24, 25, 26, 27, 28, 29, 30, 31, 32, 33, 34, 35, 36, 37, 38, 39, 40, 41, 42, 43, 44, 45, 46, 47, 48, 49, 50, 51, 52, 53, 54, 55, 56, 57, 58, 59, 60, 61, 62, 63, 64, 65, 66, 67, 68, 69, 70, 71, 72, 73, 74, 75, 76, 77, 78, 79, 80, 81, 82, 83, 84, 85, 86, 87, 88, 89, 90, 91, 92, 93, 94, 95, 96, 97, 98, 99, 100]}