{"centralservertimepast": [0, 1600, 3200, 4800, 6400, 8000, 9600, 11200, 12800, 14400, 16000, 17600, 19200, 20800, 22400, 24000, 25600, 27200, 28800, 30400, 32000, 33600, 35200, 36800, 38400, 40000, 41600, 43200, 44800, 46400, 48000, 49600, 51200, 52800, 54400, 56000, 57600, 59200, 60800, 62400, 64000, 65600, 67200, 68800, 70400, 72000, 73600, 75200, 76800, 78400, 80000, 81600, 83200, 84800, 86400, 88000, 89600, 91200, 92800, 94400, 96000, 97600, 99200, 100800, 102400, 104000, 105600, 107200, 108800, 110400, 112000, 113600, 115200, 116800, 118400, 120000, 121600, 123200, 124800, 126400, 128000, 129600, 131200, 132800, 134400, 136000, 137600, 139200, 140800, 142400, 144000, 145600, 147200, 148800, 150400, 152000, 153600, 155200, 156800, 158400, 160000], "centralserveraccuracy": [0.1191, 0.2485, 0.7078, 0.8457, 0.8845, 0.8987, 0.9119, 0.9209, 0.9296, 0.9355, 0.9417, 0.9461, 0.95, 0.9531, 0.9553, 0.9588, 0.9597, 0.9615, 0.9633, 0.9648, 0.9659, 0.9678, 0.9687, 0.9691, 0.9693, 0.9697, 0.9704, 0.9716, 0.9727, 0.9733, 0.9739, 0.9744, 0.975, 0.9755, 0.9759, 0.9759, 0.9764, 0.9766, 0.9768, 0.977, 0.9773, 0.9771, 0.9777, 0.9778, 0.9779, 0.9782, 0.9783, 0.9786, 0.979, 0.9789, 0.9791, 0.9793, 0.9797, 0.9799, 0.9801, 0.9801, 0.9801, 0.9801, 0.9802, 0.9803, 0.9807, 0.981, 0.981, 0.981, 0.981, 0.981, 0.9811, 0.9812, 0.9813, 0.9816, 0.9819, 0.9818, 0.9818, 0.9819, 0.9819, 0.9821, 0.9821, 0.9822, 0.9824, 0.9827, 0.9827, 0.9828, 0.9828, 0.983, 0.9831, 0.9833, 0.9836, 0.9837, 0.9838, 0.984, 0.9841, 0.9841, 0.9842, 0.9842, 0.9842, 0.9843, 0.9842, 0.9843, 0.9845, 0.9844, 0.9844], "centralserverloss": [2.3048230407714843, 2.247521877670288, 1.716769312286377, 0.5535474868297577, 0.40370345172882083, 0.3386045378446579, 0.29505573275089264, 0.26098059577941896, 0.23317702119350434, 0.21001057766675948, 0.19103742643594743, 0.17524942687153816, 0.16220258909463883, 0.15117440477013588, 0.141716546189785, 0.13357802744209765, 0.12652588792741298, 0.12031276192963124, 0.11486740836352109, 0.11008687417656184, 0.10583938135504722, 0.10200775737315416, 0.09858885850757361, 0.0955364668250084, 0.0927622850254178, 0.0902559821985662, 0.08797748851627112, 0.0858640377253294, 0.08393512786403298, 0.0821343731701374, 0.08045789031609893, 0.07894125438630581, 0.0775129393387586, 0.07617362425476312, 0.07491297089979053, 0.07372816265746951, 0.07262573908269405, 0.07163619204685091, 0.07069309798553586, 0.06979658989235758, 0.06894817635677755, 0.06815091011971235, 0.06738858470097184, 0.06667810227312147, 0.06599220755919814, 0.0653289247462526, 0.06472080877535046, 0.06412384616993368, 0.06355067046117037, 0.06297662969324738, 0.06245953005291521, 0.06196894149649888, 0.06148819121420383, 0.061020546209067106, 0.06056936747673899, 0.060148218686319886, 0.05973350121192634, 0.05933271082211286, 0.05893980349767953, 0.05856357904076576, 0.05819798278622329, 0.05784087834535167, 0.057489491692651065, 0.05716095796050504, 0.056840039767045526, 0.05651438075751066, 0.05621095167007297, 0.055922205951996144, 0.05562516363309696, 0.05535594084979966, 0.05507572457389906, 0.05482545263040811, 0.05458892388772219, 0.05435005196202546, 0.05409994108481333, 0.053866893955040726, 0.053638857619185, 0.053422835436929016, 0.053208203068375585, 0.05300526155312545, 0.05281879189424217, 0.052631985993217674, 0.052448071447527035, 0.052272915757913145, 0.05210734917167574, 0.05194579172977246, 0.05179697209964507, 0.05165351170389913, 0.051497615252202374, 0.0513536626663059, 0.05120748503818177, 0.051051184696657585, 0.05090874368227087, 0.05078251885273494, 0.050646020039077845, 0.05052929992964491, 0.05040248925550841, 0.05028778965231031, 0.0501765270291362, 0.05007422549165785, 0.04997163320048712], "centralserverround": [0, 1, 2, 3, 4, 5, 6, 7, 8, 9, 10, 11, 12, 13, 14, 15, 16, 17, 18, 19, 20, 21, 22, 23, 24, 25, 26, 27, 28, 29, 30, 31, 32, 33, 34, 35, 36, 37, 38, 39, 40, 41, 42, 43, 44, 45, 46, 47, 48, 49, 50, 51, 52, 53, 54, 55, 56, 57, 58, 59, 60, 61, 62, 63, 64, 65, 66, 67, 68, 69, 70, 71, 72, 73, 74, 75, 76, 77, 78, 79, 80, 81, 82, 83, 84, 85, 86, 87, 88, 89, 90, 91, 92, 93, 94, 95, 96, 97, 98, 99, 100], "clustertimepast": [[], [], [], [], [], [], [], [], [], []], "clusteraccuracy": [[], [], [], [], [], [], [], [], [], []], "clusterloss": [[], [], [], [], [], [], [], [], [], []], "clusterround": [[], [], [], [], [], [], [], [], [], []]}