Intraclustering type : sync
Interclustering type : sync
Model name : cnncifar10, Dataset name : cifar10
Client num : 100
Data heterogeneity type : onelabeldominant, Dominant percentage : 95
System heterogeneity : alltimesame
Clustering type : clusterbyclientorder, Cluster num : 100, Cluster size : 1
Cluster communication time : 0
Central server epoch : 100
Cluster epoch type : fixed,, Cluster epoch : 1
Local epoch type : fixed,, local epoch : 5
Optimizer name : sgd, Lr : 0.01, Batch size : 32, Random seed : 1, Setting random seed :5, Device : cuda, Regularizationcoefficient : 0.0, Clusterparticipationratio : 10, Clientparticipationratio : 100

----------------------------------------------------------------------------------------------------

Central server round 0, loss : 2.30, accuracy :9.85%
['0:0.00%', '1:0.00%', '2:0.00%', '3:0.00%', '4:0.00%', '5:23.50%', '6:75.00%', '7:0.00%', '8:0.00%', '9:0.00%']
                                          ->0msec
                                                     -> Cluster 17, loss : 2.30, accuracy 9.85%, model from round 1
                                                     ['0:0.00%', '1:0.00%', '2:0.00%', '3:0.00%', '4:0.00%', '5:23.50%', '6:75.00%', '7:0.00%', '8:0.00%', '9:0.00%']
                                                                                              <-> Client 0, global : from 9.85% to 10.00%, local : from 0.40% to 95.00%, training time : 8200msec
                                                     Cluster 17, round 1, loss : 4.70, accuracy 10.00% <-
                                                     Time past : 8200msec
                                                     ['0:0.00%', '1:0.00%', '2:0.00%', '3:0.00%', '4:0.00%', '5:0.00%', '6:0.00%', '7:0.00%', '8:0.00%', '9:100.00%']
                                          0msec<-
                                          ->0msec
                                                     -> Cluster 72, loss : 2.30, accuracy 9.85%, model from round 1
                                                     ['0:0.00%', '1:0.00%', '2:0.00%', '3:0.00%', '4:0.00%', '5:23.50%', '6:75.00%', '7:0.00%', '8:0.00%', '9:0.00%']
                                                                                              <-> Client 0, global : from 9.85% to 10.00%, local : from 0.60% to 95.00%, training time : 8200msec
                                                     Cluster 72, round 1, loss : 5.12, accuracy 10.00% <-
                                                     Time past : 8200msec
                                                     ['0:0.00%', '1:0.00%', '2:0.00%', '3:100.00%', '4:0.00%', '5:0.00%', '6:0.00%', '7:0.00%', '8:0.00%', '9:0.00%']
                                          0msec<-
                                          ->0msec
                                                     -> Cluster 97, loss : 2.30, accuracy 9.85%, model from round 1
                                                     ['0:0.00%', '1:0.00%', '2:0.00%', '3:0.00%', '4:0.00%', '5:23.50%', '6:75.00%', '7:0.00%', '8:0.00%', '9:0.00%']
                                                                                              <-> Client 0, global : from 9.85% to 10.00%, local : from 0.20% to 95.19%, training time : 8200msec
                                                     Cluster 97, round 1, loss : 4.57, accuracy 10.00% <-
                                                     Time past : 8200msec
                                                     ['0:100.00%', '1:0.00%', '2:0.00%', '3:0.00%', '4:0.00%', '5:0.00%', '6:0.00%', '7:0.00%', '8:0.00%', '9:0.00%']
                                          0msec<-
                                          ->0msec
                                                     -> Cluster 8, loss : 2.30, accuracy 9.85%, model from round 1
                                                     ['0:0.00%', '1:0.00%', '2:0.00%', '3:0.00%', '4:0.00%', '5:23.50%', '6:75.00%', '7:0.00%', '8:0.00%', '9:0.00%']
                                                                                              <-> Client 0, global : from 9.85% to 10.00%, local : from 72.20% to 95.00%, training time : 8200msec
                                                     Cluster 8, round 1, loss : 5.64, accuracy 10.00% <-
                                                     Time past : 8200msec
                                                     ['0:0.00%', '1:0.00%', '2:0.00%', '3:0.00%', '4:0.00%', '5:0.00%', '6:100.00%', '7:0.00%', '8:0.00%', '9:0.00%']
                                          0msec<-
                                          ->0msec
                                                     -> Cluster 32, loss : 2.30, accuracy 9.85%, model from round 1
                                                     ['0:0.00%', '1:0.00%', '2:0.00%', '3:0.00%', '4:0.00%', '5:23.50%', '6:75.00%', '7:0.00%', '8:0.00%', '9:0.00%']
                                                                                              <-> Client 0, global : from 9.85% to 10.00%, local : from 1.00% to 95.00%, training time : 8200msec
                                                     Cluster 32, round 1, loss : 5.19, accuracy 10.00% <-
                                                     Time past : 8200msec
                                                     ['0:0.00%', '1:100.00%', '2:0.00%', '3:0.00%', '4:0.00%', '5:0.00%', '6:0.00%', '7:0.00%', '8:0.00%', '9:0.00%']
                                          0msec<-
                                          ->0msec
                                                     -> Cluster 15, loss : 2.30, accuracy 9.85%, model from round 1
                                                     ['0:0.00%', '1:0.00%', '2:0.00%', '3:0.00%', '4:0.00%', '5:23.50%', '6:75.00%', '7:0.00%', '8:0.00%', '9:0.00%']
                                                                                              <-> Client 0, global : from 9.85% to 10.00%, local : from 0.60% to 95.00%, training time : 8200msec
                                                     Cluster 15, round 1, loss : 4.56, accuracy 10.00% <-
                                                     Time past : 8200msec
                                                     ['0:0.00%', '1:0.00%', '2:0.00%', '3:0.00%', '4:0.00%', '5:0.00%', '6:0.00%', '7:0.00%', '8:0.00%', '9:100.00%']
                                          0msec<-
                                          ->0msec
                                                     -> Cluster 63, loss : 2.30, accuracy 9.85%, model from round 1
                                                     ['0:0.00%', '1:0.00%', '2:0.00%', '3:0.00%', '4:0.00%', '5:23.50%', '6:75.00%', '7:0.00%', '8:0.00%', '9:0.00%']
                                                                                              <-> Client 0, global : from 9.85% to 10.00%, local : from 0.20% to 95.00%, training time : 8200msec
                                                     Cluster 63, round 1, loss : 4.40, accuracy 10.00% <-
                                                     Time past : 8200msec
                                                     ['0:0.00%', '1:0.00%', '2:0.00%', '3:0.00%', '4:0.00%', '5:0.00%', '6:0.00%', '7:0.00%', '8:100.00%', '9:0.00%']
                                          0msec<-
                                          ->0msec
                                                     -> Cluster 57, loss : 2.30, accuracy 9.85%, model from round 1
                                                     ['0:0.00%', '1:0.00%', '2:0.00%', '3:0.00%', '4:0.00%', '5:23.50%', '6:75.00%', '7:0.00%', '8:0.00%', '9:0.00%']
                                                                                              <-> Client 0, global : from 9.85% to 10.00%, local : from 1.00% to 95.00%, training time : 8200msec
                                                     Cluster 57, round 1, loss : 4.84, accuracy 10.00% <-
                                                     Time past : 8200msec
                                                     ['0:0.00%', '1:0.00%', '2:0.00%', '3:0.00%', '4:0.00%', '5:0.00%', '6:0.00%', '7:100.00%', '8:0.00%', '9:0.00%']
                                          0msec<-
                                          ->0msec
                                                     -> Cluster 60, loss : 2.30, accuracy 9.85%, model from round 1
                                                     ['0:0.00%', '1:0.00%', '2:0.00%', '3:0.00%', '4:0.00%', '5:23.50%', '6:75.00%', '7:0.00%', '8:0.00%', '9:0.00%']
                                                                                              <-> Client 0, global : from 9.85% to 10.00%, local : from 0.80% to 94.81%, training time : 8200msec
                                                     Cluster 60, round 1, loss : 4.66, accuracy 10.00% <-
                                                     Time past : 8200msec
                                                     ['0:0.00%', '1:0.00%', '2:0.00%', '3:0.00%', '4:0.00%', '5:0.00%', '6:0.00%', '7:0.00%', '8:100.00%', '9:0.00%']
                                          0msec<-
                                          ->0msec
                                                     -> Cluster 83, loss : 2.30, accuracy 9.85%, model from round 1
                                                     ['0:0.00%', '1:0.00%', '2:0.00%', '3:0.00%', '4:0.00%', '5:23.50%', '6:75.00%', '7:0.00%', '8:0.00%', '9:0.00%']
                                                                                              <-> Client 0, global : from 9.85% to 10.00%, local : from 24.45% to 95.19%, training time : 8200msec
                                                     Cluster 83, round 1, loss : 5.01, accuracy 10.00% <-
                                                     Time past : 8200msec
                                                     ['0:0.00%', '1:0.00%', '2:0.00%', '3:0.00%', '4:0.00%', '5:100.00%', '6:0.00%', '7:0.00%', '8:0.00%', '9:0.00%']
                                          0msec<-
Central server round 1, loss : 2.32, accuracy :13.37%
Time past: 8200msec
['0:0.00%', '1:0.00%', '2:0.00%', '3:0.00%', '4:0.00%', '5:1.00%', '6:1.40%', '7:0.00%', '8:85.80%', '9:45.50%']
                                          ->0msec
                                                     -> Cluster 92, loss : 2.32, accuracy 13.37%, model from round 2
                                                     ['0:0.00%', '1:0.00%', '2:0.00%', '3:0.00%', '4:0.00%', '5:1.00%', '6:1.40%', '7:0.00%', '8:85.80%', '9:45.50%']
                                                                                              <-> Client 0, global : from 13.37% to 10.00%, local : from 1.00% to 95.00%, training time : 8200msec
                                                     Cluster 92, round 1, loss : 4.39, accuracy 10.00% <-
                                                     Time past : 8200msec
                                                     ['0:100.00%', '1:0.00%', '2:0.00%', '3:0.00%', '4:0.00%', '5:0.00%', '6:0.00%', '7:0.00%', '8:0.00%', '9:0.00%']
                                          0msec<-
                                          ->0msec
                                                     -> Cluster 29, loss : 2.32, accuracy 13.37%, model from round 2
                                                     ['0:0.00%', '1:0.00%', '2:0.00%', '3:0.00%', '4:0.00%', '5:1.00%', '6:1.40%', '7:0.00%', '8:85.80%', '9:45.50%']
                                                                                              <-> Client 0, global : from 13.37% to 10.00%, local : from 0.80% to 95.00%, training time : 8200msec
                                                     Cluster 29, round 1, loss : 5.88, accuracy 10.00% <-
                                                     Time past : 8200msec
                                                     ['0:0.00%', '1:0.00%', '2:0.00%', '3:0.00%', '4:100.00%', '5:0.00%', '6:0.00%', '7:0.00%', '8:0.00%', '9:0.00%']
                                          0msec<-
                                          ->0msec
                                                     -> Cluster 75, loss : 2.32, accuracy 13.37%, model from round 2
                                                     ['0:0.00%', '1:0.00%', '2:0.00%', '3:0.00%', '4:0.00%', '5:1.00%', '6:1.40%', '7:0.00%', '8:85.80%', '9:45.50%']
                                                                                              <-> Client 0, global : from 13.37% to 10.00%, local : from 0.60% to 95.00%, training time : 8200msec
                                                     Cluster 75, round 1, loss : 4.85, accuracy 10.00% <-
                                                     Time past : 8200msec
                                                     ['0:0.00%', '1:0.00%', '2:0.00%', '3:100.00%', '4:0.00%', '5:0.00%', '6:0.00%', '7:0.00%', '8:0.00%', '9:0.00%']
                                          0msec<-
                                          ->0msec
                                                     -> Cluster 13, loss : 2.32, accuracy 13.37%, model from round 2
                                                     ['0:0.00%', '1:0.00%', '2:0.00%', '3:0.00%', '4:0.00%', '5:1.00%', '6:1.40%', '7:0.00%', '8:85.80%', '9:45.50%']
                                                                                              <-> Client 0, global : from 13.37% to 10.00%, local : from 43.40% to 95.00%, training time : 8200msec
                                                     Cluster 13, round 1, loss : 4.22, accuracy 10.00% <-
                                                     Time past : 8200msec
                                                     ['0:0.00%', '1:0.00%', '2:0.00%', '3:0.00%', '4:0.00%', '5:0.00%', '6:0.00%', '7:0.00%', '8:0.00%', '9:100.00%']
                                          0msec<-
                                          ->0msec
                                                     -> Cluster 40, loss : 2.32, accuracy 13.37%, model from round 2
                                                     ['0:0.00%', '1:0.00%', '2:0.00%', '3:0.00%', '4:0.00%', '5:1.00%', '6:1.40%', '7:0.00%', '8:85.80%', '9:45.50%']
                                                                                              <-> Client 0, global : from 13.37% to 10.00%, local : from 0.40% to 94.81%, training time : 8200msec
                                                     Cluster 40, round 1, loss : 5.00, accuracy 10.00% <-
                                                     Time past : 8200msec
                                                     ['0:0.00%', '1:0.00%', '2:100.00%', '3:0.00%', '4:0.00%', '5:0.00%', '6:0.00%', '7:0.00%', '8:0.00%', '9:0.00%']
                                          0msec<-
                                          ->0msec
                                                     -> Cluster 3, loss : 2.32, accuracy 13.37%, model from round 2
                                                     ['0:0.00%', '1:0.00%', '2:0.00%', '3:0.00%', '4:0.00%', '5:1.00%', '6:1.40%', '7:0.00%', '8:85.80%', '9:45.50%']
                                                                                              <-> Client 0, global : from 13.37% to 10.00%, local : from 0.80% to 95.00%, training time : 8200msec
                                                     Cluster 3, round 1, loss : 4.38, accuracy 10.00% <-
                                                     Time past : 8200msec
                                                     ['0:0.00%', '1:0.00%', '2:0.00%', '3:0.00%', '4:0.00%', '5:0.00%', '6:100.00%', '7:0.00%', '8:0.00%', '9:0.00%']
                                          0msec<-
                                          ->0msec
                                                     -> Cluster 2, loss : 2.32, accuracy 13.37%, model from round 2
                                                     ['0:0.00%', '1:0.00%', '2:0.00%', '3:0.00%', '4:0.00%', '5:1.00%', '6:1.40%', '7:0.00%', '8:85.80%', '9:45.50%']
                                                                                              <-> Client 0, global : from 13.37% to 10.00%, local : from 2.20% to 95.00%, training time : 8200msec
                                                     Cluster 2, round 1, loss : 5.18, accuracy 10.00% <-
                                                     Time past : 8200msec
                                                     ['0:0.00%', '1:0.00%', '2:0.00%', '3:0.00%', '4:0.00%', '5:0.00%', '6:100.00%', '7:0.00%', '8:0.00%', '9:0.00%']
                                          0msec<-
                                          ->0msec
                                                     -> Cluster 83, loss : 2.32, accuracy 13.37%, model from round 2
                                                     ['0:0.00%', '1:0.00%', '2:0.00%', '3:0.00%', '4:0.00%', '5:1.00%', '6:1.40%', '7:0.00%', '8:85.80%', '9:45.50%']
                                                                                              <-> Client 0, global : from 13.37% to 10.00%, local : from 1.20% to 95.19%, training time : 8200msec
                                                     Cluster 83, round 1, loss : 5.16, accuracy 10.00% <-
                                                     Time past : 8200msec
                                                     ['0:0.00%', '1:0.00%', '2:0.00%', '3:0.00%', '4:0.00%', '5:100.00%', '6:0.00%', '7:0.00%', '8:0.00%', '9:0.00%']
                                          0msec<-
                                          ->0msec
                                                     -> Cluster 69, loss : 2.32, accuracy 13.37%, model from round 2
                                                     ['0:0.00%', '1:0.00%', '2:0.00%', '3:0.00%', '4:0.00%', '5:1.00%', '6:1.40%', '7:0.00%', '8:85.80%', '9:45.50%']
                                                                                              <-> Client 0, global : from 13.37% to 10.00%, local : from 82.20% to 95.00%, training time : 8200msec
                                                     Cluster 69, round 1, loss : 4.34, accuracy 10.00% <-
                                                     Time past : 8200msec
                                                     ['0:0.00%', '1:0.00%', '2:0.00%', '3:0.00%', '4:0.00%', '5:0.00%', '6:0.00%', '7:0.00%', '8:100.00%', '9:0.00%']
                                          0msec<-
                                          ->0msec
                                                     -> Cluster 1, loss : 2.32, accuracy 13.37%, model from round 2
                                                     ['0:0.00%', '1:0.00%', '2:0.00%', '3:0.00%', '4:0.00%', '5:1.00%', '6:1.40%', '7:0.00%', '8:85.80%', '9:45.50%']
                                                                                              <-> Client 0, global : from 13.37% to 10.00%, local : from 2.00% to 94.81%, training time : 8200msec
                                                     Cluster 1, round 1, loss : 4.75, accuracy 10.00% <-
                                                     Time past : 8200msec
                                                     ['0:0.00%', '1:0.00%', '2:0.00%', '3:0.00%', '4:0.00%', '5:0.00%', '6:100.00%', '7:0.00%', '8:0.00%', '9:0.00%']
                                          0msec<-
Central server round 2, loss : 2.48, accuracy :10.00%
Time past: 16400msec
['0:0.00%', '1:0.00%', '2:0.00%', '3:0.00%', '4:0.00%', '5:0.00%', '6:100.00%', '7:0.00%', '8:0.00%', '9:0.00%']
                                          ->0msec
                                                     -> Cluster 86, loss : 2.48, accuracy 10.00%, model from round 3
                                                     ['0:0.00%', '1:0.00%', '2:0.00%', '3:0.00%', '4:0.00%', '5:0.00%', '6:100.00%', '7:0.00%', '8:0.00%', '9:0.00%']
                                                                                              <-> Client 0, global : from 10.00% to 10.00%, local : from 0.60% to 95.19%, training time : 8200msec
                                                     Cluster 86, round 1, loss : 4.74, accuracy 10.00% <-
                                                     Time past : 8200msec
                                                     ['0:0.00%', '1:0.00%', '2:0.00%', '3:0.00%', '4:0.00%', '5:100.00%', '6:0.00%', '7:0.00%', '8:0.00%', '9:0.00%']
                                          0msec<-
                                          ->0msec
                                                     -> Cluster 28, loss : 2.48, accuracy 10.00%, model from round 3
                                                     ['0:0.00%', '1:0.00%', '2:0.00%', '3:0.00%', '4:0.00%', '5:0.00%', '6:100.00%', '7:0.00%', '8:0.00%', '9:0.00%']
                                                                                              <-> Client 0, global : from 10.00% to 10.00%, local : from 0.80% to 95.00%, training time : 8200msec
                                                     Cluster 28, round 1, loss : 4.77, accuracy 10.00% <-
                                                     Time past : 8200msec
                                                     ['0:0.00%', '1:0.00%', '2:0.00%', '3:0.00%', '4:100.00%', '5:0.00%', '6:0.00%', '7:0.00%', '8:0.00%', '9:0.00%']
                                          0msec<-
                                          ->0msec
                                                     -> Cluster 97, loss : 2.48, accuracy 10.00%, model from round 3
                                                     ['0:0.00%', '1:0.00%', '2:0.00%', '3:0.00%', '4:0.00%', '5:0.00%', '6:100.00%', '7:0.00%', '8:0.00%', '9:0.00%']
                                                                                              <-> Client 0, global : from 10.00% to 10.00%, local : from 0.40% to 95.19%, training time : 8200msec
                                                     Cluster 97, round 1, loss : 4.37, accuracy 10.00% <-
                                                     Time past : 8200msec
                                                     ['0:100.00%', '1:0.00%', '2:0.00%', '3:0.00%', '4:0.00%', '5:0.00%', '6:0.00%', '7:0.00%', '8:0.00%', '9:0.00%']
                                          0msec<-
                                          ->0msec
                                                     -> Cluster 58, loss : 2.48, accuracy 10.00%, model from round 3
                                                     ['0:0.00%', '1:0.00%', '2:0.00%', '3:0.00%', '4:0.00%', '5:0.00%', '6:100.00%', '7:0.00%', '8:0.00%', '9:0.00%']
                                                                                              <-> Client 0, global : from 10.00% to 10.00%, local : from 0.40% to 95.00%, training time : 8200msec
                                                     Cluster 58, round 1, loss : 5.18, accuracy 10.00% <-
                                                     Time past : 8200msec
                                                     ['0:0.00%', '1:0.00%', '2:0.00%', '3:0.00%', '4:0.00%', '5:0.00%', '6:0.00%', '7:100.00%', '8:0.00%', '9:0.00%']
                                          0msec<-
                                          ->0msec
                                                     -> Cluster 37, loss : 2.48, accuracy 10.00%, model from round 3
                                                     ['0:0.00%', '1:0.00%', '2:0.00%', '3:0.00%', '4:0.00%', '5:0.00%', '6:100.00%', '7:0.00%', '8:0.00%', '9:0.00%']
                                                                                              <-> Client 0, global : from 10.00% to 10.00%, local : from 0.60% to 95.00%, training time : 8200msec
                                                     Cluster 37, round 1, loss : 4.24, accuracy 10.00% <-
                                                     Time past : 8200msec
                                                     ['0:0.00%', '1:100.00%', '2:0.00%', '3:0.00%', '4:0.00%', '5:0.00%', '6:0.00%', '7:0.00%', '8:0.00%', '9:0.00%']
                                          0msec<-
                                          ->0msec
                                                     -> Cluster 2, loss : 2.48, accuracy 10.00%, model from round 3
                                                     ['0:0.00%', '1:0.00%', '2:0.00%', '3:0.00%', '4:0.00%', '5:0.00%', '6:100.00%', '7:0.00%', '8:0.00%', '9:0.00%']
                                                                                              <-> Client 0, global : from 10.00% to 10.00%, local : from 95.00% to 95.00%, training time : 8200msec
                                                     Cluster 2, round 1, loss : 4.90, accuracy 10.00% <-
                                                     Time past : 8200msec
                                                     ['0:0.00%', '1:0.00%', '2:0.00%', '3:0.00%', '4:0.00%', '5:0.00%', '6:100.00%', '7:0.00%', '8:0.00%', '9:0.00%']
                                          0msec<-
                                          ->0msec
                                                     -> Cluster 53, loss : 2.48, accuracy 10.00%, model from round 3
                                                     ['0:0.00%', '1:0.00%', '2:0.00%', '3:0.00%', '4:0.00%', '5:0.00%', '6:100.00%', '7:0.00%', '8:0.00%', '9:0.00%']
                                                                                              <-> Client 0, global : from 10.00% to 10.00%, local : from 0.40% to 95.00%, training time : 8200msec
                                                     Cluster 53, round 1, loss : 5.11, accuracy 10.00% <-
                                                     Time past : 8200msec
                                                     ['0:0.00%', '1:0.00%', '2:0.00%', '3:0.00%', '4:0.00%', '5:0.00%', '6:0.00%', '7:100.00%', '8:0.00%', '9:0.00%']
                                          0msec<-
                                          ->0msec
                                                     -> Cluster 71, loss : 2.48, accuracy 10.00%, model from round 3
                                                     ['0:0.00%', '1:0.00%', '2:0.00%', '3:0.00%', '4:0.00%', '5:0.00%', '6:100.00%', '7:0.00%', '8:0.00%', '9:0.00%']
                                                                                              <-> Client 0, global : from 10.00% to 10.00%, local : from 0.20% to 95.00%, training time : 8200msec
                                                     Cluster 71, round 1, loss : 5.40, accuracy 10.00% <-
                                                     Time past : 8200msec
                                                     ['0:0.00%', '1:0.00%', '2:0.00%', '3:100.00%', '4:0.00%', '5:0.00%', '6:0.00%', '7:0.00%', '8:0.00%', '9:0.00%']
                                          0msec<-
                                          ->0msec
                                                     -> Cluster 82, loss : 2.48, accuracy 10.00%, model from round 3
                                                     ['0:0.00%', '1:0.00%', '2:0.00%', '3:0.00%', '4:0.00%', '5:0.00%', '6:100.00%', '7:0.00%', '8:0.00%', '9:0.00%']
                                                                                              <-> Client 0, global : from 10.00% to 10.00%, local : from 0.80% to 95.00%, training time : 8200msec
                                                     Cluster 82, round 1, loss : 5.16, accuracy 10.00% <-
                                                     Time past : 8200msec
                                                     ['0:0.00%', '1:0.00%', '2:0.00%', '3:0.00%', '4:0.00%', '5:100.00%', '6:0.00%', '7:0.00%', '8:0.00%', '9:0.00%']
                                          0msec<-
                                          ->0msec
                                                     -> Cluster 12, loss : 2.48, accuracy 10.00%, model from round 3
                                                     ['0:0.00%', '1:0.00%', '2:0.00%', '3:0.00%', '4:0.00%', '5:0.00%', '6:100.00%', '7:0.00%', '8:0.00%', '9:0.00%']
                                                                                              <-> Client 0, global : from 10.00% to 10.00%, local : from 0.20% to 95.00%, training time : 8200msec
                                                     Cluster 12, round 1, loss : 4.92, accuracy 10.00% <-
                                                     Time past : 8200msec
                                                     ['0:0.00%', '1:0.00%', '2:0.00%', '3:0.00%', '4:0.00%', '5:0.00%', '6:0.00%', '7:0.00%', '8:0.00%', '9:100.00%']
                                          0msec<-
Central server round 3, loss : 2.32, accuracy :11.92%
Time past: 24600msec
['0:0.00%', '1:0.00%', '2:0.00%', '3:0.00%', '4:0.00%', '5:90.10%', '6:0.00%', '7:25.60%', '8:0.00%', '9:3.50%']
                                          ->0msec
                                                     -> Cluster 75, loss : 2.32, accuracy 11.92%, model from round 4
                                                     ['0:0.00%', '1:0.00%', '2:0.00%', '3:0.00%', '4:0.00%', '5:90.10%', '6:0.00%', '7:25.60%', '8:0.00%', '9:3.50%']
                                                                                              <-> Client 0, global : from 11.92% to 10.00%, local : from 0.60% to 95.00%, training time : 8200msec
                                                     Cluster 75, round 1, loss : 5.63, accuracy 10.00% <-
                                                     Time past : 8200msec
                                                     ['0:0.00%', '1:0.00%', '2:0.00%', '3:100.00%', '4:0.00%', '5:0.00%', '6:0.00%', '7:0.00%', '8:0.00%', '9:0.00%']
                                          0msec<-
                                          ->0msec
                                                     -> Cluster 4, loss : 2.32, accuracy 11.92%, model from round 4
                                                     ['0:0.00%', '1:0.00%', '2:0.00%', '3:0.00%', '4:0.00%', '5:90.10%', '6:0.00%', '7:25.60%', '8:0.00%', '9:3.50%']
                                                                                              <-> Client 0, global : from 11.92% to 10.00%, local : from 0.80% to 95.00%, training time : 8200msec
                                                     Cluster 4, round 1, loss : 4.91, accuracy 10.00% <-
                                                     Time past : 8200msec
                                                     ['0:0.00%', '1:0.00%', '2:0.00%', '3:0.00%', '4:0.00%', '5:0.00%', '6:100.00%', '7:0.00%', '8:0.00%', '9:0.00%']
                                          0msec<-
                                          ->0msec
                                                     -> Cluster 61, loss : 2.32, accuracy 11.92%, model from round 4
                                                     ['0:0.00%', '1:0.00%', '2:0.00%', '3:0.00%', '4:0.00%', '5:90.10%', '6:0.00%', '7:25.60%', '8:0.00%', '9:3.50%']
                                                                                              <-> Client 0, global : from 11.92% to 10.00%, local : from 1.20% to 94.81%, training time : 8200msec
                                                     Cluster 61, round 1, loss : 4.78, accuracy 10.00% <-
                                                     Time past : 8200msec
                                                     ['0:0.00%', '1:0.00%', '2:0.00%', '3:0.00%', '4:0.00%', '5:0.00%', '6:0.00%', '7:0.00%', '8:100.00%', '9:0.00%']
                                          0msec<-
                                          ->0msec
                                                     -> Cluster 31, loss : 2.32, accuracy 11.92%, model from round 4
                                                     ['0:0.00%', '1:0.00%', '2:0.00%', '3:0.00%', '4:0.00%', '5:90.10%', '6:0.00%', '7:25.60%', '8:0.00%', '9:3.50%']
                                                                                              <-> Client 0, global : from 11.92% to 10.00%, local : from 0.40% to 94.81%, training time : 8200msec
                                                     Cluster 31, round 1, loss : 4.60, accuracy 10.00% <-
                                                     Time past : 8200msec
                                                     ['0:0.00%', '1:100.00%', '2:0.00%', '3:0.00%', '4:0.00%', '5:0.00%', '6:0.00%', '7:0.00%', '8:0.00%', '9:0.00%']
                                          0msec<-
                                          ->0msec
                                                     -> Cluster 95, loss : 2.32, accuracy 11.92%, model from round 4
                                                     ['0:0.00%', '1:0.00%', '2:0.00%', '3:0.00%', '4:0.00%', '5:90.10%', '6:0.00%', '7:25.60%', '8:0.00%', '9:3.50%']
                                                                                              <-> Client 0, global : from 11.92% to 10.00%, local : from 0.40% to 95.19%, training time : 8200msec
                                                     Cluster 95, round 1, loss : 4.72, accuracy 10.00% <-
                                                     Time past : 8200msec
                                                     ['0:100.00%', '1:0.00%', '2:0.00%', '3:0.00%', '4:0.00%', '5:0.00%', '6:0.00%', '7:0.00%', '8:0.00%', '9:0.00%']
                                          0msec<-
                                          ->0msec
                                                     -> Cluster 51, loss : 2.32, accuracy 11.92%, model from round 4
                                                     ['0:0.00%', '1:0.00%', '2:0.00%', '3:0.00%', '4:0.00%', '5:90.10%', '6:0.00%', '7:25.60%', '8:0.00%', '9:3.50%']
                                                                                              <-> Client 0, global : from 11.92% to 10.00%, local : from 24.55% to 94.81%, training time : 8200msec
                                                     Cluster 51, round 1, loss : 4.87, accuracy 10.00% <-
                                                     Time past : 8200msec
                                                     ['0:0.00%', '1:0.00%', '2:0.00%', '3:0.00%', '4:0.00%', '5:0.00%', '6:0.00%', '7:100.00%', '8:0.00%', '9:0.00%']
                                          0msec<-
                                          ->0msec
                                                     -> Cluster 53, loss : 2.32, accuracy 11.92%, model from round 4
                                                     ['0:0.00%', '1:0.00%', '2:0.00%', '3:0.00%', '4:0.00%', '5:90.10%', '6:0.00%', '7:25.60%', '8:0.00%', '9:3.50%']
                                                                                              <-> Client 0, global : from 11.92% to 10.00%, local : from 27.00% to 95.00%, training time : 8200msec
                                                     Cluster 53, round 1, loss : 4.55, accuracy 10.00% <-
                                                     Time past : 8200msec
                                                     ['0:0.00%', '1:0.00%', '2:0.00%', '3:0.00%', '4:0.00%', '5:0.00%', '6:0.00%', '7:100.00%', '8:0.00%', '9:0.00%']
                                          0msec<-
                                          ->0msec
                                                     -> Cluster 85, loss : 2.32, accuracy 11.92%, model from round 4
                                                     ['0:0.00%', '1:0.00%', '2:0.00%', '3:0.00%', '4:0.00%', '5:90.10%', '6:0.00%', '7:25.60%', '8:0.00%', '9:3.50%']
                                                                                              <-> Client 0, global : from 11.92% to 10.00%, local : from 85.57% to 95.19%, training time : 8200msec
                                                     Cluster 85, round 1, loss : 4.87, accuracy 10.00% <-
                                                     Time past : 8200msec
                                                     ['0:0.00%', '1:0.00%', '2:0.00%', '3:0.00%', '4:0.00%', '5:100.00%', '6:0.00%', '7:0.00%', '8:0.00%', '9:0.00%']
                                          0msec<-
                                          ->0msec
                                                     -> Cluster 22, loss : 2.32, accuracy 11.92%, model from round 4
                                                     ['0:0.00%', '1:0.00%', '2:0.00%', '3:0.00%', '4:0.00%', '5:90.10%', '6:0.00%', '7:25.60%', '8:0.00%', '9:3.50%']
                                                                                              <-> Client 0, global : from 11.92% to 10.00%, local : from 0.00% to 95.00%, training time : 8200msec
                                                     Cluster 22, round 1, loss : 4.84, accuracy 10.00% <-
                                                     Time past : 8200msec
                                                     ['0:0.00%', '1:0.00%', '2:0.00%', '3:0.00%', '4:100.00%', '5:0.00%', '6:0.00%', '7:0.00%', '8:0.00%', '9:0.00%']
                                          0msec<-
                                          ->0msec
                                                     -> Cluster 46, loss : 2.32, accuracy 11.92%, model from round 4
                                                     ['0:0.00%', '1:0.00%', '2:0.00%', '3:0.00%', '4:0.00%', '5:90.10%', '6:0.00%', '7:25.60%', '8:0.00%', '9:3.50%']
                                                                                              <-> Client 0, global : from 11.92% to 10.00%, local : from 0.40% to 95.00%, training time : 8200msec
                                                     Cluster 46, round 1, loss : 4.08, accuracy 10.00% <-
                                                     Time past : 8200msec
                                                     ['0:0.00%', '1:0.00%', '2:100.00%', '3:0.00%', '4:0.00%', '5:0.00%', '6:0.00%', '7:0.00%', '8:0.00%', '9:0.00%']
                                          0msec<-
Central server round 4, loss : 2.30, accuracy :13.31%
Time past: 32800msec
['0:0.00%', '1:0.00%', '2:0.00%', '3:0.00%', '4:0.00%', '5:0.00%', '6:0.00%', '7:86.50%', '8:46.60%', '9:0.00%']
                                          ->0msec
                                                     -> Cluster 5, loss : 2.30, accuracy 13.31%, model from round 5
                                                     ['0:0.00%', '1:0.00%', '2:0.00%', '3:0.00%', '4:0.00%', '5:0.00%', '6:0.00%', '7:86.50%', '8:46.60%', '9:0.00%']
                                                                                              <-> Client 0, global : from 13.31% to 10.00%, local : from 1.20% to 95.00%, training time : 8200msec
                                                     Cluster 5, round 1, loss : 5.19, accuracy 10.00% <-
                                                     Time past : 8200msec
                                                     ['0:0.00%', '1:0.00%', '2:0.00%', '3:0.00%', '4:0.00%', '5:0.00%', '6:100.00%', '7:0.00%', '8:0.00%', '9:0.00%']
                                          0msec<-
                                          ->0msec
                                                     -> Cluster 39, loss : 2.30, accuracy 13.31%, model from round 5
                                                     ['0:0.00%', '1:0.00%', '2:0.00%', '3:0.00%', '4:0.00%', '5:0.00%', '6:0.00%', '7:86.50%', '8:46.60%', '9:0.00%']
                                                                                              <-> Client 0, global : from 13.31% to 10.00%, local : from 0.80% to 95.00%, training time : 8200msec
                                                     Cluster 39, round 1, loss : 4.96, accuracy 10.00% <-
                                                     Time past : 8200msec
                                                     ['0:0.00%', '1:100.00%', '2:0.00%', '3:0.00%', '4:0.00%', '5:0.00%', '6:0.00%', '7:0.00%', '8:0.00%', '9:0.00%']
                                          0msec<-
                                          ->0msec
                                                     -> Cluster 90, loss : 2.30, accuracy 13.31%, model from round 5
                                                     ['0:0.00%', '1:0.00%', '2:0.00%', '3:0.00%', '4:0.00%', '5:0.00%', '6:0.00%', '7:86.50%', '8:46.60%', '9:0.00%']
                                                                                              <-> Client 0, global : from 13.31% to 10.00%, local : from 0.80% to 95.00%, training time : 8200msec
                                                     Cluster 90, round 1, loss : 4.60, accuracy 10.00% <-
                                                     Time past : 8200msec
                                                     ['0:100.00%', '1:0.00%', '2:0.00%', '3:0.00%', '4:0.00%', '5:0.00%', '6:0.00%', '7:0.00%', '8:0.00%', '9:0.00%']
                                          0msec<-
                                          ->0msec
                                                     -> Cluster 78, loss : 2.30, accuracy 13.31%, model from round 5
                                                     ['0:0.00%', '1:0.00%', '2:0.00%', '3:0.00%', '4:0.00%', '5:0.00%', '6:0.00%', '7:86.50%', '8:46.60%', '9:0.00%']
                                                                                              <-> Client 0, global : from 13.31% to 10.00%, local : from 0.60% to 95.00%, training time : 8200msec
                                                     Cluster 78, round 1, loss : 5.12, accuracy 10.00% <-
                                                     Time past : 8200msec
                                                     ['0:0.00%', '1:0.00%', '2:0.00%', '3:100.00%', '4:0.00%', '5:0.00%', '6:0.00%', '7:0.00%', '8:0.00%', '9:0.00%']
                                          0msec<-
                                          ->0msec
                                                     -> Cluster 75, loss : 2.30, accuracy 13.31%, model from round 5
                                                     ['0:0.00%', '1:0.00%', '2:0.00%', '3:0.00%', '4:0.00%', '5:0.00%', '6:0.00%', '7:86.50%', '8:46.60%', '9:0.00%']
                                                                                              <-> Client 0, global : from 13.31% to 10.00%, local : from 0.40% to 95.00%, training time : 8200msec
                                                     Cluster 75, round 1, loss : 5.57, accuracy 10.00% <-
                                                     Time past : 8200msec
                                                     ['0:0.00%', '1:0.00%', '2:0.00%', '3:100.00%', '4:0.00%', '5:0.00%', '6:0.00%', '7:0.00%', '8:0.00%', '9:0.00%']
                                          0msec<-
                                          ->0msec
                                                     -> Cluster 74, loss : 2.30, accuracy 13.31%, model from round 5
                                                     ['0:0.00%', '1:0.00%', '2:0.00%', '3:0.00%', '4:0.00%', '5:0.00%', '6:0.00%', '7:86.50%', '8:46.60%', '9:0.00%']
                                                                                              <-> Client 0, global : from 13.31% to 10.00%, local : from 1.00% to 95.00%, training time : 8200msec
                                                     Cluster 74, round 1, loss : 4.52, accuracy 10.00% <-
                                                     Time past : 8200msec
                                                     ['0:0.00%', '1:0.00%', '2:0.00%', '3:100.00%', '4:0.00%', '5:0.00%', '6:0.00%', '7:0.00%', '8:0.00%', '9:0.00%']
                                          0msec<-
                                          ->0msec
                                                     -> Cluster 50, loss : 2.30, accuracy 13.31%, model from round 5
                                                     ['0:0.00%', '1:0.00%', '2:0.00%', '3:0.00%', '4:0.00%', '5:0.00%', '6:0.00%', '7:86.50%', '8:46.60%', '9:0.00%']
                                                                                              <-> Client 0, global : from 13.31% to 10.00%, local : from 87.03% to 94.81%, training time : 8200msec
                                                     Cluster 50, round 1, loss : 5.12, accuracy 10.00% <-
                                                     Time past : 8200msec
                                                     ['0:0.00%', '1:0.00%', '2:0.00%', '3:0.00%', '4:0.00%', '5:0.00%', '6:0.00%', '7:100.00%', '8:0.00%', '9:0.00%']
                                          0msec<-
                                          ->0msec
                                                     -> Cluster 82, loss : 2.30, accuracy 13.31%, model from round 5
                                                     ['0:0.00%', '1:0.00%', '2:0.00%', '3:0.00%', '4:0.00%', '5:0.00%', '6:0.00%', '7:86.50%', '8:46.60%', '9:0.00%']
                                                                                              <-> Client 0, global : from 13.31% to 10.00%, local : from 1.20% to 95.00%, training time : 8200msec
                                                     Cluster 82, round 1, loss : 5.47, accuracy 10.00% <-
                                                     Time past : 8200msec
                                                     ['0:0.00%', '1:0.00%', '2:0.00%', '3:0.00%', '4:0.00%', '5:100.00%', '6:0.00%', '7:0.00%', '8:0.00%', '9:0.00%']
                                          0msec<-
                                          ->0msec
                                                     -> Cluster 21, loss : 2.30, accuracy 13.31%, model from round 5
                                                     ['0:0.00%', '1:0.00%', '2:0.00%', '3:0.00%', '4:0.00%', '5:0.00%', '6:0.00%', '7:86.50%', '8:46.60%', '9:0.00%']
                                                                                              <-> Client 0, global : from 13.31% to 10.00%, local : from 0.60% to 94.81%, training time : 8200msec
                                                     Cluster 21, round 1, loss : 4.99, accuracy 10.00% <-
                                                     Time past : 8200msec
                                                     ['0:0.00%', '1:0.00%', '2:0.00%', '3:0.00%', '4:100.00%', '5:0.00%', '6:0.00%', '7:0.00%', '8:0.00%', '9:0.00%']
                                          0msec<-
                                          ->0msec
                                                     -> Cluster 64, loss : 2.30, accuracy 13.31%, model from round 5
                                                     ['0:0.00%', '1:0.00%', '2:0.00%', '3:0.00%', '4:0.00%', '5:0.00%', '6:0.00%', '7:86.50%', '8:46.60%', '9:0.00%']
                                                                                              <-> Client 0, global : from 13.31% to 10.00%, local : from 39.00% to 95.00%, training time : 8200msec
                                                     Cluster 64, round 1, loss : 4.22, accuracy 10.00% <-
                                                     Time past : 8200msec
                                                     ['0:0.00%', '1:0.00%', '2:0.00%', '3:0.00%', '4:0.00%', '5:0.00%', '6:0.00%', '7:0.00%', '8:100.00%', '9:0.00%']
                                          0msec<-
Central server round 5, loss : 2.35, accuracy :10.08%
Time past: 41000msec
['0:0.00%', '1:0.00%', '2:0.00%', '3:99.80%', '4:0.00%', '5:0.00%', '6:0.00%', '7:0.00%', '8:1.00%', '9:0.00%']
                                          ->0msec
                                                     -> Cluster 49, loss : 2.35, accuracy 10.08%, model from round 6
                                                     ['0:0.00%', '1:0.00%', '2:0.00%', '3:99.80%', '4:0.00%', '5:0.00%', '6:0.00%', '7:0.00%', '8:1.00%', '9:0.00%']
                                                                                              <-> Client 0, global : from 10.08% to 10.00%, local : from 1.00% to 95.00%, training time : 8200msec
                                                     Cluster 49, round 1, loss : 4.78, accuracy 10.00% <-
                                                     Time past : 8200msec
                                                     ['0:0.00%', '1:0.00%', '2:100.00%', '3:0.00%', '4:0.00%', '5:0.00%', '6:0.00%', '7:0.00%', '8:0.00%', '9:0.00%']
                                          0msec<-
                                          ->0msec
                                                     -> Cluster 94, loss : 2.35, accuracy 10.08%, model from round 6
                                                     ['0:0.00%', '1:0.00%', '2:0.00%', '3:99.80%', '4:0.00%', '5:0.00%', '6:0.00%', '7:0.00%', '8:1.00%', '9:0.00%']
                                                                                              <-> Client 0, global : from 10.08% to 10.00%, local : from 0.20% to 95.19%, training time : 8200msec
                                                     Cluster 94, round 1, loss : 4.75, accuracy 10.00% <-
                                                     Time past : 8200msec
                                                     ['0:100.00%', '1:0.00%', '2:0.00%', '3:0.00%', '4:0.00%', '5:0.00%', '6:0.00%', '7:0.00%', '8:0.00%', '9:0.00%']
                                          0msec<-
                                          ->0msec
                                                     -> Cluster 65, loss : 2.35, accuracy 10.08%, model from round 6
                                                     ['0:0.00%', '1:0.00%', '2:0.00%', '3:99.80%', '4:0.00%', '5:0.00%', '6:0.00%', '7:0.00%', '8:1.00%', '9:0.00%']
                                                                                              <-> Client 0, global : from 10.08% to 10.00%, local : from 0.80% to 95.00%, training time : 8200msec
                                                     Cluster 65, round 1, loss : 4.20, accuracy 10.00% <-
                                                     Time past : 8200msec
                                                     ['0:0.00%', '1:0.00%', '2:0.00%', '3:0.00%', '4:0.00%', '5:0.00%', '6:0.00%', '7:0.00%', '8:100.00%', '9:0.00%']
                                          0msec<-
                                          ->0msec
                                                     -> Cluster 16, loss : 2.35, accuracy 10.08%, model from round 6
                                                     ['0:0.00%', '1:0.00%', '2:0.00%', '3:99.80%', '4:0.00%', '5:0.00%', '6:0.00%', '7:0.00%', '8:1.00%', '9:0.00%']
                                                                                              <-> Client 0, global : from 10.08% to 10.00%, local : from 0.80% to 95.00%, training time : 8200msec
                                                     Cluster 16, round 1, loss : 4.76, accuracy 10.00% <-
                                                     Time past : 8200msec
                                                     ['0:0.00%', '1:0.00%', '2:0.00%', '3:0.00%', '4:0.00%', '5:0.00%', '6:0.00%', '7:0.00%', '8:0.00%', '9:100.00%']
                                          0msec<-
                                          ->0msec
                                                     -> Cluster 66, loss : 2.35, accuracy 10.08%, model from round 6
                                                     ['0:0.00%', '1:0.00%', '2:0.00%', '3:99.80%', '4:0.00%', '5:0.00%', '6:0.00%', '7:0.00%', '8:1.00%', '9:0.00%']
                                                                                              <-> Client 0, global : from 10.08% to 10.00%, local : from 1.40% to 95.00%, training time : 8200msec
                                                     Cluster 66, round 1, loss : 4.63, accuracy 10.00% <-
                                                     Time past : 8200msec
                                                     ['0:0.00%', '1:0.00%', '2:0.00%', '3:0.00%', '4:0.00%', '5:0.00%', '6:0.00%', '7:0.00%', '8:100.00%', '9:0.00%']
                                          0msec<-
                                          ->0msec
                                                     -> Cluster 99, loss : 2.35, accuracy 10.08%, model from round 6
                                                     ['0:0.00%', '1:0.00%', '2:0.00%', '3:99.80%', '4:0.00%', '5:0.00%', '6:0.00%', '7:0.00%', '8:1.00%', '9:0.00%']
                                                                                              <-> Client 0, global : from 10.08% to 10.00%, local : from 0.60% to 95.19%, training time : 8200msec
                                                     Cluster 99, round 1, loss : 4.78, accuracy 10.00% <-
                                                     Time past : 8200msec
                                                     ['0:100.00%', '1:0.00%', '2:0.00%', '3:0.00%', '4:0.00%', '5:0.00%', '6:0.00%', '7:0.00%', '8:0.00%', '9:0.00%']
                                          0msec<-
                                          ->0msec
                                                     -> Cluster 71, loss : 2.35, accuracy 10.08%, model from round 6
                                                     ['0:0.00%', '1:0.00%', '2:0.00%', '3:99.80%', '4:0.00%', '5:0.00%', '6:0.00%', '7:0.00%', '8:1.00%', '9:0.00%']
                                                                                              <-> Client 0, global : from 10.08% to 10.00%, local : from 95.20% to 95.00%, training time : 8200msec
                                                     Cluster 71, round 1, loss : 4.86, accuracy 10.00% <-
                                                     Time past : 8200msec
                                                     ['0:0.00%', '1:0.00%', '2:0.00%', '3:100.00%', '4:0.00%', '5:0.00%', '6:0.00%', '7:0.00%', '8:0.00%', '9:0.00%']
                                          0msec<-
                                          ->0msec
                                                     -> Cluster 26, loss : 2.35, accuracy 10.08%, model from round 6
                                                     ['0:0.00%', '1:0.00%', '2:0.00%', '3:99.80%', '4:0.00%', '5:0.00%', '6:0.00%', '7:0.00%', '8:1.00%', '9:0.00%']
                                                                                              <-> Client 0, global : from 10.08% to 10.00%, local : from 0.20% to 95.00%, training time : 8200msec
                                                     Cluster 26, round 1, loss : 4.55, accuracy 10.00% <-
                                                     Time past : 8200msec
                                                     ['0:0.00%', '1:0.00%', '2:0.00%', '3:0.00%', '4:100.00%', '5:0.00%', '6:0.00%', '7:0.00%', '8:0.00%', '9:0.00%']
                                          0msec<-
                                          ->0msec
                                                     -> Cluster 54, loss : 2.35, accuracy 10.08%, model from round 6
                                                     ['0:0.00%', '1:0.00%', '2:0.00%', '3:99.80%', '4:0.00%', '5:0.00%', '6:0.00%', '7:0.00%', '8:1.00%', '9:0.00%']
                                                                                              <-> Client 0, global : from 10.08% to 10.00%, local : from 0.80% to 95.00%, training time : 8200msec
                                                     Cluster 54, round 1, loss : 5.23, accuracy 10.00% <-
                                                     Time past : 8200msec
                                                     ['0:0.00%', '1:0.00%', '2:0.00%', '3:0.00%', '4:0.00%', '5:0.00%', '6:0.00%', '7:100.00%', '8:0.00%', '9:0.00%']
                                          0msec<-
                                          ->0msec
                                                     -> Cluster 7, loss : 2.35, accuracy 10.08%, model from round 6
                                                     ['0:0.00%', '1:0.00%', '2:0.00%', '3:99.80%', '4:0.00%', '5:0.00%', '6:0.00%', '7:0.00%', '8:1.00%', '9:0.00%']
                                                                                              <-> Client 0, global : from 10.08% to 10.00%, local : from 1.00% to 95.00%, training time : 8200msec
                                                     Cluster 7, round 1, loss : 5.07, accuracy 10.00% <-
                                                     Time past : 8200msec
                                                     ['0:0.00%', '1:0.00%', '2:0.00%', '3:0.00%', '4:0.00%', '5:0.00%', '6:100.00%', '7:0.00%', '8:0.00%', '9:0.00%']
                                          0msec<-
Central server round 6, loss : 2.31, accuracy :14.12%
Time past: 49200msec
['0:50.60%', '1:0.00%', '2:0.00%', '3:2.60%', '4:0.00%', '5:0.00%', '6:6.10%', '7:0.00%', '8:81.20%', '9:0.70%']
                                          ->0msec
                                                     -> Cluster 58, loss : 2.31, accuracy 14.12%, model from round 7
                                                     ['0:50.60%', '1:0.00%', '2:0.00%', '3:2.60%', '4:0.00%', '5:0.00%', '6:6.10%', '7:0.00%', '8:81.20%', '9:0.70%']
                                                                                              <-> Client 0, global : from 14.12% to 10.00%, local : from 1.40% to 95.00%, training time : 8200msec
                                                     Cluster 58, round 1, loss : 4.34, accuracy 10.00% <-
                                                     Time past : 8200msec
                                                     ['0:0.00%', '1:0.00%', '2:0.00%', '3:0.00%', '4:0.00%', '5:0.00%', '6:0.00%', '7:100.00%', '8:0.00%', '9:0.00%']
                                          0msec<-
                                          ->0msec
                                                     -> Cluster 76, loss : 2.31, accuracy 14.12%, model from round 7
                                                     ['0:50.60%', '1:0.00%', '2:0.00%', '3:2.60%', '4:0.00%', '5:0.00%', '6:6.10%', '7:0.00%', '8:81.20%', '9:0.70%']
                                                                                              <-> Client 0, global : from 14.12% to 10.00%, local : from 3.40% to 95.00%, training time : 8200msec
                                                     Cluster 76, round 1, loss : 5.22, accuracy 10.00% <-
                                                     Time past : 8200msec
                                                     ['0:0.00%', '1:0.00%', '2:0.00%', '3:100.00%', '4:0.00%', '5:0.00%', '6:0.00%', '7:0.00%', '8:0.00%', '9:0.00%']
                                          0msec<-
                                          ->0msec
                                                     -> Cluster 3, loss : 2.31, accuracy 14.12%, model from round 7
                                                     ['0:50.60%', '1:0.00%', '2:0.00%', '3:2.60%', '4:0.00%', '5:0.00%', '6:6.10%', '7:0.00%', '8:81.20%', '9:0.70%']
                                                                                              <-> Client 0, global : from 14.12% to 10.00%, local : from 7.40% to 95.00%, training time : 8200msec
                                                     Cluster 3, round 1, loss : 3.82, accuracy 10.00% <-
                                                     Time past : 8200msec
                                                     ['0:0.00%', '1:0.00%', '2:0.00%', '3:0.00%', '4:0.00%', '5:0.00%', '6:100.00%', '7:0.00%', '8:0.00%', '9:0.00%']
                                          0msec<-
                                          ->0msec
                                                     -> Cluster 29, loss : 2.31, accuracy 14.12%, model from round 7
                                                     ['0:50.60%', '1:0.00%', '2:0.00%', '3:2.60%', '4:0.00%', '5:0.00%', '6:6.10%', '7:0.00%', '8:81.20%', '9:0.70%']
                                                                                              <-> Client 0, global : from 14.12% to 10.00%, local : from 0.80% to 95.00%, training time : 8200msec
                                                     Cluster 29, round 1, loss : 5.26, accuracy 10.00% <-
                                                     Time past : 8200msec
                                                     ['0:0.00%', '1:0.00%', '2:0.00%', '3:0.00%', '4:100.00%', '5:0.00%', '6:0.00%', '7:0.00%', '8:0.00%', '9:0.00%']
                                          0msec<-
                                          ->0msec
                                                     -> Cluster 81, loss : 2.31, accuracy 14.12%, model from round 7
                                                     ['0:50.60%', '1:0.00%', '2:0.00%', '3:2.60%', '4:0.00%', '5:0.00%', '6:6.10%', '7:0.00%', '8:81.20%', '9:0.70%']
                                                                                              <-> Client 0, global : from 14.12% to 10.00%, local : from 0.20% to 95.00%, training time : 8200msec
                                                     Cluster 81, round 1, loss : 4.71, accuracy 10.00% <-
                                                     Time past : 8200msec
                                                     ['0:0.00%', '1:0.00%', '2:0.00%', '3:0.00%', '4:0.00%', '5:100.00%', '6:0.00%', '7:0.00%', '8:0.00%', '9:0.00%']
                                          0msec<-
                                          ->0msec
                                                     -> Cluster 22, loss : 2.31, accuracy 14.12%, model from round 7
                                                     ['0:50.60%', '1:0.00%', '2:0.00%', '3:2.60%', '4:0.00%', '5:0.00%', '6:6.10%', '7:0.00%', '8:81.20%', '9:0.70%']
                                                                                              <-> Client 0, global : from 14.12% to 10.00%, local : from 1.00% to 95.00%, training time : 8200msec
                                                     Cluster 22, round 1, loss : 5.27, accuracy 10.00% <-
                                                     Time past : 8200msec
                                                     ['0:0.00%', '1:0.00%', '2:0.00%', '3:0.00%', '4:100.00%', '5:0.00%', '6:0.00%', '7:0.00%', '8:0.00%', '9:0.00%']
                                          0msec<-
                                          ->0msec
                                                     -> Cluster 70, loss : 2.31, accuracy 14.12%, model from round 7
                                                     ['0:50.60%', '1:0.00%', '2:0.00%', '3:2.60%', '4:0.00%', '5:0.00%', '6:6.10%', '7:0.00%', '8:81.20%', '9:0.70%']
                                                                                              <-> Client 0, global : from 14.12% to 10.00%, local : from 2.60% to 95.00%, training time : 8200msec
                                                     Cluster 70, round 1, loss : 4.33, accuracy 10.00% <-
                                                     Time past : 8200msec
                                                     ['0:0.00%', '1:0.00%', '2:0.00%', '3:100.00%', '4:0.00%', '5:0.00%', '6:0.00%', '7:0.00%', '8:0.00%', '9:0.00%']
                                          0msec<-
                                          ->0msec
                                                     -> Cluster 74, loss : 2.31, accuracy 14.12%, model from round 7
                                                     ['0:50.60%', '1:0.00%', '2:0.00%', '3:2.60%', '4:0.00%', '5:0.00%', '6:6.10%', '7:0.00%', '8:81.20%', '9:0.70%']
                                                                                              <-> Client 0, global : from 14.12% to 10.00%, local : from 2.00% to 95.00%, training time : 8200msec
                                                     Cluster 74, round 1, loss : 5.04, accuracy 10.00% <-
                                                     Time past : 8200msec
                                                     ['0:0.00%', '1:0.00%', '2:0.00%', '3:100.00%', '4:0.00%', '5:0.00%', '6:0.00%', '7:0.00%', '8:0.00%', '9:0.00%']
                                          0msec<-
                                          ->0msec
                                                     -> Cluster 23, loss : 2.31, accuracy 14.12%, model from round 7
                                                     ['0:50.60%', '1:0.00%', '2:0.00%', '3:2.60%', '4:0.00%', '5:0.00%', '6:6.10%', '7:0.00%', '8:81.20%', '9:0.70%']
                                                                                              <-> Client 0, global : from 14.12% to 10.00%, local : from 1.00% to 95.00%, training time : 8200msec
                                                     Cluster 23, round 1, loss : 5.15, accuracy 10.00% <-
                                                     Time past : 8200msec
                                                     ['0:0.00%', '1:0.00%', '2:0.00%', '3:0.00%', '4:100.00%', '5:0.00%', '6:0.00%', '7:0.00%', '8:0.00%', '9:0.00%']
                                          0msec<-
                                          ->0msec
                                                     -> Cluster 11, loss : 2.31, accuracy 14.12%, model from round 7
                                                     ['0:50.60%', '1:0.00%', '2:0.00%', '3:2.60%', '4:0.00%', '5:0.00%', '6:6.10%', '7:0.00%', '8:81.20%', '9:0.70%']
                                                                                              <-> Client 0, global : from 14.12% to 10.00%, local : from 1.00% to 94.81%, training time : 8200msec
                                                     Cluster 11, round 1, loss : 5.43, accuracy 10.00% <-
                                                     Time past : 8200msec
                                                     ['0:0.00%', '1:0.00%', '2:0.00%', '3:0.00%', '4:0.00%', '5:0.00%', '6:0.00%', '7:0.00%', '8:0.00%', '9:100.00%']
                                          0msec<-
Central server round 7, loss : 2.46, accuracy :10.39%
Time past: 57400msec
['0:0.00%', '1:0.00%', '2:0.00%', '3:77.30%', '4:25.20%', '5:0.00%', '6:0.00%', '7:0.00%', '8:0.00%', '9:1.40%']
                                          ->0msec
                                                     -> Cluster 14, loss : 2.46, accuracy 10.39%, model from round 8
                                                     ['0:0.00%', '1:0.00%', '2:0.00%', '3:77.30%', '4:25.20%', '5:0.00%', '6:0.00%', '7:0.00%', '8:0.00%', '9:1.40%']
                                                                                              <-> Client 0, global : from 10.39% to 10.00%, local : from 3.20% to 95.00%, training time : 8200msec
                                                     Cluster 14, round 1, loss : 4.20, accuracy 10.00% <-
                                                     Time past : 8200msec
                                                     ['0:0.00%', '1:0.00%', '2:0.00%', '3:0.00%', '4:0.00%', '5:0.00%', '6:0.00%', '7:0.00%', '8:0.00%', '9:100.00%']
                                          0msec<-
                                          ->0msec
                                                     -> Cluster 79, loss : 2.46, accuracy 10.39%, model from round 8
                                                     ['0:0.00%', '1:0.00%', '2:0.00%', '3:77.30%', '4:25.20%', '5:0.00%', '6:0.00%', '7:0.00%', '8:0.00%', '9:1.40%']
                                                                                              <-> Client 0, global : from 10.39% to 10.00%, local : from 72.40% to 95.00%, training time : 8200msec
                                                     Cluster 79, round 1, loss : 4.87, accuracy 10.00% <-
                                                     Time past : 8200msec
                                                     ['0:0.00%', '1:0.00%', '2:0.00%', '3:100.00%', '4:0.00%', '5:0.00%', '6:0.00%', '7:0.00%', '8:0.00%', '9:0.00%']
                                          0msec<-
                                          ->0msec
                                                     -> Cluster 23, loss : 2.46, accuracy 10.39%, model from round 8
                                                     ['0:0.00%', '1:0.00%', '2:0.00%', '3:77.30%', '4:25.20%', '5:0.00%', '6:0.00%', '7:0.00%', '8:0.00%', '9:1.40%']
                                                                                              <-> Client 0, global : from 10.39% to 10.00%, local : from 22.00% to 95.00%, training time : 8200msec
                                                     Cluster 23, round 1, loss : 4.99, accuracy 10.00% <-
                                                     Time past : 8200msec
                                                     ['0:0.00%', '1:0.00%', '2:0.00%', '3:0.00%', '4:100.00%', '5:0.00%', '6:0.00%', '7:0.00%', '8:0.00%', '9:0.00%']
                                          0msec<-
                                          ->0msec
                                                     -> Cluster 44, loss : 2.46, accuracy 10.39%, model from round 8
                                                     ['0:0.00%', '1:0.00%', '2:0.00%', '3:77.30%', '4:25.20%', '5:0.00%', '6:0.00%', '7:0.00%', '8:0.00%', '9:1.40%']
                                                                                              <-> Client 0, global : from 10.39% to 10.00%, local : from 0.60% to 95.00%, training time : 8200msec
                                                     Cluster 44, round 1, loss : 5.13, accuracy 10.00% <-
                                                     Time past : 8200msec
                                                     ['0:0.00%', '1:0.00%', '2:100.00%', '3:0.00%', '4:0.00%', '5:0.00%', '6:0.00%', '7:0.00%', '8:0.00%', '9:0.00%']
                                          0msec<-
                                          ->0msec
                                                     -> Cluster 37, loss : 2.46, accuracy 10.39%, model from round 8
                                                     ['0:0.00%', '1:0.00%', '2:0.00%', '3:77.30%', '4:25.20%', '5:0.00%', '6:0.00%', '7:0.00%', '8:0.00%', '9:1.40%']
                                                                                              <-> Client 0, global : from 10.39% to 10.00%, local : from 0.20% to 95.00%, training time : 8200msec
                                                     Cluster 37, round 1, loss : 4.89, accuracy 10.00% <-
                                                     Time past : 8200msec
                                                     ['0:0.00%', '1:100.00%', '2:0.00%', '3:0.00%', '4:0.00%', '5:0.00%', '6:0.00%', '7:0.00%', '8:0.00%', '9:0.00%']
                                          0msec<-
                                          ->0msec
                                                     -> Cluster 8, loss : 2.46, accuracy 10.39%, model from round 8
                                                     ['0:0.00%', '1:0.00%', '2:0.00%', '3:77.30%', '4:25.20%', '5:0.00%', '6:0.00%', '7:0.00%', '8:0.00%', '9:1.40%']
                                                                                              <-> Client 0, global : from 10.39% to 10.00%, local : from 0.60% to 95.00%, training time : 8200msec
                                                     Cluster 8, round 1, loss : 4.76, accuracy 10.00% <-
                                                     Time past : 8200msec
                                                     ['0:0.00%', '1:0.00%', '2:0.00%', '3:0.00%', '4:0.00%', '5:0.00%', '6:100.00%', '7:0.00%', '8:0.00%', '9:0.00%']
                                          0msec<-
                                          ->0msec
                                                     -> Cluster 21, loss : 2.46, accuracy 10.39%, model from round 8
                                                     ['0:0.00%', '1:0.00%', '2:0.00%', '3:77.30%', '4:25.20%', '5:0.00%', '6:0.00%', '7:0.00%', '8:0.00%', '9:1.40%']
                                                                                              <-> Client 0, global : from 10.39% to 10.00%, local : from 23.55% to 94.81%, training time : 8200msec
                                                     Cluster 21, round 1, loss : 4.99, accuracy 10.00% <-
                                                     Time past : 8200msec
                                                     ['0:0.00%', '1:0.00%', '2:0.00%', '3:0.00%', '4:100.00%', '5:0.00%', '6:0.00%', '7:0.00%', '8:0.00%', '9:0.00%']
                                          0msec<-
                                          ->0msec
                                                     -> Cluster 20, loss : 2.46, accuracy 10.39%, model from round 8
                                                     ['0:0.00%', '1:0.00%', '2:0.00%', '3:77.30%', '4:25.20%', '5:0.00%', '6:0.00%', '7:0.00%', '8:0.00%', '9:1.40%']
                                                                                              <-> Client 0, global : from 10.39% to 10.00%, local : from 22.55% to 94.81%, training time : 8200msec
                                                     Cluster 20, round 1, loss : 5.13, accuracy 10.00% <-
                                                     Time past : 8200msec
                                                     ['0:0.00%', '1:0.00%', '2:0.00%', '3:0.00%', '4:100.00%', '5:0.00%', '6:0.00%', '7:0.00%', '8:0.00%', '9:0.00%']
                                          0msec<-
                                          ->0msec
                                                     -> Cluster 32, loss : 2.46, accuracy 10.39%, model from round 8
                                                     ['0:0.00%', '1:0.00%', '2:0.00%', '3:77.30%', '4:25.20%', '5:0.00%', '6:0.00%', '7:0.00%', '8:0.00%', '9:1.40%']
                                                                                              <-> Client 0, global : from 10.39% to 10.00%, local : from 0.60% to 95.00%, training time : 8200msec
                                                     Cluster 32, round 1, loss : 5.62, accuracy 10.00% <-
                                                     Time past : 8200msec
                                                     ['0:0.00%', '1:100.00%', '2:0.00%', '3:0.00%', '4:0.00%', '5:0.00%', '6:0.00%', '7:0.00%', '8:0.00%', '9:0.00%']
                                          0msec<-
                                          ->0msec
                                                     -> Cluster 67, loss : 2.46, accuracy 10.39%, model from round 8
                                                     ['0:0.00%', '1:0.00%', '2:0.00%', '3:77.30%', '4:25.20%', '5:0.00%', '6:0.00%', '7:0.00%', '8:0.00%', '9:1.40%']
                                                                                              <-> Client 0, global : from 10.39% to 10.00%, local : from 0.60% to 95.00%, training time : 8200msec
                                                     Cluster 67, round 1, loss : 4.09, accuracy 10.00% <-
                                                     Time past : 8200msec
                                                     ['0:0.00%', '1:0.00%', '2:0.00%', '3:0.00%', '4:0.00%', '5:0.00%', '6:0.00%', '7:0.00%', '8:100.00%', '9:0.00%']
                                          0msec<-
Central server round 8, loss : 2.42, accuracy :10.15%
Time past: 65600msec
['0:0.00%', '1:0.00%', '2:0.00%', '3:0.00%', '4:100.00%', '5:0.00%', '6:0.00%', '7:0.00%', '8:1.50%', '9:0.00%']
                                          ->0msec
                                                     -> Cluster 49, loss : 2.42, accuracy 10.15%, model from round 9
                                                     ['0:0.00%', '1:0.00%', '2:0.00%', '3:0.00%', '4:100.00%', '5:0.00%', '6:0.00%', '7:0.00%', '8:1.50%', '9:0.00%']
                                                                                              <-> Client 0, global : from 10.15% to 10.00%, local : from 0.60% to 95.00%, training time : 8200msec
                                                     Cluster 49, round 1, loss : 5.25, accuracy 10.00% <-
                                                     Time past : 8200msec
                                                     ['0:0.00%', '1:0.00%', '2:100.00%', '3:0.00%', '4:0.00%', '5:0.00%', '6:0.00%', '7:0.00%', '8:0.00%', '9:0.00%']
                                          0msec<-
                                          ->0msec
                                                     -> Cluster 43, loss : 2.42, accuracy 10.15%, model from round 9
                                                     ['0:0.00%', '1:0.00%', '2:0.00%', '3:0.00%', '4:100.00%', '5:0.00%', '6:0.00%', '7:0.00%', '8:1.50%', '9:0.00%']
                                                                                              <-> Client 0, global : from 10.15% to 10.00%, local : from 0.80% to 95.00%, training time : 8200msec
                                                     Cluster 43, round 1, loss : 4.82, accuracy 10.00% <-
                                                     Time past : 8200msec
                                                     ['0:0.00%', '1:0.00%', '2:100.00%', '3:0.00%', '4:0.00%', '5:0.00%', '6:0.00%', '7:0.00%', '8:0.00%', '9:0.00%']
                                          0msec<-
                                          ->0msec
                                                     -> Cluster 53, loss : 2.42, accuracy 10.15%, model from round 9
                                                     ['0:0.00%', '1:0.00%', '2:0.00%', '3:0.00%', '4:100.00%', '5:0.00%', '6:0.00%', '7:0.00%', '8:1.50%', '9:0.00%']
                                                                                              <-> Client 0, global : from 10.15% to 10.00%, local : from 0.80% to 95.00%, training time : 8200msec
                                                     Cluster 53, round 1, loss : 4.33, accuracy 10.00% <-
                                                     Time past : 8200msec
                                                     ['0:0.00%', '1:0.00%', '2:0.00%', '3:0.00%', '4:0.00%', '5:0.00%', '6:0.00%', '7:100.00%', '8:0.00%', '9:0.00%']
                                          0msec<-
                                          ->0msec
                                                     -> Cluster 24, loss : 2.42, accuracy 10.15%, model from round 9
                                                     ['0:0.00%', '1:0.00%', '2:0.00%', '3:0.00%', '4:100.00%', '5:0.00%', '6:0.00%', '7:0.00%', '8:1.50%', '9:0.00%']
                                                                                              <-> Client 0, global : from 10.15% to 10.00%, local : from 94.80% to 95.00%, training time : 8200msec
                                                     Cluster 24, round 1, loss : 5.36, accuracy 10.00% <-
                                                     Time past : 8200msec
                                                     ['0:0.00%', '1:0.00%', '2:0.00%', '3:0.00%', '4:100.00%', '5:0.00%', '6:0.00%', '7:0.00%', '8:0.00%', '9:0.00%']
                                          0msec<-
                                          ->0msec
                                                     -> Cluster 33, loss : 2.42, accuracy 10.15%, model from round 9
                                                     ['0:0.00%', '1:0.00%', '2:0.00%', '3:0.00%', '4:100.00%', '5:0.00%', '6:0.00%', '7:0.00%', '8:1.50%', '9:0.00%']
                                                                                              <-> Client 0, global : from 10.15% to 10.00%, local : from 0.80% to 95.00%, training time : 8200msec
                                                     Cluster 33, round 1, loss : 5.22, accuracy 10.00% <-
                                                     Time past : 8200msec
                                                     ['0:0.00%', '1:100.00%', '2:0.00%', '3:0.00%', '4:0.00%', '5:0.00%', '6:0.00%', '7:0.00%', '8:0.00%', '9:0.00%']
                                          0msec<-
                                          ->0msec
                                                     -> Cluster 13, loss : 2.42, accuracy 10.15%, model from round 9
                                                     ['0:0.00%', '1:0.00%', '2:0.00%', '3:0.00%', '4:100.00%', '5:0.00%', '6:0.00%', '7:0.00%', '8:1.50%', '9:0.00%']
                                                                                              <-> Client 0, global : from 10.15% to 10.00%, local : from 0.80% to 95.00%, training time : 8200msec
                                                     Cluster 13, round 1, loss : 3.96, accuracy 10.00% <-
                                                     Time past : 8200msec
                                                     ['0:0.00%', '1:0.00%', '2:0.00%', '3:0.00%', '4:0.00%', '5:0.00%', '6:0.00%', '7:0.00%', '8:0.00%', '9:100.00%']
                                          0msec<-
                                          ->0msec
                                                     -> Cluster 32, loss : 2.42, accuracy 10.15%, model from round 9
                                                     ['0:0.00%', '1:0.00%', '2:0.00%', '3:0.00%', '4:100.00%', '5:0.00%', '6:0.00%', '7:0.00%', '8:1.50%', '9:0.00%']
                                                                                              <-> Client 0, global : from 10.15% to 10.00%, local : from 0.80% to 95.00%, training time : 8200msec
                                                     Cluster 32, round 1, loss : 4.49, accuracy 10.00% <-
                                                     Time past : 8200msec
                                                     ['0:0.00%', '1:100.00%', '2:0.00%', '3:0.00%', '4:0.00%', '5:0.00%', '6:0.00%', '7:0.00%', '8:0.00%', '9:0.00%']
                                          0msec<-
                                          ->0msec
                                                     -> Cluster 93, loss : 2.42, accuracy 10.15%, model from round 9
                                                     ['0:0.00%', '1:0.00%', '2:0.00%', '3:0.00%', '4:100.00%', '5:0.00%', '6:0.00%', '7:0.00%', '8:1.50%', '9:0.00%']
                                                                                              <-> Client 0, global : from 10.15% to 10.00%, local : from 0.60% to 95.19%, training time : 8200msec
                                                     Cluster 93, round 1, loss : 4.66, accuracy 10.00% <-
                                                     Time past : 8200msec
                                                     ['0:100.00%', '1:0.00%', '2:0.00%', '3:0.00%', '4:0.00%', '5:0.00%', '6:0.00%', '7:0.00%', '8:0.00%', '9:0.00%']
                                          0msec<-
                                          ->0msec
                                                     -> Cluster 65, loss : 2.42, accuracy 10.15%, model from round 9
                                                     ['0:0.00%', '1:0.00%', '2:0.00%', '3:0.00%', '4:100.00%', '5:0.00%', '6:0.00%', '7:0.00%', '8:1.50%', '9:0.00%']
                                                                                              <-> Client 0, global : from 10.15% to 10.00%, local : from 1.00% to 95.00%, training time : 8200msec
                                                     Cluster 65, round 1, loss : 4.79, accuracy 10.00% <-
                                                     Time past : 8200msec
                                                     ['0:0.00%', '1:0.00%', '2:0.00%', '3:0.00%', '4:0.00%', '5:0.00%', '6:0.00%', '7:0.00%', '8:100.00%', '9:0.00%']
                                          0msec<-
                                          ->0msec
                                                     -> Cluster 26, loss : 2.42, accuracy 10.15%, model from round 9
                                                     ['0:0.00%', '1:0.00%', '2:0.00%', '3:0.00%', '4:100.00%', '5:0.00%', '6:0.00%', '7:0.00%', '8:1.50%', '9:0.00%']
                                                                                              <-> Client 0, global : from 10.15% to 10.00%, local : from 94.20% to 95.00%, training time : 8200msec
                                                     Cluster 26, round 1, loss : 5.00, accuracy 10.00% <-
                                                     Time past : 8200msec
                                                     ['0:0.00%', '1:0.00%', '2:0.00%', '3:0.00%', '4:100.00%', '5:0.00%', '6:0.00%', '7:0.00%', '8:0.00%', '9:0.00%']
                                          0msec<-
Central server round 9, loss : 2.34, accuracy :17.33%
Time past: 73800msec
['0:0.00%', '1:57.40%', '2:17.60%', '3:0.00%', '4:75.00%', '5:0.00%', '6:0.00%', '7:0.00%', '8:7.40%', '9:15.90%']
                                          ->0msec
                                                     -> Cluster 69, loss : 2.34, accuracy 17.33%, model from round 10
                                                     ['0:0.00%', '1:57.40%', '2:17.60%', '3:0.00%', '4:75.00%', '5:0.00%', '6:0.00%', '7:0.00%', '8:7.40%', '9:15.90%']
                                                                                              <-> Client 0, global : from 17.33% to 10.00%, local : from 5.60% to 95.00%, training time : 8200msec
                                                     Cluster 69, round 1, loss : 3.91, accuracy 10.00% <-
                                                     Time past : 8200msec
                                                     ['0:0.00%', '1:0.00%', '2:0.00%', '3:0.00%', '4:0.00%', '5:0.00%', '6:0.00%', '7:0.00%', '8:100.00%', '9:0.00%']
                                          0msec<-
                                          ->0msec
                                                     -> Cluster 28, loss : 2.34, accuracy 17.33%, model from round 10
                                                     ['0:0.00%', '1:57.40%', '2:17.60%', '3:0.00%', '4:75.00%', '5:0.00%', '6:0.00%', '7:0.00%', '8:7.40%', '9:15.90%']
                                                                                              <-> Client 0, global : from 17.33% to 10.00%, local : from 72.40% to 95.00%, training time : 8200msec
                                                     Cluster 28, round 1, loss : 5.26, accuracy 10.00% <-
                                                     Time past : 8200msec
                                                     ['0:0.00%', '1:0.00%', '2:0.00%', '3:0.00%', '4:100.00%', '5:0.00%', '6:0.00%', '7:0.00%', '8:0.00%', '9:0.00%']
                                          0msec<-
                                          ->0msec
                                                     -> Cluster 80, loss : 2.34, accuracy 17.33%, model from round 10
                                                     ['0:0.00%', '1:57.40%', '2:17.60%', '3:0.00%', '4:75.00%', '5:0.00%', '6:0.00%', '7:0.00%', '8:7.40%', '9:15.90%']
                                                                                              <-> Client 0, global : from 17.33% to 10.00%, local : from 1.20% to 95.00%, training time : 8200msec
                                                     Cluster 80, round 1, loss : 4.91, accuracy 10.00% <-
                                                     Time past : 8200msec
                                                     ['0:0.00%', '1:0.00%', '2:0.00%', '3:0.00%', '4:0.00%', '5:100.00%', '6:0.00%', '7:0.00%', '8:0.00%', '9:0.00%']
                                          0msec<-
                                          ->0msec
                                                     -> Cluster 88, loss : 2.34, accuracy 17.33%, model from round 10
                                                     ['0:0.00%', '1:57.40%', '2:17.60%', '3:0.00%', '4:75.00%', '5:0.00%', '6:0.00%', '7:0.00%', '8:7.40%', '9:15.90%']
                                                                                              <-> Client 0, global : from 17.33% to 10.00%, local : from 0.80% to 95.19%, training time : 8200msec
                                                     Cluster 88, round 1, loss : 5.03, accuracy 10.00% <-
                                                     Time past : 8200msec
                                                     ['0:0.00%', '1:0.00%', '2:0.00%', '3:0.00%', '4:0.00%', '5:100.00%', '6:0.00%', '7:0.00%', '8:0.00%', '9:0.00%']
                                          0msec<-
                                          ->0msec
                                                     -> Cluster 66, loss : 2.34, accuracy 17.33%, model from round 10
                                                     ['0:0.00%', '1:57.40%', '2:17.60%', '3:0.00%', '4:75.00%', '5:0.00%', '6:0.00%', '7:0.00%', '8:7.40%', '9:15.90%']
                                                                                              <-> Client 0, global : from 17.33% to 10.00%, local : from 9.40% to 95.00%, training time : 8200msec
                                                     Cluster 66, round 1, loss : 4.46, accuracy 10.00% <-
                                                     Time past : 8200msec
                                                     ['0:0.00%', '1:0.00%', '2:0.00%', '3:0.00%', '4:0.00%', '5:0.00%', '6:0.00%', '7:0.00%', '8:100.00%', '9:0.00%']
                                          0msec<-
                                          ->0msec
                                                     -> Cluster 57, loss : 2.34, accuracy 17.33%, model from round 10
                                                     ['0:0.00%', '1:57.40%', '2:17.60%', '3:0.00%', '4:75.00%', '5:0.00%', '6:0.00%', '7:0.00%', '8:7.40%', '9:15.90%']
                                                                                              <-> Client 0, global : from 17.33% to 10.00%, local : from 1.00% to 95.00%, training time : 8200msec
                                                     Cluster 57, round 1, loss : 4.56, accuracy 10.00% <-
                                                     Time past : 8200msec
                                                     ['0:0.00%', '1:0.00%', '2:0.00%', '3:0.00%', '4:0.00%', '5:0.00%', '6:0.00%', '7:100.00%', '8:0.00%', '9:0.00%']
                                          0msec<-
                                          ->0msec
                                                     -> Cluster 67, loss : 2.34, accuracy 17.33%, model from round 10
                                                     ['0:0.00%', '1:57.40%', '2:17.60%', '3:0.00%', '4:75.00%', '5:0.00%', '6:0.00%', '7:0.00%', '8:7.40%', '9:15.90%']
                                                                                              <-> Client 0, global : from 17.33% to 10.00%, local : from 7.60% to 95.00%, training time : 8200msec
                                                     Cluster 67, round 1, loss : 4.30, accuracy 10.00% <-
                                                     Time past : 8200msec
                                                     ['0:0.00%', '1:0.00%', '2:0.00%', '3:0.00%', '4:0.00%', '5:0.00%', '6:0.00%', '7:0.00%', '8:100.00%', '9:0.00%']
                                          0msec<-
                                          ->0msec
                                                     -> Cluster 83, loss : 2.34, accuracy 17.33%, model from round 10
                                                     ['0:0.00%', '1:57.40%', '2:17.60%', '3:0.00%', '4:75.00%', '5:0.00%', '6:0.00%', '7:0.00%', '8:7.40%', '9:15.90%']
                                                                                              <-> Client 0, global : from 17.33% to 10.00%, local : from 0.60% to 95.19%, training time : 8200msec
                                                     Cluster 83, round 1, loss : 4.76, accuracy 10.00% <-
                                                     Time past : 8200msec
                                                     ['0:0.00%', '1:0.00%', '2:0.00%', '3:0.00%', '4:0.00%', '5:100.00%', '6:0.00%', '7:0.00%', '8:0.00%', '9:0.00%']
                                          0msec<-
                                          ->0msec
                                                     -> Cluster 3, loss : 2.34, accuracy 17.33%, model from round 10
                                                     ['0:0.00%', '1:57.40%', '2:17.60%', '3:0.00%', '4:75.00%', '5:0.00%', '6:0.00%', '7:0.00%', '8:7.40%', '9:15.90%']
                                                                                              <-> Client 0, global : from 17.33% to 10.00%, local : from 1.80% to 95.00%, training time : 8200msec
                                                     Cluster 3, round 1, loss : 4.90, accuracy 10.00% <-
                                                     Time past : 8200msec
                                                     ['0:0.00%', '1:0.00%', '2:0.00%', '3:0.00%', '4:0.00%', '5:0.00%', '6:100.00%', '7:0.00%', '8:0.00%', '9:0.00%']
                                          0msec<-
                                          ->0msec
                                                     -> Cluster 50, loss : 2.34, accuracy 17.33%, model from round 10
                                                     ['0:0.00%', '1:57.40%', '2:17.60%', '3:0.00%', '4:75.00%', '5:0.00%', '6:0.00%', '7:0.00%', '8:7.40%', '9:15.90%']
                                                                                              <-> Client 0, global : from 17.33% to 10.00%, local : from 1.20% to 94.81%, training time : 8200msec
                                                     Cluster 50, round 1, loss : 4.66, accuracy 10.00% <-
                                                     Time past : 8200msec
                                                     ['0:0.00%', '1:0.00%', '2:0.00%', '3:0.00%', '4:0.00%', '5:0.00%', '6:0.00%', '7:100.00%', '8:0.00%', '9:0.00%']
                                          0msec<-
Central server round 10, loss : 2.40, accuracy :14.87%
Time past: 82000msec
['0:0.00%', '1:0.00%', '2:0.00%', '3:0.00%', '4:0.00%', '5:74.40%', '6:0.00%', '7:0.00%', '8:74.30%', '9:0.00%']
                                          ->0msec
                                                     -> Cluster 39, loss : 2.40, accuracy 14.87%, model from round 11
                                                     ['0:0.00%', '1:0.00%', '2:0.00%', '3:0.00%', '4:0.00%', '5:74.40%', '6:0.00%', '7:0.00%', '8:74.30%', '9:0.00%']
                                                                                              <-> Client 0, global : from 14.87% to 10.00%, local : from 1.20% to 95.00%, training time : 8200msec
                                                     Cluster 39, round 1, loss : 4.52, accuracy 10.00% <-
                                                     Time past : 8200msec
                                                     ['0:0.00%', '1:100.00%', '2:0.00%', '3:0.00%', '4:0.00%', '5:0.00%', '6:0.00%', '7:0.00%', '8:0.00%', '9:0.00%']
                                          0msec<-
                                          ->0msec
                                                     -> Cluster 38, loss : 2.40, accuracy 14.87%, model from round 11
                                                     ['0:0.00%', '1:0.00%', '2:0.00%', '3:0.00%', '4:0.00%', '5:74.40%', '6:0.00%', '7:0.00%', '8:74.30%', '9:0.00%']
                                                                                              <-> Client 0, global : from 14.87% to 10.00%, local : from 1.80% to 95.00%, training time : 8200msec
                                                     Cluster 38, round 1, loss : 4.62, accuracy 10.00% <-
                                                     Time past : 8200msec
                                                     ['0:0.00%', '1:100.00%', '2:0.00%', '3:0.00%', '4:0.00%', '5:0.00%', '6:0.00%', '7:0.00%', '8:0.00%', '9:0.00%']
                                          0msec<-
                                          ->0msec
                                                     -> Cluster 95, loss : 2.40, accuracy 14.87%, model from round 11
                                                     ['0:0.00%', '1:0.00%', '2:0.00%', '3:0.00%', '4:0.00%', '5:74.40%', '6:0.00%', '7:0.00%', '8:74.30%', '9:0.00%']
                                                                                              <-> Client 0, global : from 14.87% to 10.00%, local : from 1.00% to 95.19%, training time : 8200msec
                                                     Cluster 95, round 1, loss : 4.17, accuracy 10.00% <-
                                                     Time past : 8200msec
                                                     ['0:100.00%', '1:0.00%', '2:0.00%', '3:0.00%', '4:0.00%', '5:0.00%', '6:0.00%', '7:0.00%', '8:0.00%', '9:0.00%']
                                          0msec<-
                                          ->0msec
                                                     -> Cluster 20, loss : 2.40, accuracy 14.87%, model from round 11
                                                     ['0:0.00%', '1:0.00%', '2:0.00%', '3:0.00%', '4:0.00%', '5:74.40%', '6:0.00%', '7:0.00%', '8:74.30%', '9:0.00%']
                                                                                              <-> Client 0, global : from 14.87% to 10.00%, local : from 1.40% to 94.81%, training time : 8200msec
                                                     Cluster 20, round 1, loss : 4.63, accuracy 10.00% <-
                                                     Time past : 8200msec
                                                     ['0:0.00%', '1:0.00%', '2:0.00%', '3:0.00%', '4:100.00%', '5:0.00%', '6:0.00%', '7:0.00%', '8:0.00%', '9:0.00%']
                                          0msec<-
                                          ->0msec
                                                     -> Cluster 53, loss : 2.40, accuracy 14.87%, model from round 11
                                                     ['0:0.00%', '1:0.00%', '2:0.00%', '3:0.00%', '4:0.00%', '5:74.40%', '6:0.00%', '7:0.00%', '8:74.30%', '9:0.00%']
                                                                                              <-> Client 0, global : from 14.87% to 10.00%, local : from 1.00% to 95.00%, training time : 8200msec
                                                     Cluster 53, round 1, loss : 4.84, accuracy 10.00% <-
                                                     Time past : 8200msec
                                                     ['0:0.00%', '1:0.00%', '2:0.00%', '3:0.00%', '4:0.00%', '5:0.00%', '6:0.00%', '7:100.00%', '8:0.00%', '9:0.00%']
                                          0msec<-
                                          ->0msec
                                                     -> Cluster 72, loss : 2.40, accuracy 14.87%, model from round 11
                                                     ['0:0.00%', '1:0.00%', '2:0.00%', '3:0.00%', '4:0.00%', '5:74.40%', '6:0.00%', '7:0.00%', '8:74.30%', '9:0.00%']
                                                                                              <-> Client 0, global : from 14.87% to 10.00%, local : from 1.00% to 95.00%, training time : 8200msec
                                                     Cluster 72, round 1, loss : 5.31, accuracy 10.00% <-
                                                     Time past : 8200msec
                                                     ['0:0.00%', '1:0.00%', '2:0.00%', '3:100.00%', '4:0.00%', '5:0.00%', '6:0.00%', '7:0.00%', '8:0.00%', '9:0.00%']
                                          0msec<-
                                          ->0msec
                                                     -> Cluster 32, loss : 2.40, accuracy 14.87%, model from round 11
                                                     ['0:0.00%', '1:0.00%', '2:0.00%', '3:0.00%', '4:0.00%', '5:74.40%', '6:0.00%', '7:0.00%', '8:74.30%', '9:0.00%']
                                                                                              <-> Client 0, global : from 14.87% to 10.00%, local : from 0.40% to 95.00%, training time : 8200msec
                                                     Cluster 32, round 1, loss : 4.91, accuracy 10.00% <-
                                                     Time past : 8200msec
                                                     ['0:0.00%', '1:100.00%', '2:0.00%', '3:0.00%', '4:0.00%', '5:0.00%', '6:0.00%', '7:0.00%', '8:0.00%', '9:0.00%']
                                          0msec<-
                                          ->0msec
                                                     -> Cluster 16, loss : 2.40, accuracy 14.87%, model from round 11
                                                     ['0:0.00%', '1:0.00%', '2:0.00%', '3:0.00%', '4:0.00%', '5:74.40%', '6:0.00%', '7:0.00%', '8:74.30%', '9:0.00%']
                                                                                              <-> Client 0, global : from 14.87% to 10.00%, local : from 1.20% to 95.00%, training time : 8200msec
                                                     Cluster 16, round 1, loss : 4.71, accuracy 10.00% <-
                                                     Time past : 8200msec
                                                     ['0:0.00%', '1:0.00%', '2:0.00%', '3:0.00%', '4:0.00%', '5:0.00%', '6:0.00%', '7:0.00%', '8:0.00%', '9:100.00%']
                                          0msec<-
                                          ->0msec
                                                     -> Cluster 1, loss : 2.40, accuracy 14.87%, model from round 11
                                                     ['0:0.00%', '1:0.00%', '2:0.00%', '3:0.00%', '4:0.00%', '5:74.40%', '6:0.00%', '7:0.00%', '8:74.30%', '9:0.00%']
                                                                                              <-> Client 0, global : from 14.87% to 10.00%, local : from 1.80% to 94.81%, training time : 8200msec
                                                     Cluster 1, round 1, loss : 4.53, accuracy 10.00% <-
                                                     Time past : 8200msec
                                                     ['0:0.00%', '1:0.00%', '2:0.00%', '3:0.00%', '4:0.00%', '5:0.00%', '6:100.00%', '7:0.00%', '8:0.00%', '9:0.00%']
                                          0msec<-
                                          ->0msec
                                                     -> Cluster 71, loss : 2.40, accuracy 14.87%, model from round 11
                                                     ['0:0.00%', '1:0.00%', '2:0.00%', '3:0.00%', '4:0.00%', '5:74.40%', '6:0.00%', '7:0.00%', '8:74.30%', '9:0.00%']
                                                                                              <-> Client 0, global : from 14.87% to 10.00%, local : from 0.80% to 95.00%, training time : 8200msec
                                                     Cluster 71, round 1, loss : 5.14, accuracy 10.00% <-
                                                     Time past : 8200msec
                                                     ['0:0.00%', '1:0.00%', '2:0.00%', '3:100.00%', '4:0.00%', '5:0.00%', '6:0.00%', '7:0.00%', '8:0.00%', '9:0.00%']
                                          0msec<-
Central server round 11, loss : 2.31, accuracy :11.47%
Time past: 90200msec
['0:0.00%', '1:96.20%', '2:0.00%', '3:17.90%', '4:0.00%', '5:0.00%', '6:0.00%', '7:0.00%', '8:0.10%', '9:0.50%']
                                          ->0msec
                                                     -> Cluster 73, loss : 2.31, accuracy 11.47%, model from round 12
                                                     ['0:0.00%', '1:96.20%', '2:0.00%', '3:17.90%', '4:0.00%', '5:0.00%', '6:0.00%', '7:0.00%', '8:0.10%', '9:0.50%']
                                                                                              <-> Client 0, global : from 11.47% to 10.00%, local : from 17.20% to 95.00%, training time : 8200msec
                                                     Cluster 73, round 1, loss : 4.94, accuracy 10.00% <-
                                                     Time past : 8200msec
                                                     ['0:0.00%', '1:0.00%', '2:0.00%', '3:100.00%', '4:0.00%', '5:0.00%', '6:0.00%', '7:0.00%', '8:0.00%', '9:0.00%']
                                          0msec<-
                                          ->0msec
                                                     -> Cluster 86, loss : 2.31, accuracy 11.47%, model from round 12
                                                     ['0:0.00%', '1:96.20%', '2:0.00%', '3:17.90%', '4:0.00%', '5:0.00%', '6:0.00%', '7:0.00%', '8:0.10%', '9:0.50%']
                                                                                              <-> Client 0, global : from 11.47% to 10.00%, local : from 0.80% to 95.19%, training time : 8200msec
                                                     Cluster 86, round 1, loss : 4.70, accuracy 10.00% <-
                                                     Time past : 8200msec
                                                     ['0:0.00%', '1:0.00%', '2:0.00%', '3:0.00%', '4:0.00%', '5:100.00%', '6:0.00%', '7:0.00%', '8:0.00%', '9:0.00%']
                                          0msec<-
                                          ->0msec
                                                     -> Cluster 55, loss : 2.31, accuracy 11.47%, model from round 12
                                                     ['0:0.00%', '1:96.20%', '2:0.00%', '3:17.90%', '4:0.00%', '5:0.00%', '6:0.00%', '7:0.00%', '8:0.10%', '9:0.50%']
                                                                                              <-> Client 0, global : from 11.47% to 10.00%, local : from 1.00% to 95.00%, training time : 8200msec
                                                     Cluster 55, round 1, loss : 4.90, accuracy 10.00% <-
                                                     Time past : 8200msec
                                                     ['0:0.00%', '1:0.00%', '2:0.00%', '3:0.00%', '4:0.00%', '5:0.00%', '6:0.00%', '7:100.00%', '8:0.00%', '9:0.00%']
                                          0msec<-
                                          ->0msec
                                                     -> Cluster 75, loss : 2.31, accuracy 11.47%, model from round 12
                                                     ['0:0.00%', '1:96.20%', '2:0.00%', '3:17.90%', '4:0.00%', '5:0.00%', '6:0.00%', '7:0.00%', '8:0.10%', '9:0.50%']
                                                                                              <-> Client 0, global : from 11.47% to 10.00%, local : from 19.20% to 95.00%, training time : 8200msec
                                                     Cluster 75, round 1, loss : 4.72, accuracy 10.00% <-
                                                     Time past : 8200msec
                                                     ['0:0.00%', '1:0.00%', '2:0.00%', '3:100.00%', '4:0.00%', '5:0.00%', '6:0.00%', '7:0.00%', '8:0.00%', '9:0.00%']
                                          0msec<-
                                          ->0msec
                                                     -> Cluster 24, loss : 2.31, accuracy 11.47%, model from round 12
                                                     ['0:0.00%', '1:96.20%', '2:0.00%', '3:17.90%', '4:0.00%', '5:0.00%', '6:0.00%', '7:0.00%', '8:0.10%', '9:0.50%']
                                                                                              <-> Client 0, global : from 11.47% to 10.00%, local : from 1.20% to 95.00%, training time : 8200msec
                                                     Cluster 24, round 1, loss : 4.08, accuracy 10.00% <-
                                                     Time past : 8200msec
                                                     ['0:0.00%', '1:0.00%', '2:0.00%', '3:0.00%', '4:100.00%', '5:0.00%', '6:0.00%', '7:0.00%', '8:0.00%', '9:0.00%']
                                          0msec<-
                                          ->0msec
                                                     -> Cluster 63, loss : 2.31, accuracy 11.47%, model from round 12
                                                     ['0:0.00%', '1:96.20%', '2:0.00%', '3:17.90%', '4:0.00%', '5:0.00%', '6:0.00%', '7:0.00%', '8:0.10%', '9:0.50%']
                                                                                              <-> Client 0, global : from 11.47% to 10.00%, local : from 0.40% to 95.00%, training time : 8200msec
                                                     Cluster 63, round 1, loss : 4.88, accuracy 10.00% <-
                                                     Time past : 8200msec
                                                     ['0:0.00%', '1:0.00%', '2:0.00%', '3:0.00%', '4:0.00%', '5:0.00%', '6:0.00%', '7:0.00%', '8:100.00%', '9:0.00%']
                                          0msec<-
                                          ->0msec
                                                     -> Cluster 13, loss : 2.31, accuracy 11.47%, model from round 12
                                                     ['0:0.00%', '1:96.20%', '2:0.00%', '3:17.90%', '4:0.00%', '5:0.00%', '6:0.00%', '7:0.00%', '8:0.10%', '9:0.50%']
                                                                                              <-> Client 0, global : from 11.47% to 10.00%, local : from 1.20% to 95.00%, training time : 8200msec
                                                     Cluster 13, round 1, loss : 5.22, accuracy 10.00% <-
                                                     Time past : 8200msec
                                                     ['0:0.00%', '1:0.00%', '2:0.00%', '3:0.00%', '4:0.00%', '5:0.00%', '6:0.00%', '7:0.00%', '8:0.00%', '9:100.00%']
                                          0msec<-
                                          ->0msec
                                                     -> Cluster 85, loss : 2.31, accuracy 11.47%, model from round 12
                                                     ['0:0.00%', '1:96.20%', '2:0.00%', '3:17.90%', '4:0.00%', '5:0.00%', '6:0.00%', '7:0.00%', '8:0.10%', '9:0.50%']
                                                                                              <-> Client 0, global : from 11.47% to 10.00%, local : from 0.60% to 95.19%, training time : 8200msec
                                                     Cluster 85, round 1, loss : 4.93, accuracy 10.00% <-
                                                     Time past : 8200msec
                                                     ['0:0.00%', '1:0.00%', '2:0.00%', '3:0.00%', '4:0.00%', '5:100.00%', '6:0.00%', '7:0.00%', '8:0.00%', '9:0.00%']
                                          0msec<-
                                          ->0msec
                                                     -> Cluster 49, loss : 2.31, accuracy 11.47%, model from round 12
                                                     ['0:0.00%', '1:96.20%', '2:0.00%', '3:17.90%', '4:0.00%', '5:0.00%', '6:0.00%', '7:0.00%', '8:0.10%', '9:0.50%']
                                                                                              <-> Client 0, global : from 11.47% to 10.00%, local : from 0.60% to 95.00%, training time : 8200msec
                                                     Cluster 49, round 1, loss : 4.25, accuracy 10.00% <-
                                                     Time past : 8200msec
                                                     ['0:0.00%', '1:0.00%', '2:100.00%', '3:0.00%', '4:0.00%', '5:0.00%', '6:0.00%', '7:0.00%', '8:0.00%', '9:0.00%']
                                          0msec<-
                                          ->0msec
                                                     -> Cluster 37, loss : 2.31, accuracy 11.47%, model from round 12
                                                     ['0:0.00%', '1:96.20%', '2:0.00%', '3:17.90%', '4:0.00%', '5:0.00%', '6:0.00%', '7:0.00%', '8:0.10%', '9:0.50%']
                                                                                              <-> Client 0, global : from 11.47% to 10.00%, local : from 90.60% to 95.00%, training time : 8200msec
                                                     Cluster 37, round 1, loss : 4.78, accuracy 10.00% <-
                                                     Time past : 8200msec
                                                     ['0:0.00%', '1:100.00%', '2:0.00%', '3:0.00%', '4:0.00%', '5:0.00%', '6:0.00%', '7:0.00%', '8:0.00%', '9:0.00%']
                                          0msec<-
Central server round 12, loss : 2.28, accuracy :17.12%
Time past: 98400msec
['0:0.00%', '1:0.00%', '2:0.00%', '3:45.50%', '4:0.00%', '5:58.40%', '6:0.00%', '7:0.00%', '8:13.90%', '9:53.40%']
                                          ->0msec
                                                     -> Cluster 43, loss : 2.28, accuracy 17.12%, model from round 13
                                                     ['0:0.00%', '1:0.00%', '2:0.00%', '3:45.50%', '4:0.00%', '5:58.40%', '6:0.00%', '7:0.00%', '8:13.90%', '9:53.40%']
                                                                                              <-> Client 0, global : from 17.12% to 10.00%, local : from 1.20% to 95.00%, training time : 8200msec
                                                     Cluster 43, round 1, loss : 4.85, accuracy 10.00% <-
                                                     Time past : 8200msec
                                                     ['0:0.00%', '1:0.00%', '2:100.00%', '3:0.00%', '4:0.00%', '5:0.00%', '6:0.00%', '7:0.00%', '8:0.00%', '9:0.00%']
                                          0msec<-
                                          ->0msec
                                                     -> Cluster 54, loss : 2.28, accuracy 17.12%, model from round 13
                                                     ['0:0.00%', '1:0.00%', '2:0.00%', '3:45.50%', '4:0.00%', '5:58.40%', '6:0.00%', '7:0.00%', '8:13.90%', '9:53.40%']
                                                                                              <-> Client 0, global : from 17.12% to 10.00%, local : from 1.00% to 95.00%, training time : 8200msec
                                                     Cluster 54, round 1, loss : 4.90, accuracy 10.00% <-
                                                     Time past : 8200msec
                                                     ['0:0.00%', '1:0.00%', '2:0.00%', '3:0.00%', '4:0.00%', '5:0.00%', '6:0.00%', '7:100.00%', '8:0.00%', '9:0.00%']
                                          0msec<-
                                          ->0msec
                                                     -> Cluster 27, loss : 2.28, accuracy 17.12%, model from round 13
                                                     ['0:0.00%', '1:0.00%', '2:0.00%', '3:45.50%', '4:0.00%', '5:58.40%', '6:0.00%', '7:0.00%', '8:13.90%', '9:53.40%']
                                                                                              <-> Client 0, global : from 17.12% to 10.00%, local : from 0.80% to 95.00%, training time : 8200msec
                                                     Cluster 27, round 1, loss : 3.31, accuracy 10.00% <-
                                                     Time past : 8200msec
                                                     ['0:0.00%', '1:0.00%', '2:0.00%', '3:0.00%', '4:100.00%', '5:0.00%', '6:0.00%', '7:0.00%', '8:0.00%', '9:0.00%']
                                          0msec<-
                                          ->0msec
                                                     -> Cluster 34, loss : 2.28, accuracy 17.12%, model from round 13
                                                     ['0:0.00%', '1:0.00%', '2:0.00%', '3:45.50%', '4:0.00%', '5:58.40%', '6:0.00%', '7:0.00%', '8:13.90%', '9:53.40%']
                                                                                              <-> Client 0, global : from 17.12% to 10.00%, local : from 0.60% to 95.00%, training time : 8200msec
                                                     Cluster 34, round 1, loss : 5.56, accuracy 10.00% <-
                                                     Time past : 8200msec
                                                     ['0:0.00%', '1:100.00%', '2:0.00%', '3:0.00%', '4:0.00%', '5:0.00%', '6:0.00%', '7:0.00%', '8:0.00%', '9:0.00%']
                                          0msec<-
                                          ->0msec
                                                     -> Cluster 86, loss : 2.28, accuracy 17.12%, model from round 13
                                                     ['0:0.00%', '1:0.00%', '2:0.00%', '3:45.50%', '4:0.00%', '5:58.40%', '6:0.00%', '7:0.00%', '8:13.90%', '9:53.40%']
                                                                                              <-> Client 0, global : from 17.12% to 10.00%, local : from 56.11% to 95.19%, training time : 8200msec
                                                     Cluster 86, round 1, loss : 4.79, accuracy 10.00% <-
                                                     Time past : 8200msec
                                                     ['0:0.00%', '1:0.00%', '2:0.00%', '3:0.00%', '4:0.00%', '5:100.00%', '6:0.00%', '7:0.00%', '8:0.00%', '9:0.00%']
                                          0msec<-
                                          ->0msec
                                                     -> Cluster 12, loss : 2.28, accuracy 17.12%, model from round 13
                                                     ['0:0.00%', '1:0.00%', '2:0.00%', '3:45.50%', '4:0.00%', '5:58.40%', '6:0.00%', '7:0.00%', '8:13.90%', '9:53.40%']
                                                                                              <-> Client 0, global : from 17.12% to 10.00%, local : from 53.00% to 95.00%, training time : 8200msec
                                                     Cluster 12, round 1, loss : 4.54, accuracy 10.00% <-
                                                     Time past : 8200msec
                                                     ['0:0.00%', '1:0.00%', '2:0.00%', '3:0.00%', '4:0.00%', '5:0.00%', '6:0.00%', '7:0.00%', '8:0.00%', '9:100.00%']
                                          0msec<-
                                          ->0msec
                                                     -> Cluster 48, loss : 2.28, accuracy 17.12%, model from round 13
                                                     ['0:0.00%', '1:0.00%', '2:0.00%', '3:45.50%', '4:0.00%', '5:58.40%', '6:0.00%', '7:0.00%', '8:13.90%', '9:53.40%']
                                                                                              <-> Client 0, global : from 17.12% to 10.00%, local : from 1.60% to 95.00%, training time : 8200msec
                                                     Cluster 48, round 1, loss : 4.55, accuracy 10.00% <-
                                                     Time past : 8200msec
                                                     ['0:0.00%', '1:0.00%', '2:100.00%', '3:0.00%', '4:0.00%', '5:0.00%', '6:0.00%', '7:0.00%', '8:0.00%', '9:0.00%']
                                          0msec<-
                                          ->0msec
                                                     -> Cluster 70, loss : 2.28, accuracy 17.12%, model from round 13
                                                     ['0:0.00%', '1:0.00%', '2:0.00%', '3:45.50%', '4:0.00%', '5:58.40%', '6:0.00%', '7:0.00%', '8:13.90%', '9:53.40%']
                                                                                              <-> Client 0, global : from 17.12% to 10.00%, local : from 40.60% to 95.00%, training time : 8200msec
                                                     Cluster 70, round 1, loss : 5.46, accuracy 10.00% <-
                                                     Time past : 8200msec
                                                     ['0:0.00%', '1:0.00%', '2:0.00%', '3:100.00%', '4:0.00%', '5:0.00%', '6:0.00%', '7:0.00%', '8:0.00%', '9:0.00%']
                                          0msec<-
                                          ->0msec
                                                     -> Cluster 44, loss : 2.28, accuracy 17.12%, model from round 13
                                                     ['0:0.00%', '1:0.00%', '2:0.00%', '3:45.50%', '4:0.00%', '5:58.40%', '6:0.00%', '7:0.00%', '8:13.90%', '9:53.40%']
                                                                                              <-> Client 0, global : from 17.12% to 10.00%, local : from 0.40% to 95.00%, training time : 8200msec
                                                     Cluster 44, round 1, loss : 4.62, accuracy 10.00% <-
                                                     Time past : 8200msec
                                                     ['0:0.00%', '1:0.00%', '2:100.00%', '3:0.00%', '4:0.00%', '5:0.00%', '6:0.00%', '7:0.00%', '8:0.00%', '9:0.00%']
                                          0msec<-
                                          ->0msec
                                                     -> Cluster 87, loss : 2.28, accuracy 17.12%, model from round 13
                                                     ['0:0.00%', '1:0.00%', '2:0.00%', '3:45.50%', '4:0.00%', '5:58.40%', '6:0.00%', '7:0.00%', '8:13.90%', '9:53.40%']
                                                                                              <-> Client 0, global : from 17.12% to 10.00%, local : from 58.72% to 95.19%, training time : 8200msec
                                                     Cluster 87, round 1, loss : 4.62, accuracy 10.00% <-
                                                     Time past : 8200msec
                                                     ['0:0.00%', '1:0.00%', '2:0.00%', '3:0.00%', '4:0.00%', '5:100.00%', '6:0.00%', '7:0.00%', '8:0.00%', '9:0.00%']
                                          0msec<-
Central server round 13, loss : 2.36, accuracy :10.74%
Time past: 106600msec
['0:0.00%', '1:0.00%', '2:99.10%', '3:0.00%', '4:0.00%', '5:4.30%', '6:0.00%', '7:0.00%', '8:0.00%', '9:4.00%']
                                          ->0msec
                                                     -> Cluster 97, loss : 2.36, accuracy 10.74%, model from round 14
                                                     ['0:0.00%', '1:0.00%', '2:99.10%', '3:0.00%', '4:0.00%', '5:4.30%', '6:0.00%', '7:0.00%', '8:0.00%', '9:4.00%']
                                                                                              <-> Client 0, global : from 10.74% to 10.00%, local : from 0.60% to 95.19%, training time : 8200msec
                                                     Cluster 97, round 1, loss : 4.93, accuracy 10.00% <-
                                                     Time past : 8200msec
                                                     ['0:100.00%', '1:0.00%', '2:0.00%', '3:0.00%', '4:0.00%', '5:0.00%', '6:0.00%', '7:0.00%', '8:0.00%', '9:0.00%']
                                          0msec<-
                                          ->0msec
                                                     -> Cluster 42, loss : 2.36, accuracy 10.74%, model from round 14
                                                     ['0:0.00%', '1:0.00%', '2:99.10%', '3:0.00%', '4:0.00%', '5:4.30%', '6:0.00%', '7:0.00%', '8:0.00%', '9:4.00%']
                                                                                              <-> Client 0, global : from 10.74% to 10.00%, local : from 93.60% to 95.00%, training time : 8200msec
                                                     Cluster 42, round 1, loss : 4.24, accuracy 10.00% <-
                                                     Time past : 8200msec
                                                     ['0:0.00%', '1:0.00%', '2:100.00%', '3:0.00%', '4:0.00%', '5:0.00%', '6:0.00%', '7:0.00%', '8:0.00%', '9:0.00%']
                                          0msec<-
                                          ->0msec
                                                     -> Cluster 76, loss : 2.36, accuracy 10.74%, model from round 14
                                                     ['0:0.00%', '1:0.00%', '2:99.10%', '3:0.00%', '4:0.00%', '5:4.30%', '6:0.00%', '7:0.00%', '8:0.00%', '9:4.00%']
                                                                                              <-> Client 0, global : from 10.74% to 10.00%, local : from 0.60% to 95.00%, training time : 8200msec
                                                     Cluster 76, round 1, loss : 5.24, accuracy 10.00% <-
                                                     Time past : 8200msec
                                                     ['0:0.00%', '1:0.00%', '2:0.00%', '3:100.00%', '4:0.00%', '5:0.00%', '6:0.00%', '7:0.00%', '8:0.00%', '9:0.00%']
                                          0msec<-
                                          ->0msec
                                                     -> Cluster 64, loss : 2.36, accuracy 10.74%, model from round 14
                                                     ['0:0.00%', '1:0.00%', '2:99.10%', '3:0.00%', '4:0.00%', '5:4.30%', '6:0.00%', '7:0.00%', '8:0.00%', '9:4.00%']
                                                                                              <-> Client 0, global : from 10.74% to 10.00%, local : from 1.00% to 95.00%, training time : 8200msec
                                                     Cluster 64, round 1, loss : 4.85, accuracy 10.00% <-
                                                     Time past : 8200msec
                                                     ['0:0.00%', '1:0.00%', '2:0.00%', '3:0.00%', '4:0.00%', '5:0.00%', '6:0.00%', '7:0.00%', '8:100.00%', '9:0.00%']
                                          0msec<-
                                          ->0msec
                                                     -> Cluster 32, loss : 2.36, accuracy 10.74%, model from round 14
                                                     ['0:0.00%', '1:0.00%', '2:99.10%', '3:0.00%', '4:0.00%', '5:4.30%', '6:0.00%', '7:0.00%', '8:0.00%', '9:4.00%']
                                                                                              <-> Client 0, global : from 10.74% to 10.00%, local : from 1.20% to 95.00%, training time : 8200msec
                                                     Cluster 32, round 1, loss : 4.61, accuracy 10.00% <-
                                                     Time past : 8200msec
                                                     ['0:0.00%', '1:100.00%', '2:0.00%', '3:0.00%', '4:0.00%', '5:0.00%', '6:0.00%', '7:0.00%', '8:0.00%', '9:0.00%']
                                          0msec<-
                                          ->0msec
                                                     -> Cluster 47, loss : 2.36, accuracy 10.74%, model from round 14
                                                     ['0:0.00%', '1:0.00%', '2:99.10%', '3:0.00%', '4:0.00%', '5:4.30%', '6:0.00%', '7:0.00%', '8:0.00%', '9:4.00%']
                                                                                              <-> Client 0, global : from 10.74% to 10.00%, local : from 94.20% to 95.00%, training time : 8200msec
                                                     Cluster 47, round 1, loss : 4.93, accuracy 10.00% <-
                                                     Time past : 8200msec
                                                     ['0:0.00%', '1:0.00%', '2:100.00%', '3:0.00%', '4:0.00%', '5:0.00%', '6:0.00%', '7:0.00%', '8:0.00%', '9:0.00%']
                                          0msec<-
                                          ->0msec
                                                     -> Cluster 43, loss : 2.36, accuracy 10.74%, model from round 14
                                                     ['0:0.00%', '1:0.00%', '2:99.10%', '3:0.00%', '4:0.00%', '5:4.30%', '6:0.00%', '7:0.00%', '8:0.00%', '9:4.00%']
                                                                                              <-> Client 0, global : from 10.74% to 10.00%, local : from 94.20% to 95.00%, training time : 8200msec
                                                     Cluster 43, round 1, loss : 4.91, accuracy 10.00% <-
                                                     Time past : 8200msec
                                                     ['0:0.00%', '1:0.00%', '2:100.00%', '3:0.00%', '4:0.00%', '5:0.00%', '6:0.00%', '7:0.00%', '8:0.00%', '9:0.00%']
                                          0msec<-
                                          ->0msec
                                                     -> Cluster 14, loss : 2.36, accuracy 10.74%, model from round 14
                                                     ['0:0.00%', '1:0.00%', '2:99.10%', '3:0.00%', '4:0.00%', '5:4.30%', '6:0.00%', '7:0.00%', '8:0.00%', '9:4.00%']
                                                                                              <-> Client 0, global : from 10.74% to 10.00%, local : from 5.20% to 95.00%, training time : 8200msec
                                                     Cluster 14, round 1, loss : 4.34, accuracy 10.00% <-
                                                     Time past : 8200msec
                                                     ['0:0.00%', '1:0.00%', '2:0.00%', '3:0.00%', '4:0.00%', '5:0.00%', '6:0.00%', '7:0.00%', '8:0.00%', '9:100.00%']
                                          0msec<-
                                          ->0msec
                                                     -> Cluster 37, loss : 2.36, accuracy 10.74%, model from round 14
                                                     ['0:0.00%', '1:0.00%', '2:99.10%', '3:0.00%', '4:0.00%', '5:4.30%', '6:0.00%', '7:0.00%', '8:0.00%', '9:4.00%']
                                                                                              <-> Client 0, global : from 10.74% to 10.00%, local : from 0.40% to 95.00%, training time : 8200msec
                                                     Cluster 37, round 1, loss : 4.38, accuracy 10.00% <-
                                                     Time past : 8200msec
                                                     ['0:0.00%', '1:100.00%', '2:0.00%', '3:0.00%', '4:0.00%', '5:0.00%', '6:0.00%', '7:0.00%', '8:0.00%', '9:0.00%']
                                          0msec<-
                                          ->0msec
                                                     -> Cluster 30, loss : 2.36, accuracy 10.74%, model from round 14
                                                     ['0:0.00%', '1:0.00%', '2:99.10%', '3:0.00%', '4:0.00%', '5:4.30%', '6:0.00%', '7:0.00%', '8:0.00%', '9:4.00%']
                                                                                              <-> Client 0, global : from 10.74% to 10.00%, local : from 0.20% to 94.81%, training time : 8200msec
                                                     Cluster 30, round 1, loss : 4.50, accuracy 10.00% <-
                                                     Time past : 8200msec
                                                     ['0:0.00%', '1:100.00%', '2:0.00%', '3:0.00%', '4:0.00%', '5:0.00%', '6:0.00%', '7:0.00%', '8:0.00%', '9:0.00%']
                                          0msec<-
Central server round 14, loss : 2.42, accuracy :14.97%
Time past: 114800msec
['0:0.00%', '1:59.30%', '2:88.20%', '3:0.00%', '4:0.00%', '5:0.00%', '6:0.00%', '7:0.00%', '8:2.00%', '9:0.20%']
                                          ->0msec
                                                     -> Cluster 43, loss : 2.42, accuracy 14.97%, model from round 15
                                                     ['0:0.00%', '1:59.30%', '2:88.20%', '3:0.00%', '4:0.00%', '5:0.00%', '6:0.00%', '7:0.00%', '8:2.00%', '9:0.20%']
                                                                                              <-> Client 0, global : from 14.97% to 10.00%, local : from 85.40% to 95.00%, training time : 8200msec
                                                     Cluster 43, round 1, loss : 3.97, accuracy 10.00% <-
                                                     Time past : 8200msec
                                                     ['0:0.00%', '1:0.00%', '2:100.00%', '3:0.00%', '4:0.00%', '5:0.00%', '6:0.00%', '7:0.00%', '8:0.00%', '9:0.00%']
                                          0msec<-
                                          ->0msec
                                                     -> Cluster 14, loss : 2.42, accuracy 14.97%, model from round 15
                                                     ['0:0.00%', '1:59.30%', '2:88.20%', '3:0.00%', '4:0.00%', '5:0.00%', '6:0.00%', '7:0.00%', '8:2.00%', '9:0.20%']
                                                                                              <-> Client 0, global : from 14.97% to 10.00%, local : from 1.20% to 95.00%, training time : 8200msec
                                                     Cluster 14, round 1, loss : 4.07, accuracy 10.00% <-
                                                     Time past : 8200msec
                                                     ['0:0.00%', '1:0.00%', '2:0.00%', '3:0.00%', '4:0.00%', '5:0.00%', '6:0.00%', '7:0.00%', '8:0.00%', '9:100.00%']
                                          0msec<-
                                          ->0msec
                                                     -> Cluster 78, loss : 2.42, accuracy 14.97%, model from round 15
                                                     ['0:0.00%', '1:59.30%', '2:88.20%', '3:0.00%', '4:0.00%', '5:0.00%', '6:0.00%', '7:0.00%', '8:2.00%', '9:0.20%']
                                                                                              <-> Client 0, global : from 14.97% to 10.00%, local : from 0.40% to 95.00%, training time : 8200msec
                                                     Cluster 78, round 1, loss : 4.51, accuracy 10.00% <-
                                                     Time past : 8200msec
                                                     ['0:0.00%', '1:0.00%', '2:0.00%', '3:100.00%', '4:0.00%', '5:0.00%', '6:0.00%', '7:0.00%', '8:0.00%', '9:0.00%']
                                          0msec<-
                                          ->0msec
                                                     -> Cluster 75, loss : 2.42, accuracy 14.97%, model from round 15
                                                     ['0:0.00%', '1:59.30%', '2:88.20%', '3:0.00%', '4:0.00%', '5:0.00%', '6:0.00%', '7:0.00%', '8:2.00%', '9:0.20%']
                                                                                              <-> Client 0, global : from 14.97% to 10.00%, local : from 1.40% to 95.00%, training time : 8200msec
                                                     Cluster 75, round 1, loss : 4.09, accuracy 10.00% <-
                                                     Time past : 8200msec
                                                     ['0:0.00%', '1:0.00%', '2:0.00%', '3:100.00%', '4:0.00%', '5:0.00%', '6:0.00%', '7:0.00%', '8:0.00%', '9:0.00%']
                                          0msec<-
                                          ->0msec
                                                     -> Cluster 48, loss : 2.42, accuracy 14.97%, model from round 15
                                                     ['0:0.00%', '1:59.30%', '2:88.20%', '3:0.00%', '4:0.00%', '5:0.00%', '6:0.00%', '7:0.00%', '8:2.00%', '9:0.20%']
                                                                                              <-> Client 0, global : from 14.97% to 10.00%, local : from 83.60% to 95.00%, training time : 8200msec
                                                     Cluster 48, round 1, loss : 4.36, accuracy 10.00% <-
                                                     Time past : 8200msec
                                                     ['0:0.00%', '1:0.00%', '2:100.00%', '3:0.00%', '4:0.00%', '5:0.00%', '6:0.00%', '7:0.00%', '8:0.00%', '9:0.00%']
                                          0msec<-
                                          ->0msec
                                                     -> Cluster 9, loss : 2.42, accuracy 14.97%, model from round 15
                                                     ['0:0.00%', '1:59.30%', '2:88.20%', '3:0.00%', '4:0.00%', '5:0.00%', '6:0.00%', '7:0.00%', '8:2.00%', '9:0.20%']
                                                                                              <-> Client 0, global : from 14.97% to 10.00%, local : from 0.60% to 95.00%, training time : 8200msec
                                                     Cluster 9, round 1, loss : 4.45, accuracy 10.00% <-
                                                     Time past : 8200msec
                                                     ['0:0.00%', '1:0.00%', '2:0.00%', '3:0.00%', '4:0.00%', '5:0.00%', '6:100.00%', '7:0.00%', '8:0.00%', '9:0.00%']
                                          0msec<-
                                          ->0msec
                                                     -> Cluster 73, loss : 2.42, accuracy 14.97%, model from round 15
                                                     ['0:0.00%', '1:59.30%', '2:88.20%', '3:0.00%', '4:0.00%', '5:0.00%', '6:0.00%', '7:0.00%', '8:2.00%', '9:0.20%']
                                                                                              <-> Client 0, global : from 14.97% to 10.00%, local : from 1.20% to 95.00%, training time : 8200msec
                                                     Cluster 73, round 1, loss : 4.61, accuracy 10.00% <-
                                                     Time past : 8200msec
                                                     ['0:0.00%', '1:0.00%', '2:0.00%', '3:100.00%', '4:0.00%', '5:0.00%', '6:0.00%', '7:0.00%', '8:0.00%', '9:0.00%']
                                          0msec<-
                                          ->0msec
                                                     -> Cluster 70, loss : 2.42, accuracy 14.97%, model from round 15
                                                     ['0:0.00%', '1:59.30%', '2:88.20%', '3:0.00%', '4:0.00%', '5:0.00%', '6:0.00%', '7:0.00%', '8:2.00%', '9:0.20%']
                                                                                              <-> Client 0, global : from 14.97% to 10.00%, local : from 1.40% to 95.00%, training time : 8200msec
                                                     Cluster 70, round 1, loss : 3.89, accuracy 10.00% <-
                                                     Time past : 8200msec
                                                     ['0:0.00%', '1:0.00%', '2:0.00%', '3:100.00%', '4:0.00%', '5:0.00%', '6:0.00%', '7:0.00%', '8:0.00%', '9:0.00%']
                                          0msec<-
                                          ->0msec
                                                     -> Cluster 28, loss : 2.42, accuracy 14.97%, model from round 15
                                                     ['0:0.00%', '1:59.30%', '2:88.20%', '3:0.00%', '4:0.00%', '5:0.00%', '6:0.00%', '7:0.00%', '8:2.00%', '9:0.20%']
                                                                                              <-> Client 0, global : from 14.97% to 10.00%, local : from 0.60% to 95.00%, training time : 8200msec
                                                     Cluster 28, round 1, loss : 4.74, accuracy 10.00% <-
                                                     Time past : 8200msec
                                                     ['0:0.00%', '1:0.00%', '2:0.00%', '3:0.00%', '4:100.00%', '5:0.00%', '6:0.00%', '7:0.00%', '8:0.00%', '9:0.00%']
                                          0msec<-
                                          ->0msec
                                                     -> Cluster 72, loss : 2.42, accuracy 14.97%, model from round 15
                                                     ['0:0.00%', '1:59.30%', '2:88.20%', '3:0.00%', '4:0.00%', '5:0.00%', '6:0.00%', '7:0.00%', '8:2.00%', '9:0.20%']
                                                                                              <-> Client 0, global : from 14.97% to 10.00%, local : from 0.60% to 95.00%, training time : 8200msec
                                                     Cluster 72, round 1, loss : 4.57, accuracy 10.00% <-
                                                     Time past : 8200msec
                                                     ['0:0.00%', '1:0.00%', '2:0.00%', '3:100.00%', '4:0.00%', '5:0.00%', '6:0.00%', '7:0.00%', '8:0.00%', '9:0.00%']
                                          0msec<-
Central server round 15, loss : 2.69, accuracy :10.13%
Time past: 123000msec
['0:0.00%', '1:0.00%', '2:0.00%', '3:99.90%', '4:0.00%', '5:0.00%', '6:0.00%', '7:0.00%', '8:0.00%', '9:1.40%']
                                          ->0msec
                                                     -> Cluster 1, loss : 2.69, accuracy 10.13%, model from round 16
                                                     ['0:0.00%', '1:0.00%', '2:0.00%', '3:99.90%', '4:0.00%', '5:0.00%', '6:0.00%', '7:0.00%', '8:0.00%', '9:1.40%']
                                                                                              <-> Client 0, global : from 10.13% to 10.28%, local : from 0.60% to 95.01%, training time : 8200msec
                                                     Cluster 1, round 1, loss : 2.97, accuracy 10.28% <-
                                                     Time past : 8200msec
                                                     ['0:0.00%', '1:0.00%', '2:0.00%', '3:0.00%', '4:0.00%', '5:0.00%', '6:100.00%', '7:0.00%', '8:2.80%', '9:0.00%']
                                          0msec<-
                                          ->0msec
                                                     -> Cluster 78, loss : 2.69, accuracy 10.13%, model from round 16
                                                     ['0:0.00%', '1:0.00%', '2:0.00%', '3:99.90%', '4:0.00%', '5:0.00%', '6:0.00%', '7:0.00%', '8:0.00%', '9:1.40%']
                                                                                              <-> Client 0, global : from 10.13% to 10.00%, local : from 94.80% to 95.00%, training time : 8200msec
                                                     Cluster 78, round 1, loss : 4.81, accuracy 10.00% <-
                                                     Time past : 8200msec
                                                     ['0:0.00%', '1:0.00%', '2:0.00%', '3:100.00%', '4:0.00%', '5:0.00%', '6:0.00%', '7:0.00%', '8:0.00%', '9:0.00%']
                                          0msec<-
                                          ->0msec
                                                     -> Cluster 85, loss : 2.69, accuracy 10.13%, model from round 16
                                                     ['0:0.00%', '1:0.00%', '2:0.00%', '3:99.90%', '4:0.00%', '5:0.00%', '6:0.00%', '7:0.00%', '8:0.00%', '9:1.40%']
                                                                                              <-> Client 0, global : from 10.13% to 10.00%, local : from 0.40% to 95.19%, training time : 8200msec
                                                     Cluster 85, round 1, loss : 4.48, accuracy 10.00% <-
                                                     Time past : 8200msec
                                                     ['0:0.00%', '1:0.00%', '2:0.00%', '3:0.00%', '4:0.00%', '5:100.00%', '6:0.00%', '7:0.00%', '8:0.00%', '9:0.00%']
                                          0msec<-
                                          ->0msec
                                                     -> Cluster 11, loss : 2.69, accuracy 10.13%, model from round 16
                                                     ['0:0.00%', '1:0.00%', '2:0.00%', '3:99.90%', '4:0.00%', '5:0.00%', '6:0.00%', '7:0.00%', '8:0.00%', '9:1.40%']
                                                                                              <-> Client 0, global : from 10.13% to 10.00%, local : from 2.99% to 94.81%, training time : 8200msec
                                                     Cluster 11, round 1, loss : 4.41, accuracy 10.00% <-
                                                     Time past : 8200msec
                                                     ['0:0.00%', '1:0.00%', '2:0.00%', '3:0.00%', '4:0.00%', '5:0.00%', '6:0.00%', '7:0.00%', '8:0.00%', '9:100.00%']
                                          0msec<-
                                          ->0msec
                                                     -> Cluster 52, loss : 2.69, accuracy 10.13%, model from round 16
                                                     ['0:0.00%', '1:0.00%', '2:0.00%', '3:99.90%', '4:0.00%', '5:0.00%', '6:0.00%', '7:0.00%', '8:0.00%', '9:1.40%']
                                                                                              <-> Client 0, global : from 10.13% to 10.00%, local : from 0.80% to 95.00%, training time : 8200msec
                                                     Cluster 52, round 1, loss : 4.85, accuracy 10.00% <-
                                                     Time past : 8200msec
                                                     ['0:0.00%', '1:0.00%', '2:0.00%', '3:0.00%', '4:0.00%', '5:0.00%', '6:0.00%', '7:100.00%', '8:0.00%', '9:0.00%']
                                          0msec<-
                                          ->0msec
                                                     -> Cluster 14, loss : 2.69, accuracy 10.13%, model from round 16
                                                     ['0:0.00%', '1:0.00%', '2:0.00%', '3:99.90%', '4:0.00%', '5:0.00%', '6:0.00%', '7:0.00%', '8:0.00%', '9:1.40%']
                                                                                              <-> Client 0, global : from 10.13% to 10.00%, local : from 2.40% to 95.00%, training time : 8200msec
                                                     Cluster 14, round 1, loss : 4.69, accuracy 10.00% <-
                                                     Time past : 8200msec
                                                     ['0:0.00%', '1:0.00%', '2:0.00%', '3:0.00%', '4:0.00%', '5:0.00%', '6:0.00%', '7:0.00%', '8:0.00%', '9:100.00%']
                                          0msec<-
                                          ->0msec
                                                     -> Cluster 5, loss : 2.69, accuracy 10.13%, model from round 16
                                                     ['0:0.00%', '1:0.00%', '2:0.00%', '3:99.90%', '4:0.00%', '5:0.00%', '6:0.00%', '7:0.00%', '8:0.00%', '9:1.40%']
                                                                                              <-> Client 0, global : from 10.13% to 10.00%, local : from 0.60% to 95.00%, training time : 8200msec
                                                     Cluster 5, round 1, loss : 4.33, accuracy 10.00% <-
                                                     Time past : 8200msec
                                                     ['0:0.00%', '1:0.00%', '2:0.00%', '3:0.00%', '4:0.00%', '5:0.00%', '6:100.00%', '7:0.00%', '8:0.00%', '9:0.00%']
                                          0msec<-
                                          ->0msec
                                                     -> Cluster 24, loss : 2.69, accuracy 10.13%, model from round 16
                                                     ['0:0.00%', '1:0.00%', '2:0.00%', '3:99.90%', '4:0.00%', '5:0.00%', '6:0.00%', '7:0.00%', '8:0.00%', '9:1.40%']
                                                                                              <-> Client 0, global : from 10.13% to 10.00%, local : from 0.40% to 95.00%, training time : 8200msec
                                                     Cluster 24, round 1, loss : 3.79, accuracy 10.00% <-
                                                     Time past : 8200msec
                                                     ['0:0.00%', '1:0.00%', '2:0.00%', '3:0.00%', '4:100.00%', '5:0.00%', '6:0.00%', '7:0.00%', '8:0.00%', '9:0.00%']
                                          0msec<-
                                          ->0msec
                                                     -> Cluster 30, loss : 2.69, accuracy 10.13%, model from round 16
                                                     ['0:0.00%', '1:0.00%', '2:0.00%', '3:99.90%', '4:0.00%', '5:0.00%', '6:0.00%', '7:0.00%', '8:0.00%', '9:1.40%']
                                                                                              <-> Client 0, global : from 10.13% to 10.00%, local : from 0.40% to 94.81%, training time : 8200msec
                                                     Cluster 30, round 1, loss : 5.23, accuracy 10.00% <-
                                                     Time past : 8200msec
                                                     ['0:0.00%', '1:100.00%', '2:0.00%', '3:0.00%', '4:0.00%', '5:0.00%', '6:0.00%', '7:0.00%', '8:0.00%', '9:0.00%']
                                          0msec<-
                                          ->0msec
                                                     -> Cluster 75, loss : 2.69, accuracy 10.13%, model from round 16
                                                     ['0:0.00%', '1:0.00%', '2:0.00%', '3:99.90%', '4:0.00%', '5:0.00%', '6:0.00%', '7:0.00%', '8:0.00%', '9:1.40%']
                                                                                              <-> Client 0, global : from 10.13% to 10.00%, local : from 94.60% to 95.00%, training time : 8200msec
                                                     Cluster 75, round 1, loss : 5.58, accuracy 10.00% <-
                                                     Time past : 8200msec
                                                     ['0:0.00%', '1:0.00%', '2:0.00%', '3:100.00%', '4:0.00%', '5:0.00%', '6:0.00%', '7:0.00%', '8:0.00%', '9:0.00%']
                                          0msec<-
Central server round 16, loss : 2.27, accuracy :14.00%
Time past: 131200msec
['0:0.00%', '1:0.00%', '2:0.00%', '3:36.10%', '4:0.00%', '5:0.00%', '6:11.10%', '7:0.00%', '8:0.00%', '9:92.80%']
                                          ->0msec
                                                     -> Cluster 69, loss : 2.27, accuracy 14.00%, model from round 17
                                                     ['0:0.00%', '1:0.00%', '2:0.00%', '3:36.10%', '4:0.00%', '5:0.00%', '6:11.10%', '7:0.00%', '8:0.00%', '9:92.80%']
                                                                                              <-> Client 0, global : from 14.00% to 10.00%, local : from 0.60% to 95.00%, training time : 8200msec
                                                     Cluster 69, round 1, loss : 4.28, accuracy 10.00% <-
                                                     Time past : 8200msec
                                                     ['0:0.00%', '1:0.00%', '2:0.00%', '3:0.00%', '4:0.00%', '5:0.00%', '6:0.00%', '7:0.00%', '8:100.00%', '9:0.00%']
                                          0msec<-
                                          ->0msec
                                                     -> Cluster 37, loss : 2.27, accuracy 14.00%, model from round 17
                                                     ['0:0.00%', '1:0.00%', '2:0.00%', '3:36.10%', '4:0.00%', '5:0.00%', '6:11.10%', '7:0.00%', '8:0.00%', '9:92.80%']
                                                                                              <-> Client 0, global : from 14.00% to 10.00%, local : from 0.80% to 95.00%, training time : 8200msec
                                                     Cluster 37, round 1, loss : 5.29, accuracy 10.00% <-
                                                     Time past : 8200msec
                                                     ['0:0.00%', '1:100.00%', '2:0.00%', '3:0.00%', '4:0.00%', '5:0.00%', '6:0.00%', '7:0.00%', '8:0.00%', '9:0.00%']
                                          0msec<-
                                          ->0msec
                                                     -> Cluster 70, loss : 2.27, accuracy 14.00%, model from round 17
                                                     ['0:0.00%', '1:0.00%', '2:0.00%', '3:36.10%', '4:0.00%', '5:0.00%', '6:11.10%', '7:0.00%', '8:0.00%', '9:92.80%']
                                                                                              <-> Client 0, global : from 14.00% to 10.00%, local : from 33.20% to 95.00%, training time : 8200msec
                                                     Cluster 70, round 1, loss : 4.13, accuracy 10.00% <-
                                                     Time past : 8200msec
                                                     ['0:0.00%', '1:0.00%', '2:0.00%', '3:100.00%', '4:0.00%', '5:0.00%', '6:0.00%', '7:0.00%', '8:0.00%', '9:0.00%']
                                          0msec<-
                                          ->0msec
                                                     -> Cluster 32, loss : 2.27, accuracy 14.00%, model from round 17
                                                     ['0:0.00%', '1:0.00%', '2:0.00%', '3:36.10%', '4:0.00%', '5:0.00%', '6:11.10%', '7:0.00%', '8:0.00%', '9:92.80%']
                                                                                              <-> Client 0, global : from 14.00% to 10.00%, local : from 0.20% to 95.00%, training time : 8200msec
                                                     Cluster 32, round 1, loss : 4.76, accuracy 10.00% <-
                                                     Time past : 8200msec
                                                     ['0:0.00%', '1:100.00%', '2:0.00%', '3:0.00%', '4:0.00%', '5:0.00%', '6:0.00%', '7:0.00%', '8:0.00%', '9:0.00%']
                                          0msec<-
                                          ->0msec
                                                     -> Cluster 91, loss : 2.27, accuracy 14.00%, model from round 17
                                                     ['0:0.00%', '1:0.00%', '2:0.00%', '3:36.10%', '4:0.00%', '5:0.00%', '6:11.10%', '7:0.00%', '8:0.00%', '9:92.80%']
                                                                                              <-> Client 0, global : from 14.00% to 10.00%, local : from 0.80% to 95.00%, training time : 8200msec
                                                     Cluster 91, round 1, loss : 3.79, accuracy 10.00% <-
                                                     Time past : 8200msec
                                                     ['0:100.00%', '1:0.00%', '2:0.00%', '3:0.00%', '4:0.00%', '5:0.00%', '6:0.00%', '7:0.00%', '8:0.00%', '9:0.00%']
                                          0msec<-
                                          ->0msec
                                                     -> Cluster 61, loss : 2.27, accuracy 14.00%, model from round 17
                                                     ['0:0.00%', '1:0.00%', '2:0.00%', '3:36.10%', '4:0.00%', '5:0.00%', '6:11.10%', '7:0.00%', '8:0.00%', '9:92.80%']
                                                                                              <-> Client 0, global : from 14.00% to 10.00%, local : from 0.80% to 94.81%, training time : 8200msec
                                                     Cluster 61, round 1, loss : 4.23, accuracy 10.00% <-
                                                     Time past : 8200msec
                                                     ['0:0.00%', '1:0.00%', '2:0.00%', '3:0.00%', '4:0.00%', '5:0.00%', '6:0.00%', '7:0.00%', '8:100.00%', '9:0.00%']
                                          0msec<-
                                          ->0msec
                                                     -> Cluster 40, loss : 2.27, accuracy 14.00%, model from round 17
                                                     ['0:0.00%', '1:0.00%', '2:0.00%', '3:36.10%', '4:0.00%', '5:0.00%', '6:11.10%', '7:0.00%', '8:0.00%', '9:92.80%']
                                                                                              <-> Client 0, global : from 14.00% to 10.00%, local : from 1.20% to 94.81%, training time : 8200msec
                                                     Cluster 40, round 1, loss : 4.19, accuracy 10.00% <-
                                                     Time past : 8200msec
                                                     ['0:0.00%', '1:0.00%', '2:100.00%', '3:0.00%', '4:0.00%', '5:0.00%', '6:0.00%', '7:0.00%', '8:0.00%', '9:0.00%']
                                          0msec<-
                                          ->0msec
                                                     -> Cluster 12, loss : 2.27, accuracy 14.00%, model from round 17
                                                     ['0:0.00%', '1:0.00%', '2:0.00%', '3:36.10%', '4:0.00%', '5:0.00%', '6:11.10%', '7:0.00%', '8:0.00%', '9:92.80%']
                                                                                              <-> Client 0, global : from 14.00% to 10.00%, local : from 89.60% to 95.00%, training time : 8200msec
                                                     Cluster 12, round 1, loss : 4.75, accuracy 10.00% <-
                                                     Time past : 8200msec
                                                     ['0:0.00%', '1:0.00%', '2:0.00%', '3:0.00%', '4:0.00%', '5:0.00%', '6:0.00%', '7:0.00%', '8:0.00%', '9:100.00%']
                                          0msec<-
                                          ->0msec
                                                     -> Cluster 26, loss : 2.27, accuracy 14.00%, model from round 17
                                                     ['0:0.00%', '1:0.00%', '2:0.00%', '3:36.10%', '4:0.00%', '5:0.00%', '6:11.10%', '7:0.00%', '8:0.00%', '9:92.80%']
                                                                                              <-> Client 0, global : from 14.00% to 10.00%, local : from 1.20% to 95.00%, training time : 8200msec
                                                     Cluster 26, round 1, loss : 5.42, accuracy 10.00% <-
                                                     Time past : 8200msec
                                                     ['0:0.00%', '1:0.00%', '2:0.00%', '3:0.00%', '4:100.00%', '5:0.00%', '6:0.00%', '7:0.00%', '8:0.00%', '9:0.00%']
                                          0msec<-
                                          ->0msec
                                                     -> Cluster 83, loss : 2.27, accuracy 14.00%, model from round 17
                                                     ['0:0.00%', '1:0.00%', '2:0.00%', '3:36.10%', '4:0.00%', '5:0.00%', '6:11.10%', '7:0.00%', '8:0.00%', '9:92.80%']
                                                                                              <-> Client 0, global : from 14.00% to 10.00%, local : from 0.40% to 95.19%, training time : 8200msec
                                                     Cluster 83, round 1, loss : 4.87, accuracy 10.00% <-
                                                     Time past : 8200msec
                                                     ['0:0.00%', '1:0.00%', '2:0.00%', '3:0.00%', '4:0.00%', '5:100.00%', '6:0.00%', '7:0.00%', '8:0.00%', '9:0.00%']
                                          0msec<-
Central server round 17, loss : 2.21, accuracy :17.04%
Time past: 139400msec
['0:0.20%', '1:65.60%', '2:0.00%', '3:1.90%', '4:21.50%', '5:5.20%', '6:0.00%', '7:0.00%', '8:68.80%', '9:7.20%']
                                          ->0msec
                                                     -> Cluster 8, loss : 2.21, accuracy 17.04%, model from round 18
                                                     ['0:0.20%', '1:65.60%', '2:0.00%', '3:1.90%', '4:21.50%', '5:5.20%', '6:0.00%', '7:0.00%', '8:68.80%', '9:7.20%']
                                                                                              <-> Client 0, global : from 17.04% to 10.00%, local : from 1.40% to 95.00%, training time : 8200msec
                                                     Cluster 8, round 1, loss : 4.42, accuracy 10.00% <-
                                                     Time past : 8200msec
                                                     ['0:0.00%', '1:0.00%', '2:0.00%', '3:0.00%', '4:0.00%', '5:0.00%', '6:100.00%', '7:0.00%', '8:0.00%', '9:0.00%']
                                          0msec<-
                                          ->0msec
                                                     -> Cluster 40, loss : 2.21, accuracy 17.04%, model from round 18
                                                     ['0:0.20%', '1:65.60%', '2:0.00%', '3:1.90%', '4:21.50%', '5:5.20%', '6:0.00%', '7:0.00%', '8:68.80%', '9:7.20%']
                                                                                              <-> Client 0, global : from 17.04% to 10.00%, local : from 0.40% to 94.81%, training time : 8200msec
                                                     Cluster 40, round 1, loss : 4.39, accuracy 10.00% <-
                                                     Time past : 8200msec
                                                     ['0:0.00%', '1:0.00%', '2:100.00%', '3:0.00%', '4:0.00%', '5:0.00%', '6:0.00%', '7:0.00%', '8:0.00%', '9:0.00%']
                                          0msec<-
                                          ->0msec
                                                     -> Cluster 76, loss : 2.21, accuracy 17.04%, model from round 18
                                                     ['0:0.20%', '1:65.60%', '2:0.00%', '3:1.90%', '4:21.50%', '5:5.20%', '6:0.00%', '7:0.00%', '8:68.80%', '9:7.20%']
                                                                                              <-> Client 0, global : from 17.04% to 10.00%, local : from 3.40% to 95.00%, training time : 8200msec
                                                     Cluster 76, round 1, loss : 3.83, accuracy 10.00% <-
                                                     Time past : 8200msec
                                                     ['0:0.00%', '1:0.00%', '2:0.00%', '3:100.00%', '4:0.00%', '5:0.00%', '6:0.00%', '7:0.00%', '8:0.00%', '9:0.00%']
                                          0msec<-
                                          ->0msec
                                                     -> Cluster 58, loss : 2.21, accuracy 17.04%, model from round 18
                                                     ['0:0.20%', '1:65.60%', '2:0.00%', '3:1.90%', '4:21.50%', '5:5.20%', '6:0.00%', '7:0.00%', '8:68.80%', '9:7.20%']
                                                                                              <-> Client 0, global : from 17.04% to 10.00%, local : from 1.20% to 95.00%, training time : 8200msec
                                                     Cluster 58, round 1, loss : 4.51, accuracy 10.00% <-
                                                     Time past : 8200msec
                                                     ['0:0.00%', '1:0.00%', '2:0.00%', '3:0.00%', '4:0.00%', '5:0.00%', '6:0.00%', '7:100.00%', '8:0.00%', '9:0.00%']
                                          0msec<-
                                          ->0msec
                                                     -> Cluster 14, loss : 2.21, accuracy 17.04%, model from round 18
                                                     ['0:0.20%', '1:65.60%', '2:0.00%', '3:1.90%', '4:21.50%', '5:5.20%', '6:0.00%', '7:0.00%', '8:68.80%', '9:7.20%']
                                                                                              <-> Client 0, global : from 17.04% to 10.00%, local : from 8.20% to 95.00%, training time : 8200msec
                                                     Cluster 14, round 1, loss : 4.92, accuracy 10.00% <-
                                                     Time past : 8200msec
                                                     ['0:0.00%', '1:0.00%', '2:0.00%', '3:0.00%', '4:0.00%', '5:0.00%', '6:0.00%', '7:0.00%', '8:0.00%', '9:100.00%']
                                          0msec<-
                                          ->0msec
                                                     -> Cluster 32, loss : 2.21, accuracy 17.04%, model from round 18
                                                     ['0:0.20%', '1:65.60%', '2:0.00%', '3:1.90%', '4:21.50%', '5:5.20%', '6:0.00%', '7:0.00%', '8:68.80%', '9:7.20%']
                                                                                              <-> Client 0, global : from 17.04% to 10.00%, local : from 63.00% to 95.00%, training time : 8200msec
                                                     Cluster 32, round 1, loss : 5.16, accuracy 10.00% <-
                                                     Time past : 8200msec
                                                     ['0:0.00%', '1:100.00%', '2:0.00%', '3:0.00%', '4:0.00%', '5:0.00%', '6:0.00%', '7:0.00%', '8:0.00%', '9:0.00%']
                                          0msec<-
                                          ->0msec
                                                     -> Cluster 27, loss : 2.21, accuracy 17.04%, model from round 18
                                                     ['0:0.20%', '1:65.60%', '2:0.00%', '3:1.90%', '4:21.50%', '5:5.20%', '6:0.00%', '7:0.00%', '8:68.80%', '9:7.20%']
                                                                                              <-> Client 0, global : from 17.04% to 10.00%, local : from 20.60% to 95.00%, training time : 8200msec
                                                     Cluster 27, round 1, loss : 4.42, accuracy 10.00% <-
                                                     Time past : 8200msec
                                                     ['0:0.00%', '1:0.00%', '2:0.00%', '3:0.00%', '4:100.00%', '5:0.00%', '6:0.00%', '7:0.00%', '8:0.00%', '9:0.00%']
                                          0msec<-
                                          ->0msec
                                                     -> Cluster 79, loss : 2.21, accuracy 17.04%, model from round 18
                                                     ['0:0.20%', '1:65.60%', '2:0.00%', '3:1.90%', '4:21.50%', '5:5.20%', '6:0.00%', '7:0.00%', '8:68.80%', '9:7.20%']
                                                                                              <-> Client 0, global : from 17.04% to 10.00%, local : from 2.20% to 95.00%, training time : 8200msec
                                                     Cluster 79, round 1, loss : 5.00, accuracy 10.00% <-
                                                     Time past : 8200msec
                                                     ['0:0.00%', '1:0.00%', '2:0.00%', '3:100.00%', '4:0.00%', '5:0.00%', '6:0.00%', '7:0.00%', '8:0.00%', '9:0.00%']
                                          0msec<-
                                          ->0msec
                                                     -> Cluster 99, loss : 2.21, accuracy 17.04%, model from round 18
                                                     ['0:0.20%', '1:65.60%', '2:0.00%', '3:1.90%', '4:21.50%', '5:5.20%', '6:0.00%', '7:0.00%', '8:68.80%', '9:7.20%']
                                                                                              <-> Client 0, global : from 17.04% to 10.00%, local : from 1.40% to 95.19%, training time : 8200msec
                                                     Cluster 99, round 1, loss : 4.31, accuracy 10.00% <-
                                                     Time past : 8200msec
                                                     ['0:100.00%', '1:0.00%', '2:0.00%', '3:0.00%', '4:0.00%', '5:0.00%', '6:0.00%', '7:0.00%', '8:0.00%', '9:0.00%']
                                          0msec<-
                                          ->0msec
                                                     -> Cluster 69, loss : 2.21, accuracy 17.04%, model from round 18
                                                     ['0:0.20%', '1:65.60%', '2:0.00%', '3:1.90%', '4:21.50%', '5:5.20%', '6:0.00%', '7:0.00%', '8:68.80%', '9:7.20%']
                                                                                              <-> Client 0, global : from 17.04% to 10.09%, local : from 65.20% to 95.00%, training time : 8200msec
                                                     Cluster 69, round 1, loss : 3.71, accuracy 10.09% <-
                                                     Time past : 8200msec
                                                     ['0:0.00%', '1:0.00%', '2:0.00%', '3:0.00%', '4:0.70%', '5:0.00%', '6:0.30%', '7:0.00%', '8:99.90%', '9:0.00%']
                                          0msec<-
Central server round 18, loss : 2.16, accuracy :20.87%
Time past: 147600msec
['0:19.60%', '1:13.60%', '2:0.10%', '3:83.90%', '4:0.00%', '5:0.00%', '6:0.10%', '7:0.00%', '8:55.60%', '9:35.80%']
                                          ->0msec
                                                     -> Cluster 35, loss : 2.16, accuracy 20.87%, model from round 19
                                                     ['0:19.60%', '1:13.60%', '2:0.10%', '3:83.90%', '4:0.00%', '5:0.00%', '6:0.10%', '7:0.00%', '8:55.60%', '9:35.80%']
                                                                                              <-> Client 0, global : from 20.87% to 10.00%, local : from 13.80% to 95.00%, training time : 8200msec
                                                     Cluster 35, round 1, loss : 4.78, accuracy 10.00% <-
                                                     Time past : 8200msec
                                                     ['0:0.00%', '1:100.00%', '2:0.00%', '3:0.00%', '4:0.00%', '5:0.00%', '6:0.00%', '7:0.00%', '8:0.00%', '9:0.00%']
                                          0msec<-
                                          ->0msec
                                                     -> Cluster 11, loss : 2.16, accuracy 20.87%, model from round 19
                                                     ['0:19.60%', '1:13.60%', '2:0.10%', '3:83.90%', '4:0.00%', '5:0.00%', '6:0.10%', '7:0.00%', '8:55.60%', '9:35.80%']
                                                                                              <-> Client 0, global : from 20.87% to 10.00%, local : from 32.14% to 94.81%, training time : 8200msec
                                                     Cluster 11, round 1, loss : 4.85, accuracy 10.00% <-
                                                     Time past : 8200msec
                                                     ['0:0.00%', '1:0.00%', '2:0.00%', '3:0.00%', '4:0.00%', '5:0.00%', '6:0.00%', '7:0.00%', '8:0.00%', '9:100.00%']
                                          0msec<-
                                          ->0msec
                                                     -> Cluster 96, loss : 2.16, accuracy 20.87%, model from round 19
                                                     ['0:19.60%', '1:13.60%', '2:0.10%', '3:83.90%', '4:0.00%', '5:0.00%', '6:0.10%', '7:0.00%', '8:55.60%', '9:35.80%']
                                                                                              <-> Client 0, global : from 20.87% to 10.00%, local : from 19.24% to 95.19%, training time : 8200msec
                                                     Cluster 96, round 1, loss : 4.06, accuracy 10.00% <-
                                                     Time past : 8200msec
                                                     ['0:100.00%', '1:0.00%', '2:0.00%', '3:0.00%', '4:0.00%', '5:0.00%', '6:0.00%', '7:0.00%', '8:0.00%', '9:0.00%']
                                          0msec<-
                                          ->0msec
                                                     -> Cluster 57, loss : 2.16, accuracy 20.87%, model from round 19
                                                     ['0:19.60%', '1:13.60%', '2:0.10%', '3:83.90%', '4:0.00%', '5:0.00%', '6:0.10%', '7:0.00%', '8:55.60%', '9:35.80%']
                                                                                              <-> Client 0, global : from 20.87% to 10.00%, local : from 0.60% to 95.00%, training time : 8200msec
                                                     Cluster 57, round 1, loss : 5.08, accuracy 10.00% <-
                                                     Time past : 8200msec
                                                     ['0:0.00%', '1:0.00%', '2:0.00%', '3:0.00%', '4:0.00%', '5:0.00%', '6:0.00%', '7:100.00%', '8:0.00%', '9:0.00%']
                                          0msec<-
                                          ->0msec
                                                     -> Cluster 83, loss : 2.16, accuracy 20.87%, model from round 19
                                                     ['0:19.60%', '1:13.60%', '2:0.10%', '3:83.90%', '4:0.00%', '5:0.00%', '6:0.10%', '7:0.00%', '8:55.60%', '9:35.80%']
                                                                                              <-> Client 0, global : from 20.87% to 10.00%, local : from 0.60% to 95.19%, training time : 8200msec
                                                     Cluster 83, round 1, loss : 4.60, accuracy 10.00% <-
                                                     Time past : 8200msec
                                                     ['0:0.00%', '1:0.00%', '2:0.00%', '3:0.00%', '4:0.00%', '5:100.00%', '6:0.00%', '7:0.00%', '8:0.00%', '9:0.00%']
                                          0msec<-
                                          ->0msec
                                                     -> Cluster 73, loss : 2.16, accuracy 20.87%, model from round 19
                                                     ['0:19.60%', '1:13.60%', '2:0.10%', '3:83.90%', '4:0.00%', '5:0.00%', '6:0.10%', '7:0.00%', '8:55.60%', '9:35.80%']
                                                                                              <-> Client 0, global : from 20.87% to 10.00%, local : from 77.60% to 95.00%, training time : 8200msec
                                                     Cluster 73, round 1, loss : 4.94, accuracy 10.00% <-
                                                     Time past : 8200msec
                                                     ['0:0.00%', '1:0.00%', '2:0.00%', '3:100.00%', '4:0.00%', '5:0.00%', '6:0.00%', '7:0.00%', '8:0.00%', '9:0.00%']
                                          0msec<-
                                          ->0msec
                                                     -> Cluster 82, loss : 2.16, accuracy 20.87%, model from round 19
                                                     ['0:19.60%', '1:13.60%', '2:0.10%', '3:83.90%', '4:0.00%', '5:0.00%', '6:0.10%', '7:0.00%', '8:55.60%', '9:35.80%']
                                                                                              <-> Client 0, global : from 20.87% to 10.00%, local : from 1.20% to 95.00%, training time : 8200msec
                                                     Cluster 82, round 1, loss : 4.59, accuracy 10.00% <-
                                                     Time past : 8200msec
                                                     ['0:0.00%', '1:0.00%', '2:0.00%', '3:0.00%', '4:0.00%', '5:100.00%', '6:0.00%', '7:0.00%', '8:0.00%', '9:0.00%']
                                          0msec<-
                                          ->0msec
                                                     -> Cluster 43, loss : 2.16, accuracy 20.87%, model from round 19
                                                     ['0:19.60%', '1:13.60%', '2:0.10%', '3:83.90%', '4:0.00%', '5:0.00%', '6:0.10%', '7:0.00%', '8:55.60%', '9:35.80%']
                                                                                              <-> Client 0, global : from 20.87% to 10.00%, local : from 1.00% to 95.00%, training time : 8200msec
                                                     Cluster 43, round 1, loss : 5.20, accuracy 10.00% <-
                                                     Time past : 8200msec
                                                     ['0:0.00%', '1:0.00%', '2:100.00%', '3:0.00%', '4:0.00%', '5:0.00%', '6:0.00%', '7:0.00%', '8:0.00%', '9:0.00%']
                                          0msec<-
                                          ->0msec
                                                     -> Cluster 29, loss : 2.16, accuracy 20.87%, model from round 19
                                                     ['0:19.60%', '1:13.60%', '2:0.10%', '3:83.90%', '4:0.00%', '5:0.00%', '6:0.10%', '7:0.00%', '8:55.60%', '9:35.80%']
                                                                                              <-> Client 0, global : from 20.87% to 10.00%, local : from 1.40% to 95.00%, training time : 8200msec
                                                     Cluster 29, round 1, loss : 4.74, accuracy 10.00% <-
                                                     Time past : 8200msec
                                                     ['0:0.00%', '1:0.00%', '2:0.00%', '3:0.00%', '4:100.00%', '5:0.00%', '6:0.00%', '7:0.00%', '8:0.00%', '9:0.00%']
                                          0msec<-
                                          ->0msec
                                                     -> Cluster 49, loss : 2.16, accuracy 20.87%, model from round 19
                                                     ['0:19.60%', '1:13.60%', '2:0.10%', '3:83.90%', '4:0.00%', '5:0.00%', '6:0.10%', '7:0.00%', '8:55.60%', '9:35.80%']
                                                                                              <-> Client 0, global : from 20.87% to 10.00%, local : from 1.40% to 95.00%, training time : 8200msec
                                                     Cluster 49, round 1, loss : 4.79, accuracy 10.00% <-
                                                     Time past : 8200msec
                                                     ['0:0.00%', '1:0.00%', '2:100.00%', '3:0.00%', '4:0.00%', '5:0.00%', '6:0.00%', '7:0.00%', '8:0.00%', '9:0.00%']
                                          0msec<-
Central server round 19, loss : 2.18, accuracy :18.20%
Time past: 155800msec
['0:26.20%', '1:0.40%', '2:83.40%', '3:0.00%', '4:0.00%', '5:30.40%', '6:0.00%', '7:0.00%', '8:8.10%', '9:33.50%']
                                          ->0msec
                                                     -> Cluster 31, loss : 2.18, accuracy 18.20%, model from round 20
                                                     ['0:26.20%', '1:0.40%', '2:83.40%', '3:0.00%', '4:0.00%', '5:30.40%', '6:0.00%', '7:0.00%', '8:8.10%', '9:33.50%']
                                                                                              <-> Client 0, global : from 18.20% to 10.00%, local : from 1.40% to 94.81%, training time : 8200msec
                                                     Cluster 31, round 1, loss : 4.77, accuracy 10.00% <-
                                                     Time past : 8200msec
                                                     ['0:0.00%', '1:100.00%', '2:0.00%', '3:0.00%', '4:0.00%', '5:0.00%', '6:0.00%', '7:0.00%', '8:0.00%', '9:0.00%']
                                          0msec<-
                                          ->0msec
                                                     -> Cluster 28, loss : 2.18, accuracy 18.20%, model from round 20
                                                     ['0:26.20%', '1:0.40%', '2:83.40%', '3:0.00%', '4:0.00%', '5:30.40%', '6:0.00%', '7:0.00%', '8:8.10%', '9:33.50%']
                                                                                              <-> Client 0, global : from 18.20% to 10.00%, local : from 1.00% to 95.00%, training time : 8200msec
                                                     Cluster 28, round 1, loss : 4.48, accuracy 10.00% <-
                                                     Time past : 8200msec
                                                     ['0:0.00%', '1:0.00%', '2:0.00%', '3:0.00%', '4:100.00%', '5:0.00%', '6:0.00%', '7:0.00%', '8:0.00%', '9:0.00%']
                                          0msec<-
                                          ->0msec
                                                     -> Cluster 2, loss : 2.18, accuracy 18.20%, model from round 20
                                                     ['0:26.20%', '1:0.40%', '2:83.40%', '3:0.00%', '4:0.00%', '5:30.40%', '6:0.00%', '7:0.00%', '8:8.10%', '9:33.50%']
                                                                                              <-> Client 0, global : from 18.20% to 10.16%, local : from 0.60% to 95.00%, training time : 8200msec
                                                     Cluster 2, round 1, loss : 3.96, accuracy 10.16% <-
                                                     Time past : 8200msec
                                                     ['0:0.00%', '1:0.00%', '2:0.00%', '3:0.00%', '4:0.00%', '5:0.00%', '6:100.00%', '7:0.00%', '8:1.60%', '9:0.00%']
                                          0msec<-
                                          ->0msec
                                                     -> Cluster 51, loss : 2.18, accuracy 18.20%, model from round 20
                                                     ['0:26.20%', '1:0.40%', '2:83.40%', '3:0.00%', '4:0.00%', '5:30.40%', '6:0.00%', '7:0.00%', '8:8.10%', '9:33.50%']
                                                                                              <-> Client 0, global : from 18.20% to 10.00%, local : from 1.00% to 94.81%, training time : 8200msec
                                                     Cluster 51, round 1, loss : 4.98, accuracy 10.00% <-
                                                     Time past : 8200msec
                                                     ['0:0.00%', '1:0.00%', '2:0.00%', '3:0.00%', '4:0.00%', '5:0.00%', '6:0.00%', '7:100.00%', '8:0.00%', '9:0.00%']
                                          0msec<-
                                          ->0msec
                                                     -> Cluster 9, loss : 2.18, accuracy 18.20%, model from round 20
                                                     ['0:26.20%', '1:0.40%', '2:83.40%', '3:0.00%', '4:0.00%', '5:30.40%', '6:0.00%', '7:0.00%', '8:8.10%', '9:33.50%']
                                                                                              <-> Client 0, global : from 18.20% to 10.00%, local : from 0.60% to 95.00%, training time : 8200msec
                                                     Cluster 9, round 1, loss : 4.09, accuracy 10.00% <-
                                                     Time past : 8200msec
                                                     ['0:0.00%', '1:0.00%', '2:0.00%', '3:0.00%', '4:0.00%', '5:0.00%', '6:100.00%', '7:0.00%', '8:0.00%', '9:0.00%']
                                          0msec<-
                                          ->0msec
                                                     -> Cluster 34, loss : 2.18, accuracy 18.20%, model from round 20
                                                     ['0:26.20%', '1:0.40%', '2:83.40%', '3:0.00%', '4:0.00%', '5:30.40%', '6:0.00%', '7:0.00%', '8:8.10%', '9:33.50%']
                                                                                              <-> Client 0, global : from 18.20% to 10.00%, local : from 1.20% to 95.00%, training time : 8200msec
                                                     Cluster 34, round 1, loss : 3.75, accuracy 10.00% <-
                                                     Time past : 8200msec
                                                     ['0:0.00%', '1:100.00%', '2:0.00%', '3:0.00%', '4:0.00%', '5:0.00%', '6:0.00%', '7:0.00%', '8:0.00%', '9:0.00%']
                                          0msec<-
                                          ->0msec
                                                     -> Cluster 70, loss : 2.18, accuracy 18.20%, model from round 20
                                                     ['0:26.20%', '1:0.40%', '2:83.40%', '3:0.00%', '4:0.00%', '5:30.40%', '6:0.00%', '7:0.00%', '8:8.10%', '9:33.50%']
                                                                                              <-> Client 0, global : from 18.20% to 10.00%, local : from 1.60% to 95.00%, training time : 8200msec
                                                     Cluster 70, round 1, loss : 4.66, accuracy 10.00% <-
                                                     Time past : 8200msec
                                                     ['0:0.00%', '1:0.00%', '2:0.00%', '3:100.00%', '4:0.00%', '5:0.00%', '6:0.00%', '7:0.00%', '8:0.00%', '9:0.00%']
                                          0msec<-
                                          ->0msec
                                                     -> Cluster 93, loss : 2.18, accuracy 18.20%, model from round 20
                                                     ['0:26.20%', '1:0.40%', '2:83.40%', '3:0.00%', '4:0.00%', '5:30.40%', '6:0.00%', '7:0.00%', '8:8.10%', '9:33.50%']
                                                                                              <-> Client 0, global : from 18.20% to 10.00%, local : from 21.64% to 95.19%, training time : 8200msec
                                                     Cluster 93, round 1, loss : 4.55, accuracy 10.00% <-
                                                     Time past : 8200msec
                                                     ['0:100.00%', '1:0.00%', '2:0.00%', '3:0.00%', '4:0.00%', '5:0.00%', '6:0.00%', '7:0.00%', '8:0.00%', '9:0.00%']
                                          0msec<-
                                          ->0msec
                                                     -> Cluster 81, loss : 2.18, accuracy 18.20%, model from round 20
                                                     ['0:26.20%', '1:0.40%', '2:83.40%', '3:0.00%', '4:0.00%', '5:30.40%', '6:0.00%', '7:0.00%', '8:8.10%', '9:33.50%']
                                                                                              <-> Client 0, global : from 18.20% to 10.00%, local : from 29.80% to 95.00%, training time : 8200msec
                                                     Cluster 81, round 1, loss : 4.31, accuracy 10.00% <-
                                                     Time past : 8200msec
                                                     ['0:0.00%', '1:0.00%', '2:0.00%', '3:0.00%', '4:0.00%', '5:100.00%', '6:0.00%', '7:0.00%', '8:0.00%', '9:0.00%']
                                          0msec<-
                                          ->0msec
                                                     -> Cluster 1, loss : 2.18, accuracy 18.20%, model from round 20
                                                     ['0:26.20%', '1:0.40%', '2:83.40%', '3:0.00%', '4:0.00%', '5:30.40%', '6:0.00%', '7:0.00%', '8:8.10%', '9:33.50%']
                                                                                              <-> Client 0, global : from 18.20% to 10.07%, local : from 1.00% to 94.81%, training time : 8200msec
                                                     Cluster 1, round 1, loss : 3.68, accuracy 10.07% <-
                                                     Time past : 8200msec
                                                     ['0:0.00%', '1:0.00%', '2:0.00%', '3:0.00%', '4:0.00%', '5:0.00%', '6:100.00%', '7:0.00%', '8:0.70%', '9:0.00%']
                                          0msec<-
Central server round 20, loss : 2.19, accuracy :17.68%
Time past: 164000msec
['0:60.50%', '1:1.90%', '2:0.00%', '3:0.00%', '4:0.00%', '5:0.00%', '6:92.20%', '7:0.00%', '8:21.30%', '9:0.90%']
                                          ->0msec
                                                     -> Cluster 99, loss : 2.19, accuracy 17.68%, model from round 21
                                                     ['0:60.50%', '1:1.90%', '2:0.00%', '3:0.00%', '4:0.00%', '5:0.00%', '6:92.20%', '7:0.00%', '8:21.30%', '9:0.90%']
                                                                                              <-> Client 0, global : from 17.68% to 10.00%, local : from 55.51% to 95.19%, training time : 8200msec
                                                     Cluster 99, round 1, loss : 4.14, accuracy 10.00% <-
                                                     Time past : 8200msec
                                                     ['0:100.00%', '1:0.00%', '2:0.00%', '3:0.00%', '4:0.00%', '5:0.00%', '6:0.00%', '7:0.00%', '8:0.00%', '9:0.00%']
                                          0msec<-
                                          ->0msec
                                                     -> Cluster 19, loss : 2.19, accuracy 17.68%, model from round 21
                                                     ['0:60.50%', '1:1.90%', '2:0.00%', '3:0.00%', '4:0.00%', '5:0.00%', '6:92.20%', '7:0.00%', '8:21.30%', '9:0.90%']
                                                                                              <-> Client 0, global : from 17.68% to 10.00%, local : from 4.20% to 95.00%, training time : 8200msec
                                                     Cluster 19, round 1, loss : 4.24, accuracy 10.00% <-
                                                     Time past : 8200msec
                                                     ['0:0.00%', '1:0.00%', '2:0.00%', '3:0.00%', '4:0.00%', '5:0.00%', '6:0.00%', '7:0.00%', '8:0.00%', '9:100.00%']
                                          0msec<-
                                          ->0msec
                                                     -> Cluster 18, loss : 2.19, accuracy 17.68%, model from round 21
                                                     ['0:60.50%', '1:1.90%', '2:0.00%', '3:0.00%', '4:0.00%', '5:0.00%', '6:92.20%', '7:0.00%', '8:21.30%', '9:0.90%']
                                                                                              <-> Client 0, global : from 17.68% to 10.01%, local : from 2.40% to 95.00%, training time : 8200msec
                                                     Cluster 18, round 1, loss : 3.58, accuracy 10.01% <-
                                                     Time past : 8200msec
                                                     ['0:0.00%', '1:0.00%', '2:0.00%', '3:0.00%', '4:0.00%', '5:0.10%', '6:0.00%', '7:0.00%', '8:0.00%', '9:100.00%']
                                          0msec<-
                                          ->0msec
                                                     -> Cluster 40, loss : 2.19, accuracy 17.68%, model from round 21
                                                     ['0:60.50%', '1:1.90%', '2:0.00%', '3:0.00%', '4:0.00%', '5:0.00%', '6:92.20%', '7:0.00%', '8:21.30%', '9:0.90%']
                                                                                              <-> Client 0, global : from 17.68% to 10.00%, local : from 1.40% to 94.81%, training time : 8200msec
                                                     Cluster 40, round 1, loss : 4.72, accuracy 10.00% <-
                                                     Time past : 8200msec
                                                     ['0:0.00%', '1:0.00%', '2:100.00%', '3:0.00%', '4:0.00%', '5:0.00%', '6:0.00%', '7:0.00%', '8:0.00%', '9:0.00%']
                                          0msec<-
                                          ->0msec
                                                     -> Cluster 39, loss : 2.19, accuracy 17.68%, model from round 21
                                                     ['0:60.50%', '1:1.90%', '2:0.00%', '3:0.00%', '4:0.00%', '5:0.00%', '6:92.20%', '7:0.00%', '8:21.30%', '9:0.90%']
                                                                                              <-> Client 0, global : from 17.68% to 10.00%, local : from 3.00% to 95.00%, training time : 8200msec
                                                     Cluster 39, round 1, loss : 4.11, accuracy 10.00% <-
                                                     Time past : 8200msec
                                                     ['0:0.00%', '1:100.00%', '2:0.00%', '3:0.00%', '4:0.00%', '5:0.00%', '6:0.00%', '7:0.00%', '8:0.00%', '9:0.00%']
                                          0msec<-
                                          ->0msec
                                                     -> Cluster 13, loss : 2.19, accuracy 17.68%, model from round 21
                                                     ['0:60.50%', '1:1.90%', '2:0.00%', '3:0.00%', '4:0.00%', '5:0.00%', '6:92.20%', '7:0.00%', '8:21.30%', '9:0.90%']
                                                                                              <-> Client 0, global : from 17.68% to 10.00%, local : from 3.40% to 95.00%, training time : 8200msec
                                                     Cluster 13, round 1, loss : 4.13, accuracy 10.00% <-
                                                     Time past : 8200msec
                                                     ['0:0.00%', '1:0.00%', '2:0.00%', '3:0.00%', '4:0.00%', '5:0.00%', '6:0.00%', '7:0.00%', '8:0.00%', '9:100.00%']
                                          0msec<-
                                          ->0msec
                                                     -> Cluster 90, loss : 2.19, accuracy 17.68%, model from round 21
                                                     ['0:60.50%', '1:1.90%', '2:0.00%', '3:0.00%', '4:0.00%', '5:0.00%', '6:92.20%', '7:0.00%', '8:21.30%', '9:0.90%']
                                                                                              <-> Client 0, global : from 17.68% to 10.00%, local : from 56.40% to 95.00%, training time : 8200msec
                                                     Cluster 90, round 1, loss : 4.02, accuracy 10.00% <-
                                                     Time past : 8200msec
                                                     ['0:100.00%', '1:0.00%', '2:0.00%', '3:0.00%', '4:0.00%', '5:0.00%', '6:0.00%', '7:0.00%', '8:0.00%', '9:0.00%']
                                          0msec<-
                                          ->0msec
                                                     -> Cluster 65, loss : 2.19, accuracy 17.68%, model from round 21
                                                     ['0:60.50%', '1:1.90%', '2:0.00%', '3:0.00%', '4:0.00%', '5:0.00%', '6:92.20%', '7:0.00%', '8:21.30%', '9:0.90%']
                                                                                              <-> Client 0, global : from 17.68% to 10.00%, local : from 20.80% to 95.00%, training time : 8200msec
                                                     Cluster 65, round 1, loss : 3.79, accuracy 10.00% <-
                                                     Time past : 8200msec
                                                     ['0:0.00%', '1:0.00%', '2:0.00%', '3:0.00%', '4:0.00%', '5:0.10%', '6:0.00%', '7:0.00%', '8:99.90%', '9:0.00%']
                                          0msec<-
                                          ->0msec
                                                     -> Cluster 77, loss : 2.19, accuracy 17.68%, model from round 21
                                                     ['0:60.50%', '1:1.90%', '2:0.00%', '3:0.00%', '4:0.00%', '5:0.00%', '6:92.20%', '7:0.00%', '8:21.30%', '9:0.90%']
                                                                                              <-> Client 0, global : from 17.68% to 10.00%, local : from 0.60% to 95.00%, training time : 8200msec
                                                     Cluster 77, round 1, loss : 4.57, accuracy 10.00% <-
                                                     Time past : 8200msec
                                                     ['0:0.00%', '1:0.00%', '2:0.00%', '3:100.00%', '4:0.00%', '5:0.00%', '6:0.00%', '7:0.00%', '8:0.00%', '9:0.00%']
                                          0msec<-
                                          ->0msec
                                                     -> Cluster 37, loss : 2.19, accuracy 17.68%, model from round 21
                                                     ['0:60.50%', '1:1.90%', '2:0.00%', '3:0.00%', '4:0.00%', '5:0.00%', '6:92.20%', '7:0.00%', '8:21.30%', '9:0.90%']
                                                                                              <-> Client 0, global : from 17.68% to 10.00%, local : from 2.40% to 95.00%, training time : 8200msec
                                                     Cluster 37, round 1, loss : 4.15, accuracy 10.00% <-
                                                     Time past : 8200msec
                                                     ['0:0.00%', '1:100.00%', '2:0.00%', '3:0.00%', '4:0.00%', '5:0.00%', '6:0.00%', '7:0.00%', '8:0.00%', '9:0.00%']
                                          0msec<-
Central server round 21, loss : 2.22, accuracy :19.04%
Time past: 172200msec
['0:57.10%', '1:9.90%', '2:0.20%', '3:25.40%', '4:0.00%', '5:7.80%', '6:0.20%', '7:0.00%', '8:5.60%', '9:84.20%']
                                          ->0msec
                                                     -> Cluster 6, loss : 2.22, accuracy 19.04%, model from round 22
                                                     ['0:57.10%', '1:9.90%', '2:0.20%', '3:25.40%', '4:0.00%', '5:7.80%', '6:0.20%', '7:0.00%', '8:5.60%', '9:84.20%']
                                                                                              <-> Client 0, global : from 19.04% to 10.00%, local : from 1.60% to 95.00%, training time : 8200msec
                                                     Cluster 6, round 1, loss : 4.82, accuracy 10.00% <-
                                                     Time past : 8200msec
                                                     ['0:0.00%', '1:0.00%', '2:0.00%', '3:0.00%', '4:0.00%', '5:0.00%', '6:100.00%', '7:0.00%', '8:0.00%', '9:0.00%']
                                          0msec<-
                                          ->0msec
                                                     -> Cluster 91, loss : 2.22, accuracy 19.04%, model from round 22
                                                     ['0:57.10%', '1:9.90%', '2:0.20%', '3:25.40%', '4:0.00%', '5:7.80%', '6:0.20%', '7:0.00%', '8:5.60%', '9:84.20%']
                                                                                              <-> Client 0, global : from 19.04% to 10.00%, local : from 48.20% to 95.00%, training time : 8200msec
                                                     Cluster 91, round 1, loss : 5.34, accuracy 10.00% <-
                                                     Time past : 8200msec
                                                     ['0:100.00%', '1:0.00%', '2:0.00%', '3:0.00%', '4:0.00%', '5:0.00%', '6:0.00%', '7:0.00%', '8:0.00%', '9:0.00%']
                                          0msec<-
                                          ->0msec
                                                     -> Cluster 85, loss : 2.22, accuracy 19.04%, model from round 22
                                                     ['0:57.10%', '1:9.90%', '2:0.20%', '3:25.40%', '4:0.00%', '5:7.80%', '6:0.20%', '7:0.00%', '8:5.60%', '9:84.20%']
                                                                                              <-> Client 0, global : from 19.04% to 10.00%, local : from 8.42% to 95.19%, training time : 8200msec
                                                     Cluster 85, round 1, loss : 4.29, accuracy 10.00% <-
                                                     Time past : 8200msec
                                                     ['0:0.00%', '1:0.00%', '2:0.00%', '3:0.00%', '4:0.00%', '5:100.00%', '6:0.00%', '7:0.00%', '8:0.00%', '9:0.00%']
                                          0msec<-
                                          ->0msec
                                                     -> Cluster 31, loss : 2.22, accuracy 19.04%, model from round 22
                                                     ['0:57.10%', '1:9.90%', '2:0.20%', '3:25.40%', '4:0.00%', '5:7.80%', '6:0.20%', '7:0.00%', '8:5.60%', '9:84.20%']
                                                                                              <-> Client 0, global : from 19.04% to 10.00%, local : from 10.98% to 94.81%, training time : 8200msec
                                                     Cluster 31, round 1, loss : 3.61, accuracy 10.00% <-
                                                     Time past : 8200msec
                                                     ['0:0.00%', '1:100.00%', '2:0.00%', '3:0.00%', '4:0.00%', '5:0.00%', '6:0.00%', '7:0.00%', '8:0.00%', '9:0.00%']
                                          0msec<-
                                          ->0msec
                                                     -> Cluster 32, loss : 2.22, accuracy 19.04%, model from round 22
                                                     ['0:57.10%', '1:9.90%', '2:0.20%', '3:25.40%', '4:0.00%', '5:7.80%', '6:0.20%', '7:0.00%', '8:5.60%', '9:84.20%']
                                                                                              <-> Client 0, global : from 19.04% to 10.00%, local : from 11.80% to 95.00%, training time : 8200msec
                                                     Cluster 32, round 1, loss : 4.81, accuracy 10.00% <-
                                                     Time past : 8200msec
                                                     ['0:0.00%', '1:100.00%', '2:0.00%', '3:0.00%', '4:0.00%', '5:0.00%', '6:0.00%', '7:0.00%', '8:0.00%', '9:0.00%']
                                          0msec<-
                                          ->0msec
                                                     -> Cluster 99, loss : 2.22, accuracy 19.04%, model from round 22
                                                     ['0:57.10%', '1:9.90%', '2:0.20%', '3:25.40%', '4:0.00%', '5:7.80%', '6:0.20%', '7:0.00%', '8:5.60%', '9:84.20%']
                                                                                              <-> Client 0, global : from 19.04% to 10.00%, local : from 50.10% to 95.19%, training time : 8200msec
                                                     Cluster 99, round 1, loss : 4.36, accuracy 10.00% <-
                                                     Time past : 8200msec
                                                     ['0:100.00%', '1:0.00%', '2:0.00%', '3:0.00%', '4:0.00%', '5:0.00%', '6:0.00%', '7:0.00%', '8:0.00%', '9:0.00%']
                                          0msec<-
                                          ->0msec
                                                     -> Cluster 8, loss : 2.22, accuracy 19.04%, model from round 22
                                                     ['0:57.10%', '1:9.90%', '2:0.20%', '3:25.40%', '4:0.00%', '5:7.80%', '6:0.20%', '7:0.00%', '8:5.60%', '9:84.20%']
                                                                                              <-> Client 0, global : from 19.04% to 10.00%, local : from 2.20% to 95.00%, training time : 8200msec
                                                     Cluster 8, round 1, loss : 4.55, accuracy 10.00% <-
                                                     Time past : 8200msec
                                                     ['0:0.00%', '1:0.00%', '2:0.00%', '3:0.00%', '4:0.00%', '5:0.00%', '6:100.00%', '7:0.00%', '8:0.00%', '9:0.00%']
                                          0msec<-
                                          ->0msec
                                                     -> Cluster 87, loss : 2.22, accuracy 19.04%, model from round 22
                                                     ['0:57.10%', '1:9.90%', '2:0.20%', '3:25.40%', '4:0.00%', '5:7.80%', '6:0.20%', '7:0.00%', '8:5.60%', '9:84.20%']
                                                                                              <-> Client 0, global : from 19.04% to 10.00%, local : from 9.22% to 95.19%, training time : 8200msec
                                                     Cluster 87, round 1, loss : 4.63, accuracy 10.00% <-
                                                     Time past : 8200msec
                                                     ['0:0.00%', '1:0.00%', '2:0.00%', '3:0.00%', '4:0.00%', '5:100.00%', '6:0.00%', '7:0.00%', '8:0.00%', '9:0.00%']
                                          0msec<-
                                          ->0msec
                                                     -> Cluster 57, loss : 2.22, accuracy 19.04%, model from round 22
                                                     ['0:57.10%', '1:9.90%', '2:0.20%', '3:25.40%', '4:0.00%', '5:7.80%', '6:0.20%', '7:0.00%', '8:5.60%', '9:84.20%']
                                                                                              <-> Client 0, global : from 19.04% to 10.00%, local : from 0.80% to 95.00%, training time : 8200msec
                                                     Cluster 57, round 1, loss : 4.57, accuracy 10.00% <-
                                                     Time past : 8200msec
                                                     ['0:0.00%', '1:0.00%', '2:0.00%', '3:0.00%', '4:0.00%', '5:0.00%', '6:0.00%', '7:100.00%', '8:0.00%', '9:0.00%']
                                          0msec<-
                                          ->0msec
                                                     -> Cluster 55, loss : 2.22, accuracy 19.04%, model from round 22
                                                     ['0:57.10%', '1:9.90%', '2:0.20%', '3:25.40%', '4:0.00%', '5:7.80%', '6:0.20%', '7:0.00%', '8:5.60%', '9:84.20%']
                                                                                              <-> Client 0, global : from 19.04% to 10.00%, local : from 1.00% to 95.00%, training time : 8200msec
                                                     Cluster 55, round 1, loss : 4.73, accuracy 10.00% <-
                                                     Time past : 8200msec
                                                     ['0:0.00%', '1:0.00%', '2:0.00%', '3:0.00%', '4:0.00%', '5:0.00%', '6:0.00%', '7:100.00%', '8:0.00%', '9:0.00%']
                                          0msec<-
Central server round 22, loss : 2.28, accuracy :22.34%
Time past: 180400msec
['0:80.50%', '1:32.30%', '2:0.00%', '3:0.00%', '4:0.00%', '5:29.30%', '6:38.10%', '7:43.10%', '8:0.00%', '9:0.10%']
                                          ->0msec
                                                     -> Cluster 82, loss : 2.28, accuracy 22.34%, model from round 23
                                                     ['0:80.50%', '1:32.30%', '2:0.00%', '3:0.00%', '4:0.00%', '5:29.30%', '6:38.10%', '7:43.10%', '8:0.00%', '9:0.10%']
                                                                                              <-> Client 0, global : from 22.34% to 10.00%, local : from 33.60% to 95.00%, training time : 8200msec
                                                     Cluster 82, round 1, loss : 5.04, accuracy 10.00% <-
                                                     Time past : 8200msec
                                                     ['0:0.00%', '1:0.00%', '2:0.00%', '3:0.00%', '4:0.00%', '5:100.00%', '6:0.00%', '7:0.00%', '8:0.00%', '9:0.00%']
                                          0msec<-
                                          ->0msec
                                                     -> Cluster 53, loss : 2.28, accuracy 22.34%, model from round 23
                                                     ['0:80.50%', '1:32.30%', '2:0.00%', '3:0.00%', '4:0.00%', '5:29.30%', '6:38.10%', '7:43.10%', '8:0.00%', '9:0.10%']
                                                                                              <-> Client 0, global : from 22.34% to 10.00%, local : from 42.80% to 95.00%, training time : 8200msec
                                                     Cluster 53, round 1, loss : 4.26, accuracy 10.00% <-
                                                     Time past : 8200msec
                                                     ['0:0.00%', '1:0.00%', '2:0.00%', '3:0.00%', '4:0.00%', '5:0.00%', '6:0.00%', '7:100.00%', '8:0.00%', '9:0.00%']
                                          0msec<-
                                          ->0msec
                                                     -> Cluster 73, loss : 2.28, accuracy 22.34%, model from round 23
                                                     ['0:80.50%', '1:32.30%', '2:0.00%', '3:0.00%', '4:0.00%', '5:29.30%', '6:38.10%', '7:43.10%', '8:0.00%', '9:0.10%']
                                                                                              <-> Client 0, global : from 22.34% to 10.00%, local : from 1.60% to 95.00%, training time : 8200msec
                                                     Cluster 73, round 1, loss : 4.37, accuracy 10.00% <-
                                                     Time past : 8200msec
                                                     ['0:0.00%', '1:0.00%', '2:0.00%', '3:100.00%', '4:0.00%', '5:0.00%', '6:0.00%', '7:0.00%', '8:0.00%', '9:0.00%']
                                          0msec<-
                                          ->0msec
                                                     -> Cluster 2, loss : 2.28, accuracy 22.34%, model from round 23
                                                     ['0:80.50%', '1:32.30%', '2:0.00%', '3:0.00%', '4:0.00%', '5:29.30%', '6:38.10%', '7:43.10%', '8:0.00%', '9:0.10%']
                                                                                              <-> Client 0, global : from 22.34% to 10.00%, local : from 37.00% to 95.00%, training time : 8200msec
                                                     Cluster 2, round 1, loss : 4.80, accuracy 10.00% <-
                                                     Time past : 8200msec
                                                     ['0:0.00%', '1:0.00%', '2:0.00%', '3:0.00%', '4:0.00%', '5:0.00%', '6:100.00%', '7:0.00%', '8:0.00%', '9:0.00%']
                                          0msec<-
                                          ->0msec
                                                     -> Cluster 7, loss : 2.28, accuracy 22.34%, model from round 23
                                                     ['0:80.50%', '1:32.30%', '2:0.00%', '3:0.00%', '4:0.00%', '5:29.30%', '6:38.10%', '7:43.10%', '8:0.00%', '9:0.10%']
                                                                                              <-> Client 0, global : from 22.34% to 10.02%, local : from 31.80% to 95.00%, training time : 8200msec
                                                     Cluster 7, round 1, loss : 3.76, accuracy 10.02% <-
                                                     Time past : 8200msec
                                                     ['0:0.00%', '1:0.00%', '2:0.00%', '3:0.00%', '4:0.00%', '5:0.00%', '6:100.00%', '7:0.00%', '8:0.20%', '9:0.00%']
                                          0msec<-
                                          ->0msec
                                                     -> Cluster 88, loss : 2.28, accuracy 22.34%, model from round 23
                                                     ['0:80.50%', '1:32.30%', '2:0.00%', '3:0.00%', '4:0.00%', '5:29.30%', '6:38.10%', '7:43.10%', '8:0.00%', '9:0.10%']
                                                                                              <-> Client 0, global : from 22.34% to 10.00%, local : from 26.85% to 95.19%, training time : 8200msec
                                                     Cluster 88, round 1, loss : 4.42, accuracy 10.00% <-
                                                     Time past : 8200msec
                                                     ['0:0.00%', '1:0.00%', '2:0.00%', '3:0.00%', '4:0.00%', '5:100.00%', '6:0.00%', '7:0.00%', '8:0.00%', '9:0.00%']
                                          0msec<-
                                          ->0msec
                                                     -> Cluster 45, loss : 2.28, accuracy 22.34%, model from round 23
                                                     ['0:80.50%', '1:32.30%', '2:0.00%', '3:0.00%', '4:0.00%', '5:29.30%', '6:38.10%', '7:43.10%', '8:0.00%', '9:0.10%']
                                                                                              <-> Client 0, global : from 22.34% to 10.00%, local : from 1.80% to 95.00%, training time : 8200msec
                                                     Cluster 45, round 1, loss : 4.82, accuracy 10.00% <-
                                                     Time past : 8200msec
                                                     ['0:0.00%', '1:0.00%', '2:100.00%', '3:0.00%', '4:0.00%', '5:0.00%', '6:0.00%', '7:0.00%', '8:0.00%', '9:0.00%']
                                          0msec<-
                                          ->0msec
                                                     -> Cluster 74, loss : 2.28, accuracy 22.34%, model from round 23
                                                     ['0:80.50%', '1:32.30%', '2:0.00%', '3:0.00%', '4:0.00%', '5:29.30%', '6:38.10%', '7:43.10%', '8:0.00%', '9:0.10%']
                                                                                              <-> Client 0, global : from 22.34% to 10.00%, local : from 1.20% to 95.00%, training time : 8200msec
                                                     Cluster 74, round 1, loss : 4.81, accuracy 10.00% <-
                                                     Time past : 8200msec
                                                     ['0:0.00%', '1:0.00%', '2:0.00%', '3:100.00%', '4:0.00%', '5:0.00%', '6:0.00%', '7:0.00%', '8:0.00%', '9:0.00%']
                                          0msec<-
                                          ->0msec
                                                     -> Cluster 17, loss : 2.28, accuracy 22.34%, model from round 23
                                                     ['0:80.50%', '1:32.30%', '2:0.00%', '3:0.00%', '4:0.00%', '5:29.30%', '6:38.10%', '7:43.10%', '8:0.00%', '9:0.10%']
                                                                                              <-> Client 0, global : from 22.34% to 10.00%, local : from 1.80% to 95.00%, training time : 8200msec
                                                     Cluster 17, round 1, loss : 4.66, accuracy 10.00% <-
                                                     Time past : 8200msec
                                                     ['0:0.00%', '1:0.00%', '2:0.00%', '3:0.00%', '4:0.00%', '5:0.00%', '6:0.00%', '7:0.00%', '8:0.00%', '9:100.00%']
                                          0msec<-
                                          ->0msec
                                                     -> Cluster 75, loss : 2.28, accuracy 22.34%, model from round 23
                                                     ['0:80.50%', '1:32.30%', '2:0.00%', '3:0.00%', '4:0.00%', '5:29.30%', '6:38.10%', '7:43.10%', '8:0.00%', '9:0.10%']
                                                                                              <-> Client 0, global : from 22.34% to 10.00%, local : from 0.80% to 95.00%, training time : 8200msec
                                                     Cluster 75, round 1, loss : 4.50, accuracy 10.00% <-
                                                     Time past : 8200msec
                                                     ['0:0.00%', '1:0.00%', '2:0.00%', '3:100.00%', '4:0.00%', '5:0.00%', '6:0.00%', '7:0.00%', '8:0.00%', '9:0.00%']
                                          0msec<-
Central server round 23, loss : 2.19, accuracy :21.30%
Time past: 188600msec
['0:32.30%', '1:0.20%', '2:0.00%', '3:81.90%', '4:0.00%', '5:7.00%', '6:27.30%', '7:0.00%', '8:21.80%', '9:42.50%']
                                          ->0msec
                                                     -> Cluster 0, loss : 2.19, accuracy 21.30%, model from round 24
                                                     ['0:32.30%', '1:0.20%', '2:0.00%', '3:81.90%', '4:0.00%', '5:7.00%', '6:27.30%', '7:0.00%', '8:21.80%', '9:42.50%']
                                                                                              <-> Client 0, global : from 21.30% to 10.00%, local : from 27.94% to 94.81%, training time : 8200msec
                                                     Cluster 0, round 1, loss : 5.01, accuracy 10.00% <-
                                                     Time past : 8200msec
                                                     ['0:0.00%', '1:0.00%', '2:0.00%', '3:0.00%', '4:0.00%', '5:0.00%', '6:100.00%', '7:0.00%', '8:0.00%', '9:0.00%']
                                          0msec<-
                                          ->0msec
                                                     -> Cluster 22, loss : 2.19, accuracy 21.30%, model from round 24
                                                     ['0:32.30%', '1:0.20%', '2:0.00%', '3:81.90%', '4:0.00%', '5:7.00%', '6:27.30%', '7:0.00%', '8:21.80%', '9:42.50%']
                                                                                              <-> Client 0, global : from 21.30% to 10.00%, local : from 0.80% to 95.00%, training time : 8200msec
                                                     Cluster 22, round 1, loss : 4.33, accuracy 10.00% <-
                                                     Time past : 8200msec
                                                     ['0:0.00%', '1:0.00%', '2:0.00%', '3:0.00%', '4:100.00%', '5:0.00%', '6:0.00%', '7:0.00%', '8:0.00%', '9:0.00%']
                                          0msec<-
                                          ->0msec
                                                     -> Cluster 67, loss : 2.19, accuracy 21.30%, model from round 24
                                                     ['0:32.30%', '1:0.20%', '2:0.00%', '3:81.90%', '4:0.00%', '5:7.00%', '6:27.30%', '7:0.00%', '8:21.80%', '9:42.50%']
                                                                                              <-> Client 0, global : from 21.30% to 10.00%, local : from 23.00% to 95.00%, training time : 8200msec
                                                     Cluster 67, round 1, loss : 4.56, accuracy 10.00% <-
                                                     Time past : 8200msec
                                                     ['0:0.00%', '1:0.00%', '2:0.00%', '3:0.00%', '4:0.00%', '5:0.00%', '6:0.00%', '7:0.00%', '8:100.00%', '9:0.00%']
                                          0msec<-
                                          ->0msec
                                                     -> Cluster 40, loss : 2.19, accuracy 21.30%, model from round 24
                                                     ['0:32.30%', '1:0.20%', '2:0.00%', '3:81.90%', '4:0.00%', '5:7.00%', '6:27.30%', '7:0.00%', '8:21.80%', '9:42.50%']
                                                                                              <-> Client 0, global : from 21.30% to 10.00%, local : from 1.80% to 94.81%, training time : 8200msec
                                                     Cluster 40, round 1, loss : 4.57, accuracy 10.00% <-
                                                     Time past : 8200msec
                                                     ['0:0.00%', '1:0.00%', '2:100.00%', '3:0.00%', '4:0.00%', '5:0.00%', '6:0.00%', '7:0.00%', '8:0.00%', '9:0.00%']
                                          0msec<-
                                          ->0msec
                                                     -> Cluster 64, loss : 2.19, accuracy 21.30%, model from round 24
                                                     ['0:32.30%', '1:0.20%', '2:0.00%', '3:81.90%', '4:0.00%', '5:7.00%', '6:27.30%', '7:0.00%', '8:21.80%', '9:42.50%']
                                                                                              <-> Client 0, global : from 21.30% to 10.00%, local : from 18.20% to 95.00%, training time : 8200msec
                                                     Cluster 64, round 1, loss : 4.53, accuracy 10.00% <-
                                                     Time past : 8200msec
                                                     ['0:0.00%', '1:0.00%', '2:0.00%', '3:0.00%', '4:0.00%', '5:0.00%', '6:0.00%', '7:0.00%', '8:100.00%', '9:0.00%']
                                          0msec<-
                                          ->0msec
                                                     -> Cluster 83, loss : 2.19, accuracy 21.30%, model from round 24
                                                     ['0:32.30%', '1:0.20%', '2:0.00%', '3:81.90%', '4:0.00%', '5:7.00%', '6:27.30%', '7:0.00%', '8:21.80%', '9:42.50%']
                                                                                              <-> Client 0, global : from 21.30% to 10.00%, local : from 5.41% to 95.19%, training time : 8200msec
                                                     Cluster 83, round 1, loss : 4.60, accuracy 10.00% <-
                                                     Time past : 8200msec
                                                     ['0:0.00%', '1:0.00%', '2:0.00%', '3:0.00%', '4:0.00%', '5:100.00%', '6:0.00%', '7:0.00%', '8:0.00%', '9:0.00%']
                                          0msec<-
                                          ->0msec
                                                     -> Cluster 56, loss : 2.19, accuracy 21.30%, model from round 24
                                                     ['0:32.30%', '1:0.20%', '2:0.00%', '3:81.90%', '4:0.00%', '5:7.00%', '6:27.30%', '7:0.00%', '8:21.80%', '9:42.50%']
                                                                                              <-> Client 0, global : from 21.30% to 10.00%, local : from 0.60% to 95.00%, training time : 8200msec
                                                     Cluster 56, round 1, loss : 4.59, accuracy 10.00% <-
                                                     Time past : 8200msec
                                                     ['0:0.00%', '1:0.00%', '2:0.00%', '3:0.00%', '4:0.00%', '5:0.00%', '6:0.00%', '7:100.00%', '8:0.00%', '9:0.00%']
                                          0msec<-
                                          ->0msec
                                                     -> Cluster 87, loss : 2.19, accuracy 21.30%, model from round 24
                                                     ['0:32.30%', '1:0.20%', '2:0.00%', '3:81.90%', '4:0.00%', '5:7.00%', '6:27.30%', '7:0.00%', '8:21.80%', '9:42.50%']
                                                                                              <-> Client 0, global : from 21.30% to 10.00%, local : from 7.62% to 95.19%, training time : 8200msec
                                                     Cluster 87, round 1, loss : 4.54, accuracy 10.00% <-
                                                     Time past : 8200msec
                                                     ['0:0.00%', '1:0.00%', '2:0.00%', '3:0.00%', '4:0.00%', '5:100.00%', '6:0.00%', '7:0.00%', '8:0.00%', '9:0.00%']
                                          0msec<-
                                          ->0msec
                                                     -> Cluster 81, loss : 2.19, accuracy 21.30%, model from round 24
                                                     ['0:32.30%', '1:0.20%', '2:0.00%', '3:81.90%', '4:0.00%', '5:7.00%', '6:27.30%', '7:0.00%', '8:21.80%', '9:42.50%']
                                                                                              <-> Client 0, global : from 21.30% to 10.00%, local : from 6.20% to 95.00%, training time : 8200msec
                                                     Cluster 81, round 1, loss : 4.29, accuracy 10.00% <-
                                                     Time past : 8200msec
                                                     ['0:0.00%', '1:0.00%', '2:0.00%', '3:0.00%', '4:0.00%', '5:100.00%', '6:0.00%', '7:0.00%', '8:0.00%', '9:0.00%']
                                          0msec<-
                                          ->0msec
                                                     -> Cluster 93, loss : 2.19, accuracy 21.30%, model from round 24
                                                     ['0:32.30%', '1:0.20%', '2:0.00%', '3:81.90%', '4:0.00%', '5:7.00%', '6:27.30%', '7:0.00%', '8:21.80%', '9:42.50%']
                                                                                              <-> Client 0, global : from 21.30% to 10.00%, local : from 25.85% to 95.19%, training time : 8200msec
                                                     Cluster 93, round 1, loss : 4.35, accuracy 10.00% <-
                                                     Time past : 8200msec
                                                     ['0:100.00%', '1:0.00%', '2:0.00%', '3:0.00%', '4:0.00%', '5:0.00%', '6:0.00%', '7:0.00%', '8:0.00%', '9:0.00%']
                                          0msec<-
Central server round 24, loss : 2.21, accuracy :16.85%
Time past: 196800msec
['0:3.50%', '1:0.00%', '2:0.00%', '3:0.00%', '4:0.00%', '5:75.90%', '6:8.80%', '7:0.10%', '8:79.30%', '9:0.90%']
                                          ->0msec
                                                     -> Cluster 6, loss : 2.21, accuracy 16.85%, model from round 25
                                                     ['0:3.50%', '1:0.00%', '2:0.00%', '3:0.00%', '4:0.00%', '5:75.90%', '6:8.80%', '7:0.10%', '8:79.30%', '9:0.90%']
                                                                                              <-> Client 0, global : from 16.85% to 10.00%, local : from 7.60% to 95.00%, training time : 8200msec
                                                     Cluster 6, round 1, loss : 4.29, accuracy 10.00% <-
                                                     Time past : 8200msec
                                                     ['0:0.00%', '1:0.00%', '2:0.00%', '3:0.00%', '4:0.00%', '5:0.00%', '6:100.00%', '7:0.00%', '8:0.00%', '9:0.00%']
                                          0msec<-
                                          ->0msec
                                                     -> Cluster 9, loss : 2.21, accuracy 16.85%, model from round 25
                                                     ['0:3.50%', '1:0.00%', '2:0.00%', '3:0.00%', '4:0.00%', '5:75.90%', '6:8.80%', '7:0.10%', '8:79.30%', '9:0.90%']
                                                                                              <-> Client 0, global : from 16.85% to 10.01%, local : from 9.80% to 95.00%, training time : 8200msec
                                                     Cluster 9, round 1, loss : 4.53, accuracy 10.01% <-
                                                     Time past : 8200msec
                                                     ['0:0.00%', '1:0.00%', '2:0.00%', '3:0.00%', '4:0.00%', '5:0.00%', '6:100.00%', '7:0.00%', '8:0.10%', '9:0.00%']
                                          0msec<-
                                          ->0msec
                                                     -> Cluster 97, loss : 2.21, accuracy 16.85%, model from round 25
                                                     ['0:3.50%', '1:0.00%', '2:0.00%', '3:0.00%', '4:0.00%', '5:75.90%', '6:8.80%', '7:0.10%', '8:79.30%', '9:0.90%']
                                                                                              <-> Client 0, global : from 16.85% to 10.02%, local : from 2.61% to 95.19%, training time : 8200msec
                                                     Cluster 97, round 1, loss : 4.34, accuracy 10.02% <-
                                                     Time past : 8200msec
                                                     ['0:100.00%', '1:0.00%', '2:0.00%', '3:0.00%', '4:0.20%', '5:0.00%', '6:0.00%', '7:0.00%', '8:0.00%', '9:0.00%']
                                          0msec<-
                                          ->0msec
                                                     -> Cluster 65, loss : 2.21, accuracy 16.85%, model from round 25
                                                     ['0:3.50%', '1:0.00%', '2:0.00%', '3:0.00%', '4:0.00%', '5:75.90%', '6:8.80%', '7:0.10%', '8:79.30%', '9:0.90%']
                                                                                              <-> Client 0, global : from 16.85% to 10.06%, local : from 73.20% to 95.20%, training time : 8200msec
                                                     Cluster 65, round 1, loss : 3.98, accuracy 10.06% <-
                                                     Time past : 8200msec
                                                     ['0:0.00%', '1:0.00%', '2:0.00%', '3:0.00%', '4:0.00%', '5:0.60%', '6:0.10%', '7:0.00%', '8:99.90%', '9:0.00%']
                                          0msec<-
                                          ->0msec
                                                     -> Cluster 82, loss : 2.21, accuracy 16.85%, model from round 25
                                                     ['0:3.50%', '1:0.00%', '2:0.00%', '3:0.00%', '4:0.00%', '5:75.90%', '6:8.80%', '7:0.10%', '8:79.30%', '9:0.90%']
                                                                                              <-> Client 0, global : from 16.85% to 10.17%, local : from 75.40% to 95.00%, training time : 8200msec
                                                     Cluster 82, round 1, loss : 4.12, accuracy 10.17% <-
                                                     Time past : 8200msec
                                                     ['0:0.00%', '1:0.00%', '2:0.00%', '3:0.00%', '4:0.00%', '5:100.00%', '6:0.00%', '7:0.00%', '8:1.70%', '9:0.00%']
                                          0msec<-
                                          ->0msec
                                                     -> Cluster 47, loss : 2.21, accuracy 16.85%, model from round 25
                                                     ['0:3.50%', '1:0.00%', '2:0.00%', '3:0.00%', '4:0.00%', '5:75.90%', '6:8.80%', '7:0.10%', '8:79.30%', '9:0.90%']
                                                                                              <-> Client 0, global : from 16.85% to 10.00%, local : from 1.00% to 95.00%, training time : 8200msec
                                                     Cluster 47, round 1, loss : 4.70, accuracy 10.00% <-
                                                     Time past : 8200msec
                                                     ['0:0.00%', '1:0.00%', '2:100.00%', '3:0.00%', '4:0.00%', '5:0.00%', '6:0.00%', '7:0.00%', '8:0.00%', '9:0.00%']
                                          0msec<-
                                          ->0msec
                                                     -> Cluster 20, loss : 2.21, accuracy 16.85%, model from round 25
                                                     ['0:3.50%', '1:0.00%', '2:0.00%', '3:0.00%', '4:0.00%', '5:75.90%', '6:8.80%', '7:0.10%', '8:79.30%', '9:0.90%']
                                                                                              <-> Client 0, global : from 16.85% to 10.00%, local : from 1.40% to 94.81%, training time : 8200msec
                                                     Cluster 20, round 1, loss : 4.59, accuracy 10.00% <-
                                                     Time past : 8200msec
                                                     ['0:0.00%', '1:0.00%', '2:0.00%', '3:0.00%', '4:100.00%', '5:0.00%', '6:0.00%', '7:0.00%', '8:0.00%', '9:0.00%']
                                          0msec<-
                                          ->0msec
                                                     -> Cluster 98, loss : 2.21, accuracy 16.85%, model from round 25
                                                     ['0:3.50%', '1:0.00%', '2:0.00%', '3:0.00%', '4:0.00%', '5:75.90%', '6:8.80%', '7:0.10%', '8:79.30%', '9:0.90%']
                                                                                              <-> Client 0, global : from 16.85% to 10.00%, local : from 2.81% to 95.19%, training time : 8200msec
                                                     Cluster 98, round 1, loss : 4.25, accuracy 10.00% <-
                                                     Time past : 8200msec
                                                     ['0:100.00%', '1:0.00%', '2:0.00%', '3:0.00%', '4:0.00%', '5:0.00%', '6:0.00%', '7:0.00%', '8:0.00%', '9:0.00%']
                                          0msec<-
                                          ->0msec
                                                     -> Cluster 26, loss : 2.21, accuracy 16.85%, model from round 25
                                                     ['0:3.50%', '1:0.00%', '2:0.00%', '3:0.00%', '4:0.00%', '5:75.90%', '6:8.80%', '7:0.10%', '8:79.30%', '9:0.90%']
                                                                                              <-> Client 0, global : from 16.85% to 10.00%, local : from 0.80% to 95.00%, training time : 8200msec
                                                     Cluster 26, round 1, loss : 4.46, accuracy 10.00% <-
                                                     Time past : 8200msec
                                                     ['0:0.00%', '1:0.00%', '2:0.00%', '3:0.00%', '4:100.00%', '5:0.00%', '6:0.00%', '7:0.00%', '8:0.00%', '9:0.00%']
                                          0msec<-
                                          ->0msec
                                                     -> Cluster 39, loss : 2.21, accuracy 16.85%, model from round 25
                                                     ['0:3.50%', '1:0.00%', '2:0.00%', '3:0.00%', '4:0.00%', '5:75.90%', '6:8.80%', '7:0.10%', '8:79.30%', '9:0.90%']
                                                                                              <-> Client 0, global : from 16.85% to 10.00%, local : from 1.20% to 95.00%, training time : 8200msec
                                                     Cluster 39, round 1, loss : 3.89, accuracy 10.00% <-
                                                     Time past : 8200msec
                                                     ['0:0.00%', '1:100.00%', '2:0.00%', '3:0.00%', '4:0.00%', '5:0.00%', '6:0.00%', '7:0.00%', '8:0.00%', '9:0.00%']
                                          0msec<-
Central server round 25, loss : 2.18, accuracy :18.50%
Time past: 205000msec
['0:88.70%', '1:0.20%', '2:0.00%', '3:0.00%', '4:37.60%', '5:3.30%', '6:51.40%', '7:0.00%', '8:3.50%', '9:0.30%']
                                          ->0msec
                                                     -> Cluster 32, loss : 2.18, accuracy 18.50%, model from round 26
                                                     ['0:88.70%', '1:0.20%', '2:0.00%', '3:0.00%', '4:37.60%', '5:3.30%', '6:51.40%', '7:0.00%', '8:3.50%', '9:0.30%']
                                                                                              <-> Client 0, global : from 18.50% to 10.00%, local : from 1.60% to 95.00%, training time : 8200msec
                                                     Cluster 32, round 1, loss : 4.13, accuracy 10.00% <-
                                                     Time past : 8200msec
                                                     ['0:0.00%', '1:100.00%', '2:0.00%', '3:0.00%', '4:0.00%', '5:0.00%', '6:0.00%', '7:0.00%', '8:0.00%', '9:0.00%']
                                          0msec<-
                                          ->0msec
                                                     -> Cluster 54, loss : 2.18, accuracy 18.50%, model from round 26
                                                     ['0:88.70%', '1:0.20%', '2:0.00%', '3:0.00%', '4:37.60%', '5:3.30%', '6:51.40%', '7:0.00%', '8:3.50%', '9:0.30%']
                                                                                              <-> Client 0, global : from 18.50% to 10.00%, local : from 1.80% to 95.00%, training time : 8200msec
                                                     Cluster 54, round 1, loss : 4.23, accuracy 10.00% <-
                                                     Time past : 8200msec
                                                     ['0:0.00%', '1:0.00%', '2:0.00%', '3:0.00%', '4:0.00%', '5:0.00%', '6:0.00%', '7:100.00%', '8:0.00%', '9:0.00%']
                                          0msec<-
                                          ->0msec
                                                     -> Cluster 27, loss : 2.18, accuracy 18.50%, model from round 26
                                                     ['0:88.70%', '1:0.20%', '2:0.00%', '3:0.00%', '4:37.60%', '5:3.30%', '6:51.40%', '7:0.00%', '8:3.50%', '9:0.30%']
                                                                                              <-> Client 0, global : from 18.50% to 10.00%, local : from 34.80% to 95.00%, training time : 8200msec
                                                     Cluster 27, round 1, loss : 4.03, accuracy 10.00% <-
                                                     Time past : 8200msec
                                                     ['0:0.00%', '1:0.00%', '2:0.00%', '3:0.00%', '4:100.00%', '5:0.00%', '6:0.00%', '7:0.00%', '8:0.00%', '9:0.00%']
                                          0msec<-
                                          ->0msec
                                                     -> Cluster 72, loss : 2.18, accuracy 18.50%, model from round 26
                                                     ['0:88.70%', '1:0.20%', '2:0.00%', '3:0.00%', '4:37.60%', '5:3.30%', '6:51.40%', '7:0.00%', '8:3.50%', '9:0.30%']
                                                                                              <-> Client 0, global : from 18.50% to 10.00%, local : from 0.80% to 95.00%, training time : 8200msec
                                                     Cluster 72, round 1, loss : 3.91, accuracy 10.00% <-
                                                     Time past : 8200msec
                                                     ['0:0.00%', '1:0.00%', '2:0.00%', '3:100.00%', '4:0.00%', '5:0.00%', '6:0.00%', '7:0.00%', '8:0.00%', '9:0.00%']
                                          0msec<-
                                          ->0msec
                                                     -> Cluster 92, loss : 2.18, accuracy 18.50%, model from round 26
                                                     ['0:88.70%', '1:0.20%', '2:0.00%', '3:0.00%', '4:37.60%', '5:3.30%', '6:51.40%', '7:0.00%', '8:3.50%', '9:0.30%']
                                                                                              <-> Client 0, global : from 18.50% to 10.00%, local : from 82.00% to 95.00%, training time : 8200msec
                                                     Cluster 92, round 1, loss : 4.70, accuracy 10.00% <-
                                                     Time past : 8200msec
                                                     ['0:100.00%', '1:0.00%', '2:0.00%', '3:0.00%', '4:0.00%', '5:0.00%', '6:0.00%', '7:0.00%', '8:0.00%', '9:0.00%']
                                          0msec<-
                                          ->0msec
                                                     -> Cluster 96, loss : 2.18, accuracy 18.50%, model from round 26
                                                     ['0:88.70%', '1:0.20%', '2:0.00%', '3:0.00%', '4:37.60%', '5:3.30%', '6:51.40%', '7:0.00%', '8:3.50%', '9:0.30%']
                                                                                              <-> Client 0, global : from 18.50% to 10.00%, local : from 79.36% to 95.19%, training time : 8200msec
                                                     Cluster 96, round 1, loss : 4.64, accuracy 10.00% <-
                                                     Time past : 8200msec
                                                     ['0:100.00%', '1:0.00%', '2:0.00%', '3:0.00%', '4:0.00%', '5:0.00%', '6:0.00%', '7:0.00%', '8:0.00%', '9:0.00%']
                                          0msec<-
                                          ->0msec
                                                     -> Cluster 6, loss : 2.18, accuracy 18.50%, model from round 26
                                                     ['0:88.70%', '1:0.20%', '2:0.00%', '3:0.00%', '4:37.60%', '5:3.30%', '6:51.40%', '7:0.00%', '8:3.50%', '9:0.30%']
                                                                                              <-> Client 0, global : from 18.50% to 10.00%, local : from 47.60% to 95.00%, training time : 8200msec
                                                     Cluster 6, round 1, loss : 4.27, accuracy 10.00% <-
                                                     Time past : 8200msec
                                                     ['0:0.00%', '1:0.00%', '2:0.00%', '3:0.00%', '4:0.00%', '5:0.00%', '6:100.00%', '7:0.00%', '8:0.00%', '9:0.00%']
                                          0msec<-
                                          ->0msec
                                                     -> Cluster 63, loss : 2.18, accuracy 18.50%, model from round 26
                                                     ['0:88.70%', '1:0.20%', '2:0.00%', '3:0.00%', '4:37.60%', '5:3.30%', '6:51.40%', '7:0.00%', '8:3.50%', '9:0.30%']
                                                                                              <-> Client 0, global : from 18.50% to 10.00%, local : from 4.20% to 95.00%, training time : 8200msec
                                                     Cluster 63, round 1, loss : 4.58, accuracy 10.00% <-
                                                     Time past : 8200msec
                                                     ['0:0.00%', '1:0.00%', '2:0.00%', '3:0.00%', '4:0.00%', '5:0.00%', '6:0.00%', '7:0.00%', '8:100.00%', '9:0.00%']
                                          0msec<-
                                          ->0msec
                                                     -> Cluster 87, loss : 2.18, accuracy 18.50%, model from round 26
                                                     ['0:88.70%', '1:0.20%', '2:0.00%', '3:0.00%', '4:37.60%', '5:3.30%', '6:51.40%', '7:0.00%', '8:3.50%', '9:0.30%']
                                                                                              <-> Client 0, global : from 18.50% to 10.00%, local : from 4.81% to 95.19%, training time : 8200msec
                                                     Cluster 87, round 1, loss : 4.78, accuracy 10.00% <-
                                                     Time past : 8200msec
                                                     ['0:0.00%', '1:0.00%', '2:0.00%', '3:0.00%', '4:0.00%', '5:100.00%', '6:0.00%', '7:0.00%', '8:0.00%', '9:0.00%']
                                          0msec<-
                                          ->0msec
                                                     -> Cluster 50, loss : 2.18, accuracy 18.50%, model from round 26
                                                     ['0:88.70%', '1:0.20%', '2:0.00%', '3:0.00%', '4:37.60%', '5:3.30%', '6:51.40%', '7:0.00%', '8:3.50%', '9:0.30%']
                                                                                              <-> Client 0, global : from 18.50% to 10.00%, local : from 1.00% to 94.81%, training time : 8200msec
                                                     Cluster 50, round 1, loss : 4.32, accuracy 10.00% <-
                                                     Time past : 8200msec
                                                     ['0:0.00%', '1:0.00%', '2:0.00%', '3:0.00%', '4:0.00%', '5:0.00%', '6:0.00%', '7:100.00%', '8:0.00%', '9:0.00%']
                                          0msec<-
Central server round 26, loss : 2.11, accuracy :21.33%
Time past: 213200msec
['0:83.90%', '1:5.80%', '2:0.00%', '3:0.10%', '4:7.60%', '5:19.20%', '6:39.80%', '7:49.90%', '8:4.20%', '9:2.80%']
                                          ->0msec
                                                     -> Cluster 99, loss : 2.11, accuracy 21.33%, model from round 27
                                                     ['0:83.90%', '1:5.80%', '2:0.00%', '3:0.10%', '4:7.60%', '5:19.20%', '6:39.80%', '7:49.90%', '8:4.20%', '9:2.80%']
                                                                                              <-> Client 0, global : from 21.33% to 10.00%, local : from 76.15% to 95.19%, training time : 8200msec
                                                     Cluster 99, round 1, loss : 3.89, accuracy 10.00% <-
                                                     Time past : 8200msec
                                                     ['0:100.00%', '1:0.00%', '2:0.00%', '3:0.00%', '4:0.00%', '5:0.00%', '6:0.00%', '7:0.00%', '8:0.00%', '9:0.00%']
                                          0msec<-
                                          ->0msec
                                                     -> Cluster 78, loss : 2.11, accuracy 21.33%, model from round 27
                                                     ['0:83.90%', '1:5.80%', '2:0.00%', '3:0.10%', '4:7.60%', '5:19.20%', '6:39.80%', '7:49.90%', '8:4.20%', '9:2.80%']
                                                                                              <-> Client 0, global : from 21.33% to 10.00%, local : from 0.80% to 95.00%, training time : 8200msec
                                                     Cluster 78, round 1, loss : 4.27, accuracy 10.00% <-
                                                     Time past : 8200msec
                                                     ['0:0.00%', '1:0.00%', '2:0.00%', '3:100.00%', '4:0.00%', '5:0.00%', '6:0.00%', '7:0.00%', '8:0.00%', '9:0.00%']
                                          0msec<-
                                          ->0msec
                                                     -> Cluster 84, loss : 2.11, accuracy 21.33%, model from round 27
                                                     ['0:83.90%', '1:5.80%', '2:0.00%', '3:0.10%', '4:7.60%', '5:19.20%', '6:39.80%', '7:49.90%', '8:4.20%', '9:2.80%']
                                                                                              <-> Client 0, global : from 21.33% to 10.00%, local : from 19.04% to 95.19%, training time : 8200msec
                                                     Cluster 84, round 1, loss : 3.78, accuracy 10.00% <-
                                                     Time past : 8200msec
                                                     ['0:0.00%', '1:0.00%', '2:0.00%', '3:0.00%', '4:0.00%', '5:100.00%', '6:0.00%', '7:0.00%', '8:0.00%', '9:0.00%']
                                          0msec<-
                                          ->0msec
                                                     -> Cluster 87, loss : 2.11, accuracy 21.33%, model from round 27
                                                     ['0:83.90%', '1:5.80%', '2:0.00%', '3:0.10%', '4:7.60%', '5:19.20%', '6:39.80%', '7:49.90%', '8:4.20%', '9:2.80%']
                                                                                              <-> Client 0, global : from 21.33% to 10.01%, local : from 17.23% to 95.19%, training time : 8200msec
                                                     Cluster 87, round 1, loss : 4.04, accuracy 10.01% <-
                                                     Time past : 8200msec
                                                     ['0:0.00%', '1:0.00%', '2:0.00%', '3:0.00%', '4:0.00%', '5:100.00%', '6:0.00%', '7:0.00%', '8:0.10%', '9:0.00%']
                                          0msec<-
                                          ->0msec
                                                     -> Cluster 89, loss : 2.11, accuracy 21.33%, model from round 27
                                                     ['0:83.90%', '1:5.80%', '2:0.00%', '3:0.10%', '4:7.60%', '5:19.20%', '6:39.80%', '7:49.90%', '8:4.20%', '9:2.80%']
                                                                                              <-> Client 0, global : from 21.33% to 10.00%, local : from 19.44% to 95.19%, training time : 8200msec
                                                     Cluster 89, round 1, loss : 4.19, accuracy 10.00% <-
                                                     Time past : 8200msec
                                                     ['0:0.00%', '1:0.00%', '2:0.00%', '3:0.00%', '4:0.00%', '5:100.00%', '6:0.00%', '7:0.00%', '8:0.00%', '9:0.00%']
                                          0msec<-
                                          ->0msec
                                                     -> Cluster 10, loss : 2.11, accuracy 21.33%, model from round 27
                                                     ['0:83.90%', '1:5.80%', '2:0.00%', '3:0.10%', '4:7.60%', '5:19.20%', '6:39.80%', '7:49.90%', '8:4.20%', '9:2.80%']
                                                                                              <-> Client 0, global : from 21.33% to 10.00%, local : from 5.39% to 94.81%, training time : 8200msec
                                                     Cluster 10, round 1, loss : 4.35, accuracy 10.00% <-
                                                     Time past : 8200msec
                                                     ['0:0.00%', '1:0.00%', '2:0.00%', '3:0.00%', '4:0.00%', '5:0.00%', '6:0.00%', '7:0.00%', '8:0.00%', '9:100.00%']
                                          0msec<-
                                          ->0msec
                                                     -> Cluster 56, loss : 2.11, accuracy 21.33%, model from round 27
                                                     ['0:83.90%', '1:5.80%', '2:0.00%', '3:0.10%', '4:7.60%', '5:19.20%', '6:39.80%', '7:49.90%', '8:4.20%', '9:2.80%']
                                                                                              <-> Client 0, global : from 21.33% to 10.00%, local : from 45.20% to 95.00%, training time : 8200msec
                                                     Cluster 56, round 1, loss : 4.27, accuracy 10.00% <-
                                                     Time past : 8200msec
                                                     ['0:0.00%', '1:0.00%', '2:0.00%', '3:0.00%', '4:0.00%', '5:0.00%', '6:0.00%', '7:100.00%', '8:0.00%', '9:0.00%']
                                          0msec<-
                                          ->0msec
                                                     -> Cluster 30, loss : 2.11, accuracy 21.33%, model from round 27
                                                     ['0:83.90%', '1:5.80%', '2:0.00%', '3:0.10%', '4:7.60%', '5:19.20%', '6:39.80%', '7:49.90%', '8:4.20%', '9:2.80%']
                                                                                              <-> Client 0, global : from 21.33% to 10.00%, local : from 5.79% to 94.81%, training time : 8200msec
                                                     Cluster 30, round 1, loss : 4.83, accuracy 10.00% <-
                                                     Time past : 8200msec
                                                     ['0:0.00%', '1:100.00%', '2:0.00%', '3:0.00%', '4:0.00%', '5:0.00%', '6:0.00%', '7:0.00%', '8:0.00%', '9:0.00%']
                                          0msec<-
                                          ->0msec
                                                     -> Cluster 48, loss : 2.11, accuracy 21.33%, model from round 27
                                                     ['0:83.90%', '1:5.80%', '2:0.00%', '3:0.10%', '4:7.60%', '5:19.20%', '6:39.80%', '7:49.90%', '8:4.20%', '9:2.80%']
                                                                                              <-> Client 0, global : from 21.33% to 10.00%, local : from 0.80% to 95.00%, training time : 8200msec
                                                     Cluster 48, round 1, loss : 4.10, accuracy 10.00% <-
                                                     Time past : 8200msec
                                                     ['0:0.00%', '1:0.00%', '2:100.00%', '3:0.00%', '4:0.00%', '5:0.00%', '6:0.00%', '7:0.00%', '8:0.00%', '9:0.00%']
                                          0msec<-
                                          ->0msec
                                                     -> Cluster 55, loss : 2.11, accuracy 21.33%, model from round 27
                                                     ['0:83.90%', '1:5.80%', '2:0.00%', '3:0.10%', '4:7.60%', '5:19.20%', '6:39.80%', '7:49.90%', '8:4.20%', '9:2.80%']
                                                                                              <-> Client 0, global : from 21.33% to 10.00%, local : from 49.40% to 95.00%, training time : 8200msec
                                                     Cluster 55, round 1, loss : 4.60, accuracy 10.00% <-
                                                     Time past : 8200msec
                                                     ['0:0.00%', '1:0.00%', '2:0.00%', '3:0.00%', '4:0.00%', '5:0.00%', '6:0.00%', '7:100.00%', '8:0.00%', '9:0.00%']
                                          0msec<-
Central server round 27, loss : 2.19, accuracy :20.33%
Time past: 221400msec
['0:39.30%', '1:1.30%', '2:0.00%', '3:0.00%', '4:0.00%', '5:80.00%', '6:0.00%', '7:24.10%', '8:1.90%', '9:56.70%']
                                          ->0msec
                                                     -> Cluster 15, loss : 2.19, accuracy 20.33%, model from round 28
                                                     ['0:39.30%', '1:1.30%', '2:0.00%', '3:0.00%', '4:0.00%', '5:80.00%', '6:0.00%', '7:24.10%', '8:1.90%', '9:56.70%']
                                                                                              <-> Client 0, global : from 20.33% to 10.04%, local : from 58.40% to 95.00%, training time : 8200msec
                                                     Cluster 15, round 1, loss : 3.95, accuracy 10.04% <-
                                                     Time past : 8200msec
                                                     ['0:0.00%', '1:0.00%', '2:0.00%', '3:0.00%', '4:0.00%', '5:0.40%', '6:0.00%', '7:0.00%', '8:0.00%', '9:100.00%']
                                          0msec<-
                                          ->0msec
                                                     -> Cluster 84, loss : 2.19, accuracy 20.33%, model from round 28
                                                     ['0:39.30%', '1:1.30%', '2:0.00%', '3:0.00%', '4:0.00%', '5:80.00%', '6:0.00%', '7:24.10%', '8:1.90%', '9:56.70%']
                                                                                              <-> Client 0, global : from 20.33% to 10.00%, local : from 79.96% to 95.19%, training time : 8200msec
                                                     Cluster 84, round 1, loss : 4.72, accuracy 10.00% <-
                                                     Time past : 8200msec
                                                     ['0:0.00%', '1:0.00%', '2:0.00%', '3:0.00%', '4:0.00%', '5:100.00%', '6:0.00%', '7:0.00%', '8:0.00%', '9:0.00%']
                                          0msec<-
                                          ->0msec
                                                     -> Cluster 37, loss : 2.19, accuracy 20.33%, model from round 28
                                                     ['0:39.30%', '1:1.30%', '2:0.00%', '3:0.00%', '4:0.00%', '5:80.00%', '6:0.00%', '7:24.10%', '8:1.90%', '9:56.70%']
                                                                                              <-> Client 0, global : from 20.33% to 10.00%, local : from 2.00% to 95.00%, training time : 8200msec
                                                     Cluster 37, round 1, loss : 4.38, accuracy 10.00% <-
                                                     Time past : 8200msec
                                                     ['0:0.00%', '1:100.00%', '2:0.00%', '3:0.00%', '4:0.00%', '5:0.00%', '6:0.00%', '7:0.00%', '8:0.00%', '9:0.00%']
                                          0msec<-
                                          ->0msec
                                                     -> Cluster 35, loss : 2.19, accuracy 20.33%, model from round 28
                                                     ['0:39.30%', '1:1.30%', '2:0.00%', '3:0.00%', '4:0.00%', '5:80.00%', '6:0.00%', '7:24.10%', '8:1.90%', '9:56.70%']
                                                                                              <-> Client 0, global : from 20.33% to 10.00%, local : from 4.20% to 95.00%, training time : 8200msec
                                                     Cluster 35, round 1, loss : 4.63, accuracy 10.00% <-
                                                     Time past : 8200msec
                                                     ['0:0.00%', '1:100.00%', '2:0.00%', '3:0.00%', '4:0.00%', '5:0.00%', '6:0.00%', '7:0.00%', '8:0.00%', '9:0.00%']
                                          0msec<-
                                          ->0msec
                                                     -> Cluster 31, loss : 2.19, accuracy 20.33%, model from round 28
                                                     ['0:39.30%', '1:1.30%', '2:0.00%', '3:0.00%', '4:0.00%', '5:80.00%', '6:0.00%', '7:24.10%', '8:1.90%', '9:56.70%']
                                                                                              <-> Client 0, global : from 20.33% to 10.00%, local : from 2.40% to 94.81%, training time : 8200msec
                                                     Cluster 31, round 1, loss : 4.13, accuracy 10.00% <-
                                                     Time past : 8200msec
                                                     ['0:0.00%', '1:100.00%', '2:0.00%', '3:0.00%', '4:0.00%', '5:0.00%', '6:0.00%', '7:0.00%', '8:0.00%', '9:0.00%']
                                          0msec<-
                                          ->0msec
                                                     -> Cluster 48, loss : 2.19, accuracy 20.33%, model from round 28
                                                     ['0:39.30%', '1:1.30%', '2:0.00%', '3:0.00%', '4:0.00%', '5:80.00%', '6:0.00%', '7:24.10%', '8:1.90%', '9:56.70%']
                                                                                              <-> Client 0, global : from 20.33% to 10.00%, local : from 1.20% to 95.00%, training time : 8200msec
                                                     Cluster 48, round 1, loss : 5.26, accuracy 10.00% <-
                                                     Time past : 8200msec
                                                     ['0:0.00%', '1:0.00%', '2:100.00%', '3:0.00%', '4:0.00%', '5:0.00%', '6:0.00%', '7:0.00%', '8:0.00%', '9:0.00%']
                                          0msec<-
                                          ->0msec
                                                     -> Cluster 95, loss : 2.19, accuracy 20.33%, model from round 28
                                                     ['0:39.30%', '1:1.30%', '2:0.00%', '3:0.00%', '4:0.00%', '5:80.00%', '6:0.00%', '7:24.10%', '8:1.90%', '9:56.70%']
                                                                                              <-> Client 0, global : from 20.33% to 10.00%, local : from 37.88% to 95.19%, training time : 8200msec
                                                     Cluster 95, round 1, loss : 4.02, accuracy 10.00% <-
                                                     Time past : 8200msec
                                                     ['0:100.00%', '1:0.00%', '2:0.00%', '3:0.00%', '4:0.00%', '5:0.00%', '6:0.00%', '7:0.00%', '8:0.00%', '9:0.00%']
                                          0msec<-
                                          ->0msec
                                                     -> Cluster 71, loss : 2.19, accuracy 20.33%, model from round 28
                                                     ['0:39.30%', '1:1.30%', '2:0.00%', '3:0.00%', '4:0.00%', '5:80.00%', '6:0.00%', '7:24.10%', '8:1.90%', '9:56.70%']
                                                                                              <-> Client 0, global : from 20.33% to 10.00%, local : from 1.00% to 95.00%, training time : 8200msec
                                                     Cluster 71, round 1, loss : 4.42, accuracy 10.00% <-
                                                     Time past : 8200msec
                                                     ['0:0.00%', '1:0.00%', '2:0.00%', '3:100.00%', '4:0.00%', '5:0.00%', '6:0.00%', '7:0.00%', '8:0.00%', '9:0.00%']
                                          0msec<-
                                          ->0msec
                                                     -> Cluster 0, loss : 2.19, accuracy 20.33%, model from round 28
                                                     ['0:39.30%', '1:1.30%', '2:0.00%', '3:0.00%', '4:0.00%', '5:80.00%', '6:0.00%', '7:24.10%', '8:1.90%', '9:56.70%']
                                                                                              <-> Client 0, global : from 20.33% to 10.01%, local : from 1.20% to 94.81%, training time : 8200msec
                                                     Cluster 0, round 1, loss : 4.10, accuracy 10.01% <-
                                                     Time past : 8200msec
                                                     ['0:0.00%', '1:0.00%', '2:0.00%', '3:0.00%', '4:0.00%', '5:0.00%', '6:100.00%', '7:0.00%', '8:0.10%', '9:0.00%']
                                          0msec<-
                                          ->0msec
                                                     -> Cluster 24, loss : 2.19, accuracy 20.33%, model from round 28
                                                     ['0:39.30%', '1:1.30%', '2:0.00%', '3:0.00%', '4:0.00%', '5:80.00%', '6:0.00%', '7:24.10%', '8:1.90%', '9:56.70%']
                                                                                              <-> Client 0, global : from 20.33% to 10.00%, local : from 1.40% to 95.00%, training time : 8200msec
                                                     Cluster 24, round 1, loss : 5.03, accuracy 10.00% <-
                                                     Time past : 8200msec
                                                     ['0:0.00%', '1:0.00%', '2:0.00%', '3:0.00%', '4:100.00%', '5:0.00%', '6:0.00%', '7:0.00%', '8:0.00%', '9:0.00%']
                                          0msec<-
Central server round 28, loss : 2.14, accuracy :15.77%
Time past: 229600msec
['0:31.60%', '1:94.50%', '2:0.00%', '3:1.40%', '4:1.00%', '5:15.00%', '6:6.50%', '7:0.00%', '8:1.70%', '9:6.00%']
                                          ->0msec
                                                     -> Cluster 34, loss : 2.14, accuracy 15.77%, model from round 29
                                                     ['0:31.60%', '1:94.50%', '2:0.00%', '3:1.40%', '4:1.00%', '5:15.00%', '6:6.50%', '7:0.00%', '8:1.70%', '9:6.00%']
                                                                                              <-> Client 0, global : from 15.77% to 10.00%, local : from 90.00% to 95.00%, training time : 8200msec
                                                     Cluster 34, round 1, loss : 4.42, accuracy 10.00% <-
                                                     Time past : 8200msec
                                                     ['0:0.00%', '1:100.00%', '2:0.00%', '3:0.00%', '4:0.00%', '5:0.00%', '6:0.00%', '7:0.00%', '8:0.00%', '9:0.00%']
                                          0msec<-
                                          ->0msec
                                                     -> Cluster 39, loss : 2.14, accuracy 15.77%, model from round 29
                                                     ['0:31.60%', '1:94.50%', '2:0.00%', '3:1.40%', '4:1.00%', '5:15.00%', '6:6.50%', '7:0.00%', '8:1.70%', '9:6.00%']
                                                                                              <-> Client 0, global : from 15.77% to 10.00%, local : from 90.20% to 95.00%, training time : 8200msec
                                                     Cluster 39, round 1, loss : 4.74, accuracy 10.00% <-
                                                     Time past : 8200msec
                                                     ['0:0.00%', '1:100.00%', '2:0.00%', '3:0.00%', '4:0.00%', '5:0.00%', '6:0.00%', '7:0.00%', '8:0.00%', '9:0.00%']
                                          0msec<-
                                          ->0msec
                                                     -> Cluster 74, loss : 2.14, accuracy 15.77%, model from round 29
                                                     ['0:31.60%', '1:94.50%', '2:0.00%', '3:1.40%', '4:1.00%', '5:15.00%', '6:6.50%', '7:0.00%', '8:1.70%', '9:6.00%']
                                                                                              <-> Client 0, global : from 15.77% to 10.00%, local : from 1.80% to 95.00%, training time : 8200msec
                                                     Cluster 74, round 1, loss : 4.56, accuracy 10.00% <-
                                                     Time past : 8200msec
                                                     ['0:0.00%', '1:0.00%', '2:0.00%', '3:100.00%', '4:0.00%', '5:0.00%', '6:0.00%', '7:0.00%', '8:0.00%', '9:0.00%']
                                          0msec<-
                                          ->0msec
                                                     -> Cluster 96, loss : 2.14, accuracy 15.77%, model from round 29
                                                     ['0:31.60%', '1:94.50%', '2:0.00%', '3:1.40%', '4:1.00%', '5:15.00%', '6:6.50%', '7:0.00%', '8:1.70%', '9:6.00%']
                                                                                              <-> Client 0, global : from 15.77% to 10.00%, local : from 26.45% to 95.19%, training time : 8200msec
                                                     Cluster 96, round 1, loss : 4.36, accuracy 10.00% <-
                                                     Time past : 8200msec
                                                     ['0:100.00%', '1:0.00%', '2:0.00%', '3:0.00%', '4:0.00%', '5:0.00%', '6:0.00%', '7:0.00%', '8:0.00%', '9:0.00%']
                                          0msec<-
                                          ->0msec
                                                     -> Cluster 32, loss : 2.14, accuracy 15.77%, model from round 29
                                                     ['0:31.60%', '1:94.50%', '2:0.00%', '3:1.40%', '4:1.00%', '5:15.00%', '6:6.50%', '7:0.00%', '8:1.70%', '9:6.00%']
                                                                                              <-> Client 0, global : from 15.77% to 10.00%, local : from 88.20% to 95.00%, training time : 8200msec
                                                     Cluster 32, round 1, loss : 4.59, accuracy 10.00% <-
                                                     Time past : 8200msec
                                                     ['0:0.00%', '1:100.00%', '2:0.00%', '3:0.00%', '4:0.00%', '5:0.00%', '6:0.00%', '7:0.00%', '8:0.00%', '9:0.00%']
                                          0msec<-
                                          ->0msec
                                                     -> Cluster 87, loss : 2.14, accuracy 15.77%, model from round 29
                                                     ['0:31.60%', '1:94.50%', '2:0.00%', '3:1.40%', '4:1.00%', '5:15.00%', '6:6.50%', '7:0.00%', '8:1.70%', '9:6.00%']
                                                                                              <-> Client 0, global : from 15.77% to 10.00%, local : from 15.63% to 95.19%, training time : 8200msec
                                                     Cluster 87, round 1, loss : 4.07, accuracy 10.00% <-
                                                     Time past : 8200msec
                                                     ['0:0.00%', '1:0.00%', '2:0.00%', '3:0.00%', '4:0.00%', '5:100.00%', '6:0.00%', '7:0.00%', '8:0.00%', '9:0.00%']
                                          0msec<-
                                          ->0msec
                                                     -> Cluster 57, loss : 2.14, accuracy 15.77%, model from round 29
                                                     ['0:31.60%', '1:94.50%', '2:0.00%', '3:1.40%', '4:1.00%', '5:15.00%', '6:6.50%', '7:0.00%', '8:1.70%', '9:6.00%']
                                                                                              <-> Client 0, global : from 15.77% to 10.00%, local : from 1.00% to 95.00%, training time : 8200msec
                                                     Cluster 57, round 1, loss : 3.84, accuracy 10.00% <-
                                                     Time past : 8200msec
                                                     ['0:0.00%', '1:0.00%', '2:0.00%', '3:0.00%', '4:0.00%', '5:0.00%', '6:0.00%', '7:100.00%', '8:0.00%', '9:0.00%']
                                          0msec<-
                                          ->0msec
                                                     -> Cluster 21, loss : 2.14, accuracy 15.77%, model from round 29
                                                     ['0:31.60%', '1:94.50%', '2:0.00%', '3:1.40%', '4:1.00%', '5:15.00%', '6:6.50%', '7:0.00%', '8:1.70%', '9:6.00%']
                                                                                              <-> Client 0, global : from 15.77% to 10.00%, local : from 2.59% to 94.81%, training time : 8200msec
                                                     Cluster 21, round 1, loss : 4.77, accuracy 10.00% <-
                                                     Time past : 8200msec
                                                     ['0:0.00%', '1:0.00%', '2:0.00%', '3:0.00%', '4:100.00%', '5:0.00%', '6:0.00%', '7:0.00%', '8:0.00%', '9:0.00%']
                                          0msec<-
                                          ->0msec
                                                     -> Cluster 69, loss : 2.14, accuracy 15.77%, model from round 29
                                                     ['0:31.60%', '1:94.50%', '2:0.00%', '3:1.40%', '4:1.00%', '5:15.00%', '6:6.50%', '7:0.00%', '8:1.70%', '9:6.00%']
                                                                                              <-> Client 0, global : from 15.77% to 10.71%, local : from 2.00% to 95.20%, training time : 8200msec
                                                     Cluster 69, round 1, loss : 4.10, accuracy 10.71% <-
                                                     Time past : 8200msec
                                                     ['0:0.00%', '1:0.00%', '2:0.00%', '3:0.00%', '4:0.20%', '5:0.00%', '6:6.90%', '7:0.00%', '8:100.00%', '9:0.00%']
                                          0msec<-
                                          ->0msec
                                                     -> Cluster 45, loss : 2.14, accuracy 15.77%, model from round 29
                                                     ['0:31.60%', '1:94.50%', '2:0.00%', '3:1.40%', '4:1.00%', '5:15.00%', '6:6.50%', '7:0.00%', '8:1.70%', '9:6.00%']
                                                                                              <-> Client 0, global : from 15.77% to 10.00%, local : from 1.60% to 95.00%, training time : 8200msec
                                                     Cluster 45, round 1, loss : 4.51, accuracy 10.00% <-
                                                     Time past : 8200msec
                                                     ['0:0.00%', '1:0.00%', '2:100.00%', '3:0.00%', '4:0.00%', '5:0.00%', '6:0.00%', '7:0.00%', '8:0.00%', '9:0.00%']
                                          0msec<-
Central server round 29, loss : 2.11, accuracy :20.21%
Time past: 237800msec
['0:57.00%', '1:82.20%', '2:0.80%', '3:0.00%', '4:21.50%', '5:18.60%', '6:0.00%', '7:5.30%', '8:16.70%', '9:0.00%']
                                          ->0msec
                                                     -> Cluster 72, loss : 2.11, accuracy 20.21%, model from round 30
                                                     ['0:57.00%', '1:82.20%', '2:0.80%', '3:0.00%', '4:21.50%', '5:18.60%', '6:0.00%', '7:5.30%', '8:16.70%', '9:0.00%']
                                                                                              <-> Client 0, global : from 20.21% to 10.00%, local : from 0.60% to 95.00%, training time : 8200msec
                                                     Cluster 72, round 1, loss : 4.38, accuracy 10.00% <-
                                                     Time past : 8200msec
                                                     ['0:0.00%', '1:0.00%', '2:0.00%', '3:100.00%', '4:0.00%', '5:0.00%', '6:0.00%', '7:0.00%', '8:0.00%', '9:0.00%']
                                          0msec<-
                                          ->0msec
                                                     -> Cluster 95, loss : 2.11, accuracy 20.21%, model from round 30
                                                     ['0:57.00%', '1:82.20%', '2:0.80%', '3:0.00%', '4:21.50%', '5:18.60%', '6:0.00%', '7:5.30%', '8:16.70%', '9:0.00%']
                                                                                              <-> Client 0, global : from 20.21% to 10.00%, local : from 54.71% to 95.19%, training time : 8200msec
                                                     Cluster 95, round 1, loss : 4.50, accuracy 10.00% <-
                                                     Time past : 8200msec
                                                     ['0:100.00%', '1:0.00%', '2:0.00%', '3:0.00%', '4:0.00%', '5:0.00%', '6:0.00%', '7:0.00%', '8:0.00%', '9:0.00%']
                                          0msec<-
                                          ->0msec
                                                     -> Cluster 1, loss : 2.11, accuracy 20.21%, model from round 30
                                                     ['0:57.00%', '1:82.20%', '2:0.80%', '3:0.00%', '4:21.50%', '5:18.60%', '6:0.00%', '7:5.30%', '8:16.70%', '9:0.00%']
                                                                                              <-> Client 0, global : from 20.21% to 10.52%, local : from 1.20% to 95.01%, training time : 8200msec
                                                     Cluster 1, round 1, loss : 4.02, accuracy 10.52% <-
                                                     Time past : 8200msec
                                                     ['0:0.00%', '1:0.00%', '2:0.00%', '3:0.00%', '4:0.00%', '5:0.00%', '6:100.00%', '7:0.00%', '8:5.20%', '9:0.00%']
                                          0msec<-
                                          ->0msec
                                                     -> Cluster 69, loss : 2.11, accuracy 20.21%, model from round 30
                                                     ['0:57.00%', '1:82.20%', '2:0.80%', '3:0.00%', '4:21.50%', '5:18.60%', '6:0.00%', '7:5.30%', '8:16.70%', '9:0.00%']
                                                                                              <-> Client 0, global : from 20.21% to 10.73%, local : from 12.80% to 95.20%, training time : 8200msec
                                                     Cluster 69, round 1, loss : 4.07, accuracy 10.73% <-
                                                     Time past : 8200msec
                                                     ['0:0.00%', '1:0.00%', '2:0.00%', '3:0.00%', '4:0.20%', '5:0.00%', '6:7.10%', '7:0.00%', '8:100.00%', '9:0.00%']
                                          0msec<-
                                          ->0msec
                                                     -> Cluster 37, loss : 2.11, accuracy 20.21%, model from round 30
                                                     ['0:57.00%', '1:82.20%', '2:0.80%', '3:0.00%', '4:21.50%', '5:18.60%', '6:0.00%', '7:5.30%', '8:16.70%', '9:0.00%']
                                                                                              <-> Client 0, global : from 20.21% to 10.00%, local : from 77.00% to 95.00%, training time : 8200msec
                                                     Cluster 37, round 1, loss : 4.30, accuracy 10.00% <-
                                                     Time past : 8200msec
                                                     ['0:0.00%', '1:100.00%', '2:0.00%', '3:0.00%', '4:0.00%', '5:0.00%', '6:0.00%', '7:0.00%', '8:0.00%', '9:0.00%']
                                          0msec<-
                                          ->0msec
                                                     -> Cluster 86, loss : 2.11, accuracy 20.21%, model from round 30
                                                     ['0:57.00%', '1:82.20%', '2:0.80%', '3:0.00%', '4:21.50%', '5:18.60%', '6:0.00%', '7:5.30%', '8:16.70%', '9:0.00%']
                                                                                              <-> Client 0, global : from 20.21% to 10.13%, local : from 15.23% to 95.19%, training time : 8200msec
                                                     Cluster 86, round 1, loss : 4.11, accuracy 10.13% <-
                                                     Time past : 8200msec
                                                     ['0:0.00%', '1:0.00%', '2:0.00%', '3:0.00%', '4:0.00%', '5:100.00%', '6:0.00%', '7:0.00%', '8:1.20%', '9:0.10%']
                                          0msec<-
                                          ->0msec
                                                     -> Cluster 97, loss : 2.11, accuracy 20.21%, model from round 30
                                                     ['0:57.00%', '1:82.20%', '2:0.80%', '3:0.00%', '4:21.50%', '5:18.60%', '6:0.00%', '7:5.30%', '8:16.70%', '9:0.00%']
                                                                                              <-> Client 0, global : from 20.21% to 10.03%, local : from 53.51% to 95.19%, training time : 8200msec
                                                     Cluster 97, round 1, loss : 4.05, accuracy 10.03% <-
                                                     Time past : 8200msec
                                                     ['0:100.00%', '1:0.00%', '2:0.00%', '3:0.00%', '4:0.30%', '5:0.00%', '6:0.00%', '7:0.00%', '8:0.00%', '9:0.00%']
                                          0msec<-
                                          ->0msec
                                                     -> Cluster 92, loss : 2.11, accuracy 20.21%, model from round 30
                                                     ['0:57.00%', '1:82.20%', '2:0.80%', '3:0.00%', '4:21.50%', '5:18.60%', '6:0.00%', '7:5.30%', '8:16.70%', '9:0.00%']
                                                                                              <-> Client 0, global : from 20.21% to 10.00%, local : from 48.60% to 95.00%, training time : 8200msec
                                                     Cluster 92, round 1, loss : 4.32, accuracy 10.00% <-
                                                     Time past : 8200msec
                                                     ['0:100.00%', '1:0.00%', '2:0.00%', '3:0.00%', '4:0.00%', '5:0.00%', '6:0.00%', '7:0.00%', '8:0.00%', '9:0.00%']
                                          0msec<-
                                          ->0msec
                                                     -> Cluster 83, loss : 2.11, accuracy 20.21%, model from round 30
                                                     ['0:57.00%', '1:82.20%', '2:0.80%', '3:0.00%', '4:21.50%', '5:18.60%', '6:0.00%', '7:5.30%', '8:16.70%', '9:0.00%']
                                                                                              <-> Client 0, global : from 20.21% to 10.00%, local : from 17.23% to 95.19%, training time : 8200msec
                                                     Cluster 83, round 1, loss : 4.66, accuracy 10.00% <-
                                                     Time past : 8200msec
                                                     ['0:0.00%', '1:0.00%', '2:0.00%', '3:0.00%', '4:0.00%', '5:100.00%', '6:0.00%', '7:0.00%', '8:0.00%', '9:0.00%']
                                          0msec<-
                                          ->0msec
                                                     -> Cluster 17, loss : 2.11, accuracy 20.21%, model from round 30
                                                     ['0:57.00%', '1:82.20%', '2:0.80%', '3:0.00%', '4:21.50%', '5:18.60%', '6:0.00%', '7:5.30%', '8:16.70%', '9:0.00%']
                                                                                              <-> Client 0, global : from 20.21% to 10.03%, local : from 1.40% to 95.00%, training time : 8200msec
                                                     Cluster 17, round 1, loss : 4.23, accuracy 10.03% <-
                                                     Time past : 8200msec
                                                     ['0:0.00%', '1:0.00%', '2:0.00%', '3:0.30%', '4:0.00%', '5:0.00%', '6:0.00%', '7:0.00%', '8:0.00%', '9:100.00%']
                                          0msec<-
Central server round 30, loss : 2.18, accuracy :17.54%
Time past: 246000msec
['0:92.80%', '1:2.70%', '2:0.00%', '3:0.30%', '4:0.00%', '5:32.00%', '6:36.40%', '7:0.00%', '8:2.10%', '9:9.10%']
                                          ->0msec
                                                     -> Cluster 44, loss : 2.18, accuracy 17.54%, model from round 31
                                                     ['0:92.80%', '1:2.70%', '2:0.00%', '3:0.30%', '4:0.00%', '5:32.00%', '6:36.40%', '7:0.00%', '8:2.10%', '9:9.10%']
                                                                                              <-> Client 0, global : from 17.54% to 10.00%, local : from 0.20% to 95.00%, training time : 8200msec
                                                     Cluster 44, round 1, loss : 4.52, accuracy 10.00% <-
                                                     Time past : 8200msec
                                                     ['0:0.00%', '1:0.00%', '2:100.00%', '3:0.00%', '4:0.00%', '5:0.00%', '6:0.00%', '7:0.00%', '8:0.00%', '9:0.00%']
                                          0msec<-
                                          ->0msec
                                                     -> Cluster 39, loss : 2.18, accuracy 17.54%, model from round 31
                                                     ['0:92.80%', '1:2.70%', '2:0.00%', '3:0.30%', '4:0.00%', '5:32.00%', '6:36.40%', '7:0.00%', '8:2.10%', '9:9.10%']
                                                                                              <-> Client 0, global : from 17.54% to 10.00%, local : from 3.80% to 95.00%, training time : 8200msec
                                                     Cluster 39, round 1, loss : 4.42, accuracy 10.00% <-
                                                     Time past : 8200msec
                                                     ['0:0.00%', '1:100.00%', '2:0.00%', '3:0.00%', '4:0.00%', '5:0.00%', '6:0.00%', '7:0.00%', '8:0.00%', '9:0.00%']
                                          0msec<-
                                          ->0msec
                                                     -> Cluster 69, loss : 2.18, accuracy 17.54%, model from round 31
                                                     ['0:92.80%', '1:2.70%', '2:0.00%', '3:0.30%', '4:0.00%', '5:32.00%', '6:36.40%', '7:0.00%', '8:2.10%', '9:9.10%']
                                                                                              <-> Client 0, global : from 17.54% to 13.04%, local : from 2.80% to 95.60%, training time : 8200msec
                                                     Cluster 69, round 1, loss : 3.36, accuracy 13.04% <-
                                                     Time past : 8200msec
                                                     ['0:0.00%', '1:0.00%', '2:0.00%', '3:0.00%', '4:0.40%', '5:0.00%', '6:30.20%', '7:0.00%', '8:99.80%', '9:0.00%']
                                          0msec<-
                                          ->0msec
                                                     -> Cluster 51, loss : 2.18, accuracy 17.54%, model from round 31
                                                     ['0:92.80%', '1:2.70%', '2:0.00%', '3:0.30%', '4:0.00%', '5:32.00%', '6:36.40%', '7:0.00%', '8:2.10%', '9:9.10%']
                                                                                              <-> Client 0, global : from 17.54% to 10.00%, local : from 0.80% to 94.81%, training time : 8200msec
                                                     Cluster 51, round 1, loss : 4.54, accuracy 10.00% <-
                                                     Time past : 8200msec
                                                     ['0:0.00%', '1:0.00%', '2:0.00%', '3:0.00%', '4:0.00%', '5:0.00%', '6:0.00%', '7:100.00%', '8:0.00%', '9:0.00%']
                                          0msec<-
                                          ->0msec
                                                     -> Cluster 43, loss : 2.18, accuracy 17.54%, model from round 31
                                                     ['0:92.80%', '1:2.70%', '2:0.00%', '3:0.30%', '4:0.00%', '5:32.00%', '6:36.40%', '7:0.00%', '8:2.10%', '9:9.10%']
                                                                                              <-> Client 0, global : from 17.54% to 10.00%, local : from 0.80% to 95.00%, training time : 8200msec
                                                     Cluster 43, round 1, loss : 4.33, accuracy 10.00% <-
                                                     Time past : 8200msec
                                                     ['0:0.00%', '1:0.00%', '2:100.00%', '3:0.00%', '4:0.00%', '5:0.00%', '6:0.00%', '7:0.00%', '8:0.00%', '9:0.00%']
                                          0msec<-
                                          ->0msec
                                                     -> Cluster 93, loss : 2.18, accuracy 17.54%, model from round 31
                                                     ['0:92.80%', '1:2.70%', '2:0.00%', '3:0.30%', '4:0.00%', '5:32.00%', '6:36.40%', '7:0.00%', '8:2.10%', '9:9.10%']
                                                                                              <-> Client 0, global : from 17.54% to 10.00%, local : from 86.77% to 95.19%, training time : 8200msec
                                                     Cluster 93, round 1, loss : 3.49, accuracy 10.00% <-
                                                     Time past : 8200msec
                                                     ['0:100.00%', '1:0.00%', '2:0.00%', '3:0.00%', '4:0.00%', '5:0.00%', '6:0.00%', '7:0.00%', '8:0.00%', '9:0.00%']
                                          0msec<-
                                          ->0msec
                                                     -> Cluster 87, loss : 2.18, accuracy 17.54%, model from round 31
                                                     ['0:92.80%', '1:2.70%', '2:0.00%', '3:0.30%', '4:0.00%', '5:32.00%', '6:36.40%', '7:0.00%', '8:2.10%', '9:9.10%']
                                                                                              <-> Client 0, global : from 17.54% to 10.00%, local : from 33.27% to 95.19%, training time : 8200msec
                                                     Cluster 87, round 1, loss : 4.32, accuracy 10.00% <-
                                                     Time past : 8200msec
                                                     ['0:0.00%', '1:0.00%', '2:0.00%', '3:0.00%', '4:0.00%', '5:100.00%', '6:0.00%', '7:0.00%', '8:0.00%', '9:0.00%']
                                          0msec<-
                                          ->0msec
                                                     -> Cluster 73, loss : 2.18, accuracy 17.54%, model from round 31
                                                     ['0:92.80%', '1:2.70%', '2:0.00%', '3:0.30%', '4:0.00%', '5:32.00%', '6:36.40%', '7:0.00%', '8:2.10%', '9:9.10%']
                                                                                              <-> Client 0, global : from 17.54% to 10.00%, local : from 2.00% to 95.00%, training time : 8200msec
                                                     Cluster 73, round 1, loss : 5.06, accuracy 10.00% <-
                                                     Time past : 8200msec
                                                     ['0:0.00%', '1:0.00%', '2:0.00%', '3:100.00%', '4:0.00%', '5:0.00%', '6:0.00%', '7:0.00%', '8:0.00%', '9:0.00%']
                                          0msec<-
                                          ->0msec
                                                     -> Cluster 63, loss : 2.18, accuracy 17.54%, model from round 31
                                                     ['0:92.80%', '1:2.70%', '2:0.00%', '3:0.30%', '4:0.00%', '5:32.00%', '6:36.40%', '7:0.00%', '8:2.10%', '9:9.10%']
                                                                                              <-> Client 0, global : from 17.54% to 10.11%, local : from 3.40% to 95.00%, training time : 8200msec
                                                     Cluster 63, round 1, loss : 4.20, accuracy 10.11% <-
                                                     Time past : 8200msec
                                                     ['0:0.00%', '1:0.00%', '2:0.00%', '3:0.00%', '4:1.10%', '5:0.00%', '6:0.00%', '7:0.00%', '8:100.00%', '9:0.00%']
                                          0msec<-
                                          ->0msec
                                                     -> Cluster 14, loss : 2.18, accuracy 17.54%, model from round 31
                                                     ['0:92.80%', '1:2.70%', '2:0.00%', '3:0.30%', '4:0.00%', '5:32.00%', '6:36.40%', '7:0.00%', '8:2.10%', '9:9.10%']
                                                                                              <-> Client 0, global : from 17.54% to 10.02%, local : from 14.40% to 95.00%, training time : 8200msec
                                                     Cluster 14, round 1, loss : 4.32, accuracy 10.02% <-
                                                     Time past : 8200msec
                                                     ['0:0.00%', '1:0.00%', '2:0.00%', '3:0.00%', '4:0.00%', '5:0.20%', '6:0.00%', '7:0.00%', '8:0.00%', '9:100.00%']
                                          0msec<-
Central server round 31, loss : 2.09, accuracy :17.68%
Time past: 254200msec
['0:3.00%', '1:0.80%', '2:73.10%', '3:0.70%', '4:3.40%', '5:5.90%', '6:3.10%', '7:0.00%', '8:82.20%', '9:4.60%']
                                          ->0msec
                                                     -> Cluster 57, loss : 2.09, accuracy 17.68%, model from round 32
                                                     ['0:3.00%', '1:0.80%', '2:73.10%', '3:0.70%', '4:3.40%', '5:5.90%', '6:3.10%', '7:0.00%', '8:82.20%', '9:4.60%']
                                                                                              <-> Client 0, global : from 17.68% to 10.00%, local : from 1.40% to 95.00%, training time : 8200msec
                                                     Cluster 57, round 1, loss : 4.93, accuracy 10.00% <-
                                                     Time past : 8200msec
                                                     ['0:0.00%', '1:0.00%', '2:0.00%', '3:0.00%', '4:0.00%', '5:0.00%', '6:0.00%', '7:100.00%', '8:0.00%', '9:0.00%']
                                          0msec<-
                                          ->0msec
                                                     -> Cluster 79, loss : 2.09, accuracy 17.68%, model from round 32
                                                     ['0:3.00%', '1:0.80%', '2:73.10%', '3:0.70%', '4:3.40%', '5:5.90%', '6:3.10%', '7:0.00%', '8:82.20%', '9:4.60%']
                                                                                              <-> Client 0, global : from 17.68% to 10.00%, local : from 1.00% to 95.00%, training time : 8200msec
                                                     Cluster 79, round 1, loss : 4.36, accuracy 10.00% <-
                                                     Time past : 8200msec
                                                     ['0:0.00%', '1:0.00%', '2:0.00%', '3:100.00%', '4:0.00%', '5:0.00%', '6:0.00%', '7:0.00%', '8:0.00%', '9:0.00%']
                                          0msec<-
                                          ->0msec
                                                     -> Cluster 85, loss : 2.09, accuracy 17.68%, model from round 32
                                                     ['0:3.00%', '1:0.80%', '2:73.10%', '3:0.70%', '4:3.40%', '5:5.90%', '6:3.10%', '7:0.00%', '8:82.20%', '9:4.60%']
                                                                                              <-> Client 0, global : from 17.68% to 10.04%, local : from 7.21% to 95.19%, training time : 8200msec
                                                     Cluster 85, round 1, loss : 4.51, accuracy 10.04% <-
                                                     Time past : 8200msec
                                                     ['0:0.00%', '1:0.00%', '2:0.00%', '3:0.00%', '4:0.00%', '5:100.00%', '6:0.00%', '7:0.00%', '8:0.40%', '9:0.00%']
                                          0msec<-
                                          ->0msec
                                                     -> Cluster 67, loss : 2.09, accuracy 17.68%, model from round 32
                                                     ['0:3.00%', '1:0.80%', '2:73.10%', '3:0.70%', '4:3.40%', '5:5.90%', '6:3.10%', '7:0.00%', '8:82.20%', '9:4.60%']
                                                                                              <-> Client 0, global : from 17.68% to 10.16%, local : from 80.20% to 95.00%, training time : 8200msec
                                                     Cluster 67, round 1, loss : 3.81, accuracy 10.16% <-
                                                     Time past : 8200msec
                                                     ['0:0.00%', '1:0.00%', '2:0.00%', '3:0.00%', '4:0.00%', '5:0.00%', '6:1.60%', '7:0.00%', '8:100.00%', '9:0.00%']
                                          0msec<-
                                          ->0msec
                                                     -> Cluster 25, loss : 2.09, accuracy 17.68%, model from round 32
                                                     ['0:3.00%', '1:0.80%', '2:73.10%', '3:0.70%', '4:3.40%', '5:5.90%', '6:3.10%', '7:0.00%', '8:82.20%', '9:4.60%']
                                                                                              <-> Client 0, global : from 17.68% to 10.01%, local : from 5.40% to 95.00%, training time : 8200msec
                                                     Cluster 25, round 1, loss : 4.28, accuracy 10.01% <-
                                                     Time past : 8200msec
                                                     ['0:0.00%', '1:0.00%', '2:0.00%', '3:0.00%', '4:100.00%', '5:0.00%', '6:0.00%', '7:0.00%', '8:0.10%', '9:0.00%']
                                          0msec<-
                                          ->0msec
                                                     -> Cluster 46, loss : 2.09, accuracy 17.68%, model from round 32
                                                     ['0:3.00%', '1:0.80%', '2:73.10%', '3:0.70%', '4:3.40%', '5:5.90%', '6:3.10%', '7:0.00%', '8:82.20%', '9:4.60%']
                                                                                              <-> Client 0, global : from 17.68% to 10.00%, local : from 69.20% to 95.00%, training time : 8200msec
                                                     Cluster 46, round 1, loss : 4.91, accuracy 10.00% <-
                                                     Time past : 8200msec
                                                     ['0:0.00%', '1:0.00%', '2:100.00%', '3:0.00%', '4:0.00%', '5:0.00%', '6:0.00%', '7:0.00%', '8:0.00%', '9:0.00%']
                                          0msec<-
                                          ->0msec
                                                     -> Cluster 0, loss : 2.09, accuracy 17.68%, model from round 32
                                                     ['0:3.00%', '1:0.80%', '2:73.10%', '3:0.70%', '4:3.40%', '5:5.90%', '6:3.10%', '7:0.00%', '8:82.20%', '9:4.60%']
                                                                                              <-> Client 0, global : from 17.68% to 10.16%, local : from 2.79% to 95.01%, training time : 8200msec
                                                     Cluster 0, round 1, loss : 3.78, accuracy 10.16% <-
                                                     Time past : 8200msec
                                                     ['0:0.00%', '1:0.00%', '2:0.00%', '3:0.00%', '4:0.00%', '5:0.00%', '6:100.00%', '7:0.00%', '8:1.60%', '9:0.00%']
                                          0msec<-
                                          ->0msec
                                                     -> Cluster 86, loss : 2.09, accuracy 17.68%, model from round 32
                                                     ['0:3.00%', '1:0.80%', '2:73.10%', '3:0.70%', '4:3.40%', '5:5.90%', '6:3.10%', '7:0.00%', '8:82.20%', '9:4.60%']
                                                                                              <-> Client 0, global : from 17.68% to 10.00%, local : from 4.61% to 95.19%, training time : 8200msec
                                                     Cluster 86, round 1, loss : 4.58, accuracy 10.00% <-
                                                     Time past : 8200msec
                                                     ['0:0.00%', '1:0.00%', '2:0.00%', '3:0.00%', '4:0.00%', '5:100.00%', '6:0.00%', '7:0.00%', '8:0.00%', '9:0.00%']
                                          0msec<-
                                          ->0msec
                                                     -> Cluster 49, loss : 2.09, accuracy 17.68%, model from round 32
                                                     ['0:3.00%', '1:0.80%', '2:73.10%', '3:0.70%', '4:3.40%', '5:5.90%', '6:3.10%', '7:0.00%', '8:82.20%', '9:4.60%']
                                                                                              <-> Client 0, global : from 17.68% to 10.00%, local : from 72.40% to 95.00%, training time : 8200msec
                                                     Cluster 49, round 1, loss : 4.70, accuracy 10.00% <-
                                                     Time past : 8200msec
                                                     ['0:0.00%', '1:0.00%', '2:100.00%', '3:0.00%', '4:0.00%', '5:0.00%', '6:0.00%', '7:0.00%', '8:0.00%', '9:0.00%']
                                          0msec<-
                                          ->0msec
                                                     -> Cluster 74, loss : 2.09, accuracy 17.68%, model from round 32
                                                     ['0:3.00%', '1:0.80%', '2:73.10%', '3:0.70%', '4:3.40%', '5:5.90%', '6:3.10%', '7:0.00%', '8:82.20%', '9:4.60%']
                                                                                              <-> Client 0, global : from 17.68% to 10.00%, local : from 1.20% to 95.00%, training time : 8200msec
                                                     Cluster 74, round 1, loss : 4.31, accuracy 10.00% <-
                                                     Time past : 8200msec
                                                     ['0:0.00%', '1:0.00%', '2:0.00%', '3:100.00%', '4:0.00%', '5:0.00%', '6:0.00%', '7:0.00%', '8:0.00%', '9:0.00%']
                                          0msec<-
Central server round 32, loss : 2.06, accuracy :23.17%
Time past: 262400msec
['0:9.90%', '1:2.60%', '2:40.50%', '3:19.90%', '4:0.20%', '5:48.90%', '6:20.70%', '7:9.80%', '8:69.20%', '9:10.00%']
                                          ->0msec
                                                     -> Cluster 81, loss : 2.06, accuracy 23.17%, model from round 33
                                                     ['0:9.90%', '1:2.60%', '2:40.50%', '3:19.90%', '4:0.20%', '5:48.90%', '6:20.70%', '7:9.80%', '8:69.20%', '9:10.00%']
                                                                                              <-> Client 0, global : from 23.17% to 10.00%, local : from 50.00% to 95.00%, training time : 8200msec
                                                     Cluster 81, round 1, loss : 4.61, accuracy 10.00% <-
                                                     Time past : 8200msec
                                                     ['0:0.00%', '1:0.00%', '2:0.00%', '3:0.00%', '4:0.00%', '5:100.00%', '6:0.00%', '7:0.00%', '8:0.00%', '9:0.00%']
                                          0msec<-
                                          ->0msec
                                                     -> Cluster 99, loss : 2.06, accuracy 23.17%, model from round 33
                                                     ['0:9.90%', '1:2.60%', '2:40.50%', '3:19.90%', '4:0.20%', '5:48.90%', '6:20.70%', '7:9.80%', '8:69.20%', '9:10.00%']
                                                                                              <-> Client 0, global : from 23.17% to 10.00%, local : from 10.62% to 95.19%, training time : 8200msec
                                                     Cluster 99, round 1, loss : 3.97, accuracy 10.00% <-
                                                     Time past : 8200msec
                                                     ['0:100.00%', '1:0.00%', '2:0.00%', '3:0.00%', '4:0.00%', '5:0.00%', '6:0.00%', '7:0.00%', '8:0.00%', '9:0.00%']
                                          0msec<-
                                          ->0msec
                                                     -> Cluster 50, loss : 2.06, accuracy 23.17%, model from round 33
                                                     ['0:9.90%', '1:2.60%', '2:40.50%', '3:19.90%', '4:0.20%', '5:48.90%', '6:20.70%', '7:9.80%', '8:69.20%', '9:10.00%']
                                                                                              <-> Client 0, global : from 23.17% to 10.01%, local : from 9.18% to 94.81%, training time : 8200msec
                                                     Cluster 50, round 1, loss : 3.43, accuracy 10.01% <-
                                                     Time past : 8200msec
                                                     ['0:0.10%', '1:0.00%', '2:0.00%', '3:0.00%', '4:0.00%', '5:0.00%', '6:0.00%', '7:100.00%', '8:0.00%', '9:0.00%']
                                          0msec<-
                                          ->0msec
                                                     -> Cluster 34, loss : 2.06, accuracy 23.17%, model from round 33
                                                     ['0:9.90%', '1:2.60%', '2:40.50%', '3:19.90%', '4:0.20%', '5:48.90%', '6:20.70%', '7:9.80%', '8:69.20%', '9:10.00%']
                                                                                              <-> Client 0, global : from 23.17% to 10.00%, local : from 3.80% to 95.00%, training time : 8200msec
                                                     Cluster 34, round 1, loss : 4.29, accuracy 10.00% <-
                                                     Time past : 8200msec
                                                     ['0:0.00%', '1:100.00%', '2:0.00%', '3:0.00%', '4:0.00%', '5:0.00%', '6:0.00%', '7:0.00%', '8:0.00%', '9:0.00%']
                                          0msec<-
                                          ->0msec
                                                     -> Cluster 22, loss : 2.06, accuracy 23.17%, model from round 33
                                                     ['0:9.90%', '1:2.60%', '2:40.50%', '3:19.90%', '4:0.20%', '5:48.90%', '6:20.70%', '7:9.80%', '8:69.20%', '9:10.00%']
                                                                                              <-> Client 0, global : from 23.17% to 10.77%, local : from 2.00% to 94.60%, training time : 8200msec
                                                     Cluster 22, round 1, loss : 3.51, accuracy 10.77% <-
                                                     Time past : 8200msec
                                                     ['0:0.00%', '1:0.00%', '2:0.00%', '3:0.00%', '4:99.90%', '5:0.00%', '6:0.00%', '7:0.00%', '8:7.70%', '9:0.10%']
                                          0msec<-
                                          ->0msec
                                                     -> Cluster 98, loss : 2.06, accuracy 23.17%, model from round 33
                                                     ['0:9.90%', '1:2.60%', '2:40.50%', '3:19.90%', '4:0.20%', '5:48.90%', '6:20.70%', '7:9.80%', '8:69.20%', '9:10.00%']
                                                                                              <-> Client 0, global : from 23.17% to 10.00%, local : from 10.62% to 95.19%, training time : 8200msec
                                                     Cluster 98, round 1, loss : 4.82, accuracy 10.00% <-
                                                     Time past : 8200msec
                                                     ['0:100.00%', '1:0.00%', '2:0.00%', '3:0.00%', '4:0.00%', '5:0.00%', '6:0.00%', '7:0.00%', '8:0.00%', '9:0.00%']
                                          0msec<-
                                          ->0msec
                                                     -> Cluster 9, loss : 2.06, accuracy 23.17%, model from round 33
                                                     ['0:9.90%', '1:2.60%', '2:40.50%', '3:19.90%', '4:0.20%', '5:48.90%', '6:20.70%', '7:9.80%', '8:69.20%', '9:10.00%']
                                                                                              <-> Client 0, global : from 23.17% to 11.83%, local : from 20.00% to 95.00%, training time : 8200msec
                                                     Cluster 9, round 1, loss : 3.90, accuracy 11.83% <-
                                                     Time past : 8200msec
                                                     ['0:8.80%', '1:0.00%', '2:0.00%', '3:0.00%', '4:0.00%', '5:0.00%', '6:100.00%', '7:0.00%', '8:9.30%', '9:0.20%']
                                          0msec<-
                                          ->0msec
                                                     -> Cluster 77, loss : 2.06, accuracy 23.17%, model from round 33
                                                     ['0:9.90%', '1:2.60%', '2:40.50%', '3:19.90%', '4:0.20%', '5:48.90%', '6:20.70%', '7:9.80%', '8:69.20%', '9:10.00%']
                                                                                              <-> Client 0, global : from 23.17% to 10.05%, local : from 20.60% to 95.00%, training time : 8200msec
                                                     Cluster 77, round 1, loss : 4.54, accuracy 10.05% <-
                                                     Time past : 8200msec
                                                     ['0:0.00%', '1:0.00%', '2:0.00%', '3:100.00%', '4:0.00%', '5:0.00%', '6:0.00%', '7:0.00%', '8:0.50%', '9:0.00%']
                                          0msec<-
                                          ->0msec
                                                     -> Cluster 1, loss : 2.06, accuracy 23.17%, model from round 33
                                                     ['0:9.90%', '1:2.60%', '2:40.50%', '3:19.90%', '4:0.20%', '5:48.90%', '6:20.70%', '7:9.80%', '8:69.20%', '9:10.00%']
                                                                                              <-> Client 0, global : from 23.17% to 11.94%, local : from 14.37% to 95.01%, training time : 8200msec
                                                     Cluster 1, round 1, loss : 3.74, accuracy 11.94% <-
                                                     Time past : 8200msec
                                                     ['0:0.00%', '1:0.00%', '2:0.00%', '3:0.00%', '4:0.00%', '5:0.00%', '6:100.00%', '7:0.00%', '8:19.40%', '9:0.00%']
                                          0msec<-
                                          ->0msec
                                                     -> Cluster 44, loss : 2.06, accuracy 23.17%, model from round 33
                                                     ['0:9.90%', '1:2.60%', '2:40.50%', '3:19.90%', '4:0.20%', '5:48.90%', '6:20.70%', '7:9.80%', '8:69.20%', '9:10.00%']
                                                                                              <-> Client 0, global : from 23.17% to 10.00%, local : from 42.20% to 95.00%, training time : 8200msec
                                                     Cluster 44, round 1, loss : 4.77, accuracy 10.00% <-
                                                     Time past : 8200msec
                                                     ['0:0.00%', '1:0.00%', '2:100.00%', '3:0.00%', '4:0.00%', '5:0.00%', '6:0.00%', '7:0.00%', '8:0.00%', '9:0.00%']
                                          0msec<-
Central server round 33, loss : 2.06, accuracy :21.42%
Time past: 270600msec
['0:88.20%', '1:14.40%', '2:0.00%', '3:1.80%', '4:0.40%', '5:26.10%', '6:71.20%', '7:7.60%', '8:1.40%', '9:3.10%']
                                          ->0msec
                                                     -> Cluster 34, loss : 2.06, accuracy 21.42%, model from round 34
                                                     ['0:88.20%', '1:14.40%', '2:0.00%', '3:1.80%', '4:0.40%', '5:26.10%', '6:71.20%', '7:7.60%', '8:1.40%', '9:3.10%']
                                                                                              <-> Client 0, global : from 21.42% to 10.00%, local : from 15.80% to 95.00%, training time : 8200msec
                                                     Cluster 34, round 1, loss : 4.72, accuracy 10.00% <-
                                                     Time past : 8200msec
                                                     ['0:0.00%', '1:100.00%', '2:0.00%', '3:0.00%', '4:0.00%', '5:0.00%', '6:0.00%', '7:0.00%', '8:0.00%', '9:0.00%']
                                          0msec<-
                                          ->0msec
                                                     -> Cluster 65, loss : 2.06, accuracy 21.42%, model from round 34
                                                     ['0:88.20%', '1:14.40%', '2:0.00%', '3:1.80%', '4:0.40%', '5:26.10%', '6:71.20%', '7:7.60%', '8:1.40%', '9:3.10%']
                                                                                              <-> Client 0, global : from 21.42% to 10.85%, local : from 2.20% to 95.00%, training time : 8200msec
                                                     Cluster 65, round 1, loss : 3.75, accuracy 10.85% <-
                                                     Time past : 8200msec
                                                     ['0:0.00%', '1:0.00%', '2:0.00%', '3:0.00%', '4:0.00%', '5:2.30%', '6:6.30%', '7:0.00%', '8:99.90%', '9:0.00%']
                                          0msec<-
                                          ->0msec
                                                     -> Cluster 12, loss : 2.06, accuracy 21.42%, model from round 34
                                                     ['0:88.20%', '1:14.40%', '2:0.00%', '3:1.80%', '4:0.40%', '5:26.10%', '6:71.20%', '7:7.60%', '8:1.40%', '9:3.10%']
                                                                                              <-> Client 0, global : from 21.42% to 10.01%, local : from 4.40% to 95.00%, training time : 8200msec
                                                     Cluster 12, round 1, loss : 4.13, accuracy 10.01% <-
                                                     Time past : 8200msec
                                                     ['0:0.00%', '1:0.00%', '2:0.00%', '3:0.00%', '4:0.10%', '5:0.00%', '6:0.00%', '7:0.00%', '8:0.00%', '9:100.00%']
                                          0msec<-
                                          ->0msec
                                                     -> Cluster 95, loss : 2.06, accuracy 21.42%, model from round 34
                                                     ['0:88.20%', '1:14.40%', '2:0.00%', '3:1.80%', '4:0.40%', '5:26.10%', '6:71.20%', '7:7.60%', '8:1.40%', '9:3.10%']
                                                                                              <-> Client 0, global : from 21.42% to 10.10%, local : from 83.37% to 95.19%, training time : 8200msec
                                                     Cluster 95, round 1, loss : 3.55, accuracy 10.10% <-
                                                     Time past : 8200msec
                                                     ['0:99.80%', '1:0.00%', '2:0.00%', '3:0.00%', '4:0.00%', '5:0.00%', '6:1.20%', '7:0.00%', '8:0.00%', '9:0.00%']
                                          0msec<-
                                          ->0msec
                                                     -> Cluster 75, loss : 2.06, accuracy 21.42%, model from round 34
                                                     ['0:88.20%', '1:14.40%', '2:0.00%', '3:1.80%', '4:0.40%', '5:26.10%', '6:71.20%', '7:7.60%', '8:1.40%', '9:3.10%']
                                                                                              <-> Client 0, global : from 21.42% to 10.00%, local : from 2.80% to 95.00%, training time : 8200msec
                                                     Cluster 75, round 1, loss : 4.14, accuracy 10.00% <-
                                                     Time past : 8200msec
                                                     ['0:0.00%', '1:0.00%', '2:0.00%', '3:100.00%', '4:0.00%', '5:0.00%', '6:0.00%', '7:0.00%', '8:0.00%', '9:0.00%']
                                          0msec<-
                                          ->0msec
                                                     -> Cluster 54, loss : 2.06, accuracy 21.42%, model from round 34
                                                     ['0:88.20%', '1:14.40%', '2:0.00%', '3:1.80%', '4:0.40%', '5:26.10%', '6:71.20%', '7:7.60%', '8:1.40%', '9:3.10%']
                                                                                              <-> Client 0, global : from 21.42% to 10.00%, local : from 9.00% to 95.00%, training time : 8200msec
                                                     Cluster 54, round 1, loss : 5.02, accuracy 10.00% <-
                                                     Time past : 8200msec
                                                     ['0:0.00%', '1:0.00%', '2:0.00%', '3:0.00%', '4:0.00%', '5:0.00%', '6:0.00%', '7:100.00%', '8:0.00%', '9:0.00%']
                                          0msec<-
                                          ->0msec
                                                     -> Cluster 8, loss : 2.06, accuracy 21.42%, model from round 34
                                                     ['0:88.20%', '1:14.40%', '2:0.00%', '3:1.80%', '4:0.40%', '5:26.10%', '6:71.20%', '7:7.60%', '8:1.40%', '9:3.10%']
                                                                                              <-> Client 0, global : from 21.42% to 10.14%, local : from 66.20% to 95.00%, training time : 8200msec
                                                     Cluster 8, round 1, loss : 4.31, accuracy 10.14% <-
                                                     Time past : 8200msec
                                                     ['0:0.00%', '1:0.00%', '2:0.00%', '3:0.00%', '4:0.00%', '5:0.00%', '6:100.00%', '7:0.00%', '8:1.30%', '9:0.10%']
                                          0msec<-
                                          ->0msec
                                                     -> Cluster 45, loss : 2.06, accuracy 21.42%, model from round 34
                                                     ['0:88.20%', '1:14.40%', '2:0.00%', '3:1.80%', '4:0.40%', '5:26.10%', '6:71.20%', '7:7.60%', '8:1.40%', '9:3.10%']
                                                                                              <-> Client 0, global : from 21.42% to 10.00%, local : from 1.40% to 95.00%, training time : 8200msec
                                                     Cluster 45, round 1, loss : 5.12, accuracy 10.00% <-
                                                     Time past : 8200msec
                                                     ['0:0.00%', '1:0.00%', '2:100.00%', '3:0.00%', '4:0.00%', '5:0.00%', '6:0.00%', '7:0.00%', '8:0.00%', '9:0.00%']
                                          0msec<-
                                          ->0msec
                                                     -> Cluster 84, loss : 2.06, accuracy 21.42%, model from round 34
                                                     ['0:88.20%', '1:14.40%', '2:0.00%', '3:1.80%', '4:0.40%', '5:26.10%', '6:71.20%', '7:7.60%', '8:1.40%', '9:3.10%']
                                                                                              <-> Client 0, global : from 21.42% to 10.11%, local : from 26.05% to 95.19%, training time : 8200msec
                                                     Cluster 84, round 1, loss : 3.42, accuracy 10.11% <-
                                                     Time past : 8200msec
                                                     ['0:0.00%', '1:0.00%', '2:0.00%', '3:0.00%', '4:0.00%', '5:100.00%', '6:0.00%', '7:0.00%', '8:1.00%', '9:0.10%']
                                          0msec<-
                                          ->0msec
                                                     -> Cluster 56, loss : 2.06, accuracy 21.42%, model from round 34
                                                     ['0:88.20%', '1:14.40%', '2:0.00%', '3:1.80%', '4:0.40%', '5:26.10%', '6:71.20%', '7:7.60%', '8:1.40%', '9:3.10%']
                                                                                              <-> Client 0, global : from 21.42% to 10.00%, local : from 7.20% to 95.00%, training time : 8200msec
                                                     Cluster 56, round 1, loss : 4.81, accuracy 10.00% <-
                                                     Time past : 8200msec
                                                     ['0:0.00%', '1:0.00%', '2:0.00%', '3:0.00%', '4:0.00%', '5:0.00%', '6:0.00%', '7:100.00%', '8:0.00%', '9:0.00%']
                                          0msec<-
Central server round 34, loss : 2.02, accuracy :28.70%
Time past: 278800msec
['0:41.00%', '1:30.30%', '2:0.20%', '3:0.90%', '4:0.00%', '5:20.70%', '6:50.90%', '7:54.90%', '8:45.90%', '9:42.20%']
                                          ->0msec
                                                     -> Cluster 42, loss : 2.02, accuracy 28.70%, model from round 35
                                                     ['0:41.00%', '1:30.30%', '2:0.20%', '3:0.90%', '4:0.00%', '5:20.70%', '6:50.90%', '7:54.90%', '8:45.90%', '9:42.20%']
                                                                                              <-> Client 0, global : from 28.70% to 10.00%, local : from 1.80% to 95.00%, training time : 8200msec
                                                     Cluster 42, round 1, loss : 4.91, accuracy 10.00% <-
                                                     Time past : 8200msec
                                                     ['0:0.00%', '1:0.00%', '2:100.00%', '3:0.00%', '4:0.00%', '5:0.00%', '6:0.00%', '7:0.00%', '8:0.00%', '9:0.00%']
                                          0msec<-
                                          ->0msec
                                                     -> Cluster 34, loss : 2.02, accuracy 28.70%, model from round 35
                                                     ['0:41.00%', '1:30.30%', '2:0.20%', '3:0.90%', '4:0.00%', '5:20.70%', '6:50.90%', '7:54.90%', '8:45.90%', '9:42.20%']
                                                                                              <-> Client 0, global : from 28.70% to 10.00%, local : from 30.40% to 95.00%, training time : 8200msec
                                                     Cluster 34, round 1, loss : 4.18, accuracy 10.00% <-
                                                     Time past : 8200msec
                                                     ['0:0.00%', '1:100.00%', '2:0.00%', '3:0.00%', '4:0.00%', '5:0.00%', '6:0.00%', '7:0.00%', '8:0.00%', '9:0.00%']
                                          0msec<-
                                          ->0msec
                                                     -> Cluster 8, loss : 2.02, accuracy 28.70%, model from round 35
                                                     ['0:41.00%', '1:30.30%', '2:0.20%', '3:0.90%', '4:0.00%', '5:20.70%', '6:50.90%', '7:54.90%', '8:45.90%', '9:42.20%']
                                                                                              <-> Client 0, global : from 28.70% to 10.41%, local : from 51.20% to 95.00%, training time : 8200msec
                                                     Cluster 8, round 1, loss : 4.00, accuracy 10.41% <-
                                                     Time past : 8200msec
                                                     ['0:0.00%', '1:0.00%', '2:0.00%', '3:0.00%', '4:0.00%', '5:0.00%', '6:100.00%', '7:0.00%', '8:3.40%', '9:0.70%']
                                          0msec<-
                                          ->0msec
                                                     -> Cluster 9, loss : 2.02, accuracy 28.70%, model from round 35
                                                     ['0:41.00%', '1:30.30%', '2:0.20%', '3:0.90%', '4:0.00%', '5:20.70%', '6:50.90%', '7:54.90%', '8:45.90%', '9:42.20%']
                                                                                              <-> Client 0, global : from 28.70% to 11.27%, local : from 53.40% to 95.00%, training time : 8200msec
                                                     Cluster 9, round 1, loss : 4.28, accuracy 11.27% <-
                                                     Time past : 8200msec
                                                     ['0:10.20%', '1:0.00%', '2:0.00%', '3:0.00%', '4:0.00%', '5:0.00%', '6:100.00%', '7:0.00%', '8:2.40%', '9:0.10%']
                                          0msec<-
                                          ->0msec
                                                     -> Cluster 89, loss : 2.02, accuracy 28.70%, model from round 35
                                                     ['0:41.00%', '1:30.30%', '2:0.20%', '3:0.90%', '4:0.00%', '5:20.70%', '6:50.90%', '7:54.90%', '8:45.90%', '9:42.20%']
                                                                                              <-> Client 0, global : from 28.70% to 10.00%, local : from 21.84% to 95.19%, training time : 8200msec
                                                     Cluster 89, round 1, loss : 4.23, accuracy 10.00% <-
                                                     Time past : 8200msec
                                                     ['0:0.00%', '1:0.00%', '2:0.00%', '3:0.00%', '4:0.00%', '5:100.00%', '6:0.00%', '7:0.00%', '8:0.00%', '9:0.00%']
                                          0msec<-
                                          ->0msec
                                                     -> Cluster 66, loss : 2.02, accuracy 28.70%, model from round 35
                                                     ['0:41.00%', '1:30.30%', '2:0.20%', '3:0.90%', '4:0.00%', '5:20.70%', '6:50.90%', '7:54.90%', '8:45.90%', '9:42.20%']
                                                                                              <-> Client 0, global : from 28.70% to 10.06%, local : from 44.60% to 95.00%, training time : 8200msec
                                                     Cluster 66, round 1, loss : 4.44, accuracy 10.06% <-
                                                     Time past : 8200msec
                                                     ['0:0.00%', '1:0.00%', '2:0.00%', '3:0.00%', '4:0.00%', '5:0.00%', '6:0.60%', '7:0.00%', '8:100.00%', '9:0.00%']
                                          0msec<-
                                          ->0msec
                                                     -> Cluster 84, loss : 2.02, accuracy 28.70%, model from round 35
                                                     ['0:41.00%', '1:30.30%', '2:0.20%', '3:0.90%', '4:0.00%', '5:20.70%', '6:50.90%', '7:54.90%', '8:45.90%', '9:42.20%']
                                                                                              <-> Client 0, global : from 28.70% to 10.01%, local : from 20.84% to 95.19%, training time : 8200msec
                                                     Cluster 84, round 1, loss : 4.05, accuracy 10.01% <-
                                                     Time past : 8200msec
                                                     ['0:0.00%', '1:0.00%', '2:0.00%', '3:0.00%', '4:0.00%', '5:100.00%', '6:0.00%', '7:0.00%', '8:0.10%', '9:0.00%']
                                          0msec<-
                                          ->0msec
                                                     -> Cluster 47, loss : 2.02, accuracy 28.70%, model from round 35
                                                     ['0:41.00%', '1:30.30%', '2:0.20%', '3:0.90%', '4:0.00%', '5:20.70%', '6:50.90%', '7:54.90%', '8:45.90%', '9:42.20%']
                                                                                              <-> Client 0, global : from 28.70% to 10.00%, local : from 2.20% to 95.00%, training time : 8200msec
                                                     Cluster 47, round 1, loss : 4.57, accuracy 10.00% <-
                                                     Time past : 8200msec
                                                     ['0:0.00%', '1:0.00%', '2:100.00%', '3:0.00%', '4:0.00%', '5:0.00%', '6:0.00%', '7:0.00%', '8:0.00%', '9:0.00%']
                                          0msec<-
                                          ->0msec
                                                     -> Cluster 59, loss : 2.02, accuracy 28.70%, model from round 35
                                                     ['0:41.00%', '1:30.30%', '2:0.20%', '3:0.90%', '4:0.00%', '5:20.70%', '6:50.90%', '7:54.90%', '8:45.90%', '9:42.20%']
                                                                                              <-> Client 0, global : from 28.70% to 10.04%, local : from 51.80% to 95.20%, training time : 8200msec
                                                     Cluster 59, round 1, loss : 4.33, accuracy 10.04% <-
                                                     Time past : 8200msec
                                                     ['0:0.00%', '1:0.00%', '2:0.00%', '3:0.00%', '4:0.00%', '5:0.00%', '6:0.00%', '7:100.00%', '8:0.40%', '9:0.00%']
                                          0msec<-
                                          ->0msec
                                                     -> Cluster 65, loss : 2.02, accuracy 28.70%, model from round 35
                                                     ['0:41.00%', '1:30.30%', '2:0.20%', '3:0.90%', '4:0.00%', '5:20.70%', '6:50.90%', '7:54.90%', '8:45.90%', '9:42.20%']
                                                                                              <-> Client 0, global : from 28.70% to 11.22%, local : from 44.80% to 94.80%, training time : 8200msec
                                                     Cluster 65, round 1, loss : 3.37, accuracy 11.22% <-
                                                     Time past : 8200msec
                                                     ['0:0.00%', '1:0.00%', '2:0.00%', '3:0.00%', '4:0.00%', '5:3.30%', '6:9.10%', '7:0.00%', '8:99.80%', '9:0.00%']
                                          0msec<-
Central server round 35, loss : 2.09, accuracy :23.50%
Time past: 287000msec
['0:0.00%', '1:14.20%', '2:17.80%', '3:0.00%', '4:0.00%', '5:39.70%', '6:60.40%', '7:6.60%', '8:82.90%', '9:13.40%']
                                          ->0msec
                                                     -> Cluster 33, loss : 2.09, accuracy 23.50%, model from round 36
                                                     ['0:0.00%', '1:14.20%', '2:17.80%', '3:0.00%', '4:0.00%', '5:39.70%', '6:60.40%', '7:6.60%', '8:82.90%', '9:13.40%']
                                                                                              <-> Client 0, global : from 23.50% to 10.00%, local : from 13.60% to 95.00%, training time : 8200msec
                                                     Cluster 33, round 1, loss : 4.98, accuracy 10.00% <-
                                                     Time past : 8200msec
                                                     ['0:0.00%', '1:100.00%', '2:0.00%', '3:0.00%', '4:0.00%', '5:0.00%', '6:0.00%', '7:0.00%', '8:0.00%', '9:0.00%']
                                          0msec<-
                                          ->0msec
                                                     -> Cluster 78, loss : 2.09, accuracy 23.50%, model from round 36
                                                     ['0:0.00%', '1:14.20%', '2:17.80%', '3:0.00%', '4:0.00%', '5:39.70%', '6:60.40%', '7:6.60%', '8:82.90%', '9:13.40%']
                                                                                              <-> Client 0, global : from 23.50% to 10.02%, local : from 0.60% to 95.00%, training time : 8200msec
                                                     Cluster 78, round 1, loss : 4.25, accuracy 10.02% <-
                                                     Time past : 8200msec
                                                     ['0:0.00%', '1:0.00%', '2:0.00%', '3:100.00%', '4:0.00%', '5:0.00%', '6:0.00%', '7:0.00%', '8:0.20%', '9:0.00%']
                                          0msec<-
                                          ->0msec
                                                     -> Cluster 42, loss : 2.09, accuracy 23.50%, model from round 36
                                                     ['0:0.00%', '1:14.20%', '2:17.80%', '3:0.00%', '4:0.00%', '5:39.70%', '6:60.40%', '7:6.60%', '8:82.90%', '9:13.40%']
                                                                                              <-> Client 0, global : from 23.50% to 10.00%, local : from 19.20% to 95.00%, training time : 8200msec
                                                     Cluster 42, round 1, loss : 4.61, accuracy 10.00% <-
                                                     Time past : 8200msec
                                                     ['0:0.00%', '1:0.00%', '2:100.00%', '3:0.00%', '4:0.00%', '5:0.00%', '6:0.00%', '7:0.00%', '8:0.00%', '9:0.00%']
                                          0msec<-
                                          ->0msec
                                                     -> Cluster 91, loss : 2.09, accuracy 23.50%, model from round 36
                                                     ['0:0.00%', '1:14.20%', '2:17.80%', '3:0.00%', '4:0.00%', '5:39.70%', '6:60.40%', '7:6.60%', '8:82.90%', '9:13.40%']
                                                                                              <-> Client 0, global : from 23.50% to 10.00%, local : from 0.60% to 95.00%, training time : 8200msec
                                                     Cluster 91, round 1, loss : 5.14, accuracy 10.00% <-
                                                     Time past : 8200msec
                                                     ['0:100.00%', '1:0.00%', '2:0.00%', '3:0.00%', '4:0.00%', '5:0.00%', '6:0.00%', '7:0.00%', '8:0.00%', '9:0.00%']
                                          0msec<-
                                          ->0msec
                                                     -> Cluster 28, loss : 2.09, accuracy 23.50%, model from round 36
                                                     ['0:0.00%', '1:14.20%', '2:17.80%', '3:0.00%', '4:0.00%', '5:39.70%', '6:60.40%', '7:6.60%', '8:82.90%', '9:13.40%']
                                                                                              <-> Client 0, global : from 23.50% to 10.05%, local : from 1.60% to 95.00%, training time : 8200msec
                                                     Cluster 28, round 1, loss : 4.53, accuracy 10.05% <-
                                                     Time past : 8200msec
                                                     ['0:0.00%', '1:0.00%', '2:0.00%', '3:0.00%', '4:100.00%', '5:0.00%', '6:0.00%', '7:0.00%', '8:0.50%', '9:0.00%']
                                          0msec<-
                                          ->0msec
                                                     -> Cluster 90, loss : 2.09, accuracy 23.50%, model from round 36
                                                     ['0:0.00%', '1:14.20%', '2:17.80%', '3:0.00%', '4:0.00%', '5:39.70%', '6:60.40%', '7:6.60%', '8:82.90%', '9:13.40%']
                                                                                              <-> Client 0, global : from 23.50% to 9.99%, local : from 1.80% to 94.80%, training time : 8200msec
                                                     Cluster 90, round 1, loss : 4.21, accuracy 9.99% <-
                                                     Time past : 8200msec
                                                     ['0:99.90%', '1:0.00%', '2:0.00%', '3:0.00%', '4:0.00%', '5:0.00%', '6:0.00%', '7:0.00%', '8:0.00%', '9:0.00%']
                                          0msec<-
                                          ->0msec
                                                     -> Cluster 31, loss : 2.09, accuracy 23.50%, model from round 36
                                                     ['0:0.00%', '1:14.20%', '2:17.80%', '3:0.00%', '4:0.00%', '5:39.70%', '6:60.40%', '7:6.60%', '8:82.90%', '9:13.40%']
                                                                                              <-> Client 0, global : from 23.50% to 10.00%, local : from 13.77% to 94.81%, training time : 8200msec
                                                     Cluster 31, round 1, loss : 4.94, accuracy 10.00% <-
                                                     Time past : 8200msec
                                                     ['0:0.00%', '1:100.00%', '2:0.00%', '3:0.00%', '4:0.00%', '5:0.00%', '6:0.00%', '7:0.00%', '8:0.00%', '9:0.00%']
                                          0msec<-
                                          ->0msec
                                                     -> Cluster 84, loss : 2.09, accuracy 23.50%, model from round 36
                                                     ['0:0.00%', '1:14.20%', '2:17.80%', '3:0.00%', '4:0.00%', '5:39.70%', '6:60.40%', '7:6.60%', '8:82.90%', '9:13.40%']
                                                                                              <-> Client 0, global : from 23.50% to 10.00%, local : from 39.88% to 95.19%, training time : 8200msec
                                                     Cluster 84, round 1, loss : 4.75, accuracy 10.00% <-
                                                     Time past : 8200msec
                                                     ['0:0.00%', '1:0.00%', '2:0.00%', '3:0.00%', '4:0.00%', '5:100.00%', '6:0.00%', '7:0.00%', '8:0.00%', '9:0.00%']
                                          0msec<-
                                          ->0msec
                                                     -> Cluster 3, loss : 2.09, accuracy 23.50%, model from round 36
                                                     ['0:0.00%', '1:14.20%', '2:17.80%', '3:0.00%', '4:0.00%', '5:39.70%', '6:60.40%', '7:6.60%', '8:82.90%', '9:13.40%']
                                                                                              <-> Client 0, global : from 23.50% to 10.98%, local : from 59.00% to 95.00%, training time : 8200msec
                                                     Cluster 3, round 1, loss : 3.93, accuracy 10.98% <-
                                                     Time past : 8200msec
                                                     ['0:0.00%', '1:0.00%', '2:0.00%', '3:0.00%', '4:0.00%', '5:0.00%', '6:100.00%', '7:0.00%', '8:9.80%', '9:0.00%']
                                          0msec<-
                                          ->0msec
                                                     -> Cluster 79, loss : 2.09, accuracy 23.50%, model from round 36
                                                     ['0:0.00%', '1:14.20%', '2:17.80%', '3:0.00%', '4:0.00%', '5:39.70%', '6:60.40%', '7:6.60%', '8:82.90%', '9:13.40%']
                                                                                              <-> Client 0, global : from 23.50% to 10.12%, local : from 1.60% to 95.00%, training time : 8200msec
                                                     Cluster 79, round 1, loss : 3.46, accuracy 10.12% <-
                                                     Time past : 8200msec
                                                     ['0:0.00%', '1:0.00%', '2:0.00%', '3:100.00%', '4:0.00%', '5:0.00%', '6:0.00%', '7:0.00%', '8:1.20%', '9:0.00%']
                                          0msec<-
Central server round 36, loss : 2.05, accuracy :22.84%
Time past: 295200msec
['0:78.30%', '1:48.20%', '2:0.00%', '3:53.60%', '4:0.00%', '5:4.20%', '6:33.40%', '7:0.00%', '8:1.40%', '9:9.30%']
                                          ->0msec
                                                     -> Cluster 77, loss : 2.05, accuracy 22.84%, model from round 37
                                                     ['0:78.30%', '1:48.20%', '2:0.00%', '3:53.60%', '4:0.00%', '5:4.20%', '6:33.40%', '7:0.00%', '8:1.40%', '9:9.30%']
                                                                                              <-> Client 0, global : from 22.84% to 10.09%, local : from 47.40% to 95.00%, training time : 8200msec
                                                     Cluster 77, round 1, loss : 4.32, accuracy 10.09% <-
                                                     Time past : 8200msec
                                                     ['0:0.00%', '1:0.00%', '2:0.00%', '3:100.00%', '4:0.00%', '5:0.00%', '6:0.00%', '7:0.00%', '8:0.90%', '9:0.00%']
                                          0msec<-
                                          ->0msec
                                                     -> Cluster 33, loss : 2.05, accuracy 22.84%, model from round 37
                                                     ['0:78.30%', '1:48.20%', '2:0.00%', '3:53.60%', '4:0.00%', '5:4.20%', '6:33.40%', '7:0.00%', '8:1.40%', '9:9.30%']
                                                                                              <-> Client 0, global : from 22.84% to 10.00%, local : from 47.60% to 95.00%, training time : 8200msec
                                                     Cluster 33, round 1, loss : 4.68, accuracy 10.00% <-
                                                     Time past : 8200msec
                                                     ['0:0.00%', '1:100.00%', '2:0.00%', '3:0.00%', '4:0.00%', '5:0.00%', '6:0.00%', '7:0.00%', '8:0.00%', '9:0.00%']
                                          0msec<-
                                          ->0msec
                                                     -> Cluster 58, loss : 2.05, accuracy 22.84%, model from round 37
                                                     ['0:78.30%', '1:48.20%', '2:0.00%', '3:53.60%', '4:0.00%', '5:4.20%', '6:33.40%', '7:0.00%', '8:1.40%', '9:9.30%']
                                                                                              <-> Client 0, global : from 22.84% to 11.03%, local : from 2.00% to 95.00%, training time : 8200msec
                                                     Cluster 58, round 1, loss : 3.53, accuracy 11.03% <-
                                                     Time past : 8200msec
                                                     ['0:0.00%', '1:0.00%', '2:0.00%', '3:0.00%', '4:0.00%', '5:0.00%', '6:0.00%', '7:99.80%', '8:10.50%', '9:0.00%']
                                          0msec<-
                                          ->0msec
                                                     -> Cluster 67, loss : 2.05, accuracy 22.84%, model from round 37
                                                     ['0:78.30%', '1:48.20%', '2:0.00%', '3:53.60%', '4:0.00%', '5:4.20%', '6:33.40%', '7:0.00%', '8:1.40%', '9:9.30%']
                                                                                              <-> Client 0, global : from 22.84% to 10.22%, local : from 1.60% to 95.00%, training time : 8200msec
                                                     Cluster 67, round 1, loss : 4.20, accuracy 10.22% <-
                                                     Time past : 8200msec
                                                     ['0:0.00%', '1:0.00%', '2:0.00%', '3:0.00%', '4:0.00%', '5:0.00%', '6:2.20%', '7:0.00%', '8:100.00%', '9:0.00%']
                                          0msec<-
                                          ->0msec
                                                     -> Cluster 20, loss : 2.05, accuracy 22.84%, model from round 37
                                                     ['0:78.30%', '1:48.20%', '2:0.00%', '3:53.60%', '4:0.00%', '5:4.20%', '6:33.40%', '7:0.00%', '8:1.40%', '9:9.30%']
                                                                                              <-> Client 0, global : from 22.84% to 10.04%, local : from 1.40% to 94.81%, training time : 8200msec
                                                     Cluster 20, round 1, loss : 4.99, accuracy 10.04% <-
                                                     Time past : 8200msec
                                                     ['0:0.00%', '1:0.00%', '2:0.00%', '3:0.00%', '4:100.00%', '5:0.00%', '6:0.00%', '7:0.00%', '8:0.40%', '9:0.00%']
                                          0msec<-
                                          ->0msec
                                                     -> Cluster 17, loss : 2.05, accuracy 22.84%, model from round 37
                                                     ['0:78.30%', '1:48.20%', '2:0.00%', '3:53.60%', '4:0.00%', '5:4.20%', '6:33.40%', '7:0.00%', '8:1.40%', '9:9.30%']
                                                                                              <-> Client 0, global : from 22.84% to 10.08%, local : from 10.20% to 95.00%, training time : 8200msec
                                                     Cluster 17, round 1, loss : 3.88, accuracy 10.08% <-
                                                     Time past : 8200msec
                                                     ['0:0.00%', '1:0.00%', '2:0.00%', '3:0.90%', '4:0.00%', '5:0.00%', '6:0.00%', '7:0.00%', '8:0.00%', '9:99.90%']
                                          0msec<-
                                          ->0msec
                                                     -> Cluster 99, loss : 2.05, accuracy 22.84%, model from round 37
                                                     ['0:78.30%', '1:48.20%', '2:0.00%', '3:53.60%', '4:0.00%', '5:4.20%', '6:33.40%', '7:0.00%', '8:1.40%', '9:9.30%']
                                                                                              <-> Client 0, global : from 22.84% to 10.04%, local : from 71.94% to 95.19%, training time : 8200msec
                                                     Cluster 99, round 1, loss : 3.62, accuracy 10.04% <-
                                                     Time past : 8200msec
                                                     ['0:99.90%', '1:0.00%', '2:0.00%', '3:0.00%', '4:0.00%', '5:0.30%', '6:0.20%', '7:0.00%', '8:0.00%', '9:0.00%']
                                          0msec<-
                                          ->0msec
                                                     -> Cluster 91, loss : 2.05, accuracy 22.84%, model from round 37
                                                     ['0:78.30%', '1:48.20%', '2:0.00%', '3:53.60%', '4:0.00%', '5:4.20%', '6:33.40%', '7:0.00%', '8:1.40%', '9:9.30%']
                                                                                              <-> Client 0, global : from 22.84% to 10.00%, local : from 74.20% to 95.00%, training time : 8200msec
                                                     Cluster 91, round 1, loss : 4.30, accuracy 10.00% <-
                                                     Time past : 8200msec
                                                     ['0:100.00%', '1:0.00%', '2:0.00%', '3:0.00%', '4:0.00%', '5:0.00%', '6:0.00%', '7:0.00%', '8:0.00%', '9:0.00%']
                                          0msec<-
                                          ->0msec
                                                     -> Cluster 56, loss : 2.05, accuracy 22.84%, model from round 37
                                                     ['0:78.30%', '1:48.20%', '2:0.00%', '3:53.60%', '4:0.00%', '5:4.20%', '6:33.40%', '7:0.00%', '8:1.40%', '9:9.30%']
                                                                                              <-> Client 0, global : from 22.84% to 10.01%, local : from 1.20% to 95.00%, training time : 8200msec
                                                     Cluster 56, round 1, loss : 4.03, accuracy 10.01% <-
                                                     Time past : 8200msec
                                                     ['0:0.00%', '1:0.00%', '2:0.00%', '3:0.00%', '4:0.00%', '5:0.00%', '6:0.00%', '7:100.00%', '8:0.10%', '9:0.00%']
                                          0msec<-
                                          ->0msec
                                                     -> Cluster 46, loss : 2.05, accuracy 22.84%, model from round 37
                                                     ['0:78.30%', '1:48.20%', '2:0.00%', '3:53.60%', '4:0.00%', '5:4.20%', '6:33.40%', '7:0.00%', '8:1.40%', '9:9.30%']
                                                                                              <-> Client 0, global : from 22.84% to 10.00%, local : from 1.80% to 95.00%, training time : 8200msec
                                                     Cluster 46, round 1, loss : 4.54, accuracy 10.00% <-
                                                     Time past : 8200msec
                                                     ['0:0.00%', '1:0.00%', '2:100.00%', '3:0.00%', '4:0.00%', '5:0.00%', '6:0.00%', '7:0.00%', '8:0.00%', '9:0.00%']
                                          0msec<-
Central server round 37, loss : 2.08, accuracy :22.26%
Time past: 303400msec
['0:76.70%', '1:23.50%', '2:0.00%', '3:21.90%', '4:0.30%', '5:1.60%', '6:3.80%', '7:63.40%', '8:18.80%', '9:12.60%']
                                          ->0msec
                                                     -> Cluster 41, loss : 2.08, accuracy 22.26%, model from round 38
                                                     ['0:76.70%', '1:23.50%', '2:0.00%', '3:21.90%', '4:0.30%', '5:1.60%', '6:3.80%', '7:63.40%', '8:18.80%', '9:12.60%']
                                                                                              <-> Client 0, global : from 22.26% to 10.00%, local : from 1.40% to 94.81%, training time : 8200msec
                                                     Cluster 41, round 1, loss : 4.74, accuracy 10.00% <-
                                                     Time past : 8200msec
                                                     ['0:0.00%', '1:0.00%', '2:100.00%', '3:0.00%', '4:0.00%', '5:0.00%', '6:0.00%', '7:0.00%', '8:0.00%', '9:0.00%']
                                          0msec<-
                                          ->0msec
                                                     -> Cluster 63, loss : 2.08, accuracy 22.26%, model from round 38
                                                     ['0:76.70%', '1:23.50%', '2:0.00%', '3:21.90%', '4:0.30%', '5:1.60%', '6:3.80%', '7:63.40%', '8:18.80%', '9:12.60%']
                                                                                              <-> Client 0, global : from 22.26% to 10.68%, local : from 18.40% to 95.00%, training time : 8200msec
                                                     Cluster 63, round 1, loss : 4.00, accuracy 10.68% <-
                                                     Time past : 8200msec
                                                     ['0:0.00%', '1:0.00%', '2:0.00%', '3:0.00%', '4:6.20%', '5:0.00%', '6:0.60%', '7:0.00%', '8:100.00%', '9:0.00%']
                                          0msec<-
                                          ->0msec
                                                     -> Cluster 12, loss : 2.08, accuracy 22.26%, model from round 38
                                                     ['0:76.70%', '1:23.50%', '2:0.00%', '3:21.90%', '4:0.30%', '5:1.60%', '6:3.80%', '7:63.40%', '8:18.80%', '9:12.60%']
                                                                                              <-> Client 0, global : from 22.26% to 10.00%, local : from 12.20% to 95.00%, training time : 8200msec
                                                     Cluster 12, round 1, loss : 4.79, accuracy 10.00% <-
                                                     Time past : 8200msec
                                                     ['0:0.00%', '1:0.00%', '2:0.00%', '3:0.00%', '4:0.00%', '5:0.00%', '6:0.00%', '7:0.00%', '8:0.00%', '9:100.00%']
                                          0msec<-
                                          ->0msec
                                                     -> Cluster 23, loss : 2.08, accuracy 22.26%, model from round 38
                                                     ['0:76.70%', '1:23.50%', '2:0.00%', '3:21.90%', '4:0.30%', '5:1.60%', '6:3.80%', '7:63.40%', '8:18.80%', '9:12.60%']
                                                                                              <-> Client 0, global : from 22.26% to 10.11%, local : from 1.00% to 95.00%, training time : 8200msec
                                                     Cluster 23, round 1, loss : 4.05, accuracy 10.11% <-
                                                     Time past : 8200msec
                                                     ['0:0.90%', '1:0.00%', '2:0.00%', '3:0.00%', '4:100.00%', '5:0.00%', '6:0.00%', '7:0.00%', '8:0.20%', '9:0.00%']
                                          0msec<-
                                          ->0msec
                                                     -> Cluster 5, loss : 2.08, accuracy 22.26%, model from round 38
                                                     ['0:76.70%', '1:23.50%', '2:0.00%', '3:21.90%', '4:0.30%', '5:1.60%', '6:3.80%', '7:63.40%', '8:18.80%', '9:12.60%']
                                                                                              <-> Client 0, global : from 22.26% to 10.45%, local : from 3.40% to 95.00%, training time : 8200msec
                                                     Cluster 5, round 1, loss : 4.24, accuracy 10.45% <-
                                                     Time past : 8200msec
                                                     ['0:0.00%', '1:0.00%', '2:0.00%', '3:0.00%', '4:0.00%', '5:0.00%', '6:100.00%', '7:0.00%', '8:3.50%', '9:1.00%']
                                          0msec<-
                                          ->0msec
                                                     -> Cluster 7, loss : 2.08, accuracy 22.26%, model from round 38
                                                     ['0:76.70%', '1:23.50%', '2:0.00%', '3:21.90%', '4:0.30%', '5:1.60%', '6:3.80%', '7:63.40%', '8:18.80%', '9:12.60%']
                                                                                              <-> Client 0, global : from 22.26% to 12.24%, local : from 3.80% to 95.20%, training time : 8200msec
                                                     Cluster 7, round 1, loss : 3.70, accuracy 12.24% <-
                                                     Time past : 8200msec
                                                     ['0:0.00%', '1:0.00%', '2:0.00%', '3:0.00%', '4:0.00%', '5:0.00%', '6:100.00%', '7:0.00%', '8:22.40%', '9:0.00%']
                                          0msec<-
                                          ->0msec
                                                     -> Cluster 76, loss : 2.08, accuracy 22.26%, model from round 38
                                                     ['0:76.70%', '1:23.50%', '2:0.00%', '3:21.90%', '4:0.30%', '5:1.60%', '6:3.80%', '7:63.40%', '8:18.80%', '9:12.60%']
                                                                                              <-> Client 0, global : from 22.26% to 10.08%, local : from 23.40% to 95.00%, training time : 8200msec
                                                     Cluster 76, round 1, loss : 4.46, accuracy 10.08% <-
                                                     Time past : 8200msec
                                                     ['0:0.00%', '1:0.00%', '2:0.00%', '3:100.00%', '4:0.00%', '5:0.00%', '6:0.00%', '7:0.00%', '8:0.80%', '9:0.00%']
                                          0msec<-
                                          ->0msec
                                                     -> Cluster 2, loss : 2.08, accuracy 22.26%, model from round 38
                                                     ['0:76.70%', '1:23.50%', '2:0.00%', '3:21.90%', '4:0.30%', '5:1.60%', '6:3.80%', '7:63.40%', '8:18.80%', '9:12.60%']
                                                                                              <-> Client 0, global : from 22.26% to 16.13%, local : from 5.00% to 94.20%, training time : 8200msec
                                                     Cluster 2, round 1, loss : 3.16, accuracy 16.13% <-
                                                     Time past : 8200msec
                                                     ['0:0.00%', '1:0.00%', '2:0.00%', '3:0.00%', '4:0.00%', '5:0.00%', '6:99.20%', '7:0.00%', '8:62.10%', '9:0.00%']
                                          0msec<-
                                          ->0msec
                                                     -> Cluster 96, loss : 2.08, accuracy 22.26%, model from round 38
                                                     ['0:76.70%', '1:23.50%', '2:0.00%', '3:21.90%', '4:0.30%', '5:1.60%', '6:3.80%', '7:63.40%', '8:18.80%', '9:12.60%']
                                                                                              <-> Client 0, global : from 22.26% to 10.00%, local : from 66.93% to 95.19%, training time : 8200msec
                                                     Cluster 96, round 1, loss : 3.87, accuracy 10.00% <-
                                                     Time past : 8200msec
                                                     ['0:100.00%', '1:0.00%', '2:0.00%', '3:0.00%', '4:0.00%', '5:0.00%', '6:0.00%', '7:0.00%', '8:0.00%', '9:0.00%']
                                          0msec<-
                                          ->0msec
                                                     -> Cluster 27, loss : 2.08, accuracy 22.26%, model from round 38
                                                     ['0:76.70%', '1:23.50%', '2:0.00%', '3:21.90%', '4:0.30%', '5:1.60%', '6:3.80%', '7:63.40%', '8:18.80%', '9:12.60%']
                                                                                              <-> Client 0, global : from 22.26% to 10.00%, local : from 1.40% to 95.00%, training time : 8200msec
                                                     Cluster 27, round 1, loss : 4.53, accuracy 10.00% <-
                                                     Time past : 8200msec
                                                     ['0:0.00%', '1:0.00%', '2:0.00%', '3:0.00%', '4:100.00%', '5:0.00%', '6:0.00%', '7:0.00%', '8:0.00%', '9:0.00%']
                                          0msec<-
Central server round 38, loss : 2.04, accuracy :23.80%
Time past: 311600msec
['0:30.00%', '1:3.30%', '2:0.20%', '3:0.60%', '4:5.60%', '5:2.40%', '6:90.10%', '7:0.40%', '8:58.20%', '9:47.20%']
                                          ->0msec
                                                     -> Cluster 29, loss : 2.04, accuracy 23.80%, model from round 39
                                                     ['0:30.00%', '1:3.30%', '2:0.20%', '3:0.60%', '4:5.60%', '5:2.40%', '6:90.10%', '7:0.40%', '8:58.20%', '9:47.20%']
                                                                                              <-> Client 0, global : from 23.80% to 10.07%, local : from 6.20% to 95.00%, training time : 8200msec
                                                     Cluster 29, round 1, loss : 4.39, accuracy 10.07% <-
                                                     Time past : 8200msec
                                                     ['0:0.00%', '1:0.00%', '2:0.00%', '3:0.00%', '4:100.00%', '5:0.00%', '6:0.00%', '7:0.00%', '8:0.70%', '9:0.00%']
                                          0msec<-
                                          ->0msec
                                                     -> Cluster 63, loss : 2.04, accuracy 23.80%, model from round 39
                                                     ['0:30.00%', '1:3.30%', '2:0.20%', '3:0.60%', '4:5.60%', '5:2.40%', '6:90.10%', '7:0.40%', '8:58.20%', '9:47.20%']
                                                                                              <-> Client 0, global : from 23.80% to 10.42%, local : from 56.00% to 95.00%, training time : 8200msec
                                                     Cluster 63, round 1, loss : 4.30, accuracy 10.42% <-
                                                     Time past : 8200msec
                                                     ['0:0.00%', '1:0.00%', '2:0.00%', '3:0.00%', '4:3.20%', '5:0.00%', '6:1.00%', '7:0.00%', '8:100.00%', '9:0.00%']
                                          0msec<-
                                          ->0msec
                                                     -> Cluster 57, loss : 2.04, accuracy 23.80%, model from round 39
                                                     ['0:30.00%', '1:3.30%', '2:0.20%', '3:0.60%', '4:5.60%', '5:2.40%', '6:90.10%', '7:0.40%', '8:58.20%', '9:47.20%']
                                                                                              <-> Client 0, global : from 23.80% to 10.03%, local : from 1.60% to 95.00%, training time : 8200msec
                                                     Cluster 57, round 1, loss : 4.52, accuracy 10.03% <-
                                                     Time past : 8200msec
                                                     ['0:0.30%', '1:0.00%', '2:0.00%', '3:0.00%', '4:0.00%', '5:0.00%', '6:0.00%', '7:100.00%', '8:0.00%', '9:0.00%']
                                          0msec<-
                                          ->0msec
                                                     -> Cluster 48, loss : 2.04, accuracy 23.80%, model from round 39
                                                     ['0:30.00%', '1:3.30%', '2:0.20%', '3:0.60%', '4:5.60%', '5:2.40%', '6:90.10%', '7:0.40%', '8:58.20%', '9:47.20%']
                                                                                              <-> Client 0, global : from 23.80% to 10.00%, local : from 0.80% to 95.00%, training time : 8200msec
                                                     Cluster 48, round 1, loss : 3.68, accuracy 10.00% <-
                                                     Time past : 8200msec
                                                     ['0:0.00%', '1:0.00%', '2:100.00%', '3:0.00%', '4:0.00%', '5:0.00%', '6:0.00%', '7:0.00%', '8:0.00%', '9:0.00%']
                                          0msec<-
                                          ->0msec
                                                     -> Cluster 96, loss : 2.04, accuracy 23.80%, model from round 39
                                                     ['0:30.00%', '1:3.30%', '2:0.20%', '3:0.60%', '4:5.60%', '5:2.40%', '6:90.10%', '7:0.40%', '8:58.20%', '9:47.20%']
                                                                                              <-> Client 0, global : from 23.80% to 10.00%, local : from 26.85% to 95.19%, training time : 8200msec
                                                     Cluster 96, round 1, loss : 4.09, accuracy 10.00% <-
                                                     Time past : 8200msec
                                                     ['0:100.00%', '1:0.00%', '2:0.00%', '3:0.00%', '4:0.00%', '5:0.00%', '6:0.00%', '7:0.00%', '8:0.00%', '9:0.00%']
                                          0msec<-
                                          ->0msec
                                                     -> Cluster 21, loss : 2.04, accuracy 23.80%, model from round 39
                                                     ['0:30.00%', '1:3.30%', '2:0.20%', '3:0.60%', '4:5.60%', '5:2.40%', '6:90.10%', '7:0.40%', '8:58.20%', '9:47.20%']
                                                                                              <-> Client 0, global : from 23.80% to 10.00%, local : from 6.79% to 94.81%, training time : 8200msec
                                                     Cluster 21, round 1, loss : 4.32, accuracy 10.00% <-
                                                     Time past : 8200msec
                                                     ['0:0.00%', '1:0.00%', '2:0.00%', '3:0.00%', '4:100.00%', '5:0.00%', '6:0.00%', '7:0.00%', '8:0.00%', '9:0.00%']
                                          0msec<-
                                          ->0msec
                                                     -> Cluster 30, loss : 2.04, accuracy 23.80%, model from round 39
                                                     ['0:30.00%', '1:3.30%', '2:0.20%', '3:0.60%', '4:5.60%', '5:2.40%', '6:90.10%', '7:0.40%', '8:58.20%', '9:47.20%']
                                                                                              <-> Client 0, global : from 23.80% to 10.00%, local : from 4.19% to 94.81%, training time : 8200msec
                                                     Cluster 30, round 1, loss : 4.24, accuracy 10.00% <-
                                                     Time past : 8200msec
                                                     ['0:0.00%', '1:100.00%', '2:0.00%', '3:0.00%', '4:0.00%', '5:0.00%', '6:0.00%', '7:0.00%', '8:0.00%', '9:0.00%']
                                          0msec<-
                                          ->0msec
                                                     -> Cluster 36, loss : 2.04, accuracy 23.80%, model from round 39
                                                     ['0:30.00%', '1:3.30%', '2:0.20%', '3:0.60%', '4:5.60%', '5:2.40%', '6:90.10%', '7:0.40%', '8:58.20%', '9:47.20%']
                                                                                              <-> Client 0, global : from 23.80% to 10.00%, local : from 5.00% to 95.00%, training time : 8200msec
                                                     Cluster 36, round 1, loss : 3.97, accuracy 10.00% <-
                                                     Time past : 8200msec
                                                     ['0:0.00%', '1:100.00%', '2:0.00%', '3:0.00%', '4:0.00%', '5:0.00%', '6:0.00%', '7:0.00%', '8:0.00%', '9:0.00%']
                                          0msec<-
                                          ->0msec
                                                     -> Cluster 59, loss : 2.04, accuracy 23.80%, model from round 39
                                                     ['0:30.00%', '1:3.30%', '2:0.20%', '3:0.60%', '4:5.60%', '5:2.40%', '6:90.10%', '7:0.40%', '8:58.20%', '9:47.20%']
                                                                                              <-> Client 0, global : from 23.80% to 10.13%, local : from 1.60% to 95.20%, training time : 8200msec
                                                     Cluster 59, round 1, loss : 4.13, accuracy 10.13% <-
                                                     Time past : 8200msec
                                                     ['0:0.00%', '1:0.00%', '2:0.00%', '3:0.00%', '4:0.00%', '5:0.00%', '6:0.00%', '7:100.00%', '8:1.30%', '9:0.00%']
                                          0msec<-
                                          ->0msec
                                                     -> Cluster 70, loss : 2.04, accuracy 23.80%, model from round 39
                                                     ['0:30.00%', '1:3.30%', '2:0.20%', '3:0.60%', '4:5.60%', '5:2.40%', '6:90.10%', '7:0.40%', '8:58.20%', '9:47.20%']
                                                                                              <-> Client 0, global : from 23.80% to 10.00%, local : from 2.00% to 95.00%, training time : 8200msec
                                                     Cluster 70, round 1, loss : 3.85, accuracy 10.00% <-
                                                     Time past : 8200msec
                                                     ['0:0.00%', '1:0.00%', '2:0.00%', '3:100.00%', '4:0.00%', '5:0.00%', '6:0.00%', '7:0.00%', '8:0.00%', '9:0.00%']
                                          0msec<-
Central server round 39, loss : 2.04, accuracy :26.35%
Time past: 319800msec
['0:34.30%', '1:53.20%', '2:0.40%', '3:2.90%', '4:67.20%', '5:3.90%', '6:0.00%', '7:39.70%', '8:56.80%', '9:5.10%']
                                          ->0msec
                                                     -> Cluster 1, loss : 2.04, accuracy 26.35%, model from round 40
                                                     ['0:34.30%', '1:53.20%', '2:0.40%', '3:2.90%', '4:67.20%', '5:3.90%', '6:0.00%', '7:39.70%', '8:56.80%', '9:5.10%']
                                                                                              <-> Client 0, global : from 26.35% to 10.84%, local : from 1.00% to 94.81%, training time : 8200msec
                                                     Cluster 1, round 1, loss : 4.44, accuracy 10.84% <-
                                                     Time past : 8200msec
                                                     ['0:0.00%', '1:0.00%', '2:0.00%', '3:0.00%', '4:0.00%', '5:0.00%', '6:100.00%', '7:0.00%', '8:8.40%', '9:0.00%']
                                          0msec<-
                                          ->0msec
                                                     -> Cluster 0, loss : 2.04, accuracy 26.35%, model from round 40
                                                     ['0:34.30%', '1:53.20%', '2:0.40%', '3:2.90%', '4:67.20%', '5:3.90%', '6:0.00%', '7:39.70%', '8:56.80%', '9:5.10%']
                                                                                              <-> Client 0, global : from 26.35% to 10.15%, local : from 1.60% to 95.01%, training time : 8200msec
                                                     Cluster 0, round 1, loss : 4.29, accuracy 10.15% <-
                                                     Time past : 8200msec
                                                     ['0:0.00%', '1:0.00%', '2:0.00%', '3:0.00%', '4:0.00%', '5:0.00%', '6:100.00%', '7:0.00%', '8:1.50%', '9:0.00%']
                                          0msec<-
                                          ->0msec
                                                     -> Cluster 61, loss : 2.04, accuracy 26.35%, model from round 40
                                                     ['0:34.30%', '1:53.20%', '2:0.40%', '3:2.90%', '4:67.20%', '5:3.90%', '6:0.00%', '7:39.70%', '8:56.80%', '9:5.10%']
                                                                                              <-> Client 0, global : from 26.35% to 10.51%, local : from 55.09% to 95.01%, training time : 8200msec
                                                     Cluster 61, round 1, loss : 4.11, accuracy 10.51% <-
                                                     Time past : 8200msec
                                                     ['0:0.00%', '1:0.00%', '2:0.00%', '3:0.00%', '4:5.10%', '5:0.00%', '6:0.00%', '7:0.00%', '8:100.00%', '9:0.00%']
                                          0msec<-
                                          ->0msec
                                                     -> Cluster 40, loss : 2.04, accuracy 26.35%, model from round 40
                                                     ['0:34.30%', '1:53.20%', '2:0.40%', '3:2.90%', '4:67.20%', '5:3.90%', '6:0.00%', '7:39.70%', '8:56.80%', '9:5.10%']
                                                                                              <-> Client 0, global : from 26.35% to 10.00%, local : from 1.40% to 94.81%, training time : 8200msec
                                                     Cluster 40, round 1, loss : 3.75, accuracy 10.00% <-
                                                     Time past : 8200msec
                                                     ['0:0.00%', '1:0.00%', '2:100.00%', '3:0.00%', '4:0.00%', '5:0.00%', '6:0.00%', '7:0.00%', '8:0.00%', '9:0.00%']
                                          0msec<-
                                          ->0msec
                                                     -> Cluster 49, loss : 2.04, accuracy 26.35%, model from round 40
                                                     ['0:34.30%', '1:53.20%', '2:0.40%', '3:2.90%', '4:67.20%', '5:3.90%', '6:0.00%', '7:39.70%', '8:56.80%', '9:5.10%']
                                                                                              <-> Client 0, global : from 26.35% to 10.00%, local : from 1.20% to 95.00%, training time : 8200msec
                                                     Cluster 49, round 1, loss : 4.74, accuracy 10.00% <-
                                                     Time past : 8200msec
                                                     ['0:0.00%', '1:0.00%', '2:100.00%', '3:0.00%', '4:0.00%', '5:0.00%', '6:0.00%', '7:0.00%', '8:0.00%', '9:0.00%']
                                          0msec<-
                                          ->0msec
                                                     -> Cluster 74, loss : 2.04, accuracy 26.35%, model from round 40
                                                     ['0:34.30%', '1:53.20%', '2:0.40%', '3:2.90%', '4:67.20%', '5:3.90%', '6:0.00%', '7:39.70%', '8:56.80%', '9:5.10%']
                                                                                              <-> Client 0, global : from 26.35% to 10.03%, local : from 3.40% to 95.00%, training time : 8200msec
                                                     Cluster 74, round 1, loss : 4.66, accuracy 10.03% <-
                                                     Time past : 8200msec
                                                     ['0:0.00%', '1:0.00%', '2:0.00%', '3:100.00%', '4:0.00%', '5:0.00%', '6:0.00%', '7:0.00%', '8:0.30%', '9:0.00%']
                                          0msec<-
                                          ->0msec
                                                     -> Cluster 36, loss : 2.04, accuracy 26.35%, model from round 40
                                                     ['0:34.30%', '1:53.20%', '2:0.40%', '3:2.90%', '4:67.20%', '5:3.90%', '6:0.00%', '7:39.70%', '8:56.80%', '9:5.10%']
                                                                                              <-> Client 0, global : from 26.35% to 10.00%, local : from 54.40% to 95.00%, training time : 8200msec
                                                     Cluster 36, round 1, loss : 3.97, accuracy 10.00% <-
                                                     Time past : 8200msec
                                                     ['0:0.00%', '1:100.00%', '2:0.00%', '3:0.00%', '4:0.00%', '5:0.00%', '6:0.00%', '7:0.00%', '8:0.00%', '9:0.00%']
                                          0msec<-
                                          ->0msec
                                                     -> Cluster 25, loss : 2.04, accuracy 26.35%, model from round 40
                                                     ['0:34.30%', '1:53.20%', '2:0.40%', '3:2.90%', '4:67.20%', '5:3.90%', '6:0.00%', '7:39.70%', '8:56.80%', '9:5.10%']
                                                                                              <-> Client 0, global : from 26.35% to 10.03%, local : from 61.40% to 95.00%, training time : 8200msec
                                                     Cluster 25, round 1, loss : 4.78, accuracy 10.03% <-
                                                     Time past : 8200msec
                                                     ['0:0.00%', '1:0.00%', '2:0.00%', '3:0.00%', '4:100.00%', '5:0.00%', '6:0.00%', '7:0.00%', '8:0.30%', '9:0.00%']
                                          0msec<-
                                          ->0msec
                                                     -> Cluster 51, loss : 2.04, accuracy 26.35%, model from round 40
                                                     ['0:34.30%', '1:53.20%', '2:0.40%', '3:2.90%', '4:67.20%', '5:3.90%', '6:0.00%', '7:39.70%', '8:56.80%', '9:5.10%']
                                                                                              <-> Client 0, global : from 26.35% to 10.05%, local : from 35.13% to 94.81%, training time : 8200msec
                                                     Cluster 51, round 1, loss : 4.11, accuracy 10.05% <-
                                                     Time past : 8200msec
                                                     ['0:0.00%', '1:0.00%', '2:0.00%', '3:0.00%', '4:0.00%', '5:0.00%', '6:0.00%', '7:100.00%', '8:0.50%', '9:0.00%']
                                          0msec<-
                                          ->0msec
                                                     -> Cluster 20, loss : 2.04, accuracy 26.35%, model from round 40
                                                     ['0:34.30%', '1:53.20%', '2:0.40%', '3:2.90%', '4:67.20%', '5:3.90%', '6:0.00%', '7:39.70%', '8:56.80%', '9:5.10%']
                                                                                              <-> Client 0, global : from 26.35% to 11.57%, local : from 65.47% to 95.21%, training time : 8200msec
                                                     Cluster 20, round 1, loss : 3.49, accuracy 11.57% <-
                                                     Time past : 8200msec
                                                     ['0:0.00%', '1:0.00%', '2:0.00%', '3:0.00%', '4:99.50%', '5:0.00%', '6:0.00%', '7:0.00%', '8:16.20%', '9:0.00%']
                                          0msec<-
Central server round 40, loss : 2.03, accuracy :24.98%
Time past: 328000msec
['0:1.20%', '1:18.40%', '2:27.00%', '3:9.60%', '4:13.50%', '5:2.20%', '6:75.00%', '7:13.00%', '8:72.80%', '9:17.10%']
                                          ->0msec
                                                     -> Cluster 59, loss : 2.03, accuracy 24.98%, model from round 41
                                                     ['0:1.20%', '1:18.40%', '2:27.00%', '3:9.60%', '4:13.50%', '5:2.20%', '6:75.00%', '7:13.00%', '8:72.80%', '9:17.10%']
                                                                                              <-> Client 0, global : from 24.98% to 10.18%, local : from 12.60% to 95.20%, training time : 8200msec
                                                     Cluster 59, round 1, loss : 4.00, accuracy 10.18% <-
                                                     Time past : 8200msec
                                                     ['0:0.00%', '1:0.00%', '2:0.00%', '3:0.00%', '4:0.00%', '5:0.00%', '6:0.00%', '7:100.00%', '8:1.80%', '9:0.00%']
                                          0msec<-
                                          ->0msec
                                                     -> Cluster 83, loss : 2.03, accuracy 24.98%, model from round 41
                                                     ['0:1.20%', '1:18.40%', '2:27.00%', '3:9.60%', '4:13.50%', '5:2.20%', '6:75.00%', '7:13.00%', '8:72.80%', '9:17.10%']
                                                                                              <-> Client 0, global : from 24.98% to 10.01%, local : from 2.61% to 95.19%, training time : 8200msec
                                                     Cluster 83, round 1, loss : 4.49, accuracy 10.01% <-
                                                     Time past : 8200msec
                                                     ['0:0.00%', '1:0.00%', '2:0.00%', '3:0.00%', '4:0.00%', '5:100.00%', '6:0.00%', '7:0.00%', '8:0.10%', '9:0.00%']
                                          0msec<-
                                          ->0msec
                                                     -> Cluster 38, loss : 2.03, accuracy 24.98%, model from round 41
                                                     ['0:1.20%', '1:18.40%', '2:27.00%', '3:9.60%', '4:13.50%', '5:2.20%', '6:75.00%', '7:13.00%', '8:72.80%', '9:17.10%']
                                                                                              <-> Client 0, global : from 24.98% to 10.00%, local : from 19.20% to 95.00%, training time : 8200msec
                                                     Cluster 38, round 1, loss : 4.76, accuracy 10.00% <-
                                                     Time past : 8200msec
                                                     ['0:0.00%', '1:100.00%', '2:0.00%', '3:0.00%', '4:0.00%', '5:0.00%', '6:0.00%', '7:0.00%', '8:0.00%', '9:0.00%']
                                          0msec<-
                                          ->0msec
                                                     -> Cluster 1, loss : 2.03, accuracy 24.98%, model from round 41
                                                     ['0:1.20%', '1:18.40%', '2:27.00%', '3:9.60%', '4:13.50%', '5:2.20%', '6:75.00%', '7:13.00%', '8:72.80%', '9:17.10%']
                                                                                              <-> Client 0, global : from 24.98% to 12.04%, local : from 70.66% to 95.21%, training time : 8200msec
                                                     Cluster 1, round 1, loss : 3.93, accuracy 12.04% <-
                                                     Time past : 8200msec
                                                     ['0:0.00%', '1:0.00%', '2:0.00%', '3:0.00%', '4:0.00%', '5:0.00%', '6:100.00%', '7:0.00%', '8:20.40%', '9:0.00%']
                                          0msec<-
                                          ->0msec
                                                     -> Cluster 4, loss : 2.03, accuracy 24.98%, model from round 41
                                                     ['0:1.20%', '1:18.40%', '2:27.00%', '3:9.60%', '4:13.50%', '5:2.20%', '6:75.00%', '7:13.00%', '8:72.80%', '9:17.10%']
                                                                                              <-> Client 0, global : from 24.98% to 10.76%, local : from 72.00% to 95.00%, training time : 8200msec
                                                     Cluster 4, round 1, loss : 4.45, accuracy 10.76% <-
                                                     Time past : 8200msec
                                                     ['0:5.40%', '1:0.00%', '2:0.00%', '3:0.00%', '4:0.00%', '5:0.00%', '6:100.00%', '7:0.00%', '8:2.20%', '9:0.00%']
                                          0msec<-
                                          ->0msec
                                                     -> Cluster 68, loss : 2.03, accuracy 24.98%, model from round 41
                                                     ['0:1.20%', '1:18.40%', '2:27.00%', '3:9.60%', '4:13.50%', '5:2.20%', '6:75.00%', '7:13.00%', '8:72.80%', '9:17.10%']
                                                                                              <-> Client 0, global : from 24.98% to 10.94%, local : from 70.40% to 95.00%, training time : 8200msec
                                                     Cluster 68, round 1, loss : 3.99, accuracy 10.94% <-
                                                     Time past : 8200msec
                                                     ['0:0.00%', '1:0.00%', '2:0.00%', '3:0.00%', '4:0.00%', '5:0.00%', '6:9.40%', '7:0.00%', '8:100.00%', '9:0.00%']
                                          0msec<-
                                          ->0msec
                                                     -> Cluster 7, loss : 2.03, accuracy 24.98%, model from round 41
                                                     ['0:1.20%', '1:18.40%', '2:27.00%', '3:9.60%', '4:13.50%', '5:2.20%', '6:75.00%', '7:13.00%', '8:72.80%', '9:17.10%']
                                                                                              <-> Client 0, global : from 24.98% to 10.73%, local : from 70.60% to 95.00%, training time : 8200msec
                                                     Cluster 7, round 1, loss : 4.54, accuracy 10.73% <-
                                                     Time past : 8200msec
                                                     ['0:0.00%', '1:0.00%', '2:0.00%', '3:0.00%', '4:0.00%', '5:0.00%', '6:100.00%', '7:0.00%', '8:7.30%', '9:0.00%']
                                          0msec<-
                                          ->0msec
                                                     -> Cluster 67, loss : 2.03, accuracy 24.98%, model from round 41
                                                     ['0:1.20%', '1:18.40%', '2:27.00%', '3:9.60%', '4:13.50%', '5:2.20%', '6:75.00%', '7:13.00%', '8:72.80%', '9:17.10%']
                                                                                              <-> Client 0, global : from 24.98% to 10.55%, local : from 72.60% to 95.00%, training time : 8200msec
                                                     Cluster 67, round 1, loss : 3.83, accuracy 10.55% <-
                                                     Time past : 8200msec
                                                     ['0:0.00%', '1:0.00%', '2:0.00%', '3:0.00%', '4:0.00%', '5:0.00%', '6:5.50%', '7:0.00%', '8:100.00%', '9:0.00%']
                                          0msec<-
                                          ->0msec
                                                     -> Cluster 16, loss : 2.03, accuracy 24.98%, model from round 41
                                                     ['0:1.20%', '1:18.40%', '2:27.00%', '3:9.60%', '4:13.50%', '5:2.20%', '6:75.00%', '7:13.00%', '8:72.80%', '9:17.10%']
                                                                                              <-> Client 0, global : from 24.98% to 10.01%, local : from 18.00% to 95.00%, training time : 8200msec
                                                     Cluster 16, round 1, loss : 4.29, accuracy 10.01% <-
                                                     Time past : 8200msec
                                                     ['0:0.00%', '1:0.00%', '2:0.00%', '3:0.10%', '4:0.00%', '5:0.00%', '6:0.00%', '7:0.00%', '8:0.00%', '9:100.00%']
                                          0msec<-
                                          ->0msec
                                                     -> Cluster 5, loss : 2.03, accuracy 24.98%, model from round 41
                                                     ['0:1.20%', '1:18.40%', '2:27.00%', '3:9.60%', '4:13.50%', '5:2.20%', '6:75.00%', '7:13.00%', '8:72.80%', '9:17.10%']
                                                                                              <-> Client 0, global : from 24.98% to 10.87%, local : from 71.00% to 95.00%, training time : 8200msec
                                                     Cluster 5, round 1, loss : 4.24, accuracy 10.87% <-
                                                     Time past : 8200msec
                                                     ['0:0.00%', '1:0.00%', '2:0.00%', '3:0.00%', '4:0.00%', '5:0.00%', '6:100.00%', '7:0.00%', '8:7.70%', '9:1.00%']
                                          0msec<-
Central server round 41, loss : 2.28, accuracy :19.50%
Time past: 336200msec
['0:0.00%', '1:4.60%', '2:0.00%', '3:0.00%', '4:0.00%', '5:0.90%', '6:96.10%', '7:0.00%', '8:80.50%', '9:12.90%']
                                          ->0msec
                                                     -> Cluster 84, loss : 2.28, accuracy 19.50%, model from round 42
                                                     ['0:0.00%', '1:4.60%', '2:0.00%', '3:0.00%', '4:0.00%', '5:0.90%', '6:96.10%', '7:0.00%', '8:80.50%', '9:12.90%']
                                                                                              <-> Client 0, global : from 19.50% to 10.08%, local : from 3.41% to 95.19%, training time : 8200msec
                                                     Cluster 84, round 1, loss : 3.94, accuracy 10.08% <-
                                                     Time past : 8200msec
                                                     ['0:0.00%', '1:0.00%', '2:0.00%', '3:0.00%', '4:0.00%', '5:100.00%', '6:0.00%', '7:0.00%', '8:0.80%', '9:0.00%']
                                          0msec<-
                                          ->0msec
                                                     -> Cluster 57, loss : 2.28, accuracy 19.50%, model from round 42
                                                     ['0:0.00%', '1:4.60%', '2:0.00%', '3:0.00%', '4:0.00%', '5:0.90%', '6:96.10%', '7:0.00%', '8:80.50%', '9:12.90%']
                                                                                              <-> Client 0, global : from 19.50% to 10.00%, local : from 0.80% to 95.00%, training time : 8200msec
                                                     Cluster 57, round 1, loss : 4.84, accuracy 10.00% <-
                                                     Time past : 8200msec
                                                     ['0:0.00%', '1:0.00%', '2:0.00%', '3:0.00%', '4:0.00%', '5:0.00%', '6:0.00%', '7:100.00%', '8:0.00%', '9:0.00%']
                                          0msec<-
                                          ->0msec
                                                     -> Cluster 49, loss : 2.28, accuracy 19.50%, model from round 42
                                                     ['0:0.00%', '1:4.60%', '2:0.00%', '3:0.00%', '4:0.00%', '5:0.90%', '6:96.10%', '7:0.00%', '8:80.50%', '9:12.90%']
                                                                                              <-> Client 0, global : from 19.50% to 10.01%, local : from 1.00% to 95.00%, training time : 8200msec
                                                     Cluster 49, round 1, loss : 4.38, accuracy 10.01% <-
                                                     Time past : 8200msec
                                                     ['0:0.00%', '1:0.00%', '2:100.00%', '3:0.00%', '4:0.00%', '5:0.00%', '6:0.00%', '7:0.00%', '8:0.10%', '9:0.00%']
                                          0msec<-
                                          ->0msec
                                                     -> Cluster 42, loss : 2.28, accuracy 19.50%, model from round 42
                                                     ['0:0.00%', '1:4.60%', '2:0.00%', '3:0.00%', '4:0.00%', '5:0.90%', '6:96.10%', '7:0.00%', '8:80.50%', '9:12.90%']
                                                                                              <-> Client 0, global : from 19.50% to 10.00%, local : from 1.00% to 95.00%, training time : 8200msec
                                                     Cluster 42, round 1, loss : 5.15, accuracy 10.00% <-
                                                     Time past : 8200msec
                                                     ['0:0.00%', '1:0.00%', '2:100.00%', '3:0.00%', '4:0.00%', '5:0.00%', '6:0.00%', '7:0.00%', '8:0.00%', '9:0.00%']
                                          0msec<-
                                          ->0msec
                                                     -> Cluster 80, loss : 2.28, accuracy 19.50%, model from round 42
                                                     ['0:0.00%', '1:4.60%', '2:0.00%', '3:0.00%', '4:0.00%', '5:0.90%', '6:96.10%', '7:0.00%', '8:80.50%', '9:12.90%']
                                                                                              <-> Client 0, global : from 19.50% to 10.24%, local : from 1.20% to 95.00%, training time : 8200msec
                                                     Cluster 80, round 1, loss : 4.00, accuracy 10.24% <-
                                                     Time past : 8200msec
                                                     ['0:0.00%', '1:0.10%', '2:0.00%', '3:0.00%', '4:0.00%', '5:100.00%', '6:0.00%', '7:0.00%', '8:1.80%', '9:0.50%']
                                          0msec<-
                                          ->0msec
                                                     -> Cluster 34, loss : 2.28, accuracy 19.50%, model from round 42
                                                     ['0:0.00%', '1:4.60%', '2:0.00%', '3:0.00%', '4:0.00%', '5:0.90%', '6:96.10%', '7:0.00%', '8:80.50%', '9:12.90%']
                                                                                              <-> Client 0, global : from 19.50% to 10.00%, local : from 6.40% to 95.00%, training time : 8200msec
                                                     Cluster 34, round 1, loss : 4.65, accuracy 10.00% <-
                                                     Time past : 8200msec
                                                     ['0:0.00%', '1:100.00%', '2:0.00%', '3:0.00%', '4:0.00%', '5:0.00%', '6:0.00%', '7:0.00%', '8:0.00%', '9:0.00%']
                                          0msec<-
                                          ->0msec
                                                     -> Cluster 33, loss : 2.28, accuracy 19.50%, model from round 42
                                                     ['0:0.00%', '1:4.60%', '2:0.00%', '3:0.00%', '4:0.00%', '5:0.90%', '6:96.10%', '7:0.00%', '8:80.50%', '9:12.90%']
                                                                                              <-> Client 0, global : from 19.50% to 10.00%, local : from 4.40% to 95.00%, training time : 8200msec
                                                     Cluster 33, round 1, loss : 4.33, accuracy 10.00% <-
                                                     Time past : 8200msec
                                                     ['0:0.00%', '1:100.00%', '2:0.00%', '3:0.00%', '4:0.00%', '5:0.00%', '6:0.00%', '7:0.00%', '8:0.00%', '9:0.00%']
                                          0msec<-
                                          ->0msec
                                                     -> Cluster 82, loss : 2.28, accuracy 19.50%, model from round 42
                                                     ['0:0.00%', '1:4.60%', '2:0.00%', '3:0.00%', '4:0.00%', '5:0.90%', '6:96.10%', '7:0.00%', '8:80.50%', '9:12.90%']
                                                                                              <-> Client 0, global : from 19.50% to 10.28%, local : from 2.40% to 95.00%, training time : 8200msec
                                                     Cluster 82, round 1, loss : 4.57, accuracy 10.28% <-
                                                     Time past : 8200msec
                                                     ['0:0.00%', '1:0.00%', '2:0.00%', '3:0.00%', '4:0.00%', '5:100.00%', '6:0.00%', '7:0.00%', '8:2.80%', '9:0.00%']
                                          0msec<-
                                          ->0msec
                                                     -> Cluster 81, loss : 2.28, accuracy 19.50%, model from round 42
                                                     ['0:0.00%', '1:4.60%', '2:0.00%', '3:0.00%', '4:0.00%', '5:0.90%', '6:96.10%', '7:0.00%', '8:80.50%', '9:12.90%']
                                                                                              <-> Client 0, global : from 19.50% to 10.00%, local : from 1.40% to 95.00%, training time : 8200msec
                                                     Cluster 81, round 1, loss : 4.39, accuracy 10.00% <-
                                                     Time past : 8200msec
                                                     ['0:0.00%', '1:0.00%', '2:0.00%', '3:0.00%', '4:0.00%', '5:100.00%', '6:0.00%', '7:0.00%', '8:0.00%', '9:0.00%']
                                          0msec<-
                                          ->0msec
                                                     -> Cluster 31, loss : 2.28, accuracy 19.50%, model from round 42
                                                     ['0:0.00%', '1:4.60%', '2:0.00%', '3:0.00%', '4:0.00%', '5:0.90%', '6:96.10%', '7:0.00%', '8:80.50%', '9:12.90%']
                                                                                              <-> Client 0, global : from 19.50% to 10.00%, local : from 4.99% to 94.81%, training time : 8200msec
                                                     Cluster 31, round 1, loss : 3.97, accuracy 10.00% <-
                                                     Time past : 8200msec
                                                     ['0:0.00%', '1:100.00%', '2:0.00%', '3:0.00%', '4:0.00%', '5:0.00%', '6:0.00%', '7:0.00%', '8:0.00%', '9:0.00%']
                                          0msec<-
Central server round 42, loss : 2.29, accuracy :17.06%
Time past: 344400msec
['0:2.60%', '1:67.20%', '2:0.00%', '3:0.00%', '4:0.00%', '5:89.60%', '6:0.40%', '7:0.60%', '8:10.10%', '9:0.10%']
                                          ->0msec
                                                     -> Cluster 84, loss : 2.29, accuracy 17.06%, model from round 43
                                                     ['0:2.60%', '1:67.20%', '2:0.00%', '3:0.00%', '4:0.00%', '5:89.60%', '6:0.40%', '7:0.60%', '8:10.10%', '9:0.10%']
                                                                                              <-> Client 0, global : from 17.06% to 10.08%, local : from 84.57% to 95.19%, training time : 8200msec
                                                     Cluster 84, round 1, loss : 4.29, accuracy 10.08% <-
                                                     Time past : 8200msec
                                                     ['0:0.00%', '1:0.00%', '2:0.00%', '3:0.00%', '4:0.00%', '5:100.00%', '6:0.00%', '7:0.00%', '8:0.80%', '9:0.00%']
                                          0msec<-
                                          ->0msec
                                                     -> Cluster 8, loss : 2.29, accuracy 17.06%, model from round 43
                                                     ['0:2.60%', '1:67.20%', '2:0.00%', '3:0.00%', '4:0.00%', '5:89.60%', '6:0.40%', '7:0.60%', '8:10.10%', '9:0.10%']
                                                                                              <-> Client 0, global : from 17.06% to 11.65%, local : from 1.00% to 95.20%, training time : 8200msec
                                                     Cluster 8, round 1, loss : 3.76, accuracy 11.65% <-
                                                     Time past : 8200msec
                                                     ['0:0.00%', '1:0.20%', '2:0.00%', '3:0.00%', '4:0.00%', '5:0.00%', '6:100.00%', '7:0.00%', '8:12.10%', '9:4.20%']
                                          0msec<-
                                          ->0msec
                                                     -> Cluster 91, loss : 2.29, accuracy 17.06%, model from round 43
                                                     ['0:2.60%', '1:67.20%', '2:0.00%', '3:0.00%', '4:0.00%', '5:89.60%', '6:0.40%', '7:0.60%', '8:10.10%', '9:0.10%']
                                                                                              <-> Client 0, global : from 17.06% to 10.00%, local : from 3.00% to 95.00%, training time : 8200msec
                                                     Cluster 91, round 1, loss : 5.02, accuracy 10.00% <-
                                                     Time past : 8200msec
                                                     ['0:100.00%', '1:0.00%', '2:0.00%', '3:0.00%', '4:0.00%', '5:0.00%', '6:0.00%', '7:0.00%', '8:0.00%', '9:0.00%']
                                          0msec<-
                                          ->0msec
                                                     -> Cluster 34, loss : 2.29, accuracy 17.06%, model from round 43
                                                     ['0:2.60%', '1:67.20%', '2:0.00%', '3:0.00%', '4:0.00%', '5:89.60%', '6:0.40%', '7:0.60%', '8:10.10%', '9:0.10%']
                                                                                              <-> Client 0, global : from 17.06% to 10.00%, local : from 64.00% to 95.00%, training time : 8200msec
                                                     Cluster 34, round 1, loss : 3.87, accuracy 10.00% <-
                                                     Time past : 8200msec
                                                     ['0:0.00%', '1:100.00%', '2:0.00%', '3:0.00%', '4:0.00%', '5:0.00%', '6:0.00%', '7:0.00%', '8:0.00%', '9:0.00%']
                                          0msec<-
                                          ->0msec
                                                     -> Cluster 95, loss : 2.29, accuracy 17.06%, model from round 43
                                                     ['0:2.60%', '1:67.20%', '2:0.00%', '3:0.00%', '4:0.00%', '5:89.60%', '6:0.40%', '7:0.60%', '8:10.10%', '9:0.10%']
                                                                                              <-> Client 0, global : from 17.06% to 10.03%, local : from 3.61% to 95.19%, training time : 8200msec
                                                     Cluster 95, round 1, loss : 4.19, accuracy 10.03% <-
                                                     Time past : 8200msec
                                                     ['0:99.80%', '1:0.00%', '2:0.00%', '3:0.00%', '4:0.00%', '5:0.00%', '6:0.50%', '7:0.00%', '8:0.00%', '9:0.00%']
                                          0msec<-
                                          ->0msec
                                                     -> Cluster 78, loss : 2.29, accuracy 17.06%, model from round 43
                                                     ['0:2.60%', '1:67.20%', '2:0.00%', '3:0.00%', '4:0.00%', '5:89.60%', '6:0.40%', '7:0.60%', '8:10.10%', '9:0.10%']
                                                                                              <-> Client 0, global : from 17.06% to 10.08%, local : from 0.20% to 95.00%, training time : 8200msec
                                                     Cluster 78, round 1, loss : 3.85, accuracy 10.08% <-
                                                     Time past : 8200msec
                                                     ['0:0.00%', '1:0.00%', '2:0.00%', '3:100.00%', '4:0.00%', '5:0.00%', '6:0.00%', '7:0.00%', '8:0.60%', '9:0.20%']
                                          0msec<-
                                          ->0msec
                                                     -> Cluster 92, loss : 2.29, accuracy 17.06%, model from round 43
                                                     ['0:2.60%', '1:67.20%', '2:0.00%', '3:0.00%', '4:0.00%', '5:89.60%', '6:0.40%', '7:0.60%', '8:10.10%', '9:0.10%']
                                                                                              <-> Client 0, global : from 17.06% to 10.02%, local : from 1.20% to 95.00%, training time : 8200msec
                                                     Cluster 92, round 1, loss : 4.52, accuracy 10.02% <-
                                                     Time past : 8200msec
                                                     ['0:99.80%', '1:0.00%', '2:0.00%', '3:0.00%', '4:0.00%', '5:0.00%', '6:0.40%', '7:0.00%', '8:0.00%', '9:0.00%']
                                          0msec<-
                                          ->0msec
                                                     -> Cluster 96, loss : 2.29, accuracy 17.06%, model from round 43
                                                     ['0:2.60%', '1:67.20%', '2:0.00%', '3:0.00%', '4:0.00%', '5:89.60%', '6:0.40%', '7:0.60%', '8:10.10%', '9:0.10%']
                                                                                              <-> Client 0, global : from 17.06% to 10.00%, local : from 2.81% to 95.19%, training time : 8200msec
                                                     Cluster 96, round 1, loss : 3.84, accuracy 10.00% <-
                                                     Time past : 8200msec
                                                     ['0:100.00%', '1:0.00%', '2:0.00%', '3:0.00%', '4:0.00%', '5:0.00%', '6:0.00%', '7:0.00%', '8:0.00%', '9:0.00%']
                                          0msec<-
                                          ->0msec
                                                     -> Cluster 9, loss : 2.29, accuracy 17.06%, model from round 43
                                                     ['0:2.60%', '1:67.20%', '2:0.00%', '3:0.00%', '4:0.00%', '5:89.60%', '6:0.40%', '7:0.60%', '8:10.10%', '9:0.10%']
                                                                                              <-> Client 0, global : from 17.06% to 11.80%, local : from 2.20% to 95.20%, training time : 8200msec
                                                     Cluster 9, round 1, loss : 4.29, accuracy 11.80% <-
                                                     Time past : 8200msec
                                                     ['0:8.00%', '1:0.10%', '2:0.00%', '3:0.00%', '4:0.00%', '5:0.00%', '6:100.00%', '7:0.00%', '8:9.80%', '9:0.10%']
                                          0msec<-
                                          ->0msec
                                                     -> Cluster 32, loss : 2.29, accuracy 17.06%, model from round 43
                                                     ['0:2.60%', '1:67.20%', '2:0.00%', '3:0.00%', '4:0.00%', '5:89.60%', '6:0.40%', '7:0.60%', '8:10.10%', '9:0.10%']
                                                                                              <-> Client 0, global : from 17.06% to 10.00%, local : from 62.20% to 95.00%, training time : 8200msec
                                                     Cluster 32, round 1, loss : 3.88, accuracy 10.00% <-
                                                     Time past : 8200msec
                                                     ['0:0.00%', '1:100.00%', '2:0.00%', '3:0.00%', '4:0.00%', '5:0.00%', '6:0.00%', '7:0.00%', '8:0.00%', '9:0.00%']
                                          0msec<-
Central server round 43, loss : 2.26, accuracy :17.05%
Time past: 352600msec
['0:94.30%', '1:16.20%', '2:0.00%', '3:0.60%', '4:0.00%', '5:3.70%', '6:54.60%', '7:0.10%', '8:0.00%', '9:1.00%']
                                          ->0msec
                                                     -> Cluster 64, loss : 2.26, accuracy 17.05%, model from round 44
                                                     ['0:94.30%', '1:16.20%', '2:0.00%', '3:0.60%', '4:0.00%', '5:3.70%', '6:54.60%', '7:0.10%', '8:0.00%', '9:1.00%']
                                                                                              <-> Client 0, global : from 17.05% to 12.06%, local : from 1.20% to 95.00%, training time : 8200msec
                                                     Cluster 64, round 1, loss : 3.14, accuracy 12.06% <-
                                                     Time past : 8200msec
                                                     ['0:0.00%', '1:0.00%', '2:0.00%', '3:0.00%', '4:0.30%', '5:0.00%', '6:19.90%', '7:0.40%', '8:100.00%', '9:0.00%']
                                          0msec<-
                                          ->0msec
                                                     -> Cluster 47, loss : 2.26, accuracy 17.05%, model from round 44
                                                     ['0:94.30%', '1:16.20%', '2:0.00%', '3:0.60%', '4:0.00%', '5:3.70%', '6:54.60%', '7:0.10%', '8:0.00%', '9:1.00%']
                                                                                              <-> Client 0, global : from 17.05% to 10.00%, local : from 0.80% to 95.00%, training time : 8200msec
                                                     Cluster 47, round 1, loss : 4.71, accuracy 10.00% <-
                                                     Time past : 8200msec
                                                     ['0:0.00%', '1:0.00%', '2:100.00%', '3:0.00%', '4:0.00%', '5:0.00%', '6:0.00%', '7:0.00%', '8:0.00%', '9:0.00%']
                                          0msec<-
                                          ->0msec
                                                     -> Cluster 12, loss : 2.26, accuracy 17.05%, model from round 44
                                                     ['0:94.30%', '1:16.20%', '2:0.00%', '3:0.60%', '4:0.00%', '5:3.70%', '6:54.60%', '7:0.10%', '8:0.00%', '9:1.00%']
                                                                                              <-> Client 0, global : from 17.05% to 10.04%, local : from 2.20% to 95.00%, training time : 8200msec
                                                     Cluster 12, round 1, loss : 3.99, accuracy 10.04% <-
                                                     Time past : 8200msec
                                                     ['0:0.00%', '1:0.00%', '2:0.00%', '3:0.00%', '4:0.10%', '5:0.30%', '6:0.00%', '7:0.00%', '8:0.00%', '9:100.00%']
                                          0msec<-
                                          ->0msec
                                                     -> Cluster 40, loss : 2.26, accuracy 17.05%, model from round 44
                                                     ['0:94.30%', '1:16.20%', '2:0.00%', '3:0.60%', '4:0.00%', '5:3.70%', '6:54.60%', '7:0.10%', '8:0.00%', '9:1.00%']
                                                                                              <-> Client 0, global : from 17.05% to 10.00%, local : from 1.20% to 94.81%, training time : 8200msec
                                                     Cluster 40, round 1, loss : 4.65, accuracy 10.00% <-
                                                     Time past : 8200msec
                                                     ['0:0.00%', '1:0.00%', '2:100.00%', '3:0.00%', '4:0.00%', '5:0.00%', '6:0.00%', '7:0.00%', '8:0.00%', '9:0.00%']
                                          0msec<-
                                          ->0msec
                                                     -> Cluster 5, loss : 2.26, accuracy 17.05%, model from round 44
                                                     ['0:94.30%', '1:16.20%', '2:0.00%', '3:0.60%', '4:0.00%', '5:3.70%', '6:54.60%', '7:0.10%', '8:0.00%', '9:1.00%']
                                                                                              <-> Client 0, global : from 17.05% to 10.82%, local : from 51.60% to 95.00%, training time : 8200msec
                                                     Cluster 5, round 1, loss : 4.16, accuracy 10.82% <-
                                                     Time past : 8200msec
                                                     ['0:1.90%', '1:0.00%', '2:0.00%', '3:0.00%', '4:0.00%', '5:0.00%', '6:100.00%', '7:0.00%', '8:4.30%', '9:2.00%']
                                          0msec<-
                                          ->0msec
                                                     -> Cluster 16, loss : 2.26, accuracy 17.05%, model from round 44
                                                     ['0:94.30%', '1:16.20%', '2:0.00%', '3:0.60%', '4:0.00%', '5:3.70%', '6:54.60%', '7:0.10%', '8:0.00%', '9:1.00%']
                                                                                              <-> Client 0, global : from 17.05% to 10.09%, local : from 3.80% to 95.00%, training time : 8200msec
                                                     Cluster 16, round 1, loss : 4.00, accuracy 10.09% <-
                                                     Time past : 8200msec
                                                     ['0:0.00%', '1:0.00%', '2:0.00%', '3:0.40%', '4:0.00%', '5:0.00%', '6:0.50%', '7:0.00%', '8:0.00%', '9:100.00%']
                                          0msec<-
                                          ->0msec
                                                     -> Cluster 68, loss : 2.26, accuracy 17.05%, model from round 44
                                                     ['0:94.30%', '1:16.20%', '2:0.00%', '3:0.60%', '4:0.00%', '5:3.70%', '6:54.60%', '7:0.10%', '8:0.00%', '9:1.00%']
                                                                                              <-> Client 0, global : from 17.05% to 12.39%, local : from 1.40% to 94.80%, training time : 8200msec
                                                     Cluster 68, round 1, loss : 3.49, accuracy 12.39% <-
                                                     Time past : 8200msec
                                                     ['0:0.00%', '1:0.00%', '2:0.00%', '3:0.00%', '4:0.00%', '5:0.00%', '6:24.00%', '7:0.10%', '8:99.80%', '9:0.00%']
                                          0msec<-
                                          ->0msec
                                                     -> Cluster 4, loss : 2.26, accuracy 17.05%, model from round 44
                                                     ['0:94.30%', '1:16.20%', '2:0.00%', '3:0.60%', '4:0.00%', '5:3.70%', '6:54.60%', '7:0.10%', '8:0.00%', '9:1.00%']
                                                                                              <-> Client 0, global : from 17.05% to 11.83%, local : from 53.40% to 95.00%, training time : 8200msec
                                                     Cluster 4, round 1, loss : 4.09, accuracy 11.83% <-
                                                     Time past : 8200msec
                                                     ['0:17.50%', '1:0.00%', '2:0.00%', '3:0.00%', '4:0.00%', '5:0.00%', '6:100.00%', '7:0.00%', '8:0.80%', '9:0.00%']
                                          0msec<-
                                          ->0msec
                                                     -> Cluster 56, loss : 2.26, accuracy 17.05%, model from round 44
                                                     ['0:94.30%', '1:16.20%', '2:0.00%', '3:0.60%', '4:0.00%', '5:3.70%', '6:54.60%', '7:0.10%', '8:0.00%', '9:1.00%']
                                                                                              <-> Client 0, global : from 17.05% to 10.09%, local : from 0.80% to 95.00%, training time : 8200msec
                                                     Cluster 56, round 1, loss : 3.95, accuracy 10.09% <-
                                                     Time past : 8200msec
                                                     ['0:0.00%', '1:0.00%', '2:0.00%', '3:0.00%', '4:0.00%', '5:0.00%', '6:0.00%', '7:100.00%', '8:0.90%', '9:0.00%']
                                          0msec<-
                                          ->0msec
                                                     -> Cluster 85, loss : 2.26, accuracy 17.05%, model from round 44
                                                     ['0:94.30%', '1:16.20%', '2:0.00%', '3:0.60%', '4:0.00%', '5:3.70%', '6:54.60%', '7:0.10%', '8:0.00%', '9:1.00%']
                                                                                              <-> Client 0, global : from 17.05% to 10.25%, local : from 6.41% to 95.19%, training time : 8200msec
                                                     Cluster 85, round 1, loss : 4.66, accuracy 10.25% <-
                                                     Time past : 8200msec
                                                     ['0:0.20%', '1:0.00%', '2:0.00%', '3:0.00%', '4:0.00%', '5:100.00%', '6:0.00%', '7:0.00%', '8:2.20%', '9:0.10%']
                                          0msec<-
Central server round 44, loss : 2.05, accuracy :24.33%
Time past: 360800msec
['0:2.50%', '1:2.20%', '2:28.40%', '3:0.00%', '4:0.00%', '5:8.90%', '6:73.20%', '7:7.80%', '8:59.30%', '9:61.00%']
                                          ->0msec
                                                     -> Cluster 4, loss : 2.05, accuracy 24.33%, model from round 45
                                                     ['0:2.50%', '1:2.20%', '2:28.40%', '3:0.00%', '4:0.00%', '5:8.90%', '6:73.20%', '7:7.80%', '8:59.30%', '9:61.00%']
                                                                                              <-> Client 0, global : from 24.33% to 13.17%, local : from 70.40% to 94.80%, training time : 8200msec
                                                     Cluster 4, round 1, loss : 3.73, accuracy 13.17% <-
                                                     Time past : 8200msec
                                                     ['0:21.80%', '1:0.00%', '2:0.00%', '3:0.00%', '4:0.00%', '5:0.00%', '6:100.00%', '7:0.00%', '8:9.80%', '9:0.10%']
                                          0msec<-
                                          ->0msec
                                                     -> Cluster 49, loss : 2.05, accuracy 24.33%, model from round 45
                                                     ['0:2.50%', '1:2.20%', '2:28.40%', '3:0.00%', '4:0.00%', '5:8.90%', '6:73.20%', '7:7.80%', '8:59.30%', '9:61.00%']
                                                                                              <-> Client 0, global : from 24.33% to 10.00%, local : from 28.60% to 95.00%, training time : 8200msec
                                                     Cluster 49, round 1, loss : 4.47, accuracy 10.00% <-
                                                     Time past : 8200msec
                                                     ['0:0.00%', '1:0.00%', '2:100.00%', '3:0.00%', '4:0.00%', '5:0.00%', '6:0.00%', '7:0.00%', '8:0.00%', '9:0.00%']
                                          0msec<-
                                          ->0msec
                                                     -> Cluster 7, loss : 2.05, accuracy 24.33%, model from round 45
                                                     ['0:2.50%', '1:2.20%', '2:28.40%', '3:0.00%', '4:0.00%', '5:8.90%', '6:73.20%', '7:7.80%', '8:59.30%', '9:61.00%']
                                                                                              <-> Client 0, global : from 24.33% to 11.07%, local : from 68.40% to 95.00%, training time : 8200msec
                                                     Cluster 7, round 1, loss : 4.44, accuracy 11.07% <-
                                                     Time past : 8200msec
                                                     ['0:0.00%', '1:0.00%', '2:0.00%', '3:0.00%', '4:0.00%', '5:0.00%', '6:100.00%', '7:0.00%', '8:10.70%', '9:0.00%']
                                          0msec<-
                                          ->0msec
                                                     -> Cluster 93, loss : 2.05, accuracy 24.33%, model from round 45
                                                     ['0:2.50%', '1:2.20%', '2:28.40%', '3:0.00%', '4:0.00%', '5:8.90%', '6:73.20%', '7:7.80%', '8:59.30%', '9:61.00%']
                                                                                              <-> Client 0, global : from 24.33% to 10.00%, local : from 5.01% to 95.19%, training time : 8200msec
                                                     Cluster 93, round 1, loss : 4.60, accuracy 10.00% <-
                                                     Time past : 8200msec
                                                     ['0:100.00%', '1:0.00%', '2:0.00%', '3:0.00%', '4:0.00%', '5:0.00%', '6:0.00%', '7:0.00%', '8:0.00%', '9:0.00%']
                                          0msec<-
                                          ->0msec
                                                     -> Cluster 33, loss : 2.05, accuracy 24.33%, model from round 45
                                                     ['0:2.50%', '1:2.20%', '2:28.40%', '3:0.00%', '4:0.00%', '5:8.90%', '6:73.20%', '7:7.80%', '8:59.30%', '9:61.00%']
                                                                                              <-> Client 0, global : from 24.33% to 10.00%, local : from 3.80% to 95.00%, training time : 8200msec
                                                     Cluster 33, round 1, loss : 4.13, accuracy 10.00% <-
                                                     Time past : 8200msec
                                                     ['0:0.00%', '1:100.00%', '2:0.00%', '3:0.00%', '4:0.00%', '5:0.00%', '6:0.00%', '7:0.00%', '8:0.00%', '9:0.00%']
                                          0msec<-
                                          ->0msec
                                                     -> Cluster 40, loss : 2.05, accuracy 24.33%, model from round 45
                                                     ['0:2.50%', '1:2.20%', '2:28.40%', '3:0.00%', '4:0.00%', '5:8.90%', '6:73.20%', '7:7.80%', '8:59.30%', '9:61.00%']
                                                                                              <-> Client 0, global : from 24.33% to 10.00%, local : from 30.94% to 94.81%, training time : 8200msec
                                                     Cluster 40, round 1, loss : 3.62, accuracy 10.00% <-
                                                     Time past : 8200msec
                                                     ['0:0.00%', '1:0.00%', '2:100.00%', '3:0.00%', '4:0.00%', '5:0.00%', '6:0.00%', '7:0.00%', '8:0.00%', '9:0.00%']
                                          0msec<-
                                          ->0msec
                                                     -> Cluster 94, loss : 2.05, accuracy 24.33%, model from round 45
                                                     ['0:2.50%', '1:2.20%', '2:28.40%', '3:0.00%', '4:0.00%', '5:8.90%', '6:73.20%', '7:7.80%', '8:59.30%', '9:61.00%']
                                                                                              <-> Client 0, global : from 24.33% to 10.00%, local : from 3.81% to 95.19%, training time : 8200msec
                                                     Cluster 94, round 1, loss : 4.39, accuracy 10.00% <-
                                                     Time past : 8200msec
                                                     ['0:100.00%', '1:0.00%', '2:0.00%', '3:0.00%', '4:0.00%', '5:0.00%', '6:0.00%', '7:0.00%', '8:0.00%', '9:0.00%']
                                          0msec<-
                                          ->0msec
                                                     -> Cluster 16, loss : 2.05, accuracy 24.33%, model from round 45
                                                     ['0:2.50%', '1:2.20%', '2:28.40%', '3:0.00%', '4:0.00%', '5:8.90%', '6:73.20%', '7:7.80%', '8:59.30%', '9:61.00%']
                                                                                              <-> Client 0, global : from 24.33% to 10.06%, local : from 59.80% to 95.00%, training time : 8200msec
                                                     Cluster 16, round 1, loss : 4.18, accuracy 10.06% <-
                                                     Time past : 8200msec
                                                     ['0:0.00%', '1:0.00%', '2:0.00%', '3:0.30%', '4:0.00%', '5:0.00%', '6:0.30%', '7:0.00%', '8:0.00%', '9:100.00%']
                                          0msec<-
                                          ->0msec
                                                     -> Cluster 48, loss : 2.05, accuracy 24.33%, model from round 45
                                                     ['0:2.50%', '1:2.20%', '2:28.40%', '3:0.00%', '4:0.00%', '5:8.90%', '6:73.20%', '7:7.80%', '8:59.30%', '9:61.00%']
                                                                                              <-> Client 0, global : from 24.33% to 10.00%, local : from 25.20% to 95.00%, training time : 8200msec
                                                     Cluster 48, round 1, loss : 4.03, accuracy 10.00% <-
                                                     Time past : 8200msec
                                                     ['0:0.00%', '1:0.00%', '2:100.00%', '3:0.00%', '4:0.00%', '5:0.00%', '6:0.00%', '7:0.00%', '8:0.00%', '9:0.00%']
                                          0msec<-
                                          ->0msec
                                                     -> Cluster 14, loss : 2.05, accuracy 24.33%, model from round 45
                                                     ['0:2.50%', '1:2.20%', '2:28.40%', '3:0.00%', '4:0.00%', '5:8.90%', '6:73.20%', '7:7.80%', '8:59.30%', '9:61.00%']
                                                                                              <-> Client 0, global : from 24.33% to 10.05%, local : from 58.40% to 95.00%, training time : 8200msec
                                                     Cluster 14, round 1, loss : 4.27, accuracy 10.05% <-
                                                     Time past : 8200msec
                                                     ['0:0.00%', '1:0.00%', '2:0.00%', '3:0.00%', '4:0.10%', '5:0.40%', '6:0.00%', '7:0.00%', '8:0.00%', '9:100.00%']
                                          0msec<-
Central server round 45, loss : 2.13, accuracy :22.85%
Time past: 369000msec
['0:66.90%', '1:2.30%', '2:60.40%', '3:0.00%', '4:0.00%', '5:0.00%', '6:39.00%', '7:0.00%', '8:1.80%', '9:58.10%']
                                          ->0msec
                                                     -> Cluster 16, loss : 2.13, accuracy 22.85%, model from round 46
                                                     ['0:66.90%', '1:2.30%', '2:60.40%', '3:0.00%', '4:0.00%', '5:0.00%', '6:39.00%', '7:0.00%', '8:1.80%', '9:58.10%']
                                                                                              <-> Client 0, global : from 22.85% to 10.08%, local : from 58.60% to 95.00%, training time : 8200msec
                                                     Cluster 16, round 1, loss : 4.11, accuracy 10.08% <-
                                                     Time past : 8200msec
                                                     ['0:0.00%', '1:0.00%', '2:0.00%', '3:0.40%', '4:0.00%', '5:0.00%', '6:0.40%', '7:0.00%', '8:0.00%', '9:100.00%']
                                          0msec<-
                                          ->0msec
                                                     -> Cluster 83, loss : 2.13, accuracy 22.85%, model from round 46
                                                     ['0:66.90%', '1:2.30%', '2:60.40%', '3:0.00%', '4:0.00%', '5:0.00%', '6:39.00%', '7:0.00%', '8:1.80%', '9:58.10%']
                                                                                              <-> Client 0, global : from 22.85% to 10.04%, local : from 1.20% to 95.19%, training time : 8200msec
                                                     Cluster 83, round 1, loss : 4.54, accuracy 10.04% <-
                                                     Time past : 8200msec
                                                     ['0:0.00%', '1:0.00%', '2:0.00%', '3:0.00%', '4:0.00%', '5:100.00%', '6:0.00%', '7:0.00%', '8:0.40%', '9:0.00%']
                                          0msec<-
                                          ->0msec
                                                     -> Cluster 57, loss : 2.13, accuracy 22.85%, model from round 46
                                                     ['0:66.90%', '1:2.30%', '2:60.40%', '3:0.00%', '4:0.00%', '5:0.00%', '6:39.00%', '7:0.00%', '8:1.80%', '9:58.10%']
                                                                                              <-> Client 0, global : from 22.85% to 10.25%, local : from 1.40% to 95.00%, training time : 8200msec
                                                     Cluster 57, round 1, loss : 3.98, accuracy 10.25% <-
                                                     Time past : 8200msec
                                                     ['0:2.50%', '1:0.00%', '2:0.00%', '3:0.00%', '4:0.00%', '5:0.00%', '6:0.00%', '7:100.00%', '8:0.00%', '9:0.00%']
                                          0msec<-
                                          ->0msec
                                                     -> Cluster 67, loss : 2.13, accuracy 22.85%, model from round 46
                                                     ['0:66.90%', '1:2.30%', '2:60.40%', '3:0.00%', '4:0.00%', '5:0.00%', '6:39.00%', '7:0.00%', '8:1.80%', '9:58.10%']
                                                                                              <-> Client 0, global : from 22.85% to 11.33%, local : from 2.00% to 95.20%, training time : 8200msec
                                                     Cluster 67, round 1, loss : 3.53, accuracy 11.33% <-
                                                     Time past : 8200msec
                                                     ['0:0.00%', '1:0.00%', '2:0.00%', '3:0.00%', '4:0.00%', '5:0.00%', '6:13.30%', '7:0.00%', '8:100.00%', '9:0.00%']
                                          0msec<-
                                          ->0msec
                                                     -> Cluster 71, loss : 2.13, accuracy 22.85%, model from round 46
                                                     ['0:66.90%', '1:2.30%', '2:60.40%', '3:0.00%', '4:0.00%', '5:0.00%', '6:39.00%', '7:0.00%', '8:1.80%', '9:58.10%']
                                                                                              <-> Client 0, global : from 22.85% to 10.33%, local : from 1.60% to 95.20%, training time : 8200msec
                                                     Cluster 71, round 1, loss : 4.10, accuracy 10.33% <-
                                                     Time past : 8200msec
                                                     ['0:0.00%', '1:0.00%', '2:0.00%', '3:100.00%', '4:0.00%', '5:0.00%', '6:0.00%', '7:0.00%', '8:1.40%', '9:1.90%']
                                          0msec<-
                                          ->0msec
                                                     -> Cluster 92, loss : 2.13, accuracy 22.85%, model from round 46
                                                     ['0:66.90%', '1:2.30%', '2:60.40%', '3:0.00%', '4:0.00%', '5:0.00%', '6:39.00%', '7:0.00%', '8:1.80%', '9:58.10%']
                                                                                              <-> Client 0, global : from 22.85% to 10.65%, local : from 60.80% to 94.80%, training time : 8200msec
                                                     Cluster 92, round 1, loss : 3.64, accuracy 10.65% <-
                                                     Time past : 8200msec
                                                     ['0:99.60%', '1:0.00%', '2:0.00%', '3:0.00%', '4:0.00%', '5:0.00%', '6:6.90%', '7:0.00%', '8:0.00%', '9:0.00%']
                                          0msec<-
                                          ->0msec
                                                     -> Cluster 74, loss : 2.13, accuracy 22.85%, model from round 46
                                                     ['0:66.90%', '1:2.30%', '2:60.40%', '3:0.00%', '4:0.00%', '5:0.00%', '6:39.00%', '7:0.00%', '8:1.80%', '9:58.10%']
                                                                                              <-> Client 0, global : from 22.85% to 10.09%, local : from 1.40% to 95.00%, training time : 8200msec
                                                     Cluster 74, round 1, loss : 4.33, accuracy 10.09% <-
                                                     Time past : 8200msec
                                                     ['0:0.00%', '1:0.00%', '2:0.00%', '3:100.00%', '4:0.00%', '5:0.00%', '6:0.00%', '7:0.00%', '8:0.90%', '9:0.00%']
                                          0msec<-
                                          ->0msec
                                                     -> Cluster 89, loss : 2.13, accuracy 22.85%, model from round 46
                                                     ['0:66.90%', '1:2.30%', '2:60.40%', '3:0.00%', '4:0.00%', '5:0.00%', '6:39.00%', '7:0.00%', '8:1.80%', '9:58.10%']
                                                                                              <-> Client 0, global : from 22.85% to 10.02%, local : from 1.60% to 95.19%, training time : 8200msec
                                                     Cluster 89, round 1, loss : 4.12, accuracy 10.02% <-
                                                     Time past : 8200msec
                                                     ['0:0.00%', '1:0.00%', '2:0.00%', '3:0.00%', '4:0.00%', '5:100.00%', '6:0.00%', '7:0.00%', '8:0.10%', '9:0.10%']
                                          0msec<-
                                          ->0msec
                                                     -> Cluster 66, loss : 2.13, accuracy 22.85%, model from round 46
                                                     ['0:66.90%', '1:2.30%', '2:60.40%', '3:0.00%', '4:0.00%', '5:0.00%', '6:39.00%', '7:0.00%', '8:1.80%', '9:58.10%']
                                                                                              <-> Client 0, global : from 22.85% to 11.37%, local : from 2.60% to 94.80%, training time : 8200msec
                                                     Cluster 66, round 1, loss : 3.50, accuracy 11.37% <-
                                                     Time past : 8200msec
                                                     ['0:0.00%', '1:0.00%', '2:0.00%', '3:0.00%', '4:0.00%', '5:0.40%', '6:13.40%', '7:0.10%', '8:99.80%', '9:0.00%']
                                          0msec<-
                                          ->0msec
                                                     -> Cluster 68, loss : 2.13, accuracy 22.85%, model from round 46
                                                     ['0:66.90%', '1:2.30%', '2:60.40%', '3:0.00%', '4:0.00%', '5:0.00%', '6:39.00%', '7:0.00%', '8:1.80%', '9:58.10%']
                                                                                              <-> Client 0, global : from 22.85% to 11.17%, local : from 2.20% to 95.00%, training time : 8200msec
                                                     Cluster 68, round 1, loss : 4.00, accuracy 11.17% <-
                                                     Time past : 8200msec
                                                     ['0:0.00%', '1:0.00%', '2:0.00%', '3:0.00%', '4:0.00%', '5:0.00%', '6:11.60%', '7:0.10%', '8:100.00%', '9:0.00%']
                                          0msec<-
Central server round 46, loss : 2.09, accuracy :21.81%
Time past: 377200msec
['0:2.40%', '1:3.60%', '2:0.00%', '3:18.70%', '4:0.00%', '5:46.40%', '6:24.90%', '7:8.80%', '8:89.00%', '9:24.30%']
                                          ->0msec
                                                     -> Cluster 16, loss : 2.09, accuracy 21.81%, model from round 47
                                                     ['0:2.40%', '1:3.60%', '2:0.00%', '3:18.70%', '4:0.00%', '5:46.40%', '6:24.90%', '7:8.80%', '8:89.00%', '9:24.30%']
                                                                                              <-> Client 0, global : from 21.81% to 11.47%, local : from 26.20% to 94.80%, training time : 8200msec
                                                     Cluster 16, round 1, loss : 3.21, accuracy 11.47% <-
                                                     Time past : 8200msec
                                                     ['0:0.00%', '1:0.00%', '2:0.00%', '3:2.40%', '4:0.00%', '5:0.90%', '6:11.80%', '7:0.00%', '8:0.20%', '9:99.40%']
                                          0msec<-
                                          ->0msec
                                                     -> Cluster 73, loss : 2.09, accuracy 21.81%, model from round 47
                                                     ['0:2.40%', '1:3.60%', '2:0.00%', '3:18.70%', '4:0.00%', '5:46.40%', '6:24.90%', '7:8.80%', '8:89.00%', '9:24.30%']
                                                                                              <-> Client 0, global : from 21.81% to 10.01%, local : from 18.20% to 95.00%, training time : 8200msec
                                                     Cluster 73, round 1, loss : 4.67, accuracy 10.01% <-
                                                     Time past : 8200msec
                                                     ['0:0.00%', '1:0.00%', '2:0.00%', '3:100.00%', '4:0.00%', '5:0.00%', '6:0.00%', '7:0.00%', '8:0.10%', '9:0.00%']
                                          0msec<-
                                          ->0msec
                                                     -> Cluster 8, loss : 2.09, accuracy 21.81%, model from round 47
                                                     ['0:2.40%', '1:3.60%', '2:0.00%', '3:18.70%', '4:0.00%', '5:46.40%', '6:24.90%', '7:8.80%', '8:89.00%', '9:24.30%']
                                                                                              <-> Client 0, global : from 21.81% to 11.54%, local : from 25.20% to 95.20%, training time : 8200msec
                                                     Cluster 8, round 1, loss : 3.99, accuracy 11.54% <-
                                                     Time past : 8200msec
                                                     ['0:0.00%', '1:0.00%', '2:0.00%', '3:0.00%', '4:0.00%', '5:0.00%', '6:100.00%', '7:0.00%', '8:13.20%', '9:2.20%']
                                          0msec<-
                                          ->0msec
                                                     -> Cluster 5, loss : 2.09, accuracy 21.81%, model from round 47
                                                     ['0:2.40%', '1:3.60%', '2:0.00%', '3:18.70%', '4:0.00%', '5:46.40%', '6:24.90%', '7:8.80%', '8:89.00%', '9:24.30%']
                                                                                              <-> Client 0, global : from 21.81% to 10.74%, local : from 22.20% to 95.00%, training time : 8200msec
                                                     Cluster 5, round 1, loss : 4.57, accuracy 10.74% <-
                                                     Time past : 8200msec
                                                     ['0:0.00%', '1:0.00%', '2:0.00%', '3:0.00%', '4:0.00%', '5:0.00%', '6:100.00%', '7:0.00%', '8:6.70%', '9:0.70%']
                                          0msec<-
                                          ->0msec
                                                     -> Cluster 38, loss : 2.09, accuracy 21.81%, model from round 47
                                                     ['0:2.40%', '1:3.60%', '2:0.00%', '3:18.70%', '4:0.00%', '5:46.40%', '6:24.90%', '7:8.80%', '8:89.00%', '9:24.30%']
                                                                                              <-> Client 0, global : from 21.81% to 10.01%, local : from 4.40% to 95.00%, training time : 8200msec
                                                     Cluster 38, round 1, loss : 4.45, accuracy 10.01% <-
                                                     Time past : 8200msec
                                                     ['0:0.00%', '1:100.00%', '2:0.00%', '3:0.00%', '4:0.00%', '5:0.10%', '6:0.00%', '7:0.00%', '8:0.00%', '9:0.00%']
                                          0msec<-
                                          ->0msec
                                                     -> Cluster 83, loss : 2.09, accuracy 21.81%, model from round 47
                                                     ['0:2.40%', '1:3.60%', '2:0.00%', '3:18.70%', '4:0.00%', '5:46.40%', '6:24.90%', '7:8.80%', '8:89.00%', '9:24.30%']
                                                                                              <-> Client 0, global : from 21.81% to 10.65%, local : from 46.89% to 95.19%, training time : 8200msec
                                                     Cluster 83, round 1, loss : 3.68, accuracy 10.65% <-
                                                     Time past : 8200msec
                                                     ['0:0.00%', '1:0.00%', '2:0.00%', '3:0.00%', '4:0.00%', '5:100.00%', '6:0.00%', '7:0.00%', '8:6.50%', '9:0.00%']
                                          0msec<-
                                          ->0msec
                                                     -> Cluster 68, loss : 2.09, accuracy 21.81%, model from round 47
                                                     ['0:2.40%', '1:3.60%', '2:0.00%', '3:18.70%', '4:0.00%', '5:46.40%', '6:24.90%', '7:8.80%', '8:89.00%', '9:24.30%']
                                                                                              <-> Client 0, global : from 21.81% to 12.48%, local : from 85.80% to 94.80%, training time : 8200msec
                                                     Cluster 68, round 1, loss : 3.48, accuracy 12.48% <-
                                                     Time past : 8200msec
                                                     ['0:0.00%', '1:0.00%', '2:0.00%', '3:0.00%', '4:0.00%', '5:0.00%', '6:24.20%', '7:0.80%', '8:99.80%', '9:0.00%']
                                          0msec<-
                                          ->0msec
                                                     -> Cluster 40, loss : 2.09, accuracy 21.81%, model from round 47
                                                     ['0:2.40%', '1:3.60%', '2:0.00%', '3:18.70%', '4:0.00%', '5:46.40%', '6:24.90%', '7:8.80%', '8:89.00%', '9:24.30%']
                                                                                              <-> Client 0, global : from 21.81% to 10.00%, local : from 1.20% to 94.81%, training time : 8200msec
                                                     Cluster 40, round 1, loss : 4.76, accuracy 10.00% <-
                                                     Time past : 8200msec
                                                     ['0:0.00%', '1:0.00%', '2:100.00%', '3:0.00%', '4:0.00%', '5:0.00%', '6:0.00%', '7:0.00%', '8:0.00%', '9:0.00%']
                                          0msec<-
                                          ->0msec
                                                     -> Cluster 53, loss : 2.09, accuracy 21.81%, model from round 47
                                                     ['0:2.40%', '1:3.60%', '2:0.00%', '3:18.70%', '4:0.00%', '5:46.40%', '6:24.90%', '7:8.80%', '8:89.00%', '9:24.30%']
                                                                                              <-> Client 0, global : from 21.81% to 10.98%, local : from 8.40% to 95.00%, training time : 8200msec
                                                     Cluster 53, round 1, loss : 3.49, accuracy 10.98% <-
                                                     Time past : 8200msec
                                                     ['0:0.00%', '1:0.00%', '2:0.00%', '3:0.00%', '4:0.00%', '5:0.00%', '6:0.00%', '7:99.90%', '8:9.90%', '9:0.00%']
                                          0msec<-
                                          ->0msec
                                                     -> Cluster 45, loss : 2.09, accuracy 21.81%, model from round 47
                                                     ['0:2.40%', '1:3.60%', '2:0.00%', '3:18.70%', '4:0.00%', '5:46.40%', '6:24.90%', '7:8.80%', '8:89.00%', '9:24.30%']
                                                                                              <-> Client 0, global : from 21.81% to 10.00%, local : from 0.80% to 95.00%, training time : 8200msec
                                                     Cluster 45, round 1, loss : 4.54, accuracy 10.00% <-
                                                     Time past : 8200msec
                                                     ['0:0.00%', '1:0.00%', '2:100.00%', '3:0.00%', '4:0.00%', '5:0.00%', '6:0.00%', '7:0.00%', '8:0.00%', '9:0.00%']
                                          0msec<-
Central server round 47, loss : 2.01, accuracy :26.87%
Time past: 385400msec
['0:8.10%', '1:25.50%', '2:30.60%', '3:1.70%', '4:0.00%', '5:15.40%', '6:80.80%', '7:3.10%', '8:58.10%', '9:45.40%']
                                          ->0msec
                                                     -> Cluster 35, loss : 2.01, accuracy 26.87%, model from round 48
                                                     ['0:8.10%', '1:25.50%', '2:30.60%', '3:1.70%', '4:0.00%', '5:15.40%', '6:80.80%', '7:3.10%', '8:58.10%', '9:45.40%']
                                                                                              <-> Client 0, global : from 26.87% to 10.00%, local : from 23.60% to 95.00%, training time : 8200msec
                                                     Cluster 35, round 1, loss : 3.87, accuracy 10.00% <-
                                                     Time past : 8200msec
                                                     ['0:0.00%', '1:100.00%', '2:0.00%', '3:0.00%', '4:0.00%', '5:0.00%', '6:0.00%', '7:0.00%', '8:0.00%', '9:0.00%']
                                          0msec<-
                                          ->0msec
                                                     -> Cluster 61, loss : 2.01, accuracy 26.87%, model from round 48
                                                     ['0:8.10%', '1:25.50%', '2:30.60%', '3:1.70%', '4:0.00%', '5:15.40%', '6:80.80%', '7:3.10%', '8:58.10%', '9:45.40%']
                                                                                              <-> Client 0, global : from 26.87% to 13.13%, local : from 57.88% to 95.01%, training time : 8200msec
                                                     Cluster 61, round 1, loss : 3.22, accuracy 13.13% <-
                                                     Time past : 8200msec
                                                     ['0:0.00%', '1:0.00%', '2:0.00%', '3:0.00%', '4:31.20%', '5:0.40%', '6:0.00%', '7:0.00%', '8:99.70%', '9:0.00%']
                                          0msec<-
                                          ->0msec
                                                     -> Cluster 58, loss : 2.01, accuracy 26.87%, model from round 48
                                                     ['0:8.10%', '1:25.50%', '2:30.60%', '3:1.70%', '4:0.00%', '5:15.40%', '6:80.80%', '7:3.10%', '8:58.10%', '9:45.40%']
                                                                                              <-> Client 0, global : from 26.87% to 10.04%, local : from 3.00% to 95.00%, training time : 8200msec
                                                     Cluster 58, round 1, loss : 4.67, accuracy 10.04% <-
                                                     Time past : 8200msec
                                                     ['0:0.00%', '1:0.00%', '2:0.00%', '3:0.00%', '4:0.00%', '5:0.00%', '6:0.00%', '7:100.00%', '8:0.40%', '9:0.00%']
                                          0msec<-
                                          ->0msec
                                                     -> Cluster 46, loss : 2.01, accuracy 26.87%, model from round 48
                                                     ['0:8.10%', '1:25.50%', '2:30.60%', '3:1.70%', '4:0.00%', '5:15.40%', '6:80.80%', '7:3.10%', '8:58.10%', '9:45.40%']
                                                                                              <-> Client 0, global : from 26.87% to 10.00%, local : from 31.20% to 95.00%, training time : 8200msec
                                                     Cluster 46, round 1, loss : 4.35, accuracy 10.00% <-
                                                     Time past : 8200msec
                                                     ['0:0.00%', '1:0.00%', '2:100.00%', '3:0.00%', '4:0.00%', '5:0.00%', '6:0.00%', '7:0.00%', '8:0.00%', '9:0.00%']
                                          0msec<-
                                          ->0msec
                                                     -> Cluster 94, loss : 2.01, accuracy 26.87%, model from round 48
                                                     ['0:8.10%', '1:25.50%', '2:30.60%', '3:1.70%', '4:0.00%', '5:15.40%', '6:80.80%', '7:3.10%', '8:58.10%', '9:45.40%']
                                                                                              <-> Client 0, global : from 26.87% to 10.00%, local : from 11.22% to 95.19%, training time : 8200msec
                                                     Cluster 94, round 1, loss : 4.19, accuracy 10.00% <-
                                                     Time past : 8200msec
                                                     ['0:100.00%', '1:0.00%', '2:0.00%', '3:0.00%', '4:0.00%', '5:0.00%', '6:0.00%', '7:0.00%', '8:0.00%', '9:0.00%']
                                          0msec<-
                                          ->0msec
                                                     -> Cluster 48, loss : 2.01, accuracy 26.87%, model from round 48
                                                     ['0:8.10%', '1:25.50%', '2:30.60%', '3:1.70%', '4:0.00%', '5:15.40%', '6:80.80%', '7:3.10%', '8:58.10%', '9:45.40%']
                                                                                              <-> Client 0, global : from 26.87% to 10.03%, local : from 27.40% to 95.00%, training time : 8200msec
                                                     Cluster 48, round 1, loss : 3.33, accuracy 10.03% <-
                                                     Time past : 8200msec
                                                     ['0:0.00%', '1:0.00%', '2:100.00%', '3:0.00%', '4:0.00%', '5:0.00%', '6:0.00%', '7:0.00%', '8:0.20%', '9:0.10%']
                                          0msec<-
                                          ->0msec
                                                     -> Cluster 10, loss : 2.01, accuracy 26.87%, model from round 48
                                                     ['0:8.10%', '1:25.50%', '2:30.60%', '3:1.70%', '4:0.00%', '5:15.40%', '6:80.80%', '7:3.10%', '8:58.10%', '9:45.40%']
                                                                                              <-> Client 0, global : from 26.87% to 10.00%, local : from 43.31% to 94.81%, training time : 8200msec
                                                     Cluster 10, round 1, loss : 4.03, accuracy 10.00% <-
                                                     Time past : 8200msec
                                                     ['0:0.00%', '1:0.00%', '2:0.00%', '3:0.00%', '4:0.00%', '5:0.00%', '6:0.00%', '7:0.00%', '8:0.00%', '9:100.00%']
                                          0msec<-
                                          ->0msec
                                                     -> Cluster 74, loss : 2.01, accuracy 26.87%, model from round 48
                                                     ['0:8.10%', '1:25.50%', '2:30.60%', '3:1.70%', '4:0.00%', '5:15.40%', '6:80.80%', '7:3.10%', '8:58.10%', '9:45.40%']
                                                                                              <-> Client 0, global : from 26.87% to 10.12%, local : from 3.00% to 95.20%, training time : 8200msec
                                                     Cluster 74, round 1, loss : 4.51, accuracy 10.12% <-
                                                     Time past : 8200msec
                                                     ['0:0.00%', '1:0.00%', '2:0.00%', '3:100.00%', '4:0.00%', '5:0.00%', '6:0.00%', '7:0.00%', '8:1.20%', '9:0.00%']
                                          0msec<-
                                          ->0msec
                                                     -> Cluster 7, loss : 2.01, accuracy 26.87%, model from round 48
                                                     ['0:8.10%', '1:25.50%', '2:30.60%', '3:1.70%', '4:0.00%', '5:15.40%', '6:80.80%', '7:3.10%', '8:58.10%', '9:45.40%']
                                                                                              <-> Client 0, global : from 26.87% to 12.21%, local : from 73.80% to 95.20%, training time : 8200msec
                                                     Cluster 7, round 1, loss : 3.94, accuracy 12.21% <-
                                                     Time past : 8200msec
                                                     ['0:0.00%', '1:0.00%', '2:0.00%', '3:0.00%', '4:0.00%', '5:0.00%', '6:100.00%', '7:0.00%', '8:22.00%', '9:0.10%']
                                          0msec<-
                                          ->0msec
                                                     -> Cluster 17, loss : 2.01, accuracy 26.87%, model from round 48
                                                     ['0:8.10%', '1:25.50%', '2:30.60%', '3:1.70%', '4:0.00%', '5:15.40%', '6:80.80%', '7:3.10%', '8:58.10%', '9:45.40%']
                                                                                              <-> Client 0, global : from 26.87% to 10.08%, local : from 44.60% to 95.00%, training time : 8200msec
                                                     Cluster 17, round 1, loss : 4.19, accuracy 10.08% <-
                                                     Time past : 8200msec
                                                     ['0:0.00%', '1:0.00%', '2:0.00%', '3:0.90%', '4:0.00%', '5:0.00%', '6:0.00%', '7:0.00%', '8:0.00%', '9:99.90%']
                                          0msec<-
Central server round 48, loss : 1.98, accuracy :28.68%
Time past: 393600msec
['0:33.30%', '1:19.80%', '2:49.40%', '3:18.30%', '4:0.00%', '5:0.60%', '6:37.90%', '7:18.50%', '8:42.90%', '9:66.10%']
                                          ->0msec
                                                     -> Cluster 76, loss : 1.98, accuracy 28.68%, model from round 49
                                                     ['0:33.30%', '1:19.80%', '2:49.40%', '3:18.30%', '4:0.00%', '5:0.60%', '6:37.90%', '7:18.50%', '8:42.90%', '9:66.10%']
                                                                                              <-> Client 0, global : from 28.68% to 11.06%, local : from 19.80% to 95.40%, training time : 8200msec
                                                     Cluster 76, round 1, loss : 4.29, accuracy 11.06% <-
                                                     Time past : 8200msec
                                                     ['0:0.00%', '1:0.00%', '2:0.00%', '3:100.00%', '4:0.00%', '5:0.00%', '6:0.00%', '7:0.00%', '8:10.60%', '9:0.00%']
                                          0msec<-
                                          ->0msec
                                                     -> Cluster 43, loss : 1.98, accuracy 28.68%, model from round 49
                                                     ['0:33.30%', '1:19.80%', '2:49.40%', '3:18.30%', '4:0.00%', '5:0.60%', '6:37.90%', '7:18.50%', '8:42.90%', '9:66.10%']
                                                                                              <-> Client 0, global : from 28.68% to 10.03%, local : from 42.80% to 95.00%, training time : 8200msec
                                                     Cluster 43, round 1, loss : 4.46, accuracy 10.03% <-
                                                     Time past : 8200msec
                                                     ['0:0.00%', '1:0.00%', '2:100.00%', '3:0.00%', '4:0.00%', '5:0.00%', '6:0.00%', '7:0.00%', '8:0.30%', '9:0.00%']
                                          0msec<-
                                          ->0msec
                                                     -> Cluster 68, loss : 1.98, accuracy 28.68%, model from round 49
                                                     ['0:33.30%', '1:19.80%', '2:49.40%', '3:18.30%', '4:0.00%', '5:0.60%', '6:37.90%', '7:18.50%', '8:42.90%', '9:66.10%']
                                                                                              <-> Client 0, global : from 28.68% to 11.92%, local : from 43.60% to 95.00%, training time : 8200msec
                                                     Cluster 68, round 1, loss : 3.66, accuracy 11.92% <-
                                                     Time past : 8200msec
                                                     ['0:0.00%', '1:0.00%', '2:0.00%', '3:0.10%', '4:0.00%', '5:0.00%', '6:18.60%', '7:0.70%', '8:99.80%', '9:0.00%']
                                          0msec<-
                                          ->0msec
                                                     -> Cluster 64, loss : 1.98, accuracy 28.68%, model from round 49
                                                     ['0:33.30%', '1:19.80%', '2:49.40%', '3:18.30%', '4:0.00%', '5:0.60%', '6:37.90%', '7:18.50%', '8:42.90%', '9:66.10%']
                                                                                              <-> Client 0, global : from 28.68% to 11.59%, local : from 44.00% to 95.00%, training time : 8200msec
                                                     Cluster 64, round 1, loss : 3.41, accuracy 11.59% <-
                                                     Time past : 8200msec
                                                     ['0:0.00%', '1:0.00%', '2:0.00%', '3:0.10%', '4:4.50%', '5:0.00%', '6:7.80%', '7:3.50%', '8:100.00%', '9:0.00%']
                                          0msec<-
                                          ->0msec
                                                     -> Cluster 21, loss : 1.98, accuracy 28.68%, model from round 49
                                                     ['0:33.30%', '1:19.80%', '2:49.40%', '3:18.30%', '4:0.00%', '5:0.60%', '6:37.90%', '7:18.50%', '8:42.90%', '9:66.10%']
                                                                                              <-> Client 0, global : from 28.68% to 10.07%, local : from 1.60% to 94.81%, training time : 8200msec
                                                     Cluster 21, round 1, loss : 4.32, accuracy 10.07% <-
                                                     Time past : 8200msec
                                                     ['0:0.00%', '1:0.00%', '2:0.00%', '3:0.00%', '4:100.00%', '5:0.00%', '6:0.00%', '7:0.00%', '8:0.70%', '9:0.00%']
                                          0msec<-
                                          ->0msec
                                                     -> Cluster 3, loss : 1.98, accuracy 28.68%, model from round 49
                                                     ['0:33.30%', '1:19.80%', '2:49.40%', '3:18.30%', '4:0.00%', '5:0.60%', '6:37.90%', '7:18.50%', '8:42.90%', '9:66.10%']
                                                                                              <-> Client 0, global : from 28.68% to 12.42%, local : from 36.80% to 95.00%, training time : 8200msec
                                                     Cluster 3, round 1, loss : 3.67, accuracy 12.42% <-
                                                     Time past : 8200msec
                                                     ['0:1.30%', '1:0.00%', '2:0.00%', '3:0.00%', '4:0.00%', '5:0.00%', '6:100.00%', '7:0.00%', '8:22.80%', '9:0.10%']
                                          0msec<-
                                          ->0msec
                                                     -> Cluster 18, loss : 1.98, accuracy 28.68%, model from round 49
                                                     ['0:33.30%', '1:19.80%', '2:49.40%', '3:18.30%', '4:0.00%', '5:0.60%', '6:37.90%', '7:18.50%', '8:42.90%', '9:66.10%']
                                                                                              <-> Client 0, global : from 28.68% to 10.16%, local : from 66.40% to 95.00%, training time : 8200msec
                                                     Cluster 18, round 1, loss : 3.66, accuracy 10.16% <-
                                                     Time past : 8200msec
                                                     ['0:0.00%', '1:0.00%', '2:0.00%', '3:0.10%', '4:0.10%', '5:1.50%', '6:0.00%', '7:0.00%', '8:0.00%', '9:99.90%']
                                          0msec<-
                                          ->0msec
                                                     -> Cluster 32, loss : 1.98, accuracy 28.68%, model from round 49
                                                     ['0:33.30%', '1:19.80%', '2:49.40%', '3:18.30%', '4:0.00%', '5:0.60%', '6:37.90%', '7:18.50%', '8:42.90%', '9:66.10%']
                                                                                              <-> Client 0, global : from 28.68% to 10.00%, local : from 20.20% to 95.00%, training time : 8200msec
                                                     Cluster 32, round 1, loss : 4.65, accuracy 10.00% <-
                                                     Time past : 8200msec
                                                     ['0:0.00%', '1:100.00%', '2:0.00%', '3:0.00%', '4:0.00%', '5:0.00%', '6:0.00%', '7:0.00%', '8:0.00%', '9:0.00%']
                                          0msec<-
                                          ->0msec
                                                     -> Cluster 87, loss : 1.98, accuracy 28.68%, model from round 49
                                                     ['0:33.30%', '1:19.80%', '2:49.40%', '3:18.30%', '4:0.00%', '5:0.60%', '6:37.90%', '7:18.50%', '8:42.90%', '9:66.10%']
                                                                                              <-> Client 0, global : from 28.68% to 10.16%, local : from 1.40% to 95.19%, training time : 8200msec
                                                     Cluster 87, round 1, loss : 4.49, accuracy 10.16% <-
                                                     Time past : 8200msec
                                                     ['0:0.20%', '1:0.00%', '2:0.00%', '3:0.00%', '4:0.00%', '5:100.00%', '6:0.00%', '7:0.00%', '8:1.20%', '9:0.20%']
                                          0msec<-
                                          ->0msec
                                                     -> Cluster 28, loss : 1.98, accuracy 28.68%, model from round 49
                                                     ['0:33.30%', '1:19.80%', '2:49.40%', '3:18.30%', '4:0.00%', '5:0.60%', '6:37.90%', '7:18.50%', '8:42.90%', '9:66.10%']
                                                                                              <-> Client 0, global : from 28.68% to 10.37%, local : from 2.20% to 94.80%, training time : 8200msec
                                                     Cluster 28, round 1, loss : 3.92, accuracy 10.37% <-
                                                     Time past : 8200msec
                                                     ['0:0.00%', '1:0.00%', '2:0.00%', '3:0.00%', '4:99.80%', '5:0.00%', '6:0.00%', '7:0.00%', '8:3.90%', '9:0.00%']
                                          0msec<-
Central server round 49, loss : 1.97, accuracy :25.81%
Time past: 401800msec
['0:0.30%', '1:20.00%', '2:15.30%', '3:7.50%', '4:73.10%', '5:10.10%', '6:6.60%', '7:10.90%', '8:80.00%', '9:34.30%']
                                          ->0msec
                                                     -> Cluster 8, loss : 1.97, accuracy 25.81%, model from round 50
                                                     ['0:0.30%', '1:20.00%', '2:15.30%', '3:7.50%', '4:73.10%', '5:10.10%', '6:6.60%', '7:10.90%', '8:80.00%', '9:34.30%']
                                                                                              <-> Client 0, global : from 25.81% to 13.40%, local : from 10.00% to 95.40%, training time : 8200msec
                                                     Cluster 8, round 1, loss : 3.44, accuracy 13.40% <-
                                                     Time past : 8200msec
                                                     ['0:0.00%', '1:0.00%', '2:0.00%', '3:0.00%', '4:0.00%', '5:0.00%', '6:100.00%', '7:0.00%', '8:22.90%', '9:11.10%']
                                          0msec<-
                                          ->0msec
                                                     -> Cluster 80, loss : 1.97, accuracy 25.81%, model from round 50
                                                     ['0:0.30%', '1:20.00%', '2:15.30%', '3:7.50%', '4:73.10%', '5:10.10%', '6:6.60%', '7:10.90%', '8:80.00%', '9:34.30%']
                                                                                              <-> Client 0, global : from 25.81% to 10.14%, local : from 10.60% to 95.00%, training time : 8200msec
                                                     Cluster 80, round 1, loss : 4.71, accuracy 10.14% <-
                                                     Time past : 8200msec
                                                     ['0:0.00%', '1:0.10%', '2:0.00%', '3:0.00%', '4:0.00%', '5:100.00%', '6:0.00%', '7:0.00%', '8:1.30%', '9:0.00%']
                                          0msec<-
                                          ->0msec
                                                     -> Cluster 73, loss : 1.97, accuracy 25.81%, model from round 50
                                                     ['0:0.30%', '1:20.00%', '2:15.30%', '3:7.50%', '4:73.10%', '5:10.10%', '6:6.60%', '7:10.90%', '8:80.00%', '9:34.30%']
                                                                                              <-> Client 0, global : from 25.81% to 10.03%, local : from 7.80% to 95.00%, training time : 8200msec
                                                     Cluster 73, round 1, loss : 4.44, accuracy 10.03% <-
                                                     Time past : 8200msec
                                                     ['0:0.00%', '1:0.00%', '2:0.00%', '3:100.00%', '4:0.00%', '5:0.00%', '6:0.00%', '7:0.00%', '8:0.30%', '9:0.00%']
                                          0msec<-
                                          ->0msec
                                                     -> Cluster 67, loss : 1.97, accuracy 25.81%, model from round 50
                                                     ['0:0.30%', '1:20.00%', '2:15.30%', '3:7.50%', '4:73.10%', '5:10.10%', '6:6.60%', '7:10.90%', '8:80.00%', '9:34.30%']
                                                                                              <-> Client 0, global : from 25.81% to 10.77%, local : from 76.80% to 95.20%, training time : 8200msec
                                                     Cluster 67, round 1, loss : 4.09, accuracy 10.77% <-
                                                     Time past : 8200msec
                                                     ['0:0.00%', '1:0.00%', '2:0.00%', '3:0.00%', '4:0.00%', '5:0.00%', '6:7.70%', '7:0.00%', '8:100.00%', '9:0.00%']
                                          0msec<-
                                          ->0msec
                                                     -> Cluster 82, loss : 1.97, accuracy 25.81%, model from round 50
                                                     ['0:0.30%', '1:20.00%', '2:15.30%', '3:7.50%', '4:73.10%', '5:10.10%', '6:6.60%', '7:10.90%', '8:80.00%', '9:34.30%']
                                                                                              <-> Client 0, global : from 25.81% to 11.02%, local : from 11.20% to 94.80%, training time : 8200msec
                                                     Cluster 82, round 1, loss : 4.05, accuracy 11.02% <-
                                                     Time past : 8200msec
                                                     ['0:0.00%', '1:0.00%', '2:0.00%', '3:0.00%', '4:0.00%', '5:100.00%', '6:0.00%', '7:0.00%', '8:10.20%', '9:0.00%']
                                          0msec<-
                                          ->0msec
                                                     -> Cluster 10, loss : 1.97, accuracy 25.81%, model from round 50
                                                     ['0:0.30%', '1:20.00%', '2:15.30%', '3:7.50%', '4:73.10%', '5:10.10%', '6:6.60%', '7:10.90%', '8:80.00%', '9:34.30%']
                                                                                              <-> Client 0, global : from 25.81% to 10.00%, local : from 30.14% to 94.81%, training time : 8200msec
                                                     Cluster 10, round 1, loss : 4.15, accuracy 10.00% <-
                                                     Time past : 8200msec
                                                     ['0:0.00%', '1:0.00%', '2:0.00%', '3:0.00%', '4:0.00%', '5:0.00%', '6:0.00%', '7:0.00%', '8:0.00%', '9:100.00%']
                                          0msec<-
                                          ->0msec
                                                     -> Cluster 9, loss : 1.97, accuracy 25.81%, model from round 50
                                                     ['0:0.30%', '1:20.00%', '2:15.30%', '3:7.50%', '4:73.10%', '5:10.10%', '6:6.60%', '7:10.90%', '8:80.00%', '9:34.30%']
                                                                                              <-> Client 0, global : from 25.81% to 12.64%, local : from 9.00% to 95.40%, training time : 8200msec
                                                     Cluster 9, round 1, loss : 3.99, accuracy 12.64% <-
                                                     Time past : 8200msec
                                                     ['0:16.70%', '1:0.20%', '2:0.00%', '3:0.00%', '4:0.00%', '5:0.00%', '6:100.00%', '7:0.00%', '8:7.40%', '9:2.10%']
                                          0msec<-
                                          ->0msec
                                                     -> Cluster 27, loss : 1.97, accuracy 25.81%, model from round 50
                                                     ['0:0.30%', '1:20.00%', '2:15.30%', '3:7.50%', '4:73.10%', '5:10.10%', '6:6.60%', '7:10.90%', '8:80.00%', '9:34.30%']
                                                                                              <-> Client 0, global : from 25.81% to 10.01%, local : from 69.60% to 95.00%, training time : 8200msec
                                                     Cluster 27, round 1, loss : 4.80, accuracy 10.01% <-
                                                     Time past : 8200msec
                                                     ['0:0.00%', '1:0.00%', '2:0.00%', '3:0.00%', '4:100.00%', '5:0.00%', '6:0.00%', '7:0.00%', '8:0.10%', '9:0.00%']
                                          0msec<-
                                          ->0msec
                                                     -> Cluster 22, loss : 1.97, accuracy 25.81%, model from round 50
                                                     ['0:0.30%', '1:20.00%', '2:15.30%', '3:7.50%', '4:73.10%', '5:10.10%', '6:6.60%', '7:10.90%', '8:80.00%', '9:34.30%']
                                                                                              <-> Client 0, global : from 25.81% to 10.19%, local : from 67.80% to 95.00%, training time : 8200msec
                                                     Cluster 22, round 1, loss : 4.35, accuracy 10.19% <-
                                                     Time past : 8200msec
                                                     ['0:0.00%', '1:0.00%', '2:0.00%', '3:0.00%', '4:100.00%', '5:0.00%', '6:0.00%', '7:0.00%', '8:1.90%', '9:0.00%']
                                          0msec<-
                                          ->0msec
                                                     -> Cluster 65, loss : 1.97, accuracy 25.81%, model from round 50
                                                     ['0:0.30%', '1:20.00%', '2:15.30%', '3:7.50%', '4:73.10%', '5:10.10%', '6:6.60%', '7:10.90%', '8:80.00%', '9:34.30%']
                                                                                              <-> Client 0, global : from 25.81% to 11.42%, local : from 74.80% to 95.20%, training time : 8200msec
                                                     Cluster 65, round 1, loss : 3.72, accuracy 11.42% <-
                                                     Time past : 8200msec
                                                     ['0:0.00%', '1:0.00%', '2:0.00%', '3:0.00%', '4:0.40%', '5:3.40%', '6:9.50%', '7:1.00%', '8:99.90%', '9:0.00%']
                                          0msec<-
Central server round 50, loss : 2.01, accuracy :26.06%
Time past: 410000msec
['0:0.50%', '1:8.90%', '2:0.00%', '3:0.10%', '4:10.30%', '5:47.20%', '6:73.60%', '7:1.80%', '8:73.80%', '9:44.40%']
                                          ->0msec
                                                     -> Cluster 57, loss : 2.01, accuracy 26.06%, model from round 51
                                                     ['0:0.50%', '1:8.90%', '2:0.00%', '3:0.10%', '4:10.30%', '5:47.20%', '6:73.60%', '7:1.80%', '8:73.80%', '9:44.40%']
                                                                                              <-> Client 0, global : from 26.06% to 10.13%, local : from 3.00% to 95.00%, training time : 8200msec
                                                     Cluster 57, round 1, loss : 4.51, accuracy 10.13% <-
                                                     Time past : 8200msec
                                                     ['0:1.10%', '1:0.00%', '2:0.00%', '3:0.00%', '4:0.00%', '5:0.00%', '6:0.00%', '7:100.00%', '8:0.20%', '9:0.00%']
                                          0msec<-
                                          ->0msec
                                                     -> Cluster 86, loss : 2.01, accuracy 26.06%, model from round 51
                                                     ['0:0.50%', '1:8.90%', '2:0.00%', '3:0.10%', '4:10.30%', '5:47.20%', '6:73.60%', '7:1.80%', '8:73.80%', '9:44.40%']
                                                                                              <-> Client 0, global : from 26.06% to 15.27%, local : from 48.90% to 94.99%, training time : 8200msec
                                                     Cluster 86, round 1, loss : 3.05, accuracy 15.27% <-
                                                     Time past : 8200msec
                                                     ['0:0.00%', '1:0.00%', '2:0.00%', '3:0.00%', '4:0.00%', '5:98.70%', '6:0.00%', '7:0.00%', '8:27.00%', '9:27.00%']
                                          0msec<-
                                          ->0msec
                                                     -> Cluster 46, loss : 2.01, accuracy 26.06%, model from round 51
                                                     ['0:0.50%', '1:8.90%', '2:0.00%', '3:0.10%', '4:10.30%', '5:47.20%', '6:73.60%', '7:1.80%', '8:73.80%', '9:44.40%']
                                                                                              <-> Client 0, global : from 26.06% to 10.00%, local : from 1.60% to 95.00%, training time : 8200msec
                                                     Cluster 46, round 1, loss : 4.51, accuracy 10.00% <-
                                                     Time past : 8200msec
                                                     ['0:0.00%', '1:0.00%', '2:100.00%', '3:0.00%', '4:0.00%', '5:0.00%', '6:0.00%', '7:0.00%', '8:0.00%', '9:0.00%']
                                          0msec<-
                                          ->0msec
                                                     -> Cluster 69, loss : 2.01, accuracy 26.06%, model from round 51
                                                     ['0:0.50%', '1:8.90%', '2:0.00%', '3:0.10%', '4:10.30%', '5:47.20%', '6:73.60%', '7:1.80%', '8:73.80%', '9:44.40%']
                                                                                              <-> Client 0, global : from 26.06% to 14.81%, local : from 71.40% to 95.20%, training time : 8200msec
                                                     Cluster 69, round 1, loss : 3.09, accuracy 14.81% <-
                                                     Time past : 8200msec
                                                     ['0:0.00%', '1:0.00%', '2:0.00%', '3:0.00%', '4:3.40%', '5:0.00%', '6:44.50%', '7:0.80%', '8:99.40%', '9:0.00%']
                                          0msec<-
                                          ->0msec
                                                     -> Cluster 24, loss : 2.01, accuracy 26.06%, model from round 51
                                                     ['0:0.50%', '1:8.90%', '2:0.00%', '3:0.10%', '4:10.30%', '5:47.20%', '6:73.60%', '7:1.80%', '8:73.80%', '9:44.40%']
                                                                                              <-> Client 0, global : from 26.06% to 10.15%, local : from 8.20% to 95.00%, training time : 8200msec
                                                     Cluster 24, round 1, loss : 4.73, accuracy 10.15% <-
                                                     Time past : 8200msec
                                                     ['0:1.20%', '1:0.00%', '2:0.00%', '3:0.00%', '4:100.00%', '5:0.00%', '6:0.00%', '7:0.00%', '8:0.30%', '9:0.00%']
                                          0msec<-
                                          ->0msec
                                                     -> Cluster 61, loss : 2.01, accuracy 26.06%, model from round 51
                                                     ['0:0.50%', '1:8.90%', '2:0.00%', '3:0.10%', '4:10.30%', '5:47.20%', '6:73.60%', '7:1.80%', '8:73.80%', '9:44.40%']
                                                                                              <-> Client 0, global : from 26.06% to 11.33%, local : from 69.46% to 94.81%, training time : 8200msec
                                                     Cluster 61, round 1, loss : 3.88, accuracy 11.33% <-
                                                     Time past : 8200msec
                                                     ['0:0.00%', '1:0.00%', '2:0.00%', '3:0.00%', '4:12.90%', '5:0.50%', '6:0.00%', '7:0.00%', '8:99.90%', '9:0.00%']
                                          0msec<-
                                          ->0msec
                                                     -> Cluster 92, loss : 2.01, accuracy 26.06%, model from round 51
                                                     ['0:0.50%', '1:8.90%', '2:0.00%', '3:0.10%', '4:10.30%', '5:47.20%', '6:73.60%', '7:1.80%', '8:73.80%', '9:44.40%']
                                                                                              <-> Client 0, global : from 26.06% to 10.62%, local : from 2.40% to 94.80%, training time : 8200msec
                                                     Cluster 92, round 1, loss : 3.73, accuracy 10.62% <-
                                                     Time past : 8200msec
                                                     ['0:99.60%', '1:0.00%', '2:0.00%', '3:0.00%', '4:0.00%', '5:0.00%', '6:6.60%', '7:0.00%', '8:0.00%', '9:0.00%']
                                          0msec<-
                                          ->0msec
                                                     -> Cluster 9, loss : 2.01, accuracy 26.06%, model from round 51
                                                     ['0:0.50%', '1:8.90%', '2:0.00%', '3:0.10%', '4:10.30%', '5:47.20%', '6:73.60%', '7:1.80%', '8:73.80%', '9:44.40%']
                                                                                              <-> Client 0, global : from 26.06% to 16.13%, local : from 71.20% to 95.40%, training time : 8200msec
                                                     Cluster 9, round 1, loss : 3.26, accuracy 16.13% <-
                                                     Time past : 8200msec
                                                     ['0:37.90%', '1:1.30%', '2:0.00%', '3:0.00%', '4:0.00%', '5:0.00%', '6:99.70%', '7:0.00%', '8:11.10%', '9:11.30%']
                                          0msec<-
                                          ->0msec
                                                     -> Cluster 32, loss : 2.01, accuracy 26.06%, model from round 51
                                                     ['0:0.50%', '1:8.90%', '2:0.00%', '3:0.10%', '4:10.30%', '5:47.20%', '6:73.60%', '7:1.80%', '8:73.80%', '9:44.40%']
                                                                                              <-> Client 0, global : from 26.06% to 10.00%, local : from 8.40% to 95.00%, training time : 8200msec
                                                     Cluster 32, round 1, loss : 4.27, accuracy 10.00% <-
                                                     Time past : 8200msec
                                                     ['0:0.00%', '1:100.00%', '2:0.00%', '3:0.00%', '4:0.00%', '5:0.00%', '6:0.00%', '7:0.00%', '8:0.00%', '9:0.00%']
                                          0msec<-
                                          ->0msec
                                                     -> Cluster 52, loss : 2.01, accuracy 26.06%, model from round 51
                                                     ['0:0.50%', '1:8.90%', '2:0.00%', '3:0.10%', '4:10.30%', '5:47.20%', '6:73.60%', '7:1.80%', '8:73.80%', '9:44.40%']
                                                                                              <-> Client 0, global : from 26.06% to 11.05%, local : from 2.60% to 95.00%, training time : 8200msec
                                                     Cluster 52, round 1, loss : 3.53, accuracy 11.05% <-
                                                     Time past : 8200msec
                                                     ['0:0.00%', '1:0.00%', '2:0.00%', '3:0.00%', '4:0.00%', '5:0.00%', '6:0.00%', '7:99.80%', '8:10.70%', '9:0.00%']
                                          0msec<-
Central server round 51, loss : 1.96, accuracy :29.24%
Time past: 418200msec
['0:23.20%', '1:27.20%', '2:2.90%', '3:0.00%', '4:62.40%', '5:19.60%', '6:18.70%', '7:41.70%', '8:74.30%', '9:22.40%']
                                          ->0msec
                                                     -> Cluster 0, loss : 1.96, accuracy 29.24%, model from round 52
                                                     ['0:23.20%', '1:27.20%', '2:2.90%', '3:0.00%', '4:62.40%', '5:19.60%', '6:18.70%', '7:41.70%', '8:74.30%', '9:22.40%']
                                                                                              <-> Client 0, global : from 29.24% to 11.54%, local : from 17.56% to 95.01%, training time : 8200msec
                                                     Cluster 0, round 1, loss : 3.44, accuracy 11.54% <-
                                                     Time past : 8200msec
                                                     ['0:3.00%', '1:0.00%', '2:0.00%', '3:0.00%', '4:0.00%', '5:0.00%', '6:100.00%', '7:0.00%', '8:12.10%', '9:0.30%']
                                          0msec<-
                                          ->0msec
                                                     -> Cluster 24, loss : 1.96, accuracy 29.24%, model from round 52
                                                     ['0:23.20%', '1:27.20%', '2:2.90%', '3:0.00%', '4:62.40%', '5:19.60%', '6:18.70%', '7:41.70%', '8:74.30%', '9:22.40%']
                                                                                              <-> Client 0, global : from 29.24% to 10.48%, local : from 56.80% to 95.00%, training time : 8200msec
                                                     Cluster 24, round 1, loss : 4.42, accuracy 10.48% <-
                                                     Time past : 8200msec
                                                     ['0:3.90%', '1:0.10%', '2:0.00%', '3:0.00%', '4:99.90%', '5:0.00%', '6:0.00%', '7:0.00%', '8:0.80%', '9:0.10%']
                                          0msec<-
                                          ->0msec
                                                     -> Cluster 38, loss : 1.96, accuracy 29.24%, model from round 52
                                                     ['0:23.20%', '1:27.20%', '2:2.90%', '3:0.00%', '4:62.40%', '5:19.60%', '6:18.70%', '7:41.70%', '8:74.30%', '9:22.40%']
                                                                                              <-> Client 0, global : from 29.24% to 10.11%, local : from 26.80% to 95.20%, training time : 8200msec
                                                     Cluster 38, round 1, loss : 3.65, accuracy 10.11% <-
                                                     Time past : 8200msec
                                                     ['0:0.00%', '1:100.00%', '2:0.00%', '3:0.00%', '4:0.00%', '5:1.10%', '6:0.00%', '7:0.00%', '8:0.00%', '9:0.00%']
                                          0msec<-
                                          ->0msec
                                                     -> Cluster 89, loss : 1.96, accuracy 29.24%, model from round 52
                                                     ['0:23.20%', '1:27.20%', '2:2.90%', '3:0.00%', '4:62.40%', '5:19.60%', '6:18.70%', '7:41.70%', '8:74.30%', '9:22.40%']
                                                                                              <-> Client 0, global : from 29.24% to 10.25%, local : from 19.84% to 95.19%, training time : 8200msec
                                                     Cluster 89, round 1, loss : 3.97, accuracy 10.25% <-
                                                     Time past : 8200msec
                                                     ['0:0.00%', '1:0.00%', '2:0.00%', '3:0.00%', '4:0.00%', '5:100.00%', '6:0.00%', '7:0.00%', '8:1.30%', '9:1.20%']
                                          0msec<-
                                          ->0msec
                                                     -> Cluster 88, loss : 1.96, accuracy 29.24%, model from round 52
                                                     ['0:23.20%', '1:27.20%', '2:2.90%', '3:0.00%', '4:62.40%', '5:19.60%', '6:18.70%', '7:41.70%', '8:74.30%', '9:22.40%']
                                                                                              <-> Client 0, global : from 29.24% to 11.17%, local : from 19.64% to 95.19%, training time : 8200msec
                                                     Cluster 88, round 1, loss : 4.03, accuracy 11.17% <-
                                                     Time past : 8200msec
                                                     ['0:0.00%', '1:0.00%', '2:0.00%', '3:0.00%', '4:0.00%', '5:99.90%', '6:0.00%', '7:0.00%', '8:11.10%', '9:0.70%']
                                          0msec<-
                                          ->0msec
                                                     -> Cluster 82, loss : 1.96, accuracy 29.24%, model from round 52
                                                     ['0:23.20%', '1:27.20%', '2:2.90%', '3:0.00%', '4:62.40%', '5:19.60%', '6:18.70%', '7:41.70%', '8:74.30%', '9:22.40%']
                                                                                              <-> Client 0, global : from 29.24% to 14.61%, local : from 21.00% to 94.80%, training time : 8200msec
                                                     Cluster 82, round 1, loss : 3.61, accuracy 14.61% <-
                                                     Time past : 8200msec
                                                     ['0:0.30%', '1:0.00%', '2:0.00%', '3:0.00%', '4:0.00%', '5:99.00%', '6:0.00%', '7:0.00%', '8:46.70%', '9:0.10%']
                                          0msec<-
                                          ->0msec
                                                     -> Cluster 69, loss : 1.96, accuracy 29.24%, model from round 52
                                                     ['0:23.20%', '1:27.20%', '2:2.90%', '3:0.00%', '4:62.40%', '5:19.60%', '6:18.70%', '7:41.70%', '8:74.30%', '9:22.40%']
                                                                                              <-> Client 0, global : from 29.24% to 14.75%, local : from 73.80% to 95.60%, training time : 8200msec
                                                     Cluster 69, round 1, loss : 3.21, accuracy 14.75% <-
                                                     Time past : 8200msec
                                                     ['0:0.00%', '1:0.00%', '2:0.40%', '3:0.00%', '4:8.20%', '5:0.00%', '6:38.80%', '7:0.60%', '8:99.50%', '9:0.00%']
                                          0msec<-
                                          ->0msec
                                                     -> Cluster 15, loss : 1.96, accuracy 29.24%, model from round 52
                                                     ['0:23.20%', '1:27.20%', '2:2.90%', '3:0.00%', '4:62.40%', '5:19.60%', '6:18.70%', '7:41.70%', '8:74.30%', '9:22.40%']
                                                                                              <-> Client 0, global : from 29.24% to 10.51%, local : from 26.60% to 95.00%, training time : 8200msec
                                                     Cluster 15, round 1, loss : 3.41, accuracy 10.51% <-
                                                     Time past : 8200msec
                                                     ['0:0.10%', '1:0.00%', '2:0.00%', '3:0.00%', '4:0.40%', '5:2.50%', '6:2.10%', '7:0.00%', '8:0.10%', '9:99.90%']
                                          0msec<-
                                          ->0msec
                                                     -> Cluster 65, loss : 1.96, accuracy 29.24%, model from round 52
                                                     ['0:23.20%', '1:27.20%', '2:2.90%', '3:0.00%', '4:62.40%', '5:19.60%', '6:18.70%', '7:41.70%', '8:74.30%', '9:22.40%']
                                                                                              <-> Client 0, global : from 29.24% to 10.75%, local : from 71.80% to 95.00%, training time : 8200msec
                                                     Cluster 65, round 1, loss : 4.40, accuracy 10.75% <-
                                                     Time past : 8200msec
                                                     ['0:0.00%', '1:0.00%', '2:0.00%', '3:0.00%', '4:0.00%', '5:0.80%', '6:6.40%', '7:0.30%', '8:100.00%', '9:0.00%']
                                          0msec<-
                                          ->0msec
                                                     -> Cluster 95, loss : 1.96, accuracy 29.24%, model from round 52
                                                     ['0:23.20%', '1:27.20%', '2:2.90%', '3:0.00%', '4:62.40%', '5:19.60%', '6:18.70%', '7:41.70%', '8:74.30%', '9:22.40%']
                                                                                              <-> Client 0, global : from 29.24% to 10.11%, local : from 25.05% to 95.19%, training time : 8200msec
                                                     Cluster 95, round 1, loss : 3.96, accuracy 10.11% <-
                                                     Time past : 8200msec
                                                     ['0:99.80%', '1:0.00%', '2:0.00%', '3:0.00%', '4:0.00%', '5:0.00%', '6:1.30%', '7:0.00%', '8:0.00%', '9:0.00%']
                                          0msec<-
Central server round 52, loss : 2.07, accuracy :23.80%
Time past: 426400msec
['0:15.20%', '1:12.00%', '2:0.00%', '3:0.00%', '4:0.00%', '5:85.40%', '6:14.20%', '7:2.40%', '8:73.00%', '9:35.80%']
                                          ->0msec
                                                     -> Cluster 70, loss : 2.07, accuracy 23.80%, model from round 53
                                                     ['0:15.20%', '1:12.00%', '2:0.00%', '3:0.00%', '4:0.00%', '5:85.40%', '6:14.20%', '7:2.40%', '8:73.00%', '9:35.80%']
                                                                                              <-> Client 0, global : from 23.80% to 10.01%, local : from 1.00% to 95.00%, training time : 8200msec
                                                     Cluster 70, round 1, loss : 4.72, accuracy 10.01% <-
                                                     Time past : 8200msec
                                                     ['0:0.00%', '1:0.00%', '2:0.00%', '3:100.00%', '4:0.00%', '5:0.00%', '6:0.00%', '7:0.00%', '8:0.10%', '9:0.00%']
                                          0msec<-
                                          ->0msec
                                                     -> Cluster 98, loss : 2.07, accuracy 23.80%, model from round 53
                                                     ['0:15.20%', '1:12.00%', '2:0.00%', '3:0.00%', '4:0.00%', '5:85.40%', '6:14.20%', '7:2.40%', '8:73.00%', '9:35.80%']
                                                                                              <-> Client 0, global : from 23.80% to 10.00%, local : from 14.23% to 95.19%, training time : 8200msec
                                                     Cluster 98, round 1, loss : 4.08, accuracy 10.00% <-
                                                     Time past : 8200msec
                                                     ['0:100.00%', '1:0.00%', '2:0.00%', '3:0.00%', '4:0.00%', '5:0.00%', '6:0.00%', '7:0.00%', '8:0.00%', '9:0.00%']
                                          0msec<-
                                          ->0msec
                                                     -> Cluster 20, loss : 2.07, accuracy 23.80%, model from round 53
                                                     ['0:15.20%', '1:12.00%', '2:0.00%', '3:0.00%', '4:0.00%', '5:85.40%', '6:14.20%', '7:2.40%', '8:73.00%', '9:35.80%']
                                                                                              <-> Client 0, global : from 23.80% to 10.20%, local : from 2.20% to 95.01%, training time : 8200msec
                                                     Cluster 20, round 1, loss : 4.53, accuracy 10.20% <-
                                                     Time past : 8200msec
                                                     ['0:0.00%', '1:0.00%', '2:0.00%', '3:0.00%', '4:100.00%', '5:0.00%', '6:0.00%', '7:0.00%', '8:2.00%', '9:0.00%']
                                          0msec<-
                                          ->0msec
                                                     -> Cluster 32, loss : 2.07, accuracy 23.80%, model from round 53
                                                     ['0:15.20%', '1:12.00%', '2:0.00%', '3:0.00%', '4:0.00%', '5:85.40%', '6:14.20%', '7:2.40%', '8:73.00%', '9:35.80%']
                                                                                              <-> Client 0, global : from 23.80% to 10.00%, local : from 9.80% to 95.00%, training time : 8200msec
                                                     Cluster 32, round 1, loss : 3.36, accuracy 10.00% <-
                                                     Time past : 8200msec
                                                     ['0:0.00%', '1:100.00%', '2:0.00%', '3:0.00%', '4:0.00%', '5:0.00%', '6:0.00%', '7:0.00%', '8:0.00%', '9:0.00%']
                                          0msec<-
                                          ->0msec
                                                     -> Cluster 81, loss : 2.07, accuracy 23.80%, model from round 53
                                                     ['0:15.20%', '1:12.00%', '2:0.00%', '3:0.00%', '4:0.00%', '5:85.40%', '6:14.20%', '7:2.40%', '8:73.00%', '9:35.80%']
                                                                                              <-> Client 0, global : from 23.80% to 10.01%, local : from 81.20% to 95.00%, training time : 8200msec
                                                     Cluster 81, round 1, loss : 4.91, accuracy 10.01% <-
                                                     Time past : 8200msec
                                                     ['0:0.00%', '1:0.00%', '2:0.00%', '3:0.00%', '4:0.00%', '5:100.00%', '6:0.00%', '7:0.00%', '8:0.10%', '9:0.00%']
                                          0msec<-
                                          ->0msec
                                                     -> Cluster 1, loss : 2.07, accuracy 23.80%, model from round 53
                                                     ['0:15.20%', '1:12.00%', '2:0.00%', '3:0.00%', '4:0.00%', '5:85.40%', '6:14.20%', '7:2.40%', '8:73.00%', '9:35.80%']
                                                                                              <-> Client 0, global : from 23.80% to 11.09%, local : from 11.38% to 94.81%, training time : 8200msec
                                                     Cluster 1, round 1, loss : 4.61, accuracy 11.09% <-
                                                     Time past : 8200msec
                                                     ['0:0.00%', '1:0.00%', '2:0.00%', '3:0.00%', '4:0.00%', '5:0.00%', '6:100.00%', '7:0.00%', '8:10.90%', '9:0.00%']
                                          0msec<-
                                          ->0msec
                                                     -> Cluster 54, loss : 2.07, accuracy 23.80%, model from round 53
                                                     ['0:15.20%', '1:12.00%', '2:0.00%', '3:0.00%', '4:0.00%', '5:85.40%', '6:14.20%', '7:2.40%', '8:73.00%', '9:35.80%']
                                                                                              <-> Client 0, global : from 23.80% to 10.09%, local : from 3.40% to 95.00%, training time : 8200msec
                                                     Cluster 54, round 1, loss : 4.36, accuracy 10.09% <-
                                                     Time past : 8200msec
                                                     ['0:0.20%', '1:0.00%', '2:0.00%', '3:0.00%', '4:0.00%', '5:0.00%', '6:0.00%', '7:100.00%', '8:0.70%', '9:0.00%']
                                          0msec<-
                                          ->0msec
                                                     -> Cluster 94, loss : 2.07, accuracy 23.80%, model from round 53
                                                     ['0:15.20%', '1:12.00%', '2:0.00%', '3:0.00%', '4:0.00%', '5:85.40%', '6:14.20%', '7:2.40%', '8:73.00%', '9:35.80%']
                                                                                              <-> Client 0, global : from 23.80% to 9.99%, local : from 17.84% to 95.19%, training time : 8200msec
                                                     Cluster 94, round 1, loss : 4.17, accuracy 9.99% <-
                                                     Time past : 8200msec
                                                     ['0:99.90%', '1:0.00%', '2:0.00%', '3:0.00%', '4:0.00%', '5:0.00%', '6:0.00%', '7:0.00%', '8:0.00%', '9:0.00%']
                                          0msec<-
                                          ->0msec
                                                     -> Cluster 84, loss : 2.07, accuracy 23.80%, model from round 53
                                                     ['0:15.20%', '1:12.00%', '2:0.00%', '3:0.00%', '4:0.00%', '5:85.40%', '6:14.20%', '7:2.40%', '8:73.00%', '9:35.80%']
                                                                                              <-> Client 0, global : from 23.80% to 10.14%, local : from 80.76% to 95.19%, training time : 8200msec
                                                     Cluster 84, round 1, loss : 4.44, accuracy 10.14% <-
                                                     Time past : 8200msec
                                                     ['0:0.00%', '1:0.00%', '2:0.00%', '3:0.00%', '4:0.00%', '5:100.00%', '6:0.00%', '7:0.00%', '8:1.40%', '9:0.00%']
                                          0msec<-
                                          ->0msec
                                                     -> Cluster 72, loss : 2.07, accuracy 23.80%, model from round 53
                                                     ['0:15.20%', '1:12.00%', '2:0.00%', '3:0.00%', '4:0.00%', '5:85.40%', '6:14.20%', '7:2.40%', '8:73.00%', '9:35.80%']
                                                                                              <-> Client 0, global : from 23.80% to 10.06%, local : from 1.00% to 95.00%, training time : 8200msec
                                                     Cluster 72, round 1, loss : 4.49, accuracy 10.06% <-
                                                     Time past : 8200msec
                                                     ['0:0.00%', '1:0.00%', '2:0.00%', '3:100.00%', '4:0.00%', '5:0.00%', '6:0.00%', '7:0.00%', '8:0.60%', '9:0.00%']
                                          0msec<-
Central server round 53, loss : 2.00, accuracy :27.27%
Time past: 434600msec
['0:77.20%', '1:20.60%', '2:0.00%', '3:20.60%', '4:9.90%', '5:54.50%', '6:44.60%', '7:24.70%', '8:5.90%', '9:14.70%']
                                          ->0msec
                                                     -> Cluster 34, loss : 2.00, accuracy 27.27%, model from round 54
                                                     ['0:77.20%', '1:20.60%', '2:0.00%', '3:20.60%', '4:9.90%', '5:54.50%', '6:44.60%', '7:24.70%', '8:5.90%', '9:14.70%']
                                                                                              <-> Client 0, global : from 27.27% to 10.00%, local : from 21.00% to 95.00%, training time : 8200msec
                                                     Cluster 34, round 1, loss : 3.66, accuracy 10.00% <-
                                                     Time past : 8200msec
                                                     ['0:0.00%', '1:100.00%', '2:0.00%', '3:0.00%', '4:0.00%', '5:0.00%', '6:0.00%', '7:0.00%', '8:0.00%', '9:0.00%']
                                          0msec<-
                                          ->0msec
                                                     -> Cluster 59, loss : 2.00, accuracy 27.27%, model from round 54
                                                     ['0:77.20%', '1:20.60%', '2:0.00%', '3:20.60%', '4:9.90%', '5:54.50%', '6:44.60%', '7:24.70%', '8:5.90%', '9:14.70%']
                                                                                              <-> Client 0, global : from 27.27% to 13.26%, local : from 22.80% to 95.00%, training time : 8200msec
                                                     Cluster 59, round 1, loss : 3.18, accuracy 13.26% <-
                                                     Time past : 8200msec
                                                     ['0:5.70%', '1:0.30%', '2:0.00%', '3:0.00%', '4:0.00%', '5:0.00%', '6:0.00%', '7:99.00%', '8:27.60%', '9:0.00%']
                                          0msec<-
                                          ->0msec
                                                     -> Cluster 47, loss : 2.00, accuracy 27.27%, model from round 54
                                                     ['0:77.20%', '1:20.60%', '2:0.00%', '3:20.60%', '4:9.90%', '5:54.50%', '6:44.60%', '7:24.70%', '8:5.90%', '9:14.70%']
                                                                                              <-> Client 0, global : from 27.27% to 10.04%, local : from 2.20% to 95.00%, training time : 8200msec
                                                     Cluster 47, round 1, loss : 3.57, accuracy 10.04% <-
                                                     Time past : 8200msec
                                                     ['0:0.00%', '1:0.00%', '2:100.00%', '3:0.00%', '4:0.00%', '5:0.00%', '6:0.00%', '7:0.00%', '8:0.40%', '9:0.00%']
                                          0msec<-
                                          ->0msec
                                                     -> Cluster 81, loss : 2.00, accuracy 27.27%, model from round 54
                                                     ['0:77.20%', '1:20.60%', '2:0.00%', '3:20.60%', '4:9.90%', '5:54.50%', '6:44.60%', '7:24.70%', '8:5.90%', '9:14.70%']
                                                                                              <-> Client 0, global : from 27.27% to 10.05%, local : from 55.00% to 95.00%, training time : 8200msec
                                                     Cluster 81, round 1, loss : 3.91, accuracy 10.05% <-
                                                     Time past : 8200msec
                                                     ['0:0.00%', '1:0.00%', '2:0.00%', '3:0.00%', '4:0.00%', '5:100.00%', '6:0.00%', '7:0.00%', '8:0.40%', '9:0.10%']
                                          0msec<-
                                          ->0msec
                                                     -> Cluster 95, loss : 2.00, accuracy 27.27%, model from round 54
                                                     ['0:77.20%', '1:20.60%', '2:0.00%', '3:20.60%', '4:9.90%', '5:54.50%', '6:44.60%', '7:24.70%', '8:5.90%', '9:14.70%']
                                                                                              <-> Client 0, global : from 27.27% to 10.07%, local : from 73.95% to 95.19%, training time : 8200msec
                                                     Cluster 95, round 1, loss : 4.12, accuracy 10.07% <-
                                                     Time past : 8200msec
                                                     ['0:99.80%', '1:0.00%', '2:0.00%', '3:0.00%', '4:0.00%', '5:0.00%', '6:0.90%', '7:0.00%', '8:0.00%', '9:0.00%']
                                          0msec<-
                                          ->0msec
                                                     -> Cluster 61, loss : 2.00, accuracy 27.27%, model from round 54
                                                     ['0:77.20%', '1:20.60%', '2:0.00%', '3:20.60%', '4:9.90%', '5:54.50%', '6:44.60%', '7:24.70%', '8:5.90%', '9:14.70%']
                                                                                              <-> Client 0, global : from 27.27% to 11.71%, local : from 6.39% to 94.81%, training time : 8200msec
                                                     Cluster 61, round 1, loss : 3.57, accuracy 11.71% <-
                                                     Time past : 8200msec
                                                     ['0:0.00%', '1:0.00%', '2:0.00%', '3:0.00%', '4:15.90%', '5:1.10%', '6:0.20%', '7:0.00%', '8:99.90%', '9:0.00%']
                                          0msec<-
                                          ->0msec
                                                     -> Cluster 98, loss : 2.00, accuracy 27.27%, model from round 54
                                                     ['0:77.20%', '1:20.60%', '2:0.00%', '3:20.60%', '4:9.90%', '5:54.50%', '6:44.60%', '7:24.70%', '8:5.90%', '9:14.70%']
                                                                                              <-> Client 0, global : from 27.27% to 10.00%, local : from 72.75% to 95.19%, training time : 8200msec
                                                     Cluster 98, round 1, loss : 3.76, accuracy 10.00% <-
                                                     Time past : 8200msec
                                                     ['0:100.00%', '1:0.00%', '2:0.00%', '3:0.00%', '4:0.00%', '5:0.00%', '6:0.00%', '7:0.00%', '8:0.00%', '9:0.00%']
                                          0msec<-
                                          ->0msec
                                                     -> Cluster 43, loss : 2.00, accuracy 27.27%, model from round 54
                                                     ['0:77.20%', '1:20.60%', '2:0.00%', '3:20.60%', '4:9.90%', '5:54.50%', '6:44.60%', '7:24.70%', '8:5.90%', '9:14.70%']
                                                                                              <-> Client 0, global : from 27.27% to 10.14%, local : from 1.00% to 95.20%, training time : 8200msec
                                                     Cluster 43, round 1, loss : 4.29, accuracy 10.14% <-
                                                     Time past : 8200msec
                                                     ['0:0.00%', '1:0.00%', '2:100.00%', '3:0.00%', '4:0.00%', '5:0.00%', '6:0.00%', '7:0.00%', '8:1.40%', '9:0.00%']
                                          0msec<-
                                          ->0msec
                                                     -> Cluster 49, loss : 2.00, accuracy 27.27%, model from round 54
                                                     ['0:77.20%', '1:20.60%', '2:0.00%', '3:20.60%', '4:9.90%', '5:54.50%', '6:44.60%', '7:24.70%', '8:5.90%', '9:14.70%']
                                                                                              <-> Client 0, global : from 27.27% to 10.80%, local : from 1.20% to 94.80%, training time : 8200msec
                                                     Cluster 49, round 1, loss : 3.97, accuracy 10.80% <-
                                                     Time past : 8200msec
                                                     ['0:0.00%', '1:0.00%', '2:99.60%', '3:0.00%', '4:0.00%', '5:0.00%', '6:0.00%', '7:0.00%', '8:2.50%', '9:5.90%']
                                          0msec<-
                                          ->0msec
                                                     -> Cluster 58, loss : 2.00, accuracy 27.27%, model from round 54
                                                     ['0:77.20%', '1:20.60%', '2:0.00%', '3:20.60%', '4:9.90%', '5:54.50%', '6:44.60%', '7:24.70%', '8:5.90%', '9:14.70%']
                                                                                              <-> Client 0, global : from 27.27% to 11.32%, local : from 21.60% to 95.00%, training time : 8200msec
                                                     Cluster 58, round 1, loss : 3.59, accuracy 11.32% <-
                                                     Time past : 8200msec
                                                     ['0:0.00%', '1:0.00%', '2:0.00%', '3:0.00%', '4:0.00%', '5:0.00%', '6:0.00%', '7:99.60%', '8:13.60%', '9:0.00%']
                                          0msec<-
Central server round 54, loss : 2.04, accuracy :23.41%
Time past: 442800msec
['0:55.90%', '1:24.20%', '2:77.20%', '3:0.10%', '4:0.00%', '5:2.20%', '6:0.50%', '7:22.80%', '8:41.00%', '9:10.20%']
                                          ->0msec
                                                     -> Cluster 16, loss : 2.04, accuracy 23.41%, model from round 55
                                                     ['0:55.90%', '1:24.20%', '2:77.20%', '3:0.10%', '4:0.00%', '5:2.20%', '6:0.50%', '7:22.80%', '8:41.00%', '9:10.20%']
                                                                                              <-> Client 0, global : from 23.41% to 10.03%, local : from 11.80% to 95.00%, training time : 8200msec
                                                     Cluster 16, round 1, loss : 4.27, accuracy 10.03% <-
                                                     Time past : 8200msec
                                                     ['0:0.00%', '1:0.00%', '2:0.00%', '3:0.20%', '4:0.00%', '5:0.00%', '6:0.10%', '7:0.00%', '8:0.00%', '9:100.00%']
                                          0msec<-
                                          ->0msec
                                                     -> Cluster 75, loss : 2.04, accuracy 23.41%, model from round 55
                                                     ['0:55.90%', '1:24.20%', '2:77.20%', '3:0.10%', '4:0.00%', '5:2.20%', '6:0.50%', '7:22.80%', '8:41.00%', '9:10.20%']
                                                                                              <-> Client 0, global : from 23.41% to 10.11%, local : from 1.60% to 95.00%, training time : 8200msec
                                                     Cluster 75, round 1, loss : 3.86, accuracy 10.11% <-
                                                     Time past : 8200msec
                                                     ['0:0.00%', '1:0.00%', '2:0.00%', '3:100.00%', '4:0.00%', '5:0.00%', '6:0.00%', '7:0.00%', '8:1.10%', '9:0.00%']
                                          0msec<-
                                          ->0msec
                                                     -> Cluster 36, loss : 2.04, accuracy 23.41%, model from round 55
                                                     ['0:55.90%', '1:24.20%', '2:77.20%', '3:0.10%', '4:0.00%', '5:2.20%', '6:0.50%', '7:22.80%', '8:41.00%', '9:10.20%']
                                                                                              <-> Client 0, global : from 23.41% to 10.01%, local : from 23.00% to 95.00%, training time : 8200msec
                                                     Cluster 36, round 1, loss : 3.27, accuracy 10.01% <-
                                                     Time past : 8200msec
                                                     ['0:0.00%', '1:100.00%', '2:0.00%', '3:0.00%', '4:0.00%', '5:0.00%', '6:0.00%', '7:0.10%', '8:0.00%', '9:0.00%']
                                          0msec<-
                                          ->0msec
                                                     -> Cluster 52, loss : 2.04, accuracy 23.41%, model from round 55
                                                     ['0:55.90%', '1:24.20%', '2:77.20%', '3:0.10%', '4:0.00%', '5:2.20%', '6:0.50%', '7:22.80%', '8:41.00%', '9:10.20%']
                                                                                              <-> Client 0, global : from 23.41% to 10.44%, local : from 23.40% to 95.00%, training time : 8200msec
                                                     Cluster 52, round 1, loss : 3.87, accuracy 10.44% <-
                                                     Time past : 8200msec
                                                     ['0:0.00%', '1:0.00%', '2:0.00%', '3:0.00%', '4:0.00%', '5:0.00%', '6:0.00%', '7:100.00%', '8:4.40%', '9:0.00%']
                                          0msec<-
                                          ->0msec
                                                     -> Cluster 33, loss : 2.04, accuracy 23.41%, model from round 55
                                                     ['0:55.90%', '1:24.20%', '2:77.20%', '3:0.10%', '4:0.00%', '5:2.20%', '6:0.50%', '7:22.80%', '8:41.00%', '9:10.20%']
                                                                                              <-> Client 0, global : from 23.41% to 10.00%, local : from 21.80% to 95.00%, training time : 8200msec
                                                     Cluster 33, round 1, loss : 4.11, accuracy 10.00% <-
                                                     Time past : 8200msec
                                                     ['0:0.00%', '1:100.00%', '2:0.00%', '3:0.00%', '4:0.00%', '5:0.00%', '6:0.00%', '7:0.00%', '8:0.00%', '9:0.00%']
                                          0msec<-
                                          ->0msec
                                                     -> Cluster 65, loss : 2.04, accuracy 23.41%, model from round 55
                                                     ['0:55.90%', '1:24.20%', '2:77.20%', '3:0.10%', '4:0.00%', '5:2.20%', '6:0.50%', '7:22.80%', '8:41.00%', '9:10.20%']
                                                                                              <-> Client 0, global : from 23.41% to 11.33%, local : from 38.80% to 95.00%, training time : 8200msec
                                                     Cluster 65, round 1, loss : 3.89, accuracy 11.33% <-
                                                     Time past : 8200msec
                                                     ['0:0.00%', '1:0.00%', '2:0.00%', '3:0.00%', '4:0.00%', '5:2.40%', '6:10.00%', '7:1.00%', '8:99.90%', '9:0.00%']
                                          0msec<-
                                          ->0msec
                                                     -> Cluster 94, loss : 2.04, accuracy 23.41%, model from round 55
                                                     ['0:55.90%', '1:24.20%', '2:77.20%', '3:0.10%', '4:0.00%', '5:2.20%', '6:0.50%', '7:22.80%', '8:41.00%', '9:10.20%']
                                                                                              <-> Client 0, global : from 23.41% to 10.06%, local : from 53.71% to 94.99%, training time : 8200msec
                                                     Cluster 94, round 1, loss : 3.48, accuracy 10.06% <-
                                                     Time past : 8200msec
                                                     ['0:99.90%', '1:0.00%', '2:0.00%', '3:0.00%', '4:0.50%', '5:0.00%', '6:0.20%', '7:0.00%', '8:0.00%', '9:0.00%']
                                          0msec<-
                                          ->0msec
                                                     -> Cluster 53, loss : 2.04, accuracy 23.41%, model from round 55
                                                     ['0:55.90%', '1:24.20%', '2:77.20%', '3:0.10%', '4:0.00%', '5:2.20%', '6:0.50%', '7:22.80%', '8:41.00%', '9:10.20%']
                                                                                              <-> Client 0, global : from 23.41% to 10.30%, local : from 20.80% to 95.00%, training time : 8200msec
                                                     Cluster 53, round 1, loss : 3.76, accuracy 10.30% <-
                                                     Time past : 8200msec
                                                     ['0:0.20%', '1:0.00%', '2:0.00%', '3:0.00%', '4:0.00%', '5:0.00%', '6:0.00%', '7:100.00%', '8:2.80%', '9:0.00%']
                                          0msec<-
                                          ->0msec
                                                     -> Cluster 88, loss : 2.04, accuracy 23.41%, model from round 55
                                                     ['0:55.90%', '1:24.20%', '2:77.20%', '3:0.10%', '4:0.00%', '5:2.20%', '6:0.50%', '7:22.80%', '8:41.00%', '9:10.20%']
                                                                                              <-> Client 0, global : from 23.41% to 10.54%, local : from 4.81% to 95.19%, training time : 8200msec
                                                     Cluster 88, round 1, loss : 4.54, accuracy 10.54% <-
                                                     Time past : 8200msec
                                                     ['0:0.00%', '1:0.00%', '2:0.00%', '3:0.00%', '4:0.00%', '5:100.00%', '6:0.00%', '7:0.00%', '8:5.10%', '9:0.30%']
                                          0msec<-
                                          ->0msec
                                                     -> Cluster 35, loss : 2.04, accuracy 23.41%, model from round 55
                                                     ['0:55.90%', '1:24.20%', '2:77.20%', '3:0.10%', '4:0.00%', '5:2.20%', '6:0.50%', '7:22.80%', '8:41.00%', '9:10.20%']
                                                                                              <-> Client 0, global : from 23.41% to 10.00%, local : from 27.20% to 95.00%, training time : 8200msec
                                                     Cluster 35, round 1, loss : 4.75, accuracy 10.00% <-
                                                     Time past : 8200msec
                                                     ['0:0.00%', '1:100.00%', '2:0.00%', '3:0.00%', '4:0.00%', '5:0.00%', '6:0.00%', '7:0.00%', '8:0.00%', '9:0.00%']
                                          0msec<-
Central server round 55, loss : 2.01, accuracy :25.77%
Time past: 451000msec
['0:33.90%', '1:81.90%', '2:0.00%', '3:8.50%', '4:0.00%', '5:23.60%', '6:14.30%', '7:43.90%', '8:34.90%', '9:16.70%']
                                          ->0msec
                                                     -> Cluster 26, loss : 2.01, accuracy 25.77%, model from round 56
                                                     ['0:33.90%', '1:81.90%', '2:0.00%', '3:8.50%', '4:0.00%', '5:23.60%', '6:14.30%', '7:43.90%', '8:34.90%', '9:16.70%']
                                                                                              <-> Client 0, global : from 25.77% to 10.04%, local : from 1.60% to 95.00%, training time : 8200msec
                                                     Cluster 26, round 1, loss : 4.32, accuracy 10.04% <-
                                                     Time past : 8200msec
                                                     ['0:0.00%', '1:0.00%', '2:0.00%', '3:0.00%', '4:100.00%', '5:0.00%', '6:0.00%', '7:0.00%', '8:0.40%', '9:0.00%']
                                          0msec<-
                                          ->0msec
                                                     -> Cluster 19, loss : 2.01, accuracy 25.77%, model from round 56
                                                     ['0:33.90%', '1:81.90%', '2:0.00%', '3:8.50%', '4:0.00%', '5:23.60%', '6:14.30%', '7:43.90%', '8:34.90%', '9:16.70%']
                                                                                              <-> Client 0, global : from 25.77% to 10.58%, local : from 15.80% to 95.00%, training time : 8200msec
                                                     Cluster 19, round 1, loss : 3.33, accuracy 10.58% <-
                                                     Time past : 8200msec
                                                     ['0:0.10%', '1:0.00%', '2:0.00%', '3:0.00%', '4:0.00%', '5:4.60%', '6:1.20%', '7:0.00%', '8:0.00%', '9:99.90%']
                                          0msec<-
                                          ->0msec
                                                     -> Cluster 29, loss : 2.01, accuracy 25.77%, model from round 56
                                                     ['0:33.90%', '1:81.90%', '2:0.00%', '3:8.50%', '4:0.00%', '5:23.60%', '6:14.30%', '7:43.90%', '8:34.90%', '9:16.70%']
                                                                                              <-> Client 0, global : from 25.77% to 10.15%, local : from 2.00% to 95.00%, training time : 8200msec
                                                     Cluster 29, round 1, loss : 4.46, accuracy 10.15% <-
                                                     Time past : 8200msec
                                                     ['0:0.00%', '1:0.00%', '2:0.00%', '3:0.00%', '4:100.00%', '5:0.00%', '6:0.00%', '7:0.00%', '8:1.50%', '9:0.00%']
                                          0msec<-
                                          ->0msec
                                                     -> Cluster 93, loss : 2.01, accuracy 25.77%, model from round 56
                                                     ['0:33.90%', '1:81.90%', '2:0.00%', '3:8.50%', '4:0.00%', '5:23.60%', '6:14.30%', '7:43.90%', '8:34.90%', '9:16.70%']
                                                                                              <-> Client 0, global : from 25.77% to 10.00%, local : from 31.26% to 95.19%, training time : 8200msec
                                                     Cluster 93, round 1, loss : 4.17, accuracy 10.00% <-
                                                     Time past : 8200msec
                                                     ['0:100.00%', '1:0.00%', '2:0.00%', '3:0.00%', '4:0.00%', '5:0.00%', '6:0.00%', '7:0.00%', '8:0.00%', '9:0.00%']
                                          0msec<-
                                          ->0msec
                                                     -> Cluster 3, loss : 2.01, accuracy 25.77%, model from round 56
                                                     ['0:33.90%', '1:81.90%', '2:0.00%', '3:8.50%', '4:0.00%', '5:23.60%', '6:14.30%', '7:43.90%', '8:34.90%', '9:16.70%']
                                                                                              <-> Client 0, global : from 25.77% to 12.86%, local : from 15.60% to 95.00%, training time : 8200msec
                                                     Cluster 3, round 1, loss : 3.66, accuracy 12.86% <-
                                                     Time past : 8200msec
                                                     ['0:0.90%', '1:0.60%', '2:0.00%', '3:0.00%', '4:0.00%', '5:0.00%', '6:100.00%', '7:0.00%', '8:27.00%', '9:0.10%']
                                          0msec<-
                                          ->0msec
                                                     -> Cluster 13, loss : 2.01, accuracy 25.77%, model from round 56
                                                     ['0:33.90%', '1:81.90%', '2:0.00%', '3:8.50%', '4:0.00%', '5:23.60%', '6:14.30%', '7:43.90%', '8:34.90%', '9:16.70%']
                                                                                              <-> Client 0, global : from 25.77% to 10.09%, local : from 17.00% to 95.00%, training time : 8200msec
                                                     Cluster 13, round 1, loss : 3.92, accuracy 10.09% <-
                                                     Time past : 8200msec
                                                     ['0:0.00%', '1:0.00%', '2:0.00%', '3:0.00%', '4:0.00%', '5:0.90%', '6:0.00%', '7:0.00%', '8:0.00%', '9:100.00%']
                                          0msec<-
                                          ->0msec
                                                     -> Cluster 32, loss : 2.01, accuracy 25.77%, model from round 56
                                                     ['0:33.90%', '1:81.90%', '2:0.00%', '3:8.50%', '4:0.00%', '5:23.60%', '6:14.30%', '7:43.90%', '8:34.90%', '9:16.70%']
                                                                                              <-> Client 0, global : from 25.77% to 10.00%, local : from 77.60% to 95.00%, training time : 8200msec
                                                     Cluster 32, round 1, loss : 4.39, accuracy 10.00% <-
                                                     Time past : 8200msec
                                                     ['0:0.00%', '1:100.00%', '2:0.00%', '3:0.00%', '4:0.00%', '5:0.00%', '6:0.00%', '7:0.00%', '8:0.00%', '9:0.00%']
                                          0msec<-
                                          ->0msec
                                                     -> Cluster 61, loss : 2.01, accuracy 25.77%, model from round 56
                                                     ['0:33.90%', '1:81.90%', '2:0.00%', '3:8.50%', '4:0.00%', '5:23.60%', '6:14.30%', '7:43.90%', '8:34.90%', '9:16.70%']
                                                                                              <-> Client 0, global : from 25.77% to 10.73%, local : from 35.93% to 95.01%, training time : 8200msec
                                                     Cluster 61, round 1, loss : 4.39, accuracy 10.73% <-
                                                     Time past : 8200msec
                                                     ['0:0.00%', '1:0.00%', '2:0.00%', '3:0.00%', '4:7.00%', '5:0.30%', '6:0.00%', '7:0.00%', '8:100.00%', '9:0.00%']
                                          0msec<-
                                          ->0msec
                                                     -> Cluster 99, loss : 2.01, accuracy 25.77%, model from round 56
                                                     ['0:33.90%', '1:81.90%', '2:0.00%', '3:8.50%', '4:0.00%', '5:23.60%', '6:14.30%', '7:43.90%', '8:34.90%', '9:16.70%']
                                                                                              <-> Client 0, global : from 25.77% to 10.00%, local : from 32.46% to 95.19%, training time : 8200msec
                                                     Cluster 99, round 1, loss : 3.75, accuracy 10.00% <-
                                                     Time past : 8200msec
                                                     ['0:100.00%', '1:0.00%', '2:0.00%', '3:0.00%', '4:0.00%', '5:0.00%', '6:0.00%', '7:0.00%', '8:0.00%', '9:0.00%']
                                          0msec<-
                                          ->0msec
                                                     -> Cluster 12, loss : 2.01, accuracy 25.77%, model from round 56
                                                     ['0:33.90%', '1:81.90%', '2:0.00%', '3:8.50%', '4:0.00%', '5:23.60%', '6:14.30%', '7:43.90%', '8:34.90%', '9:16.70%']
                                                                                              <-> Client 0, global : from 25.77% to 10.65%, local : from 16.40% to 95.40%, training time : 8200msec
                                                     Cluster 12, round 1, loss : 3.46, accuracy 10.65% <-
                                                     Time past : 8200msec
                                                     ['0:0.00%', '1:0.00%', '2:0.00%', '3:0.00%', '4:3.00%', '5:3.60%', '6:0.00%', '7:0.00%', '8:0.00%', '9:99.90%']
                                          0msec<-
Central server round 56, loss : 2.01, accuracy :26.17%
Time past: 459200msec
['0:48.70%', '1:15.90%', '2:0.00%', '3:0.30%', '4:76.60%', '5:12.60%', '6:5.20%', '7:0.70%', '8:28.70%', '9:73.00%']
                                          ->0msec
                                                     -> Cluster 83, loss : 2.01, accuracy 26.17%, model from round 57
                                                     ['0:48.70%', '1:15.90%', '2:0.00%', '3:0.30%', '4:76.60%', '5:12.60%', '6:5.20%', '7:0.70%', '8:28.70%', '9:73.00%']
                                                                                              <-> Client 0, global : from 26.17% to 10.21%, local : from 11.42% to 95.19%, training time : 8200msec
                                                     Cluster 83, round 1, loss : 3.80, accuracy 10.21% <-
                                                     Time past : 8200msec
                                                     ['0:0.00%', '1:0.00%', '2:0.00%', '3:0.00%', '4:0.00%', '5:100.00%', '6:0.00%', '7:0.00%', '8:2.10%', '9:0.00%']
                                          0msec<-
                                          ->0msec
                                                     -> Cluster 13, loss : 2.01, accuracy 26.17%, model from round 57
                                                     ['0:48.70%', '1:15.90%', '2:0.00%', '3:0.30%', '4:76.60%', '5:12.60%', '6:5.20%', '7:0.70%', '8:28.70%', '9:73.00%']
                                                                                              <-> Client 0, global : from 26.17% to 10.26%, local : from 71.20% to 95.00%, training time : 8200msec
                                                     Cluster 13, round 1, loss : 3.78, accuracy 10.26% <-
                                                     Time past : 8200msec
                                                     ['0:0.00%', '1:0.00%', '2:0.00%', '3:0.00%', '4:0.00%', '5:2.70%', '6:0.00%', '7:0.00%', '8:0.00%', '9:99.90%']
                                          0msec<-
                                          ->0msec
                                                     -> Cluster 94, loss : 2.01, accuracy 26.17%, model from round 57
                                                     ['0:48.70%', '1:15.90%', '2:0.00%', '3:0.30%', '4:76.60%', '5:12.60%', '6:5.20%', '7:0.70%', '8:28.70%', '9:73.00%']
                                                                                              <-> Client 0, global : from 26.17% to 10.00%, local : from 45.49% to 95.19%, training time : 8200msec
                                                     Cluster 94, round 1, loss : 4.16, accuracy 10.00% <-
                                                     Time past : 8200msec
                                                     ['0:100.00%', '1:0.00%', '2:0.00%', '3:0.00%', '4:0.00%', '5:0.00%', '6:0.00%', '7:0.00%', '8:0.00%', '9:0.00%']
                                          0msec<-
                                          ->0msec
                                                     -> Cluster 70, loss : 2.01, accuracy 26.17%, model from round 57
                                                     ['0:48.70%', '1:15.90%', '2:0.00%', '3:0.30%', '4:76.60%', '5:12.60%', '6:5.20%', '7:0.70%', '8:28.70%', '9:73.00%']
                                                                                              <-> Client 0, global : from 26.17% to 10.11%, local : from 1.60% to 95.00%, training time : 8200msec
                                                     Cluster 70, round 1, loss : 3.86, accuracy 10.11% <-
                                                     Time past : 8200msec
                                                     ['0:0.00%', '1:0.00%', '2:0.00%', '3:100.00%', '4:0.00%', '5:0.00%', '6:0.00%', '7:0.00%', '8:1.10%', '9:0.00%']
                                          0msec<-
                                          ->0msec
                                                     -> Cluster 86, loss : 2.01, accuracy 26.17%, model from round 57
                                                     ['0:48.70%', '1:15.90%', '2:0.00%', '3:0.30%', '4:76.60%', '5:12.60%', '6:5.20%', '7:0.70%', '8:28.70%', '9:73.00%']
                                                                                              <-> Client 0, global : from 26.17% to 10.76%, local : from 13.03% to 94.99%, training time : 8200msec
                                                     Cluster 86, round 1, loss : 3.87, accuracy 10.76% <-
                                                     Time past : 8200msec
                                                     ['0:0.00%', '1:0.00%', '2:0.00%', '3:0.00%', '4:0.00%', '5:100.00%', '6:0.00%', '7:0.00%', '8:5.00%', '9:2.60%']
                                          0msec<-
                                          ->0msec
                                                     -> Cluster 53, loss : 2.01, accuracy 26.17%, model from round 57
                                                     ['0:48.70%', '1:15.90%', '2:0.00%', '3:0.30%', '4:76.60%', '5:12.60%', '6:5.20%', '7:0.70%', '8:28.70%', '9:73.00%']
                                                                                              <-> Client 0, global : from 26.17% to 10.10%, local : from 2.00% to 95.00%, training time : 8200msec
                                                     Cluster 53, round 1, loss : 4.22, accuracy 10.10% <-
                                                     Time past : 8200msec
                                                     ['0:0.00%', '1:0.00%', '2:0.00%', '3:0.00%', '4:0.00%', '5:0.00%', '6:0.00%', '7:100.00%', '8:1.00%', '9:0.00%']
                                          0msec<-
                                          ->0msec
                                                     -> Cluster 85, loss : 2.01, accuracy 26.17%, model from round 57
                                                     ['0:48.70%', '1:15.90%', '2:0.00%', '3:0.30%', '4:76.60%', '5:12.60%', '6:5.20%', '7:0.70%', '8:28.70%', '9:73.00%']
                                                                                              <-> Client 0, global : from 26.17% to 11.52%, local : from 10.82% to 95.59%, training time : 8200msec
                                                     Cluster 85, round 1, loss : 4.18, accuracy 11.52% <-
                                                     Time past : 8200msec
                                                     ['0:2.80%', '1:0.00%', '2:0.00%', '3:0.00%', '4:0.00%', '5:99.90%', '6:0.00%', '7:0.00%', '8:11.10%', '9:1.40%']
                                          0msec<-
                                          ->0msec
                                                     -> Cluster 15, loss : 2.01, accuracy 26.17%, model from round 57
                                                     ['0:48.70%', '1:15.90%', '2:0.00%', '3:0.30%', '4:76.60%', '5:12.60%', '6:5.20%', '7:0.70%', '8:28.70%', '9:73.00%']
                                                                                              <-> Client 0, global : from 26.17% to 10.34%, local : from 76.20% to 95.00%, training time : 8200msec
                                                     Cluster 15, round 1, loss : 3.66, accuracy 10.34% <-
                                                     Time past : 8200msec
                                                     ['0:0.10%', '1:0.00%', '2:0.00%', '3:0.00%', '4:0.30%', '5:1.80%', '6:1.30%', '7:0.00%', '8:0.00%', '9:99.90%']
                                          0msec<-
                                          ->0msec
                                                     -> Cluster 33, loss : 2.01, accuracy 26.17%, model from round 57
                                                     ['0:48.70%', '1:15.90%', '2:0.00%', '3:0.30%', '4:76.60%', '5:12.60%', '6:5.20%', '7:0.70%', '8:28.70%', '9:73.00%']
                                                                                              <-> Client 0, global : from 26.17% to 10.00%, local : from 14.20% to 95.00%, training time : 8200msec
                                                     Cluster 33, round 1, loss : 4.40, accuracy 10.00% <-
                                                     Time past : 8200msec
                                                     ['0:0.00%', '1:100.00%', '2:0.00%', '3:0.00%', '4:0.00%', '5:0.00%', '6:0.00%', '7:0.00%', '8:0.00%', '9:0.00%']
                                          0msec<-
                                          ->0msec
                                                     -> Cluster 87, loss : 2.01, accuracy 26.17%, model from round 57
                                                     ['0:48.70%', '1:15.90%', '2:0.00%', '3:0.30%', '4:76.60%', '5:12.60%', '6:5.20%', '7:0.70%', '8:28.70%', '9:73.00%']
                                                                                              <-> Client 0, global : from 26.17% to 12.79%, local : from 14.83% to 95.39%, training time : 8200msec
                                                     Cluster 87, round 1, loss : 3.47, accuracy 12.79% <-
                                                     Time past : 8200msec
                                                     ['0:12.00%', '1:0.10%', '2:0.00%', '3:0.00%', '4:0.00%', '5:99.80%', '6:0.00%', '7:0.00%', '8:8.40%', '9:7.60%']
                                          0msec<-
Central server round 57, loss : 2.08, accuracy :22.92%
Time past: 467400msec
['0:44.70%', '1:12.00%', '2:0.00%', '3:0.00%', '4:0.60%', '5:92.50%', '6:0.50%', '7:5.70%', '8:12.50%', '9:60.70%']
                                          ->0msec
                                                     -> Cluster 87, loss : 2.08, accuracy 22.92%, model from round 58
                                                     ['0:44.70%', '1:12.00%', '2:0.00%', '3:0.00%', '4:0.60%', '5:92.50%', '6:0.50%', '7:5.70%', '8:12.50%', '9:60.70%']
                                                                                              <-> Client 0, global : from 22.92% to 12.69%, local : from 89.78% to 95.39%, training time : 8200msec
                                                     Cluster 87, round 1, loss : 3.84, accuracy 12.69% <-
                                                     Time past : 8200msec
                                                     ['0:8.30%', '1:0.10%', '2:0.00%', '3:0.00%', '4:0.00%', '5:99.80%', '6:0.00%', '7:0.00%', '8:11.50%', '9:7.20%']
                                          0msec<-
                                          ->0msec
                                                     -> Cluster 65, loss : 2.08, accuracy 22.92%, model from round 58
                                                     ['0:44.70%', '1:12.00%', '2:0.00%', '3:0.00%', '4:0.60%', '5:92.50%', '6:0.50%', '7:5.70%', '8:12.50%', '9:60.70%']
                                                                                              <-> Client 0, global : from 22.92% to 12.84%, local : from 11.80% to 95.20%, training time : 8200msec
                                                     Cluster 65, round 1, loss : 3.22, accuracy 12.84% <-
                                                     Time past : 8200msec
                                                     ['0:0.00%', '1:0.00%', '2:0.00%', '3:0.00%', '4:0.30%', '5:11.10%', '6:14.50%', '7:3.10%', '8:99.40%', '9:0.00%']
                                          0msec<-
                                          ->0msec
                                                     -> Cluster 63, loss : 2.08, accuracy 22.92%, model from round 58
                                                     ['0:44.70%', '1:12.00%', '2:0.00%', '3:0.00%', '4:0.60%', '5:92.50%', '6:0.50%', '7:5.70%', '8:12.50%', '9:60.70%']
                                                                                              <-> Client 0, global : from 22.92% to 12.19%, local : from 11.60% to 95.40%, training time : 8200msec
                                                     Cluster 63, round 1, loss : 3.87, accuracy 12.19% <-
                                                     Time past : 8200msec
                                                     ['0:0.00%', '1:0.00%', '2:0.00%', '3:0.00%', '4:16.30%', '5:1.00%', '6:4.60%', '7:0.00%', '8:100.00%', '9:0.00%']
                                          0msec<-
                                          ->0msec
                                                     -> Cluster 50, loss : 2.08, accuracy 22.92%, model from round 58
                                                     ['0:44.70%', '1:12.00%', '2:0.00%', '3:0.00%', '4:0.60%', '5:92.50%', '6:0.50%', '7:5.70%', '8:12.50%', '9:60.70%']
                                                                                              <-> Client 0, global : from 22.92% to 10.22%, local : from 7.58% to 94.81%, training time : 8200msec
                                                     Cluster 50, round 1, loss : 3.73, accuracy 10.22% <-
                                                     Time past : 8200msec
                                                     ['0:1.90%', '1:0.00%', '2:0.00%', '3:0.00%', '4:0.00%', '5:0.00%', '6:0.00%', '7:100.00%', '8:0.10%', '9:0.20%']
                                          0msec<-
                                          ->0msec
                                                     -> Cluster 14, loss : 2.08, accuracy 22.92%, model from round 58
                                                     ['0:44.70%', '1:12.00%', '2:0.00%', '3:0.00%', '4:0.60%', '5:92.50%', '6:0.50%', '7:5.70%', '8:12.50%', '9:60.70%']
                                                                                              <-> Client 0, global : from 22.92% to 10.54%, local : from 56.20% to 95.00%, training time : 8200msec
                                                     Cluster 14, round 1, loss : 3.70, accuracy 10.54% <-
                                                     Time past : 8200msec
                                                     ['0:0.10%', '1:0.00%', '2:0.00%', '3:0.00%', '4:2.10%', '5:3.10%', '6:0.00%', '7:0.00%', '8:0.20%', '9:99.90%']
                                          0msec<-
                                          ->0msec
                                                     -> Cluster 77, loss : 2.08, accuracy 22.92%, model from round 58
                                                     ['0:44.70%', '1:12.00%', '2:0.00%', '3:0.00%', '4:0.60%', '5:92.50%', '6:0.50%', '7:5.70%', '8:12.50%', '9:60.70%']
                                                                                              <-> Client 0, global : from 22.92% to 11.28%, local : from 1.40% to 95.40%, training time : 8200msec
                                                     Cluster 77, round 1, loss : 4.07, accuracy 11.28% <-
                                                     Time past : 8200msec
                                                     ['0:0.00%', '1:0.00%', '2:0.00%', '3:99.90%', '4:0.00%', '5:0.00%', '6:0.00%', '7:0.00%', '8:12.90%', '9:0.00%']
                                          0msec<-
                                          ->0msec
                                                     -> Cluster 61, loss : 2.08, accuracy 22.92%, model from round 58
                                                     ['0:44.70%', '1:12.00%', '2:0.00%', '3:0.00%', '4:0.60%', '5:92.50%', '6:0.50%', '7:5.70%', '8:12.50%', '9:60.70%']
                                                                                              <-> Client 0, global : from 22.92% to 11.35%, local : from 12.18% to 94.81%, training time : 8200msec
                                                     Cluster 61, round 1, loss : 3.88, accuracy 11.35% <-
                                                     Time past : 8200msec
                                                     ['0:0.00%', '1:0.00%', '2:0.00%', '3:0.10%', '4:12.10%', '5:1.40%', '6:0.00%', '7:0.00%', '8:99.90%', '9:0.00%']
                                          0msec<-
                                          ->0msec
                                                     -> Cluster 13, loss : 2.08, accuracy 22.92%, model from round 58
                                                     ['0:44.70%', '1:12.00%', '2:0.00%', '3:0.00%', '4:0.60%', '5:92.50%', '6:0.50%', '7:5.70%', '8:12.50%', '9:60.70%']
                                                                                              <-> Client 0, global : from 22.92% to 10.29%, local : from 60.20% to 95.00%, training time : 8200msec
                                                     Cluster 13, round 1, loss : 3.84, accuracy 10.29% <-
                                                     Time past : 8200msec
                                                     ['0:0.00%', '1:0.00%', '2:0.00%', '3:0.00%', '4:0.10%', '5:2.90%', '6:0.00%', '7:0.00%', '8:0.00%', '9:99.90%']
                                          0msec<-
                                          ->0msec
                                                     -> Cluster 19, loss : 2.08, accuracy 22.92%, model from round 58
                                                     ['0:44.70%', '1:12.00%', '2:0.00%', '3:0.00%', '4:0.60%', '5:92.50%', '6:0.50%', '7:5.70%', '8:12.50%', '9:60.70%']
                                                                                              <-> Client 0, global : from 22.92% to 10.80%, local : from 62.20% to 94.80%, training time : 8200msec
                                                     Cluster 19, round 1, loss : 3.26, accuracy 10.80% <-
                                                     Time past : 8200msec
                                                     ['0:0.10%', '1:0.00%', '2:0.00%', '3:0.00%', '4:0.00%', '5:6.70%', '6:1.40%', '7:0.00%', '8:0.00%', '9:99.80%']
                                          0msec<-
                                          ->0msec
                                                     -> Cluster 49, loss : 2.08, accuracy 22.92%, model from round 58
                                                     ['0:44.70%', '1:12.00%', '2:0.00%', '3:0.00%', '4:0.60%', '5:92.50%', '6:0.50%', '7:5.70%', '8:12.50%', '9:60.70%']
                                                                                              <-> Client 0, global : from 22.92% to 10.21%, local : from 0.80% to 95.00%, training time : 8200msec
                                                     Cluster 49, round 1, loss : 4.49, accuracy 10.21% <-
                                                     Time past : 8200msec
                                                     ['0:0.00%', '1:0.00%', '2:99.80%', '3:0.00%', '4:0.00%', '5:0.00%', '6:0.00%', '7:0.00%', '8:0.70%', '9:1.60%']
                                          0msec<-
Central server round 58, loss : 2.06, accuracy :23.95%
Time past: 475600msec
['0:1.10%', '1:0.80%', '2:1.80%', '3:4.30%', '4:16.50%', '5:51.90%', '6:13.20%', '7:12.70%', '8:76.10%', '9:61.10%']
                                          ->0msec
                                                     -> Cluster 1, loss : 2.06, accuracy 23.95%, model from round 59
                                                     ['0:1.10%', '1:0.80%', '2:1.80%', '3:4.30%', '4:16.50%', '5:51.90%', '6:13.20%', '7:12.70%', '8:76.10%', '9:61.10%']
                                                                                              <-> Client 0, global : from 23.95% to 15.66%, local : from 12.18% to 95.21%, training time : 8200msec
                                                     Cluster 1, round 1, loss : 3.27, accuracy 15.66% <-
                                                     Time past : 8200msec
                                                     ['0:0.20%', '1:0.00%', '2:0.00%', '3:0.00%', '4:0.00%', '5:0.00%', '6:99.70%', '7:0.00%', '8:54.20%', '9:2.50%']
                                          0msec<-
                                          ->0msec
                                                     -> Cluster 96, loss : 2.06, accuracy 23.95%, model from round 59
                                                     ['0:1.10%', '1:0.80%', '2:1.80%', '3:4.30%', '4:16.50%', '5:51.90%', '6:13.20%', '7:12.70%', '8:76.10%', '9:61.10%']
                                                                                              <-> Client 0, global : from 23.95% to 10.00%, local : from 1.60% to 95.19%, training time : 8200msec
                                                     Cluster 96, round 1, loss : 4.31, accuracy 10.00% <-
                                                     Time past : 8200msec
                                                     ['0:100.00%', '1:0.00%', '2:0.00%', '3:0.00%', '4:0.00%', '5:0.00%', '6:0.00%', '7:0.00%', '8:0.00%', '9:0.00%']
                                          0msec<-
                                          ->0msec
                                                     -> Cluster 93, loss : 2.06, accuracy 23.95%, model from round 59
                                                     ['0:1.10%', '1:0.80%', '2:1.80%', '3:4.30%', '4:16.50%', '5:51.90%', '6:13.20%', '7:12.70%', '8:76.10%', '9:61.10%']
                                                                                              <-> Client 0, global : from 23.95% to 10.00%, local : from 1.60% to 95.19%, training time : 8200msec
                                                     Cluster 93, round 1, loss : 3.90, accuracy 10.00% <-
                                                     Time past : 8200msec
                                                     ['0:100.00%', '1:0.00%', '2:0.00%', '3:0.00%', '4:0.00%', '5:0.00%', '6:0.00%', '7:0.00%', '8:0.00%', '9:0.00%']
                                          0msec<-
                                          ->0msec
                                                     -> Cluster 84, loss : 2.06, accuracy 23.95%, model from round 59
                                                     ['0:1.10%', '1:0.80%', '2:1.80%', '3:4.30%', '4:16.50%', '5:51.90%', '6:13.20%', '7:12.70%', '8:76.10%', '9:61.10%']
                                                                                              <-> Client 0, global : from 23.95% to 10.29%, local : from 51.50% to 95.19%, training time : 8200msec
                                                     Cluster 84, round 1, loss : 4.19, accuracy 10.29% <-
                                                     Time past : 8200msec
                                                     ['0:0.00%', '1:0.00%', '2:0.00%', '3:0.00%', '4:0.00%', '5:100.00%', '6:0.00%', '7:0.00%', '8:2.50%', '9:0.40%']
                                          0msec<-
                                          ->0msec
                                                     -> Cluster 44, loss : 2.06, accuracy 23.95%, model from round 59
                                                     ['0:1.10%', '1:0.80%', '2:1.80%', '3:4.30%', '4:16.50%', '5:51.90%', '6:13.20%', '7:12.70%', '8:76.10%', '9:61.10%']
                                                                                              <-> Client 0, global : from 23.95% to 10.02%, local : from 4.20% to 95.00%, training time : 8200msec
                                                     Cluster 44, round 1, loss : 5.01, accuracy 10.02% <-
                                                     Time past : 8200msec
                                                     ['0:0.00%', '1:0.00%', '2:100.00%', '3:0.00%', '4:0.00%', '5:0.00%', '6:0.00%', '7:0.00%', '8:0.20%', '9:0.00%']
                                          0msec<-
                                          ->0msec
                                                     -> Cluster 90, loss : 2.06, accuracy 23.95%, model from round 59
                                                     ['0:1.10%', '1:0.80%', '2:1.80%', '3:4.30%', '4:16.50%', '5:51.90%', '6:13.20%', '7:12.70%', '8:76.10%', '9:61.10%']
                                                                                              <-> Client 0, global : from 23.95% to 10.00%, local : from 2.40% to 95.00%, training time : 8200msec
                                                     Cluster 90, round 1, loss : 4.83, accuracy 10.00% <-
                                                     Time past : 8200msec
                                                     ['0:100.00%', '1:0.00%', '2:0.00%', '3:0.00%', '4:0.00%', '5:0.00%', '6:0.00%', '7:0.00%', '8:0.00%', '9:0.00%']
                                          0msec<-
                                          ->0msec
                                                     -> Cluster 34, loss : 2.06, accuracy 23.95%, model from round 59
                                                     ['0:1.10%', '1:0.80%', '2:1.80%', '3:4.30%', '4:16.50%', '5:51.90%', '6:13.20%', '7:12.70%', '8:76.10%', '9:61.10%']
                                                                                              <-> Client 0, global : from 23.95% to 10.00%, local : from 2.00% to 95.00%, training time : 8200msec
                                                     Cluster 34, round 1, loss : 3.92, accuracy 10.00% <-
                                                     Time past : 8200msec
                                                     ['0:0.00%', '1:100.00%', '2:0.00%', '3:0.00%', '4:0.00%', '5:0.00%', '6:0.00%', '7:0.00%', '8:0.00%', '9:0.00%']
                                          0msec<-
                                          ->0msec
                                                     -> Cluster 7, loss : 2.06, accuracy 23.95%, model from round 59
                                                     ['0:1.10%', '1:0.80%', '2:1.80%', '3:4.30%', '4:16.50%', '5:51.90%', '6:13.20%', '7:12.70%', '8:76.10%', '9:61.10%']
                                                                                              <-> Client 0, global : from 23.95% to 11.90%, local : from 11.20% to 95.20%, training time : 8200msec
                                                     Cluster 7, round 1, loss : 4.19, accuracy 11.90% <-
                                                     Time past : 8200msec
                                                     ['0:0.00%', '1:0.00%', '2:0.00%', '3:0.00%', '4:0.00%', '5:0.00%', '6:100.00%', '7:0.00%', '8:18.70%', '9:0.30%']
                                          0msec<-
                                          ->0msec
                                                     -> Cluster 69, loss : 2.06, accuracy 23.95%, model from round 59
                                                     ['0:1.10%', '1:0.80%', '2:1.80%', '3:4.30%', '4:16.50%', '5:51.90%', '6:13.20%', '7:12.70%', '8:76.10%', '9:61.10%']
                                                                                              <-> Client 0, global : from 23.95% to 15.05%, local : from 72.80% to 95.60%, training time : 8200msec
                                                     Cluster 69, round 1, loss : 3.36, accuracy 15.05% <-
                                                     Time past : 8200msec
                                                     ['0:0.00%', '1:0.00%', '2:0.00%', '3:0.00%', '4:11.70%', '5:0.00%', '6:38.50%', '7:0.90%', '8:99.40%', '9:0.00%']
                                          0msec<-
                                          ->0msec
                                                     -> Cluster 80, loss : 2.06, accuracy 23.95%, model from round 59
                                                     ['0:1.10%', '1:0.80%', '2:1.80%', '3:4.30%', '4:16.50%', '5:51.90%', '6:13.20%', '7:12.70%', '8:76.10%', '9:61.10%']
                                                                                              <-> Client 0, global : from 23.95% to 10.44%, local : from 53.80% to 95.00%, training time : 8200msec
                                                     Cluster 80, round 1, loss : 4.20, accuracy 10.44% <-
                                                     Time past : 8200msec
                                                     ['0:0.00%', '1:0.30%', '2:0.00%', '3:0.00%', '4:0.00%', '5:100.00%', '6:0.00%', '7:0.00%', '8:3.30%', '9:0.80%']
                                          0msec<-
Central server round 59, loss : 2.01, accuracy :24.81%
Time past: 483800msec
['0:78.20%', '1:13.10%', '2:0.10%', '3:0.00%', '4:0.00%', '5:42.90%', '6:73.20%', '7:5.30%', '8:21.60%', '9:13.70%']
                                          ->0msec
                                                     -> Cluster 32, loss : 2.01, accuracy 24.81%, model from round 60
                                                     ['0:78.20%', '1:13.10%', '2:0.10%', '3:0.00%', '4:0.00%', '5:42.90%', '6:73.20%', '7:5.30%', '8:21.60%', '9:13.70%']
                                                                                              <-> Client 0, global : from 24.81% to 10.00%, local : from 11.20% to 95.00%, training time : 8200msec
                                                     Cluster 32, round 1, loss : 3.89, accuracy 10.00% <-
                                                     Time past : 8200msec
                                                     ['0:0.00%', '1:100.00%', '2:0.00%', '3:0.00%', '4:0.00%', '5:0.00%', '6:0.00%', '7:0.00%', '8:0.00%', '9:0.00%']
                                          0msec<-
                                          ->0msec
                                                     -> Cluster 24, loss : 2.01, accuracy 24.81%, model from round 60
                                                     ['0:78.20%', '1:13.10%', '2:0.10%', '3:0.00%', '4:0.00%', '5:42.90%', '6:73.20%', '7:5.30%', '8:21.60%', '9:13.70%']
                                                                                              <-> Client 0, global : from 24.81% to 10.33%, local : from 1.40% to 95.00%, training time : 8200msec
                                                     Cluster 24, round 1, loss : 4.52, accuracy 10.33% <-
                                                     Time past : 8200msec
                                                     ['0:2.20%', '1:0.30%', '2:0.00%', '3:0.00%', '4:99.90%', '5:0.00%', '6:0.00%', '7:0.00%', '8:0.90%', '9:0.00%']
                                          0msec<-
                                          ->0msec
                                                     -> Cluster 52, loss : 2.01, accuracy 24.81%, model from round 60
                                                     ['0:78.20%', '1:13.10%', '2:0.10%', '3:0.00%', '4:0.00%', '5:42.90%', '6:73.20%', '7:5.30%', '8:21.60%', '9:13.70%']
                                                                                              <-> Client 0, global : from 24.81% to 10.20%, local : from 6.00% to 95.00%, training time : 8200msec
                                                     Cluster 52, round 1, loss : 4.31, accuracy 10.20% <-
                                                     Time past : 8200msec
                                                     ['0:0.00%', '1:0.00%', '2:0.00%', '3:0.00%', '4:0.00%', '5:0.00%', '6:0.00%', '7:100.00%', '8:2.00%', '9:0.00%']
                                          0msec<-
                                          ->0msec
                                                     -> Cluster 71, loss : 2.01, accuracy 24.81%, model from round 60
                                                     ['0:78.20%', '1:13.10%', '2:0.10%', '3:0.00%', '4:0.00%', '5:42.90%', '6:73.20%', '7:5.30%', '8:21.60%', '9:13.70%']
                                                                                              <-> Client 0, global : from 24.81% to 10.11%, local : from 1.80% to 95.00%, training time : 8200msec
                                                     Cluster 71, round 1, loss : 4.66, accuracy 10.11% <-
                                                     Time past : 8200msec
                                                     ['0:0.00%', '1:0.00%', '2:0.00%', '3:100.00%', '4:0.00%', '5:0.00%', '6:0.00%', '7:0.00%', '8:0.70%', '9:0.40%']
                                          0msec<-
                                          ->0msec
                                                     -> Cluster 80, loss : 2.01, accuracy 24.81%, model from round 60
                                                     ['0:78.20%', '1:13.10%', '2:0.10%', '3:0.00%', '4:0.00%', '5:42.90%', '6:73.20%', '7:5.30%', '8:21.60%', '9:13.70%']
                                                                                              <-> Client 0, global : from 24.81% to 10.76%, local : from 45.60% to 95.00%, training time : 8200msec
                                                     Cluster 80, round 1, loss : 4.17, accuracy 10.76% <-
                                                     Time past : 8200msec
                                                     ['0:0.00%', '1:1.10%', '2:0.00%', '3:0.00%', '4:0.00%', '5:100.00%', '6:0.00%', '7:0.00%', '8:5.40%', '9:1.10%']
                                          0msec<-
                                          ->0msec
                                                     -> Cluster 76, loss : 2.01, accuracy 24.81%, model from round 60
                                                     ['0:78.20%', '1:13.10%', '2:0.10%', '3:0.00%', '4:0.00%', '5:42.90%', '6:73.20%', '7:5.30%', '8:21.60%', '9:13.70%']
                                                                                              <-> Client 0, global : from 24.81% to 11.45%, local : from 1.00% to 95.60%, training time : 8200msec
                                                     Cluster 76, round 1, loss : 3.93, accuracy 11.45% <-
                                                     Time past : 8200msec
                                                     ['0:0.00%', '1:0.00%', '2:0.00%', '3:99.90%', '4:0.00%', '5:0.00%', '6:0.00%', '7:0.00%', '8:14.40%', '9:0.20%']
                                          0msec<-
                                          ->0msec
                                                     -> Cluster 7, loss : 2.01, accuracy 24.81%, model from round 60
                                                     ['0:78.20%', '1:13.10%', '2:0.10%', '3:0.00%', '4:0.00%', '5:42.90%', '6:73.20%', '7:5.30%', '8:21.60%', '9:13.70%']
                                                                                              <-> Client 0, global : from 24.81% to 11.78%, local : from 65.20% to 95.20%, training time : 8200msec
                                                     Cluster 7, round 1, loss : 4.14, accuracy 11.78% <-
                                                     Time past : 8200msec
                                                     ['0:0.40%', '1:0.00%', '2:0.00%', '3:0.00%', '4:0.00%', '5:0.00%', '6:100.00%', '7:0.00%', '8:17.20%', '9:0.20%']
                                          0msec<-
                                          ->0msec
                                                     -> Cluster 68, loss : 2.01, accuracy 24.81%, model from round 60
                                                     ['0:78.20%', '1:13.10%', '2:0.10%', '3:0.00%', '4:0.00%', '5:42.90%', '6:73.20%', '7:5.30%', '8:21.60%', '9:13.70%']
                                                                                              <-> Client 0, global : from 24.81% to 11.90%, local : from 20.40% to 95.00%, training time : 8200msec
                                                     Cluster 68, round 1, loss : 3.74, accuracy 11.90% <-
                                                     Time past : 8200msec
                                                     ['0:0.00%', '1:0.00%', '2:0.00%', '3:0.00%', '4:0.00%', '5:0.00%', '6:18.60%', '7:0.50%', '8:99.90%', '9:0.00%']
                                          0msec<-
                                          ->0msec
                                                     -> Cluster 77, loss : 2.01, accuracy 24.81%, model from round 60
                                                     ['0:78.20%', '1:13.10%', '2:0.10%', '3:0.00%', '4:0.00%', '5:42.90%', '6:73.20%', '7:5.30%', '8:21.60%', '9:13.70%']
                                                                                              <-> Client 0, global : from 24.81% to 10.93%, local : from 1.60% to 95.20%, training time : 8200msec
                                                     Cluster 77, round 1, loss : 4.04, accuracy 10.93% <-
                                                     Time past : 8200msec
                                                     ['0:0.00%', '1:0.00%', '2:0.00%', '3:100.00%', '4:0.00%', '5:0.00%', '6:0.00%', '7:0.00%', '8:9.30%', '9:0.00%']
                                          0msec<-
                                          ->0msec
                                                     -> Cluster 65, loss : 2.01, accuracy 24.81%, model from round 60
                                                     ['0:78.20%', '1:13.10%', '2:0.10%', '3:0.00%', '4:0.00%', '5:42.90%', '6:73.20%', '7:5.30%', '8:21.60%', '9:13.70%']
                                                                                              <-> Client 0, global : from 24.81% to 12.94%, local : from 21.00% to 95.20%, training time : 8200msec
                                                     Cluster 65, round 1, loss : 3.33, accuracy 12.94% <-
                                                     Time past : 8200msec
                                                     ['0:0.00%', '1:0.00%', '2:0.00%', '3:0.00%', '4:0.00%', '5:5.10%', '6:20.00%', '7:4.40%', '8:99.90%', '9:0.00%']
                                          0msec<-
Central server round 60, loss : 2.01, accuracy :24.06%
Time past: 492000msec
['0:1.30%', '1:32.10%', '2:0.00%', '3:86.80%', '4:1.80%', '5:0.80%', '6:13.20%', '7:22.40%', '8:70.70%', '9:11.50%']
                                          ->0msec
                                                     -> Cluster 47, loss : 2.01, accuracy 24.06%, model from round 61
                                                     ['0:1.30%', '1:32.10%', '2:0.00%', '3:86.80%', '4:1.80%', '5:0.80%', '6:13.20%', '7:22.40%', '8:70.70%', '9:11.50%']
                                                                                              <-> Client 0, global : from 24.06% to 10.01%, local : from 0.80% to 95.00%, training time : 8200msec
                                                     Cluster 47, round 1, loss : 3.99, accuracy 10.01% <-
                                                     Time past : 8200msec
                                                     ['0:0.00%', '1:0.00%', '2:100.00%', '3:0.00%', '4:0.00%', '5:0.00%', '6:0.00%', '7:0.00%', '8:0.10%', '9:0.00%']
                                          0msec<-
                                          ->0msec
                                                     -> Cluster 76, loss : 2.01, accuracy 24.06%, model from round 61
                                                     ['0:1.30%', '1:32.10%', '2:0.00%', '3:86.80%', '4:1.80%', '5:0.80%', '6:13.20%', '7:22.40%', '8:70.70%', '9:11.50%']
                                                                                              <-> Client 0, global : from 24.06% to 11.44%, local : from 83.20% to 95.60%, training time : 8200msec
                                                     Cluster 76, round 1, loss : 4.26, accuracy 11.44% <-
                                                     Time past : 8200msec
                                                     ['0:0.00%', '1:0.00%', '2:0.00%', '3:99.90%', '4:0.00%', '5:0.00%', '6:0.00%', '7:0.00%', '8:14.50%', '9:0.00%']
                                          0msec<-
                                          ->0msec
                                                     -> Cluster 60, loss : 2.01, accuracy 24.06%, model from round 61
                                                     ['0:1.30%', '1:32.10%', '2:0.00%', '3:86.80%', '4:1.80%', '5:0.80%', '6:13.20%', '7:22.40%', '8:70.70%', '9:11.50%']
                                                                                              <-> Client 0, global : from 24.06% to 11.82%, local : from 66.07% to 94.61%, training time : 8200msec
                                                     Cluster 60, round 1, loss : 3.06, accuracy 11.82% <-
                                                     Time past : 8200msec
                                                     ['0:0.00%', '1:0.00%', '2:0.10%', '3:1.00%', '4:0.00%', '5:0.00%', '6:14.30%', '7:2.90%', '8:99.90%', '9:0.00%']
                                          0msec<-
                                          ->0msec
                                                     -> Cluster 30, loss : 2.01, accuracy 24.06%, model from round 61
                                                     ['0:1.30%', '1:32.10%', '2:0.00%', '3:86.80%', '4:1.80%', '5:0.80%', '6:13.20%', '7:22.40%', '8:70.70%', '9:11.50%']
                                                                                              <-> Client 0, global : from 24.06% to 10.00%, local : from 32.93% to 94.81%, training time : 8200msec
                                                     Cluster 30, round 1, loss : 4.28, accuracy 10.00% <-
                                                     Time past : 8200msec
                                                     ['0:0.00%', '1:100.00%', '2:0.00%', '3:0.00%', '4:0.00%', '5:0.00%', '6:0.00%', '7:0.00%', '8:0.00%', '9:0.00%']
                                          0msec<-
                                          ->0msec
                                                     -> Cluster 43, loss : 2.01, accuracy 24.06%, model from round 61
                                                     ['0:1.30%', '1:32.10%', '2:0.00%', '3:86.80%', '4:1.80%', '5:0.80%', '6:13.20%', '7:22.40%', '8:70.70%', '9:11.50%']
                                                                                              <-> Client 0, global : from 24.06% to 10.03%, local : from 1.40% to 95.00%, training time : 8200msec
                                                     Cluster 43, round 1, loss : 5.04, accuracy 10.03% <-
                                                     Time past : 8200msec
                                                     ['0:0.00%', '1:0.00%', '2:100.00%', '3:0.00%', '4:0.00%', '5:0.00%', '6:0.00%', '7:0.00%', '8:0.30%', '9:0.00%']
                                          0msec<-
                                          ->0msec
                                                     -> Cluster 22, loss : 2.01, accuracy 24.06%, model from round 61
                                                     ['0:1.30%', '1:32.10%', '2:0.00%', '3:86.80%', '4:1.80%', '5:0.80%', '6:13.20%', '7:22.40%', '8:70.70%', '9:11.50%']
                                                                                              <-> Client 0, global : from 24.06% to 10.13%, local : from 3.40% to 95.00%, training time : 8200msec
                                                     Cluster 22, round 1, loss : 4.58, accuracy 10.13% <-
                                                     Time past : 8200msec
                                                     ['0:0.00%', '1:0.00%', '2:0.00%', '3:0.00%', '4:100.00%', '5:0.00%', '6:0.00%', '7:0.00%', '8:1.30%', '9:0.00%']
                                          0msec<-
                                          ->0msec
                                                     -> Cluster 77, loss : 2.01, accuracy 24.06%, model from round 61
                                                     ['0:1.30%', '1:32.10%', '2:0.00%', '3:86.80%', '4:1.80%', '5:0.80%', '6:13.20%', '7:22.40%', '8:70.70%', '9:11.50%']
                                                                                              <-> Client 0, global : from 24.06% to 12.73%, local : from 82.00% to 95.80%, training time : 8200msec
                                                     Cluster 77, round 1, loss : 3.61, accuracy 12.73% <-
                                                     Time past : 8200msec
                                                     ['0:0.00%', '1:0.10%', '2:0.00%', '3:99.80%', '4:0.00%', '5:0.00%', '6:0.00%', '7:0.00%', '8:27.40%', '9:0.00%']
                                          0msec<-
                                          ->0msec
                                                     -> Cluster 97, loss : 2.01, accuracy 24.06%, model from round 61
                                                     ['0:1.30%', '1:32.10%', '2:0.00%', '3:86.80%', '4:1.80%', '5:0.80%', '6:13.20%', '7:22.40%', '8:70.70%', '9:11.50%']
                                                                                              <-> Client 0, global : from 24.06% to 10.00%, local : from 1.60% to 95.19%, training time : 8200msec
                                                     Cluster 97, round 1, loss : 4.31, accuracy 10.00% <-
                                                     Time past : 8200msec
                                                     ['0:100.00%', '1:0.00%', '2:0.00%', '3:0.00%', '4:0.00%', '5:0.00%', '6:0.00%', '7:0.00%', '8:0.00%', '9:0.00%']
                                          0msec<-
                                          ->0msec
                                                     -> Cluster 23, loss : 2.01, accuracy 24.06%, model from round 61
                                                     ['0:1.30%', '1:32.10%', '2:0.00%', '3:86.80%', '4:1.80%', '5:0.80%', '6:13.20%', '7:22.40%', '8:70.70%', '9:11.50%']
                                                                                              <-> Client 0, global : from 24.06% to 12.21%, local : from 4.60% to 94.80%, training time : 8200msec
                                                     Cluster 23, round 1, loss : 3.55, accuracy 12.21% <-
                                                     Time past : 8200msec
                                                     ['0:9.70%', '1:0.80%', '2:0.00%', '3:0.00%', '4:99.40%', '5:0.00%', '6:0.00%', '7:0.00%', '8:12.20%', '9:0.00%']
                                          0msec<-
                                          ->0msec
                                                     -> Cluster 94, loss : 2.01, accuracy 24.06%, model from round 61
                                                     ['0:1.30%', '1:32.10%', '2:0.00%', '3:86.80%', '4:1.80%', '5:0.80%', '6:13.20%', '7:22.40%', '8:70.70%', '9:11.50%']
                                                                                              <-> Client 0, global : from 24.06% to 10.00%, local : from 2.00% to 95.19%, training time : 8200msec
                                                     Cluster 94, round 1, loss : 4.06, accuracy 10.00% <-
                                                     Time past : 8200msec
                                                     ['0:100.00%', '1:0.00%', '2:0.00%', '3:0.00%', '4:0.00%', '5:0.00%', '6:0.00%', '7:0.00%', '8:0.00%', '9:0.00%']
                                          0msec<-
Central server round 61, loss : 1.99, accuracy :26.79%
Time past: 500200msec
['0:68.90%', '1:40.00%', '2:4.20%', '3:38.10%', '4:64.30%', '5:2.20%', '6:0.20%', '7:14.60%', '8:29.70%', '9:5.70%']
                                          ->0msec
                                                     -> Cluster 15, loss : 1.99, accuracy 26.79%, model from round 62
                                                     ['0:68.90%', '1:40.00%', '2:4.20%', '3:38.10%', '4:64.30%', '5:2.20%', '6:0.20%', '7:14.60%', '8:29.70%', '9:5.70%']
                                                                                              <-> Client 0, global : from 26.79% to 10.95%, local : from 8.80% to 95.20%, training time : 8200msec
                                                     Cluster 15, round 1, loss : 3.44, accuracy 10.95% <-
                                                     Time past : 8200msec
                                                     ['0:0.20%', '1:0.00%', '2:0.00%', '3:0.00%', '4:2.10%', '5:4.80%', '6:2.50%', '7:0.00%', '8:0.10%', '9:99.80%']
                                          0msec<-
                                          ->0msec
                                                     -> Cluster 16, loss : 1.99, accuracy 26.79%, model from round 62
                                                     ['0:68.90%', '1:40.00%', '2:4.20%', '3:38.10%', '4:64.30%', '5:2.20%', '6:0.20%', '7:14.60%', '8:29.70%', '9:5.70%']
                                                                                              <-> Client 0, global : from 26.79% to 10.05%, local : from 7.40% to 95.00%, training time : 8200msec
                                                     Cluster 16, round 1, loss : 4.14, accuracy 10.05% <-
                                                     Time past : 8200msec
                                                     ['0:0.00%', '1:0.00%', '2:0.00%', '3:0.40%', '4:0.00%', '5:0.00%', '6:0.10%', '7:0.00%', '8:0.00%', '9:100.00%']
                                          0msec<-
                                          ->0msec
                                                     -> Cluster 17, loss : 1.99, accuracy 26.79%, model from round 62
                                                     ['0:68.90%', '1:40.00%', '2:4.20%', '3:38.10%', '4:64.30%', '5:2.20%', '6:0.20%', '7:14.60%', '8:29.70%', '9:5.70%']
                                                                                              <-> Client 0, global : from 26.79% to 10.15%, local : from 8.80% to 95.00%, training time : 8200msec
                                                     Cluster 17, round 1, loss : 3.89, accuracy 10.15% <-
                                                     Time past : 8200msec
                                                     ['0:0.10%', '1:0.00%', '2:0.00%', '3:1.50%', '4:0.00%', '5:0.00%', '6:0.00%', '7:0.00%', '8:0.00%', '9:99.90%']
                                          0msec<-
                                          ->0msec
                                                     -> Cluster 89, loss : 1.99, accuracy 26.79%, model from round 62
                                                     ['0:68.90%', '1:40.00%', '2:4.20%', '3:38.10%', '4:64.30%', '5:2.20%', '6:0.20%', '7:14.60%', '8:29.70%', '9:5.70%']
                                                                                              <-> Client 0, global : from 26.79% to 10.90%, local : from 2.81% to 95.39%, training time : 8200msec
                                                     Cluster 89, round 1, loss : 3.73, accuracy 10.90% <-
                                                     Time past : 8200msec
                                                     ['0:0.00%', '1:0.00%', '2:0.00%', '3:0.00%', '4:0.00%', '5:100.00%', '6:0.00%', '7:0.00%', '8:5.20%', '9:3.80%']
                                          0msec<-
                                          ->0msec
                                                     -> Cluster 32, loss : 1.99, accuracy 26.79%, model from round 62
                                                     ['0:68.90%', '1:40.00%', '2:4.20%', '3:38.10%', '4:64.30%', '5:2.20%', '6:0.20%', '7:14.60%', '8:29.70%', '9:5.70%']
                                                                                              <-> Client 0, global : from 26.79% to 10.00%, local : from 40.60% to 95.00%, training time : 8200msec
                                                     Cluster 32, round 1, loss : 4.21, accuracy 10.00% <-
                                                     Time past : 8200msec
                                                     ['0:0.00%', '1:100.00%', '2:0.00%', '3:0.00%', '4:0.00%', '5:0.00%', '6:0.00%', '7:0.00%', '8:0.00%', '9:0.00%']
                                          0msec<-
                                          ->0msec
                                                     -> Cluster 28, loss : 1.99, accuracy 26.79%, model from round 62
                                                     ['0:68.90%', '1:40.00%', '2:4.20%', '3:38.10%', '4:64.30%', '5:2.20%', '6:0.20%', '7:14.60%', '8:29.70%', '9:5.70%']
                                                                                              <-> Client 0, global : from 26.79% to 10.44%, local : from 64.80% to 94.80%, training time : 8200msec
                                                     Cluster 28, round 1, loss : 4.27, accuracy 10.44% <-
                                                     Time past : 8200msec
                                                     ['0:0.00%', '1:0.00%', '2:0.00%', '3:0.00%', '4:99.90%', '5:0.00%', '6:0.00%', '7:0.00%', '8:4.50%', '9:0.00%']
                                          0msec<-
                                          ->0msec
                                                     -> Cluster 11, loss : 1.99, accuracy 26.79%, model from round 62
                                                     ['0:68.90%', '1:40.00%', '2:4.20%', '3:38.10%', '4:64.30%', '5:2.20%', '6:0.20%', '7:14.60%', '8:29.70%', '9:5.70%']
                                                                                              <-> Client 0, global : from 26.79% to 10.01%, local : from 6.39% to 94.81%, training time : 8200msec
                                                     Cluster 11, round 1, loss : 4.28, accuracy 10.01% <-
                                                     Time past : 8200msec
                                                     ['0:0.00%', '1:0.00%', '2:0.00%', '3:0.00%', '4:0.00%', '5:0.00%', '6:0.10%', '7:0.00%', '8:0.00%', '9:100.00%']
                                          0msec<-
                                          ->0msec
                                                     -> Cluster 81, loss : 1.99, accuracy 26.79%, model from round 62
                                                     ['0:68.90%', '1:40.00%', '2:4.20%', '3:38.10%', '4:64.30%', '5:2.20%', '6:0.20%', '7:14.60%', '8:29.70%', '9:5.70%']
                                                                                              <-> Client 0, global : from 26.79% to 10.14%, local : from 2.60% to 95.00%, training time : 8200msec
                                                     Cluster 81, round 1, loss : 3.77, accuracy 10.14% <-
                                                     Time past : 8200msec
                                                     ['0:0.00%', '1:0.00%', '2:0.00%', '3:0.00%', '4:0.00%', '5:100.00%', '6:0.00%', '7:0.00%', '8:0.90%', '9:0.50%']
                                          0msec<-
                                          ->0msec
                                                     -> Cluster 68, loss : 1.99, accuracy 26.79%, model from round 62
                                                     ['0:68.90%', '1:40.00%', '2:4.20%', '3:38.10%', '4:64.30%', '5:2.20%', '6:0.20%', '7:14.60%', '8:29.70%', '9:5.70%']
                                                                                              <-> Client 0, global : from 26.79% to 13.61%, local : from 30.40% to 95.20%, training time : 8200msec
                                                     Cluster 68, round 1, loss : 3.06, accuracy 13.61% <-
                                                     Time past : 8200msec
                                                     ['0:0.00%', '1:0.00%', '2:0.00%', '3:0.40%', '4:0.00%', '5:0.00%', '6:31.40%', '7:4.60%', '8:99.70%', '9:0.00%']
                                          0msec<-
                                          ->0msec
                                                     -> Cluster 6, loss : 1.99, accuracy 26.79%, model from round 62
                                                     ['0:68.90%', '1:40.00%', '2:4.20%', '3:38.10%', '4:64.30%', '5:2.20%', '6:0.20%', '7:14.60%', '8:29.70%', '9:5.70%']
                                                                                              <-> Client 0, global : from 26.79% to 12.21%, local : from 1.80% to 95.00%, training time : 8200msec
                                                     Cluster 6, round 1, loss : 4.07, accuracy 12.21% <-
                                                     Time past : 8200msec
                                                     ['0:13.30%', '1:0.70%', '2:0.00%', '3:0.00%', '4:0.00%', '5:0.00%', '6:100.00%', '7:0.00%', '8:4.90%', '9:3.20%']
                                          0msec<-
Central server round 62, loss : 2.07, accuracy :23.08%
Time past: 508400msec
['0:8.30%', '1:7.10%', '2:0.00%', '3:0.20%', '4:8.50%', '5:41.70%', '6:53.50%', '7:2.10%', '8:19.50%', '9:89.90%']
                                          ->0msec
                                                     -> Cluster 78, loss : 2.07, accuracy 23.08%, model from round 63
                                                     ['0:8.30%', '1:7.10%', '2:0.00%', '3:0.20%', '4:8.50%', '5:41.70%', '6:53.50%', '7:2.10%', '8:19.50%', '9:89.90%']
                                                                                              <-> Client 0, global : from 23.08% to 10.91%, local : from 1.40% to 95.00%, training time : 8200msec
                                                     Cluster 78, round 1, loss : 3.89, accuracy 10.91% <-
                                                     Time past : 8200msec
                                                     ['0:0.00%', '1:0.00%', '2:0.00%', '3:100.00%', '4:0.00%', '5:0.00%', '6:0.00%', '7:0.00%', '8:4.40%', '9:4.70%']
                                          0msec<-
                                          ->0msec
                                                     -> Cluster 28, loss : 2.07, accuracy 23.08%, model from round 63
                                                     ['0:8.30%', '1:7.10%', '2:0.00%', '3:0.20%', '4:8.50%', '5:41.70%', '6:53.50%', '7:2.10%', '8:19.50%', '9:89.90%']
                                                                                              <-> Client 0, global : from 23.08% to 10.25%, local : from 9.00% to 94.80%, training time : 8200msec
                                                     Cluster 28, round 1, loss : 4.51, accuracy 10.25% <-
                                                     Time past : 8200msec
                                                     ['0:0.00%', '1:0.00%', '2:0.00%', '3:0.00%', '4:99.90%', '5:0.00%', '6:0.00%', '7:0.00%', '8:2.60%', '9:0.00%']
                                          0msec<-
                                          ->0msec
                                                     -> Cluster 10, loss : 2.07, accuracy 23.08%, model from round 63
                                                     ['0:8.30%', '1:7.10%', '2:0.00%', '3:0.20%', '4:8.50%', '5:41.70%', '6:53.50%', '7:2.10%', '8:19.50%', '9:89.90%']
                                                                                              <-> Client 0, global : from 23.08% to 10.11%, local : from 84.23% to 94.81%, training time : 8200msec
                                                     Cluster 10, round 1, loss : 3.37, accuracy 10.11% <-
                                                     Time past : 8200msec
                                                     ['0:0.00%', '1:0.00%', '2:1.10%', '3:0.00%', '4:0.00%', '5:0.00%', '6:0.00%', '7:0.00%', '8:0.00%', '9:100.00%']
                                          0msec<-
                                          ->0msec
                                                     -> Cluster 95, loss : 2.07, accuracy 23.08%, model from round 63
                                                     ['0:8.30%', '1:7.10%', '2:0.00%', '3:0.20%', '4:8.50%', '5:41.70%', '6:53.50%', '7:2.10%', '8:19.50%', '9:89.90%']
                                                                                              <-> Client 0, global : from 23.08% to 10.10%, local : from 11.62% to 95.19%, training time : 8200msec
                                                     Cluster 95, round 1, loss : 3.88, accuracy 10.10% <-
                                                     Time past : 8200msec
                                                     ['0:99.80%', '1:0.00%', '2:0.00%', '3:0.00%', '4:0.00%', '5:0.00%', '6:1.20%', '7:0.00%', '8:0.00%', '9:0.00%']
                                          0msec<-
                                          ->0msec
                                                     -> Cluster 35, loss : 2.07, accuracy 23.08%, model from round 63
                                                     ['0:8.30%', '1:7.10%', '2:0.00%', '3:0.20%', '4:8.50%', '5:41.70%', '6:53.50%', '7:2.10%', '8:19.50%', '9:89.90%']
                                                                                              <-> Client 0, global : from 23.08% to 10.00%, local : from 8.20% to 95.00%, training time : 8200msec
                                                     Cluster 35, round 1, loss : 4.21, accuracy 10.00% <-
                                                     Time past : 8200msec
                                                     ['0:0.00%', '1:100.00%', '2:0.00%', '3:0.00%', '4:0.00%', '5:0.00%', '6:0.00%', '7:0.00%', '8:0.00%', '9:0.00%']
                                          0msec<-
                                          ->0msec
                                                     -> Cluster 87, loss : 2.07, accuracy 23.08%, model from round 63
                                                     ['0:8.30%', '1:7.10%', '2:0.00%', '3:0.20%', '4:8.50%', '5:41.70%', '6:53.50%', '7:2.10%', '8:19.50%', '9:89.90%']
                                                                                              <-> Client 0, global : from 23.08% to 12.13%, local : from 41.48% to 95.39%, training time : 8200msec
                                                     Cluster 87, round 1, loss : 3.89, accuracy 12.13% <-
                                                     Time past : 8200msec
                                                     ['0:4.30%', '1:0.20%', '2:0.00%', '3:0.00%', '4:0.00%', '5:99.80%', '6:0.00%', '7:0.00%', '8:9.30%', '9:7.70%']
                                          0msec<-
                                          ->0msec
                                                     -> Cluster 80, loss : 2.07, accuracy 23.08%, model from round 63
                                                     ['0:8.30%', '1:7.10%', '2:0.00%', '3:0.20%', '4:8.50%', '5:41.70%', '6:53.50%', '7:2.10%', '8:19.50%', '9:89.90%']
                                                                                              <-> Client 0, global : from 23.08% to 11.75%, local : from 41.20% to 95.20%, training time : 8200msec
                                                     Cluster 80, round 1, loss : 3.63, accuracy 11.75% <-
                                                     Time past : 8200msec
                                                     ['0:0.00%', '1:3.10%', '2:0.00%', '3:0.00%', '4:0.00%', '5:99.90%', '6:0.00%', '7:0.00%', '8:9.20%', '9:5.30%']
                                          0msec<-
                                          ->0msec
                                                     -> Cluster 43, loss : 2.07, accuracy 23.08%, model from round 63
                                                     ['0:8.30%', '1:7.10%', '2:0.00%', '3:0.20%', '4:8.50%', '5:41.70%', '6:53.50%', '7:2.10%', '8:19.50%', '9:89.90%']
                                                                                              <-> Client 0, global : from 23.08% to 10.08%, local : from 1.20% to 95.00%, training time : 8200msec
                                                     Cluster 43, round 1, loss : 4.48, accuracy 10.08% <-
                                                     Time past : 8200msec
                                                     ['0:0.00%', '1:0.00%', '2:100.00%', '3:0.00%', '4:0.00%', '5:0.00%', '6:0.00%', '7:0.00%', '8:0.80%', '9:0.00%']
                                          0msec<-
                                          ->0msec
                                                     -> Cluster 34, loss : 2.07, accuracy 23.08%, model from round 63
                                                     ['0:8.30%', '1:7.10%', '2:0.00%', '3:0.20%', '4:8.50%', '5:41.70%', '6:53.50%', '7:2.10%', '8:19.50%', '9:89.90%']
                                                                                              <-> Client 0, global : from 23.08% to 10.00%, local : from 10.40% to 95.00%, training time : 8200msec
                                                     Cluster 34, round 1, loss : 3.82, accuracy 10.00% <-
                                                     Time past : 8200msec
                                                     ['0:0.00%', '1:100.00%', '2:0.00%', '3:0.00%', '4:0.00%', '5:0.00%', '6:0.00%', '7:0.00%', '8:0.00%', '9:0.00%']
                                          0msec<-
                                          ->0msec
                                                     -> Cluster 76, loss : 2.07, accuracy 23.08%, model from round 63
                                                     ['0:8.30%', '1:7.10%', '2:0.00%', '3:0.20%', '4:8.50%', '5:41.70%', '6:53.50%', '7:2.10%', '8:19.50%', '9:89.90%']
                                                                                              <-> Client 0, global : from 23.08% to 11.22%, local : from 1.40% to 95.60%, training time : 8200msec
                                                     Cluster 76, round 1, loss : 4.26, accuracy 11.22% <-
                                                     Time past : 8200msec
                                                     ['0:0.00%', '1:0.00%', '2:0.00%', '3:100.00%', '4:0.00%', '5:0.00%', '6:0.00%', '7:0.00%', '8:11.90%', '9:0.30%']
                                          0msec<-
Central server round 63, loss : 1.92, accuracy :29.94%
Time past: 516600msec
['0:40.00%', '1:53.90%', '2:2.70%', '3:54.80%', '4:30.60%', '5:30.20%', '6:4.80%', '7:9.50%', '8:25.70%', '9:47.20%']
                                          ->0msec
                                                     -> Cluster 44, loss : 1.92, accuracy 29.94%, model from round 64
                                                     ['0:40.00%', '1:53.90%', '2:2.70%', '3:54.80%', '4:30.60%', '5:30.20%', '6:4.80%', '7:9.50%', '8:25.70%', '9:47.20%']
                                                                                              <-> Client 0, global : from 29.94% to 10.00%, local : from 4.20% to 95.00%, training time : 8200msec
                                                     Cluster 44, round 1, loss : 5.13, accuracy 10.00% <-
                                                     Time past : 8200msec
                                                     ['0:0.00%', '1:0.00%', '2:100.00%', '3:0.00%', '4:0.00%', '5:0.00%', '6:0.00%', '7:0.00%', '8:0.00%', '9:0.00%']
                                          0msec<-
                                          ->0msec
                                                     -> Cluster 9, loss : 1.92, accuracy 29.94%, model from round 64
                                                     ['0:40.00%', '1:53.90%', '2:2.70%', '3:54.80%', '4:30.60%', '5:30.20%', '6:4.80%', '7:9.50%', '8:25.70%', '9:47.20%']
                                                                                              <-> Client 0, global : from 29.94% to 14.51%, local : from 8.20% to 95.60%, training time : 8200msec
                                                     Cluster 9, round 1, loss : 3.70, accuracy 14.51% <-
                                                     Time past : 8200msec
                                                     ['0:26.40%', '1:1.50%', '2:0.00%', '3:0.00%', '4:0.00%', '5:0.00%', '6:99.90%', '7:0.00%', '8:10.90%', '9:6.40%']
                                          0msec<-
                                          ->0msec
                                                     -> Cluster 11, loss : 1.92, accuracy 29.94%, model from round 64
                                                     ['0:40.00%', '1:53.90%', '2:2.70%', '3:54.80%', '4:30.60%', '5:30.20%', '6:4.80%', '7:9.50%', '8:25.70%', '9:47.20%']
                                                                                              <-> Client 0, global : from 29.94% to 10.66%, local : from 40.32% to 95.21%, training time : 8200msec
                                                     Cluster 11, round 1, loss : 3.32, accuracy 10.66% <-
                                                     Time past : 8200msec
                                                     ['0:0.00%', '1:0.00%', '2:0.00%', '3:0.60%', '4:0.00%', '5:0.30%', '6:5.60%', '7:0.10%', '8:0.00%', '9:100.00%']
                                          0msec<-
                                          ->0msec
                                                     -> Cluster 92, loss : 1.92, accuracy 29.94%, model from round 64
                                                     ['0:40.00%', '1:53.90%', '2:2.70%', '3:54.80%', '4:30.60%', '5:30.20%', '6:4.80%', '7:9.50%', '8:25.70%', '9:47.20%']
                                                                                              <-> Client 0, global : from 29.94% to 10.43%, local : from 35.20% to 95.00%, training time : 8200msec
                                                     Cluster 92, round 1, loss : 3.82, accuracy 10.43% <-
                                                     Time past : 8200msec
                                                     ['0:99.80%', '1:0.00%', '2:0.00%', '3:0.00%', '4:0.30%', '5:0.00%', '6:4.20%', '7:0.00%', '8:0.00%', '9:0.00%']
                                          0msec<-
                                          ->0msec
                                                     -> Cluster 13, loss : 1.92, accuracy 29.94%, model from round 64
                                                     ['0:40.00%', '1:53.90%', '2:2.70%', '3:54.80%', '4:30.60%', '5:30.20%', '6:4.80%', '7:9.50%', '8:25.70%', '9:47.20%']
                                                                                              <-> Client 0, global : from 29.94% to 10.44%, local : from 46.60% to 95.00%, training time : 8200msec
                                                     Cluster 13, round 1, loss : 3.65, accuracy 10.44% <-
                                                     Time past : 8200msec
                                                     ['0:0.00%', '1:0.00%', '2:0.00%', '3:0.00%', '4:0.10%', '5:4.40%', '6:0.00%', '7:0.00%', '8:0.00%', '9:99.90%']
                                          0msec<-
                                          ->0msec
                                                     -> Cluster 38, loss : 1.92, accuracy 29.94%, model from round 64
                                                     ['0:40.00%', '1:53.90%', '2:2.70%', '3:54.80%', '4:30.60%', '5:30.20%', '6:4.80%', '7:9.50%', '8:25.70%', '9:47.20%']
                                                                                              <-> Client 0, global : from 29.94% to 10.06%, local : from 51.20% to 95.20%, training time : 8200msec
                                                     Cluster 38, round 1, loss : 4.02, accuracy 10.06% <-
                                                     Time past : 8200msec
                                                     ['0:0.00%', '1:100.00%', '2:0.00%', '3:0.00%', '4:0.00%', '5:0.60%', '6:0.00%', '7:0.00%', '8:0.00%', '9:0.00%']
                                          0msec<-
                                          ->0msec
                                                     -> Cluster 40, loss : 1.92, accuracy 29.94%, model from round 64
                                                     ['0:40.00%', '1:53.90%', '2:2.70%', '3:54.80%', '4:30.60%', '5:30.20%', '6:4.80%', '7:9.50%', '8:25.70%', '9:47.20%']
                                                                                              <-> Client 0, global : from 29.94% to 10.00%, local : from 4.99% to 94.81%, training time : 8200msec
                                                     Cluster 40, round 1, loss : 4.76, accuracy 10.00% <-
                                                     Time past : 8200msec
                                                     ['0:0.00%', '1:0.00%', '2:100.00%', '3:0.00%', '4:0.00%', '5:0.00%', '6:0.00%', '7:0.00%', '8:0.00%', '9:0.00%']
                                          0msec<-
                                          ->0msec
                                                     -> Cluster 31, loss : 1.92, accuracy 29.94%, model from round 64
                                                     ['0:40.00%', '1:53.90%', '2:2.70%', '3:54.80%', '4:30.60%', '5:30.20%', '6:4.80%', '7:9.50%', '8:25.70%', '9:47.20%']
                                                                                              <-> Client 0, global : from 29.94% to 10.00%, local : from 52.69% to 94.81%, training time : 8200msec
                                                     Cluster 31, round 1, loss : 4.38, accuracy 10.00% <-
                                                     Time past : 8200msec
                                                     ['0:0.00%', '1:100.00%', '2:0.00%', '3:0.00%', '4:0.00%', '5:0.00%', '6:0.00%', '7:0.00%', '8:0.00%', '9:0.00%']
                                          0msec<-
                                          ->0msec
                                                     -> Cluster 34, loss : 1.92, accuracy 29.94%, model from round 64
                                                     ['0:40.00%', '1:53.90%', '2:2.70%', '3:54.80%', '4:30.60%', '5:30.20%', '6:4.80%', '7:9.50%', '8:25.70%', '9:47.20%']
                                                                                              <-> Client 0, global : from 29.94% to 10.00%, local : from 51.60% to 95.00%, training time : 8200msec
                                                     Cluster 34, round 1, loss : 4.19, accuracy 10.00% <-
                                                     Time past : 8200msec
                                                     ['0:0.00%', '1:100.00%', '2:0.00%', '3:0.00%', '4:0.00%', '5:0.00%', '6:0.00%', '7:0.00%', '8:0.00%', '9:0.00%']
                                          0msec<-
                                          ->0msec
                                                     -> Cluster 67, loss : 1.92, accuracy 29.94%, model from round 64
                                                     ['0:40.00%', '1:53.90%', '2:2.70%', '3:54.80%', '4:30.60%', '5:30.20%', '6:4.80%', '7:9.50%', '8:25.70%', '9:47.20%']
                                                                                              <-> Client 0, global : from 29.94% to 11.35%, local : from 28.20% to 95.20%, training time : 8200msec
                                                     Cluster 67, round 1, loss : 3.63, accuracy 11.35% <-
                                                     Time past : 8200msec
                                                     ['0:0.00%', '1:0.00%', '2:0.90%', '3:0.10%', '4:0.00%', '5:0.00%', '6:12.30%', '7:0.20%', '8:100.00%', '9:0.00%']
                                          0msec<-
Central server round 64, loss : 1.96, accuracy :28.85%
Time past: 524800msec
['0:26.20%', '1:61.20%', '2:49.20%', '3:4.00%', '4:0.10%', '5:5.70%', '6:49.90%', '7:6.20%', '8:38.20%', '9:47.80%']
                                          ->0msec
                                                     -> Cluster 35, loss : 1.96, accuracy 28.85%, model from round 65
                                                     ['0:26.20%', '1:61.20%', '2:49.20%', '3:4.00%', '4:0.10%', '5:5.70%', '6:49.90%', '7:6.20%', '8:38.20%', '9:47.80%']
                                                                                              <-> Client 0, global : from 28.85% to 10.00%, local : from 56.40% to 95.00%, training time : 8200msec
                                                     Cluster 35, round 1, loss : 3.94, accuracy 10.00% <-
                                                     Time past : 8200msec
                                                     ['0:0.00%', '1:100.00%', '2:0.00%', '3:0.00%', '4:0.00%', '5:0.00%', '6:0.00%', '7:0.00%', '8:0.00%', '9:0.00%']
                                          0msec<-
                                          ->0msec
                                                     -> Cluster 1, loss : 1.96, accuracy 28.85%, model from round 65
                                                     ['0:26.20%', '1:61.20%', '2:49.20%', '3:4.00%', '4:0.10%', '5:5.70%', '6:49.90%', '7:6.20%', '8:38.20%', '9:47.80%']
                                                                                              <-> Client 0, global : from 28.85% to 14.95%, local : from 45.91% to 95.01%, training time : 8200msec
                                                     Cluster 1, round 1, loss : 3.36, accuracy 14.95% <-
                                                     Time past : 8200msec
                                                     ['0:0.60%', '1:0.10%', '2:0.00%', '3:0.00%', '4:0.00%', '5:0.20%', '6:99.90%', '7:0.00%', '8:45.60%', '9:3.10%']
                                          0msec<-
                                          ->0msec
                                                     -> Cluster 65, loss : 1.96, accuracy 28.85%, model from round 65
                                                     ['0:26.20%', '1:61.20%', '2:49.20%', '3:4.00%', '4:0.10%', '5:5.70%', '6:49.90%', '7:6.20%', '8:38.20%', '9:47.80%']
                                                                                              <-> Client 0, global : from 28.85% to 11.79%, local : from 38.40% to 95.20%, training time : 8200msec
                                                     Cluster 65, round 1, loss : 3.89, accuracy 11.79% <-
                                                     Time past : 8200msec
                                                     ['0:0.00%', '1:0.00%', '2:0.00%', '3:0.00%', '4:0.00%', '5:3.00%', '6:13.20%', '7:1.70%', '8:100.00%', '9:0.00%']
                                          0msec<-
                                          ->0msec
                                                     -> Cluster 41, loss : 1.96, accuracy 28.85%, model from round 65
                                                     ['0:26.20%', '1:61.20%', '2:49.20%', '3:4.00%', '4:0.10%', '5:5.70%', '6:49.90%', '7:6.20%', '8:38.20%', '9:47.80%']
                                                                                              <-> Client 0, global : from 28.85% to 10.06%, local : from 46.71% to 94.81%, training time : 8200msec
                                                     Cluster 41, round 1, loss : 4.07, accuracy 10.06% <-
                                                     Time past : 8200msec
                                                     ['0:0.00%', '1:0.00%', '2:100.00%', '3:0.00%', '4:0.00%', '5:0.00%', '6:0.00%', '7:0.00%', '8:0.60%', '9:0.00%']
                                          0msec<-
                                          ->0msec
                                                     -> Cluster 14, loss : 1.96, accuracy 28.85%, model from round 65
                                                     ['0:26.20%', '1:61.20%', '2:49.20%', '3:4.00%', '4:0.10%', '5:5.70%', '6:49.90%', '7:6.20%', '8:38.20%', '9:47.80%']
                                                                                              <-> Client 0, global : from 28.85% to 12.01%, local : from 44.60% to 95.00%, training time : 8200msec
                                                     Cluster 14, round 1, loss : 3.25, accuracy 12.01% <-
                                                     Time past : 8200msec
                                                     ['0:0.20%', '1:0.00%', '2:0.20%', '3:0.00%', '4:12.20%', '5:6.90%', '6:0.20%', '7:0.00%', '8:0.60%', '9:99.80%']
                                          0msec<-
                                          ->0msec
                                                     -> Cluster 45, loss : 1.96, accuracy 28.85%, model from round 65
                                                     ['0:26.20%', '1:61.20%', '2:49.20%', '3:4.00%', '4:0.10%', '5:5.70%', '6:49.90%', '7:6.20%', '8:38.20%', '9:47.80%']
                                                                                              <-> Client 0, global : from 28.85% to 10.00%, local : from 49.80% to 95.00%, training time : 8200msec
                                                     Cluster 45, round 1, loss : 4.67, accuracy 10.00% <-
                                                     Time past : 8200msec
                                                     ['0:0.00%', '1:0.00%', '2:100.00%', '3:0.00%', '4:0.00%', '5:0.00%', '6:0.00%', '7:0.00%', '8:0.00%', '9:0.00%']
                                          0msec<-
                                          ->0msec
                                                     -> Cluster 82, loss : 1.96, accuracy 28.85%, model from round 65
                                                     ['0:26.20%', '1:61.20%', '2:49.20%', '3:4.00%', '4:0.10%', '5:5.70%', '6:49.90%', '7:6.20%', '8:38.20%', '9:47.80%']
                                                                                              <-> Client 0, global : from 28.85% to 10.89%, local : from 5.20% to 95.00%, training time : 8200msec
                                                     Cluster 82, round 1, loss : 4.35, accuracy 10.89% <-
                                                     Time past : 8200msec
                                                     ['0:0.30%', '1:0.00%', '2:0.00%', '3:0.00%', '4:0.00%', '5:100.00%', '6:0.00%', '7:0.00%', '8:8.60%', '9:0.00%']
                                          0msec<-
                                          ->0msec
                                                     -> Cluster 92, loss : 1.96, accuracy 28.85%, model from round 65
                                                     ['0:26.20%', '1:61.20%', '2:49.20%', '3:4.00%', '4:0.10%', '5:5.70%', '6:49.90%', '7:6.20%', '8:38.20%', '9:47.80%']
                                                                                              <-> Client 0, global : from 28.85% to 10.17%, local : from 22.60% to 95.00%, training time : 8200msec
                                                     Cluster 92, round 1, loss : 4.19, accuracy 10.17% <-
                                                     Time past : 8200msec
                                                     ['0:99.80%', '1:0.00%', '2:0.00%', '3:0.00%', '4:0.00%', '5:0.00%', '6:1.90%', '7:0.00%', '8:0.00%', '9:0.00%']
                                          0msec<-
                                          ->0msec
                                                     -> Cluster 16, loss : 1.96, accuracy 28.85%, model from round 65
                                                     ['0:26.20%', '1:61.20%', '2:49.20%', '3:4.00%', '4:0.10%', '5:5.70%', '6:49.90%', '7:6.20%', '8:38.20%', '9:47.80%']
                                                                                              <-> Client 0, global : from 28.85% to 10.60%, local : from 48.00% to 95.00%, training time : 8200msec
                                                     Cluster 16, round 1, loss : 3.61, accuracy 10.60% <-
                                                     Time past : 8200msec
                                                     ['0:0.00%', '1:0.00%', '2:0.00%', '3:1.50%', '4:0.00%', '5:0.10%', '6:4.30%', '7:0.00%', '8:0.20%', '9:99.90%']
                                          0msec<-
                                          ->0msec
                                                     -> Cluster 77, loss : 1.96, accuracy 28.85%, model from round 65
                                                     ['0:26.20%', '1:61.20%', '2:49.20%', '3:4.00%', '4:0.10%', '5:5.70%', '6:49.90%', '7:6.20%', '8:38.20%', '9:47.80%']
                                                                                              <-> Client 0, global : from 28.85% to 10.84%, local : from 4.40% to 95.20%, training time : 8200msec
                                                     Cluster 77, round 1, loss : 4.23, accuracy 10.84% <-
                                                     Time past : 8200msec
                                                     ['0:0.00%', '1:0.00%', '2:0.00%', '3:100.00%', '4:0.00%', '5:0.00%', '6:0.00%', '7:0.00%', '8:8.40%', '9:0.00%']
                                          0msec<-
Central server round 65, loss : 1.92, accuracy :30.86%
Time past: 533000msec
['0:35.90%', '1:23.90%', '2:49.60%', '3:3.50%', '4:0.10%', '5:25.30%', '6:52.40%', '7:4.60%', '8:58.30%', '9:55.00%']
                                          ->0msec
                                                     -> Cluster 6, loss : 1.92, accuracy 30.86%, model from round 66
                                                     ['0:35.90%', '1:23.90%', '2:49.60%', '3:3.50%', '4:0.10%', '5:25.30%', '6:52.40%', '7:4.60%', '8:58.30%', '9:55.00%']
                                                                                              <-> Client 0, global : from 30.86% to 12.88%, local : from 48.40% to 95.20%, training time : 8200msec
                                                     Cluster 6, round 1, loss : 3.89, accuracy 12.88% <-
                                                     Time past : 8200msec
                                                     ['0:14.30%', '1:1.10%', '2:0.00%', '3:0.00%', '4:0.00%', '5:0.00%', '6:100.00%', '7:0.00%', '8:6.40%', '9:7.00%']
                                          0msec<-
                                          ->0msec
                                                     -> Cluster 76, loss : 1.92, accuracy 30.86%, model from round 66
                                                     ['0:35.90%', '1:23.90%', '2:49.60%', '3:3.50%', '4:0.10%', '5:25.30%', '6:52.40%', '7:4.60%', '8:58.30%', '9:55.00%']
                                                                                              <-> Client 0, global : from 30.86% to 11.97%, local : from 5.60% to 95.40%, training time : 8200msec
                                                     Cluster 76, round 1, loss : 3.75, accuracy 11.97% <-
                                                     Time past : 8200msec
                                                     ['0:0.00%', '1:0.00%', '2:0.00%', '3:99.80%', '4:0.00%', '5:0.00%', '6:0.00%', '7:0.00%', '8:19.30%', '9:0.60%']
                                          0msec<-
                                          ->0msec
                                                     -> Cluster 65, loss : 1.92, accuracy 30.86%, model from round 66
                                                     ['0:35.90%', '1:23.90%', '2:49.60%', '3:3.50%', '4:0.10%', '5:25.30%', '6:52.40%', '7:4.60%', '8:58.30%', '9:55.00%']
                                                                                              <-> Client 0, global : from 30.86% to 11.51%, local : from 58.00% to 95.00%, training time : 8200msec
                                                     Cluster 65, round 1, loss : 4.03, accuracy 11.51% <-
                                                     Time past : 8200msec
                                                     ['0:0.00%', '1:0.00%', '2:0.00%', '3:0.00%', '4:0.00%', '5:2.50%', '6:11.20%', '7:1.40%', '8:100.00%', '9:0.00%']
                                          0msec<-
                                          ->0msec
                                                     -> Cluster 14, loss : 1.92, accuracy 30.86%, model from round 66
                                                     ['0:35.90%', '1:23.90%', '2:49.60%', '3:3.50%', '4:0.10%', '5:25.30%', '6:52.40%', '7:4.60%', '8:58.30%', '9:55.00%']
                                                                                              <-> Client 0, global : from 30.86% to 10.83%, local : from 49.80% to 95.00%, training time : 8200msec
                                                     Cluster 14, round 1, loss : 3.81, accuracy 10.83% <-
                                                     Time past : 8200msec
                                                     ['0:0.20%', '1:0.00%', '2:0.00%', '3:0.00%', '4:4.90%', '5:3.30%', '6:0.10%', '7:0.00%', '8:0.00%', '9:99.80%']
                                          0msec<-
                                          ->0msec
                                                     -> Cluster 22, loss : 1.92, accuracy 30.86%, model from round 66
                                                     ['0:35.90%', '1:23.90%', '2:49.60%', '3:3.50%', '4:0.10%', '5:25.30%', '6:52.40%', '7:4.60%', '8:58.30%', '9:55.00%']
                                                                                              <-> Client 0, global : from 30.86% to 10.48%, local : from 2.00% to 94.80%, training time : 8200msec
                                                     Cluster 22, round 1, loss : 4.26, accuracy 10.48% <-
                                                     Time past : 8200msec
                                                     ['0:0.00%', '1:0.00%', '2:0.00%', '3:0.00%', '4:99.90%', '5:0.00%', '6:0.00%', '7:0.00%', '8:4.70%', '9:0.20%']
                                          0msec<-
                                          ->0msec
                                                     -> Cluster 30, loss : 1.92, accuracy 30.86%, model from round 66
                                                     ['0:35.90%', '1:23.90%', '2:49.60%', '3:3.50%', '4:0.10%', '5:25.30%', '6:52.40%', '7:4.60%', '8:58.30%', '9:55.00%']
                                                                                              <-> Client 0, global : from 30.86% to 10.01%, local : from 23.55% to 94.81%, training time : 8200msec
                                                     Cluster 30, round 1, loss : 3.68, accuracy 10.01% <-
                                                     Time past : 8200msec
                                                     ['0:0.00%', '1:100.00%', '2:0.00%', '3:0.00%', '4:0.00%', '5:0.10%', '6:0.00%', '7:0.00%', '8:0.00%', '9:0.00%']
                                          0msec<-
                                          ->0msec
                                                     -> Cluster 27, loss : 1.92, accuracy 30.86%, model from round 66
                                                     ['0:35.90%', '1:23.90%', '2:49.60%', '3:3.50%', '4:0.10%', '5:25.30%', '6:52.40%', '7:4.60%', '8:58.30%', '9:55.00%']
                                                                                              <-> Client 0, global : from 30.86% to 10.04%, local : from 1.60% to 95.00%, training time : 8200msec
                                                     Cluster 27, round 1, loss : 4.93, accuracy 10.04% <-
                                                     Time past : 8200msec
                                                     ['0:0.00%', '1:0.00%', '2:0.00%', '3:0.00%', '4:100.00%', '5:0.00%', '6:0.00%', '7:0.00%', '8:0.30%', '9:0.10%']
                                          0msec<-
                                          ->0msec
                                                     -> Cluster 55, loss : 1.92, accuracy 30.86%, model from round 66
                                                     ['0:35.90%', '1:23.90%', '2:49.60%', '3:3.50%', '4:0.10%', '5:25.30%', '6:52.40%', '7:4.60%', '8:58.30%', '9:55.00%']
                                                                                              <-> Client 0, global : from 30.86% to 10.08%, local : from 6.20% to 95.00%, training time : 8200msec
                                                     Cluster 55, round 1, loss : 4.29, accuracy 10.08% <-
                                                     Time past : 8200msec
                                                     ['0:0.00%', '1:0.00%', '2:0.00%', '3:0.00%', '4:0.00%', '5:0.00%', '6:0.00%', '7:100.00%', '8:0.80%', '9:0.00%']
                                          0msec<-
                                          ->0msec
                                                     -> Cluster 35, loss : 1.92, accuracy 30.86%, model from round 66
                                                     ['0:35.90%', '1:23.90%', '2:49.60%', '3:3.50%', '4:0.10%', '5:25.30%', '6:52.40%', '7:4.60%', '8:58.30%', '9:55.00%']
                                                                                              <-> Client 0, global : from 30.86% to 10.00%, local : from 23.60% to 95.00%, training time : 8200msec
                                                     Cluster 35, round 1, loss : 4.01, accuracy 10.00% <-
                                                     Time past : 8200msec
                                                     ['0:0.00%', '1:100.00%', '2:0.00%', '3:0.00%', '4:0.00%', '5:0.00%', '6:0.00%', '7:0.00%', '8:0.00%', '9:0.00%']
                                          0msec<-
                                          ->0msec
                                                     -> Cluster 69, loss : 1.92, accuracy 30.86%, model from round 66
                                                     ['0:35.90%', '1:23.90%', '2:49.60%', '3:3.50%', '4:0.10%', '5:25.30%', '6:52.40%', '7:4.60%', '8:58.30%', '9:55.00%']
                                                                                              <-> Client 0, global : from 30.86% to 13.59%, local : from 58.60% to 95.80%, training time : 8200msec
                                                     Cluster 69, round 1, loss : 3.75, accuracy 13.59% <-
                                                     Time past : 8200msec
                                                     ['0:0.00%', '1:0.00%', '2:0.10%', '3:0.00%', '4:5.50%', '5:0.00%', '6:30.00%', '7:0.50%', '8:99.80%', '9:0.00%']
                                          0msec<-
Central server round 66, loss : 1.93, accuracy :30.10%
Time past: 541200msec
['0:7.00%', '1:52.50%', '2:0.00%', '3:7.00%', '4:72.10%', '5:13.70%', '6:19.10%', '7:23.00%', '8:66.20%', '9:40.40%']
                                          ->0msec
                                                     -> Cluster 83, loss : 1.93, accuracy 30.10%, model from round 67
                                                     ['0:7.00%', '1:52.50%', '2:0.00%', '3:7.00%', '4:72.10%', '5:13.70%', '6:19.10%', '7:23.00%', '8:66.20%', '9:40.40%']
                                                                                              <-> Client 0, global : from 30.10% to 10.14%, local : from 12.83% to 95.19%, training time : 8200msec
                                                     Cluster 83, round 1, loss : 4.60, accuracy 10.14% <-
                                                     Time past : 8200msec
                                                     ['0:0.00%', '1:0.00%', '2:0.00%', '3:0.00%', '4:0.00%', '5:100.00%', '6:0.00%', '7:0.00%', '8:1.40%', '9:0.00%']
                                          0msec<-
                                          ->0msec
                                                     -> Cluster 69, loss : 1.93, accuracy 30.10%, model from round 67
                                                     ['0:7.00%', '1:52.50%', '2:0.00%', '3:7.00%', '4:72.10%', '5:13.70%', '6:19.10%', '7:23.00%', '8:66.20%', '9:40.40%']
                                                                                              <-> Client 0, global : from 30.10% to 14.59%, local : from 65.80% to 96.00%, training time : 8200msec
                                                     Cluster 69, round 1, loss : 3.47, accuracy 14.59% <-
                                                     Time past : 8200msec
                                                     ['0:0.00%', '1:0.00%', '2:0.00%', '3:0.00%', '4:17.30%', '5:0.00%', '6:28.00%', '7:0.90%', '8:99.70%', '9:0.00%']
                                          0msec<-
                                          ->0msec
                                                     -> Cluster 46, loss : 1.93, accuracy 30.10%, model from round 67
                                                     ['0:7.00%', '1:52.50%', '2:0.00%', '3:7.00%', '4:72.10%', '5:13.70%', '6:19.10%', '7:23.00%', '8:66.20%', '9:40.40%']
                                                                                              <-> Client 0, global : from 30.10% to 10.00%, local : from 1.80% to 95.00%, training time : 8200msec
                                                     Cluster 46, round 1, loss : 4.67, accuracy 10.00% <-
                                                     Time past : 8200msec
                                                     ['0:0.00%', '1:0.00%', '2:100.00%', '3:0.00%', '4:0.00%', '5:0.00%', '6:0.00%', '7:0.00%', '8:0.00%', '9:0.00%']
                                          0msec<-
                                          ->0msec
                                                     -> Cluster 71, loss : 1.93, accuracy 30.10%, model from round 67
                                                     ['0:7.00%', '1:52.50%', '2:0.00%', '3:7.00%', '4:72.10%', '5:13.70%', '6:19.10%', '7:23.00%', '8:66.20%', '9:40.40%']
                                                                                              <-> Client 0, global : from 30.10% to 11.65%, local : from 11.60% to 95.40%, training time : 8200msec
                                                     Cluster 71, round 1, loss : 3.67, accuracy 11.65% <-
                                                     Time past : 8200msec
                                                     ['0:0.00%', '1:0.10%', '2:0.00%', '3:99.90%', '4:0.00%', '5:0.00%', '6:0.00%', '7:0.00%', '8:6.30%', '9:10.20%']
                                          0msec<-
                                          ->0msec
                                                     -> Cluster 92, loss : 1.93, accuracy 30.10%, model from round 67
                                                     ['0:7.00%', '1:52.50%', '2:0.00%', '3:7.00%', '4:72.10%', '5:13.70%', '6:19.10%', '7:23.00%', '8:66.20%', '9:40.40%']
                                                                                              <-> Client 0, global : from 30.10% to 10.05%, local : from 10.60% to 95.00%, training time : 8200msec
                                                     Cluster 92, round 1, loss : 4.47, accuracy 10.05% <-
                                                     Time past : 8200msec
                                                     ['0:99.80%', '1:0.00%', '2:0.00%', '3:0.00%', '4:0.00%', '5:0.00%', '6:0.70%', '7:0.00%', '8:0.00%', '9:0.00%']
                                          0msec<-
                                          ->0msec
                                                     -> Cluster 64, loss : 1.93, accuracy 30.10%, model from round 67
                                                     ['0:7.00%', '1:52.50%', '2:0.00%', '3:7.00%', '4:72.10%', '5:13.70%', '6:19.10%', '7:23.00%', '8:66.20%', '9:40.40%']
                                                                                              <-> Client 0, global : from 30.10% to 10.86%, local : from 67.40% to 95.00%, training time : 8200msec
                                                     Cluster 64, round 1, loss : 4.32, accuracy 10.86% <-
                                                     Time past : 8200msec
                                                     ['0:0.00%', '1:0.00%', '2:0.00%', '3:0.00%', '4:5.30%', '5:0.00%', '6:2.30%', '7:1.00%', '8:100.00%', '9:0.00%']
                                          0msec<-
                                          ->0msec
                                                     -> Cluster 87, loss : 1.93, accuracy 30.10%, model from round 67
                                                     ['0:7.00%', '1:52.50%', '2:0.00%', '3:7.00%', '4:72.10%', '5:13.70%', '6:19.10%', '7:23.00%', '8:66.20%', '9:40.40%']
                                                                                              <-> Client 0, global : from 30.10% to 11.45%, local : from 14.23% to 95.39%, training time : 8200msec
                                                     Cluster 87, round 1, loss : 4.12, accuracy 11.45% <-
                                                     Time past : 8200msec
                                                     ['0:1.80%', '1:0.20%', '2:0.00%', '3:0.00%', '4:0.00%', '5:100.00%', '6:0.00%', '7:0.00%', '8:7.90%', '9:4.60%']
                                          0msec<-
                                          ->0msec
                                                     -> Cluster 74, loss : 1.93, accuracy 30.10%, model from round 67
                                                     ['0:7.00%', '1:52.50%', '2:0.00%', '3:7.00%', '4:72.10%', '5:13.70%', '6:19.10%', '7:23.00%', '8:66.20%', '9:40.40%']
                                                                                              <-> Client 0, global : from 30.10% to 10.61%, local : from 7.80% to 95.20%, training time : 8200msec
                                                     Cluster 74, round 1, loss : 4.20, accuracy 10.61% <-
                                                     Time past : 8200msec
                                                     ['0:0.00%', '1:0.00%', '2:0.00%', '3:100.00%', '4:0.00%', '5:0.00%', '6:0.00%', '7:0.00%', '8:6.10%', '9:0.00%']
                                          0msec<-
                                          ->0msec
                                                     -> Cluster 3, loss : 1.93, accuracy 30.10%, model from round 67
                                                     ['0:7.00%', '1:52.50%', '2:0.00%', '3:7.00%', '4:72.10%', '5:13.70%', '6:19.10%', '7:23.00%', '8:66.20%', '9:40.40%']
                                                                                              <-> Client 0, global : from 30.10% to 12.26%, local : from 18.40% to 95.00%, training time : 8200msec
                                                     Cluster 3, round 1, loss : 4.30, accuracy 12.26% <-
                                                     Time past : 8200msec
                                                     ['0:0.40%', '1:0.10%', '2:0.00%', '3:0.00%', '4:0.00%', '5:0.00%', '6:100.00%', '7:0.00%', '8:21.90%', '9:0.20%']
                                          0msec<-
                                          ->0msec
                                                     -> Cluster 79, loss : 1.93, accuracy 30.10%, model from round 67
                                                     ['0:7.00%', '1:52.50%', '2:0.00%', '3:7.00%', '4:72.10%', '5:13.70%', '6:19.10%', '7:23.00%', '8:66.20%', '9:40.40%']
                                                                                              <-> Client 0, global : from 30.10% to 10.04%, local : from 6.00% to 95.00%, training time : 8200msec
                                                     Cluster 79, round 1, loss : 4.60, accuracy 10.04% <-
                                                     Time past : 8200msec
                                                     ['0:0.00%', '1:0.00%', '2:0.00%', '3:100.00%', '4:0.00%', '5:0.00%', '6:0.00%', '7:0.00%', '8:0.40%', '9:0.00%']
                                          0msec<-
Central server round 67, loss : 1.95, accuracy :27.47%
Time past: 549400msec
['0:22.60%', '1:14.00%', '2:0.70%', '3:69.10%', '4:1.20%', '5:16.80%', '6:35.40%', '7:13.90%', '8:77.80%', '9:23.20%']
                                          ->0msec
                                                     -> Cluster 37, loss : 1.95, accuracy 27.47%, model from round 68
                                                     ['0:22.60%', '1:14.00%', '2:0.70%', '3:69.10%', '4:1.20%', '5:16.80%', '6:35.40%', '7:13.90%', '8:77.80%', '9:23.20%']
                                                                                              <-> Client 0, global : from 27.47% to 10.02%, local : from 12.40% to 95.20%, training time : 8200msec
                                                     Cluster 37, round 1, loss : 3.53, accuracy 10.02% <-
                                                     Time past : 8200msec
                                                     ['0:0.00%', '1:100.00%', '2:0.00%', '3:0.00%', '4:0.00%', '5:0.20%', '6:0.00%', '7:0.00%', '8:0.00%', '9:0.00%']
                                          0msec<-
                                          ->0msec
                                                     -> Cluster 20, loss : 1.95, accuracy 27.47%, model from round 68
                                                     ['0:22.60%', '1:14.00%', '2:0.70%', '3:69.10%', '4:1.20%', '5:16.80%', '6:35.40%', '7:13.90%', '8:77.80%', '9:23.20%']
                                                                                              <-> Client 0, global : from 27.47% to 11.01%, local : from 3.19% to 95.21%, training time : 8200msec
                                                     Cluster 20, round 1, loss : 3.75, accuracy 11.01% <-
                                                     Time past : 8200msec
                                                     ['0:0.00%', '1:0.00%', '2:0.00%', '3:0.00%', '4:99.60%', '5:0.00%', '6:0.00%', '7:0.00%', '8:10.40%', '9:0.10%']
                                          0msec<-
                                          ->0msec
                                                     -> Cluster 19, loss : 1.95, accuracy 27.47%, model from round 68
                                                     ['0:22.60%', '1:14.00%', '2:0.70%', '3:69.10%', '4:1.20%', '5:16.80%', '6:35.40%', '7:13.90%', '8:77.80%', '9:23.20%']
                                                                                              <-> Client 0, global : from 27.47% to 10.60%, local : from 23.80% to 94.80%, training time : 8200msec
                                                     Cluster 19, round 1, loss : 3.40, accuracy 10.60% <-
                                                     Time past : 8200msec
                                                     ['0:0.20%', '1:0.00%', '2:0.00%', '3:0.00%', '4:0.00%', '5:4.80%', '6:1.00%', '7:0.00%', '8:0.10%', '9:99.90%']
                                          0msec<-
                                          ->0msec
                                                     -> Cluster 48, loss : 1.95, accuracy 27.47%, model from round 68
                                                     ['0:22.60%', '1:14.00%', '2:0.70%', '3:69.10%', '4:1.20%', '5:16.80%', '6:35.40%', '7:13.90%', '8:77.80%', '9:23.20%']
                                                                                              <-> Client 0, global : from 27.47% to 9.99%, local : from 3.00% to 95.00%, training time : 8200msec
                                                     Cluster 48, round 1, loss : 4.27, accuracy 9.99% <-
                                                     Time past : 8200msec
                                                     ['0:0.00%', '1:0.00%', '2:99.90%', '3:0.00%', '4:0.00%', '5:0.00%', '6:0.00%', '7:0.00%', '8:0.00%', '9:0.00%']
                                          0msec<-
                                          ->0msec
                                                     -> Cluster 56, loss : 1.95, accuracy 27.47%, model from round 68
                                                     ['0:22.60%', '1:14.00%', '2:0.70%', '3:69.10%', '4:1.20%', '5:16.80%', '6:35.40%', '7:13.90%', '8:77.80%', '9:23.20%']
                                                                                              <-> Client 0, global : from 27.47% to 11.48%, local : from 11.40% to 95.20%, training time : 8200msec
                                                     Cluster 56, round 1, loss : 3.51, accuracy 11.48% <-
                                                     Time past : 8200msec
                                                     ['0:0.00%', '1:0.00%', '2:0.00%', '3:0.00%', '4:0.00%', '5:0.00%', '6:0.00%', '7:99.50%', '8:15.20%', '9:0.10%']
                                          0msec<-
                                          ->0msec
                                                     -> Cluster 51, loss : 1.95, accuracy 27.47%, model from round 68
                                                     ['0:22.60%', '1:14.00%', '2:0.70%', '3:69.10%', '4:1.20%', '5:16.80%', '6:35.40%', '7:13.90%', '8:77.80%', '9:23.20%']
                                                                                              <-> Client 0, global : from 27.47% to 11.30%, local : from 10.98% to 95.01%, training time : 8200msec
                                                     Cluster 51, round 1, loss : 3.70, accuracy 11.30% <-
                                                     Time past : 8200msec
                                                     ['0:0.20%', '1:0.00%', '2:0.00%', '3:0.00%', '4:0.00%', '5:0.00%', '6:0.00%', '7:99.70%', '8:13.10%', '9:0.00%']
                                          0msec<-
                                          ->0msec
                                                     -> Cluster 15, loss : 1.95, accuracy 27.47%, model from round 68
                                                     ['0:22.60%', '1:14.00%', '2:0.70%', '3:69.10%', '4:1.20%', '5:16.80%', '6:35.40%', '7:13.90%', '8:77.80%', '9:23.20%']
                                                                                              <-> Client 0, global : from 27.47% to 11.13%, local : from 25.40% to 95.20%, training time : 8200msec
                                                     Cluster 15, round 1, loss : 3.49, accuracy 11.13% <-
                                                     Time past : 8200msec
                                                     ['0:0.20%', '1:0.00%', '2:0.00%', '3:0.00%', '4:2.40%', '5:3.90%', '6:4.90%', '7:0.10%', '8:0.00%', '9:99.80%']
                                          0msec<-
                                          ->0msec
                                                     -> Cluster 76, loss : 1.95, accuracy 27.47%, model from round 68
                                                     ['0:22.60%', '1:14.00%', '2:0.70%', '3:69.10%', '4:1.20%', '5:16.80%', '6:35.40%', '7:13.90%', '8:77.80%', '9:23.20%']
                                                                                              <-> Client 0, global : from 27.47% to 11.81%, local : from 64.20% to 95.60%, training time : 8200msec
                                                     Cluster 76, round 1, loss : 4.17, accuracy 11.81% <-
                                                     Time past : 8200msec
                                                     ['0:0.00%', '1:0.00%', '2:0.00%', '3:99.90%', '4:0.00%', '5:0.00%', '6:0.00%', '7:0.00%', '8:17.60%', '9:0.60%']
                                          0msec<-
                                          ->0msec
                                                     -> Cluster 18, loss : 1.95, accuracy 27.47%, model from round 68
                                                     ['0:22.60%', '1:14.00%', '2:0.70%', '3:69.10%', '4:1.20%', '5:16.80%', '6:35.40%', '7:13.90%', '8:77.80%', '9:23.20%']
                                                                                              <-> Client 0, global : from 27.47% to 10.40%, local : from 21.40% to 95.00%, training time : 8200msec
                                                     Cluster 18, round 1, loss : 3.65, accuracy 10.40% <-
                                                     Time past : 8200msec
                                                     ['0:0.00%', '1:0.00%', '2:0.10%', '3:1.00%', '4:0.50%', '5:2.40%', '6:0.00%', '7:0.10%', '8:0.00%', '9:99.90%']
                                          0msec<-
                                          ->0msec
                                                     -> Cluster 34, loss : 1.95, accuracy 27.47%, model from round 68
                                                     ['0:22.60%', '1:14.00%', '2:0.70%', '3:69.10%', '4:1.20%', '5:16.80%', '6:35.40%', '7:13.90%', '8:77.80%', '9:23.20%']
                                                                                              <-> Client 0, global : from 27.47% to 10.00%, local : from 17.60% to 95.00%, training time : 8200msec
                                                     Cluster 34, round 1, loss : 3.97, accuracy 10.00% <-
                                                     Time past : 8200msec
                                                     ['0:0.00%', '1:100.00%', '2:0.00%', '3:0.00%', '4:0.00%', '5:0.00%', '6:0.00%', '7:0.00%', '8:0.00%', '9:0.00%']
                                          0msec<-
Central server round 68, loss : 1.93, accuracy :28.59%
Time past: 557600msec
['0:17.90%', '1:34.90%', '2:2.50%', '3:19.40%', '4:12.10%', '5:12.60%', '6:21.00%', '7:64.80%', '8:29.00%', '9:71.70%']
                                          ->0msec
                                                     -> Cluster 35, loss : 1.93, accuracy 28.59%, model from round 69
                                                     ['0:17.90%', '1:34.90%', '2:2.50%', '3:19.40%', '4:12.10%', '5:12.60%', '6:21.00%', '7:64.80%', '8:29.00%', '9:71.70%']
                                                                                              <-> Client 0, global : from 28.59% to 10.02%, local : from 35.20% to 95.00%, training time : 8200msec
                                                     Cluster 35, round 1, loss : 3.75, accuracy 10.02% <-
                                                     Time past : 8200msec
                                                     ['0:0.00%', '1:100.00%', '2:0.00%', '3:0.00%', '4:0.20%', '5:0.00%', '6:0.00%', '7:0.00%', '8:0.00%', '9:0.00%']
                                          0msec<-
                                          ->0msec
                                                     -> Cluster 47, loss : 1.93, accuracy 28.59%, model from round 69
                                                     ['0:17.90%', '1:34.90%', '2:2.50%', '3:19.40%', '4:12.10%', '5:12.60%', '6:21.00%', '7:64.80%', '8:29.00%', '9:71.70%']
                                                                                              <-> Client 0, global : from 28.59% to 10.02%, local : from 3.80% to 95.00%, training time : 8200msec
                                                     Cluster 47, round 1, loss : 3.80, accuracy 10.02% <-
                                                     Time past : 8200msec
                                                     ['0:0.00%', '1:0.10%', '2:99.90%', '3:0.00%', '4:0.00%', '5:0.00%', '6:0.00%', '7:0.00%', '8:0.20%', '9:0.00%']
                                          0msec<-
                                          ->0msec
                                                     -> Cluster 52, loss : 1.93, accuracy 28.59%, model from round 69
                                                     ['0:17.90%', '1:34.90%', '2:2.50%', '3:19.40%', '4:12.10%', '5:12.60%', '6:21.00%', '7:64.80%', '8:29.00%', '9:71.70%']
                                                                                              <-> Client 0, global : from 28.59% to 10.50%, local : from 63.80% to 95.00%, training time : 8200msec
                                                     Cluster 52, round 1, loss : 4.10, accuracy 10.50% <-
                                                     Time past : 8200msec
                                                     ['0:0.00%', '1:0.00%', '2:0.00%', '3:0.00%', '4:0.00%', '5:0.00%', '6:0.00%', '7:100.00%', '8:5.00%', '9:0.00%']
                                          0msec<-
                                          ->0msec
                                                     -> Cluster 51, loss : 1.93, accuracy 28.59%, model from round 69
                                                     ['0:17.90%', '1:34.90%', '2:2.50%', '3:19.40%', '4:12.10%', '5:12.60%', '6:21.00%', '7:64.80%', '8:29.00%', '9:71.70%']
                                                                                              <-> Client 0, global : from 28.59% to 11.08%, local : from 59.48% to 95.01%, training time : 8200msec
                                                     Cluster 51, round 1, loss : 3.91, accuracy 11.08% <-
                                                     Time past : 8200msec
                                                     ['0:0.50%', '1:0.00%', '2:0.00%', '3:0.00%', '4:0.00%', '5:0.00%', '6:0.00%', '7:99.70%', '8:10.60%', '9:0.00%']
                                          0msec<-
                                          ->0msec
                                                     -> Cluster 77, loss : 1.93, accuracy 28.59%, model from round 69
                                                     ['0:17.90%', '1:34.90%', '2:2.50%', '3:19.40%', '4:12.10%', '5:12.60%', '6:21.00%', '7:64.80%', '8:29.00%', '9:71.70%']
                                                                                              <-> Client 0, global : from 28.59% to 12.04%, local : from 20.20% to 95.60%, training time : 8200msec
                                                     Cluster 77, round 1, loss : 3.74, accuracy 12.04% <-
                                                     Time past : 8200msec
                                                     ['0:0.00%', '1:0.20%', '2:0.00%', '3:99.80%', '4:0.00%', '5:0.00%', '6:0.00%', '7:0.00%', '8:20.40%', '9:0.00%']
                                          0msec<-
                                          ->0msec
                                                     -> Cluster 59, loss : 1.93, accuracy 28.59%, model from round 69
                                                     ['0:17.90%', '1:34.90%', '2:2.50%', '3:19.40%', '4:12.10%', '5:12.60%', '6:21.00%', '7:64.80%', '8:29.00%', '9:71.70%']
                                                                                              <-> Client 0, global : from 28.59% to 11.43%, local : from 60.60% to 95.00%, training time : 8200msec
                                                     Cluster 59, round 1, loss : 3.86, accuracy 11.43% <-
                                                     Time past : 8200msec
                                                     ['0:1.60%', '1:0.10%', '2:0.00%', '3:0.00%', '4:0.00%', '5:0.00%', '6:0.00%', '7:99.70%', '8:12.90%', '9:0.00%']
                                          0msec<-
                                          ->0msec
                                                     -> Cluster 6, loss : 1.93, accuracy 28.59%, model from round 69
                                                     ['0:17.90%', '1:34.90%', '2:2.50%', '3:19.40%', '4:12.10%', '5:12.60%', '6:21.00%', '7:64.80%', '8:29.00%', '9:71.70%']
                                                                                              <-> Client 0, global : from 28.59% to 13.66%, local : from 20.60% to 95.20%, training time : 8200msec
                                                     Cluster 6, round 1, loss : 3.76, accuracy 13.66% <-
                                                     Time past : 8200msec
                                                     ['0:15.40%', '1:2.30%', '2:0.00%', '3:0.00%', '4:0.00%', '5:0.00%', '6:100.00%', '7:0.00%', '8:5.80%', '9:13.10%']
                                          0msec<-
                                          ->0msec
                                                     -> Cluster 12, loss : 1.93, accuracy 28.59%, model from round 69
                                                     ['0:17.90%', '1:34.90%', '2:2.50%', '3:19.40%', '4:12.10%', '5:12.60%', '6:21.00%', '7:64.80%', '8:29.00%', '9:71.70%']
                                                                                              <-> Client 0, global : from 28.59% to 12.02%, local : from 70.60% to 95.60%, training time : 8200msec
                                                     Cluster 12, round 1, loss : 3.40, accuracy 12.02% <-
                                                     Time past : 8200msec
                                                     ['0:0.10%', '1:0.00%', '2:0.00%', '3:0.00%', '4:12.60%', '5:7.30%', '6:0.00%', '7:0.40%', '8:0.00%', '9:99.80%']
                                          0msec<-
                                          ->0msec
                                                     -> Cluster 60, loss : 1.93, accuracy 28.59%, model from round 69
                                                     ['0:17.90%', '1:34.90%', '2:2.50%', '3:19.40%', '4:12.10%', '5:12.60%', '6:21.00%', '7:64.80%', '8:29.00%', '9:71.70%']
                                                                                              <-> Client 0, global : from 28.59% to 10.85%, local : from 29.14% to 94.81%, training time : 8200msec
                                                     Cluster 60, round 1, loss : 3.97, accuracy 10.85% <-
                                                     Time past : 8200msec
                                                     ['0:0.00%', '1:0.00%', '2:0.00%', '3:0.20%', '4:0.00%', '5:0.00%', '6:7.00%', '7:1.30%', '8:100.00%', '9:0.00%']
                                          0msec<-
                                          ->0msec
                                                     -> Cluster 99, loss : 1.93, accuracy 28.59%, model from round 69
                                                     ['0:17.90%', '1:34.90%', '2:2.50%', '3:19.40%', '4:12.10%', '5:12.60%', '6:21.00%', '7:64.80%', '8:29.00%', '9:71.70%']
                                                                                              <-> Client 0, global : from 28.59% to 10.00%, local : from 19.04% to 95.19%, training time : 8200msec
                                                     Cluster 99, round 1, loss : 3.82, accuracy 10.00% <-
                                                     Time past : 8200msec
                                                     ['0:100.00%', '1:0.00%', '2:0.00%', '3:0.00%', '4:0.00%', '5:0.00%', '6:0.00%', '7:0.00%', '8:0.00%', '9:0.00%']
                                          0msec<-
Central server round 69, loss : 1.98, accuracy :25.38%
Time past: 565800msec
['0:39.30%', '1:41.10%', '2:0.30%', '3:9.10%', '4:0.00%', '5:3.00%', '6:7.40%', '7:86.60%', '8:45.20%', '9:21.80%']
                                          ->0msec
                                                     -> Cluster 79, loss : 1.98, accuracy 25.38%, model from round 70
                                                     ['0:39.30%', '1:41.10%', '2:0.30%', '3:9.10%', '4:0.00%', '5:3.00%', '6:7.40%', '7:86.60%', '8:45.20%', '9:21.80%']
                                                                                              <-> Client 0, global : from 25.38% to 10.06%, local : from 8.40% to 95.00%, training time : 8200msec
                                                     Cluster 79, round 1, loss : 4.27, accuracy 10.06% <-
                                                     Time past : 8200msec
                                                     ['0:0.00%', '1:0.00%', '2:0.00%', '3:100.00%', '4:0.00%', '5:0.00%', '6:0.00%', '7:0.00%', '8:0.60%', '9:0.00%']
                                          0msec<-
                                          ->0msec
                                                     -> Cluster 30, loss : 1.98, accuracy 25.38%, model from round 70
                                                     ['0:39.30%', '1:41.10%', '2:0.30%', '3:9.10%', '4:0.00%', '5:3.00%', '6:7.40%', '7:86.60%', '8:45.20%', '9:21.80%']
                                                                                              <-> Client 0, global : from 25.38% to 10.01%, local : from 37.52% to 94.81%, training time : 8200msec
                                                     Cluster 30, round 1, loss : 4.12, accuracy 10.01% <-
                                                     Time past : 8200msec
                                                     ['0:0.00%', '1:100.00%', '2:0.00%', '3:0.00%', '4:0.00%', '5:0.10%', '6:0.00%', '7:0.00%', '8:0.00%', '9:0.00%']
                                          0msec<-
                                          ->0msec
                                                     -> Cluster 13, loss : 1.98, accuracy 25.38%, model from round 70
                                                     ['0:39.30%', '1:41.10%', '2:0.30%', '3:9.10%', '4:0.00%', '5:3.00%', '6:7.40%', '7:86.60%', '8:45.20%', '9:21.80%']
                                                                                              <-> Client 0, global : from 25.38% to 10.39%, local : from 22.60% to 95.00%, training time : 8200msec
                                                     Cluster 13, round 1, loss : 3.83, accuracy 10.39% <-
                                                     Time past : 8200msec
                                                     ['0:0.10%', '1:0.00%', '2:0.00%', '3:0.20%', '4:0.10%', '5:3.60%', '6:0.00%', '7:0.00%', '8:0.00%', '9:99.90%']
                                          0msec<-
                                          ->0msec
                                                     -> Cluster 71, loss : 1.98, accuracy 25.38%, model from round 70
                                                     ['0:39.30%', '1:41.10%', '2:0.30%', '3:9.10%', '4:0.00%', '5:3.00%', '6:7.40%', '7:86.60%', '8:45.20%', '9:21.80%']
                                                                                              <-> Client 0, global : from 25.38% to 10.99%, local : from 11.40% to 95.20%, training time : 8200msec
                                                     Cluster 71, round 1, loss : 4.06, accuracy 10.99% <-
                                                     Time past : 8200msec
                                                     ['0:0.00%', '1:0.20%', '2:0.00%', '3:100.00%', '4:0.00%', '5:0.00%', '6:0.00%', '7:0.00%', '8:3.00%', '9:6.70%']
                                          0msec<-
                                          ->0msec
                                                     -> Cluster 45, loss : 1.98, accuracy 25.38%, model from round 70
                                                     ['0:39.30%', '1:41.10%', '2:0.30%', '3:9.10%', '4:0.00%', '5:3.00%', '6:7.40%', '7:86.60%', '8:45.20%', '9:21.80%']
                                                                                              <-> Client 0, global : from 25.38% to 10.15%, local : from 1.60% to 95.00%, training time : 8200msec
                                                     Cluster 45, round 1, loss : 3.82, accuracy 10.15% <-
                                                     Time past : 8200msec
                                                     ['0:0.00%', '1:1.60%', '2:99.90%', '3:0.00%', '4:0.00%', '5:0.00%', '6:0.00%', '7:0.00%', '8:0.00%', '9:0.00%']
                                          0msec<-
                                          ->0msec
                                                     -> Cluster 20, loss : 1.98, accuracy 25.38%, model from round 70
                                                     ['0:39.30%', '1:41.10%', '2:0.30%', '3:9.10%', '4:0.00%', '5:3.00%', '6:7.40%', '7:86.60%', '8:45.20%', '9:21.80%']
                                                                                              <-> Client 0, global : from 25.38% to 10.98%, local : from 2.40% to 95.21%, training time : 8200msec
                                                     Cluster 20, round 1, loss : 4.16, accuracy 10.98% <-
                                                     Time past : 8200msec
                                                     ['0:0.00%', '1:0.00%', '2:0.00%', '3:0.00%', '4:99.70%', '5:0.00%', '6:0.00%', '7:0.00%', '8:10.10%', '9:0.00%']
                                          0msec<-
                                          ->0msec
                                                     -> Cluster 14, loss : 1.98, accuracy 25.38%, model from round 70
                                                     ['0:39.30%', '1:41.10%', '2:0.30%', '3:9.10%', '4:0.00%', '5:3.00%', '6:7.40%', '7:86.60%', '8:45.20%', '9:21.80%']
                                                                                              <-> Client 0, global : from 25.38% to 12.14%, local : from 21.00% to 95.00%, training time : 8200msec
                                                     Cluster 14, round 1, loss : 3.40, accuracy 12.14% <-
                                                     Time past : 8200msec
                                                     ['0:0.30%', '1:0.00%', '2:0.00%', '3:0.00%', '4:14.60%', '5:6.50%', '6:0.00%', '7:0.00%', '8:0.20%', '9:99.80%']
                                          0msec<-
                                          ->0msec
                                                     -> Cluster 99, loss : 1.98, accuracy 25.38%, model from round 70
                                                     ['0:39.30%', '1:41.10%', '2:0.30%', '3:9.10%', '4:0.00%', '5:3.00%', '6:7.40%', '7:86.60%', '8:45.20%', '9:21.80%']
                                                                                              <-> Client 0, global : from 25.38% to 10.00%, local : from 39.08% to 95.19%, training time : 8200msec
                                                     Cluster 99, round 1, loss : 3.96, accuracy 10.00% <-
                                                     Time past : 8200msec
                                                     ['0:100.00%', '1:0.00%', '2:0.00%', '3:0.00%', '4:0.00%', '5:0.00%', '6:0.00%', '7:0.00%', '8:0.00%', '9:0.00%']
                                          0msec<-
                                          ->0msec
                                                     -> Cluster 5, loss : 1.98, accuracy 25.38%, model from round 70
                                                     ['0:39.30%', '1:41.10%', '2:0.30%', '3:9.10%', '4:0.00%', '5:3.00%', '6:7.40%', '7:86.60%', '8:45.20%', '9:21.80%']
                                                                                              <-> Client 0, global : from 25.38% to 14.99%, local : from 8.80% to 95.20%, training time : 8200msec
                                                     Cluster 5, round 1, loss : 3.51, accuracy 14.99% <-
                                                     Time past : 8200msec
                                                     ['0:1.90%', '1:0.80%', '2:0.00%', '3:0.00%', '4:0.00%', '5:0.00%', '6:100.00%', '7:0.00%', '8:32.40%', '9:14.80%']
                                          0msec<-
                                          ->0msec
                                                     -> Cluster 90, loss : 1.98, accuracy 25.38%, model from round 70
                                                     ['0:39.30%', '1:41.10%', '2:0.30%', '3:9.10%', '4:0.00%', '5:3.00%', '6:7.40%', '7:86.60%', '8:45.20%', '9:21.80%']
                                                                                              <-> Client 0, global : from 25.38% to 10.03%, local : from 43.20% to 94.80%, training time : 8200msec
                                                     Cluster 90, round 1, loss : 3.79, accuracy 10.03% <-
                                                     Time past : 8200msec
                                                     ['0:100.00%', '1:0.00%', '2:0.00%', '3:0.00%', '4:0.00%', '5:0.00%', '6:0.30%', '7:0.00%', '8:0.00%', '9:0.00%']
                                          0msec<-
Central server round 70, loss : 1.90, accuracy :29.55%
Time past: 574000msec
['0:68.90%', '1:30.20%', '2:2.30%', '3:53.80%', '4:12.40%', '5:8.10%', '6:41.90%', '7:9.40%', '8:8.10%', '9:60.40%']
                                          ->0msec
                                                     -> Cluster 96, loss : 1.90, accuracy 29.55%, model from round 71
                                                     ['0:68.90%', '1:30.20%', '2:2.30%', '3:53.80%', '4:12.40%', '5:8.10%', '6:41.90%', '7:9.40%', '8:8.10%', '9:60.40%']
                                                                                              <-> Client 0, global : from 29.55% to 10.00%, local : from 61.12% to 95.19%, training time : 8200msec
                                                     Cluster 96, round 1, loss : 4.14, accuracy 10.00% <-
                                                     Time past : 8200msec
                                                     ['0:100.00%', '1:0.00%', '2:0.00%', '3:0.00%', '4:0.00%', '5:0.00%', '6:0.00%', '7:0.00%', '8:0.00%', '9:0.00%']
                                          0msec<-
                                          ->0msec
                                                     -> Cluster 43, loss : 1.90, accuracy 29.55%, model from round 71
                                                     ['0:68.90%', '1:30.20%', '2:2.30%', '3:53.80%', '4:12.40%', '5:8.10%', '6:41.90%', '7:9.40%', '8:8.10%', '9:60.40%']
                                                                                              <-> Client 0, global : from 29.55% to 10.09%, local : from 4.40% to 95.00%, training time : 8200msec
                                                     Cluster 43, round 1, loss : 4.48, accuracy 10.09% <-
                                                     Time past : 8200msec
                                                     ['0:0.00%', '1:0.00%', '2:100.00%', '3:0.00%', '4:0.00%', '5:0.00%', '6:0.00%', '7:0.00%', '8:0.90%', '9:0.00%']
                                          0msec<-
                                          ->0msec
                                                     -> Cluster 56, loss : 1.90, accuracy 29.55%, model from round 71
                                                     ['0:68.90%', '1:30.20%', '2:2.30%', '3:53.80%', '4:12.40%', '5:8.10%', '6:41.90%', '7:9.40%', '8:8.10%', '9:60.40%']
                                                                                              <-> Client 0, global : from 29.55% to 10.20%, local : from 10.00% to 95.00%, training time : 8200msec
                                                     Cluster 56, round 1, loss : 4.40, accuracy 10.20% <-
                                                     Time past : 8200msec
                                                     ['0:0.00%', '1:0.00%', '2:0.00%', '3:0.00%', '4:0.00%', '5:0.00%', '6:0.00%', '7:100.00%', '8:2.00%', '9:0.00%']
                                          0msec<-
                                          ->0msec
                                                     -> Cluster 89, loss : 1.90, accuracy 29.55%, model from round 71
                                                     ['0:68.90%', '1:30.20%', '2:2.30%', '3:53.80%', '4:12.40%', '5:8.10%', '6:41.90%', '7:9.40%', '8:8.10%', '9:60.40%']
                                                                                              <-> Client 0, global : from 29.55% to 10.55%, local : from 8.62% to 95.39%, training time : 8200msec
                                                     Cluster 89, round 1, loss : 4.13, accuracy 10.55% <-
                                                     Time past : 8200msec
                                                     ['0:0.10%', '1:0.00%', '2:0.00%', '3:0.00%', '4:0.00%', '5:100.00%', '6:0.00%', '7:0.00%', '8:2.60%', '9:2.80%']
                                          0msec<-
                                          ->0msec
                                                     -> Cluster 30, loss : 1.90, accuracy 29.55%, model from round 71
                                                     ['0:68.90%', '1:30.20%', '2:2.30%', '3:53.80%', '4:12.40%', '5:8.10%', '6:41.90%', '7:9.40%', '8:8.10%', '9:60.40%']
                                                                                              <-> Client 0, global : from 29.55% to 10.01%, local : from 29.94% to 94.81%, training time : 8200msec
                                                     Cluster 30, round 1, loss : 4.14, accuracy 10.01% <-
                                                     Time past : 8200msec
                                                     ['0:0.00%', '1:100.00%', '2:0.00%', '3:0.00%', '4:0.00%', '5:0.10%', '6:0.00%', '7:0.00%', '8:0.00%', '9:0.00%']
                                          0msec<-
                                          ->0msec
                                                     -> Cluster 81, loss : 1.90, accuracy 29.55%, model from round 71
                                                     ['0:68.90%', '1:30.20%', '2:2.30%', '3:53.80%', '4:12.40%', '5:8.10%', '6:41.90%', '7:9.40%', '8:8.10%', '9:60.40%']
                                                                                              <-> Client 0, global : from 29.55% to 10.17%, local : from 10.60% to 95.00%, training time : 8200msec
                                                     Cluster 81, round 1, loss : 4.05, accuracy 10.17% <-
                                                     Time past : 8200msec
                                                     ['0:0.20%', '1:0.00%', '2:0.00%', '3:0.00%', '4:0.00%', '5:100.00%', '6:0.00%', '7:0.00%', '8:0.70%', '9:0.80%']
                                          0msec<-
                                          ->0msec
                                                     -> Cluster 78, loss : 1.90, accuracy 29.55%, model from round 71
                                                     ['0:68.90%', '1:30.20%', '2:2.30%', '3:53.80%', '4:12.40%', '5:8.10%', '6:41.90%', '7:9.40%', '8:8.10%', '9:60.40%']
                                                                                              <-> Client 0, global : from 29.55% to 11.51%, local : from 53.20% to 95.20%, training time : 8200msec
                                                     Cluster 78, round 1, loss : 3.92, accuracy 11.51% <-
                                                     Time past : 8200msec
                                                     ['0:1.60%', '1:0.00%', '2:0.00%', '3:100.00%', '4:0.00%', '5:0.00%', '6:0.00%', '7:0.00%', '8:7.10%', '9:6.40%']
                                          0msec<-
                                          ->0msec
                                                     -> Cluster 66, loss : 1.90, accuracy 29.55%, model from round 71
                                                     ['0:68.90%', '1:30.20%', '2:2.30%', '3:53.80%', '4:12.40%', '5:8.10%', '6:41.90%', '7:9.40%', '8:8.10%', '9:60.40%']
                                                                                              <-> Client 0, global : from 29.55% to 12.71%, local : from 8.80% to 95.00%, training time : 8200msec
                                                     Cluster 66, round 1, loss : 3.32, accuracy 12.71% <-
                                                     Time past : 8200msec
                                                     ['0:0.00%', '1:0.00%', '2:0.00%', '3:1.00%', '4:4.70%', '5:2.30%', '6:16.40%', '7:2.70%', '8:99.80%', '9:0.20%']
                                          0msec<-
                                          ->0msec
                                                     -> Cluster 18, loss : 1.90, accuracy 29.55%, model from round 71
                                                     ['0:68.90%', '1:30.20%', '2:2.30%', '3:53.80%', '4:12.40%', '5:8.10%', '6:41.90%', '7:9.40%', '8:8.10%', '9:60.40%']
                                                                                              <-> Client 0, global : from 29.55% to 10.38%, local : from 59.60% to 95.00%, training time : 8200msec
                                                     Cluster 18, round 1, loss : 3.87, accuracy 10.38% <-
                                                     Time past : 8200msec
                                                     ['0:0.00%', '1:0.00%', '2:0.20%', '3:1.00%', '4:0.40%', '5:2.20%', '6:0.00%', '7:0.10%', '8:0.00%', '9:99.90%']
                                          0msec<-
                                          ->0msec
                                                     -> Cluster 7, loss : 1.90, accuracy 29.55%, model from round 71
                                                     ['0:68.90%', '1:30.20%', '2:2.30%', '3:53.80%', '4:12.40%', '5:8.10%', '6:41.90%', '7:9.40%', '8:8.10%', '9:60.40%']
                                                                                              <-> Client 0, global : from 29.55% to 12.11%, local : from 38.40% to 95.00%, training time : 8200msec
                                                     Cluster 7, round 1, loss : 4.17, accuracy 12.11% <-
                                                     Time past : 8200msec
                                                     ['0:2.90%', '1:0.50%', '2:0.00%', '3:0.00%', '4:0.00%', '5:0.00%', '6:100.00%', '7:0.00%', '8:16.50%', '9:1.20%']
                                          0msec<-
Central server round 71, loss : 1.86, accuracy :32.51%
Time past: 582200msec
['0:45.30%', '1:31.20%', '2:5.20%', '3:6.50%', '4:0.00%', '5:56.50%', '6:44.10%', '7:37.60%', '8:40.00%', '9:58.70%']
                                          ->0msec
                                                     -> Cluster 80, loss : 1.86, accuracy 32.51%, model from round 72
                                                     ['0:45.30%', '1:31.20%', '2:5.20%', '3:6.50%', '4:0.00%', '5:56.50%', '6:44.10%', '7:37.60%', '8:40.00%', '9:58.70%']
                                                                                              <-> Client 0, global : from 32.51% to 10.35%, local : from 57.80% to 95.00%, training time : 8200msec
                                                     Cluster 80, round 1, loss : 4.70, accuracy 10.35% <-
                                                     Time past : 8200msec
                                                     ['0:0.00%', '1:0.40%', '2:0.00%', '3:0.00%', '4:0.00%', '5:100.00%', '6:0.00%', '7:0.00%', '8:2.70%', '9:0.40%']
                                          0msec<-
                                          ->0msec
                                                     -> Cluster 22, loss : 1.86, accuracy 32.51%, model from round 72
                                                     ['0:45.30%', '1:31.20%', '2:5.20%', '3:6.50%', '4:0.00%', '5:56.50%', '6:44.10%', '7:37.60%', '8:40.00%', '9:58.70%']
                                                                                              <-> Client 0, global : from 32.51% to 10.15%, local : from 2.20% to 95.00%, training time : 8200msec
                                                     Cluster 22, round 1, loss : 4.88, accuracy 10.15% <-
                                                     Time past : 8200msec
                                                     ['0:0.00%', '1:0.00%', '2:0.00%', '3:0.00%', '4:100.00%', '5:0.00%', '6:0.00%', '7:0.00%', '8:1.40%', '9:0.10%']
                                          0msec<-
                                          ->0msec
                                                     -> Cluster 50, loss : 1.86, accuracy 32.51%, model from round 72
                                                     ['0:45.30%', '1:31.20%', '2:5.20%', '3:6.50%', '4:0.00%', '5:56.50%', '6:44.10%', '7:37.60%', '8:40.00%', '9:58.70%']
                                                                                              <-> Client 0, global : from 32.51% to 10.18%, local : from 37.72% to 94.81%, training time : 8200msec
                                                     Cluster 50, round 1, loss : 4.32, accuracy 10.18% <-
                                                     Time past : 8200msec
                                                     ['0:1.30%', '1:0.00%', '2:0.00%', '3:0.00%', '4:0.00%', '5:0.00%', '6:0.00%', '7:100.00%', '8:0.10%', '9:0.40%']
                                          0msec<-
                                          ->0msec
                                                     -> Cluster 91, loss : 1.86, accuracy 32.51%, model from round 72
                                                     ['0:45.30%', '1:31.20%', '2:5.20%', '3:6.50%', '4:0.00%', '5:56.50%', '6:44.10%', '7:37.60%', '8:40.00%', '9:58.70%']
                                                                                              <-> Client 0, global : from 32.51% to 10.00%, local : from 45.20% to 95.00%, training time : 8200msec
                                                     Cluster 91, round 1, loss : 4.09, accuracy 10.00% <-
                                                     Time past : 8200msec
                                                     ['0:100.00%', '1:0.00%', '2:0.00%', '3:0.00%', '4:0.00%', '5:0.00%', '6:0.00%', '7:0.00%', '8:0.00%', '9:0.00%']
                                          0msec<-
                                          ->0msec
                                                     -> Cluster 29, loss : 1.86, accuracy 32.51%, model from round 72
                                                     ['0:45.30%', '1:31.20%', '2:5.20%', '3:6.50%', '4:0.00%', '5:56.50%', '6:44.10%', '7:37.60%', '8:40.00%', '9:58.70%']
                                                                                              <-> Client 0, global : from 32.51% to 10.15%, local : from 1.20% to 95.00%, training time : 8200msec
                                                     Cluster 29, round 1, loss : 4.47, accuracy 10.15% <-
                                                     Time past : 8200msec
                                                     ['0:0.00%', '1:0.00%', '2:0.00%', '3:0.00%', '4:99.90%', '5:0.00%', '6:0.00%', '7:0.00%', '8:1.60%', '9:0.00%']
                                          0msec<-
                                          ->0msec
                                                     -> Cluster 12, loss : 1.86, accuracy 32.51%, model from round 72
                                                     ['0:45.30%', '1:31.20%', '2:5.20%', '3:6.50%', '4:0.00%', '5:56.50%', '6:44.10%', '7:37.60%', '8:40.00%', '9:58.70%']
                                                                                              <-> Client 0, global : from 32.51% to 14.31%, local : from 59.40% to 95.20%, training time : 8200msec
                                                     Cluster 12, round 1, loss : 2.97, accuracy 14.31% <-
                                                     Time past : 8200msec
                                                     ['0:0.40%', '1:0.00%', '2:0.00%', '3:0.00%', '4:25.10%', '5:18.00%', '6:0.00%', '7:0.50%', '8:0.00%', '9:99.10%']
                                          0msec<-
                                          ->0msec
                                                     -> Cluster 31, loss : 1.86, accuracy 32.51%, model from round 72
                                                     ['0:45.30%', '1:31.20%', '2:5.20%', '3:6.50%', '4:0.00%', '5:56.50%', '6:44.10%', '7:37.60%', '8:40.00%', '9:58.70%']
                                                                                              <-> Client 0, global : from 32.51% to 10.36%, local : from 29.14% to 94.81%, training time : 8200msec
                                                     Cluster 31, round 1, loss : 4.23, accuracy 10.36% <-
                                                     Time past : 8200msec
                                                     ['0:0.00%', '1:100.00%', '2:0.00%', '3:0.00%', '4:0.00%', '5:0.00%', '6:0.00%', '7:0.00%', '8:3.60%', '9:0.00%']
                                          0msec<-
                                          ->0msec
                                                     -> Cluster 42, loss : 1.86, accuracy 32.51%, model from round 72
                                                     ['0:45.30%', '1:31.20%', '2:5.20%', '3:6.50%', '4:0.00%', '5:56.50%', '6:44.10%', '7:37.60%', '8:40.00%', '9:58.70%']
                                                                                              <-> Client 0, global : from 32.51% to 10.01%, local : from 5.20% to 95.00%, training time : 8200msec
                                                     Cluster 42, round 1, loss : 4.93, accuracy 10.01% <-
                                                     Time past : 8200msec
                                                     ['0:0.00%', '1:0.00%', '2:100.00%', '3:0.00%', '4:0.00%', '5:0.00%', '6:0.00%', '7:0.00%', '8:0.00%', '9:0.10%']
                                          0msec<-
                                          ->0msec
                                                     -> Cluster 84, loss : 1.86, accuracy 32.51%, model from round 72
                                                     ['0:45.30%', '1:31.20%', '2:5.20%', '3:6.50%', '4:0.00%', '5:56.50%', '6:44.10%', '7:37.60%', '8:40.00%', '9:58.70%']
                                                                                              <-> Client 0, global : from 32.51% to 10.21%, local : from 59.52% to 95.19%, training time : 8200msec
                                                     Cluster 84, round 1, loss : 4.38, accuracy 10.21% <-
                                                     Time past : 8200msec
                                                     ['0:0.00%', '1:0.00%', '2:0.00%', '3:0.00%', '4:0.00%', '5:100.00%', '6:0.00%', '7:0.00%', '8:1.70%', '9:0.40%']
                                          0msec<-
                                          ->0msec
                                                     -> Cluster 86, loss : 1.86, accuracy 32.51%, model from round 72
                                                     ['0:45.30%', '1:31.20%', '2:5.20%', '3:6.50%', '4:0.00%', '5:56.50%', '6:44.10%', '7:37.60%', '8:40.00%', '9:58.70%']
                                                                                              <-> Client 0, global : from 32.51% to 13.74%, local : from 57.92% to 95.19%, training time : 8200msec
                                                     Cluster 86, round 1, loss : 3.43, accuracy 13.74% <-
                                                     Time past : 8200msec
                                                     ['0:0.10%', '1:0.30%', '2:0.00%', '3:0.00%', '4:0.00%', '5:99.60%', '6:0.00%', '7:0.00%', '8:19.90%', '9:17.50%']
                                          0msec<-
Central server round 72, loss : 1.99, accuracy :27.55%
Time past: 590400msec
['0:37.70%', '1:41.10%', '2:0.00%', '3:0.00%', '4:27.70%', '5:82.60%', '6:0.20%', '7:21.10%', '8:18.00%', '9:47.10%']
                                          ->0msec
                                                     -> Cluster 34, loss : 1.99, accuracy 27.55%, model from round 73
                                                     ['0:37.70%', '1:41.10%', '2:0.00%', '3:0.00%', '4:27.70%', '5:82.60%', '6:0.20%', '7:21.10%', '8:18.00%', '9:47.10%']
                                                                                              <-> Client 0, global : from 27.55% to 10.94%, local : from 37.80% to 95.00%, training time : 8200msec
                                                     Cluster 34, round 1, loss : 3.12, accuracy 10.94% <-
                                                     Time past : 8200msec
                                                     ['0:0.00%', '1:99.70%', '2:0.00%', '3:0.00%', '4:9.00%', '5:0.60%', '6:0.10%', '7:0.00%', '8:0.00%', '9:0.00%']
                                          0msec<-
                                          ->0msec
                                                     -> Cluster 16, loss : 1.99, accuracy 27.55%, model from round 73
                                                     ['0:37.70%', '1:41.10%', '2:0.00%', '3:0.00%', '4:27.70%', '5:82.60%', '6:0.20%', '7:21.10%', '8:18.00%', '9:47.10%']
                                                                                              <-> Client 0, global : from 27.55% to 10.20%, local : from 47.00% to 95.00%, training time : 8200msec
                                                     Cluster 16, round 1, loss : 4.08, accuracy 10.20% <-
                                                     Time past : 8200msec
                                                     ['0:0.00%', '1:0.00%', '2:0.00%', '3:1.20%', '4:0.00%', '5:0.30%', '6:0.40%', '7:0.00%', '8:0.20%', '9:99.90%']
                                          0msec<-
                                          ->0msec
                                                     -> Cluster 19, loss : 1.99, accuracy 27.55%, model from round 73
                                                     ['0:37.70%', '1:41.10%', '2:0.00%', '3:0.00%', '4:27.70%', '5:82.60%', '6:0.20%', '7:21.10%', '8:18.00%', '9:47.10%']
                                                                                              <-> Client 0, global : from 27.55% to 11.05%, local : from 48.60% to 94.80%, training time : 8200msec
                                                     Cluster 19, round 1, loss : 3.18, accuracy 11.05% <-
                                                     Time past : 8200msec
                                                     ['0:1.40%', '1:0.00%', '2:0.00%', '3:0.00%', '4:0.00%', '5:7.40%', '6:0.90%', '7:0.30%', '8:0.80%', '9:99.70%']
                                          0msec<-
                                          ->0msec
                                                     -> Cluster 1, loss : 1.99, accuracy 27.55%, model from round 73
                                                     ['0:37.70%', '1:41.10%', '2:0.00%', '3:0.00%', '4:27.70%', '5:82.60%', '6:0.20%', '7:21.10%', '8:18.00%', '9:47.10%']
                                                                                              <-> Client 0, global : from 27.55% to 13.15%, local : from 1.80% to 94.81%, training time : 8200msec
                                                     Cluster 1, round 1, loss : 3.93, accuracy 13.15% <-
                                                     Time past : 8200msec
                                                     ['0:0.90%', '1:0.00%', '2:0.00%', '3:0.00%', '4:0.00%', '5:0.10%', '6:100.00%', '7:0.00%', '8:28.20%', '9:2.30%']
                                          0msec<-
                                          ->0msec
                                                     -> Cluster 48, loss : 1.99, accuracy 27.55%, model from round 73
                                                     ['0:37.70%', '1:41.10%', '2:0.00%', '3:0.00%', '4:27.70%', '5:82.60%', '6:0.20%', '7:21.10%', '8:18.00%', '9:47.10%']
                                                                                              <-> Client 0, global : from 27.55% to 10.06%, local : from 1.40% to 95.20%, training time : 8200msec
                                                     Cluster 48, round 1, loss : 3.75, accuracy 10.06% <-
                                                     Time past : 8200msec
                                                     ['0:0.00%', '1:0.20%', '2:99.90%', '3:0.00%', '4:0.00%', '5:0.00%', '6:0.00%', '7:0.00%', '8:0.00%', '9:0.50%']
                                          0msec<-
                                          ->0msec
                                                     -> Cluster 53, loss : 1.99, accuracy 27.55%, model from round 73
                                                     ['0:37.70%', '1:41.10%', '2:0.00%', '3:0.00%', '4:27.70%', '5:82.60%', '6:0.20%', '7:21.10%', '8:18.00%', '9:47.10%']
                                                                                              <-> Client 0, global : from 27.55% to 13.83%, local : from 20.60% to 95.00%, training time : 8200msec
                                                     Cluster 53, round 1, loss : 3.07, accuracy 13.83% <-
                                                     Time past : 8200msec
                                                     ['0:11.20%', '1:2.70%', '2:0.00%', '3:0.00%', '4:0.00%', '5:0.00%', '6:0.00%', '7:99.40%', '8:23.40%', '9:1.60%']
                                          0msec<-
                                          ->0msec
                                                     -> Cluster 13, loss : 1.99, accuracy 27.55%, model from round 73
                                                     ['0:37.70%', '1:41.10%', '2:0.00%', '3:0.00%', '4:27.70%', '5:82.60%', '6:0.20%', '7:21.10%', '8:18.00%', '9:47.10%']
                                                                                              <-> Client 0, global : from 27.55% to 10.45%, local : from 45.00% to 95.00%, training time : 8200msec
                                                     Cluster 13, round 1, loss : 3.79, accuracy 10.45% <-
                                                     Time past : 8200msec
                                                     ['0:0.00%', '1:0.00%', '2:0.00%', '3:0.20%', '4:0.20%', '5:4.20%', '6:0.00%', '7:0.00%', '8:0.00%', '9:99.90%']
                                          0msec<-
                                          ->0msec
                                                     -> Cluster 3, loss : 1.99, accuracy 27.55%, model from round 73
                                                     ['0:37.70%', '1:41.10%', '2:0.00%', '3:0.00%', '4:27.70%', '5:82.60%', '6:0.20%', '7:21.10%', '8:18.00%', '9:47.10%']
                                                                                              <-> Client 0, global : from 27.55% to 14.60%, local : from 2.40% to 95.20%, training time : 8200msec
                                                     Cluster 3, round 1, loss : 3.50, accuracy 14.60% <-
                                                     Time past : 8200msec
                                                     ['0:10.20%', '1:2.90%', '2:0.00%', '3:0.00%', '4:0.00%', '5:0.00%', '6:99.90%', '7:0.00%', '8:31.40%', '9:1.60%']
                                          0msec<-
                                          ->0msec
                                                     -> Cluster 83, loss : 1.99, accuracy 27.55%, model from round 73
                                                     ['0:37.70%', '1:41.10%', '2:0.00%', '3:0.00%', '4:27.70%', '5:82.60%', '6:0.20%', '7:21.10%', '8:18.00%', '9:47.10%']
                                                                                              <-> Client 0, global : from 27.55% to 10.53%, local : from 81.16% to 95.19%, training time : 8200msec
                                                     Cluster 83, round 1, loss : 3.90, accuracy 10.53% <-
                                                     Time past : 8200msec
                                                     ['0:0.00%', '1:0.30%', '2:0.00%', '3:0.00%', '4:0.00%', '5:100.00%', '6:0.00%', '7:0.00%', '8:5.00%', '9:0.00%']
                                          0msec<-
                                          ->0msec
                                                     -> Cluster 9, loss : 1.99, accuracy 27.55%, model from round 73
                                                     ['0:37.70%', '1:41.10%', '2:0.00%', '3:0.00%', '4:27.70%', '5:82.60%', '6:0.20%', '7:21.10%', '8:18.00%', '9:47.10%']
                                                                                              <-> Client 0, global : from 27.55% to 18.80%, local : from 2.40% to 96.40%, training time : 8200msec
                                                     Cluster 9, round 1, loss : 3.09, accuracy 18.80% <-
                                                     Time past : 8200msec
                                                     ['0:45.70%', '1:10.10%', '2:0.00%', '3:0.00%', '4:0.00%', '5:0.00%', '6:99.70%', '7:0.00%', '8:14.80%', '9:17.70%']
                                          0msec<-
Central server round 73, loss : 1.97, accuracy :28.08%
Time past: 598600msec
['0:30.60%', '1:17.60%', '2:1.30%', '3:0.00%', '4:0.00%', '5:31.40%', '6:86.30%', '7:8.70%', '8:28.90%', '9:76.00%']
                                          ->0msec
                                                     -> Cluster 50, loss : 1.97, accuracy 28.08%, model from round 74
                                                     ['0:30.60%', '1:17.60%', '2:1.30%', '3:0.00%', '4:0.00%', '5:31.40%', '6:86.30%', '7:8.70%', '8:28.90%', '9:76.00%']
                                                                                              <-> Client 0, global : from 28.08% to 10.24%, local : from 9.78% to 94.81%, training time : 8200msec
                                                     Cluster 50, round 1, loss : 4.18, accuracy 10.24% <-
                                                     Time past : 8200msec
                                                     ['0:1.80%', '1:0.10%', '2:0.00%', '3:0.00%', '4:0.00%', '5:0.00%', '6:0.00%', '7:100.00%', '8:0.10%', '9:0.40%']
                                          0msec<-
                                          ->0msec
                                                     -> Cluster 81, loss : 1.97, accuracy 28.08%, model from round 74
                                                     ['0:30.60%', '1:17.60%', '2:1.30%', '3:0.00%', '4:0.00%', '5:31.40%', '6:86.30%', '7:8.70%', '8:28.90%', '9:76.00%']
                                                                                              <-> Client 0, global : from 28.08% to 10.77%, local : from 31.40% to 95.20%, training time : 8200msec
                                                     Cluster 81, round 1, loss : 3.65, accuracy 10.77% <-
                                                     Time past : 8200msec
                                                     ['0:0.10%', '1:0.10%', '2:0.00%', '3:0.00%', '4:0.00%', '5:100.00%', '6:0.00%', '7:0.00%', '8:0.90%', '9:6.60%']
                                          0msec<-
                                          ->0msec
                                                     -> Cluster 90, loss : 1.97, accuracy 28.08%, model from round 74
                                                     ['0:30.60%', '1:17.60%', '2:1.30%', '3:0.00%', '4:0.00%', '5:31.40%', '6:86.30%', '7:8.70%', '8:28.90%', '9:76.00%']
                                                                                              <-> Client 0, global : from 28.08% to 10.07%, local : from 34.80% to 94.80%, training time : 8200msec
                                                     Cluster 90, round 1, loss : 3.41, accuracy 10.07% <-
                                                     Time past : 8200msec
                                                     ['0:99.80%', '1:0.00%', '2:0.00%', '3:0.00%', '4:0.00%', '5:0.00%', '6:0.90%', '7:0.00%', '8:0.00%', '9:0.00%']
                                          0msec<-
                                          ->0msec
                                                     -> Cluster 94, loss : 1.97, accuracy 28.08%, model from round 74
                                                     ['0:30.60%', '1:17.60%', '2:1.30%', '3:0.00%', '4:0.00%', '5:31.40%', '6:86.30%', '7:8.70%', '8:28.90%', '9:76.00%']
                                                                                              <-> Client 0, global : from 28.08% to 10.00%, local : from 30.26% to 95.19%, training time : 8200msec
                                                     Cluster 94, round 1, loss : 3.75, accuracy 10.00% <-
                                                     Time past : 8200msec
                                                     ['0:100.00%', '1:0.00%', '2:0.00%', '3:0.00%', '4:0.00%', '5:0.00%', '6:0.00%', '7:0.00%', '8:0.00%', '9:0.00%']
                                          0msec<-
                                          ->0msec
                                                     -> Cluster 29, loss : 1.97, accuracy 28.08%, model from round 74
                                                     ['0:30.60%', '1:17.60%', '2:1.30%', '3:0.00%', '4:0.00%', '5:31.40%', '6:86.30%', '7:8.70%', '8:28.90%', '9:76.00%']
                                                                                              <-> Client 0, global : from 28.08% to 10.12%, local : from 1.60% to 95.00%, training time : 8200msec
                                                     Cluster 29, round 1, loss : 4.76, accuracy 10.12% <-
                                                     Time past : 8200msec
                                                     ['0:0.00%', '1:0.00%', '2:0.00%', '3:0.00%', '4:100.00%', '5:0.00%', '6:0.00%', '7:0.00%', '8:1.20%', '9:0.00%']
                                          0msec<-
                                          ->0msec
                                                     -> Cluster 68, loss : 1.97, accuracy 28.08%, model from round 74
                                                     ['0:30.60%', '1:17.60%', '2:1.30%', '3:0.00%', '4:0.00%', '5:31.40%', '6:86.30%', '7:8.70%', '8:28.90%', '9:76.00%']
                                                                                              <-> Client 0, global : from 28.08% to 13.72%, local : from 29.40% to 95.20%, training time : 8200msec
                                                     Cluster 68, round 1, loss : 3.18, accuracy 13.72% <-
                                                     Time past : 8200msec
                                                     ['0:0.00%', '1:0.00%', '2:0.00%', '3:0.60%', '4:0.00%', '5:0.00%', '6:30.50%', '7:6.30%', '8:99.80%', '9:0.00%']
                                          0msec<-
                                          ->0msec
                                                     -> Cluster 89, loss : 1.97, accuracy 28.08%, model from round 74
                                                     ['0:30.60%', '1:17.60%', '2:1.30%', '3:0.00%', '4:0.00%', '5:31.40%', '6:86.30%', '7:8.70%', '8:28.90%', '9:76.00%']
                                                                                              <-> Client 0, global : from 28.08% to 10.38%, local : from 29.46% to 95.39%, training time : 8200msec
                                                     Cluster 89, round 1, loss : 4.31, accuracy 10.38% <-
                                                     Time past : 8200msec
                                                     ['0:0.00%', '1:0.00%', '2:0.00%', '3:0.00%', '4:0.00%', '5:100.00%', '6:0.00%', '7:0.00%', '8:1.50%', '9:2.30%']
                                          0msec<-
                                          ->0msec
                                                     -> Cluster 0, loss : 1.97, accuracy 28.08%, model from round 74
                                                     ['0:30.60%', '1:17.60%', '2:1.30%', '3:0.00%', '4:0.00%', '5:31.40%', '6:86.30%', '7:8.70%', '8:28.90%', '9:76.00%']
                                                                                              <-> Client 0, global : from 28.08% to 11.77%, local : from 83.43% to 95.01%, training time : 8200msec
                                                     Cluster 0, round 1, loss : 3.73, accuracy 11.77% <-
                                                     Time past : 8200msec
                                                     ['0:3.80%', '1:0.90%', '2:0.00%', '3:0.00%', '4:0.00%', '5:0.00%', '6:100.00%', '7:0.00%', '8:11.20%', '9:1.80%']
                                          0msec<-
                                          ->0msec
                                                     -> Cluster 69, loss : 1.97, accuracy 28.08%, model from round 74
                                                     ['0:30.60%', '1:17.60%', '2:1.30%', '3:0.00%', '4:0.00%', '5:31.40%', '6:86.30%', '7:8.70%', '8:28.90%', '9:76.00%']
                                                                                              <-> Client 0, global : from 28.08% to 14.80%, local : from 29.40% to 95.80%, training time : 8200msec
                                                     Cluster 69, round 1, loss : 3.53, accuracy 14.80% <-
                                                     Time past : 8200msec
                                                     ['0:0.00%', '1:0.00%', '2:0.00%', '3:0.00%', '4:12.90%', '5:0.00%', '6:34.00%', '7:1.30%', '8:99.70%', '9:0.10%']
                                          0msec<-
                                          ->0msec
                                                     -> Cluster 31, loss : 1.97, accuracy 28.08%, model from round 74
                                                     ['0:30.60%', '1:17.60%', '2:1.30%', '3:0.00%', '4:0.00%', '5:31.40%', '6:86.30%', '7:8.70%', '8:28.90%', '9:76.00%']
                                                                                              <-> Client 0, global : from 28.08% to 10.61%, local : from 17.76% to 95.21%, training time : 8200msec
                                                     Cluster 31, round 1, loss : 3.51, accuracy 10.61% <-
                                                     Time past : 8200msec
                                                     ['0:0.00%', '1:99.70%', '2:0.00%', '3:0.10%', '4:0.00%', '5:0.00%', '6:1.30%', '7:3.80%', '8:1.20%', '9:0.00%']
                                          0msec<-
Central server round 74, loss : 1.90, accuracy :32.09%
Time past: 606800msec
['0:52.20%', '1:29.00%', '2:0.00%', '3:0.00%', '4:4.50%', '5:55.40%', '6:58.40%', '7:41.30%', '8:58.30%', '9:21.80%']
                                          ->0msec
                                                     -> Cluster 65, loss : 1.90, accuracy 32.09%, model from round 75
                                                     ['0:52.20%', '1:29.00%', '2:0.00%', '3:0.00%', '4:4.50%', '5:55.40%', '6:58.40%', '7:41.30%', '8:58.30%', '9:21.80%']
                                                                                              <-> Client 0, global : from 32.09% to 10.99%, local : from 54.60% to 94.80%, training time : 8200msec
                                                     Cluster 65, round 1, loss : 4.54, accuracy 10.99% <-
                                                     Time past : 8200msec
                                                     ['0:0.00%', '1:0.00%', '2:0.00%', '3:0.00%', '4:0.00%', '5:0.80%', '6:7.50%', '7:1.60%', '8:100.00%', '9:0.00%']
                                          0msec<-
                                          ->0msec
                                                     -> Cluster 27, loss : 1.90, accuracy 32.09%, model from round 75
                                                     ['0:52.20%', '1:29.00%', '2:0.00%', '3:0.00%', '4:4.50%', '5:55.40%', '6:58.40%', '7:41.30%', '8:58.30%', '9:21.80%']
                                                                                              <-> Client 0, global : from 32.09% to 10.91%, local : from 6.20% to 95.00%, training time : 8200msec
                                                     Cluster 27, round 1, loss : 3.52, accuracy 10.91% <-
                                                     Time past : 8200msec
                                                     ['0:0.00%', '1:2.50%', '2:0.00%', '3:0.00%', '4:99.90%', '5:0.00%', '6:0.00%', '7:0.00%', '8:3.00%', '9:3.70%']
                                          0msec<-
                                          ->0msec
                                                     -> Cluster 54, loss : 1.90, accuracy 32.09%, model from round 75
                                                     ['0:52.20%', '1:29.00%', '2:0.00%', '3:0.00%', '4:4.50%', '5:55.40%', '6:58.40%', '7:41.30%', '8:58.30%', '9:21.80%']
                                                                                              <-> Client 0, global : from 32.09% to 10.56%, local : from 38.80% to 95.00%, training time : 8200msec
                                                     Cluster 54, round 1, loss : 4.15, accuracy 10.56% <-
                                                     Time past : 8200msec
                                                     ['0:2.50%', '1:0.00%', '2:0.00%', '3:0.00%', '4:0.00%', '5:0.00%', '6:0.00%', '7:100.00%', '8:3.10%', '9:0.00%']
                                          0msec<-
                                          ->0msec
                                                     -> Cluster 30, loss : 1.90, accuracy 32.09%, model from round 75
                                                     ['0:52.20%', '1:29.00%', '2:0.00%', '3:0.00%', '4:4.50%', '5:55.40%', '6:58.40%', '7:41.30%', '8:58.30%', '9:21.80%']
                                                                                              <-> Client 0, global : from 32.09% to 10.05%, local : from 30.34% to 95.01%, training time : 8200msec
                                                     Cluster 30, round 1, loss : 3.53, accuracy 10.05% <-
                                                     Time past : 8200msec
                                                     ['0:0.00%', '1:100.00%', '2:0.00%', '3:0.00%', '4:0.00%', '5:0.50%', '6:0.00%', '7:0.00%', '8:0.00%', '9:0.00%']
                                          0msec<-
                                          ->0msec
                                                     -> Cluster 5, loss : 1.90, accuracy 32.09%, model from round 75
                                                     ['0:52.20%', '1:29.00%', '2:0.00%', '3:0.00%', '4:4.50%', '5:55.40%', '6:58.40%', '7:41.30%', '8:58.30%', '9:21.80%']
                                                                                              <-> Client 0, global : from 32.09% to 13.35%, local : from 53.80% to 95.40%, training time : 8200msec
                                                     Cluster 5, round 1, loss : 3.85, accuracy 13.35% <-
                                                     Time past : 8200msec
                                                     ['0:2.60%', '1:0.30%', '2:0.00%', '3:0.00%', '4:0.00%', '5:0.00%', '6:100.00%', '7:0.00%', '8:19.70%', '9:10.90%']
                                          0msec<-
                                          ->0msec
                                                     -> Cluster 66, loss : 1.90, accuracy 32.09%, model from round 75
                                                     ['0:52.20%', '1:29.00%', '2:0.00%', '3:0.00%', '4:4.50%', '5:55.40%', '6:58.40%', '7:41.30%', '8:58.30%', '9:21.80%']
                                                                                              <-> Client 0, global : from 32.09% to 11.98%, local : from 58.80% to 95.00%, training time : 8200msec
                                                     Cluster 66, round 1, loss : 3.59, accuracy 11.98% <-
                                                     Time past : 8200msec
                                                     ['0:0.00%', '1:0.00%', '2:0.00%', '3:0.30%', '4:3.40%', '5:2.10%', '6:11.50%', '7:2.50%', '8:99.80%', '9:0.20%']
                                          0msec<-
                                          ->0msec
                                                     -> Cluster 92, loss : 1.90, accuracy 32.09%, model from round 75
                                                     ['0:52.20%', '1:29.00%', '2:0.00%', '3:0.00%', '4:4.50%', '5:55.40%', '6:58.40%', '7:41.30%', '8:58.30%', '9:21.80%']
                                                                                              <-> Client 0, global : from 32.09% to 10.31%, local : from 46.00% to 95.00%, training time : 8200msec
                                                     Cluster 92, round 1, loss : 4.09, accuracy 10.31% <-
                                                     Time past : 8200msec
                                                     ['0:99.80%', '1:0.00%', '2:0.00%', '3:0.00%', '4:0.20%', '5:0.00%', '6:3.10%', '7:0.00%', '8:0.00%', '9:0.00%']
                                          0msec<-
                                          ->0msec
                                                     -> Cluster 24, loss : 1.90, accuracy 32.09%, model from round 75
                                                     ['0:52.20%', '1:29.00%', '2:0.00%', '3:0.00%', '4:4.50%', '5:55.40%', '6:58.40%', '7:41.30%', '8:58.30%', '9:21.80%']
                                                                                              <-> Client 0, global : from 32.09% to 11.14%, local : from 6.00% to 95.20%, training time : 8200msec
                                                     Cluster 24, round 1, loss : 3.99, accuracy 11.14% <-
                                                     Time past : 8200msec
                                                     ['0:4.90%', '1:1.50%', '2:0.00%', '3:0.00%', '4:99.80%', '5:0.10%', '6:0.00%', '7:0.00%', '8:1.30%', '9:3.80%']
                                          0msec<-
                                          ->0msec
                                                     -> Cluster 89, loss : 1.90, accuracy 32.09%, model from round 75
                                                     ['0:52.20%', '1:29.00%', '2:0.00%', '3:0.00%', '4:4.50%', '5:55.40%', '6:58.40%', '7:41.30%', '8:58.30%', '9:21.80%']
                                                                                              <-> Client 0, global : from 32.09% to 10.32%, local : from 55.51% to 95.39%, training time : 8200msec
                                                     Cluster 89, round 1, loss : 4.03, accuracy 10.32% <-
                                                     Time past : 8200msec
                                                     ['0:0.10%', '1:0.00%', '2:0.00%', '3:0.00%', '4:0.00%', '5:100.00%', '6:0.00%', '7:0.00%', '8:1.50%', '9:1.60%']
                                          0msec<-
                                          ->0msec
                                                     -> Cluster 64, loss : 1.90, accuracy 32.09%, model from round 75
                                                     ['0:52.20%', '1:29.00%', '2:0.00%', '3:0.00%', '4:4.50%', '5:55.40%', '6:58.40%', '7:41.30%', '8:58.30%', '9:21.80%']
                                                                                              <-> Client 0, global : from 32.09% to 11.17%, local : from 56.20% to 95.00%, training time : 8200msec
                                                     Cluster 64, round 1, loss : 4.09, accuracy 11.17% <-
                                                     Time past : 8200msec
                                                     ['0:0.00%', '1:0.00%', '2:0.00%', '3:0.00%', '4:3.20%', '5:0.00%', '6:5.20%', '7:3.30%', '8:100.00%', '9:0.00%']
                                          0msec<-
Central server round 75, loss : 1.93, accuracy :31.34%
Time past: 615000msec
['0:19.20%', '1:22.60%', '2:0.00%', '3:0.00%', '4:47.00%', '5:35.30%', '6:37.30%', '7:41.60%', '8:84.20%', '9:26.20%']
                                          ->0msec
                                                     -> Cluster 5, loss : 1.93, accuracy 31.34%, model from round 76
                                                     ['0:19.20%', '1:22.60%', '2:0.00%', '3:0.00%', '4:47.00%', '5:35.30%', '6:37.30%', '7:41.60%', '8:84.20%', '9:26.20%']
                                                                                              <-> Client 0, global : from 31.34% to 13.19%, local : from 35.60% to 95.20%, training time : 8200msec
                                                     Cluster 5, round 1, loss : 3.82, accuracy 13.19% <-
                                                     Time past : 8200msec
                                                     ['0:1.20%', '1:0.20%', '2:0.00%', '3:0.00%', '4:0.00%', '5:0.00%', '6:100.00%', '7:0.00%', '8:19.50%', '9:11.00%']
                                          0msec<-
                                          ->0msec
                                                     -> Cluster 66, loss : 1.93, accuracy 31.34%, model from round 76
                                                     ['0:19.20%', '1:22.60%', '2:0.00%', '3:0.00%', '4:47.00%', '5:35.30%', '6:37.30%', '7:41.60%', '8:84.20%', '9:26.20%']
                                                                                              <-> Client 0, global : from 31.34% to 12.54%, local : from 81.40% to 95.00%, training time : 8200msec
                                                     Cluster 66, round 1, loss : 3.30, accuracy 12.54% <-
                                                     Time past : 8200msec
                                                     ['0:0.00%', '1:0.10%', '2:0.00%', '3:0.70%', '4:4.60%', '5:2.50%', '6:12.60%', '7:4.90%', '8:99.80%', '9:0.20%']
                                          0msec<-
                                          ->0msec
                                                     -> Cluster 30, loss : 1.93, accuracy 31.34%, model from round 76
                                                     ['0:19.20%', '1:22.60%', '2:0.00%', '3:0.00%', '4:47.00%', '5:35.30%', '6:37.30%', '7:41.60%', '8:84.20%', '9:26.20%']
                                                                                              <-> Client 0, global : from 31.34% to 10.14%, local : from 22.95% to 95.01%, training time : 8200msec
                                                     Cluster 30, round 1, loss : 3.45, accuracy 10.14% <-
                                                     Time past : 8200msec
                                                     ['0:0.00%', '1:100.00%', '2:0.00%', '3:0.00%', '4:0.00%', '5:1.40%', '6:0.00%', '7:0.00%', '8:0.00%', '9:0.00%']
                                          0msec<-
                                          ->0msec
                                                     -> Cluster 99, loss : 1.93, accuracy 31.34%, model from round 76
                                                     ['0:19.20%', '1:22.60%', '2:0.00%', '3:0.00%', '4:47.00%', '5:35.30%', '6:37.30%', '7:41.60%', '8:84.20%', '9:26.20%']
                                                                                              <-> Client 0, global : from 31.34% to 10.00%, local : from 19.44% to 95.19%, training time : 8200msec
                                                     Cluster 99, round 1, loss : 4.32, accuracy 10.00% <-
                                                     Time past : 8200msec
                                                     ['0:100.00%', '1:0.00%', '2:0.00%', '3:0.00%', '4:0.00%', '5:0.00%', '6:0.00%', '7:0.00%', '8:0.00%', '9:0.00%']
                                          0msec<-
                                          ->0msec
                                                     -> Cluster 1, loss : 1.93, accuracy 31.34%, model from round 76
                                                     ['0:19.20%', '1:22.60%', '2:0.00%', '3:0.00%', '4:47.00%', '5:35.30%', '6:37.30%', '7:41.60%', '8:84.20%', '9:26.20%']
                                                                                              <-> Client 0, global : from 31.34% to 16.42%, local : from 35.53% to 95.41%, training time : 8200msec
                                                     Cluster 1, round 1, loss : 3.22, accuracy 16.42% <-
                                                     Time past : 8200msec
                                                     ['0:4.10%', '1:0.50%', '2:0.00%', '3:0.00%', '4:0.00%', '5:1.00%', '6:99.90%', '7:0.00%', '8:51.30%', '9:7.40%']
                                          0msec<-
                                          ->0msec
                                                     -> Cluster 2, loss : 1.93, accuracy 31.34%, model from round 76
                                                     ['0:19.20%', '1:22.60%', '2:0.00%', '3:0.00%', '4:47.00%', '5:35.30%', '6:37.30%', '7:41.60%', '8:84.20%', '9:26.20%']
                                                                                              <-> Client 0, global : from 31.34% to 13.08%, local : from 34.20% to 95.20%, training time : 8200msec
                                                     Cluster 2, round 1, loss : 3.90, accuracy 13.08% <-
                                                     Time past : 8200msec
                                                     ['0:2.80%', '1:0.30%', '2:0.00%', '3:0.00%', '4:0.00%', '5:0.00%', '6:100.00%', '7:0.00%', '8:26.40%', '9:1.30%']
                                          0msec<-
                                          ->0msec
                                                     -> Cluster 39, loss : 1.93, accuracy 31.34%, model from round 76
                                                     ['0:19.20%', '1:22.60%', '2:0.00%', '3:0.00%', '4:47.00%', '5:35.30%', '6:37.30%', '7:41.60%', '8:84.20%', '9:26.20%']
                                                                                              <-> Client 0, global : from 31.34% to 10.27%, local : from 27.80% to 95.00%, training time : 8200msec
                                                     Cluster 39, round 1, loss : 3.73, accuracy 10.27% <-
                                                     Time past : 8200msec
                                                     ['0:1.60%', '1:99.90%', '2:0.00%', '3:0.20%', '4:0.00%', '5:0.50%', '6:0.00%', '7:0.20%', '8:0.30%', '9:0.00%']
                                          0msec<-
                                          ->0msec
                                                     -> Cluster 59, loss : 1.93, accuracy 31.34%, model from round 76
                                                     ['0:19.20%', '1:22.60%', '2:0.00%', '3:0.00%', '4:47.00%', '5:35.30%', '6:37.30%', '7:41.60%', '8:84.20%', '9:26.20%']
                                                                                              <-> Client 0, global : from 31.34% to 11.08%, local : from 39.60% to 95.20%, training time : 8200msec
                                                     Cluster 59, round 1, loss : 4.04, accuracy 11.08% <-
                                                     Time past : 8200msec
                                                     ['0:1.20%', '1:0.10%', '2:0.00%', '3:0.00%', '4:0.00%', '5:0.00%', '6:0.00%', '7:99.90%', '8:9.60%', '9:0.00%']
                                          0msec<-
                                          ->0msec
                                                     -> Cluster 35, loss : 1.93, accuracy 31.34%, model from round 76
                                                     ['0:19.20%', '1:22.60%', '2:0.00%', '3:0.00%', '4:47.00%', '5:35.30%', '6:37.30%', '7:41.60%', '8:84.20%', '9:26.20%']
                                                                                              <-> Client 0, global : from 31.34% to 10.00%, local : from 23.60% to 95.00%, training time : 8200msec
                                                     Cluster 35, round 1, loss : 4.19, accuracy 10.00% <-
                                                     Time past : 8200msec
                                                     ['0:0.00%', '1:100.00%', '2:0.00%', '3:0.00%', '4:0.00%', '5:0.00%', '6:0.00%', '7:0.00%', '8:0.00%', '9:0.00%']
                                          0msec<-
                                          ->0msec
                                                     -> Cluster 92, loss : 1.93, accuracy 31.34%, model from round 76
                                                     ['0:19.20%', '1:22.60%', '2:0.00%', '3:0.00%', '4:47.00%', '5:35.30%', '6:37.30%', '7:41.60%', '8:84.20%', '9:26.20%']
                                                                                              <-> Client 0, global : from 31.34% to 10.45%, local : from 20.60% to 95.00%, training time : 8200msec
                                                     Cluster 92, round 1, loss : 3.86, accuracy 10.45% <-
                                                     Time past : 8200msec
                                                     ['0:99.70%', '1:0.00%', '2:0.00%', '3:0.00%', '4:0.00%', '5:0.00%', '6:4.80%', '7:0.00%', '8:0.00%', '9:0.00%']
                                          0msec<-
Central server round 76, loss : 2.02, accuracy :28.95%
Time past: 623200msec
['0:64.00%', '1:63.00%', '2:0.00%', '3:0.20%', '4:0.00%', '5:10.20%', '6:85.30%', '7:25.40%', '8:28.10%', '9:13.30%']
                                          ->0msec
                                                     -> Cluster 63, loss : 2.02, accuracy 28.95%, model from round 77
                                                     ['0:64.00%', '1:63.00%', '2:0.00%', '3:0.20%', '4:0.00%', '5:10.20%', '6:85.30%', '7:25.40%', '8:28.10%', '9:13.30%']
                                                                                              <-> Client 0, global : from 28.95% to 13.47%, local : from 29.20% to 95.60%, training time : 8200msec
                                                     Cluster 63, round 1, loss : 3.86, accuracy 13.47% <-
                                                     Time past : 8200msec
                                                     ['0:0.00%', '1:0.00%', '2:0.00%', '3:0.10%', '4:16.20%', '5:1.10%', '6:17.30%', '7:0.00%', '8:100.00%', '9:0.00%']
                                          0msec<-
                                          ->0msec
                                                     -> Cluster 35, loss : 2.02, accuracy 28.95%, model from round 77
                                                     ['0:64.00%', '1:63.00%', '2:0.00%', '3:0.20%', '4:0.00%', '5:10.20%', '6:85.30%', '7:25.40%', '8:28.10%', '9:13.30%']
                                                                                              <-> Client 0, global : from 28.95% to 10.12%, local : from 63.00% to 95.00%, training time : 8200msec
                                                     Cluster 35, round 1, loss : 3.38, accuracy 10.12% <-
                                                     Time past : 8200msec
                                                     ['0:0.00%', '1:100.00%', '2:0.00%', '3:0.00%', '4:1.10%', '5:0.00%', '6:0.10%', '7:0.00%', '8:0.00%', '9:0.00%']
                                          0msec<-
                                          ->0msec
                                                     -> Cluster 46, loss : 2.02, accuracy 28.95%, model from round 77
                                                     ['0:64.00%', '1:63.00%', '2:0.00%', '3:0.20%', '4:0.00%', '5:10.20%', '6:85.30%', '7:25.40%', '8:28.10%', '9:13.30%']
                                                                                              <-> Client 0, global : from 28.95% to 10.00%, local : from 2.20% to 95.00%, training time : 8200msec
                                                     Cluster 46, round 1, loss : 4.47, accuracy 10.00% <-
                                                     Time past : 8200msec
                                                     ['0:0.00%', '1:0.00%', '2:100.00%', '3:0.00%', '4:0.00%', '5:0.00%', '6:0.00%', '7:0.00%', '8:0.00%', '9:0.00%']
                                          0msec<-
                                          ->0msec
                                                     -> Cluster 19, loss : 2.02, accuracy 28.95%, model from round 77
                                                     ['0:64.00%', '1:63.00%', '2:0.00%', '3:0.20%', '4:0.00%', '5:10.20%', '6:85.30%', '7:25.40%', '8:28.10%', '9:13.30%']
                                                                                              <-> Client 0, global : from 28.95% to 10.67%, local : from 15.80% to 94.80%, training time : 8200msec
                                                     Cluster 19, round 1, loss : 3.44, accuracy 10.67% <-
                                                     Time past : 8200msec
                                                     ['0:0.40%', '1:0.00%', '2:0.00%', '3:0.00%', '4:0.00%', '5:5.40%', '6:0.30%', '7:0.30%', '8:0.50%', '9:99.80%']
                                          0msec<-
                                          ->0msec
                                                     -> Cluster 33, loss : 2.02, accuracy 28.95%, model from round 77
                                                     ['0:64.00%', '1:63.00%', '2:0.00%', '3:0.20%', '4:0.00%', '5:10.20%', '6:85.30%', '7:25.40%', '8:28.10%', '9:13.30%']
                                                                                              <-> Client 0, global : from 28.95% to 10.00%, local : from 62.40% to 95.00%, training time : 8200msec
                                                     Cluster 33, round 1, loss : 4.09, accuracy 10.00% <-
                                                     Time past : 8200msec
                                                     ['0:0.00%', '1:100.00%', '2:0.00%', '3:0.00%', '4:0.00%', '5:0.00%', '6:0.00%', '7:0.00%', '8:0.00%', '9:0.00%']
                                          0msec<-
                                          ->0msec
                                                     -> Cluster 72, loss : 2.02, accuracy 28.95%, model from round 77
                                                     ['0:64.00%', '1:63.00%', '2:0.00%', '3:0.20%', '4:0.00%', '5:10.20%', '6:85.30%', '7:25.40%', '8:28.10%', '9:13.30%']
                                                                                              <-> Client 0, global : from 28.95% to 10.13%, local : from 0.80% to 95.00%, training time : 8200msec
                                                     Cluster 72, round 1, loss : 4.59, accuracy 10.13% <-
                                                     Time past : 8200msec
                                                     ['0:0.00%', '1:0.00%', '2:0.00%', '3:100.00%', '4:0.00%', '5:0.00%', '6:0.00%', '7:0.00%', '8:1.20%', '9:0.10%']
                                          0msec<-
                                          ->0msec
                                                     -> Cluster 22, loss : 2.02, accuracy 28.95%, model from round 77
                                                     ['0:64.00%', '1:63.00%', '2:0.00%', '3:0.20%', '4:0.00%', '5:10.20%', '6:85.30%', '7:25.40%', '8:28.10%', '9:13.30%']
                                                                                              <-> Client 0, global : from 28.95% to 10.18%, local : from 1.60% to 95.00%, training time : 8200msec
                                                     Cluster 22, round 1, loss : 4.50, accuracy 10.18% <-
                                                     Time past : 8200msec
                                                     ['0:0.00%', '1:0.00%', '2:0.00%', '3:0.00%', '4:99.90%', '5:0.00%', '6:0.00%', '7:0.00%', '8:1.70%', '9:0.20%']
                                          0msec<-
                                          ->0msec
                                                     -> Cluster 99, loss : 2.02, accuracy 28.95%, model from round 77
                                                     ['0:64.00%', '1:63.00%', '2:0.00%', '3:0.20%', '4:0.00%', '5:10.20%', '6:85.30%', '7:25.40%', '8:28.10%', '9:13.30%']
                                                                                              <-> Client 0, global : from 28.95% to 10.01%, local : from 58.92% to 95.19%, training time : 8200msec
                                                     Cluster 99, round 1, loss : 3.95, accuracy 10.01% <-
                                                     Time past : 8200msec
                                                     ['0:100.00%', '1:0.00%', '2:0.00%', '3:0.00%', '4:0.00%', '5:0.10%', '6:0.00%', '7:0.00%', '8:0.00%', '9:0.00%']
                                          0msec<-
                                          ->0msec
                                                     -> Cluster 92, loss : 2.02, accuracy 28.95%, model from round 77
                                                     ['0:64.00%', '1:63.00%', '2:0.00%', '3:0.20%', '4:0.00%', '5:10.20%', '6:85.30%', '7:25.40%', '8:28.10%', '9:13.30%']
                                                                                              <-> Client 0, global : from 28.95% to 10.46%, local : from 60.40% to 95.00%, training time : 8200msec
                                                     Cluster 92, round 1, loss : 3.92, accuracy 10.46% <-
                                                     Time past : 8200msec
                                                     ['0:99.70%', '1:0.00%', '2:0.00%', '3:0.00%', '4:0.20%', '5:0.00%', '6:4.70%', '7:0.00%', '8:0.00%', '9:0.00%']
                                          0msec<-
                                          ->0msec
                                                     -> Cluster 79, loss : 2.02, accuracy 28.95%, model from round 77
                                                     ['0:64.00%', '1:63.00%', '2:0.00%', '3:0.20%', '4:0.00%', '5:10.20%', '6:85.30%', '7:25.40%', '8:28.10%', '9:13.30%']
                                                                                              <-> Client 0, global : from 28.95% to 10.06%, local : from 2.20% to 95.00%, training time : 8200msec
                                                     Cluster 79, round 1, loss : 4.42, accuracy 10.06% <-
                                                     Time past : 8200msec
                                                     ['0:0.10%', '1:0.00%', '2:0.00%', '3:100.00%', '4:0.00%', '5:0.00%', '6:0.00%', '7:0.00%', '8:0.50%', '9:0.00%']
                                          0msec<-
Central server round 77, loss : 1.88, accuracy :31.50%
Time past: 631400msec
['0:70.20%', '1:48.50%', '2:1.20%', '3:48.40%', '4:50.20%', '5:3.10%', '6:20.60%', '7:13.40%', '8:27.20%', '9:32.20%']
                                          ->0msec
                                                     -> Cluster 72, loss : 1.88, accuracy 31.50%, model from round 78
                                                     ['0:70.20%', '1:48.50%', '2:1.20%', '3:48.40%', '4:50.20%', '5:3.10%', '6:20.60%', '7:13.40%', '8:27.20%', '9:32.20%']
                                                                                              <-> Client 0, global : from 31.50% to 10.23%, local : from 46.80% to 95.00%, training time : 8200msec
                                                     Cluster 72, round 1, loss : 4.38, accuracy 10.23% <-
                                                     Time past : 8200msec
                                                     ['0:0.00%', '1:0.00%', '2:0.00%', '3:100.00%', '4:0.00%', '5:0.00%', '6:0.00%', '7:0.00%', '8:2.20%', '9:0.10%']
                                          0msec<-
                                          ->0msec
                                                     -> Cluster 59, loss : 1.88, accuracy 31.50%, model from round 78
                                                     ['0:70.20%', '1:48.50%', '2:1.20%', '3:48.40%', '4:50.20%', '5:3.10%', '6:20.60%', '7:13.40%', '8:27.20%', '9:32.20%']
                                                                                              <-> Client 0, global : from 31.50% to 11.80%, local : from 15.20% to 95.40%, training time : 8200msec
                                                     Cluster 59, round 1, loss : 3.69, accuracy 11.80% <-
                                                     Time past : 8200msec
                                                     ['0:6.00%', '1:0.40%', '2:0.00%', '3:0.00%', '4:0.00%', '5:0.00%', '6:0.00%', '7:99.60%', '8:12.00%', '9:0.00%']
                                          0msec<-
                                          ->0msec
                                                     -> Cluster 1, loss : 1.88, accuracy 31.50%, model from round 78
                                                     ['0:70.20%', '1:48.50%', '2:1.20%', '3:48.40%', '4:50.20%', '5:3.10%', '6:20.60%', '7:13.40%', '8:27.20%', '9:32.20%']
                                                                                              <-> Client 0, global : from 31.50% to 13.88%, local : from 23.15% to 94.81%, training time : 8200msec
                                                     Cluster 1, round 1, loss : 3.85, accuracy 13.88% <-
                                                     Time past : 8200msec
                                                     ['0:3.50%', '1:0.20%', '2:0.00%', '3:0.00%', '4:0.00%', '5:0.00%', '6:100.00%', '7:0.00%', '8:31.90%', '9:3.20%']
                                          0msec<-
                                          ->0msec
                                                     -> Cluster 19, loss : 1.88, accuracy 31.50%, model from round 78
                                                     ['0:70.20%', '1:48.50%', '2:1.20%', '3:48.40%', '4:50.20%', '5:3.10%', '6:20.60%', '7:13.40%', '8:27.20%', '9:32.20%']
                                                                                              <-> Client 0, global : from 31.50% to 10.54%, local : from 30.80% to 95.00%, training time : 8200msec
                                                     Cluster 19, round 1, loss : 3.52, accuracy 10.54% <-
                                                     Time past : 8200msec
                                                     ['0:0.20%', '1:0.00%', '2:0.00%', '3:0.10%', '4:0.00%', '5:4.30%', '6:0.50%', '7:0.30%', '8:0.10%', '9:99.90%']
                                          0msec<-
                                          ->0msec
                                                     -> Cluster 16, loss : 1.88, accuracy 31.50%, model from round 78
                                                     ['0:70.20%', '1:48.50%', '2:1.20%', '3:48.40%', '4:50.20%', '5:3.10%', '6:20.60%', '7:13.40%', '8:27.20%', '9:32.20%']
                                                                                              <-> Client 0, global : from 31.50% to 10.45%, local : from 34.20% to 95.00%, training time : 8200msec
                                                     Cluster 16, round 1, loss : 3.65, accuracy 10.45% <-
                                                     Time past : 8200msec
                                                     ['0:0.00%', '1:0.00%', '2:0.00%', '3:1.70%', '4:0.20%', '5:0.30%', '6:2.10%', '7:0.00%', '8:0.40%', '9:99.80%']
                                          0msec<-
                                          ->0msec
                                                     -> Cluster 32, loss : 1.88, accuracy 31.50%, model from round 78
                                                     ['0:70.20%', '1:48.50%', '2:1.20%', '3:48.40%', '4:50.20%', '5:3.10%', '6:20.60%', '7:13.40%', '8:27.20%', '9:32.20%']
                                                                                              <-> Client 0, global : from 31.50% to 10.00%, local : from 45.00% to 95.00%, training time : 8200msec
                                                     Cluster 32, round 1, loss : 3.73, accuracy 10.00% <-
                                                     Time past : 8200msec
                                                     ['0:0.00%', '1:100.00%', '2:0.00%', '3:0.00%', '4:0.00%', '5:0.00%', '6:0.00%', '7:0.00%', '8:0.00%', '9:0.00%']
                                          0msec<-
                                          ->0msec
                                                     -> Cluster 28, loss : 1.88, accuracy 31.50%, model from round 78
                                                     ['0:70.20%', '1:48.50%', '2:1.20%', '3:48.40%', '4:50.20%', '5:3.10%', '6:20.60%', '7:13.40%', '8:27.20%', '9:32.20%']
                                                                                              <-> Client 0, global : from 31.50% to 11.24%, local : from 51.80% to 94.80%, training time : 8200msec
                                                     Cluster 28, round 1, loss : 3.61, accuracy 11.24% <-
                                                     Time past : 8200msec
                                                     ['0:0.00%', '1:0.00%', '2:0.00%', '3:0.00%', '4:99.90%', '5:0.00%', '6:0.00%', '7:0.00%', '8:9.40%', '9:3.10%']
                                          0msec<-
                                          ->0msec
                                                     -> Cluster 25, loss : 1.88, accuracy 31.50%, model from round 78
                                                     ['0:70.20%', '1:48.50%', '2:1.20%', '3:48.40%', '4:50.20%', '5:3.10%', '6:20.60%', '7:13.40%', '8:27.20%', '9:32.20%']
                                                                                              <-> Client 0, global : from 31.50% to 10.23%, local : from 48.00% to 95.00%, training time : 8200msec
                                                     Cluster 25, round 1, loss : 4.67, accuracy 10.23% <-
                                                     Time past : 8200msec
                                                     ['0:0.00%', '1:0.20%', '2:0.00%', '3:0.00%', '4:100.00%', '5:0.00%', '6:0.00%', '7:0.00%', '8:2.10%', '9:0.00%']
                                          0msec<-
                                          ->0msec
                                                     -> Cluster 9, loss : 1.88, accuracy 31.50%, model from round 78
                                                     ['0:70.20%', '1:48.50%', '2:1.20%', '3:48.40%', '4:50.20%', '5:3.10%', '6:20.60%', '7:13.40%', '8:27.20%', '9:32.20%']
                                                                                              <-> Client 0, global : from 31.50% to 15.10%, local : from 19.60% to 95.60%, training time : 8200msec
                                                     Cluster 9, round 1, loss : 3.64, accuracy 15.10% <-
                                                     Time past : 8200msec
                                                     ['0:26.00%', '1:4.70%', '2:0.00%', '3:0.00%', '4:0.00%', '5:0.00%', '6:99.90%', '7:0.00%', '8:10.10%', '9:10.30%']
                                          0msec<-
                                          ->0msec
                                                     -> Cluster 74, loss : 1.88, accuracy 31.50%, model from round 78
                                                     ['0:70.20%', '1:48.50%', '2:1.20%', '3:48.40%', '4:50.20%', '5:3.10%', '6:20.60%', '7:13.40%', '8:27.20%', '9:32.20%']
                                                                                              <-> Client 0, global : from 31.50% to 10.25%, local : from 43.60% to 95.20%, training time : 8200msec
                                                     Cluster 74, round 1, loss : 4.23, accuracy 10.25% <-
                                                     Time past : 8200msec
                                                     ['0:0.10%', '1:0.00%', '2:0.00%', '3:100.00%', '4:0.00%', '5:0.00%', '6:0.00%', '7:0.00%', '8:2.40%', '9:0.00%']
                                          0msec<-
Central server round 78, loss : 1.93, accuracy :32.16%
Time past: 639600msec
['0:27.00%', '1:23.20%', '2:0.00%', '3:46.20%', '4:28.30%', '5:0.10%', '6:73.00%', '7:19.70%', '8:38.50%', '9:65.60%']
                                          ->0msec
                                                     -> Cluster 85, loss : 1.93, accuracy 32.16%, model from round 79
                                                     ['0:27.00%', '1:23.20%', '2:0.00%', '3:46.20%', '4:28.30%', '5:0.10%', '6:73.00%', '7:19.70%', '8:38.50%', '9:65.60%']
                                                                                              <-> Client 0, global : from 32.16% to 13.29%, local : from 2.81% to 95.99%, training time : 8200msec
                                                     Cluster 85, round 1, loss : 4.08, accuracy 13.29% <-
                                                     Time past : 8200msec
                                                     ['0:17.40%', '1:0.00%', '2:0.00%', '3:0.00%', '4:0.00%', '5:99.80%', '6:0.00%', '7:0.00%', '8:10.20%', '9:5.50%']
                                          0msec<-
                                          ->0msec
                                                     -> Cluster 7, loss : 1.93, accuracy 32.16%, model from round 79
                                                     ['0:27.00%', '1:23.20%', '2:0.00%', '3:46.20%', '4:28.30%', '5:0.10%', '6:73.00%', '7:19.70%', '8:38.50%', '9:65.60%']
                                                                                              <-> Client 0, global : from 32.16% to 12.04%, local : from 65.20% to 95.00%, training time : 8200msec
                                                     Cluster 7, round 1, loss : 4.44, accuracy 12.04% <-
                                                     Time past : 8200msec
                                                     ['0:2.10%', '1:0.60%', '2:0.00%', '3:0.00%', '4:0.00%', '5:0.00%', '6:100.00%', '7:0.00%', '8:16.60%', '9:1.10%']
                                          0msec<-
                                          ->0msec
                                                     -> Cluster 3, loss : 1.93, accuracy 32.16%, model from round 79
                                                     ['0:27.00%', '1:23.20%', '2:0.00%', '3:46.20%', '4:28.30%', '5:0.10%', '6:73.00%', '7:19.70%', '8:38.50%', '9:65.60%']
                                                                                              <-> Client 0, global : from 32.16% to 14.76%, local : from 68.40% to 95.40%, training time : 8200msec
                                                     Cluster 3, round 1, loss : 3.48, accuracy 14.76% <-
                                                     Time past : 8200msec
                                                     ['0:9.90%', '1:3.40%', '2:0.00%', '3:0.00%', '4:0.00%', '5:0.00%', '6:99.90%', '7:0.10%', '8:32.40%', '9:1.90%']
                                          0msec<-
                                          ->0msec
                                                     -> Cluster 95, loss : 1.93, accuracy 32.16%, model from round 79
                                                     ['0:27.00%', '1:23.20%', '2:0.00%', '3:46.20%', '4:28.30%', '5:0.10%', '6:73.00%', '7:19.70%', '8:38.50%', '9:65.60%']
                                                                                              <-> Client 0, global : from 32.16% to 10.10%, local : from 28.06% to 95.19%, training time : 8200msec
                                                     Cluster 95, round 1, loss : 3.59, accuracy 10.10% <-
                                                     Time past : 8200msec
                                                     ['0:99.80%', '1:0.00%', '2:0.00%', '3:0.00%', '4:0.00%', '5:0.00%', '6:1.20%', '7:0.00%', '8:0.00%', '9:0.00%']
                                          0msec<-
                                          ->0msec
                                                     -> Cluster 51, loss : 1.93, accuracy 32.16%, model from round 79
                                                     ['0:27.00%', '1:23.20%', '2:0.00%', '3:46.20%', '4:28.30%', '5:0.10%', '6:73.00%', '7:19.70%', '8:38.50%', '9:65.60%']
                                                                                              <-> Client 0, global : from 32.16% to 11.51%, local : from 17.76% to 95.01%, training time : 8200msec
                                                     Cluster 51, round 1, loss : 3.80, accuracy 11.51% <-
                                                     Time past : 8200msec
                                                     ['0:4.70%', '1:0.20%', '2:0.00%', '3:0.00%', '4:0.00%', '5:0.00%', '6:0.00%', '7:99.70%', '8:10.50%', '9:0.00%']
                                          0msec<-
                                          ->0msec
                                                     -> Cluster 48, loss : 1.93, accuracy 32.16%, model from round 79
                                                     ['0:27.00%', '1:23.20%', '2:0.00%', '3:46.20%', '4:28.30%', '5:0.10%', '6:73.00%', '7:19.70%', '8:38.50%', '9:65.60%']
                                                                                              <-> Client 0, global : from 32.16% to 10.29%, local : from 1.20% to 95.20%, training time : 8200msec
                                                     Cluster 48, round 1, loss : 3.36, accuracy 10.29% <-
                                                     Time past : 8200msec
                                                     ['0:0.00%', '1:0.50%', '2:99.90%', '3:0.00%', '4:0.00%', '5:0.00%', '6:0.00%', '7:0.00%', '8:0.00%', '9:2.50%']
                                          0msec<-
                                          ->0msec
                                                     -> Cluster 53, loss : 1.93, accuracy 32.16%, model from round 79
                                                     ['0:27.00%', '1:23.20%', '2:0.00%', '3:46.20%', '4:28.30%', '5:0.10%', '6:73.00%', '7:19.70%', '8:38.50%', '9:65.60%']
                                                                                              <-> Client 0, global : from 32.16% to 11.23%, local : from 17.40% to 95.00%, training time : 8200msec
                                                     Cluster 53, round 1, loss : 3.88, accuracy 11.23% <-
                                                     Time past : 8200msec
                                                     ['0:6.10%', '1:0.20%', '2:0.00%', '3:0.00%', '4:0.00%', '5:0.00%', '6:0.00%', '7:99.90%', '8:6.10%', '9:0.00%']
                                          0msec<-
                                          ->0msec
                                                     -> Cluster 87, loss : 1.93, accuracy 32.16%, model from round 79
                                                     ['0:27.00%', '1:23.20%', '2:0.00%', '3:46.20%', '4:28.30%', '5:0.10%', '6:73.00%', '7:19.70%', '8:38.50%', '9:65.60%']
                                                                                              <-> Client 0, global : from 32.16% to 14.10%, local : from 1.60% to 95.59%, training time : 8200msec
                                                     Cluster 87, round 1, loss : 3.70, accuracy 14.10% <-
                                                     Time past : 8200msec
                                                     ['0:16.00%', '1:0.70%', '2:0.00%', '3:0.00%', '4:0.00%', '5:99.70%', '6:0.00%', '7:0.10%', '8:10.20%', '9:14.30%']
                                          0msec<-
                                          ->0msec
                                                     -> Cluster 17, loss : 1.93, accuracy 32.16%, model from round 79
                                                     ['0:27.00%', '1:23.20%', '2:0.00%', '3:46.20%', '4:28.30%', '5:0.10%', '6:73.00%', '7:19.70%', '8:38.50%', '9:65.60%']
                                                                                              <-> Client 0, global : from 32.16% to 10.41%, local : from 64.80% to 95.00%, training time : 8200msec
                                                     Cluster 17, round 1, loss : 3.78, accuracy 10.41% <-
                                                     Time past : 8200msec
                                                     ['0:1.60%', '1:0.00%', '2:0.00%', '3:2.70%', '4:0.00%', '5:0.00%', '6:0.10%', '7:0.00%', '8:0.00%', '9:99.70%']
                                          0msec<-
                                          ->0msec
                                                     -> Cluster 75, loss : 1.93, accuracy 32.16%, model from round 79
                                                     ['0:27.00%', '1:23.20%', '2:0.00%', '3:46.20%', '4:28.30%', '5:0.10%', '6:73.00%', '7:19.70%', '8:38.50%', '9:65.60%']
                                                                                              <-> Client 0, global : from 32.16% to 10.11%, local : from 49.40% to 95.00%, training time : 8200msec
                                                     Cluster 75, round 1, loss : 4.28, accuracy 10.11% <-
                                                     Time past : 8200msec
                                                     ['0:0.00%', '1:0.00%', '2:0.00%', '3:100.00%', '4:0.00%', '5:0.00%', '6:0.00%', '7:0.00%', '8:1.10%', '9:0.00%']
                                          0msec<-
Central server round 79, loss : 1.85, accuracy :32.97%
Time past: 647800msec
['0:54.60%', '1:20.10%', '2:1.00%', '3:15.40%', '4:0.00%', '5:31.90%', '6:70.10%', '7:59.60%', '8:25.20%', '9:51.80%']
                                          ->0msec
                                                     -> Cluster 28, loss : 1.85, accuracy 32.97%, model from round 80
                                                     ['0:54.60%', '1:20.10%', '2:1.00%', '3:15.40%', '4:0.00%', '5:31.90%', '6:70.10%', '7:59.60%', '8:25.20%', '9:51.80%']
                                                                                              <-> Client 0, global : from 32.97% to 10.57%, local : from 2.00% to 94.80%, training time : 8200msec
                                                     Cluster 28, round 1, loss : 4.27, accuracy 10.57% <-
                                                     Time past : 8200msec
                                                     ['0:0.00%', '1:0.00%', '2:0.00%', '3:0.00%', '4:99.90%', '5:0.00%', '6:0.00%', '7:0.00%', '8:4.80%', '9:1.00%']
                                          0msec<-
                                          ->0msec
                                                     -> Cluster 38, loss : 1.85, accuracy 32.97%, model from round 80
                                                     ['0:54.60%', '1:20.10%', '2:1.00%', '3:15.40%', '4:0.00%', '5:31.90%', '6:70.10%', '7:59.60%', '8:25.20%', '9:51.80%']
                                                                                              <-> Client 0, global : from 32.97% to 10.21%, local : from 22.80% to 95.20%, training time : 8200msec
                                                     Cluster 38, round 1, loss : 3.93, accuracy 10.21% <-
                                                     Time past : 8200msec
                                                     ['0:0.00%', '1:100.00%', '2:0.00%', '3:0.00%', '4:0.00%', '5:2.10%', '6:0.00%', '7:0.00%', '8:0.00%', '9:0.00%']
                                          0msec<-
                                          ->0msec
                                                     -> Cluster 90, loss : 1.85, accuracy 32.97%, model from round 80
                                                     ['0:54.60%', '1:20.10%', '2:1.00%', '3:15.40%', '4:0.00%', '5:31.90%', '6:70.10%', '7:59.60%', '8:25.20%', '9:51.80%']
                                                                                              <-> Client 0, global : from 32.97% to 10.06%, local : from 54.80% to 95.20%, training time : 8200msec
                                                     Cluster 90, round 1, loss : 3.41, accuracy 10.06% <-
                                                     Time past : 8200msec
                                                     ['0:100.00%', '1:0.00%', '2:0.00%', '3:0.00%', '4:0.00%', '5:0.00%', '6:0.50%', '7:0.00%', '8:0.00%', '9:0.10%']
                                          0msec<-
                                          ->0msec
                                                     -> Cluster 18, loss : 1.85, accuracy 32.97%, model from round 80
                                                     ['0:54.60%', '1:20.10%', '2:1.00%', '3:15.40%', '4:0.00%', '5:31.90%', '6:70.10%', '7:59.60%', '8:25.20%', '9:51.80%']
                                                                                              <-> Client 0, global : from 32.97% to 10.23%, local : from 54.40% to 95.00%, training time : 8200msec
                                                     Cluster 18, round 1, loss : 4.11, accuracy 10.23% <-
                                                     Time past : 8200msec
                                                     ['0:0.00%', '1:0.00%', '2:0.00%', '3:0.80%', '4:0.00%', '5:1.50%', '6:0.00%', '7:0.10%', '8:0.00%', '9:99.90%']
                                          0msec<-
                                          ->0msec
                                                     -> Cluster 44, loss : 1.85, accuracy 32.97%, model from round 80
                                                     ['0:54.60%', '1:20.10%', '2:1.00%', '3:15.40%', '4:0.00%', '5:31.90%', '6:70.10%', '7:59.60%', '8:25.20%', '9:51.80%']
                                                                                              <-> Client 0, global : from 32.97% to 10.18%, local : from 2.80% to 95.00%, training time : 8200msec
                                                     Cluster 44, round 1, loss : 3.87, accuracy 10.18% <-
                                                     Time past : 8200msec
                                                     ['0:0.00%', '1:0.00%', '2:100.00%', '3:0.00%', '4:0.00%', '5:0.00%', '6:0.00%', '7:0.00%', '8:1.80%', '9:0.00%']
                                          0msec<-
                                          ->0msec
                                                     -> Cluster 62, loss : 1.85, accuracy 32.97%, model from round 80
                                                     ['0:54.60%', '1:20.10%', '2:1.00%', '3:15.40%', '4:0.00%', '5:31.90%', '6:70.10%', '7:59.60%', '8:25.20%', '9:51.80%']
                                                                                              <-> Client 0, global : from 32.97% to 11.82%, local : from 27.40% to 94.80%, training time : 8200msec
                                                     Cluster 62, round 1, loss : 3.54, accuracy 11.82% <-
                                                     Time past : 8200msec
                                                     ['0:0.00%', '1:0.00%', '2:0.10%', '3:1.00%', '4:0.30%', '5:0.50%', '6:14.20%', '7:2.10%', '8:100.00%', '9:0.00%']
                                          0msec<-
                                          ->0msec
                                                     -> Cluster 68, loss : 1.85, accuracy 32.97%, model from round 80
                                                     ['0:54.60%', '1:20.10%', '2:1.00%', '3:15.40%', '4:0.00%', '5:31.90%', '6:70.10%', '7:59.60%', '8:25.20%', '9:51.80%']
                                                                                              <-> Client 0, global : from 32.97% to 13.00%, local : from 28.00% to 95.40%, training time : 8200msec
                                                     Cluster 68, round 1, loss : 3.49, accuracy 13.00% <-
                                                     Time past : 8200msec
                                                     ['0:0.00%', '1:0.00%', '2:0.00%', '3:0.50%', '4:0.00%', '5:0.00%', '6:22.20%', '7:7.40%', '8:99.90%', '9:0.00%']
                                          0msec<-
                                          ->0msec
                                                     -> Cluster 37, loss : 1.85, accuracy 32.97%, model from round 80
                                                     ['0:54.60%', '1:20.10%', '2:1.00%', '3:15.40%', '4:0.00%', '5:31.90%', '6:70.10%', '7:59.60%', '8:25.20%', '9:51.80%']
                                                                                              <-> Client 0, global : from 32.97% to 10.02%, local : from 21.00% to 95.20%, training time : 8200msec
                                                     Cluster 37, round 1, loss : 3.90, accuracy 10.02% <-
                                                     Time past : 8200msec
                                                     ['0:0.00%', '1:100.00%', '2:0.00%', '3:0.00%', '4:0.00%', '5:0.20%', '6:0.00%', '7:0.00%', '8:0.00%', '9:0.00%']
                                          0msec<-
                                          ->0msec
                                                     -> Cluster 11, loss : 1.85, accuracy 32.97%, model from round 80
                                                     ['0:54.60%', '1:20.10%', '2:1.00%', '3:15.40%', '4:0.00%', '5:31.90%', '6:70.10%', '7:59.60%', '8:25.20%', '9:51.80%']
                                                                                              <-> Client 0, global : from 32.97% to 10.52%, local : from 51.50% to 95.21%, training time : 8200msec
                                                     Cluster 11, round 1, loss : 3.77, accuracy 10.52% <-
                                                     Time past : 8200msec
                                                     ['0:0.00%', '1:0.00%', '2:0.00%', '3:0.20%', '4:0.20%', '5:0.20%', '6:4.30%', '7:0.30%', '8:0.00%', '9:100.00%']
                                          0msec<-
                                          ->0msec
                                                     -> Cluster 65, loss : 1.85, accuracy 32.97%, model from round 80
                                                     ['0:54.60%', '1:20.10%', '2:1.00%', '3:15.40%', '4:0.00%', '5:31.90%', '6:70.10%', '7:59.60%', '8:25.20%', '9:51.80%']
                                                                                              <-> Client 0, global : from 32.97% to 13.01%, local : from 26.20% to 95.40%, training time : 8200msec
                                                     Cluster 65, round 1, loss : 3.63, accuracy 13.01% <-
                                                     Time past : 8200msec
                                                     ['0:0.00%', '1:0.00%', '2:0.00%', '3:0.00%', '4:0.00%', '5:5.70%', '6:14.90%', '7:9.50%', '8:100.00%', '9:0.00%']
                                          0msec<-
Central server round 80, loss : 1.90, accuracy :31.14%
Time past: 656000msec
['0:2.80%', '1:24.90%', '2:7.60%', '3:10.30%', '4:32.40%', '5:22.10%', '6:46.90%', '7:33.00%', '8:84.30%', '9:47.10%']
                                          ->0msec
                                                     -> Cluster 6, loss : 1.90, accuracy 31.14%, model from round 81
                                                     ['0:2.80%', '1:24.90%', '2:7.60%', '3:10.30%', '4:32.40%', '5:22.10%', '6:46.90%', '7:33.00%', '8:84.30%', '9:47.10%']
                                                                                              <-> Client 0, global : from 31.14% to 13.84%, local : from 43.60% to 95.20%, training time : 8200msec
                                                     Cluster 6, round 1, loss : 3.60, accuracy 13.84% <-
                                                     Time past : 8200msec
                                                     ['0:16.20%', '1:3.40%', '2:0.00%', '3:0.00%', '4:0.00%', '5:0.00%', '6:100.00%', '7:0.20%', '8:8.70%', '9:9.90%']
                                          0msec<-
                                          ->0msec
                                                     -> Cluster 40, loss : 1.90, accuracy 31.14%, model from round 81
                                                     ['0:2.80%', '1:24.90%', '2:7.60%', '3:10.30%', '4:32.40%', '5:22.10%', '6:46.90%', '7:33.00%', '8:84.30%', '9:47.10%']
                                                                                              <-> Client 0, global : from 31.14% to 10.10%, local : from 12.38% to 94.81%, training time : 8200msec
                                                     Cluster 40, round 1, loss : 3.66, accuracy 10.10% <-
                                                     Time past : 8200msec
                                                     ['0:0.00%', '1:0.00%', '2:99.90%', '3:0.00%', '4:0.00%', '5:0.00%', '6:0.00%', '7:0.00%', '8:0.00%', '9:1.10%']
                                          0msec<-
                                          ->0msec
                                                     -> Cluster 20, loss : 1.90, accuracy 31.14%, model from round 81
                                                     ['0:2.80%', '1:24.90%', '2:7.60%', '3:10.30%', '4:32.40%', '5:22.10%', '6:46.90%', '7:33.00%', '8:84.30%', '9:47.10%']
                                                                                              <-> Client 0, global : from 31.14% to 11.19%, local : from 32.93% to 95.41%, training time : 8200msec
                                                     Cluster 20, round 1, loss : 3.92, accuracy 11.19% <-
                                                     Time past : 8200msec
                                                     ['0:0.00%', '1:0.00%', '2:0.00%', '3:0.00%', '4:99.80%', '5:0.00%', '6:0.00%', '7:0.00%', '8:12.00%', '9:0.10%']
                                          0msec<-
                                          ->0msec
                                                     -> Cluster 16, loss : 1.90, accuracy 31.14%, model from round 81
                                                     ['0:2.80%', '1:24.90%', '2:7.60%', '3:10.30%', '4:32.40%', '5:22.10%', '6:46.90%', '7:33.00%', '8:84.30%', '9:47.10%']
                                                                                              <-> Client 0, global : from 31.14% to 11.15%, local : from 48.40% to 95.00%, training time : 8200msec
                                                     Cluster 16, round 1, loss : 3.41, accuracy 11.15% <-
                                                     Time past : 8200msec
                                                     ['0:0.00%', '1:0.00%', '2:0.00%', '3:1.90%', '4:1.40%', '5:1.20%', '6:6.70%', '7:0.00%', '8:0.50%', '9:99.80%']
                                          0msec<-
                                          ->0msec
                                                     -> Cluster 80, loss : 1.90, accuracy 31.14%, model from round 81
                                                     ['0:2.80%', '1:24.90%', '2:7.60%', '3:10.30%', '4:32.40%', '5:22.10%', '6:46.90%', '7:33.00%', '8:84.30%', '9:47.10%']
                                                                                              <-> Client 0, global : from 31.14% to 10.97%, local : from 26.40% to 95.00%, training time : 8200msec
                                                     Cluster 80, round 1, loss : 4.47, accuracy 10.97% <-
                                                     Time past : 8200msec
                                                     ['0:0.00%', '1:1.90%', '2:0.00%', '3:0.00%', '4:0.00%', '5:100.00%', '6:0.00%', '7:0.00%', '8:7.20%', '9:0.60%']
                                          0msec<-
                                          ->0msec
                                                     -> Cluster 13, loss : 1.90, accuracy 31.14%, model from round 81
                                                     ['0:2.80%', '1:24.90%', '2:7.60%', '3:10.30%', '4:32.40%', '5:22.10%', '6:46.90%', '7:33.00%', '8:84.30%', '9:47.10%']
                                                                                              <-> Client 0, global : from 31.14% to 10.34%, local : from 47.80% to 95.00%, training time : 8200msec
                                                     Cluster 13, round 1, loss : 4.12, accuracy 10.34% <-
                                                     Time past : 8200msec
                                                     ['0:0.00%', '1:0.00%', '2:0.00%', '3:0.20%', '4:0.10%', '5:3.20%', '6:0.00%', '7:0.00%', '8:0.00%', '9:99.90%']
                                          0msec<-
                                          ->0msec
                                                     -> Cluster 14, loss : 1.90, accuracy 31.14%, model from round 81
                                                     ['0:2.80%', '1:24.90%', '2:7.60%', '3:10.30%', '4:32.40%', '5:22.10%', '6:46.90%', '7:33.00%', '8:84.30%', '9:47.10%']
                                                                                              <-> Client 0, global : from 31.14% to 12.00%, local : from 47.80% to 95.00%, training time : 8200msec
                                                     Cluster 14, round 1, loss : 3.61, accuracy 12.00% <-
                                                     Time past : 8200msec
                                                     ['0:0.20%', '1:0.00%', '2:0.00%', '3:0.00%', '4:14.00%', '5:5.80%', '6:0.00%', '7:0.00%', '8:0.20%', '9:99.80%']
                                          0msec<-
                                          ->0msec
                                                     -> Cluster 55, loss : 1.90, accuracy 31.14%, model from round 81
                                                     ['0:2.80%', '1:24.90%', '2:7.60%', '3:10.30%', '4:32.40%', '5:22.10%', '6:46.90%', '7:33.00%', '8:84.30%', '9:47.10%']
                                                                                              <-> Client 0, global : from 31.14% to 10.17%, local : from 35.60% to 95.20%, training time : 8200msec
                                                     Cluster 55, round 1, loss : 4.18, accuracy 10.17% <-
                                                     Time past : 8200msec
                                                     ['0:0.30%', '1:0.40%', '2:0.00%', '3:0.00%', '4:0.00%', '5:0.00%', '6:0.00%', '7:100.00%', '8:0.90%', '9:0.10%']
                                          0msec<-
                                          ->0msec
                                                     -> Cluster 81, loss : 1.90, accuracy 31.14%, model from round 81
                                                     ['0:2.80%', '1:24.90%', '2:7.60%', '3:10.30%', '4:32.40%', '5:22.10%', '6:46.90%', '7:33.00%', '8:84.30%', '9:47.10%']
                                                                                              <-> Client 0, global : from 31.14% to 10.22%, local : from 24.60% to 95.20%, training time : 8200msec
                                                     Cluster 81, round 1, loss : 3.92, accuracy 10.22% <-
                                                     Time past : 8200msec
                                                     ['0:0.10%', '1:0.10%', '2:0.00%', '3:0.00%', '4:0.00%', '5:100.00%', '6:0.00%', '7:0.00%', '8:1.00%', '9:1.00%']
                                          0msec<-
                                          ->0msec
                                                     -> Cluster 75, loss : 1.90, accuracy 31.14%, model from round 81
                                                     ['0:2.80%', '1:24.90%', '2:7.60%', '3:10.30%', '4:32.40%', '5:22.10%', '6:46.90%', '7:33.00%', '8:84.30%', '9:47.10%']
                                                                                              <-> Client 0, global : from 31.14% to 10.57%, local : from 9.80% to 95.00%, training time : 8200msec
                                                     Cluster 75, round 1, loss : 3.47, accuracy 10.57% <-
                                                     Time past : 8200msec
                                                     ['0:0.00%', '1:0.10%', '2:0.00%', '3:100.00%', '4:0.00%', '5:0.00%', '6:0.00%', '7:0.00%', '8:3.90%', '9:1.70%']
                                          0msec<-
Central server round 81, loss : 1.94, accuracy :27.36%
Time past: 664200msec
['0:24.80%', '1:6.30%', '2:0.00%', '3:4.10%', '4:12.60%', '5:67.70%', '6:41.60%', '7:13.80%', '8:19.50%', '9:83.20%']
                                          ->0msec
                                                     -> Cluster 25, loss : 1.94, accuracy 27.36%, model from round 82
                                                     ['0:24.80%', '1:6.30%', '2:0.00%', '3:4.10%', '4:12.60%', '5:67.70%', '6:41.60%', '7:13.80%', '8:19.50%', '9:83.20%']
                                                                                              <-> Client 0, global : from 27.36% to 10.42%, local : from 13.80% to 95.00%, training time : 8200msec
                                                     Cluster 25, round 1, loss : 4.19, accuracy 10.42% <-
                                                     Time past : 8200msec
                                                     ['0:0.10%', '1:0.90%', '2:0.00%', '3:0.00%', '4:99.90%', '5:0.00%', '6:0.00%', '7:0.00%', '8:3.30%', '9:0.00%']
                                          0msec<-
                                          ->0msec
                                                     -> Cluster 97, loss : 1.94, accuracy 27.36%, model from round 82
                                                     ['0:24.80%', '1:6.30%', '2:0.00%', '3:4.10%', '4:12.60%', '5:67.70%', '6:41.60%', '7:13.80%', '8:19.50%', '9:83.20%']
                                                                                              <-> Client 0, global : from 27.36% to 10.02%, local : from 23.85% to 95.19%, training time : 8200msec
                                                     Cluster 97, round 1, loss : 3.78, accuracy 10.02% <-
                                                     Time past : 8200msec
                                                     ['0:100.00%', '1:0.00%', '2:0.00%', '3:0.00%', '4:0.20%', '5:0.00%', '6:0.00%', '7:0.00%', '8:0.00%', '9:0.00%']
                                          0msec<-
                                          ->0msec
                                                     -> Cluster 72, loss : 1.94, accuracy 27.36%, model from round 82
                                                     ['0:24.80%', '1:6.30%', '2:0.00%', '3:4.10%', '4:12.60%', '5:67.70%', '6:41.60%', '7:13.80%', '8:19.50%', '9:83.20%']
                                                                                              <-> Client 0, global : from 27.36% to 11.98%, local : from 6.00% to 95.00%, training time : 8200msec
                                                     Cluster 72, round 1, loss : 3.22, accuracy 11.98% <-
                                                     Time past : 8200msec
                                                     ['0:0.00%', '1:0.00%', '2:0.00%', '3:100.00%', '4:0.00%', '5:0.00%', '6:0.00%', '7:0.10%', '8:11.70%', '9:8.00%']
                                          0msec<-
                                          ->0msec
                                                     -> Cluster 48, loss : 1.94, accuracy 27.36%, model from round 82
                                                     ['0:24.80%', '1:6.30%', '2:0.00%', '3:4.10%', '4:12.60%', '5:67.70%', '6:41.60%', '7:13.80%', '8:19.50%', '9:83.20%']
                                                                                              <-> Client 0, global : from 27.36% to 10.23%, local : from 1.60% to 95.20%, training time : 8200msec
                                                     Cluster 48, round 1, loss : 3.78, accuracy 10.23% <-
                                                     Time past : 8200msec
                                                     ['0:0.00%', '1:0.40%', '2:99.90%', '3:0.00%', '4:0.00%', '5:0.00%', '6:0.00%', '7:0.00%', '8:0.00%', '9:2.00%']
                                          0msec<-
                                          ->0msec
                                                     -> Cluster 84, loss : 1.94, accuracy 27.36%, model from round 82
                                                     ['0:24.80%', '1:6.30%', '2:0.00%', '3:4.10%', '4:12.60%', '5:67.70%', '6:41.60%', '7:13.80%', '8:19.50%', '9:83.20%']
                                                                                              <-> Client 0, global : from 27.36% to 10.94%, local : from 65.73% to 95.39%, training time : 8200msec
                                                     Cluster 84, round 1, loss : 3.94, accuracy 10.94% <-
                                                     Time past : 8200msec
                                                     ['0:0.30%', '1:0.30%', '2:0.00%', '3:0.00%', '4:0.00%', '5:100.00%', '6:0.00%', '7:0.00%', '8:4.80%', '9:4.00%']
                                          0msec<-
                                          ->0msec
                                                     -> Cluster 61, loss : 1.94, accuracy 27.36%, model from round 82
                                                     ['0:24.80%', '1:6.30%', '2:0.00%', '3:4.10%', '4:12.60%', '5:67.70%', '6:41.60%', '7:13.80%', '8:19.50%', '9:83.20%']
                                                                                              <-> Client 0, global : from 27.36% to 14.02%, local : from 21.56% to 95.21%, training time : 8200msec
                                                     Cluster 61, round 1, loss : 3.22, accuracy 14.02% <-
                                                     Time past : 8200msec
                                                     ['0:0.00%', '1:0.00%', '2:0.00%', '3:0.60%', '4:31.00%', '5:4.70%', '6:0.70%', '7:3.20%', '8:99.80%', '9:0.20%']
                                          0msec<-
                                          ->0msec
                                                     -> Cluster 69, loss : 1.94, accuracy 27.36%, model from round 82
                                                     ['0:24.80%', '1:6.30%', '2:0.00%', '3:4.10%', '4:12.60%', '5:67.70%', '6:41.60%', '7:13.80%', '8:19.50%', '9:83.20%']
                                                                                              <-> Client 0, global : from 27.36% to 12.58%, local : from 20.20% to 96.00%, training time : 8200msec
                                                     Cluster 69, round 1, loss : 4.21, accuracy 12.58% <-
                                                     Time past : 8200msec
                                                     ['0:0.00%', '1:0.00%', '2:0.00%', '3:0.10%', '4:7.90%', '5:0.00%', '6:17.20%', '7:0.60%', '8:100.00%', '9:0.00%']
                                          0msec<-
                                          ->0msec
                                                     -> Cluster 78, loss : 1.94, accuracy 27.36%, model from round 82
                                                     ['0:24.80%', '1:6.30%', '2:0.00%', '3:4.10%', '4:12.60%', '5:67.70%', '6:41.60%', '7:13.80%', '8:19.50%', '9:83.20%']
                                                                                              <-> Client 0, global : from 27.36% to 11.63%, local : from 6.00% to 95.20%, training time : 8200msec
                                                     Cluster 78, round 1, loss : 3.78, accuracy 11.63% <-
                                                     Time past : 8200msec
                                                     ['0:1.70%', '1:0.00%', '2:0.00%', '3:100.00%', '4:0.00%', '5:0.00%', '6:0.00%', '7:0.10%', '8:5.30%', '9:9.20%']
                                          0msec<-
                                          ->0msec
                                                     -> Cluster 29, loss : 1.94, accuracy 27.36%, model from round 82
                                                     ['0:24.80%', '1:6.30%', '2:0.00%', '3:4.10%', '4:12.60%', '5:67.70%', '6:41.60%', '7:13.80%', '8:19.50%', '9:83.20%']
                                                                                              <-> Client 0, global : from 27.36% to 10.80%, local : from 14.40% to 95.00%, training time : 8200msec
                                                     Cluster 29, round 1, loss : 3.97, accuracy 10.80% <-
                                                     Time past : 8200msec
                                                     ['0:0.00%', '1:1.90%', '2:0.00%', '3:0.00%', '4:99.80%', '5:0.00%', '6:0.00%', '7:0.00%', '8:5.90%', '9:0.40%']
                                          0msec<-
                                          ->0msec
                                                     -> Cluster 34, loss : 1.94, accuracy 27.36%, model from round 82
                                                     ['0:24.80%', '1:6.30%', '2:0.00%', '3:4.10%', '4:12.60%', '5:67.70%', '6:41.60%', '7:13.80%', '8:19.50%', '9:83.20%']
                                                                                              <-> Client 0, global : from 27.36% to 10.06%, local : from 8.20% to 95.00%, training time : 8200msec
                                                     Cluster 34, round 1, loss : 3.78, accuracy 10.06% <-
                                                     Time past : 8200msec
                                                     ['0:0.00%', '1:100.00%', '2:0.00%', '3:0.00%', '4:0.50%', '5:0.10%', '6:0.00%', '7:0.00%', '8:0.00%', '9:0.00%']
                                          0msec<-
Central server round 82, loss : 1.89, accuracy :30.04%
Time past: 672400msec
['0:19.80%', '1:34.90%', '2:0.30%', '3:41.80%', '4:74.10%', '5:12.10%', '6:0.70%', '7:11.20%', '8:76.10%', '9:29.40%']
                                          ->0msec
                                                     -> Cluster 85, loss : 1.89, accuracy 30.04%, model from round 83
                                                     ['0:19.80%', '1:34.90%', '2:0.30%', '3:41.80%', '4:74.10%', '5:12.10%', '6:0.70%', '7:11.20%', '8:76.10%', '9:29.40%']
                                                                                              <-> Client 0, global : from 30.04% to 12.98%, local : from 12.42% to 95.59%, training time : 8200msec
                                                     Cluster 85, round 1, loss : 3.97, accuracy 12.98% <-
                                                     Time past : 8200msec
                                                     ['0:10.10%', '1:0.00%', '2:0.00%', '3:0.00%', '4:0.00%', '5:99.80%', '6:0.00%', '7:0.00%', '8:16.30%', '9:3.60%']
                                          0msec<-
                                          ->0msec
                                                     -> Cluster 16, loss : 1.89, accuracy 30.04%, model from round 83
                                                     ['0:19.80%', '1:34.90%', '2:0.30%', '3:41.80%', '4:74.10%', '5:12.10%', '6:0.70%', '7:11.20%', '8:76.10%', '9:29.40%']
                                                                                              <-> Client 0, global : from 30.04% to 10.41%, local : from 30.60% to 95.00%, training time : 8200msec
                                                     Cluster 16, round 1, loss : 3.87, accuracy 10.41% <-
                                                     Time past : 8200msec
                                                     ['0:0.00%', '1:0.00%', '2:0.00%', '3:1.50%', '4:0.50%', '5:0.20%', '6:1.90%', '7:0.00%', '8:0.20%', '9:99.80%']
                                          0msec<-
                                          ->0msec
                                                     -> Cluster 23, loss : 1.89, accuracy 30.04%, model from round 83
                                                     ['0:19.80%', '1:34.90%', '2:0.30%', '3:41.80%', '4:74.10%', '5:12.10%', '6:0.70%', '7:11.20%', '8:76.10%', '9:29.40%']
                                                                                              <-> Client 0, global : from 30.04% to 11.46%, local : from 68.40% to 95.00%, training time : 8200msec
                                                     Cluster 23, round 1, loss : 4.07, accuracy 11.46% <-
                                                     Time past : 8200msec
                                                     ['0:7.70%', '1:1.40%', '2:0.00%', '3:0.00%', '4:99.80%', '5:0.00%', '6:0.00%', '7:0.00%', '8:5.70%', '9:0.00%']
                                          0msec<-
                                          ->0msec
                                                     -> Cluster 71, loss : 1.89, accuracy 30.04%, model from round 83
                                                     ['0:19.80%', '1:34.90%', '2:0.30%', '3:41.80%', '4:74.10%', '5:12.10%', '6:0.70%', '7:11.20%', '8:76.10%', '9:29.40%']
                                                                                              <-> Client 0, global : from 30.04% to 10.54%, local : from 44.20% to 95.20%, training time : 8200msec
                                                     Cluster 71, round 1, loss : 4.30, accuracy 10.54% <-
                                                     Time past : 8200msec
                                                     ['0:0.10%', '1:0.10%', '2:0.00%', '3:100.00%', '4:0.00%', '5:0.00%', '6:0.00%', '7:0.00%', '8:1.60%', '9:3.60%']
                                          0msec<-
                                          ->0msec
                                                     -> Cluster 2, loss : 1.89, accuracy 30.04%, model from round 83
                                                     ['0:19.80%', '1:34.90%', '2:0.30%', '3:41.80%', '4:74.10%', '5:12.10%', '6:0.70%', '7:11.20%', '8:76.10%', '9:29.40%']
                                                                                              <-> Client 0, global : from 30.04% to 14.56%, local : from 2.20% to 95.40%, training time : 8200msec
                                                     Cluster 2, round 1, loss : 3.76, accuracy 14.56% <-
                                                     Time past : 8200msec
                                                     ['0:13.30%', '1:0.90%', '2:0.00%', '3:0.00%', '4:0.00%', '5:0.00%', '6:100.00%', '7:0.00%', '8:29.30%', '9:2.10%']
                                          0msec<-
                                          ->0msec
                                                     -> Cluster 58, loss : 1.89, accuracy 30.04%, model from round 83
                                                     ['0:19.80%', '1:34.90%', '2:0.30%', '3:41.80%', '4:74.10%', '5:12.10%', '6:0.70%', '7:11.20%', '8:76.10%', '9:29.40%']
                                                                                              <-> Client 0, global : from 30.04% to 10.71%, local : from 11.20% to 95.00%, training time : 8200msec
                                                     Cluster 58, round 1, loss : 4.04, accuracy 10.71% <-
                                                     Time past : 8200msec
                                                     ['0:0.00%', '1:0.20%', '2:0.00%', '3:0.00%', '4:0.00%', '5:0.00%', '6:0.00%', '7:100.00%', '8:6.90%', '9:0.00%']
                                          0msec<-
                                          ->0msec
                                                     -> Cluster 96, loss : 1.89, accuracy 30.04%, model from round 83
                                                     ['0:19.80%', '1:34.90%', '2:0.30%', '3:41.80%', '4:74.10%', '5:12.10%', '6:0.70%', '7:11.20%', '8:76.10%', '9:29.40%']
                                                                                              <-> Client 0, global : from 30.04% to 10.00%, local : from 19.24% to 95.19%, training time : 8200msec
                                                     Cluster 96, round 1, loss : 4.00, accuracy 10.00% <-
                                                     Time past : 8200msec
                                                     ['0:100.00%', '1:0.00%', '2:0.00%', '3:0.00%', '4:0.00%', '5:0.00%', '6:0.00%', '7:0.00%', '8:0.00%', '9:0.00%']
                                          0msec<-
                                          ->0msec
                                                     -> Cluster 5, loss : 1.89, accuracy 30.04%, model from round 83
                                                     ['0:19.80%', '1:34.90%', '2:0.30%', '3:41.80%', '4:74.10%', '5:12.10%', '6:0.70%', '7:11.20%', '8:76.10%', '9:29.40%']
                                                                                              <-> Client 0, global : from 30.04% to 12.16%, local : from 2.20% to 95.00%, training time : 8200msec
                                                     Cluster 5, round 1, loss : 4.11, accuracy 12.16% <-
                                                     Time past : 8200msec
                                                     ['0:0.80%', '1:0.40%', '2:0.00%', '3:0.00%', '4:0.00%', '5:0.00%', '6:100.00%', '7:0.00%', '8:14.90%', '9:5.50%']
                                          0msec<-
                                          ->0msec
                                                     -> Cluster 62, loss : 1.89, accuracy 30.04%, model from round 83
                                                     ['0:19.80%', '1:34.90%', '2:0.30%', '3:41.80%', '4:74.10%', '5:12.10%', '6:0.70%', '7:11.20%', '8:76.10%', '9:29.40%']
                                                                                              <-> Client 0, global : from 30.04% to 11.89%, local : from 73.60% to 95.00%, training time : 8200msec
                                                     Cluster 62, round 1, loss : 3.52, accuracy 11.89% <-
                                                     Time past : 8200msec
                                                     ['0:0.00%', '1:0.10%', '2:0.00%', '3:1.60%', '4:9.10%', '5:0.20%', '6:6.60%', '7:1.30%', '8:100.00%', '9:0.00%']
                                          0msec<-
                                          ->0msec
                                                     -> Cluster 27, loss : 1.89, accuracy 30.04%, model from round 83
                                                     ['0:19.80%', '1:34.90%', '2:0.30%', '3:41.80%', '4:74.10%', '5:12.10%', '6:0.70%', '7:11.20%', '8:76.10%', '9:29.40%']
                                                                                              <-> Client 0, global : from 30.04% to 11.15%, local : from 68.40% to 95.00%, training time : 8200msec
                                                     Cluster 27, round 1, loss : 3.58, accuracy 11.15% <-
                                                     Time past : 8200msec
                                                     ['0:0.00%', '1:1.80%', '2:0.00%', '3:0.00%', '4:99.90%', '5:0.00%', '6:0.00%', '7:0.00%', '8:4.00%', '9:5.80%']
                                          0msec<-
Central server round 83, loss : 1.82, accuracy :35.87%
Time past: 680600msec
['0:39.30%', '1:22.70%', '2:0.00%', '3:23.40%', '4:35.20%', '5:34.10%', '6:66.10%', '7:29.00%', '8:54.20%', '9:54.70%']
                                          ->0msec
                                                     -> Cluster 76, loss : 1.82, accuracy 35.87%, model from round 84
                                                     ['0:39.30%', '1:22.70%', '2:0.00%', '3:23.40%', '4:35.20%', '5:34.10%', '6:66.10%', '7:29.00%', '8:54.20%', '9:54.70%']
                                                                                              <-> Client 0, global : from 35.87% to 11.62%, local : from 22.20% to 95.60%, training time : 8200msec
                                                     Cluster 76, round 1, loss : 4.17, accuracy 11.62% <-
                                                     Time past : 8200msec
                                                     ['0:0.00%', '1:0.90%', '2:0.00%', '3:99.90%', '4:0.00%', '5:0.00%', '6:0.00%', '7:0.10%', '8:14.50%', '9:0.80%']
                                          0msec<-
                                          ->0msec
                                                     -> Cluster 64, loss : 1.82, accuracy 35.87%, model from round 84
                                                     ['0:39.30%', '1:22.70%', '2:0.00%', '3:23.40%', '4:35.20%', '5:34.10%', '6:66.10%', '7:29.00%', '8:54.20%', '9:54.70%']
                                                                                              <-> Client 0, global : from 35.87% to 11.54%, local : from 53.20% to 95.40%, training time : 8200msec
                                                     Cluster 64, round 1, loss : 4.07, accuracy 11.54% <-
                                                     Time past : 8200msec
                                                     ['0:0.00%', '1:0.00%', '2:0.00%', '3:0.00%', '4:8.10%', '5:0.00%', '6:4.10%', '7:3.20%', '8:100.00%', '9:0.00%']
                                          0msec<-
                                          ->0msec
                                                     -> Cluster 24, loss : 1.82, accuracy 35.87%, model from round 84
                                                     ['0:39.30%', '1:22.70%', '2:0.00%', '3:23.40%', '4:35.20%', '5:34.10%', '6:66.10%', '7:29.00%', '8:54.20%', '9:54.70%']
                                                                                              <-> Client 0, global : from 35.87% to 11.01%, local : from 36.20% to 95.20%, training time : 8200msec
                                                     Cluster 24, round 1, loss : 4.08, accuracy 11.01% <-
                                                     Time past : 8200msec
                                                     ['0:4.10%', '1:1.80%', '2:0.00%', '3:0.00%', '4:100.00%', '5:0.20%', '6:0.00%', '7:0.00%', '8:1.20%', '9:2.80%']
                                          0msec<-
                                          ->0msec
                                                     -> Cluster 65, loss : 1.82, accuracy 35.87%, model from round 84
                                                     ['0:39.30%', '1:22.70%', '2:0.00%', '3:23.40%', '4:35.20%', '5:34.10%', '6:66.10%', '7:29.00%', '8:54.20%', '9:54.70%']
                                                                                              <-> Client 0, global : from 35.87% to 12.33%, local : from 52.40% to 95.20%, training time : 8200msec
                                                     Cluster 65, round 1, loss : 3.83, accuracy 12.33% <-
                                                     Time past : 8200msec
                                                     ['0:0.00%', '1:0.00%', '2:0.00%', '3:0.00%', '4:1.80%', '5:3.60%', '6:11.70%', '7:6.20%', '8:100.00%', '9:0.00%']
                                          0msec<-
                                          ->0msec
                                                     -> Cluster 49, loss : 1.82, accuracy 35.87%, model from round 84
                                                     ['0:39.30%', '1:22.70%', '2:0.00%', '3:23.40%', '4:35.20%', '5:34.10%', '6:66.10%', '7:29.00%', '8:54.20%', '9:54.70%']
                                                                                              <-> Client 0, global : from 35.87% to 10.74%, local : from 1.80% to 95.00%, training time : 8200msec
                                                     Cluster 49, round 1, loss : 4.28, accuracy 10.74% <-
                                                     Time past : 8200msec
                                                     ['0:0.00%', '1:0.00%', '2:99.70%', '3:0.00%', '4:0.00%', '5:0.00%', '6:0.00%', '7:0.00%', '8:0.80%', '9:6.90%']
                                          0msec<-
                                          ->0msec
                                                     -> Cluster 66, loss : 1.82, accuracy 35.87%, model from round 84
                                                     ['0:39.30%', '1:22.70%', '2:0.00%', '3:23.40%', '4:35.20%', '5:34.10%', '6:66.10%', '7:29.00%', '8:54.20%', '9:54.70%']
                                                                                              <-> Client 0, global : from 35.87% to 13.92%, local : from 55.40% to 95.00%, training time : 8200msec
                                                     Cluster 66, round 1, loss : 3.14, accuracy 13.92% <-
                                                     Time past : 8200msec
                                                     ['0:0.00%', '1:0.00%', '2:0.00%', '3:1.00%', '4:8.20%', '5:4.20%', '6:22.00%', '7:3.80%', '8:99.70%', '9:0.30%']
                                          0msec<-
                                          ->0msec
                                                     -> Cluster 46, loss : 1.82, accuracy 35.87%, model from round 84
                                                     ['0:39.30%', '1:22.70%', '2:0.00%', '3:23.40%', '4:35.20%', '5:34.10%', '6:66.10%', '7:29.00%', '8:54.20%', '9:54.70%']
                                                                                              <-> Client 0, global : from 35.87% to 10.04%, local : from 1.80% to 95.00%, training time : 8200msec
                                                     Cluster 46, round 1, loss : 4.36, accuracy 10.04% <-
                                                     Time past : 8200msec
                                                     ['0:0.00%', '1:0.00%', '2:99.90%', '3:0.00%', '4:0.00%', '5:0.00%', '6:0.00%', '7:0.00%', '8:0.40%', '9:0.10%']
                                          0msec<-
                                          ->0msec
                                                     -> Cluster 25, loss : 1.82, accuracy 35.87%, model from round 84
                                                     ['0:39.30%', '1:22.70%', '2:0.00%', '3:23.40%', '4:35.20%', '5:34.10%', '6:66.10%', '7:29.00%', '8:54.20%', '9:54.70%']
                                                                                              <-> Client 0, global : from 35.87% to 11.88%, local : from 35.40% to 95.40%, training time : 8200msec
                                                     Cluster 25, round 1, loss : 3.50, accuracy 11.88% <-
                                                     Time past : 8200msec
                                                     ['0:1.70%', '1:5.20%', '2:0.00%', '3:0.00%', '4:99.80%', '5:0.00%', '6:0.00%', '7:0.00%', '8:12.10%', '9:0.00%']
                                          0msec<-
                                          ->0msec
                                                     -> Cluster 29, loss : 1.82, accuracy 35.87%, model from round 84
                                                     ['0:39.30%', '1:22.70%', '2:0.00%', '3:23.40%', '4:35.20%', '5:34.10%', '6:66.10%', '7:29.00%', '8:54.20%', '9:54.70%']
                                                                                              <-> Client 0, global : from 35.87% to 10.72%, local : from 36.80% to 95.00%, training time : 8200msec
                                                     Cluster 29, round 1, loss : 4.18, accuracy 10.72% <-
                                                     Time past : 8200msec
                                                     ['0:0.00%', '1:1.60%', '2:0.00%', '3:0.00%', '4:99.80%', '5:0.00%', '6:0.00%', '7:0.00%', '8:5.70%', '9:0.10%']
                                          0msec<-
                                          ->0msec
                                                     -> Cluster 84, loss : 1.82, accuracy 35.87%, model from round 84
                                                     ['0:39.30%', '1:22.70%', '2:0.00%', '3:23.40%', '4:35.20%', '5:34.10%', '6:66.10%', '7:29.00%', '8:54.20%', '9:54.70%']
                                                                                              <-> Client 0, global : from 35.87% to 11.04%, local : from 34.87% to 95.39%, training time : 8200msec
                                                     Cluster 84, round 1, loss : 3.70, accuracy 11.04% <-
                                                     Time past : 8200msec
                                                     ['0:0.60%', '1:0.30%', '2:0.00%', '3:0.00%', '4:0.00%', '5:100.00%', '6:0.00%', '7:0.00%', '8:4.80%', '9:4.70%']
                                          0msec<-
Central server round 84, loss : 1.98, accuracy :24.90%
Time past: 688800msec
['0:0.60%', '1:17.10%', '2:3.60%', '3:10.30%', '4:82.90%', '5:16.40%', '6:0.50%', '7:8.30%', '8:85.90%', '9:23.40%']
                                          ->0msec
                                                     -> Cluster 74, loss : 1.98, accuracy 24.90%, model from round 85
                                                     ['0:0.60%', '1:17.10%', '2:3.60%', '3:10.30%', '4:82.90%', '5:16.40%', '6:0.50%', '7:8.30%', '8:85.90%', '9:23.40%']
                                                                                              <-> Client 0, global : from 24.90% to 10.15%, local : from 10.20% to 95.20%, training time : 8200msec
                                                     Cluster 74, round 1, loss : 4.45, accuracy 10.15% <-
                                                     Time past : 8200msec
                                                     ['0:0.00%', '1:0.00%', '2:0.00%', '3:100.00%', '4:0.00%', '5:0.00%', '6:0.00%', '7:0.00%', '8:1.50%', '9:0.00%']
                                          0msec<-
                                          ->0msec
                                                     -> Cluster 64, loss : 1.98, accuracy 24.90%, model from round 85
                                                     ['0:0.60%', '1:17.10%', '2:3.60%', '3:10.30%', '4:82.90%', '5:16.40%', '6:0.50%', '7:8.30%', '8:85.90%', '9:23.40%']
                                                                                              <-> Client 0, global : from 24.90% to 12.53%, local : from 84.40% to 95.60%, training time : 8200msec
                                                     Cluster 64, round 1, loss : 3.46, accuracy 12.53% <-
                                                     Time past : 8200msec
                                                     ['0:0.00%', '1:0.00%', '2:0.10%', '3:0.10%', '4:12.70%', '5:0.00%', '6:2.10%', '7:10.20%', '8:100.00%', '9:0.10%']
                                          0msec<-
                                          ->0msec
                                                     -> Cluster 8, loss : 1.98, accuracy 24.90%, model from round 85
                                                     ['0:0.60%', '1:17.10%', '2:3.60%', '3:10.30%', '4:82.90%', '5:16.40%', '6:0.50%', '7:8.30%', '8:85.90%', '9:23.40%']
                                                                                              <-> Client 0, global : from 24.90% to 14.82%, local : from 2.20% to 95.40%, training time : 8200msec
                                                     Cluster 8, round 1, loss : 3.36, accuracy 14.82% <-
                                                     Time past : 8200msec
                                                     ['0:1.50%', '1:2.90%', '2:0.00%', '3:0.00%', '4:0.00%', '5:0.00%', '6:100.00%', '7:0.00%', '8:24.50%', '9:19.30%']
                                          0msec<-
                                          ->0msec
                                                     -> Cluster 72, loss : 1.98, accuracy 24.90%, model from round 85
                                                     ['0:0.60%', '1:17.10%', '2:3.60%', '3:10.30%', '4:82.90%', '5:16.40%', '6:0.50%', '7:8.30%', '8:85.90%', '9:23.40%']
                                                                                              <-> Client 0, global : from 24.90% to 10.42%, local : from 13.00% to 95.00%, training time : 8200msec
                                                     Cluster 72, round 1, loss : 3.94, accuracy 10.42% <-
                                                     Time past : 8200msec
                                                     ['0:0.00%', '1:0.00%', '2:0.00%', '3:100.00%', '4:0.00%', '5:0.00%', '6:0.00%', '7:0.00%', '8:3.30%', '9:0.90%']
                                          0msec<-
                                          ->0msec
                                                     -> Cluster 50, loss : 1.98, accuracy 24.90%, model from round 85
                                                     ['0:0.60%', '1:17.10%', '2:3.60%', '3:10.30%', '4:82.90%', '5:16.40%', '6:0.50%', '7:8.30%', '8:85.90%', '9:23.40%']
                                                                                              <-> Client 0, global : from 24.90% to 12.09%, local : from 7.19% to 95.21%, training time : 8200msec
                                                     Cluster 50, round 1, loss : 3.10, accuracy 12.09% <-
                                                     Time past : 8200msec
                                                     ['0:10.50%', '1:1.30%', '2:0.00%', '3:0.00%', '4:0.00%', '5:0.40%', '6:0.00%', '7:100.00%', '8:2.30%', '9:6.40%']
                                          0msec<-
                                          ->0msec
                                                     -> Cluster 11, loss : 1.98, accuracy 24.90%, model from round 85
                                                     ['0:0.60%', '1:17.10%', '2:3.60%', '3:10.30%', '4:82.90%', '5:16.40%', '6:0.50%', '7:8.30%', '8:85.90%', '9:23.40%']
                                                                                              <-> Client 0, global : from 24.90% to 11.77%, local : from 23.55% to 95.41%, training time : 8200msec
                                                     Cluster 11, round 1, loss : 3.35, accuracy 11.77% <-
                                                     Time past : 8200msec
                                                     ['0:0.00%', '1:0.00%', '2:0.00%', '3:1.30%', '4:1.30%', '5:0.50%', '6:14.00%', '7:1.00%', '8:0.00%', '9:99.60%']
                                          0msec<-
                                          ->0msec
                                                     -> Cluster 51, loss : 1.98, accuracy 24.90%, model from round 85
                                                     ['0:0.60%', '1:17.10%', '2:3.60%', '3:10.30%', '4:82.90%', '5:16.40%', '6:0.50%', '7:8.30%', '8:85.90%', '9:23.40%']
                                                                                              <-> Client 0, global : from 24.90% to 10.57%, local : from 6.19% to 94.81%, training time : 8200msec
                                                     Cluster 51, round 1, loss : 4.54, accuracy 10.57% <-
                                                     Time past : 8200msec
                                                     ['0:0.10%', '1:0.00%', '2:0.00%', '3:0.00%', '4:0.00%', '5:0.00%', '6:0.00%', '7:99.90%', '8:5.70%', '9:0.00%']
                                          0msec<-
                                          ->0msec
                                                     -> Cluster 65, loss : 1.98, accuracy 24.90%, model from round 85
                                                     ['0:0.60%', '1:17.10%', '2:3.60%', '3:10.30%', '4:82.90%', '5:16.40%', '6:0.50%', '7:8.30%', '8:85.90%', '9:23.40%']
                                                                                              <-> Client 0, global : from 24.90% to 11.88%, local : from 81.00% to 95.00%, training time : 8200msec
                                                     Cluster 65, round 1, loss : 4.09, accuracy 11.88% <-
                                                     Time past : 8200msec
                                                     ['0:0.00%', '1:0.00%', '2:0.00%', '3:0.00%', '4:0.70%', '5:1.70%', '6:11.30%', '7:5.10%', '8:100.00%', '9:0.00%']
                                          0msec<-
                                          ->0msec
                                                     -> Cluster 73, loss : 1.98, accuracy 24.90%, model from round 85
                                                     ['0:0.60%', '1:17.10%', '2:3.60%', '3:10.30%', '4:82.90%', '5:16.40%', '6:0.50%', '7:8.30%', '8:85.90%', '9:23.40%']
                                                                                              <-> Client 0, global : from 24.90% to 10.12%, local : from 11.60% to 95.00%, training time : 8200msec
                                                     Cluster 73, round 1, loss : 4.45, accuracy 10.12% <-
                                                     Time past : 8200msec
                                                     ['0:1.20%', '1:0.00%', '2:0.00%', '3:100.00%', '4:0.00%', '5:0.00%', '6:0.00%', '7:0.00%', '8:0.00%', '9:0.00%']
                                          0msec<-
                                          ->0msec
                                                     -> Cluster 82, loss : 1.98, accuracy 24.90%, model from round 85
                                                     ['0:0.60%', '1:17.10%', '2:3.60%', '3:10.30%', '4:82.90%', '5:16.40%', '6:0.50%', '7:8.30%', '8:85.90%', '9:23.40%']
                                                                                              <-> Client 0, global : from 24.90% to 11.00%, local : from 18.40% to 95.00%, training time : 8200msec
                                                     Cluster 82, round 1, loss : 4.82, accuracy 11.00% <-
                                                     Time past : 8200msec
                                                     ['0:0.60%', '1:0.00%', '2:0.00%', '3:0.00%', '4:0.00%', '5:100.00%', '6:0.00%', '7:0.00%', '8:9.40%', '9:0.00%']
                                          0msec<-
Central server round 85, loss : 1.93, accuracy :28.99%
Time past: 697000msec
['0:4.40%', '1:10.10%', '2:0.00%', '3:74.20%', '4:0.00%', '5:4.10%', '6:35.70%', '7:50.60%', '8:69.60%', '9:41.20%']
                                          ->0msec
                                                     -> Cluster 75, loss : 1.93, accuracy 28.99%, model from round 86
                                                     ['0:4.40%', '1:10.10%', '2:0.00%', '3:74.20%', '4:0.00%', '5:4.10%', '6:35.70%', '7:50.60%', '8:69.60%', '9:41.20%']
                                                                                              <-> Client 0, global : from 28.99% to 11.28%, local : from 69.60% to 95.00%, training time : 8200msec
                                                     Cluster 75, round 1, loss : 3.25, accuracy 11.28% <-
                                                     Time past : 8200msec
                                                     ['0:1.70%', '1:0.90%', '2:0.00%', '3:100.00%', '4:0.00%', '5:0.00%', '6:0.00%', '7:0.00%', '8:7.70%', '9:2.50%']
                                          0msec<-
                                          ->0msec
                                                     -> Cluster 95, loss : 1.93, accuracy 28.99%, model from round 86
                                                     ['0:4.40%', '1:10.10%', '2:0.00%', '3:74.20%', '4:0.00%', '5:4.10%', '6:35.70%', '7:50.60%', '8:69.60%', '9:41.20%']
                                                                                              <-> Client 0, global : from 28.99% to 11.03%, local : from 8.02% to 95.19%, training time : 8200msec
                                                     Cluster 95, round 1, loss : 2.98, accuracy 11.03% <-
                                                     Time past : 8200msec
                                                     ['0:99.60%', '1:0.00%', '2:0.00%', '3:0.00%', '4:0.00%', '5:0.00%', '6:10.30%', '7:0.00%', '8:0.00%', '9:0.40%']
                                          0msec<-
                                          ->0msec
                                                     -> Cluster 40, loss : 1.93, accuracy 28.99%, model from round 86
                                                     ['0:4.40%', '1:10.10%', '2:0.00%', '3:74.20%', '4:0.00%', '5:4.10%', '6:35.70%', '7:50.60%', '8:69.60%', '9:41.20%']
                                                                                              <-> Client 0, global : from 28.99% to 9.99%, local : from 1.60% to 94.81%, training time : 8200msec
                                                     Cluster 40, round 1, loss : 4.43, accuracy 9.99% <-
                                                     Time past : 8200msec
                                                     ['0:0.00%', '1:0.00%', '2:99.90%', '3:0.00%', '4:0.00%', '5:0.00%', '6:0.00%', '7:0.00%', '8:0.00%', '9:0.00%']
                                          0msec<-
                                          ->0msec
                                                     -> Cluster 19, loss : 1.93, accuracy 28.99%, model from round 86
                                                     ['0:4.40%', '1:10.10%', '2:0.00%', '3:74.20%', '4:0.00%', '5:4.10%', '6:35.70%', '7:50.60%', '8:69.60%', '9:41.20%']
                                                                                              <-> Client 0, global : from 28.99% to 10.17%, local : from 40.80% to 95.00%, training time : 8200msec
                                                     Cluster 19, round 1, loss : 3.95, accuracy 10.17% <-
                                                     Time past : 8200msec
                                                     ['0:0.10%', '1:0.00%', '2:0.00%', '3:0.00%', '4:0.00%', '5:1.30%', '6:0.20%', '7:0.00%', '8:0.10%', '9:100.00%']
                                          0msec<-
                                          ->0msec
                                                     -> Cluster 76, loss : 1.93, accuracy 28.99%, model from round 86
                                                     ['0:4.40%', '1:10.10%', '2:0.00%', '3:74.20%', '4:0.00%', '5:4.10%', '6:35.70%', '7:50.60%', '8:69.60%', '9:41.20%']
                                                                                              <-> Client 0, global : from 28.99% to 12.76%, local : from 73.00% to 95.60%, training time : 8200msec
                                                     Cluster 76, round 1, loss : 3.75, accuracy 12.76% <-
                                                     Time past : 8200msec
                                                     ['0:0.20%', '1:0.60%', '2:0.00%', '3:99.70%', '4:0.00%', '5:0.00%', '6:0.00%', '7:0.20%', '8:22.60%', '9:4.30%']
                                          0msec<-
                                          ->0msec
                                                     -> Cluster 71, loss : 1.93, accuracy 28.99%, model from round 86
                                                     ['0:4.40%', '1:10.10%', '2:0.00%', '3:74.20%', '4:0.00%', '5:4.10%', '6:35.70%', '7:50.60%', '8:69.60%', '9:41.20%']
                                                                                              <-> Client 0, global : from 28.99% to 13.36%, local : from 72.00% to 95.80%, training time : 8200msec
                                                     Cluster 71, round 1, loss : 3.24, accuracy 13.36% <-
                                                     Time past : 8200msec
                                                     ['0:0.80%', '1:4.60%', '2:0.00%', '3:99.60%', '4:0.00%', '5:0.00%', '6:0.00%', '7:0.20%', '8:8.00%', '9:20.40%']
                                          0msec<-
                                          ->0msec
                                                     -> Cluster 35, loss : 1.93, accuracy 28.99%, model from round 86
                                                     ['0:4.40%', '1:10.10%', '2:0.00%', '3:74.20%', '4:0.00%', '5:4.10%', '6:35.70%', '7:50.60%', '8:69.60%', '9:41.20%']
                                                                                              <-> Client 0, global : from 28.99% to 10.89%, local : from 12.40% to 95.20%, training time : 8200msec
                                                     Cluster 35, round 1, loss : 3.11, accuracy 10.89% <-
                                                     Time past : 8200msec
                                                     ['0:0.00%', '1:100.00%', '2:0.00%', '3:0.00%', '4:7.50%', '5:0.10%', '6:1.30%', '7:0.00%', '8:0.00%', '9:0.00%']
                                          0msec<-
                                          ->0msec
                                                     -> Cluster 8, loss : 1.93, accuracy 28.99%, model from round 86
                                                     ['0:4.40%', '1:10.10%', '2:0.00%', '3:74.20%', '4:0.00%', '5:4.10%', '6:35.70%', '7:50.60%', '8:69.60%', '9:41.20%']
                                                                                              <-> Client 0, global : from 28.99% to 14.64%, local : from 36.40% to 95.40%, training time : 8200msec
                                                     Cluster 8, round 1, loss : 3.51, accuracy 14.64% <-
                                                     Time past : 8200msec
                                                     ['0:3.70%', '1:2.40%', '2:0.00%', '3:0.00%', '4:0.00%', '5:0.00%', '6:100.00%', '7:0.00%', '8:19.60%', '9:20.70%']
                                          0msec<-
                                          ->0msec
                                                     -> Cluster 77, loss : 1.93, accuracy 28.99%, model from round 86
                                                     ['0:4.40%', '1:10.10%', '2:0.00%', '3:74.20%', '4:0.00%', '5:4.10%', '6:35.70%', '7:50.60%', '8:69.60%', '9:41.20%']
                                                                                              <-> Client 0, global : from 28.99% to 11.43%, local : from 71.60% to 95.60%, training time : 8200msec
                                                     Cluster 77, round 1, loss : 4.29, accuracy 11.43% <-
                                                     Time past : 8200msec
                                                     ['0:0.10%', '1:0.10%', '2:0.00%', '3:100.00%', '4:0.00%', '5:0.00%', '6:0.00%', '7:0.10%', '8:14.00%', '9:0.00%']
                                          0msec<-
                                          ->0msec
                                                     -> Cluster 99, loss : 1.93, accuracy 28.99%, model from round 86
                                                     ['0:4.40%', '1:10.10%', '2:0.00%', '3:74.20%', '4:0.00%', '5:4.10%', '6:35.70%', '7:50.60%', '8:69.60%', '9:41.20%']
                                                                                              <-> Client 0, global : from 28.99% to 10.01%, local : from 4.21% to 95.19%, training time : 8200msec
                                                     Cluster 99, round 1, loss : 3.86, accuracy 10.01% <-
                                                     Time past : 8200msec
                                                     ['0:100.00%', '1:0.00%', '2:0.00%', '3:0.00%', '4:0.00%', '5:0.10%', '6:0.00%', '7:0.00%', '8:0.00%', '9:0.00%']
                                          0msec<-
Central server round 86, loss : 1.96, accuracy :26.55%
Time past: 705200msec
['0:55.60%', '1:24.90%', '2:0.50%', '3:86.70%', '4:0.90%', '5:0.00%', '6:16.40%', '7:10.60%', '8:17.90%', '9:52.00%']
                                          ->0msec
                                                     -> Cluster 47, loss : 1.96, accuracy 26.55%, model from round 87
                                                     ['0:55.60%', '1:24.90%', '2:0.50%', '3:86.70%', '4:0.90%', '5:0.00%', '6:16.40%', '7:10.60%', '8:17.90%', '9:52.00%']
                                                                                              <-> Client 0, global : from 26.55% to 10.00%, local : from 2.00% to 95.00%, training time : 8200msec
                                                     Cluster 47, round 1, loss : 4.18, accuracy 10.00% <-
                                                     Time past : 8200msec
                                                     ['0:0.00%', '1:0.10%', '2:99.90%', '3:0.00%', '4:0.00%', '5:0.00%', '6:0.00%', '7:0.00%', '8:0.00%', '9:0.00%']
                                          0msec<-
                                          ->0msec
                                                     -> Cluster 96, loss : 1.96, accuracy 26.55%, model from round 87
                                                     ['0:55.60%', '1:24.90%', '2:0.50%', '3:86.70%', '4:0.90%', '5:0.00%', '6:16.40%', '7:10.60%', '8:17.90%', '9:52.00%']
                                                                                              <-> Client 0, global : from 26.55% to 10.11%, local : from 50.70% to 95.19%, training time : 8200msec
                                                     Cluster 96, round 1, loss : 3.34, accuracy 10.11% <-
                                                     Time past : 8200msec
                                                     ['0:100.00%', '1:0.00%', '2:0.00%', '3:0.40%', '4:0.00%', '5:0.20%', '6:0.00%', '7:0.00%', '8:0.00%', '9:0.50%']
                                          0msec<-
                                          ->0msec
                                                     -> Cluster 70, loss : 1.96, accuracy 26.55%, model from round 87
                                                     ['0:55.60%', '1:24.90%', '2:0.50%', '3:86.70%', '4:0.90%', '5:0.00%', '6:16.40%', '7:10.60%', '8:17.90%', '9:52.00%']
                                                                                              <-> Client 0, global : from 26.55% to 10.16%, local : from 82.60% to 95.00%, training time : 8200msec
                                                     Cluster 70, round 1, loss : 3.86, accuracy 10.16% <-
                                                     Time past : 8200msec
                                                     ['0:0.10%', '1:0.00%', '2:0.00%', '3:100.00%', '4:0.00%', '5:0.00%', '6:0.00%', '7:0.00%', '8:1.50%', '9:0.00%']
                                          0msec<-
                                          ->0msec
                                                     -> Cluster 4, loss : 1.96, accuracy 26.55%, model from round 87
                                                     ['0:55.60%', '1:24.90%', '2:0.50%', '3:86.70%', '4:0.90%', '5:0.00%', '6:16.40%', '7:10.60%', '8:17.90%', '9:52.00%']
                                                                                              <-> Client 0, global : from 26.55% to 16.23%, local : from 13.60% to 95.00%, training time : 8200msec
                                                     Cluster 4, round 1, loss : 3.29, accuracy 16.23% <-
                                                     Time past : 8200msec
                                                     ['0:35.60%', '1:2.50%', '2:0.00%', '3:0.00%', '4:0.00%', '5:0.00%', '6:99.90%', '7:0.70%', '8:17.50%', '9:6.10%']
                                          0msec<-
                                          ->0msec
                                                     -> Cluster 81, loss : 1.96, accuracy 26.55%, model from round 87
                                                     ['0:55.60%', '1:24.90%', '2:0.50%', '3:86.70%', '4:0.90%', '5:0.00%', '6:16.40%', '7:10.60%', '8:17.90%', '9:52.00%']
                                                                                              <-> Client 0, global : from 26.55% to 10.25%, local : from 1.00% to 95.20%, training time : 8200msec
                                                     Cluster 81, round 1, loss : 3.88, accuracy 10.25% <-
                                                     Time past : 8200msec
                                                     ['0:0.20%', '1:0.00%', '2:0.00%', '3:0.00%', '4:0.00%', '5:100.00%', '6:0.00%', '7:0.00%', '8:0.70%', '9:1.60%']
                                          0msec<-
                                          ->0msec
                                                     -> Cluster 74, loss : 1.96, accuracy 26.55%, model from round 87
                                                     ['0:55.60%', '1:24.90%', '2:0.50%', '3:86.70%', '4:0.90%', '5:0.00%', '6:16.40%', '7:10.60%', '8:17.90%', '9:52.00%']
                                                                                              <-> Client 0, global : from 26.55% to 10.61%, local : from 82.80% to 95.20%, training time : 8200msec
                                                     Cluster 74, round 1, loss : 4.14, accuracy 10.61% <-
                                                     Time past : 8200msec
                                                     ['0:0.10%', '1:0.00%', '2:0.00%', '3:100.00%', '4:0.00%', '5:0.00%', '6:0.00%', '7:0.00%', '8:5.60%', '9:0.40%']
                                          0msec<-
                                          ->0msec
                                                     -> Cluster 9, loss : 1.96, accuracy 26.55%, model from round 87
                                                     ['0:55.60%', '1:24.90%', '2:0.50%', '3:86.70%', '4:0.90%', '5:0.00%', '6:16.40%', '7:10.60%', '8:17.90%', '9:52.00%']
                                                                                              <-> Client 0, global : from 26.55% to 16.91%, local : from 15.00% to 96.40%, training time : 8200msec
                                                     Cluster 9, round 1, loss : 3.36, accuracy 16.91% <-
                                                     Time past : 8200msec
                                                     ['0:33.00%', '1:7.40%', '2:0.00%', '3:0.00%', '4:0.00%', '5:0.00%', '6:99.90%', '7:0.00%', '8:14.00%', '9:14.80%']
                                          0msec<-
                                          ->0msec
                                                     -> Cluster 62, loss : 1.96, accuracy 26.55%, model from round 87
                                                     ['0:55.60%', '1:24.90%', '2:0.50%', '3:86.70%', '4:0.90%', '5:0.00%', '6:16.40%', '7:10.60%', '8:17.90%', '9:52.00%']
                                                                                              <-> Client 0, global : from 26.55% to 12.20%, local : from 18.80% to 94.80%, training time : 8200msec
                                                     Cluster 62, round 1, loss : 3.41, accuracy 12.20% <-
                                                     Time past : 8200msec
                                                     ['0:0.00%', '1:0.20%', '2:0.10%', '3:1.50%', '4:3.40%', '5:0.00%', '6:14.70%', '7:2.00%', '8:100.00%', '9:0.10%']
                                          0msec<-
                                          ->0msec
                                                     -> Cluster 10, loss : 1.96, accuracy 26.55%, model from round 87
                                                     ['0:55.60%', '1:24.90%', '2:0.50%', '3:86.70%', '4:0.90%', '5:0.00%', '6:16.40%', '7:10.60%', '8:17.90%', '9:52.00%']
                                                                                              <-> Client 0, global : from 26.55% to 10.01%, local : from 46.91% to 94.81%, training time : 8200msec
                                                     Cluster 10, round 1, loss : 3.97, accuracy 10.01% <-
                                                     Time past : 8200msec
                                                     ['0:0.00%', '1:0.00%', '2:0.10%', '3:0.00%', '4:0.00%', '5:0.00%', '6:0.00%', '7:0.00%', '8:0.00%', '9:100.00%']
                                          0msec<-
                                          ->0msec
                                                     -> Cluster 69, loss : 1.96, accuracy 26.55%, model from round 87
                                                     ['0:55.60%', '1:24.90%', '2:0.50%', '3:86.70%', '4:0.90%', '5:0.00%', '6:16.40%', '7:10.60%', '8:17.90%', '9:52.00%']
                                                                                              <-> Client 0, global : from 26.55% to 13.03%, local : from 16.40% to 96.00%, training time : 8200msec
                                                     Cluster 69, round 1, loss : 4.19, accuracy 13.03% <-
                                                     Time past : 8200msec
                                                     ['0:0.00%', '1:0.00%', '2:0.10%', '3:0.10%', '4:14.20%', '5:0.00%', '6:15.30%', '7:0.60%', '8:100.00%', '9:0.00%']
                                          0msec<-
Central server round 87, loss : 1.85, accuracy :33.33%
Time past: 713400msec
['0:33.90%', '1:18.40%', '2:16.20%', '3:42.70%', '4:0.20%', '5:13.00%', '6:68.70%', '7:20.90%', '8:67.50%', '9:51.80%']
                                          ->0msec
                                                     -> Cluster 51, loss : 1.85, accuracy 33.33%, model from round 88
                                                     ['0:33.90%', '1:18.40%', '2:16.20%', '3:42.70%', '4:0.20%', '5:13.00%', '6:68.70%', '7:20.90%', '8:67.50%', '9:51.80%']
                                                                                              <-> Client 0, global : from 33.33% to 12.01%, local : from 19.56% to 95.01%, training time : 8200msec
                                                     Cluster 51, round 1, loss : 3.82, accuracy 12.01% <-
                                                     Time past : 8200msec
                                                     ['0:5.40%', '1:0.40%', '2:0.00%', '3:0.00%', '4:0.00%', '5:0.00%', '6:0.00%', '7:99.50%', '8:14.80%', '9:0.00%']
                                          0msec<-
                                          ->0msec
                                                     -> Cluster 40, loss : 1.85, accuracy 33.33%, model from round 88
                                                     ['0:33.90%', '1:18.40%', '2:16.20%', '3:42.70%', '4:0.20%', '5:13.00%', '6:68.70%', '7:20.90%', '8:67.50%', '9:51.80%']
                                                                                              <-> Client 0, global : from 33.33% to 10.58%, local : from 15.37% to 94.81%, training time : 8200msec
                                                     Cluster 40, round 1, loss : 3.48, accuracy 10.58% <-
                                                     Time past : 8200msec
                                                     ['0:0.00%', '1:0.00%', '2:99.90%', '3:0.00%', '4:0.00%', '5:0.00%', '6:0.00%', '7:0.00%', '8:0.00%', '9:5.90%']
                                          0msec<-
                                          ->0msec
                                                     -> Cluster 65, loss : 1.85, accuracy 33.33%, model from round 88
                                                     ['0:33.90%', '1:18.40%', '2:16.20%', '3:42.70%', '4:0.20%', '5:13.00%', '6:68.70%', '7:20.90%', '8:67.50%', '9:51.80%']
                                                                                              <-> Client 0, global : from 33.33% to 12.33%, local : from 65.40% to 95.20%, training time : 8200msec
                                                     Cluster 65, round 1, loss : 4.04, accuracy 12.33% <-
                                                     Time past : 8200msec
                                                     ['0:0.00%', '1:0.00%', '2:0.00%', '3:0.00%', '4:0.00%', '5:3.00%', '6:14.90%', '7:5.40%', '8:100.00%', '9:0.00%']
                                          0msec<-
                                          ->0msec
                                                     -> Cluster 53, loss : 1.85, accuracy 33.33%, model from round 88
                                                     ['0:33.90%', '1:18.40%', '2:16.20%', '3:42.70%', '4:0.20%', '5:13.00%', '6:68.70%', '7:20.90%', '8:67.50%', '9:51.80%']
                                                                                              <-> Client 0, global : from 33.33% to 11.43%, local : from 21.00% to 95.20%, training time : 8200msec
                                                     Cluster 53, round 1, loss : 3.74, accuracy 11.43% <-
                                                     Time past : 8200msec
                                                     ['0:4.10%', '1:1.20%', '2:0.00%', '3:0.00%', '4:0.00%', '5:0.00%', '6:0.00%', '7:99.90%', '8:8.80%', '9:0.30%']
                                          0msec<-
                                          ->0msec
                                                     -> Cluster 46, loss : 1.85, accuracy 33.33%, model from round 88
                                                     ['0:33.90%', '1:18.40%', '2:16.20%', '3:42.70%', '4:0.20%', '5:13.00%', '6:68.70%', '7:20.90%', '8:67.50%', '9:51.80%']
                                                                                              <-> Client 0, global : from 33.33% to 11.17%, local : from 19.80% to 95.00%, training time : 8200msec
                                                     Cluster 46, round 1, loss : 3.41, accuracy 11.17% <-
                                                     Time past : 8200msec
                                                     ['0:0.40%', '1:1.00%', '2:99.70%', '3:0.00%', '4:0.00%', '5:0.00%', '6:0.00%', '7:0.00%', '8:7.50%', '9:3.10%']
                                          0msec<-
                                          ->0msec
                                                     -> Cluster 43, loss : 1.85, accuracy 33.33%, model from round 88
                                                     ['0:33.90%', '1:18.40%', '2:16.20%', '3:42.70%', '4:0.20%', '5:13.00%', '6:68.70%', '7:20.90%', '8:67.50%', '9:51.80%']
                                                                                              <-> Client 0, global : from 33.33% to 10.58%, local : from 18.00% to 95.20%, training time : 8200msec
                                                     Cluster 43, round 1, loss : 4.00, accuracy 10.58% <-
                                                     Time past : 8200msec
                                                     ['0:0.00%', '1:0.60%', '2:99.80%', '3:0.00%', '4:0.00%', '5:0.00%', '6:0.00%', '7:0.00%', '8:5.40%', '9:0.00%']
                                          0msec<-
                                          ->0msec
                                                     -> Cluster 33, loss : 1.85, accuracy 33.33%, model from round 88
                                                     ['0:33.90%', '1:18.40%', '2:16.20%', '3:42.70%', '4:0.20%', '5:13.00%', '6:68.70%', '7:20.90%', '8:67.50%', '9:51.80%']
                                                                                              <-> Client 0, global : from 33.33% to 10.14%, local : from 19.40% to 95.00%, training time : 8200msec
                                                     Cluster 33, round 1, loss : 3.58, accuracy 10.14% <-
                                                     Time past : 8200msec
                                                     ['0:0.00%', '1:100.00%', '2:0.00%', '3:0.30%', '4:1.10%', '5:0.00%', '6:0.00%', '7:0.00%', '8:0.00%', '9:0.00%']
                                          0msec<-
                                          ->0msec
                                                     -> Cluster 77, loss : 1.85, accuracy 33.33%, model from round 88
                                                     ['0:33.90%', '1:18.40%', '2:16.20%', '3:42.70%', '4:0.20%', '5:13.00%', '6:68.70%', '7:20.90%', '8:67.50%', '9:51.80%']
                                                                                              <-> Client 0, global : from 33.33% to 12.07%, local : from 42.20% to 95.80%, training time : 8200msec
                                                     Cluster 77, round 1, loss : 3.74, accuracy 12.07% <-
                                                     Time past : 8200msec
                                                     ['0:0.30%', '1:0.20%', '2:0.00%', '3:99.80%', '4:0.00%', '5:0.00%', '6:0.00%', '7:0.10%', '8:20.30%', '9:0.00%']
                                          0msec<-
                                          ->0msec
                                                     -> Cluster 47, loss : 1.85, accuracy 33.33%, model from round 88
                                                     ['0:33.90%', '1:18.40%', '2:16.20%', '3:42.70%', '4:0.20%', '5:13.00%', '6:68.70%', '7:20.90%', '8:67.50%', '9:51.80%']
                                                                                              <-> Client 0, global : from 33.33% to 10.35%, local : from 18.60% to 95.00%, training time : 8200msec
                                                     Cluster 47, round 1, loss : 3.35, accuracy 10.35% <-
                                                     Time past : 8200msec
                                                     ['0:0.00%', '1:2.00%', '2:99.90%', '3:0.00%', '4:0.00%', '5:0.00%', '6:0.00%', '7:0.10%', '8:1.00%', '9:0.50%']
                                          0msec<-
                                          ->0msec
                                                     -> Cluster 4, loss : 1.85, accuracy 33.33%, model from round 88
                                                     ['0:33.90%', '1:18.40%', '2:16.20%', '3:42.70%', '4:0.20%', '5:13.00%', '6:68.70%', '7:20.90%', '8:67.50%', '9:51.80%']
                                                                                              <-> Client 0, global : from 33.33% to 15.42%, local : from 64.20% to 95.40%, training time : 8200msec
                                                     Cluster 4, round 1, loss : 3.51, accuracy 15.42% <-
                                                     Time past : 8200msec
                                                     ['0:38.60%', '1:0.50%', '2:0.00%', '3:0.00%', '4:0.00%', '5:0.00%', '6:99.90%', '7:0.20%', '8:13.30%', '9:1.70%']
                                          0msec<-
Central server round 88, loss : 1.93, accuracy :27.82%
Time past: 721600msec
['0:20.10%', '1:34.30%', '2:79.40%', '3:5.50%', '4:0.00%', '5:3.10%', '6:12.00%', '7:44.90%', '8:59.80%', '9:19.10%']
                                          ->0msec
                                                     -> Cluster 10, loss : 1.93, accuracy 27.82%, model from round 89
                                                     ['0:20.10%', '1:34.30%', '2:79.40%', '3:5.50%', '4:0.00%', '5:3.10%', '6:12.00%', '7:44.90%', '8:59.80%', '9:19.10%']
                                                                                              <-> Client 0, global : from 27.82% to 10.02%, local : from 18.36% to 94.81%, training time : 8200msec
                                                     Cluster 10, round 1, loss : 3.81, accuracy 10.02% <-
                                                     Time past : 8200msec
                                                     ['0:0.00%', '1:0.00%', '2:0.10%', '3:0.00%', '4:0.00%', '5:0.10%', '6:0.00%', '7:0.00%', '8:0.00%', '9:100.00%']
                                          0msec<-
                                          ->0msec
                                                     -> Cluster 16, loss : 1.93, accuracy 27.82%, model from round 89
                                                     ['0:20.10%', '1:34.30%', '2:79.40%', '3:5.50%', '4:0.00%', '5:3.10%', '6:12.00%', '7:44.90%', '8:59.80%', '9:19.10%']
                                                                                              <-> Client 0, global : from 27.82% to 13.64%, local : from 19.00% to 95.40%, training time : 8200msec
                                                     Cluster 16, round 1, loss : 2.95, accuracy 13.64% <-
                                                     Time past : 8200msec
                                                     ['0:0.00%', '1:0.00%', '2:0.00%', '3:5.90%', '4:0.90%', '5:1.30%', '6:28.10%', '7:0.00%', '8:1.20%', '9:99.00%']
                                          0msec<-
                                          ->0msec
                                                     -> Cluster 36, loss : 1.93, accuracy 27.82%, model from round 89
                                                     ['0:20.10%', '1:34.30%', '2:79.40%', '3:5.50%', '4:0.00%', '5:3.10%', '6:12.00%', '7:44.90%', '8:59.80%', '9:19.10%']
                                                                                              <-> Client 0, global : from 27.82% to 10.69%, local : from 33.00% to 95.00%, training time : 8200msec
                                                     Cluster 36, round 1, loss : 3.31, accuracy 10.69% <-
                                                     Time past : 8200msec
                                                     ['0:1.70%', '1:99.90%', '2:0.00%', '3:0.40%', '4:0.00%', '5:0.20%', '6:0.50%', '7:2.50%', '8:1.70%', '9:0.00%']
                                          0msec<-
                                          ->0msec
                                                     -> Cluster 70, loss : 1.93, accuracy 27.82%, model from round 89
                                                     ['0:20.10%', '1:34.30%', '2:79.40%', '3:5.50%', '4:0.00%', '5:3.10%', '6:12.00%', '7:44.90%', '8:59.80%', '9:19.10%']
                                                                                              <-> Client 0, global : from 27.82% to 10.35%, local : from 7.80% to 95.00%, training time : 8200msec
                                                     Cluster 70, round 1, loss : 4.18, accuracy 10.35% <-
                                                     Time past : 8200msec
                                                     ['0:0.10%', '1:0.00%', '2:0.00%', '3:100.00%', '4:0.00%', '5:0.00%', '6:0.00%', '7:0.00%', '8:3.40%', '9:0.00%']
                                          0msec<-
                                          ->0msec
                                                     -> Cluster 92, loss : 1.93, accuracy 27.82%, model from round 89
                                                     ['0:20.10%', '1:34.30%', '2:79.40%', '3:5.50%', '4:0.00%', '5:3.10%', '6:12.00%', '7:44.90%', '8:59.80%', '9:19.10%']
                                                                                              <-> Client 0, global : from 27.82% to 10.54%, local : from 18.00% to 95.00%, training time : 8200msec
                                                     Cluster 92, round 1, loss : 3.97, accuracy 10.54% <-
                                                     Time past : 8200msec
                                                     ['0:99.90%', '1:0.00%', '2:0.00%', '3:0.00%', '4:0.50%', '5:0.00%', '6:5.00%', '7:0.00%', '8:0.00%', '9:0.00%']
                                          0msec<-
                                          ->0msec
                                                     -> Cluster 82, loss : 1.93, accuracy 27.82%, model from round 89
                                                     ['0:20.10%', '1:34.30%', '2:79.40%', '3:5.50%', '4:0.00%', '5:3.10%', '6:12.00%', '7:44.90%', '8:59.80%', '9:19.10%']
                                                                                              <-> Client 0, global : from 27.82% to 11.26%, local : from 4.20% to 95.00%, training time : 8200msec
                                                     Cluster 82, round 1, loss : 4.50, accuracy 11.26% <-
                                                     Time past : 8200msec
                                                     ['0:0.50%', '1:0.00%', '2:0.00%', '3:0.00%', '4:0.00%', '5:100.00%', '6:0.00%', '7:0.00%', '8:12.10%', '9:0.00%']
                                          0msec<-
                                          ->0msec
                                                     -> Cluster 33, loss : 1.93, accuracy 27.82%, model from round 89
                                                     ['0:20.10%', '1:34.30%', '2:79.40%', '3:5.50%', '4:0.00%', '5:3.10%', '6:12.00%', '7:44.90%', '8:59.80%', '9:19.10%']
                                                                                              <-> Client 0, global : from 27.82% to 10.18%, local : from 31.60% to 95.00%, training time : 8200msec
                                                     Cluster 33, round 1, loss : 3.53, accuracy 10.18% <-
                                                     Time past : 8200msec
                                                     ['0:0.00%', '1:100.00%', '2:0.00%', '3:0.30%', '4:1.40%', '5:0.10%', '6:0.00%', '7:0.00%', '8:0.00%', '9:0.00%']
                                          0msec<-
                                          ->0msec
                                                     -> Cluster 30, loss : 1.93, accuracy 27.82%, model from round 89
                                                     ['0:20.10%', '1:34.30%', '2:79.40%', '3:5.50%', '4:0.00%', '5:3.10%', '6:12.00%', '7:44.90%', '8:59.80%', '9:19.10%']
                                                                                              <-> Client 0, global : from 27.82% to 10.09%, local : from 32.93% to 95.01%, training time : 8200msec
                                                     Cluster 30, round 1, loss : 3.73, accuracy 10.09% <-
                                                     Time past : 8200msec
                                                     ['0:0.00%', '1:100.00%', '2:0.00%', '3:0.00%', '4:0.00%', '5:0.90%', '6:0.00%', '7:0.00%', '8:0.00%', '9:0.00%']
                                          0msec<-
                                          ->0msec
                                                     -> Cluster 26, loss : 1.93, accuracy 27.82%, model from round 89
                                                     ['0:20.10%', '1:34.30%', '2:79.40%', '3:5.50%', '4:0.00%', '5:3.10%', '6:12.00%', '7:44.90%', '8:59.80%', '9:19.10%']
                                                                                              <-> Client 0, global : from 27.82% to 10.37%, local : from 1.80% to 95.00%, training time : 8200msec
                                                     Cluster 26, round 1, loss : 3.99, accuracy 10.37% <-
                                                     Time past : 8200msec
                                                     ['0:0.00%', '1:0.50%', '2:0.00%', '3:0.00%', '4:99.90%', '5:0.00%', '6:0.00%', '7:0.00%', '8:1.30%', '9:2.00%']
                                          0msec<-
                                          ->0msec
                                                     -> Cluster 12, loss : 1.93, accuracy 27.82%, model from round 89
                                                     ['0:20.10%', '1:34.30%', '2:79.40%', '3:5.50%', '4:0.00%', '5:3.10%', '6:12.00%', '7:44.90%', '8:59.80%', '9:19.10%']
                                                                                              <-> Client 0, global : from 27.82% to 11.08%, local : from 18.20% to 95.20%, training time : 8200msec
                                                     Cluster 12, round 1, loss : 3.57, accuracy 11.08% <-
                                                     Time past : 8200msec
                                                     ['0:0.10%', '1:0.00%', '2:0.00%', '3:0.00%', '4:5.70%', '5:4.70%', '6:0.00%', '7:0.50%', '8:0.00%', '9:99.80%']
                                          0msec<-
Central server round 89, loss : 1.92, accuracy :31.14%
Time past: 729800msec
['0:45.50%', '1:58.00%', '2:0.60%', '3:21.20%', '4:32.70%', '5:23.60%', '6:32.50%', '7:12.90%', '8:14.80%', '9:69.60%']
                                          ->0msec
                                                     -> Cluster 4, loss : 1.92, accuracy 31.14%, model from round 90
                                                     ['0:45.50%', '1:58.00%', '2:0.60%', '3:21.20%', '4:32.70%', '5:23.60%', '6:32.50%', '7:12.90%', '8:14.80%', '9:69.60%']
                                                                                              <-> Client 0, global : from 31.14% to 13.85%, local : from 29.40% to 95.20%, training time : 8200msec
                                                     Cluster 4, round 1, loss : 3.89, accuracy 13.85% <-
                                                     Time past : 8200msec
                                                     ['0:25.10%', '1:1.00%', '2:0.00%', '3:0.00%', '4:0.00%', '5:0.00%', '6:100.00%', '7:0.00%', '8:9.90%', '9:2.50%']
                                          0msec<-
                                          ->0msec
                                                     -> Cluster 56, loss : 1.92, accuracy 31.14%, model from round 90
                                                     ['0:45.50%', '1:58.00%', '2:0.60%', '3:21.20%', '4:32.70%', '5:23.60%', '6:32.50%', '7:12.90%', '8:14.80%', '9:69.60%']
                                                                                              <-> Client 0, global : from 31.14% to 10.64%, local : from 14.20% to 95.20%, training time : 8200msec
                                                     Cluster 56, round 1, loss : 4.29, accuracy 10.64% <-
                                                     Time past : 8200msec
                                                     ['0:0.00%', '1:0.00%', '2:0.00%', '3:0.00%', '4:0.00%', '5:0.00%', '6:0.00%', '7:99.90%', '8:6.50%', '9:0.00%']
                                          0msec<-
                                          ->0msec
                                                     -> Cluster 46, loss : 1.92, accuracy 31.14%, model from round 90
                                                     ['0:45.50%', '1:58.00%', '2:0.60%', '3:21.20%', '4:32.70%', '5:23.60%', '6:32.50%', '7:12.90%', '8:14.80%', '9:69.60%']
                                                                                              <-> Client 0, global : from 31.14% to 10.02%, local : from 2.40% to 95.00%, training time : 8200msec
                                                     Cluster 46, round 1, loss : 4.38, accuracy 10.02% <-
                                                     Time past : 8200msec
                                                     ['0:0.00%', '1:0.00%', '2:100.00%', '3:0.00%', '4:0.00%', '5:0.00%', '6:0.00%', '7:0.00%', '8:0.10%', '9:0.10%']
                                          0msec<-
                                          ->0msec
                                                     -> Cluster 95, loss : 1.92, accuracy 31.14%, model from round 90
                                                     ['0:45.50%', '1:58.00%', '2:0.60%', '3:21.20%', '4:32.70%', '5:23.60%', '6:32.50%', '7:12.90%', '8:14.80%', '9:69.60%']
                                                                                              <-> Client 0, global : from 31.14% to 10.12%, local : from 47.49% to 95.19%, training time : 8200msec
                                                     Cluster 95, round 1, loss : 3.37, accuracy 10.12% <-
                                                     Time past : 8200msec
                                                     ['0:99.80%', '1:0.00%', '2:0.00%', '3:0.00%', '4:0.00%', '5:0.00%', '6:1.40%', '7:0.00%', '8:0.00%', '9:0.00%']
                                          0msec<-
                                          ->0msec
                                                     -> Cluster 3, loss : 1.92, accuracy 31.14%, model from round 90
                                                     ['0:45.50%', '1:58.00%', '2:0.60%', '3:21.20%', '4:32.70%', '5:23.60%', '6:32.50%', '7:12.90%', '8:14.80%', '9:69.60%']
                                                                                              <-> Client 0, global : from 31.14% to 16.37%, local : from 31.60% to 95.60%, training time : 8200msec
                                                     Cluster 3, round 1, loss : 3.42, accuracy 16.37% <-
                                                     Time past : 8200msec
                                                     ['0:18.70%', '1:6.80%', '2:0.00%', '3:0.00%', '4:0.00%', '5:0.00%', '6:99.90%', '7:0.40%', '8:34.70%', '9:3.20%']
                                          0msec<-
                                          ->0msec
                                                     -> Cluster 40, loss : 1.92, accuracy 31.14%, model from round 90
                                                     ['0:45.50%', '1:58.00%', '2:0.60%', '3:21.20%', '4:32.70%', '5:23.60%', '6:32.50%', '7:12.90%', '8:14.80%', '9:69.60%']
                                                                                              <-> Client 0, global : from 31.14% to 10.49%, local : from 2.99% to 94.81%, training time : 8200msec
                                                     Cluster 40, round 1, loss : 3.59, accuracy 10.49% <-
                                                     Time past : 8200msec
                                                     ['0:0.00%', '1:0.00%', '2:99.90%', '3:0.00%', '4:0.00%', '5:0.00%', '6:0.00%', '7:0.00%', '8:0.00%', '9:5.00%']
                                          0msec<-
                                          ->0msec
                                                     -> Cluster 53, loss : 1.92, accuracy 31.14%, model from round 90
                                                     ['0:45.50%', '1:58.00%', '2:0.60%', '3:21.20%', '4:32.70%', '5:23.60%', '6:32.50%', '7:12.90%', '8:14.80%', '9:69.60%']
                                                                                              <-> Client 0, global : from 31.14% to 10.97%, local : from 14.40% to 95.00%, training time : 8200msec
                                                     Cluster 53, round 1, loss : 3.97, accuracy 10.97% <-
                                                     Time past : 8200msec
                                                     ['0:4.30%', '1:0.40%', '2:0.00%', '3:0.00%', '4:0.00%', '5:0.00%', '6:0.00%', '7:99.90%', '8:5.00%', '9:0.10%']
                                          0msec<-
                                          ->0msec
                                                     -> Cluster 20, loss : 1.92, accuracy 31.14%, model from round 90
                                                     ['0:45.50%', '1:58.00%', '2:0.60%', '3:21.20%', '4:32.70%', '5:23.60%', '6:32.50%', '7:12.90%', '8:14.80%', '9:69.60%']
                                                                                              <-> Client 0, global : from 31.14% to 10.90%, local : from 32.14% to 95.41%, training time : 8200msec
                                                     Cluster 20, round 1, loss : 4.35, accuracy 10.90% <-
                                                     Time past : 8200msec
                                                     ['0:0.00%', '1:0.00%', '2:0.00%', '3:0.00%', '4:99.90%', '5:0.00%', '6:0.00%', '7:0.00%', '8:9.00%', '9:0.10%']
                                          0msec<-
                                          ->0msec
                                                     -> Cluster 71, loss : 1.92, accuracy 31.14%, model from round 90
                                                     ['0:45.50%', '1:58.00%', '2:0.60%', '3:21.20%', '4:32.70%', '5:23.60%', '6:32.50%', '7:12.90%', '8:14.80%', '9:69.60%']
                                                                                              <-> Client 0, global : from 31.14% to 10.89%, local : from 24.60% to 95.20%, training time : 8200msec
                                                     Cluster 71, round 1, loss : 4.16, accuracy 10.89% <-
                                                     Time past : 8200msec
                                                     ['0:0.40%', '1:0.50%', '2:0.00%', '3:100.00%', '4:0.00%', '5:0.00%', '6:0.00%', '7:0.10%', '8:2.90%', '9:5.00%']
                                          0msec<-
                                          ->0msec
                                                     -> Cluster 5, loss : 1.92, accuracy 31.14%, model from round 90
                                                     ['0:45.50%', '1:58.00%', '2:0.60%', '3:21.20%', '4:32.70%', '5:23.60%', '6:32.50%', '7:12.90%', '8:14.80%', '9:69.60%']
                                                                                              <-> Client 0, global : from 31.14% to 16.81%, local : from 30.00% to 95.20%, training time : 8200msec
                                                     Cluster 5, round 1, loss : 3.12, accuracy 16.81% <-
                                                     Time past : 8200msec
                                                     ['0:11.30%', '1:2.00%', '2:0.00%', '3:0.00%', '4:0.00%', '5:0.30%', '6:99.90%', '7:1.60%', '8:27.90%', '9:25.10%']
                                          0msec<-
Central server round 90, loss : 1.89, accuracy :32.26%
Time past: 738000msec
['0:53.10%', '1:21.10%', '2:14.50%', '3:8.50%', '4:0.00%', '5:8.90%', '6:84.00%', '7:60.40%', '8:32.30%', '9:39.80%']
                                          ->0msec
                                                     -> Cluster 7, loss : 1.89, accuracy 32.26%, model from round 91
                                                     ['0:53.10%', '1:21.10%', '2:14.50%', '3:8.50%', '4:0.00%', '5:8.90%', '6:84.00%', '7:60.40%', '8:32.30%', '9:39.80%']
                                                                                              <-> Client 0, global : from 32.26% to 15.71%, local : from 78.20% to 95.60%, training time : 8200msec
                                                     Cluster 7, round 1, loss : 3.50, accuracy 15.71% <-
                                                     Time past : 8200msec
                                                     ['0:8.30%', '1:7.30%', '2:0.00%', '3:0.00%', '4:0.00%', '5:0.00%', '6:99.90%', '7:0.80%', '8:35.30%', '9:5.50%']
                                          0msec<-
                                          ->0msec
                                                     -> Cluster 46, loss : 1.89, accuracy 32.26%, model from round 91
                                                     ['0:53.10%', '1:21.10%', '2:14.50%', '3:8.50%', '4:0.00%', '5:8.90%', '6:84.00%', '7:60.40%', '8:32.30%', '9:39.80%']
                                                                                              <-> Client 0, global : from 32.26% to 10.00%, local : from 19.60% to 95.00%, training time : 8200msec
                                                     Cluster 46, round 1, loss : 5.04, accuracy 10.00% <-
                                                     Time past : 8200msec
                                                     ['0:0.00%', '1:0.00%', '2:100.00%', '3:0.00%', '4:0.00%', '5:0.00%', '6:0.00%', '7:0.00%', '8:0.00%', '9:0.00%']
                                          0msec<-
                                          ->0msec
                                                     -> Cluster 58, loss : 1.89, accuracy 32.26%, model from round 91
                                                     ['0:53.10%', '1:21.10%', '2:14.50%', '3:8.50%', '4:0.00%', '5:8.90%', '6:84.00%', '7:60.40%', '8:32.30%', '9:39.80%']
                                                                                              <-> Client 0, global : from 32.26% to 12.16%, local : from 56.00% to 95.00%, training time : 8200msec
                                                     Cluster 58, round 1, loss : 3.61, accuracy 12.16% <-
                                                     Time past : 8200msec
                                                     ['0:0.00%', '1:1.20%', '2:0.00%', '3:0.00%', '4:0.00%', '5:0.00%', '6:0.00%', '7:99.40%', '8:21.00%', '9:0.00%']
                                          0msec<-
                                          ->0msec
                                                     -> Cluster 42, loss : 1.89, accuracy 32.26%, model from round 91
                                                     ['0:53.10%', '1:21.10%', '2:14.50%', '3:8.50%', '4:0.00%', '5:8.90%', '6:84.00%', '7:60.40%', '8:32.30%', '9:39.80%']
                                                                                              <-> Client 0, global : from 32.26% to 10.00%, local : from 15.60% to 95.00%, training time : 8200msec
                                                     Cluster 42, round 1, loss : 4.78, accuracy 10.00% <-
                                                     Time past : 8200msec
                                                     ['0:0.00%', '1:0.00%', '2:99.90%', '3:0.00%', '4:0.00%', '5:0.00%', '6:0.00%', '7:0.00%', '8:0.00%', '9:0.10%']
                                          0msec<-
                                          ->0msec
                                                     -> Cluster 78, loss : 1.89, accuracy 32.26%, model from round 91
                                                     ['0:53.10%', '1:21.10%', '2:14.50%', '3:8.50%', '4:0.00%', '5:8.90%', '6:84.00%', '7:60.40%', '8:32.30%', '9:39.80%']
                                                                                              <-> Client 0, global : from 32.26% to 11.76%, local : from 10.00% to 95.20%, training time : 8200msec
                                                     Cluster 78, round 1, loss : 3.73, accuracy 11.76% <-
                                                     Time past : 8200msec
                                                     ['0:2.80%', '1:0.00%', '2:0.00%', '3:100.00%', '4:0.00%', '5:0.00%', '6:0.00%', '7:0.10%', '8:7.30%', '9:7.40%']
                                          0msec<-
                                          ->0msec
                                                     -> Cluster 92, loss : 1.89, accuracy 32.26%, model from round 91
                                                     ['0:53.10%', '1:21.10%', '2:14.50%', '3:8.50%', '4:0.00%', '5:8.90%', '6:84.00%', '7:60.40%', '8:32.30%', '9:39.80%']
                                                                                              <-> Client 0, global : from 32.26% to 10.39%, local : from 47.60% to 95.00%, training time : 8200msec
                                                     Cluster 92, round 1, loss : 3.93, accuracy 10.39% <-
                                                     Time past : 8200msec
                                                     ['0:99.90%', '1:0.00%', '2:0.00%', '3:0.00%', '4:0.40%', '5:0.00%', '6:3.60%', '7:0.00%', '8:0.00%', '9:0.00%']
                                          0msec<-
                                          ->0msec
                                                     -> Cluster 45, loss : 1.89, accuracy 32.26%, model from round 91
                                                     ['0:53.10%', '1:21.10%', '2:14.50%', '3:8.50%', '4:0.00%', '5:8.90%', '6:84.00%', '7:60.40%', '8:32.30%', '9:39.80%']
                                                                                              <-> Client 0, global : from 32.26% to 10.10%, local : from 15.60% to 95.00%, training time : 8200msec
                                                     Cluster 45, round 1, loss : 4.38, accuracy 10.10% <-
                                                     Time past : 8200msec
                                                     ['0:0.00%', '1:1.10%', '2:99.90%', '3:0.00%', '4:0.00%', '5:0.00%', '6:0.00%', '7:0.00%', '8:0.00%', '9:0.00%']
                                          0msec<-
                                          ->0msec
                                                     -> Cluster 28, loss : 1.89, accuracy 32.26%, model from round 91
                                                     ['0:53.10%', '1:21.10%', '2:14.50%', '3:8.50%', '4:0.00%', '5:8.90%', '6:84.00%', '7:60.40%', '8:32.30%', '9:39.80%']
                                                                                              <-> Client 0, global : from 32.26% to 10.92%, local : from 2.40% to 94.80%, training time : 8200msec
                                                     Cluster 28, round 1, loss : 4.02, accuracy 10.92% <-
                                                     Time past : 8200msec
                                                     ['0:0.00%', '1:0.00%', '2:0.00%', '3:0.40%', '4:99.90%', '5:0.00%', '6:0.00%', '7:0.00%', '8:5.70%', '9:3.20%']
                                          0msec<-
                                          ->0msec
                                                     -> Cluster 81, loss : 1.89, accuracy 32.26%, model from round 91
                                                     ['0:53.10%', '1:21.10%', '2:14.50%', '3:8.50%', '4:0.00%', '5:8.90%', '6:84.00%', '7:60.40%', '8:32.30%', '9:39.80%']
                                                                                              <-> Client 0, global : from 32.26% to 10.18%, local : from 10.20% to 95.00%, training time : 8200msec
                                                     Cluster 81, round 1, loss : 3.98, accuracy 10.18% <-
                                                     Time past : 8200msec
                                                     ['0:0.20%', '1:0.10%', '2:0.00%', '3:0.00%', '4:0.00%', '5:100.00%', '6:0.00%', '7:0.00%', '8:0.70%', '9:0.80%']
                                          0msec<-
                                          ->0msec
                                                     -> Cluster 1, loss : 1.89, accuracy 32.26%, model from round 91
                                                     ['0:53.10%', '1:21.10%', '2:14.50%', '3:8.50%', '4:0.00%', '5:8.90%', '6:84.00%', '7:60.40%', '8:32.30%', '9:39.80%']
                                                                                              <-> Client 0, global : from 32.26% to 19.90%, local : from 79.84% to 94.61%, training time : 8200msec
                                                     Cluster 1, round 1, loss : 3.04, accuracy 19.90% <-
                                                     Time past : 8200msec
                                                     ['0:14.50%', '1:3.40%', '2:0.00%', '3:0.10%', '4:0.00%', '5:2.60%', '6:99.40%', '7:0.10%', '8:66.30%', '9:12.60%']
                                          0msec<-
Central server round 91, loss : 1.88, accuracy :30.97%
Time past: 746200msec
['0:43.10%', '1:17.90%', '2:69.70%', '3:8.60%', '4:2.10%', '5:8.90%', '6:55.70%', '7:23.60%', '8:40.40%', '9:39.70%']
                                          ->0msec
                                                     -> Cluster 4, loss : 1.88, accuracy 30.97%, model from round 92
                                                     ['0:43.10%', '1:17.90%', '2:69.70%', '3:8.60%', '4:2.10%', '5:8.90%', '6:55.70%', '7:23.60%', '8:40.40%', '9:39.70%']
                                                                                              <-> Client 0, global : from 30.97% to 15.05%, local : from 51.80% to 95.40%, training time : 8200msec
                                                     Cluster 4, round 1, loss : 3.59, accuracy 15.05% <-
                                                     Time past : 8200msec
                                                     ['0:34.00%', '1:1.60%', '2:0.00%', '3:0.00%', '4:0.00%', '5:0.20%', '6:99.90%', '7:0.10%', '8:10.40%', '9:4.30%']
                                          0msec<-
                                          ->0msec
                                                     -> Cluster 67, loss : 1.88, accuracy 30.97%, model from round 92
                                                     ['0:43.10%', '1:17.90%', '2:69.70%', '3:8.60%', '4:2.10%', '5:8.90%', '6:55.70%', '7:23.60%', '8:40.40%', '9:39.70%']
                                                                                              <-> Client 0, global : from 30.97% to 12.11%, local : from 43.60% to 95.20%, training time : 8200msec
                                                     Cluster 67, round 1, loss : 3.85, accuracy 12.11% <-
                                                     Time past : 8200msec
                                                     ['0:0.00%', '1:0.70%', '2:1.40%', '3:0.00%', '4:0.00%', '5:0.00%', '6:16.30%', '7:2.70%', '8:100.00%', '9:0.00%']
                                          0msec<-
                                          ->0msec
                                                     -> Cluster 25, loss : 1.88, accuracy 30.97%, model from round 92
                                                     ['0:43.10%', '1:17.90%', '2:69.70%', '3:8.60%', '4:2.10%', '5:8.90%', '6:55.70%', '7:23.60%', '8:40.40%', '9:39.70%']
                                                                                              <-> Client 0, global : from 30.97% to 11.18%, local : from 4.00% to 95.20%, training time : 8200msec
                                                     Cluster 25, round 1, loss : 3.75, accuracy 11.18% <-
                                                     Time past : 8200msec
                                                     ['0:0.10%', '1:5.00%', '2:0.00%', '3:0.00%', '4:99.90%', '5:0.00%', '6:0.00%', '7:0.00%', '8:6.80%', '9:0.00%']
                                          0msec<-
                                          ->0msec
                                                     -> Cluster 26, loss : 1.88, accuracy 30.97%, model from round 92
                                                     ['0:43.10%', '1:17.90%', '2:69.70%', '3:8.60%', '4:2.10%', '5:8.90%', '6:55.70%', '7:23.60%', '8:40.40%', '9:39.70%']
                                                                                              <-> Client 0, global : from 30.97% to 10.68%, local : from 5.00% to 95.20%, training time : 8200msec
                                                     Cluster 26, round 1, loss : 3.93, accuracy 10.68% <-
                                                     Time past : 8200msec
                                                     ['0:0.00%', '1:0.90%', '2:0.00%', '3:0.00%', '4:99.90%', '5:0.00%', '6:0.00%', '7:0.00%', '8:2.90%', '9:3.10%']
                                          0msec<-
                                          ->0msec
                                                     -> Cluster 56, loss : 1.88, accuracy 30.97%, model from round 92
                                                     ['0:43.10%', '1:17.90%', '2:69.70%', '3:8.60%', '4:2.10%', '5:8.90%', '6:55.70%', '7:23.60%', '8:40.40%', '9:39.70%']
                                                                                              <-> Client 0, global : from 30.97% to 10.75%, local : from 23.20% to 95.20%, training time : 8200msec
                                                     Cluster 56, round 1, loss : 4.06, accuracy 10.75% <-
                                                     Time past : 8200msec
                                                     ['0:0.00%', '1:0.10%', '2:0.00%', '3:0.00%', '4:0.00%', '5:0.00%', '6:0.00%', '7:99.90%', '8:7.40%', '9:0.10%']
                                          0msec<-
                                          ->0msec
                                                     -> Cluster 36, loss : 1.88, accuracy 30.97%, model from round 92
                                                     ['0:43.10%', '1:17.90%', '2:69.70%', '3:8.60%', '4:2.10%', '5:8.90%', '6:55.70%', '7:23.60%', '8:40.40%', '9:39.70%']
                                                                                              <-> Client 0, global : from 30.97% to 10.01%, local : from 20.40% to 95.00%, training time : 8200msec
                                                     Cluster 36, round 1, loss : 4.36, accuracy 10.01% <-
                                                     Time past : 8200msec
                                                     ['0:0.00%', '1:100.00%', '2:0.00%', '3:0.00%', '4:0.00%', '5:0.00%', '6:0.00%', '7:0.10%', '8:0.00%', '9:0.00%']
                                          0msec<-
                                          ->0msec
                                                     -> Cluster 31, loss : 1.88, accuracy 30.97%, model from round 92
                                                     ['0:43.10%', '1:17.90%', '2:69.70%', '3:8.60%', '4:2.10%', '5:8.90%', '6:55.70%', '7:23.60%', '8:40.40%', '9:39.70%']
                                                                                              <-> Client 0, global : from 30.97% to 10.95%, local : from 18.76% to 95.01%, training time : 8200msec
                                                     Cluster 31, round 1, loss : 3.65, accuracy 10.95% <-
                                                     Time past : 8200msec
                                                     ['0:0.00%', '1:99.80%', '2:0.00%', '3:0.00%', '4:0.00%', '5:0.00%', '6:0.30%', '7:4.90%', '8:4.50%', '9:0.00%']
                                          0msec<-
                                          ->0msec
                                                     -> Cluster 62, loss : 1.88, accuracy 30.97%, model from round 92
                                                     ['0:43.10%', '1:17.90%', '2:69.70%', '3:8.60%', '4:2.10%', '5:8.90%', '6:55.70%', '7:23.60%', '8:40.40%', '9:39.70%']
                                                                                              <-> Client 0, global : from 30.97% to 10.92%, local : from 41.40% to 95.00%, training time : 8200msec
                                                     Cluster 62, round 1, loss : 3.89, accuracy 10.92% <-
                                                     Time past : 8200msec
                                                     ['0:0.00%', '1:0.00%', '2:0.00%', '3:0.10%', '4:1.00%', '5:0.20%', '6:6.40%', '7:1.50%', '8:100.00%', '9:0.00%']
                                          0msec<-
                                          ->0msec
                                                     -> Cluster 64, loss : 1.88, accuracy 30.97%, model from round 92
                                                     ['0:43.10%', '1:17.90%', '2:69.70%', '3:8.60%', '4:2.10%', '5:8.90%', '6:55.70%', '7:23.60%', '8:40.40%', '9:39.70%']
                                                                                              <-> Client 0, global : from 30.97% to 11.28%, local : from 37.20% to 95.00%, training time : 8200msec
                                                     Cluster 64, round 1, loss : 4.27, accuracy 11.28% <-
                                                     Time past : 8200msec
                                                     ['0:0.00%', '1:0.00%', '2:0.10%', '3:0.00%', '4:3.50%', '5:0.00%', '6:6.50%', '7:2.70%', '8:100.00%', '9:0.00%']
                                          0msec<-
                                          ->0msec
                                                     -> Cluster 47, loss : 1.88, accuracy 30.97%, model from round 92
                                                     ['0:43.10%', '1:17.90%', '2:69.70%', '3:8.60%', '4:2.10%', '5:8.90%', '6:55.70%', '7:23.60%', '8:40.40%', '9:39.70%']
                                                                                              <-> Client 0, global : from 30.97% to 10.07%, local : from 70.20% to 95.00%, training time : 8200msec
                                                     Cluster 47, round 1, loss : 4.22, accuracy 10.07% <-
                                                     Time past : 8200msec
                                                     ['0:0.00%', '1:0.70%', '2:99.90%', '3:0.00%', '4:0.00%', '5:0.00%', '6:0.00%', '7:0.00%', '8:0.00%', '9:0.10%']
                                          0msec<-
Central server round 92, loss : 1.98, accuracy :29.41%
Time past: 754400msec
['0:2.20%', '1:57.60%', '2:13.60%', '3:5.40%', '4:19.60%', '5:4.00%', '6:57.30%', '7:43.50%', '8:84.90%', '9:6.00%']
                                          ->0msec
                                                     -> Cluster 2, loss : 1.98, accuracy 29.41%, model from round 93
                                                     ['0:2.20%', '1:57.60%', '2:13.60%', '3:5.40%', '4:19.60%', '5:4.00%', '6:57.30%', '7:43.50%', '8:84.90%', '9:6.00%']
                                                                                              <-> Client 0, global : from 29.41% to 15.50%, local : from 51.60% to 95.40%, training time : 8200msec
                                                     Cluster 2, round 1, loss : 3.68, accuracy 15.50% <-
                                                     Time past : 8200msec
                                                     ['0:18.90%', '1:2.40%', '2:0.00%', '3:0.00%', '4:0.00%', '5:0.00%', '6:100.00%', '7:0.40%', '8:30.40%', '9:2.90%']
                                          0msec<-
                                          ->0msec
                                                     -> Cluster 62, loss : 1.98, accuracy 29.41%, model from round 93
                                                     ['0:2.20%', '1:57.60%', '2:13.60%', '3:5.40%', '4:19.60%', '5:4.00%', '6:57.30%', '7:43.50%', '8:84.90%', '9:6.00%']
                                                                                              <-> Client 0, global : from 29.41% to 11.82%, local : from 82.80% to 95.00%, training time : 8200msec
                                                     Cluster 62, round 1, loss : 3.41, accuracy 11.82% <-
                                                     Time past : 8200msec
                                                     ['0:0.00%', '1:0.50%', '2:0.10%', '3:0.80%', '4:2.50%', '5:0.20%', '6:11.20%', '7:2.80%', '8:100.00%', '9:0.10%']
                                          0msec<-
                                          ->0msec
                                                     -> Cluster 13, loss : 1.98, accuracy 29.41%, model from round 93
                                                     ['0:2.20%', '1:57.60%', '2:13.60%', '3:5.40%', '4:19.60%', '5:4.00%', '6:57.30%', '7:43.50%', '8:84.90%', '9:6.00%']
                                                                                              <-> Client 0, global : from 29.41% to 10.81%, local : from 7.60% to 95.40%, training time : 8200msec
                                                     Cluster 13, round 1, loss : 3.46, accuracy 10.81% <-
                                                     Time past : 8200msec
                                                     ['0:0.10%', '1:0.00%', '2:0.20%', '3:0.70%', '4:0.60%', '5:6.30%', '6:0.10%', '7:0.20%', '8:0.10%', '9:99.80%']
                                          0msec<-
                                          ->0msec
                                                     -> Cluster 84, loss : 1.98, accuracy 29.41%, model from round 93
                                                     ['0:2.20%', '1:57.60%', '2:13.60%', '3:5.40%', '4:19.60%', '5:4.00%', '6:57.30%', '7:43.50%', '8:84.90%', '9:6.00%']
                                                                                              <-> Client 0, global : from 29.41% to 10.46%, local : from 6.41% to 95.19%, training time : 8200msec
                                                     Cluster 84, round 1, loss : 4.16, accuracy 10.46% <-
                                                     Time past : 8200msec
                                                     ['0:0.50%', '1:0.20%', '2:0.00%', '3:0.00%', '4:0.00%', '5:100.00%', '6:0.00%', '7:0.00%', '8:3.00%', '9:0.90%']
                                          0msec<-
                                          ->0msec
                                                     -> Cluster 80, loss : 1.98, accuracy 29.41%, model from round 93
                                                     ['0:2.20%', '1:57.60%', '2:13.60%', '3:5.40%', '4:19.60%', '5:4.00%', '6:57.30%', '7:43.50%', '8:84.90%', '9:6.00%']
                                                                                              <-> Client 0, global : from 29.41% to 11.20%, local : from 5.80% to 95.00%, training time : 8200msec
                                                     Cluster 80, round 1, loss : 4.27, accuracy 11.20% <-
                                                     Time past : 8200msec
                                                     ['0:0.10%', '1:4.60%', '2:0.00%', '3:0.00%', '4:0.00%', '5:100.00%', '6:0.00%', '7:0.00%', '8:6.00%', '9:1.30%']
                                          0msec<-
                                          ->0msec
                                                     -> Cluster 73, loss : 1.98, accuracy 29.41%, model from round 93
                                                     ['0:2.20%', '1:57.60%', '2:13.60%', '3:5.40%', '4:19.60%', '5:4.00%', '6:57.30%', '7:43.50%', '8:84.90%', '9:6.00%']
                                                                                              <-> Client 0, global : from 29.41% to 10.33%, local : from 5.40% to 95.00%, training time : 8200msec
                                                     Cluster 73, round 1, loss : 4.38, accuracy 10.33% <-
                                                     Time past : 8200msec
                                                     ['0:3.20%', '1:0.10%', '2:0.00%', '3:100.00%', '4:0.00%', '5:0.00%', '6:0.00%', '7:0.00%', '8:0.00%', '9:0.00%']
                                          0msec<-
                                          ->0msec
                                                     -> Cluster 85, loss : 1.98, accuracy 29.41%, model from round 93
                                                     ['0:2.20%', '1:57.60%', '2:13.60%', '3:5.40%', '4:19.60%', '5:4.00%', '6:57.30%', '7:43.50%', '8:84.90%', '9:6.00%']
                                                                                              <-> Client 0, global : from 29.41% to 12.36%, local : from 6.61% to 95.99%, training time : 8200msec
                                                     Cluster 85, round 1, loss : 4.09, accuracy 12.36% <-
                                                     Time past : 8200msec
                                                     ['0:7.70%', '1:0.00%', '2:0.00%', '3:0.00%', '4:0.00%', '5:100.00%', '6:0.00%', '7:0.00%', '8:11.20%', '9:4.70%']
                                          0msec<-
                                          ->0msec
                                                     -> Cluster 79, loss : 1.98, accuracy 29.41%, model from round 93
                                                     ['0:2.20%', '1:57.60%', '2:13.60%', '3:5.40%', '4:19.60%', '5:4.00%', '6:57.30%', '7:43.50%', '8:84.90%', '9:6.00%']
                                                                                              <-> Client 0, global : from 29.41% to 10.18%, local : from 6.00% to 95.00%, training time : 8200msec
                                                     Cluster 79, round 1, loss : 3.87, accuracy 10.18% <-
                                                     Time past : 8200msec
                                                     ['0:0.60%', '1:0.20%', '2:0.00%', '3:100.00%', '4:0.00%', '5:0.00%', '6:0.00%', '7:0.40%', '8:0.60%', '9:0.00%']
                                          0msec<-
                                          ->0msec
                                                     -> Cluster 55, loss : 1.98, accuracy 29.41%, model from round 93
                                                     ['0:2.20%', '1:57.60%', '2:13.60%', '3:5.40%', '4:19.60%', '5:4.00%', '6:57.30%', '7:43.50%', '8:84.90%', '9:6.00%']
                                                                                              <-> Client 0, global : from 29.41% to 13.26%, local : from 46.20% to 95.40%, training time : 8200msec
                                                     Cluster 55, round 1, loss : 3.09, accuracy 13.26% <-
                                                     Time past : 8200msec
                                                     ['0:4.10%', '1:9.70%', '2:0.00%', '3:0.00%', '4:0.00%', '5:0.00%', '6:0.30%', '7:99.50%', '8:7.90%', '9:11.10%']
                                          0msec<-
                                          ->0msec
                                                     -> Cluster 90, loss : 1.98, accuracy 29.41%, model from round 93
                                                     ['0:2.20%', '1:57.60%', '2:13.60%', '3:5.40%', '4:19.60%', '5:4.00%', '6:57.30%', '7:43.50%', '8:84.90%', '9:6.00%']
                                                                                              <-> Client 0, global : from 29.41% to 10.05%, local : from 3.40% to 95.00%, training time : 8200msec
                                                     Cluster 90, round 1, loss : 3.54, accuracy 10.05% <-
                                                     Time past : 8200msec
                                                     ['0:100.00%', '1:0.00%', '2:0.00%', '3:0.00%', '4:0.00%', '5:0.00%', '6:0.50%', '7:0.00%', '8:0.00%', '9:0.00%']
                                          0msec<-
Central server round 93, loss : 1.89, accuracy :31.95%
Time past: 762600msec
['0:44.30%', '1:22.20%', '2:0.00%', '3:10.90%', '4:0.60%', '5:78.80%', '6:36.10%', '7:27.50%', '8:49.50%', '9:49.60%']
                                          ->0msec
                                                     -> Cluster 34, loss : 1.89, accuracy 31.95%, model from round 94
                                                     ['0:44.30%', '1:22.20%', '2:0.00%', '3:10.90%', '4:0.60%', '5:78.80%', '6:36.10%', '7:27.50%', '8:49.50%', '9:49.60%']
                                                                                              <-> Client 0, global : from 31.95% to 10.27%, local : from 23.00% to 95.00%, training time : 8200msec
                                                     Cluster 34, round 1, loss : 3.68, accuracy 10.27% <-
                                                     Time past : 8200msec
                                                     ['0:0.00%', '1:100.00%', '2:0.00%', '3:0.00%', '4:2.60%', '5:0.10%', '6:0.00%', '7:0.00%', '8:0.00%', '9:0.00%']
                                          0msec<-
                                          ->0msec
                                                     -> Cluster 86, loss : 1.89, accuracy 31.95%, model from round 94
                                                     ['0:44.30%', '1:22.20%', '2:0.00%', '3:10.90%', '4:0.60%', '5:78.80%', '6:36.10%', '7:27.50%', '8:49.50%', '9:49.60%']
                                                                                              <-> Client 0, global : from 31.95% to 13.05%, local : from 76.35% to 95.39%, training time : 8200msec
                                                     Cluster 86, round 1, loss : 3.49, accuracy 13.05% <-
                                                     Time past : 8200msec
                                                     ['0:1.00%', '1:1.40%', '2:0.00%', '3:0.00%', '4:0.00%', '5:100.00%', '6:0.00%', '7:0.10%', '8:17.60%', '9:10.40%']
                                          0msec<-
                                          ->0msec
                                                     -> Cluster 67, loss : 1.89, accuracy 31.95%, model from round 94
                                                     ['0:44.30%', '1:22.20%', '2:0.00%', '3:10.90%', '4:0.60%', '5:78.80%', '6:36.10%', '7:27.50%', '8:49.50%', '9:49.60%']
                                                                                              <-> Client 0, global : from 31.95% to 12.55%, local : from 47.80% to 95.20%, training time : 8200msec
                                                     Cluster 67, round 1, loss : 3.61, accuracy 12.55% <-
                                                     Time past : 8200msec
                                                     ['0:0.00%', '1:0.90%', '2:1.30%', '3:0.00%', '4:0.00%', '5:0.00%', '6:19.50%', '7:3.80%', '8:100.00%', '9:0.00%']
                                          0msec<-
                                          ->0msec
                                                     -> Cluster 38, loss : 1.89, accuracy 31.95%, model from round 94
                                                     ['0:44.30%', '1:22.20%', '2:0.00%', '3:10.90%', '4:0.60%', '5:78.80%', '6:36.10%', '7:27.50%', '8:49.50%', '9:49.60%']
                                                                                              <-> Client 0, global : from 31.95% to 10.28%, local : from 24.20% to 95.20%, training time : 8200msec
                                                     Cluster 38, round 1, loss : 3.61, accuracy 10.28% <-
                                                     Time past : 8200msec
                                                     ['0:0.00%', '1:100.00%', '2:0.00%', '3:0.10%', '4:0.20%', '5:2.40%', '6:0.10%', '7:0.00%', '8:0.00%', '9:0.00%']
                                          0msec<-
                                          ->0msec
                                                     -> Cluster 72, loss : 1.89, accuracy 31.95%, model from round 94
                                                     ['0:44.30%', '1:22.20%', '2:0.00%', '3:10.90%', '4:0.60%', '5:78.80%', '6:36.10%', '7:27.50%', '8:49.50%', '9:49.60%']
                                                                                              <-> Client 0, global : from 31.95% to 10.67%, local : from 13.20% to 95.00%, training time : 8200msec
                                                     Cluster 72, round 1, loss : 3.83, accuracy 10.67% <-
                                                     Time past : 8200msec
                                                     ['0:0.20%', '1:0.00%', '2:0.00%', '3:100.00%', '4:0.00%', '5:0.00%', '6:0.00%', '7:0.10%', '8:5.10%', '9:1.30%']
                                          0msec<-
                                          ->0msec
                                                     -> Cluster 97, loss : 1.89, accuracy 31.95%, model from round 94
                                                     ['0:44.30%', '1:22.20%', '2:0.00%', '3:10.90%', '4:0.60%', '5:78.80%', '6:36.10%', '7:27.50%', '8:49.50%', '9:49.60%']
                                                                                              <-> Client 0, global : from 31.95% to 10.00%, local : from 42.08% to 95.19%, training time : 8200msec
                                                     Cluster 97, round 1, loss : 4.29, accuracy 10.00% <-
                                                     Time past : 8200msec
                                                     ['0:100.00%', '1:0.00%', '2:0.00%', '3:0.00%', '4:0.00%', '5:0.00%', '6:0.00%', '7:0.00%', '8:0.00%', '9:0.00%']
                                          0msec<-
                                          ->0msec
                                                     -> Cluster 50, loss : 1.89, accuracy 31.95%, model from round 94
                                                     ['0:44.30%', '1:22.20%', '2:0.00%', '3:10.90%', '4:0.60%', '5:78.80%', '6:36.10%', '7:27.50%', '8:49.50%', '9:49.60%']
                                                                                              <-> Client 0, global : from 31.95% to 10.85%, local : from 29.74% to 95.01%, training time : 8200msec
                                                     Cluster 50, round 1, loss : 4.01, accuracy 10.85% <-
                                                     Time past : 8200msec
                                                     ['0:5.30%', '1:0.20%', '2:0.00%', '3:0.00%', '4:0.00%', '5:0.10%', '6:0.00%', '7:100.00%', '8:0.10%', '9:2.80%']
                                          0msec<-
                                          ->0msec
                                                     -> Cluster 77, loss : 1.89, accuracy 31.95%, model from round 94
                                                     ['0:44.30%', '1:22.20%', '2:0.00%', '3:10.90%', '4:0.60%', '5:78.80%', '6:36.10%', '7:27.50%', '8:49.50%', '9:49.60%']
                                                                                              <-> Client 0, global : from 31.95% to 12.68%, local : from 11.40% to 95.80%, training time : 8200msec
                                                     Cluster 77, round 1, loss : 3.96, accuracy 12.68% <-
                                                     Time past : 8200msec
                                                     ['0:0.40%', '1:0.40%', '2:0.00%', '3:99.80%', '4:0.00%', '5:0.00%', '6:0.00%', '7:0.10%', '8:26.10%', '9:0.00%']
                                          0msec<-
                                          ->0msec
                                                     -> Cluster 69, loss : 1.89, accuracy 31.95%, model from round 94
                                                     ['0:44.30%', '1:22.20%', '2:0.00%', '3:10.90%', '4:0.60%', '5:78.80%', '6:36.10%', '7:27.50%', '8:49.50%', '9:49.60%']
                                                                                              <-> Client 0, global : from 31.95% to 13.06%, local : from 48.80% to 96.00%, training time : 8200msec
                                                     Cluster 69, round 1, loss : 4.15, accuracy 13.06% <-
                                                     Time past : 8200msec
                                                     ['0:0.00%', '1:0.00%', '2:0.50%', '3:0.10%', '4:10.30%', '5:0.00%', '6:18.70%', '7:0.90%', '8:100.00%', '9:0.10%']
                                          0msec<-
                                          ->0msec
                                                     -> Cluster 33, loss : 1.89, accuracy 31.95%, model from round 94
                                                     ['0:44.30%', '1:22.20%', '2:0.00%', '3:10.90%', '4:0.60%', '5:78.80%', '6:36.10%', '7:27.50%', '8:49.50%', '9:49.60%']
                                                                                              <-> Client 0, global : from 31.95% to 10.23%, local : from 22.00% to 95.00%, training time : 8200msec
                                                     Cluster 33, round 1, loss : 3.83, accuracy 10.23% <-
                                                     Time past : 8200msec
                                                     ['0:0.00%', '1:100.00%', '2:0.00%', '3:0.20%', '4:2.10%', '5:0.00%', '6:0.00%', '7:0.00%', '8:0.00%', '9:0.00%']
                                          0msec<-
Central server round 94, loss : 1.88, accuracy :31.51%
Time past: 770800msec
['0:28.30%', '1:73.90%', '2:0.20%', '3:57.10%', '4:17.60%', '5:14.30%', '6:24.10%', '7:32.50%', '8:58.40%', '9:8.70%']
                                          ->0msec
                                                     -> Cluster 89, loss : 1.88, accuracy 31.51%, model from round 95
                                                     ['0:28.30%', '1:73.90%', '2:0.20%', '3:57.10%', '4:17.60%', '5:14.30%', '6:24.10%', '7:32.50%', '8:58.40%', '9:8.70%']
                                                                                              <-> Client 0, global : from 31.51% to 10.38%, local : from 15.23% to 95.39%, training time : 8200msec
                                                     Cluster 89, round 1, loss : 4.24, accuracy 10.38% <-
                                                     Time past : 8200msec
                                                     ['0:0.20%', '1:0.10%', '2:0.00%', '3:0.00%', '4:0.00%', '5:100.00%', '6:0.00%', '7:0.10%', '8:2.10%', '9:1.30%']
                                          0msec<-
                                          ->0msec
                                                     -> Cluster 60, loss : 1.88, accuracy 31.51%, model from round 95
                                                     ['0:28.30%', '1:73.90%', '2:0.20%', '3:57.10%', '4:17.60%', '5:14.30%', '6:24.10%', '7:32.50%', '8:58.40%', '9:8.70%']
                                                                                              <-> Client 0, global : from 31.51% to 11.40%, local : from 56.69% to 94.81%, training time : 8200msec
                                                     Cluster 60, round 1, loss : 3.64, accuracy 11.40% <-
                                                     Time past : 8200msec
                                                     ['0:0.00%', '1:0.10%', '2:0.30%', '3:0.00%', '4:0.30%', '5:0.00%', '6:7.50%', '7:5.80%', '8:100.00%', '9:0.00%']
                                          0msec<-
                                          ->0msec
                                                     -> Cluster 42, loss : 1.88, accuracy 31.51%, model from round 95
                                                     ['0:28.30%', '1:73.90%', '2:0.20%', '3:57.10%', '4:17.60%', '5:14.30%', '6:24.10%', '7:32.50%', '8:58.40%', '9:8.70%']
                                                                                              <-> Client 0, global : from 31.51% to 11.11%, local : from 1.60% to 95.20%, training time : 8200msec
                                                     Cluster 42, round 1, loss : 3.81, accuracy 11.11% <-
                                                     Time past : 8200msec
                                                     ['0:0.00%', '1:0.60%', '2:99.50%', '3:0.00%', '4:0.00%', '5:0.00%', '6:0.00%', '7:0.00%', '8:1.00%', '9:10.00%']
                                          0msec<-
                                          ->0msec
                                                     -> Cluster 80, loss : 1.88, accuracy 31.51%, model from round 95
                                                     ['0:28.30%', '1:73.90%', '2:0.20%', '3:57.10%', '4:17.60%', '5:14.30%', '6:24.10%', '7:32.50%', '8:58.40%', '9:8.70%']
                                                                                              <-> Client 0, global : from 31.51% to 11.72%, local : from 13.60% to 95.00%, training time : 8200msec
                                                     Cluster 80, round 1, loss : 4.20, accuracy 11.72% <-
                                                     Time past : 8200msec
                                                     ['0:0.30%', '1:4.90%', '2:0.00%', '3:0.00%', '4:0.00%', '5:100.00%', '6:0.00%', '7:0.00%', '8:9.70%', '9:2.30%']
                                          0msec<-
                                          ->0msec
                                                     -> Cluster 18, loss : 1.88, accuracy 31.51%, model from round 95
                                                     ['0:28.30%', '1:73.90%', '2:0.20%', '3:57.10%', '4:17.60%', '5:14.30%', '6:24.10%', '7:32.50%', '8:58.40%', '9:8.70%']
                                                                                              <-> Client 0, global : from 31.51% to 11.39%, local : from 12.00% to 95.40%, training time : 8200msec
                                                     Cluster 18, round 1, loss : 3.33, accuracy 11.39% <-
                                                     Time past : 8200msec
                                                     ['0:0.10%', '1:0.00%', '2:2.60%', '3:2.00%', '4:3.10%', '5:4.40%', '6:0.10%', '7:1.70%', '8:0.20%', '9:99.70%']
                                          0msec<-
                                          ->0msec
                                                     -> Cluster 49, loss : 1.88, accuracy 31.51%, model from round 95
                                                     ['0:28.30%', '1:73.90%', '2:0.20%', '3:57.10%', '4:17.60%', '5:14.30%', '6:24.10%', '7:32.50%', '8:58.40%', '9:8.70%']
                                                                                              <-> Client 0, global : from 31.51% to 11.49%, local : from 1.40% to 95.40%, training time : 8200msec
                                                     Cluster 49, round 1, loss : 4.02, accuracy 11.49% <-
                                                     Time past : 8200msec
                                                     ['0:0.00%', '1:0.20%', '2:99.60%', '3:0.00%', '4:0.00%', '5:0.00%', '6:0.00%', '7:0.00%', '8:1.90%', '9:13.20%']
                                          0msec<-
                                          ->0msec
                                                     -> Cluster 55, loss : 1.88, accuracy 31.51%, model from round 95
                                                     ['0:28.30%', '1:73.90%', '2:0.20%', '3:57.10%', '4:17.60%', '5:14.30%', '6:24.10%', '7:32.50%', '8:58.40%', '9:8.70%']
                                                                                              <-> Client 0, global : from 31.51% to 10.88%, local : from 36.80% to 95.20%, training time : 8200msec
                                                     Cluster 55, round 1, loss : 3.82, accuracy 10.88% <-
                                                     Time past : 8200msec
                                                     ['0:2.90%', '1:2.20%', '2:0.00%', '3:0.00%', '4:0.00%', '5:0.00%', '6:0.00%', '7:100.00%', '8:3.00%', '9:0.70%']
                                          0msec<-
                                          ->0msec
                                                     -> Cluster 6, loss : 1.88, accuracy 31.51%, model from round 95
                                                     ['0:28.30%', '1:73.90%', '2:0.20%', '3:57.10%', '4:17.60%', '5:14.30%', '6:24.10%', '7:32.50%', '8:58.40%', '9:8.70%']
                                                                                              <-> Client 0, global : from 31.51% to 13.51%, local : from 21.00% to 95.20%, training time : 8200msec
                                                     Cluster 6, round 1, loss : 3.78, accuracy 13.51% <-
                                                     Time past : 8200msec
                                                     ['0:16.50%', '1:5.20%', '2:0.00%', '3:0.00%', '4:0.00%', '5:0.00%', '6:99.90%', '7:0.70%', '8:7.60%', '9:5.20%']
                                          0msec<-
                                          ->0msec
                                                     -> Cluster 82, loss : 1.88, accuracy 31.51%, model from round 95
                                                     ['0:28.30%', '1:73.90%', '2:0.20%', '3:57.10%', '4:17.60%', '5:14.30%', '6:24.10%', '7:32.50%', '8:58.40%', '9:8.70%']
                                                                                              <-> Client 0, global : from 31.51% to 14.06%, local : from 15.40% to 95.40%, training time : 8200msec
                                                     Cluster 82, round 1, loss : 3.53, accuracy 14.06% <-
                                                     Time past : 8200msec
                                                     ['0:9.40%', '1:1.10%', '2:0.00%', '3:0.00%', '4:0.00%', '5:100.00%', '6:0.00%', '7:0.40%', '8:28.40%', '9:1.30%']
                                          0msec<-
                                          ->0msec
                                                     -> Cluster 14, loss : 1.88, accuracy 31.51%, model from round 95
                                                     ['0:28.30%', '1:73.90%', '2:0.20%', '3:57.10%', '4:17.60%', '5:14.30%', '6:24.10%', '7:32.50%', '8:58.40%', '9:8.70%']
                                                                                              <-> Client 0, global : from 31.51% to 12.69%, local : from 12.40% to 95.40%, training time : 8200msec
                                                     Cluster 14, round 1, loss : 3.50, accuracy 12.69% <-
                                                     Time past : 8200msec
                                                     ['0:0.20%', '1:0.00%', '2:0.00%', '3:0.00%', '4:21.80%', '5:4.40%', '6:0.20%', '7:0.00%', '8:0.50%', '9:99.80%']
                                          0msec<-
Central server round 95, loss : 1.90, accuracy :30.78%
Time past: 779000msec
['0:27.50%', '1:18.40%', '2:13.00%', '3:0.00%', '4:0.50%', '5:80.20%', '6:27.30%', '7:24.90%', '8:51.00%', '9:65.00%']
                                          ->0msec
                                                     -> Cluster 75, loss : 1.90, accuracy 30.78%, model from round 96
                                                     ['0:27.50%', '1:18.40%', '2:13.00%', '3:0.00%', '4:0.50%', '5:80.20%', '6:27.30%', '7:24.90%', '8:51.00%', '9:65.00%']
                                                                                              <-> Client 0, global : from 30.78% to 10.07%, local : from 1.20% to 95.00%, training time : 8200msec
                                                     Cluster 75, round 1, loss : 4.46, accuracy 10.07% <-
                                                     Time past : 8200msec
                                                     ['0:0.10%', '1:0.00%', '2:0.00%', '3:100.00%', '4:0.00%', '5:0.00%', '6:0.00%', '7:0.00%', '8:0.60%', '9:0.00%']
                                          0msec<-
                                          ->0msec
                                                     -> Cluster 6, loss : 1.90, accuracy 30.78%, model from round 96
                                                     ['0:27.50%', '1:18.40%', '2:13.00%', '3:0.00%', '4:0.50%', '5:80.20%', '6:27.30%', '7:24.90%', '8:51.00%', '9:65.00%']
                                                                                              <-> Client 0, global : from 30.78% to 15.28%, local : from 22.60% to 95.40%, training time : 8200msec
                                                     Cluster 6, round 1, loss : 3.53, accuracy 15.28% <-
                                                     Time past : 8200msec
                                                     ['0:23.80%', '1:5.70%', '2:0.00%', '3:0.00%', '4:0.00%', '5:0.00%', '6:99.90%', '7:1.20%', '8:9.20%', '9:13.00%']
                                          0msec<-
                                          ->0msec
                                                     -> Cluster 26, loss : 1.90, accuracy 30.78%, model from round 96
                                                     ['0:27.50%', '1:18.40%', '2:13.00%', '3:0.00%', '4:0.50%', '5:80.20%', '6:27.30%', '7:24.90%', '8:51.00%', '9:65.00%']
                                                                                              <-> Client 0, global : from 30.78% to 10.61%, local : from 1.80% to 95.00%, training time : 8200msec
                                                     Cluster 26, round 1, loss : 4.06, accuracy 10.61% <-
                                                     Time past : 8200msec
                                                     ['0:0.00%', '1:1.60%', '2:0.00%', '3:0.00%', '4:99.90%', '5:0.00%', '6:0.00%', '7:0.00%', '8:1.50%', '9:3.10%']
                                          0msec<-
                                          ->0msec
                                                     -> Cluster 91, loss : 1.90, accuracy 30.78%, model from round 96
                                                     ['0:27.50%', '1:18.40%', '2:13.00%', '3:0.00%', '4:0.50%', '5:80.20%', '6:27.30%', '7:24.90%', '8:51.00%', '9:65.00%']
                                                                                              <-> Client 0, global : from 30.78% to 10.03%, local : from 25.60% to 95.00%, training time : 8200msec
                                                     Cluster 91, round 1, loss : 4.03, accuracy 10.03% <-
                                                     Time past : 8200msec
                                                     ['0:100.00%', '1:0.30%', '2:0.00%', '3:0.00%', '4:0.00%', '5:0.00%', '6:0.00%', '7:0.00%', '8:0.00%', '9:0.00%']
                                          0msec<-
                                          ->0msec
                                                     -> Cluster 10, loss : 1.90, accuracy 30.78%, model from round 96
                                                     ['0:27.50%', '1:18.40%', '2:13.00%', '3:0.00%', '4:0.50%', '5:80.20%', '6:27.30%', '7:24.90%', '8:51.00%', '9:65.00%']
                                                                                              <-> Client 0, global : from 30.78% to 10.17%, local : from 61.28% to 94.81%, training time : 8200msec
                                                     Cluster 10, round 1, loss : 3.63, accuracy 10.17% <-
                                                     Time past : 8200msec
                                                     ['0:0.00%', '1:0.00%', '2:1.50%', '3:0.00%', '4:0.00%', '5:0.20%', '6:0.00%', '7:0.00%', '8:0.00%', '9:100.00%']
                                          0msec<-
                                          ->0msec
                                                     -> Cluster 42, loss : 1.90, accuracy 30.78%, model from round 96
                                                     ['0:27.50%', '1:18.40%', '2:13.00%', '3:0.00%', '4:0.50%', '5:80.20%', '6:27.30%', '7:24.90%', '8:51.00%', '9:65.00%']
                                                                                              <-> Client 0, global : from 30.78% to 10.04%, local : from 13.00% to 95.00%, training time : 8200msec
                                                     Cluster 42, round 1, loss : 4.72, accuracy 10.04% <-
                                                     Time past : 8200msec
                                                     ['0:0.00%', '1:0.00%', '2:99.90%', '3:0.00%', '4:0.00%', '5:0.00%', '6:0.00%', '7:0.00%', '8:0.00%', '9:0.50%']
                                          0msec<-
                                          ->0msec
                                                     -> Cluster 15, loss : 1.90, accuracy 30.78%, model from round 96
                                                     ['0:27.50%', '1:18.40%', '2:13.00%', '3:0.00%', '4:0.50%', '5:80.20%', '6:27.30%', '7:24.90%', '8:51.00%', '9:65.00%']
                                                                                              <-> Client 0, global : from 30.78% to 11.24%, local : from 68.40% to 95.20%, training time : 8200msec
                                                     Cluster 15, round 1, loss : 3.71, accuracy 11.24% <-
                                                     Time past : 8200msec
                                                     ['0:0.20%', '1:0.00%', '2:0.00%', '3:0.00%', '4:3.50%', '5:3.90%', '6:4.70%', '7:0.20%', '8:0.10%', '9:99.80%']
                                          0msec<-
                                          ->0msec
                                                     -> Cluster 85, loss : 1.90, accuracy 30.78%, model from round 96
                                                     ['0:27.50%', '1:18.40%', '2:13.00%', '3:0.00%', '4:0.50%', '5:80.20%', '6:27.30%', '7:24.90%', '8:51.00%', '9:65.00%']
                                                                                              <-> Client 0, global : from 30.78% to 13.11%, local : from 78.76% to 95.99%, training time : 8200msec
                                                     Cluster 85, round 1, loss : 4.12, accuracy 13.11% <-
                                                     Time past : 8200msec
                                                     ['0:11.20%', '1:0.10%', '2:0.00%', '3:0.00%', '4:0.00%', '5:99.80%', '6:0.00%', '7:0.00%', '8:12.10%', '9:7.90%']
                                          0msec<-
                                          ->0msec
                                                     -> Cluster 82, loss : 1.90, accuracy 30.78%, model from round 96
                                                     ['0:27.50%', '1:18.40%', '2:13.00%', '3:0.00%', '4:0.50%', '5:80.20%', '6:27.30%', '7:24.90%', '8:51.00%', '9:65.00%']
                                                                                              <-> Client 0, global : from 30.78% to 11.73%, local : from 79.80% to 95.00%, training time : 8200msec
                                                     Cluster 82, round 1, loss : 4.34, accuracy 11.73% <-
                                                     Time past : 8200msec
                                                     ['0:1.70%', '1:0.00%', '2:0.00%', '3:0.00%', '4:0.00%', '5:100.00%', '6:0.00%', '7:0.10%', '8:15.40%', '9:0.10%']
                                          0msec<-
                                          ->0msec
                                                     -> Cluster 8, loss : 1.90, accuracy 30.78%, model from round 96
                                                     ['0:27.50%', '1:18.40%', '2:13.00%', '3:0.00%', '4:0.50%', '5:80.20%', '6:27.30%', '7:24.90%', '8:51.00%', '9:65.00%']
                                                                                              <-> Client 0, global : from 30.78% to 19.57%, local : from 28.00% to 95.80%, training time : 8200msec
                                                     Cluster 8, round 1, loss : 2.95, accuracy 19.57% <-
                                                     Time past : 8200msec
                                                     ['0:11.20%', '1:17.20%', '2:0.10%', '3:0.00%', '4:0.00%', '5:0.00%', '6:99.70%', '7:0.10%', '8:29.40%', '9:38.00%']
                                          0msec<-
Central server round 96, loss : 1.85, accuracy :31.79%
Time past: 787200msec
['0:52.80%', '1:16.00%', '2:5.80%', '3:2.60%', '4:10.50%', '5:56.10%', '6:69.70%', '7:12.60%', '8:16.90%', '9:74.90%']
                                          ->0msec
                                                     -> Cluster 48, loss : 1.85, accuracy 31.79%, model from round 97
                                                     ['0:52.80%', '1:16.00%', '2:5.80%', '3:2.60%', '4:10.50%', '5:56.10%', '6:69.70%', '7:12.60%', '8:16.90%', '9:74.90%']
                                                                                              <-> Client 0, global : from 31.79% to 10.61%, local : from 6.00% to 95.20%, training time : 8200msec
                                                     Cluster 48, round 1, loss : 3.74, accuracy 10.61% <-
                                                     Time past : 8200msec
                                                     ['0:0.00%', '1:1.70%', '2:99.80%', '3:0.00%', '4:0.00%', '5:0.00%', '6:0.00%', '7:0.00%', '8:0.00%', '9:4.60%']
                                          0msec<-
                                          ->0msec
                                                     -> Cluster 53, loss : 1.85, accuracy 31.79%, model from round 97
                                                     ['0:52.80%', '1:16.00%', '2:5.80%', '3:2.60%', '4:10.50%', '5:56.10%', '6:69.70%', '7:12.60%', '8:16.90%', '9:74.90%']
                                                                                              <-> Client 0, global : from 31.79% to 10.85%, local : from 12.00% to 95.00%, training time : 8200msec
                                                     Cluster 53, round 1, loss : 4.07, accuracy 10.85% <-
                                                     Time past : 8200msec
                                                     ['0:4.60%', '1:0.40%', '2:0.00%', '3:0.00%', '4:0.00%', '5:0.00%', '6:0.00%', '7:100.00%', '8:3.30%', '9:0.20%']
                                          0msec<-
                                          ->0msec
                                                     -> Cluster 67, loss : 1.85, accuracy 31.79%, model from round 97
                                                     ['0:52.80%', '1:16.00%', '2:5.80%', '3:2.60%', '4:10.50%', '5:56.10%', '6:69.70%', '7:12.60%', '8:16.90%', '9:74.90%']
                                                                                              <-> Client 0, global : from 31.79% to 12.91%, local : from 20.00% to 95.40%, training time : 8200msec
                                                     Cluster 67, round 1, loss : 3.47, accuracy 12.91% <-
                                                     Time past : 8200msec
                                                     ['0:0.00%', '1:1.60%', '2:2.40%', '3:0.00%', '4:0.00%', '5:0.20%', '6:20.80%', '7:4.10%', '8:100.00%', '9:0.00%']
                                          0msec<-
                                          ->0msec
                                                     -> Cluster 59, loss : 1.85, accuracy 31.79%, model from round 97
                                                     ['0:52.80%', '1:16.00%', '2:5.80%', '3:2.60%', '4:10.50%', '5:56.10%', '6:69.70%', '7:12.60%', '8:16.90%', '9:74.90%']
                                                                                              <-> Client 0, global : from 31.79% to 12.53%, local : from 13.20% to 95.20%, training time : 8200msec
                                                     Cluster 59, round 1, loss : 3.57, accuracy 12.53% <-
                                                     Time past : 8200msec
                                                     ['0:12.30%', '1:1.50%', '2:0.00%', '3:0.00%', '4:0.00%', '5:0.00%', '6:0.00%', '7:99.70%', '8:11.80%', '9:0.00%']
                                          0msec<-
                                          ->0msec
                                                     -> Cluster 9, loss : 1.85, accuracy 31.79%, model from round 97
                                                     ['0:52.80%', '1:16.00%', '2:5.80%', '3:2.60%', '4:10.50%', '5:56.10%', '6:69.70%', '7:12.60%', '8:16.90%', '9:74.90%']
                                                                                              <-> Client 0, global : from 31.79% to 14.95%, local : from 68.00% to 96.00%, training time : 8200msec
                                                     Cluster 9, round 1, loss : 3.96, accuracy 14.95% <-
                                                     Time past : 8200msec
                                                     ['0:19.50%', '1:5.30%', '2:0.00%', '3:0.00%', '4:0.00%', '5:0.00%', '6:99.90%', '7:0.00%', '8:14.20%', '9:10.60%']
                                          0msec<-
                                          ->0msec
                                                     -> Cluster 25, loss : 1.85, accuracy 31.79%, model from round 97
                                                     ['0:52.80%', '1:16.00%', '2:5.80%', '3:2.60%', '4:10.50%', '5:56.10%', '6:69.70%', '7:12.60%', '8:16.90%', '9:74.90%']
                                                                                              <-> Client 0, global : from 31.79% to 10.40%, local : from 13.20% to 95.00%, training time : 8200msec
                                                     Cluster 25, round 1, loss : 4.20, accuracy 10.40% <-
                                                     Time past : 8200msec
                                                     ['0:0.00%', '1:0.90%', '2:0.00%', '3:0.00%', '4:99.90%', '5:0.00%', '6:0.00%', '7:0.00%', '8:3.20%', '9:0.00%']
                                          0msec<-
                                          ->0msec
                                                     -> Cluster 52, loss : 1.85, accuracy 31.79%, model from round 97
                                                     ['0:52.80%', '1:16.00%', '2:5.80%', '3:2.60%', '4:10.50%', '5:56.10%', '6:69.70%', '7:12.60%', '8:16.90%', '9:74.90%']
                                                                                              <-> Client 0, global : from 31.79% to 11.74%, local : from 12.40% to 95.20%, training time : 8200msec
                                                     Cluster 52, round 1, loss : 3.81, accuracy 11.74% <-
                                                     Time past : 8200msec
                                                     ['0:5.90%', '1:0.40%', '2:0.00%', '3:0.00%', '4:0.00%', '5:0.00%', '6:0.00%', '7:100.00%', '8:10.40%', '9:0.70%']
                                          0msec<-
                                          ->0msec
                                                     -> Cluster 29, loss : 1.85, accuracy 31.79%, model from round 97
                                                     ['0:52.80%', '1:16.00%', '2:5.80%', '3:2.60%', '4:10.50%', '5:56.10%', '6:69.70%', '7:12.60%', '8:16.90%', '9:74.90%']
                                                                                              <-> Client 0, global : from 31.79% to 11.03%, local : from 14.40% to 95.00%, training time : 8200msec
                                                     Cluster 29, round 1, loss : 4.12, accuracy 11.03% <-
                                                     Time past : 8200msec
                                                     ['0:0.00%', '1:3.50%', '2:0.00%', '3:0.00%', '4:99.90%', '5:0.00%', '6:0.00%', '7:0.00%', '8:6.50%', '9:0.40%']
                                          0msec<-
                                          ->0msec
                                                     -> Cluster 77, loss : 1.85, accuracy 31.79%, model from round 97
                                                     ['0:52.80%', '1:16.00%', '2:5.80%', '3:2.60%', '4:10.50%', '5:56.10%', '6:69.70%', '7:12.60%', '8:16.90%', '9:74.90%']
                                                                                              <-> Client 0, global : from 31.79% to 12.59%, local : from 3.40% to 95.80%, training time : 8200msec
                                                     Cluster 77, round 1, loss : 3.82, accuracy 12.59% <-
                                                     Time past : 8200msec
                                                     ['0:0.60%', '1:1.00%', '2:0.00%', '3:99.80%', '4:0.00%', '5:0.00%', '6:0.00%', '7:0.20%', '8:24.30%', '9:0.00%']
                                          0msec<-
                                          ->0msec
                                                     -> Cluster 5, loss : 1.85, accuracy 31.79%, model from round 97
                                                     ['0:52.80%', '1:16.00%', '2:5.80%', '3:2.60%', '4:10.50%', '5:56.10%', '6:69.70%', '7:12.60%', '8:16.90%', '9:74.90%']
                                                                                              <-> Client 0, global : from 31.79% to 15.27%, local : from 65.40% to 95.40%, training time : 8200msec
                                                     Cluster 5, round 1, loss : 3.62, accuracy 15.27% <-
                                                     Time past : 8200msec
                                                     ['0:8.20%', '1:2.80%', '2:0.10%', '3:0.00%', '4:0.00%', '5:0.20%', '6:100.00%', '7:0.40%', '8:24.50%', '9:16.50%']
                                          0msec<-
Central server round 97, loss : 1.85, accuracy :32.71%
Time past: 795400msec
['0:19.90%', '1:37.70%', '2:2.80%', '3:19.30%', '4:32.10%', '5:6.40%', '6:47.50%', '7:76.90%', '8:62.40%', '9:22.10%']
                                          ->0msec
                                                     -> Cluster 91, loss : 1.85, accuracy 32.71%, model from round 98
                                                     ['0:19.90%', '1:37.70%', '2:2.80%', '3:19.30%', '4:32.10%', '5:6.40%', '6:47.50%', '7:76.90%', '8:62.40%', '9:22.10%']
                                                                                              <-> Client 0, global : from 32.71% to 10.04%, local : from 19.80% to 95.00%, training time : 8200msec
                                                     Cluster 91, round 1, loss : 3.99, accuracy 10.04% <-
                                                     Time past : 8200msec
                                                     ['0:100.00%', '1:0.30%', '2:0.00%', '3:0.00%', '4:0.00%', '5:0.00%', '6:0.00%', '7:0.10%', '8:0.00%', '9:0.00%']
                                          0msec<-
                                          ->0msec
                                                     -> Cluster 90, loss : 1.85, accuracy 32.71%, model from round 98
                                                     ['0:19.90%', '1:37.70%', '2:2.80%', '3:19.30%', '4:32.10%', '5:6.40%', '6:47.50%', '7:76.90%', '8:62.40%', '9:22.10%']
                                                                                              <-> Client 0, global : from 32.71% to 10.12%, local : from 23.60% to 95.00%, training time : 8200msec
                                                     Cluster 90, round 1, loss : 3.33, accuracy 10.12% <-
                                                     Time past : 8200msec
                                                     ['0:100.00%', '1:0.00%', '2:0.00%', '3:0.00%', '4:0.00%', '5:0.00%', '6:0.50%', '7:0.00%', '8:0.00%', '9:0.70%']
                                          0msec<-
                                          ->0msec
                                                     -> Cluster 87, loss : 1.85, accuracy 32.71%, model from round 98
                                                     ['0:19.90%', '1:37.70%', '2:2.80%', '3:19.30%', '4:32.10%', '5:6.40%', '6:47.50%', '7:76.90%', '8:62.40%', '9:22.10%']
                                                                                              <-> Client 0, global : from 32.71% to 18.65%, local : from 7.62% to 96.39%, training time : 8200msec
                                                     Cluster 87, round 1, loss : 3.07, accuracy 18.65% <-
                                                     Time past : 8200msec
                                                     ['0:30.90%', '1:6.90%', '2:0.00%', '3:0.00%', '4:0.00%', '5:99.20%', '6:0.00%', '7:3.70%', '8:24.50%', '9:21.30%']
                                          0msec<-
                                          ->0msec
                                                     -> Cluster 39, loss : 1.85, accuracy 32.71%, model from round 98
                                                     ['0:19.90%', '1:37.70%', '2:2.80%', '3:19.30%', '4:32.10%', '5:6.40%', '6:47.50%', '7:76.90%', '8:62.40%', '9:22.10%']
                                                                                              <-> Client 0, global : from 32.71% to 10.48%, local : from 34.40% to 95.20%, training time : 8200msec
                                                     Cluster 39, round 1, loss : 3.85, accuracy 10.48% <-
                                                     Time past : 8200msec
                                                     ['0:2.50%', '1:99.90%', '2:0.00%', '3:0.60%', '4:0.40%', '5:0.40%', '6:0.00%', '7:0.40%', '8:0.60%', '9:0.00%']
                                          0msec<-
                                          ->0msec
                                                     -> Cluster 56, loss : 1.85, accuracy 32.71%, model from round 98
                                                     ['0:19.90%', '1:37.70%', '2:2.80%', '3:19.30%', '4:32.10%', '5:6.40%', '6:47.50%', '7:76.90%', '8:62.40%', '9:22.10%']
                                                                                              <-> Client 0, global : from 32.71% to 11.93%, local : from 73.20% to 95.40%, training time : 8200msec
                                                     Cluster 56, round 1, loss : 3.82, accuracy 11.93% <-
                                                     Time past : 8200msec
                                                     ['0:0.00%', '1:0.20%', '2:0.00%', '3:0.00%', '4:0.00%', '5:0.00%', '6:0.00%', '7:99.50%', '8:18.50%', '9:1.10%']
                                          0msec<-
                                          ->0msec
                                                     -> Cluster 63, loss : 1.85, accuracy 32.71%, model from round 98
                                                     ['0:19.90%', '1:37.70%', '2:2.80%', '3:19.30%', '4:32.10%', '5:6.40%', '6:47.50%', '7:76.90%', '8:62.40%', '9:22.10%']
                                                                                              <-> Client 0, global : from 32.71% to 13.55%, local : from 62.20% to 95.80%, training time : 8200msec
                                                     Cluster 63, round 1, loss : 4.02, accuracy 13.55% <-
                                                     Time past : 8200msec
                                                     ['0:0.00%', '1:0.00%', '2:0.00%', '3:0.00%', '4:23.20%', '5:0.60%', '6:11.30%', '7:0.40%', '8:100.00%', '9:0.00%']
                                          0msec<-
                                          ->0msec
                                                     -> Cluster 21, loss : 1.85, accuracy 32.71%, model from round 98
                                                     ['0:19.90%', '1:37.70%', '2:2.80%', '3:19.30%', '4:32.10%', '5:6.40%', '6:47.50%', '7:76.90%', '8:62.40%', '9:22.10%']
                                                                                              <-> Client 0, global : from 32.71% to 10.68%, local : from 34.33% to 94.61%, training time : 8200msec
                                                     Cluster 21, round 1, loss : 3.74, accuracy 10.68% <-
                                                     Time past : 8200msec
                                                     ['0:0.00%', '1:0.10%', '2:0.00%', '3:0.00%', '4:99.90%', '5:0.10%', '6:0.00%', '7:0.00%', '8:3.20%', '9:3.50%']
                                          0msec<-
                                          ->0msec
                                                     -> Cluster 86, loss : 1.85, accuracy 32.71%, model from round 98
                                                     ['0:19.90%', '1:37.70%', '2:2.80%', '3:19.30%', '4:32.10%', '5:6.40%', '6:47.50%', '7:76.90%', '8:62.40%', '9:22.10%']
                                                                                              <-> Client 0, global : from 32.71% to 12.29%, local : from 6.61% to 95.59%, training time : 8200msec
                                                     Cluster 86, round 1, loss : 3.99, accuracy 12.29% <-
                                                     Time past : 8200msec
                                                     ['0:0.20%', '1:1.20%', '2:0.00%', '3:0.00%', '4:0.00%', '5:100.00%', '6:0.00%', '7:0.00%', '8:12.80%', '9:8.70%']
                                          0msec<-
                                          ->0msec
                                                     -> Cluster 18, loss : 1.85, accuracy 32.71%, model from round 98
                                                     ['0:19.90%', '1:37.70%', '2:2.80%', '3:19.30%', '4:32.10%', '5:6.40%', '6:47.50%', '7:76.90%', '8:62.40%', '9:22.10%']
                                                                                              <-> Client 0, global : from 32.71% to 10.59%, local : from 25.00% to 95.00%, training time : 8200msec
                                                     Cluster 18, round 1, loss : 3.79, accuracy 10.59% <-
                                                     Time past : 8200msec
                                                     ['0:0.10%', '1:0.00%', '2:0.80%', '3:1.70%', '4:0.90%', '5:1.80%', '6:0.10%', '7:0.50%', '8:0.10%', '9:99.90%']
                                          0msec<-
                                          ->0msec
                                                     -> Cluster 3, loss : 1.85, accuracy 32.71%, model from round 98
                                                     ['0:19.90%', '1:37.70%', '2:2.80%', '3:19.30%', '4:32.10%', '5:6.40%', '6:47.50%', '7:76.90%', '8:62.40%', '9:22.10%']
                                                                                              <-> Client 0, global : from 32.71% to 16.14%, local : from 44.00% to 95.40%, training time : 8200msec
                                                     Cluster 3, round 1, loss : 3.55, accuracy 16.14% <-
                                                     Time past : 8200msec
                                                     ['0:9.00%', '1:8.30%', '2:0.00%', '3:0.00%', '4:0.00%', '5:0.20%', '6:99.80%', '7:1.20%', '8:40.60%', '9:2.30%']
                                          0msec<-
Central server round 98, loss : 1.78, accuracy :36.58%
Time past: 803600msec
['0:57.20%', '1:39.10%', '2:0.00%', '3:0.70%', '4:28.90%', '5:56.70%', '6:47.10%', '7:44.00%', '8:51.30%', '9:40.80%']
                                          ->0msec
                                                     -> Cluster 39, loss : 1.78, accuracy 36.58%, model from round 99
                                                     ['0:57.20%', '1:39.10%', '2:0.00%', '3:0.70%', '4:28.90%', '5:56.70%', '6:47.10%', '7:44.00%', '8:51.30%', '9:40.80%']
                                                                                              <-> Client 0, global : from 36.58% to 10.29%, local : from 37.60% to 95.20%, training time : 8200msec
                                                     Cluster 39, round 1, loss : 3.95, accuracy 10.29% <-
                                                     Time past : 8200msec
                                                     ['0:1.00%', '1:99.90%', '2:0.00%', '3:0.30%', '4:0.40%', '5:0.40%', '6:0.00%', '7:0.30%', '8:0.60%', '9:0.00%']
                                          0msec<-
                                          ->0msec
                                                     -> Cluster 96, loss : 1.78, accuracy 36.58%, model from round 99
                                                     ['0:57.20%', '1:39.10%', '2:0.00%', '3:0.70%', '4:28.90%', '5:56.70%', '6:47.10%', '7:44.00%', '8:51.30%', '9:40.80%']
                                                                                              <-> Client 0, global : from 36.58% to 10.15%, local : from 49.70% to 95.19%, training time : 8200msec
                                                     Cluster 96, round 1, loss : 3.70, accuracy 10.15% <-
                                                     Time past : 8200msec
                                                     ['0:100.00%', '1:0.10%', '2:0.00%', '3:0.00%', '4:0.00%', '5:0.20%', '6:0.00%', '7:0.00%', '8:0.00%', '9:1.20%']
                                          0msec<-
                                          ->0msec
                                                     -> Cluster 11, loss : 1.78, accuracy 36.58%, model from round 99
                                                     ['0:57.20%', '1:39.10%', '2:0.00%', '3:0.70%', '4:28.90%', '5:56.70%', '6:47.10%', '7:44.00%', '8:51.30%', '9:40.80%']
                                                                                              <-> Client 0, global : from 36.58% to 11.59%, local : from 38.72% to 95.41%, training time : 8200msec
                                                     Cluster 11, round 1, loss : 3.67, accuracy 11.59% <-
                                                     Time past : 8200msec
                                                     ['0:0.00%', '1:0.00%', '2:0.00%', '3:0.20%', '4:1.10%', '5:0.40%', '6:12.80%', '7:1.40%', '8:0.00%', '9:100.00%']
                                          0msec<-
                                          ->0msec
                                                     -> Cluster 81, loss : 1.78, accuracy 36.58%, model from round 99
                                                     ['0:57.20%', '1:39.10%', '2:0.00%', '3:0.70%', '4:28.90%', '5:56.70%', '6:47.10%', '7:44.00%', '8:51.30%', '9:40.80%']
                                                                                              <-> Client 0, global : from 36.58% to 11.41%, local : from 57.00% to 95.20%, training time : 8200msec
                                                     Cluster 81, round 1, loss : 3.40, accuracy 11.41% <-
                                                     Time past : 8200msec
                                                     ['0:2.40%', '1:0.80%', '2:0.00%', '3:0.00%', '4:0.00%', '5:100.00%', '6:0.00%', '7:0.10%', '8:2.00%', '9:8.80%']
                                          0msec<-
                                          ->0msec
                                                     -> Cluster 62, loss : 1.78, accuracy 36.58%, model from round 99
                                                     ['0:57.20%', '1:39.10%', '2:0.00%', '3:0.70%', '4:28.90%', '5:56.70%', '6:47.10%', '7:44.00%', '8:51.30%', '9:40.80%']
                                                                                              <-> Client 0, global : from 36.58% to 12.64%, local : from 48.80% to 95.00%, training time : 8200msec
                                                     Cluster 62, round 1, loss : 3.36, accuracy 12.64% <-
                                                     Time past : 8200msec
                                                     ['0:0.00%', '1:0.50%', '2:0.10%', '3:0.70%', '4:4.00%', '5:0.60%', '6:16.30%', '7:4.10%', '8:100.00%', '9:0.10%']
                                          0msec<-
                                          ->0msec
                                                     -> Cluster 14, loss : 1.78, accuracy 36.58%, model from round 99
                                                     ['0:57.20%', '1:39.10%', '2:0.00%', '3:0.70%', '4:28.90%', '5:56.70%', '6:47.10%', '7:44.00%', '8:51.30%', '9:40.80%']
                                                                                              <-> Client 0, global : from 36.58% to 12.56%, local : from 41.20% to 95.40%, training time : 8200msec
                                                     Cluster 14, round 1, loss : 3.30, accuracy 12.56% <-
                                                     Time past : 8200msec
                                                     ['0:4.20%', '1:0.00%', '2:0.00%', '3:0.00%', '4:11.70%', '5:8.80%', '6:0.10%', '7:0.00%', '8:1.10%', '9:99.70%']
                                          0msec<-
                                          ->0msec
                                                     -> Cluster 64, loss : 1.78, accuracy 36.58%, model from round 99
                                                     ['0:57.20%', '1:39.10%', '2:0.00%', '3:0.70%', '4:28.90%', '5:56.70%', '6:47.10%', '7:44.00%', '8:51.30%', '9:40.80%']
                                                                                              <-> Client 0, global : from 36.58% to 13.55%, local : from 48.20% to 95.60%, training time : 8200msec
                                                     Cluster 64, round 1, loss : 3.43, accuracy 13.55% <-
                                                     Time past : 8200msec
                                                     ['0:0.00%', '1:0.20%', '2:0.60%', '3:0.00%', '4:10.90%', '5:0.00%', '6:10.20%', '7:13.50%', '8:100.00%', '9:0.10%']
                                          0msec<-
                                          ->0msec
                                                     -> Cluster 28, loss : 1.78, accuracy 36.58%, model from round 99
                                                     ['0:57.20%', '1:39.10%', '2:0.00%', '3:0.70%', '4:28.90%', '5:56.70%', '6:47.10%', '7:44.00%', '8:51.30%', '9:40.80%']
                                                                                              <-> Client 0, global : from 36.58% to 11.37%, local : from 27.00% to 94.80%, training time : 8200msec
                                                     Cluster 28, round 1, loss : 3.99, accuracy 11.37% <-
                                                     Time past : 8200msec
                                                     ['0:0.00%', '1:0.10%', '2:0.00%', '3:0.30%', '4:99.90%', '5:0.00%', '6:0.00%', '7:0.00%', '8:10.10%', '9:3.30%']
                                          0msec<-
                                          ->0msec
                                                     -> Cluster 77, loss : 1.78, accuracy 36.58%, model from round 99
                                                     ['0:57.20%', '1:39.10%', '2:0.00%', '3:0.70%', '4:28.90%', '5:56.70%', '6:47.10%', '7:44.00%', '8:51.30%', '9:40.80%']
                                                                                              <-> Client 0, global : from 36.58% to 11.56%, local : from 3.80% to 95.60%, training time : 8200msec
                                                     Cluster 77, round 1, loss : 4.05, accuracy 11.56% <-
                                                     Time past : 8200msec
                                                     ['0:0.50%', '1:0.80%', '2:0.00%', '3:99.90%', '4:0.00%', '5:0.00%', '6:0.00%', '7:0.20%', '8:14.20%', '9:0.00%']
                                          0msec<-
                                          ->0msec
                                                     -> Cluster 95, loss : 1.78, accuracy 36.58%, model from round 99
                                                     ['0:57.20%', '1:39.10%', '2:0.00%', '3:0.70%', '4:28.90%', '5:56.70%', '6:47.10%', '7:44.00%', '8:51.30%', '9:40.80%']
                                                                                              <-> Client 0, global : from 36.58% to 10.12%, local : from 57.92% to 95.19%, training time : 8200msec
                                                     Cluster 95, round 1, loss : 3.74, accuracy 10.12% <-
                                                     Time past : 8200msec
                                                     ['0:99.90%', '1:0.00%', '2:0.00%', '3:0.00%', '4:0.00%', '5:0.00%', '6:1.20%', '7:0.00%', '8:0.00%', '9:0.10%']
                                          0msec<-
Central server round 99, loss : 1.81, accuracy :35.28%
Time past: 811800msec
['0:47.70%', '1:25.40%', '2:1.10%', '3:25.10%', '4:47.10%', '5:31.30%', '6:24.00%', '7:25.80%', '8:63.50%', '9:61.80%']
                                          ->0msec
                                                     -> Cluster 8, loss : 1.81, accuracy 35.28%, model from round 100
                                                     ['0:47.70%', '1:25.40%', '2:1.10%', '3:25.10%', '4:47.10%', '5:31.30%', '6:24.00%', '7:25.80%', '8:63.50%', '9:61.80%']
                                                                                              <-> Client 0, global : from 35.28% to 13.79%, local : from 26.00% to 95.40%, training time : 8200msec
                                                     Cluster 8, round 1, loss : 3.94, accuracy 13.79% <-
                                                     Time past : 8200msec
                                                     ['0:6.00%', '1:3.50%', '2:0.00%', '3:0.00%', '4:0.00%', '5:0.00%', '6:100.00%', '7:0.00%', '8:15.30%', '9:13.10%']
                                          0msec<-
                                          ->0msec
                                                     -> Cluster 27, loss : 1.81, accuracy 35.28%, model from round 100
                                                     ['0:47.70%', '1:25.40%', '2:1.10%', '3:25.10%', '4:47.10%', '5:31.30%', '6:24.00%', '7:25.80%', '8:63.50%', '9:61.80%']
                                                                                              <-> Client 0, global : from 35.28% to 11.01%, local : from 45.20% to 95.00%, training time : 8200msec
                                                     Cluster 27, round 1, loss : 3.82, accuracy 11.01% <-
                                                     Time past : 8200msec
                                                     ['0:0.00%', '1:2.90%', '2:0.00%', '3:0.00%', '4:99.90%', '5:0.10%', '6:0.00%', '7:0.00%', '8:2.20%', '9:5.00%']
                                          0msec<-
                                          ->0msec
                                                     -> Cluster 0, loss : 1.81, accuracy 35.28%, model from round 100
                                                     ['0:47.70%', '1:25.40%', '2:1.10%', '3:25.10%', '4:47.10%', '5:31.30%', '6:24.00%', '7:25.80%', '8:63.50%', '9:61.80%']
                                                                                              <-> Client 0, global : from 35.28% to 12.37%, local : from 25.15% to 95.01%, training time : 8200msec
                                                     Cluster 0, round 1, loss : 3.71, accuracy 12.37% <-
                                                     Time past : 8200msec
                                                     ['0:6.70%', '1:3.00%', '2:0.00%', '3:0.00%', '4:0.00%', '5:0.00%', '6:100.00%', '7:0.00%', '8:11.80%', '9:2.20%']
                                          0msec<-
                                          ->0msec
                                                     -> Cluster 86, loss : 1.81, accuracy 35.28%, model from round 100
                                                     ['0:47.70%', '1:25.40%', '2:1.10%', '3:25.10%', '4:47.10%', '5:31.30%', '6:24.00%', '7:25.80%', '8:63.50%', '9:61.80%']
                                                                                              <-> Client 0, global : from 35.28% to 13.51%, local : from 31.66% to 95.59%, training time : 8200msec
                                                     Cluster 86, round 1, loss : 3.62, accuracy 13.51% <-
                                                     Time past : 8200msec
                                                     ['0:1.70%', '1:1.60%', '2:0.00%', '3:0.00%', '4:0.00%', '5:99.90%', '6:0.00%', '7:0.20%', '8:16.80%', '9:14.90%']
                                          0msec<-
                                          ->0msec
                                                     -> Cluster 7, loss : 1.81, accuracy 35.28%, model from round 100
                                                     ['0:47.70%', '1:25.40%', '2:1.10%', '3:25.10%', '4:47.10%', '5:31.30%', '6:24.00%', '7:25.80%', '8:63.50%', '9:61.80%']
                                                                                              <-> Client 0, global : from 35.28% to 15.87%, local : from 22.00% to 95.40%, training time : 8200msec
                                                     Cluster 7, round 1, loss : 3.60, accuracy 15.87% <-
                                                     Time past : 8200msec
                                                     ['0:4.80%', '1:7.50%', '2:0.00%', '3:0.00%', '4:0.00%', '5:0.00%', '6:99.80%', '7:0.80%', '8:38.20%', '9:7.60%']
                                          0msec<-
                                          ->0msec
                                                     -> Cluster 54, loss : 1.81, accuracy 35.28%, model from round 100
                                                     ['0:47.70%', '1:25.40%', '2:1.10%', '3:25.10%', '4:47.10%', '5:31.30%', '6:24.00%', '7:25.80%', '8:63.50%', '9:61.80%']
                                                                                              <-> Client 0, global : from 35.28% to 11.59%, local : from 24.00% to 95.00%, training time : 8200msec
                                                     Cluster 54, round 1, loss : 3.67, accuracy 11.59% <-
                                                     Time past : 8200msec
                                                     ['0:8.10%', '1:0.20%', '2:0.00%', '3:0.00%', '4:0.00%', '5:0.00%', '6:0.60%', '7:99.90%', '8:7.10%', '9:0.00%']
                                          0msec<-
                                          ->0msec
                                                     -> Cluster 93, loss : 1.81, accuracy 35.28%, model from round 100
                                                     ['0:47.70%', '1:25.40%', '2:1.10%', '3:25.10%', '4:47.10%', '5:31.30%', '6:24.00%', '7:25.80%', '8:63.50%', '9:61.80%']
                                                                                              <-> Client 0, global : from 35.28% to 10.01%, local : from 44.49% to 95.19%, training time : 8200msec
                                                     Cluster 93, round 1, loss : 3.60, accuracy 10.01% <-
                                                     Time past : 8200msec
                                                     ['0:100.00%', '1:0.00%', '2:0.00%', '3:0.00%', '4:0.00%', '5:0.10%', '6:0.00%', '7:0.00%', '8:0.00%', '9:0.00%']
                                          0msec<-
                                          ->0msec
                                                     -> Cluster 91, loss : 1.81, accuracy 35.28%, model from round 100
                                                     ['0:47.70%', '1:25.40%', '2:1.10%', '3:25.10%', '4:47.10%', '5:31.30%', '6:24.00%', '7:25.80%', '8:63.50%', '9:61.80%']
                                                                                              <-> Client 0, global : from 35.28% to 10.27%, local : from 45.20% to 95.00%, training time : 8200msec
                                                     Cluster 91, round 1, loss : 3.57, accuracy 10.27% <-
                                                     Time past : 8200msec
                                                     ['0:100.00%', '1:2.10%', '2:0.00%', '3:0.00%', '4:0.00%', '5:0.00%', '6:0.00%', '7:0.30%', '8:0.00%', '9:0.30%']
                                          0msec<-
                                          ->0msec
                                                     -> Cluster 2, loss : 1.81, accuracy 35.28%, model from round 100
                                                     ['0:47.70%', '1:25.40%', '2:1.10%', '3:25.10%', '4:47.10%', '5:31.30%', '6:24.00%', '7:25.80%', '8:63.50%', '9:61.80%']
                                                                                              <-> Client 0, global : from 35.28% to 13.32%, local : from 21.20% to 95.40%, training time : 8200msec
                                                     Cluster 2, round 1, loss : 4.11, accuracy 13.32% <-
                                                     Time past : 8200msec
                                                     ['0:7.80%', '1:2.00%', '2:0.00%', '3:0.00%', '4:0.00%', '5:0.00%', '6:100.00%', '7:0.40%', '8:20.10%', '9:2.90%']
                                          0msec<-
                                          ->0msec
                                                     -> Cluster 1, loss : 1.81, accuracy 35.28%, model from round 100
                                                     ['0:47.70%', '1:25.40%', '2:1.10%', '3:25.10%', '4:47.10%', '5:31.30%', '6:24.00%', '7:25.80%', '8:63.50%', '9:61.80%']
                                                                                              <-> Client 0, global : from 35.28% to 15.35%, local : from 23.15% to 95.61%, training time : 8200msec
                                                     Cluster 1, round 1, loss : 3.76, accuracy 15.35% <-
                                                     Time past : 8200msec
                                                     ['0:8.30%', '1:1.00%', '2:0.00%', '3:0.00%', '4:0.00%', '5:0.60%', '6:100.00%', '7:0.00%', '8:37.60%', '9:6.00%']
                                          0msec<-
Central server round 100, loss : 2.15, accuracy :27.15%
Time past: 820000msec
['0:58.80%', '1:19.00%', '2:0.00%', '3:0.30%', '4:0.50%', '5:15.40%', '6:99.00%', '7:22.80%', '8:25.80%', '9:29.90%']
