{"centralservertimepast": [0, 900, 1800, 2700, 3600, 4500, 5400, 6300, 7200, 8100, 9000, 9900, 10800, 11700, 12600, 13500, 14400, 15300, 16200, 17100, 18000, 18900, 19800, 20700, 21600, 22500, 23400, 24300, 25200, 26100, 27000, 27900, 28800, 29700, 30600, 31500, 32400, 33300, 34200, 35100, 36000, 36900, 37800, 38700, 39600, 40500, 41400, 42300, 43200, 44100, 45000], "centralserveraccuracy": [0.0886, 0.2635, 0.296, 0.3148, 0.3328, 0.3443, 0.3579, 0.3665, 0.3775, 0.3865, 0.398, 0.405, 0.4137, 0.4225, 0.4288, 0.437, 0.4449, 0.4498, 0.4564, 0.4656, 0.4732, 0.4791, 0.4851, 0.4892, 0.4939, 0.5004, 0.5027, 0.5068, 0.5097, 0.5171, 0.5218, 0.5271, 0.529, 0.5298, 0.5342, 0.5388, 0.5427, 0.5456, 0.5496, 0.5551, 0.5556, 0.5592, 0.5637, 0.5677, 0.5691, 0.5719, 0.5793, 0.5818, 0.585, 0.5848, 0.5898], "centralserverloss": [2.3058451583862305, 2.1647883628845217, 2.0651913591384887, 1.9866843746185303, 1.9279423080444336, 1.883708321762085, 1.8441149898529052, 1.8107153663635254, 1.7792504947662353, 1.7503096143722534, 1.7233294681549072, 1.6978597105026245, 1.6716093711853028, 1.6465830976486207, 1.6221079236984253, 1.5981596956253052, 1.5769484619140626, 1.55371177444458, 1.5342178272247315, 1.5149301502227783, 1.4962459846496583, 1.4801139799118042, 1.4605833988189698, 1.4446672103881837, 1.4299582843780518, 1.4159974899291992, 1.402910627746582, 1.389096074295044, 1.3759239095687865, 1.363323134613037, 1.3513400625228882, 1.3403941230773926, 1.3301418664932252, 1.3202072257995605, 1.3126958414077758, 1.3014631828308105, 1.2902131980895997, 1.279514863204956, 1.2703173347473145, 1.259288829421997, 1.2523656930923461, 1.2423426246643066, 1.2323395151138306, 1.2223822832107545, 1.215873974609375, 1.2076546495437621, 1.1956061124801636, 1.1892466324806212, 1.1827071001052856, 1.1777380173683167, 1.169673287677765], "centralserverround": [0, 1, 2, 3, 4, 5, 6, 7, 8, 9, 10, 11, 12, 13, 14, 15, 16, 17, 18, 19, 20, 21, 22, 23, 24, 25, 26, 27, 28, 29, 30, 31, 32, 33, 34, 35, 36, 37, 38, 39, 40, 41, 42, 43, 44, 45, 46, 47, 48, 49, 50], "clustertimepast": [[], [], [], [], []], "clusteraccuracy": [[], [], [], [], []], "clusterloss": [[], [], [], [], []], "clusterround": [[], [], [], [], []]}