{"centralservertimepast": [0, 9800, 19600, 29400, 39200, 49000, 58800, 68600, 78400, 88200, 98000, 107800, 117600, 127400, 137200, 147000, 156800, 163000, 172800, 182600, 192400, 202200, 212000, 221800, 231600, 241400, 251200, 261000, 270800, 280600, 290400, 300200, 310000, 319800, 329600, 339400, 349200, 359000, 368800, 378600, 388400, 398200, 408000, 417800, 427600, 437400, 447200, 457000, 463200, 473000, 479200, 489000, 498800, 508600, 518400, 528200, 538000, 547800, 557600, 567400, 577200, 587000, 596800, 606600, 616400, 626200, 636000, 645800, 655600, 665400, 675200, 685000, 694800, 704600, 714400, 724200, 734000, 743800, 753600, 763400, 773200, 783000, 792800, 802600, 812400, 822200, 832000, 841800, 851600, 861400, 871200, 881000, 890800, 900600, 910400, 920200, 930000, 939800, 949600, 959400, 969200], "centralserveraccuracy": [0.101, 0.1162, 0.1, 0.1, 0.1001, 0.1353, 0.1018, 0.1003, 0.1401, 0.1042, 0.1018, 0.1125, 0.1294, 0.1006, 0.1028, 0.1009, 0.1094, 0.1211, 0.1226, 0.1488, 0.1061, 0.1126, 0.147, 0.1444, 0.1023, 0.1031, 0.1022, 0.1229, 0.1552, 0.1009, 0.1458, 0.1362, 0.1372, 0.1525, 0.1505, 0.1716, 0.1479, 0.1209, 0.1491, 0.1391, 0.162, 0.1507, 0.1164, 0.1519, 0.1306, 0.1756, 0.1642, 0.1479, 0.145, 0.1627, 0.1244, 0.1605, 0.1442, 0.1449, 0.1291, 0.1622, 0.1306, 0.1212, 0.1635, 0.1265, 0.1855, 0.2004, 0.1969, 0.113, 0.1774, 0.1459, 0.1718, 0.1611, 0.1576, 0.1555, 0.1117, 0.1827, 0.1543, 0.1742, 0.1378, 0.1532, 0.1117, 0.1723, 0.1536, 0.1589, 0.1852, 0.1683, 0.1586, 0.1462, 0.1544, 0.2021, 0.1848, 0.1804, 0.1864, 0.1665, 0.2058, 0.1586, 0.2011, 0.18, 0.1666, 0.1543, 0.1781, 0.1865, 0.1861, 0.179, 0.1342], "centralserverloss": [2.303006959915161, 2.313896884918213, 2.3406730972290037, 2.365260619735718, 2.348245138549805, 2.33226192779541, 2.3603059677124025, 2.3617403087615965, 2.3244861682891846, 2.3356266036987305, 2.425465474319458, 2.355293995666504, 2.408450733947754, 2.3959172382354734, 2.45062954788208, 2.4121409507751466, 2.369663373184204, 2.4217068744659422, 2.440212036895752, 2.3052409606933595, 2.3447287857055663, 2.455379793548584, 2.4157466499328613, 2.379816506576538, 2.487989934539795, 2.4144433235168457, 2.4411820751190185, 2.31159948387146, 2.301370181274414, 2.419309701156616, 2.2888313247680663, 2.3220188270568847, 2.292590354156494, 2.3691144027709963, 2.310425745010376, 2.2727071804046632, 2.301166416168213, 2.3421335430145263, 2.3927395652770995, 2.309549543762207, 2.3244785346984864, 2.2768914583206175, 2.3031304454803467, 2.352756087112427, 2.3316295555114745, 2.350669895172119, 2.3343884105682373, 2.247239543914795, 2.29726707572937, 2.3466599925994873, 2.3620238803863525, 2.432028170776367, 2.416786139297485, 2.376679193496704, 2.280774409866333, 2.206256563949585, 2.29618816986084, 2.362530972290039, 2.3173371337890627, 2.2793019115448, 2.256846747970581, 2.189131242752075, 2.232798361968994, 2.3209588665008547, 2.259965127182007, 2.256666473197937, 2.208909093093872, 2.3126924087524414, 2.283922365951538, 2.3505560356140136, 2.4174882202148438, 2.300638168716431, 2.301322325134277, 2.19767502784729, 2.4192572959899903, 2.308947943115234, 2.348122622680664, 2.255207364654541, 2.2701627754211424, 2.2593163162231447, 2.2145497062683104, 2.220157801055908, 2.332484804534912, 2.3241695919036864, 2.315215489578247, 2.184478955459595, 2.2190956855773925, 2.369868204498291, 2.3313742118835448, 2.2586038791656495, 2.2142272796630857, 2.277243671798706, 2.1980158382415773, 2.200725410079956, 2.231623036193848, 2.220563376235962, 2.2612397338867187, 2.1873544078826903, 2.2146314453125, 2.2796651268005372, 2.298251932525635], "centralserverround": [0, 1, 2, 3, 4, 5, 6, 7, 8, 9, 10, 11, 12, 13, 14, 15, 16, 17, 18, 19, 20, 21, 22, 23, 24, 25, 26, 27, 28, 29, 30, 31, 32, 33, 34, 35, 36, 37, 38, 39, 40, 41, 42, 43, 44, 45, 46, 47, 48, 49, 50, 51, 52, 53, 54, 55, 56, 57, 58, 59, 60, 61, 62, 63, 64, 65, 66, 67, 68, 69, 70, 71, 72, 73, 74, 75, 76, 77, 78, 79, 80, 81, 82, 83, 84, 85, 86, 87, 88, 89, 90, 91, 92, 93, 94, 95, 96, 97, 98, 99, 100]}