{"centralservertimepast": [0, 8700, 17400, 26100, 34800, 43500, 52200, 60900, 69600, 78300, 87000, 95700, 104400, 113100, 121800, 130500, 139200, 147900, 156600, 165300, 174000, 182700, 191400, 200100, 208800, 217500, 226200, 234900, 243600, 252300, 261000, 269700, 278400, 287100, 295800, 304500, 313200, 321900, 330600, 339300, 348000, 356700, 365400, 374100, 382800, 391500, 400200, 408900, 417600, 426300, 435000], "centralserveraccuracy": [0.0886, 0.3637, 0.4363, 0.488, 0.525, 0.5546, 0.5806, 0.5997, 0.6146, 0.6249, 0.6328, 0.6392, 0.6407, 0.6437, 0.648, 0.6484, 0.6509, 0.6518, 0.654, 0.6527, 0.654, 0.6561, 0.655, 0.6567, 0.6579, 0.658, 0.6575, 0.6572, 0.6569, 0.658, 0.6588, 0.6579, 0.6589, 0.6571, 0.6568, 0.6574, 0.657, 0.6573, 0.6564, 0.6563, 0.656, 0.6552, 0.6543, 0.6546, 0.6543, 0.6542, 0.6538, 0.6536, 0.6535, 0.6533, 0.6538], "centralserverloss": [2.3058451583862305, 1.81411065864563, 1.595508918952942, 1.446084965133667, 1.3450187023162843, 1.2681056926727294, 1.2100373126983643, 1.1801594831466675, 1.1849969179153443, 1.213123653793335, 1.2422891359329225, 1.2883118034362793, 1.312654363822937, 1.3610191400527953, 1.396083824157715, 1.4330839839935303, 1.4614008172988893, 1.5077594512939454, 1.5557073041915894, 1.5953399900436402, 1.6295638151168823, 1.6461051246643066, 1.6612063743591308, 1.6744352157592775, 1.6857287506103515, 1.6987222621917724, 1.7007615404129028, 1.7128095567703248, 1.7340272668838501, 1.7782013851165772, 1.8063826557159424, 1.823678973197937, 1.8496244644165039, 1.9232677543640138, 1.9552924139022827, 1.9961518259048463, 2.0280245292663572, 2.021540460205078, 2.06037170791626, 2.0883285440444945, 2.112320750236511, 2.133744113922119, 2.153693808937073, 2.1721625789642336, 2.189555599975586, 2.2059797857284544, 2.2216523321151733, 2.2364824476242067, 2.2507097635269164, 2.264368859672546, 2.2775443956375123], "centralserverround": [0, 1, 2, 3, 4, 5, 6, 7, 8, 9, 10, 11, 12, 13, 14, 15, 16, 17, 18, 19, 20, 21, 22, 23, 24, 25, 26, 27, 28, 29, 30, 31, 32, 33, 34, 35, 36, 37, 38, 39, 40, 41, 42, 43, 44, 45, 46, 47, 48, 49, 50], "clustertimepast": [[], [], [], [], []], "clusteraccuracy": [[], [], [], [], []], "clusterloss": [[], [], [], [], []], "clusterround": [[], [], [], [], []]}