{"centralservertimepast": [0, 8700, 17400, 26100, 34800, 43500, 52200, 60900, 69600, 78300, 87000, 95700, 104400, 113100, 121800, 130500, 139200, 147900, 156600, 165300, 174000, 182700, 191400, 200100, 208800, 217500, 226200, 234900, 243600, 252300, 261000, 269700, 278400, 287100, 295800, 304500, 313200, 321900, 330600, 339300, 348000, 356700, 365400, 374100, 382800, 391500, 400200, 408900, 417600, 426300, 435000], "centralserveraccuracy": [0.1116, 0.8885, 0.9181, 0.9354, 0.9449, 0.9539, 0.9597, 0.9631, 0.9676, 0.9704, 0.972, 0.9737, 0.976, 0.9771, 0.9777, 0.9784, 0.9791, 0.9797, 0.9801, 0.9805, 0.9813, 0.9817, 0.982, 0.9822, 0.9825, 0.9827, 0.9833, 0.9837, 0.9841, 0.9841, 0.9843, 0.9846, 0.9847, 0.9847, 0.9849, 0.9851, 0.9855, 0.9859, 0.9858, 0.986, 0.9861, 0.9861, 0.9864, 0.9866, 0.987, 0.9871, 0.987, 0.9871, 0.9872, 0.9871, 0.9873], "centralserverloss": [2.306291827774048, 0.5259841737747193, 0.3204554674386978, 0.23474759693145753, 0.18702218486070632, 0.15665142335891724, 0.1356716604888439, 0.12034500738084317, 0.10857616512179374, 0.0993472650513053, 0.0918686170682311, 0.08569759297817946, 0.08055701914094389, 0.07613313700854778, 0.07235698726847768, 0.06909392720013857, 0.06627396426610649, 0.06380130404913797, 0.06162182815363631, 0.05969380524866283, 0.05795694699091837, 0.05637158740768209, 0.054933104110136625, 0.053634539602510634, 0.052481815674342215, 0.05140408909602556, 0.05043385230577551, 0.049534277802868745, 0.04870776151129976, 0.04796028595303651, 0.047262994843907655, 0.04662258564445656, 0.04603127110592323, 0.04547501998801017, 0.044980054455879145, 0.04451605201717466, 0.04407846513730474, 0.043675583233789075, 0.043320727368746884, 0.042966349253291264, 0.042639178074046505, 0.04233725631859852, 0.04205597913332167, 0.04176655138011556, 0.04151485679473262, 0.04125915557095432, 0.041024013549741355, 0.040810669125051935, 0.040613433271704705, 0.040414412228390574, 0.040257069634474466], "centralserverround": [0, 1, 2, 3, 4, 5, 6, 7, 8, 9, 10, 11, 12, 13, 14, 15, 16, 17, 18, 19, 20, 21, 22, 23, 24, 25, 26, 27, 28, 29, 30, 31, 32, 33, 34, 35, 36, 37, 38, 39, 40, 41, 42, 43, 44, 45, 46, 47, 48, 49, 50], "clustertimepast": [[], [], [], [], []], "clusteraccuracy": [[], [], [], [], []], "clusterloss": [[], [], [], [], []], "clusterround": [[], [], [], [], []]}