{"centralservertimepast": [0, 2700, 5000, 7600, 9900, 12500, 14900, 17500, 20000, 22600, 25000, 27200, 29500, 32000, 34700, 37000, 39400, 41900, 44500, 47200, 49900, 52100, 54400, 56700, 59000, 61700, 64200, 66900, 69400, 71900, 74400, 76800, 79500, 81900, 84400, 87100, 89600, 92000, 94500, 96900, 99300, 101600, 103900, 106400, 109100, 111600, 114200, 116900, 119300, 122000, 124400, 127100, 129500, 131800, 134200, 136600, 139000, 141700, 144200, 146400, 148800, 151200, 153900, 156500, 158800, 161200, 163700, 166100, 168600, 171100, 173500, 175800, 178300, 180700, 183400, 186100, 188400, 190800, 193300, 195500, 197800, 200200, 202700, 205100, 207300, 210000, 212500, 215000, 217600, 219900, 222400, 224600, 227100, 229400, 231800, 234300, 236600, 239300, 241700, 244300, 246700], "centralserveraccuracy": [0.1663, 0.186, 0.0987, 0.0974, 0.0974, 0.1135, 0.2164, 0.1012, 0.2391, 0.2488, 0.0958, 0.1683, 0.2104, 0.4868, 0.2404, 0.2147, 0.2774, 0.2907, 0.4673, 0.5725, 0.4404, 0.6203, 0.5182, 0.5658, 0.4638, 0.5571, 0.6315, 0.7013, 0.6204, 0.633, 0.6076, 0.616, 0.4732, 0.5951, 0.579, 0.7474, 0.6869, 0.6425, 0.6532, 0.6625, 0.7125, 0.6974, 0.6827, 0.8014, 0.7391, 0.7282, 0.716, 0.6944, 0.7081, 0.7925, 0.7514, 0.672, 0.7121, 0.7967, 0.7734, 0.7668, 0.6939, 0.7226, 0.7877, 0.8198, 0.8249, 0.8051, 0.7976, 0.8103, 0.7733, 0.7886, 0.7586, 0.7955, 0.7551, 0.7736, 0.7868, 0.7644, 0.7898, 0.8075, 0.7757, 0.7819, 0.8507, 0.8066, 0.8496, 0.8416, 0.8098, 0.8569, 0.8407, 0.8625, 0.8525, 0.8512, 0.8059, 0.8555, 0.8357, 0.8021, 0.8632, 0.7862, 0.851, 0.8096, 0.8416, 0.7753, 0.8313, 0.8554, 0.8518, 0.8574, 0.8649], "centralserverloss": [2.3046083499908447, 2.3017620948791504, 2.301427436828613, 2.3028599090576174, 2.3128367656707765, 2.3672271469116213, 2.4046391166687013, 2.4325821537017824, 2.1471053741455077, 2.2024979454040525, 2.4348148822784426, 2.225697853088379, 2.2735099029541015, 1.8702188352584839, 2.1314691608428955, 2.1627302772521975, 1.9246980464935304, 1.755744711112976, 1.5665523921966553, 1.4789436491012573, 1.5614856622695923, 1.4225972515106202, 1.4489182315826417, 1.4852045244216918, 1.4515868162155152, 1.2652384441375732, 1.1458265609741212, 1.026031049156189, 1.1218778463363648, 1.082780467414856, 1.084815186691284, 1.075911371231079, 1.2757424034118652, 1.0828918952941895, 1.2221519912719727, 0.8507583168029785, 0.8906485241889953, 0.9454102971076965, 1.0052657722473144, 1.0730431413650512, 0.8465920600891114, 0.8491458568572998, 0.8761399890899658, 0.6920405429840087, 0.7487344185829162, 0.7808830752372742, 0.7929089018821717, 0.8379158797264099, 0.8139331742286682, 0.6965680848121643, 0.7130829642295837, 0.8055375920295715, 0.770374462890625, 0.6373270028114318, 0.7007324620246888, 0.6738103479385376, 0.8123407618522644, 0.7430599632263184, 0.6383282353401184, 0.5878045623779297, 0.5648077000617981, 0.5974030091285706, 0.6142950283527374, 0.6022012156009674, 0.632117645740509, 0.6143867097854614, 0.6761736008644104, 0.6167120600700379, 0.6916157451629639, 0.6321332132339478, 0.6068756593704223, 0.6416889542579651, 0.6152127811431884, 0.5709504112243652, 0.6172799715995788, 0.6037063585281373, 0.49174549436569215, 0.552792532300949, 0.4867697975635529, 0.5072596220970154, 0.5838218222618103, 0.47028084907531736, 0.517676668214798, 0.45760288968086243, 0.4702270157814026, 0.47425123381614687, 0.574216336107254, 0.4591432824134827, 0.5166420995235443, 0.5797969058990479, 0.4468201741218567, 0.5713131907463074, 0.4647965060710907, 0.547441211605072, 0.4632877182006836, 0.6117083415985107, 0.5263362114906311, 0.46312168378829954, 0.4652452956199646, 0.45909991846084597, 0.43613407111167907], "centralserverround": [0, 1, 2, 3, 4, 5, 6, 7, 8, 9, 10, 11, 12, 13, 14, 15, 16, 17, 18, 19, 20, 21, 22, 23, 24, 25, 26, 27, 28, 29, 30, 31, 32, 33, 34, 35, 36, 37, 38, 39, 40, 41, 42, 43, 44, 45, 46, 47, 48, 49, 50, 51, 52, 53, 54, 55, 56, 57, 58, 59, 60, 61, 62, 63, 64, 65, 66, 67, 68, 69, 70, 71, 72, 73, 74, 75, 76, 77, 78, 79, 80, 81, 82, 83, 84, 85, 86, 87, 88, 89, 90, 91, 92, 93, 94, 95, 96, 97, 98, 99, 100]}