{"centralservertimepast": [0, 6600, 10600, 15200, 19200, 23400, 28600, 32400, 36800, 41600, 46000, 50400, 54400, 59400, 63600, 67600, 72600, 76800, 80600, 85800, 89600, 94400, 98800, 103200, 106400, 111800, 115200, 120000, 124800, 129000, 133400, 137800, 142600, 146200, 151200, 155200, 159600, 163800, 169000, 172800, 177600, 182000, 185600, 190400, 195000, 198400, 203200, 208000, 212400, 216200, 220800, 225400, 230400, 234000, 239200, 243200, 248000, 252000, 257400, 260000, 265200, 268800, 273600, 278200, 283200, 286400, 291200, 296400, 299200, 304000, 308800, 313200, 317400, 322000, 326600, 330400, 335400, 339200, 344000, 348800, 352800, 356800, 361400, 364800, 369800, 374400, 379200, 382800, 387400, 392200, 396000, 401600, 404800, 409600, 414000, 418600, 422400, 427200, 432000, 435600, 440800], "centralserveraccuracy": [0.1191, 0.1004, 0.1021, 0.158, 0.2819, 0.3791, 0.4666, 0.5174, 0.5538, 0.5864, 0.611, 0.6408, 0.6581, 0.68, 0.6929, 0.7091, 0.7268, 0.7371, 0.7435, 0.7557, 0.7645, 0.7729, 0.7791, 0.7885, 0.7951, 0.8035, 0.806, 0.8112, 0.8155, 0.8197, 0.8237, 0.8265, 0.8293, 0.8314, 0.8359, 0.8376, 0.8417, 0.8442, 0.8462, 0.848, 0.8508, 0.8535, 0.8542, 0.8571, 0.8613, 0.8616, 0.8631, 0.8646, 0.8683, 0.8697, 0.8707, 0.8729, 0.8728, 0.8764, 0.8772, 0.877, 0.8789, 0.8811, 0.8816, 0.8828, 0.8831, 0.884, 0.8852, 0.8861, 0.8848, 0.8875, 0.888, 0.8902, 0.891, 0.8912, 0.8925, 0.8935, 0.8951, 0.895, 0.8959, 0.8966, 0.8973, 0.8982, 0.8986, 0.9003, 0.9001, 0.9014, 0.9014, 0.9026, 0.9025, 0.9035, 0.9039, 0.9042, 0.9053, 0.9054, 0.9059, 0.9064, 0.9072, 0.9077, 0.9074, 0.9081, 0.9098, 0.9099, 0.9108, 0.9113, 0.912], "centralserverloss": [2.3048230407714843, 2.285499993133545, 2.265283920288086, 2.2211115211486816, 2.1739077758789063, 2.132212551116943, 2.061640922164917, 1.9978478664398194, 1.9128886165618897, 1.8127978424072266, 1.7385059801101685, 1.614724976348877, 1.5282333744049073, 1.3966750274658204, 1.3256924886703492, 1.1948320301055908, 1.0629580540657044, 0.9927456580162048, 0.9419211262702942, 0.8630922979354858, 0.8134708275794983, 0.7646959475517273, 0.7372513822555542, 0.6943783648490905, 0.6705686939239502, 0.6365396949291229, 0.6211916127204895, 0.6035888224124909, 0.5857989356517792, 0.5750226305961609, 0.5591990701198578, 0.548017707490921, 0.5358547260284424, 0.5271270178794861, 0.5119512966156006, 0.5051934757232666, 0.49646746597290037, 0.4885653460025787, 0.4802328621864319, 0.47276511645317076, 0.4668287709236145, 0.45953912291526794, 0.45515995416641236, 0.4469715493679047, 0.4396279776573181, 0.4349674072265625, 0.42928019371032716, 0.4243574510574341, 0.41724114003181456, 0.41234012246131896, 0.40872599081993105, 0.4042911177635193, 0.4008723569393158, 0.3954084278583527, 0.3918997136116028, 0.38959525270462037, 0.3862497073173523, 0.38078825364112856, 0.3766507089138031, 0.37417019438743593, 0.3707558515548706, 0.3687822357177734, 0.36498288569450377, 0.36171603960990906, 0.3617854900836945, 0.35698224539756773, 0.35442145972251893, 0.3501061537265778, 0.3475092966079712, 0.3457172031402588, 0.34241280965805054, 0.3392909821510315, 0.3367744817733765, 0.335719340801239, 0.33225204520225526, 0.33005069780349733, 0.3267778110980988, 0.3255033833503723, 0.3234886199951172, 0.32130419516563413, 0.31913240280151367, 0.3167000492095947, 0.31482541089057925, 0.3131778254032135, 0.3114320349931717, 0.310822652053833, 0.30856568496227266, 0.30574689145088196, 0.3041721709728241, 0.3034969263792038, 0.30022487578392026, 0.3002943246841431, 0.29741969554424286, 0.29604877068996427, 0.2944258495807648, 0.29287042965888976, 0.2909751854419708, 0.2902790901184082, 0.288742485833168, 0.28638434901237486, 0.28560816893577573], "centralserverround": [0, 1, 2, 3, 4, 5, 6, 7, 8, 9, 10, 11, 12, 13, 14, 15, 16, 17, 18, 19, 20, 21, 22, 23, 24, 25, 26, 27, 28, 29, 30, 31, 32, 33, 34, 35, 36, 37, 38, 39, 40, 41, 42, 43, 44, 45, 46, 47, 48, 49, 50, 51, 52, 53, 54, 55, 56, 57, 58, 59, 60, 61, 62, 63, 64, 65, 66, 67, 68, 69, 70, 71, 72, 73, 74, 75, 76, 77, 78, 79, 80, 81, 82, 83, 84, 85, 86, 87, 88, 89, 90, 91, 92, 93, 94, 95, 96, 97, 98, 99, 100], "clustertimepast": [[], [], [], [], [], [], [], [], [], []], "clusteraccuracy": [[], [], [], [], [], [], [], [], [], []], "clusterloss": [[], [], [], [], [], [], [], [], [], []], "clusterround": [[], [], [], [], [], [], [], [], [], []]}