{"centralservertimepast": [0, 34200, 105400, 138600, 251800, 306000, 359200, 392400, 463600, 510800, 544000, 581200, 617400, 698600, 752800, 806000, 860200, 922400, 959600, 1006800, 1041000, 1074200, 1127400, 1164600, 1218800, 1253000, 1287200, 1349400, 1430600, 1463800, 1518000, 1580200, 1642400, 1704600, 1758800, 1806000, 1877200, 1924400, 1977600, 2014800, 2086000, 2166200, 2199400, 2252600, 2305800, 2353000, 2386200, 2448400, 2519600, 2553800, 2635000, 2716200, 2797400, 2830600, 2943800, 3025000, 3138200, 3218400, 3234600, 3267800, 3349000, 3430200, 3477400, 3530600, 3561800, 3598000, 3679200, 3759400, 3792600, 3905800, 3977000, 4010200, 4047400, 4079600, 4141800, 4195000, 4257200, 4290400, 4337600, 4408800, 4433000, 4486200, 4523400, 4604600, 4717800, 4765000, 4846200, 4908400, 4941600, 4974800, 5029000, 5062200, 5143400, 5176600, 5257800, 5292000, 5405200, 5459400, 5513600, 5567800, 5621000], "centralserveraccuracy": [0.0915, 0.2527, 0.3493, 0.4848, 0.6666, 0.6748, 0.6484, 0.713, 0.744, 0.8424, 0.8713, 0.8044, 0.8442, 0.7964, 0.8398, 0.8367, 0.8579, 0.8899, 0.9136, 0.8737, 0.901, 0.9289, 0.9223, 0.9107, 0.9308, 0.9201, 0.9302, 0.9229, 0.8775, 0.9179, 0.8354, 0.92, 0.9324, 0.9283, 0.9271, 0.9029, 0.9366, 0.9207, 0.9115, 0.9225, 0.9468, 0.9227, 0.9535, 0.944, 0.9498, 0.9598, 0.9551, 0.9504, 0.937, 0.9563, 0.9306, 0.9342, 0.9478, 0.9559, 0.9447, 0.949, 0.923, 0.9524, 0.9555, 0.9603, 0.9363, 0.9464, 0.9547, 0.9586, 0.9652, 0.9615, 0.9545, 0.9462, 0.9483, 0.9513, 0.9668, 0.9367, 0.9684, 0.9645, 0.9665, 0.9667, 0.9656, 0.9707, 0.9655, 0.9604, 0.9672, 0.9633, 0.9677, 0.9647, 0.9295, 0.9697, 0.9611, 0.9607, 0.9717, 0.9705, 0.9671, 0.9663, 0.9596, 0.9571, 0.9611, 0.9725, 0.9345, 0.9656, 0.9573, 0.9626, 0.969], "centralserverloss": [2.3070891120910644, 2.3087669010162353, 1.9791094402313232, 1.5875749256134033, 0.9732574308395385, 0.936421427154541, 0.9563694160461426, 0.760043564414978, 0.6891432871818542, 0.4592846296310425, 0.40607635984420776, 0.6041160002708436, 0.45800192966461184, 0.5919340517997742, 0.461529630279541, 0.43578897800445554, 0.43148197560310364, 0.3514107419490814, 0.2847629612803459, 0.3865957720041275, 0.31072217787504197, 0.2350482468008995, 0.24532067682743072, 0.2834436195850372, 0.21743554935455323, 0.2417259017586708, 0.2144928483247757, 0.2325707046508789, 0.34850482306480407, 0.2555080363035202, 0.4816243136405945, 0.2615621852874756, 0.23163158386945726, 0.2390130891084671, 0.22517066003084182, 0.3013182796180248, 0.18952942900657654, 0.22606318607330322, 0.2538347393751144, 0.21645225508213042, 0.17183026236891746, 0.2459597587108612, 0.14581591935455798, 0.1668341195702553, 0.15569652203321457, 0.12464883469939232, 0.145155407589674, 0.1727939199358225, 0.20795355066359042, 0.13221548835486174, 0.20122954729795456, 0.19249717594385146, 0.15872226155996322, 0.13808041688352823, 0.174314573456347, 0.15630181232094764, 0.24293793760538102, 0.14559649724178017, 0.14156985878944398, 0.12617983541935682, 0.18737254716157914, 0.1666110626757145, 0.14391632678806782, 0.13171136144697665, 0.10907191431373357, 0.12003078506030142, 0.1369304190605879, 0.16200048809051515, 0.15055789117775858, 0.15303508170545102, 0.1085874178096652, 0.194102321369946, 0.09781216191425919, 0.11147929122149944, 0.10240128470659256, 0.09935801873095333, 0.11297314439192414, 0.09477562193498015, 0.1102306143142283, 0.12169580516666174, 0.10278138925693929, 0.10815832236558198, 0.0995534681096673, 0.1033675669297576, 0.23369399624466897, 0.09349648095425218, 0.11418218249678612, 0.13391902235150338, 0.08669920887756162, 0.09189500967282802, 0.10131231786496937, 0.10105412940494717, 0.1195001959308982, 0.13020921427607537, 0.12342708605825901, 0.09072504243869335, 0.21687675943896176, 0.1112567053636536, 0.13393311123996973, 0.11714916399978101, 0.1006565681092441], "centralserverround": [0, 1, 2, 3, 4, 5, 6, 7, 8, 9, 10, 11, 12, 13, 14, 15, 16, 17, 18, 19, 20, 21, 22, 23, 24, 25, 26, 27, 28, 29, 30, 31, 32, 33, 34, 35, 36, 37, 38, 39, 40, 41, 42, 43, 44, 45, 46, 47, 48, 49, 50, 51, 52, 53, 54, 55, 56, 57, 58, 59, 60, 61, 62, 63, 64, 65, 66, 67, 68, 69, 70, 71, 72, 73, 74, 75, 76, 77, 78, 79, 80, 81, 82, 83, 84, 85, 86, 87, 88, 89, 90, 91, 92, 93, 94, 95, 96, 97, 98, 99, 100]}