{"centralservertimepast": [0, 3700, 7400, 11100, 14800, 18500, 22200, 25900, 29600, 33300, 37000, 40700, 44400, 48100, 51800, 55500, 59200, 62900, 66600, 70300, 74000, 77700, 81400, 85100, 88800, 92500, 96200, 99900, 103600, 107300, 111000, 114700, 118400, 122100, 125800, 129500, 133200, 136900, 140600, 144300, 148000, 151700, 155400, 159100, 162800, 166500, 170200, 173900, 177600, 181300, 185000, 188700, 192400, 196100, 199800, 203500, 207200, 210900, 214600, 218300, 222000, 225700, 229400, 233100, 236800, 240500, 244200, 247900, 251600, 255300, 259000, 262700, 266400, 270100, 273800, 277500, 281200, 284900, 288600, 292300, 296000, 299700, 303400, 307100, 310800, 314500, 318200, 321900, 325600, 329300, 333000, 336700, 340400, 344100, 347800, 351500, 355200, 358900, 362600, 366300, 370000], "centralserveraccuracy": [0.092, 0.101, 0.1255, 0.3129, 0.3571, 0.43, 0.5137, 0.5748, 0.6234, 0.6624, 0.6986, 0.7298, 0.7553, 0.775, 0.7927, 0.8057, 0.8163, 0.8249, 0.8319, 0.837, 0.8414, 0.8456, 0.8491, 0.8531, 0.8568, 0.8597, 0.862, 0.8634, 0.8667, 0.8693, 0.8709, 0.8726, 0.873, 0.8747, 0.8754, 0.8766, 0.8783, 0.8801, 0.8806, 0.8822, 0.883, 0.8839, 0.885, 0.8866, 0.8876, 0.8886, 0.889, 0.8896, 0.8901, 0.8907, 0.8917, 0.8927, 0.8929, 0.8934, 0.8942, 0.8945, 0.895, 0.8955, 0.896, 0.8963, 0.8968, 0.8972, 0.8977, 0.8979, 0.8989, 0.8995, 0.8997, 0.9002, 0.9009, 0.9011, 0.9016, 0.902, 0.9024, 0.903, 0.9035, 0.9037, 0.904, 0.9047, 0.9052, 0.9053, 0.9064, 0.9067, 0.9071, 0.9072, 0.9073, 0.9073, 0.9075, 0.9075, 0.908, 0.908, 0.9084, 0.9081, 0.9086, 0.9089, 0.9092, 0.9093, 0.91, 0.9104, 0.9106, 0.9108, 0.9113], "centralserverloss": [2.3050148765563967, 2.291719803619385, 2.2432498512268064, 2.166900968551636, 2.062767110824585, 1.9237617935180664, 1.755334719657898, 1.5677113731384278, 1.3720580070495605, 1.1833916906356812, 1.0180845866203307, 0.8842584897041321, 0.7835595737457275, 0.7078828692913055, 0.6493084688186646, 0.6046277737140655, 0.5702443960666657, 0.5427785676002502, 0.5207786852359771, 0.5024740330219268, 0.4868716109275818, 0.4733274778366089, 0.46197636051177976, 0.4520873071193695, 0.4431029323577881, 0.4351906577587128, 0.4284038356304169, 0.4220757833003998, 0.4162565717220306, 0.41110466194152834, 0.40582481880187987, 0.4014575186252594, 0.3976111110687256, 0.39406099677085876, 0.39090289664268496, 0.3877170619010925, 0.38522281589508056, 0.3824941223144531, 0.3803315383434296, 0.3777226843357086, 0.37601880159378054, 0.37346404030323027, 0.37181319794654843, 0.36977516191005705, 0.36762587766647337, 0.36620586638450625, 0.3647242156982422, 0.363124089050293, 0.3616848184347153, 0.3604830513238907, 0.35929352712631224, 0.3580996044874191, 0.3570520104646683, 0.35630157685279845, 0.3550848849534988, 0.3544087863922119, 0.35362962267398834, 0.35292746334075925, 0.3522809181213379, 0.3513997955799103, 0.3510109981060028, 0.3507658636569977, 0.3502095763206482, 0.3495453631877899, 0.3491263873338699, 0.348811929166317, 0.3483630968332291, 0.3479900310754776, 0.3477304304838181, 0.34750806353092195, 0.34721935149431227, 0.3468660061955452, 0.3466461032390594, 0.34622203810214996, 0.3458467981338501, 0.34555597977638247, 0.3454049036026001, 0.3450494300723076, 0.3444809078335762, 0.34426974976062774, 0.34401587344408036, 0.34382437825202944, 0.3436163417339325, 0.34344762501716614, 0.34331526470184326, 0.34319817331433294, 0.34310548027157783, 0.34285280637145044, 0.3427059518456459, 0.3425014701187611, 0.3423708970546722, 0.3421976055800915, 0.3420988634645939, 0.3417956148803234, 0.34164537543058393, 0.3416096449375153, 0.34143879659175874, 0.34136648347973825, 0.341226807898283, 0.341184484910965, 0.3410359319448471], "centralserverround": [0, 1, 2, 3, 4, 5, 6, 7, 8, 9, 10, 11, 12, 13, 14, 15, 16, 17, 18, 19, 20, 21, 22, 23, 24, 25, 26, 27, 28, 29, 30, 31, 32, 33, 34, 35, 36, 37, 38, 39, 40, 41, 42, 43, 44, 45, 46, 47, 48, 49, 50, 51, 52, 53, 54, 55, 56, 57, 58, 59, 60, 61, 62, 63, 64, 65, 66, 67, 68, 69, 70, 71, 72, 73, 74, 75, 76, 77, 78, 79, 80, 81, 82, 83, 84, 85, 86, 87, 88, 89, 90, 91, 92, 93, 94, 95, 96, 97, 98, 99, 100]}