{"centralservertimepast": [0, 22200, 43400, 63600, 84800, 105000, 126200, 146400, 166600, 187800, 209000, 229200, 250400, 272600, 292800, 313000, 333200, 354400, 374600, 394800, 415000, 436200, 456400, 476600, 497800, 519000, 541200, 561400, 582600, 602800, 624000, 645200, 665400, 686600, 706800, 728000, 749200, 770400, 791600, 812800, 834000, 855200, 876400, 897600, 918800, 941000, 961200, 981400, 1002600, 1022800, 1044000, 1065200, 1086400, 1108600, 1129800, 1151000, 1171200, 1191400, 1211600, 1231800, 1253000, 1274200, 1295400, 1316600, 1337800, 1359000, 1381200, 1403400, 1424600, 1444800, 1465000, 1486200, 1507400, 1529600, 1550800, 1573000, 1593200, 1613400, 1635600, 1655800, 1677000, 1697200, 1718400, 1740600, 1761800, 1783000, 1804200, 1825400, 1846600, 1866800, 1888000, 1909200, 1930400, 1951600, 1972800, 1994000, 2014200, 2035400, 2056600, 2077800, 2098000], "centralserveraccuracy": [0.0998, 0.3574, 0.4876, 0.7169, 0.7252, 0.7426, 0.8468, 0.8249, 0.8063, 0.8501, 0.8978, 0.8391, 0.8829, 0.8982, 0.8509, 0.9141, 0.918, 0.9201, 0.9124, 0.8834, 0.9063, 0.9248, 0.9324, 0.9024, 0.9364, 0.9441, 0.9393, 0.9493, 0.9403, 0.9462, 0.9492, 0.9338, 0.9384, 0.9401, 0.9474, 0.9467, 0.9591, 0.9524, 0.9519, 0.9592, 0.9564, 0.9568, 0.9554, 0.9591, 0.9539, 0.9577, 0.9582, 0.9558, 0.9626, 0.9456, 0.9672, 0.9672, 0.9661, 0.9675, 0.9596, 0.968, 0.9655, 0.9704, 0.9644, 0.9701, 0.9643, 0.9682, 0.9701, 0.9677, 0.9729, 0.969, 0.9456, 0.9509, 0.9716, 0.9701, 0.9697, 0.968, 0.9711, 0.9721, 0.9722, 0.9746, 0.9716, 0.9729, 0.9674, 0.9683, 0.974, 0.9749, 0.9763, 0.9746, 0.9694, 0.9699, 0.9725, 0.9703, 0.9736, 0.9692, 0.972, 0.9727, 0.9744, 0.9744, 0.9715, 0.9747, 0.9755, 0.9764, 0.9729, 0.9758, 0.974], "centralserverloss": [2.307122625732422, 2.26634642829895, 1.427985289955139, 0.8953066617012024, 0.7611778385162353, 0.7426077846050263, 0.48814770750999453, 0.5162535755634308, 0.567356601190567, 0.434344341468811, 0.3276005139350891, 0.46667416429519654, 0.34827771186828616, 0.32262629165649415, 0.4246952726364136, 0.27510865881443025, 0.2513265797138214, 0.24539710520505906, 0.25686843852996827, 0.34943925111293794, 0.2833442910194397, 0.22516389162540434, 0.20460314660072326, 0.2944867364883423, 0.1970911856174469, 0.18061817053556442, 0.18946882115602492, 0.16007740752696992, 0.17344556725025176, 0.16116055872440338, 0.15728279370665552, 0.20465908177495004, 0.18505004895925523, 0.18047471534013748, 0.16803392041325568, 0.16298394405841826, 0.12796137719154357, 0.1439876467987895, 0.14563394373208285, 0.12595164251327515, 0.13170071985125542, 0.13621688316762448, 0.13489319521784782, 0.12542367987036704, 0.14495814965367318, 0.12871560498476028, 0.12688586764633655, 0.13530675804913045, 0.11781008739322424, 0.1613717496305704, 0.10677375546693801, 0.10228789102807641, 0.10542432028092444, 0.1004162792801857, 0.11819545933380723, 0.10266853172779083, 0.10061337033174932, 0.0929367840796709, 0.10855295393168926, 0.09430813528448344, 0.11555118093118072, 0.10134632326290012, 0.09690701856389641, 0.09782549394741655, 0.0827567927531898, 0.09566703137159348, 0.1642143593378365, 0.14612474147379398, 0.09028954953551292, 0.09109550059549511, 0.09573655438423156, 0.09862139523215592, 0.09461774075329303, 0.08738425754252821, 0.09031191724650561, 0.08120883696451783, 0.08803984498605132, 0.08359295173883438, 0.10743524206653238, 0.09965305531397461, 0.08272349009290338, 0.08298477712720632, 0.07644654073081911, 0.08036117388568818, 0.09515042965523898, 0.09185485277324915, 0.0863003115773201, 0.09484586087260395, 0.08191891855299473, 0.09413615003265441, 0.0859063669692725, 0.08870188989341259, 0.08104502062015236, 0.08227061942443252, 0.09093168456554412, 0.0786005228696391, 0.07455806631380692, 0.07152965451925992, 0.08208442377820611, 0.07891008059321902, 0.0741263259511441], "centralserverround": [0, 1, 2, 3, 4, 5, 6, 7, 8, 9, 10, 11, 12, 13, 14, 15, 16, 17, 18, 19, 20, 21, 22, 23, 24, 25, 26, 27, 28, 29, 30, 31, 32, 33, 34, 35, 36, 37, 38, 39, 40, 41, 42, 43, 44, 45, 46, 47, 48, 49, 50, 51, 52, 53, 54, 55, 56, 57, 58, 59, 60, 61, 62, 63, 64, 65, 66, 67, 68, 69, 70, 71, 72, 73, 74, 75, 76, 77, 78, 79, 80, 81, 82, 83, 84, 85, 86, 87, 88, 89, 90, 91, 92, 93, 94, 95, 96, 97, 98, 99, 100]}