{"centralservertimepast": [0, 170200, 525400, 690600, 1255800, 1526000, 1791200, 1956400, 2311600, 2546800, 2712000, 2897200, 3077400, 3482600, 3752800, 4018000, 4288200, 4598400, 4783600, 5018800, 5189000, 5354200, 5619400, 5804600, 6074800, 6245000, 6415200, 6725400, 7130600, 7295800, 7566000, 7876200, 8186400, 8496600, 8766800, 9002000, 9357200, 9592400, 9857600, 10042800, 10398000, 10798200, 10963400, 11228600, 11493800, 11729000, 11894200, 12204400, 12559600, 12729800, 13135000, 13540200, 13945400, 14110600, 14675800, 15081000, 15646200, 16046400, 16126600, 16291800, 16697000, 17102200, 17337400, 17602600, 17757800, 17938000, 18343200, 18743400, 18908600, 19473800, 19829000, 19994200, 20179400, 20339600, 20649800, 20915000, 21225200, 21390400, 21625600, 21980800, 22101000, 22366200, 22551400, 22956600, 23521800, 23757000, 24162200, 24472400, 24637600, 24802800, 25073000, 25238200, 25643400, 25808600, 26213800, 26384000, 26949200, 27219400, 27489600, 27759800, 28025000], "centralserveraccuracy": [0.072, 0.473, 0.5811, 0.7024, 0.8091, 0.7996, 0.7864, 0.8743, 0.8807, 0.9139, 0.9176, 0.897, 0.9039, 0.8782, 0.921, 0.8983, 0.9278, 0.9419, 0.9552, 0.9329, 0.9479, 0.962, 0.9583, 0.9595, 0.9626, 0.9503, 0.9597, 0.9608, 0.9336, 0.9527, 0.9285, 0.9591, 0.9605, 0.9575, 0.9614, 0.9424, 0.9618, 0.9556, 0.9361, 0.9561, 0.9586, 0.9411, 0.9686, 0.966, 0.9677, 0.9737, 0.9691, 0.9639, 0.9569, 0.9672, 0.9548, 0.9544, 0.9664, 0.9726, 0.9594, 0.9656, 0.9556, 0.9701, 0.9701, 0.9739, 0.9607, 0.9643, 0.9722, 0.9742, 0.9759, 0.9721, 0.9685, 0.9629, 0.9662, 0.9664, 0.9731, 0.9687, 0.9771, 0.971, 0.9762, 0.9762, 0.9767, 0.9764, 0.9764, 0.9721, 0.9768, 0.9743, 0.976, 0.9754, 0.9495, 0.9749, 0.975, 0.9703, 0.9751, 0.9766, 0.978, 0.9756, 0.972, 0.97, 0.9703, 0.9766, 0.9518, 0.9754, 0.9725, 0.9727, 0.9748], "centralserverloss": [2.3049421459198, 1.8562764011383057, 1.3489324520111083, 1.1817962385177612, 0.5649811608314514, 0.6894367155075073, 0.6348249519348145, 0.39293370406627653, 0.3990962457060814, 0.2745929907143116, 0.26930409881174566, 0.3544496310710907, 0.3259762533068657, 0.4293092878103256, 0.26666991853117944, 0.3379357470750809, 0.24369910331368447, 0.21961621043682097, 0.16292618291880936, 0.24072702477574348, 0.1867212542653084, 0.14143067786991595, 0.14872961007505656, 0.1482717368684709, 0.12424347477797419, 0.1724439528591931, 0.14369670613538474, 0.1501869510948658, 0.23123148151040077, 0.16900957986228168, 0.25335148833990095, 0.16372162029370665, 0.16135329560632816, 0.17260941974148153, 0.1313105599682778, 0.21901028854325413, 0.13794183805035426, 0.1584514314007014, 0.22566967180967332, 0.16091878110170366, 0.15837816120488568, 0.22700826724171638, 0.11264508832823485, 0.12319334092456848, 0.1277551812717691, 0.09581083417576156, 0.11810408815005795, 0.14373627440205308, 0.18254696514680982, 0.12239772874587215, 0.17097347274962812, 0.16231440019086002, 0.1211888267450966, 0.10133716741171665, 0.15099537611897104, 0.13331308305021375, 0.16167477074533235, 0.11120972958886996, 0.11724756398589815, 0.10623874080913374, 0.14385966789759697, 0.13473942977823317, 0.10727988759358413, 0.10573998759142123, 0.09085138127540704, 0.10386152471490204, 0.12048304083012044, 0.14737202412560582, 0.11874566235719249, 0.13130350690516643, 0.1079714831106714, 0.11370140458401293, 0.09051583923920989, 0.11341218004368711, 0.08857294207704254, 0.09113043993790343, 0.09692802010980085, 0.09011651296416458, 0.09918973078659037, 0.11507514850171283, 0.09849492197102518, 0.09822144801142858, 0.09837647546013469, 0.09149243566702789, 0.20520444584107025, 0.10173996457986395, 0.09774180139990057, 0.1259920634706039, 0.09455027548699727, 0.0898951335957172, 0.08805350254862569, 0.09196862962359009, 0.10667199659513427, 0.11231997850872576, 0.11518476595692337, 0.09499102554644051, 0.1938574228213969, 0.09152791954845889, 0.10678412054613, 0.1134569435011188, 0.10651586389177246], "centralserverround": [0, 1, 2, 3, 4, 5, 6, 7, 8, 9, 10, 11, 12, 13, 14, 15, 16, 17, 18, 19, 20, 21, 22, 23, 24, 25, 26, 27, 28, 29, 30, 31, 32, 33, 34, 35, 36, 37, 38, 39, 40, 41, 42, 43, 44, 45, 46, 47, 48, 49, 50, 51, 52, 53, 54, 55, 56, 57, 58, 59, 60, 61, 62, 63, 64, 65, 66, 67, 68, 69, 70, 71, 72, 73, 74, 75, 76, 77, 78, 79, 80, 81, 82, 83, 84, 85, 86, 87, 88, 89, 90, 91, 92, 93, 94, 95, 96, 97, 98, 99, 100]}