{"centralservertimepast": [0, 8200, 16400, 24600, 32800, 41000, 49200, 57400, 65600, 73800, 82000, 90200, 98400, 106600, 114800, 123000, 131200, 139400, 147600, 155800, 164000, 172200, 180400, 188600, 196800, 205000, 213200, 221400, 229600, 237800, 246000, 254200, 262400, 270600, 278800, 287000, 295200, 303400, 311600, 319800, 328000, 336200, 344400, 352600, 360800, 369000, 377200, 385400, 393600, 401800, 410000, 418200, 426400, 434600, 442800, 451000, 459200, 467400, 475600, 483800, 492000, 500200, 508400, 516600, 524800, 533000, 541200, 549400, 557600, 565800, 574000, 582200, 590400, 598600, 606800, 615000, 623200, 631400, 639600, 647800, 656000, 664200, 672400, 680600, 688800, 697000, 705200, 713400, 721600, 729800, 738000, 746200, 754400, 762600, 770800, 779000, 787200, 795400, 803600, 811800, 820000], "centralserveraccuracy": [0.0966, 0.1, 0.1162, 0.1, 0.1, 0.1127, 0.1, 0.1038, 0.1, 0.1, 0.1, 0.1001, 0.1411, 0.1, 0.1, 0.1003, 0.1, 0.1238, 0.1018, 0.1, 0.1, 0.15, 0.1015, 0.1009, 0.1, 0.1005, 0.1088, 0.1002, 0.1645, 0.1322, 0.1755, 0.1513, 0.1, 0.1511, 0.1035, 0.1084, 0.1023, 0.1, 0.142, 0.1185, 0.1011, 0.1292, 0.1001, 0.1055, 0.137, 0.1026, 0.1, 0.1021, 0.1067, 0.1357, 0.1473, 0.1524, 0.1122, 0.1001, 0.1021, 0.1006, 0.1, 0.1, 0.1581, 0.1, 0.1655, 0.1734, 0.156, 0.1017, 0.1957, 0.157, 0.109, 0.1559, 0.2027, 0.1625, 0.1874, 0.2473, 0.1938, 0.1642, 0.1962, 0.184, 0.2215, 0.1143, 0.1937, 0.1987, 0.1853, 0.179, 0.1959, 0.1821, 0.1892, 0.1688, 0.1641, 0.1634, 0.1719, 0.1866, 0.1737, 0.1292, 0.1445, 0.1641, 0.1366, 0.1861, 0.1552, 0.218, 0.1627, 0.1491, 0.2111], "centralserverloss": [2.301836483001709, 2.3392356239318848, 2.3891379707336426, 2.3610452701568603, 2.4967093097686766, 2.4732756088256838, 2.5581559951782227, 2.805960513305664, 2.6512923263549806, 2.5951965431213377, 2.629546162033081, 2.607400905609131, 2.412024156951904, 2.609791321182251, 2.9230095890045167, 2.689410557937622, 2.8163346939086913, 2.4536925628662107, 2.464522675704956, 2.647525115966797, 2.5545495475769044, 2.5653661182403567, 2.440904130554199, 2.617201554107666, 2.61819641456604, 2.5158016086578368, 2.3330462036132813, 2.4302408031463623, 2.3583284366607664, 2.3545234283447267, 2.4425575229644774, 2.700977552032471, 2.584620156097412, 2.5496320377349853, 2.4451314292907713, 2.324514694595337, 2.391787696838379, 2.5554000537872312, 2.5622525268554686, 2.3487770290374756, 2.4536686882019043, 2.424738317871094, 2.5153869285583497, 2.4105272743225097, 2.325211660385132, 2.4105925956726075, 2.6954758522033693, 2.4570159938812255, 2.553213628768921, 2.4249193325042726, 2.3143043392181397, 2.4414349193572997, 2.2588936210632324, 2.4352830501556397, 2.548001118469238, 2.711344092941284, 2.4427359233856203, 2.4468313453674315, 2.291420118331909, 2.652875473022461, 2.322417124557495, 2.237890819168091, 2.2626442811965943, 2.424860827636719, 2.210125135040283, 2.3337399974823, 2.448216831588745, 2.426456455230713, 2.2433961601257324, 2.2831903533935547, 2.182756568908691, 2.2035573066711427, 2.303141537475586, 2.276955644989014, 2.2479096406936647, 2.2341018199920653, 2.1495894428253175, 2.39087131690979, 2.2182344650268555, 2.2465699604034426, 2.2764408704757693, 2.30362737197876, 2.260721326637268, 2.256807783126831, 2.2337038951873778, 2.2303418209075927, 2.251134496688843, 2.2853456035614013, 2.1992335384368897, 2.1517096033096315, 2.23196229095459, 2.7501376216888427, 2.374600172805786, 2.554200835418701, 2.318593930053711, 2.296895270729065, 2.2514665733337402, 2.1048159210205077, 2.466898164367676, 2.3080214569091795, 2.275476692199707], "centralserverround": [0, 1, 2, 3, 4, 5, 6, 7, 8, 9, 10, 11, 12, 13, 14, 15, 16, 17, 18, 19, 20, 21, 22, 23, 24, 25, 26, 27, 28, 29, 30, 31, 32, 33, 34, 35, 36, 37, 38, 39, 40, 41, 42, 43, 44, 45, 46, 47, 48, 49, 50, 51, 52, 53, 54, 55, 56, 57, 58, 59, 60, 61, 62, 63, 64, 65, 66, 67, 68, 69, 70, 71, 72, 73, 74, 75, 76, 77, 78, 79, 80, 81, 82, 83, 84, 85, 86, 87, 88, 89, 90, 91, 92, 93, 94, 95, 96, 97, 98, 99, 100]}