{"centralservertimepast": [0, 8700, 17400, 26100, 34300, 43000, 51700, 60400, 69100, 77800, 86500, 95200, 103900, 112600, 121300, 130000, 138700, 147400, 156100, 164800, 173500, 181700, 190400, 199100, 207800, 216500, 225200, 233400, 242100, 250300, 259000, 267700, 276400, 285100, 293800, 302500, 311200, 319900, 328600, 337300, 345500, 354200, 362900, 371600, 380300, 389000, 397700, 406400, 415100, 423800, 432500, 441200, 449900, 458100, 466800, 475000, 483700, 492400, 500600, 509300, 518000, 526700, 535400, 544100, 552800, 561500, 570200, 578900, 587600, 596300, 605000, 613700, 622400, 631100, 639300, 647500, 656200, 664900, 673600, 682300, 691000, 699700, 708400, 717100, 725800, 734500, 743200, 751900, 760600, 769300, 778000, 786700, 795400, 803600, 811800, 820500, 829200, 837900, 846600, 855300, 864000], "centralserveraccuracy": [0.0975, 0.1151, 0.1674, 0.1423, 0.2003, 0.2111, 0.2531, 0.2077, 0.2149, 0.2629, 0.2583, 0.2499, 0.3044, 0.2971, 0.2364, 0.2768, 0.3099, 0.2842, 0.3339, 0.3179, 0.3357, 0.2732, 0.3018, 0.3687, 0.3485, 0.3365, 0.3438, 0.3611, 0.3376, 0.3329, 0.2966, 0.3947, 0.3772, 0.3671, 0.4095, 0.3891, 0.3234, 0.3263, 0.4129, 0.3402, 0.3639, 0.3975, 0.3532, 0.4266, 0.4152, 0.4198, 0.4108, 0.3322, 0.4894, 0.4199, 0.4461, 0.4502, 0.4054, 0.4555, 0.4209, 0.3683, 0.4221, 0.4593, 0.4323, 0.4998, 0.4891, 0.4177, 0.4239, 0.4887, 0.4543, 0.342, 0.4326, 0.4947, 0.4576, 0.4656, 0.5275, 0.4689, 0.4869, 0.5252, 0.4342, 0.5078, 0.473, 0.4645, 0.4889, 0.4592, 0.54, 0.4679, 0.4861, 0.5057, 0.4515, 0.5121, 0.5259, 0.4941, 0.5054, 0.5416, 0.5458, 0.5437, 0.5106, 0.5309, 0.5286, 0.5133, 0.5501, 0.5225, 0.5403, 0.4421, 0.4695], "centralserverloss": [2.3027472339630126, 2.4738179588317872, 2.2923135620117185, 2.3288287563323973, 2.2800369735717774, 2.281901170730591, 2.0297859441757202, 2.1489958934783937, 2.119407833480835, 2.0302442960739135, 2.126822346687317, 2.0135073987960816, 1.9300268781661987, 1.9733901632308959, 2.166575509643555, 2.0405330768585204, 1.9276410367965697, 1.9417691095352172, 1.839053862762451, 1.9389492191314697, 1.896405654335022, 2.135879814529419, 1.8646568323135375, 1.785962233543396, 1.8091967031478882, 1.8224821096420287, 1.9148584436416627, 1.7963155416488648, 1.8088476881027222, 1.9026880920410156, 2.155584076690674, 1.7630353452682495, 1.7760702333450318, 1.728782656288147, 1.660882173538208, 1.688423547744751, 1.9506346965789796, 2.010438124656677, 1.6325852394104003, 1.9771715118408204, 1.777957459640503, 1.722835966682434, 1.7842641944885254, 1.5815934064865111, 1.6219771772384644, 1.5773524951934814, 1.7108703979492188, 2.021571868133545, 1.4562478765487672, 1.6511980360031129, 1.5931082830429077, 1.5618918830871582, 1.6668279317855834, 1.5357254751205445, 1.5975388378143311, 1.7884781455993652, 1.6927483472824096, 1.5200952238082885, 1.6356245920181274, 1.4143844964981078, 1.431221382522583, 1.6317836862564088, 1.5657354110717774, 1.4254975749969483, 1.5553809911727905, 1.8253711387634277, 1.5392052070617677, 1.4243776638031005, 1.5145887033462524, 1.5395271638870238, 1.3234226438522338, 1.513183307647705, 1.4765453411102294, 1.360590015411377, 1.5612252214431763, 1.3699120254516601, 1.5245506549835206, 1.535896049118042, 1.4327561605453492, 1.5593928024291992, 1.277236989212036, 1.540088457107544, 1.4398201177597045, 1.38822962474823, 1.6109903841018676, 1.3835182754516602, 1.3532981058120728, 1.4467675006866456, 1.4366329765319825, 1.2951305444717407, 1.3051005998611451, 1.300783445930481, 1.4301573234558105, 1.3703741432189942, 1.3847391962051392, 1.3886150568008422, 1.281208878326416, 1.3655791223526001, 1.3252767444610596, 1.712184140777588, 1.529001577568054], "centralserverround": [0, 1, 2, 3, 4, 5, 6, 7, 8, 9, 10, 11, 12, 13, 14, 15, 16, 17, 18, 19, 20, 21, 22, 23, 24, 25, 26, 27, 28, 29, 30, 31, 32, 33, 34, 35, 36, 37, 38, 39, 40, 41, 42, 43, 44, 45, 46, 47, 48, 49, 50, 51, 52, 53, 54, 55, 56, 57, 58, 59, 60, 61, 62, 63, 64, 65, 66, 67, 68, 69, 70, 71, 72, 73, 74, 75, 76, 77, 78, 79, 80, 81, 82, 83, 84, 85, 86, 87, 88, 89, 90, 91, 92, 93, 94, 95, 96, 97, 98, 99, 100]}