{"centralservertimepast": [0, 1810, 3620, 5430, 7240, 9050, 10860, 12670, 14480, 16290, 18100, 19910, 21720, 23530, 25340, 27150, 28960, 30770, 32580, 34390, 36200, 38010, 39820, 41630, 43440, 45250, 47060, 48870, 50680, 52490, 54300, 56110, 57920, 59730, 61540, 63350, 65160, 66970, 68780, 70590, 72400, 74210, 76020, 77830, 79640, 81450, 83260, 85070, 86880, 88690, 90500, 92310, 94120, 95930, 97740, 99550, 101360, 103170, 104980, 106790, 108600, 110410, 112220, 114030, 115840, 117650, 119460, 121270, 123080, 124890, 126700, 128510, 130320, 132130, 133940, 135750, 137560, 139370, 141180, 142990, 144800, 146610, 148420, 150230, 152040, 153850, 155660, 157470, 159280, 161090, 162900, 164710, 166520, 168330, 170140, 171950, 173760, 175570, 177380, 179190, 181000], "centralserveraccuracy": [0.092, 0.101, 0.101, 0.101, 0.101, 0.1018, 0.27, 0.2883, 0.289, 0.2987, 0.3138, 0.3337, 0.3541, 0.3701, 0.387, 0.4004, 0.4109, 0.421, 0.431, 0.4369, 0.4446, 0.4495, 0.4576, 0.4641, 0.4708, 0.478, 0.4835, 0.4902, 0.497, 0.501, 0.5075, 0.5123, 0.5169, 0.5223, 0.5274, 0.534, 0.5395, 0.5441, 0.5485, 0.5516, 0.5573, 0.563, 0.5693, 0.5741, 0.579, 0.5837, 0.5892, 0.5938, 0.5995, 0.6039, 0.6084, 0.6142, 0.6182, 0.6224, 0.6261, 0.6305, 0.6345, 0.6389, 0.6437, 0.6477, 0.652, 0.6569, 0.6613, 0.6655, 0.6697, 0.6748, 0.6785, 0.6828, 0.6873, 0.6922, 0.6961, 0.7011, 0.7066, 0.7099, 0.7142, 0.7182, 0.7213, 0.7245, 0.7284, 0.7336, 0.736, 0.739, 0.7429, 0.7469, 0.7501, 0.7534, 0.7571, 0.7599, 0.7628, 0.7645, 0.767, 0.7689, 0.7706, 0.7726, 0.7757, 0.778, 0.78, 0.7827, 0.7852, 0.7876, 0.789], "centralserverloss": [2.3050148765563967, 2.2989172073364257, 2.3124834465026853, 2.324267483520508, 2.293547761154175, 2.2640995697021484, 2.24665495262146, 2.2337946350097657, 2.221409370803833, 2.2092884437561033, 2.1972338092803954, 2.1852384937286375, 2.173272756195068, 2.161244603729248, 2.1490498287200928, 2.136637130355835, 2.1239305294036863, 2.110898623275757, 2.097514630126953, 2.0837308765411375, 2.069516283416748, 2.0548416023254394, 2.0397212520599366, 2.0241225650787356, 2.0080341526031495, 1.991471489715576, 1.9744309797286987, 1.9569221172332765, 1.938958351135254, 1.920583123779297, 1.9018172353744507, 1.8826756778717042, 1.8631934968948365, 1.8433941410064698, 1.8231880840301513, 1.802795288658142, 1.7822217586517335, 1.7614746156692505, 1.740554211807251, 1.7194946516036986, 1.6983040922164916, 1.67702307472229, 1.6556393167495727, 1.6341942403793335, 1.6126976776123048, 1.5911574710845948, 1.5693683738708497, 1.5477073625564575, 1.5261242528915406, 1.5045620151519776, 1.483060869407654, 1.4616067398071289, 1.4402398277282715, 1.4190083082199096, 1.3979023948669433, 1.376932134628296, 1.3560781772613526, 1.335437656021118, 1.314980341720581, 1.2946821771621704, 1.2744681142807006, 1.2545006353378296, 1.234745697593689, 1.2151920434951782, 1.195947551345825, 1.1765412784576417, 1.1576215427398682, 1.1389366885185241, 1.1205548273086547, 1.1025736095428467, 1.0848481781959534, 1.0673063508987426, 1.0501179668426515, 1.0332326906204223, 1.0166859972000122, 1.0004408891677856, 0.9844565848350525, 0.9686708079338073, 0.9533770380973816, 0.9380170359611512, 0.9233014156341552, 0.9090064295768738, 0.8951058158874512, 0.8816511744499207, 0.8687276071548462, 0.8559919069290162, 0.843428759765625, 0.8313602145195007, 0.8195792479515076, 0.8081855959892273, 0.7972428115844726, 0.786613878440857, 0.7762715272903442, 0.7661713224411011, 0.7564027000427246, 0.7469706953048706, 0.7380231740951538, 0.7292745571136474, 0.7207182708740234, 0.7125029777526856, 0.7045417281150818], "centralserverround": [0, 1, 2, 3, 4, 5, 6, 7, 8, 9, 10, 11, 12, 13, 14, 15, 16, 17, 18, 19, 20, 21, 22, 23, 24, 25, 26, 27, 28, 29, 30, 31, 32, 33, 34, 35, 36, 37, 38, 39, 40, 41, 42, 43, 44, 45, 46, 47, 48, 49, 50, 51, 52, 53, 54, 55, 56, 57, 58, 59, 60, 61, 62, 63, 64, 65, 66, 67, 68, 69, 70, 71, 72, 73, 74, 75, 76, 77, 78, 79, 80, 81, 82, 83, 84, 85, 86, 87, 88, 89, 90, 91, 92, 93, 94, 95, 96, 97, 98, 99, 100]}