Intraclustering type : sync
Interclustering type : sync
Model name : cnncifar10, Dataset name : cifar10
Client num : 100
Data heterogeneity type : onelabeldominant, Dominant percentage : 95
System heterogeneity : alltimesame
Clustering type : clusterbyclientorder, Cluster num : 100, Cluster size : 1
Cluster communication time : 0
Central server epoch : 100
Cluster epoch type : fixed,, Cluster epoch : 1
Local epoch type : custom,, local epoch : 5
Optimizer name : sgd, Lr : 0.01, Batch size : 32, Random seed : 1, Setting random seed :5, Device : cuda, Regularizationcoefficient : 0.1, Clusterparticipationratio : 10, Clientparticipationratio : 100

----------------------------------------------------------------------------------------------------

Central server round 0, loss : 2.30, accuracy :10.01%
['0:0.00%', '1:0.70%', '2:0.00%', '3:0.00%', '4:0.00%', '5:0.00%', '6:0.00%', '7:0.70%', '8:0.20%', '9:98.50%']
                                          ->0msec
                                                     -> Cluster 17, loss : 2.30, accuracy 10.01%, model from round 1
                                                     ['0:0.00%', '1:0.70%', '2:0.00%', '3:0.00%', '4:0.00%', '5:0.00%', '6:0.00%', '7:0.70%', '8:0.20%', '9:98.50%']
                                                                                              <-> Client 0, global : from 10.01% to 10.00%, local : from 92.80% to 95.00%, training time : 8200msec
                                                     Cluster 17, round 1, loss : 4.66, accuracy 10.00% <-
                                                     Time past : 8200msec
                                                     ['0:0.00%', '1:0.00%', '2:0.00%', '3:0.00%', '4:0.00%', '5:0.00%', '6:0.00%', '7:0.00%', '8:0.00%', '9:100.00%']
                                          0msec<-
                                          ->0msec
                                                     -> Cluster 72, loss : 2.30, accuracy 10.01%, model from round 1
                                                     ['0:0.00%', '1:0.70%', '2:0.00%', '3:0.00%', '4:0.00%', '5:0.00%', '6:0.00%', '7:0.70%', '8:0.20%', '9:98.50%']
                                                                                              <-> Client 0, global : from 10.01% to 10.00%, local : from 0.80% to 95.00%, training time : 16200msec
                                                     Cluster 72, round 1, loss : 5.19, accuracy 10.00% <-
                                                     Time past : 16200msec
                                                     ['0:0.00%', '1:0.00%', '2:0.00%', '3:100.00%', '4:0.00%', '5:0.00%', '6:0.00%', '7:0.00%', '8:0.00%', '9:0.00%']
                                          0msec<-
                                          ->0msec
                                                     -> Cluster 97, loss : 2.30, accuracy 10.01%, model from round 1
                                                     ['0:0.00%', '1:0.70%', '2:0.00%', '3:0.00%', '4:0.00%', '5:0.00%', '6:0.00%', '7:0.70%', '8:0.20%', '9:98.50%']
                                                                                              <-> Client 0, global : from 10.01% to 10.00%, local : from 0.40% to 95.19%, training time : 16200msec
                                                     Cluster 97, round 1, loss : 4.12, accuracy 10.00% <-
                                                     Time past : 16200msec
                                                     ['0:100.00%', '1:0.00%', '2:0.00%', '3:0.00%', '4:0.00%', '5:0.00%', '6:0.00%', '7:0.00%', '8:0.00%', '9:0.00%']
                                          0msec<-
                                          ->0msec
                                                     -> Cluster 8, loss : 2.30, accuracy 10.01%, model from round 1
                                                     ['0:0.00%', '1:0.70%', '2:0.00%', '3:0.00%', '4:0.00%', '5:0.00%', '6:0.00%', '7:0.70%', '8:0.20%', '9:98.50%']
                                                                                              <-> Client 0, global : from 10.01% to 10.00%, local : from 0.80% to 95.00%, training time : 8200msec
                                                     Cluster 8, round 1, loss : 5.25, accuracy 10.00% <-
                                                     Time past : 8200msec
                                                     ['0:0.00%', '1:0.00%', '2:0.00%', '3:0.00%', '4:0.00%', '5:0.00%', '6:100.00%', '7:0.00%', '8:0.00%', '9:0.00%']
                                          0msec<-
                                          ->0msec
                                                     -> Cluster 32, loss : 2.30, accuracy 10.01%, model from round 1
                                                     ['0:0.00%', '1:0.70%', '2:0.00%', '3:0.00%', '4:0.00%', '5:0.00%', '6:0.00%', '7:0.70%', '8:0.20%', '9:98.50%']
                                                                                              <-> Client 0, global : from 10.01% to 10.00%, local : from 0.60% to 95.00%, training time : 8200msec
                                                     Cluster 32, round 1, loss : 4.62, accuracy 10.00% <-
                                                     Time past : 8200msec
                                                     ['0:0.00%', '1:100.00%', '2:0.00%', '3:0.00%', '4:0.00%', '5:0.00%', '6:0.00%', '7:0.00%', '8:0.00%', '9:0.00%']
                                          0msec<-
                                          ->0msec
                                                     -> Cluster 15, loss : 2.30, accuracy 10.01%, model from round 1
                                                     ['0:0.00%', '1:0.70%', '2:0.00%', '3:0.00%', '4:0.00%', '5:0.00%', '6:0.00%', '7:0.70%', '8:0.20%', '9:98.50%']
                                                                                              <-> Client 0, global : from 10.01% to 10.00%, local : from 92.60% to 95.00%, training time : 8200msec
                                                     Cluster 15, round 1, loss : 4.88, accuracy 10.00% <-
                                                     Time past : 8200msec
                                                     ['0:0.00%', '1:0.00%', '2:0.00%', '3:0.00%', '4:0.00%', '5:0.00%', '6:0.00%', '7:0.00%', '8:0.00%', '9:100.00%']
                                          0msec<-
                                          ->0msec
                                                     -> Cluster 63, loss : 2.30, accuracy 10.01%, model from round 1
                                                     ['0:0.00%', '1:0.70%', '2:0.00%', '3:0.00%', '4:0.00%', '5:0.00%', '6:0.00%', '7:0.70%', '8:0.20%', '9:98.50%']
                                                                                              <-> Client 0, global : from 10.01% to 10.00%, local : from 0.20% to 95.00%, training time : 16200msec
                                                     Cluster 63, round 1, loss : 4.53, accuracy 10.00% <-
                                                     Time past : 16200msec
                                                     ['0:0.00%', '1:0.00%', '2:0.00%', '3:0.00%', '4:0.00%', '5:0.00%', '6:0.00%', '7:0.00%', '8:100.00%', '9:0.00%']
                                          0msec<-
                                          ->0msec
                                                     -> Cluster 57, loss : 2.30, accuracy 10.01%, model from round 1
                                                     ['0:0.00%', '1:0.70%', '2:0.00%', '3:0.00%', '4:0.00%', '5:0.00%', '6:0.00%', '7:0.70%', '8:0.20%', '9:98.50%']
                                                                                              <-> Client 0, global : from 10.01% to 10.00%, local : from 1.00% to 95.00%, training time : 16200msec
                                                     Cluster 57, round 1, loss : 4.68, accuracy 10.00% <-
                                                     Time past : 16200msec
                                                     ['0:0.00%', '1:0.00%', '2:0.00%', '3:0.00%', '4:0.00%', '5:0.00%', '6:0.00%', '7:100.00%', '8:0.00%', '9:0.00%']
                                          0msec<-
                                          ->0msec
                                                     -> Cluster 60, loss : 2.30, accuracy 10.01%, model from round 1
                                                     ['0:0.00%', '1:0.70%', '2:0.00%', '3:0.00%', '4:0.00%', '5:0.00%', '6:0.00%', '7:0.70%', '8:0.20%', '9:98.50%']
                                                                                              <-> Client 0, global : from 10.01% to 10.00%, local : from 1.00% to 94.81%, training time : 16200msec
                                                     Cluster 60, round 1, loss : 4.71, accuracy 10.00% <-
                                                     Time past : 16200msec
                                                     ['0:0.00%', '1:0.00%', '2:0.00%', '3:0.00%', '4:0.00%', '5:0.00%', '6:0.00%', '7:0.00%', '8:100.00%', '9:0.00%']
                                          0msec<-
                                          ->0msec
                                                     -> Cluster 83, loss : 2.30, accuracy 10.01%, model from round 1
                                                     ['0:0.00%', '1:0.70%', '2:0.00%', '3:0.00%', '4:0.00%', '5:0.00%', '6:0.00%', '7:0.70%', '8:0.20%', '9:98.50%']
                                                                                              <-> Client 0, global : from 10.01% to 10.00%, local : from 0.20% to 95.19%, training time : 16200msec
                                                     Cluster 83, round 1, loss : 5.00, accuracy 10.00% <-
                                                     Time past : 16200msec
                                                     ['0:0.00%', '1:0.00%', '2:0.00%', '3:0.00%', '4:0.00%', '5:100.00%', '6:0.00%', '7:0.00%', '8:0.00%', '9:0.00%']
                                          0msec<-
Central server round 1, loss : 2.33, accuracy :10.72%
Time past: 16200msec
['0:0.00%', '1:0.00%', '2:0.00%', '3:0.00%', '4:0.00%', '5:0.00%', '6:0.00%', '7:0.00%', '8:99.40%', '9:7.80%']
                                          ->0msec
                                                     -> Cluster 92, loss : 2.33, accuracy 10.72%, model from round 2
                                                     ['0:0.00%', '1:0.00%', '2:0.00%', '3:0.00%', '4:0.00%', '5:0.00%', '6:0.00%', '7:0.00%', '8:99.40%', '9:7.80%']
                                                                                              <-> Client 0, global : from 10.72% to 10.00%, local : from 0.80% to 95.00%, training time : 16200msec
                                                     Cluster 92, round 1, loss : 4.29, accuracy 10.00% <-
                                                     Time past : 16200msec
                                                     ['0:100.00%', '1:0.00%', '2:0.00%', '3:0.00%', '4:0.00%', '5:0.00%', '6:0.00%', '7:0.00%', '8:0.00%', '9:0.00%']
                                          0msec<-
                                          ->0msec
                                                     -> Cluster 29, loss : 2.33, accuracy 10.72%, model from round 2
                                                     ['0:0.00%', '1:0.00%', '2:0.00%', '3:0.00%', '4:0.00%', '5:0.00%', '6:0.00%', '7:0.00%', '8:99.40%', '9:7.80%']
                                                                                              <-> Client 0, global : from 10.72% to 10.00%, local : from 1.00% to 95.00%, training time : 8200msec
                                                     Cluster 29, round 1, loss : 4.89, accuracy 10.00% <-
                                                     Time past : 8200msec
                                                     ['0:0.00%', '1:0.00%', '2:0.00%', '3:0.00%', '4:100.00%', '5:0.00%', '6:0.00%', '7:0.00%', '8:0.00%', '9:0.00%']
                                          0msec<-
                                          ->0msec
                                                     -> Cluster 75, loss : 2.33, accuracy 10.72%, model from round 2
                                                     ['0:0.00%', '1:0.00%', '2:0.00%', '3:0.00%', '4:0.00%', '5:0.00%', '6:0.00%', '7:0.00%', '8:99.40%', '9:7.80%']
                                                                                              <-> Client 0, global : from 10.72% to 10.00%, local : from 0.60% to 95.00%, training time : 16200msec
                                                     Cluster 75, round 1, loss : 4.75, accuracy 10.00% <-
                                                     Time past : 16200msec
                                                     ['0:0.00%', '1:0.00%', '2:0.00%', '3:100.00%', '4:0.00%', '5:0.00%', '6:0.00%', '7:0.00%', '8:0.00%', '9:0.00%']
                                          0msec<-
                                          ->0msec
                                                     -> Cluster 13, loss : 2.33, accuracy 10.72%, model from round 2
                                                     ['0:0.00%', '1:0.00%', '2:0.00%', '3:0.00%', '4:0.00%', '5:0.00%', '6:0.00%', '7:0.00%', '8:99.40%', '9:7.80%']
                                                                                              <-> Client 0, global : from 10.72% to 10.00%, local : from 7.40% to 95.00%, training time : 8200msec
                                                     Cluster 13, round 1, loss : 4.28, accuracy 10.00% <-
                                                     Time past : 8200msec
                                                     ['0:0.00%', '1:0.00%', '2:0.00%', '3:0.00%', '4:0.00%', '5:0.00%', '6:0.00%', '7:0.00%', '8:0.00%', '9:100.00%']
                                          0msec<-
                                          ->0msec
                                                     -> Cluster 40, loss : 2.33, accuracy 10.72%, model from round 2
                                                     ['0:0.00%', '1:0.00%', '2:0.00%', '3:0.00%', '4:0.00%', '5:0.00%', '6:0.00%', '7:0.00%', '8:99.40%', '9:7.80%']
                                                                                              <-> Client 0, global : from 10.72% to 10.00%, local : from 0.40% to 94.81%, training time : 8200msec
                                                     Cluster 40, round 1, loss : 4.78, accuracy 10.00% <-
                                                     Time past : 8200msec
                                                     ['0:0.00%', '1:0.00%', '2:100.00%', '3:0.00%', '4:0.00%', '5:0.00%', '6:0.00%', '7:0.00%', '8:0.00%', '9:0.00%']
                                          0msec<-
                                          ->0msec
                                                     -> Cluster 3, loss : 2.33, accuracy 10.72%, model from round 2
                                                     ['0:0.00%', '1:0.00%', '2:0.00%', '3:0.00%', '4:0.00%', '5:0.00%', '6:0.00%', '7:0.00%', '8:99.40%', '9:7.80%']
                                                                                              <-> Client 0, global : from 10.72% to 10.00%, local : from 0.40% to 95.00%, training time : 8200msec
                                                     Cluster 3, round 1, loss : 5.42, accuracy 10.00% <-
                                                     Time past : 8200msec
                                                     ['0:0.00%', '1:0.00%', '2:0.00%', '3:0.00%', '4:0.00%', '5:0.00%', '6:100.00%', '7:0.00%', '8:0.00%', '9:0.00%']
                                          0msec<-
                                          ->0msec
                                                     -> Cluster 2, loss : 2.33, accuracy 10.72%, model from round 2
                                                     ['0:0.00%', '1:0.00%', '2:0.00%', '3:0.00%', '4:0.00%', '5:0.00%', '6:0.00%', '7:0.00%', '8:99.40%', '9:7.80%']
                                                                                              <-> Client 0, global : from 10.72% to 10.00%, local : from 1.20% to 95.00%, training time : 8200msec
                                                     Cluster 2, round 1, loss : 5.08, accuracy 10.00% <-
                                                     Time past : 8200msec
                                                     ['0:0.00%', '1:0.00%', '2:0.00%', '3:0.00%', '4:0.00%', '5:0.00%', '6:100.00%', '7:0.00%', '8:0.00%', '9:0.00%']
                                          0msec<-
                                          ->0msec
                                                     -> Cluster 83, loss : 2.33, accuracy 10.72%, model from round 2
                                                     ['0:0.00%', '1:0.00%', '2:0.00%', '3:0.00%', '4:0.00%', '5:0.00%', '6:0.00%', '7:0.00%', '8:99.40%', '9:7.80%']
                                                                                              <-> Client 0, global : from 10.72% to 10.00%, local : from 0.60% to 95.19%, training time : 16200msec
                                                     Cluster 83, round 1, loss : 4.31, accuracy 10.00% <-
                                                     Time past : 16200msec
                                                     ['0:0.00%', '1:0.00%', '2:0.00%', '3:0.00%', '4:0.00%', '5:100.00%', '6:0.00%', '7:0.00%', '8:0.00%', '9:0.00%']
                                          0msec<-
                                          ->0msec
                                                     -> Cluster 69, loss : 2.33, accuracy 10.72%, model from round 2
                                                     ['0:0.00%', '1:0.00%', '2:0.00%', '3:0.00%', '4:0.00%', '5:0.00%', '6:0.00%', '7:0.00%', '8:99.40%', '9:7.80%']
                                                                                              <-> Client 0, global : from 10.72% to 10.00%, local : from 93.80% to 95.00%, training time : 16200msec
                                                     Cluster 69, round 1, loss : 4.97, accuracy 10.00% <-
                                                     Time past : 16200msec
                                                     ['0:0.00%', '1:0.00%', '2:0.00%', '3:0.00%', '4:0.00%', '5:0.00%', '6:0.00%', '7:0.00%', '8:100.00%', '9:0.00%']
                                          0msec<-
                                          ->0msec
                                                     -> Cluster 1, loss : 2.33, accuracy 10.72%, model from round 2
                                                     ['0:0.00%', '1:0.00%', '2:0.00%', '3:0.00%', '4:0.00%', '5:0.00%', '6:0.00%', '7:0.00%', '8:99.40%', '9:7.80%']
                                                                                              <-> Client 0, global : from 10.72% to 10.00%, local : from 1.20% to 94.81%, training time : 8200msec
                                                     Cluster 1, round 1, loss : 4.36, accuracy 10.00% <-
                                                     Time past : 8200msec
                                                     ['0:0.00%', '1:0.00%', '2:0.00%', '3:0.00%', '4:0.00%', '5:0.00%', '6:100.00%', '7:0.00%', '8:0.00%', '9:0.00%']
                                          0msec<-
Central server round 2, loss : 2.48, accuracy :10.00%
Time past: 32400msec
['0:0.00%', '1:0.00%', '2:0.00%', '3:0.00%', '4:0.00%', '5:0.00%', '6:100.00%', '7:0.00%', '8:0.00%', '9:0.00%']
                                          ->0msec
                                                     -> Cluster 86, loss : 2.48, accuracy 10.00%, model from round 3
                                                     ['0:0.00%', '1:0.00%', '2:0.00%', '3:0.00%', '4:0.00%', '5:0.00%', '6:100.00%', '7:0.00%', '8:0.00%', '9:0.00%']
                                                                                              <-> Client 0, global : from 10.00% to 10.00%, local : from 0.60% to 95.19%, training time : 16200msec
                                                     Cluster 86, round 1, loss : 5.18, accuracy 10.00% <-
                                                     Time past : 16200msec
                                                     ['0:0.00%', '1:0.00%', '2:0.00%', '3:0.00%', '4:0.00%', '5:100.00%', '6:0.00%', '7:0.00%', '8:0.00%', '9:0.00%']
                                          0msec<-
                                          ->0msec
                                                     -> Cluster 28, loss : 2.48, accuracy 10.00%, model from round 3
                                                     ['0:0.00%', '1:0.00%', '2:0.00%', '3:0.00%', '4:0.00%', '5:0.00%', '6:100.00%', '7:0.00%', '8:0.00%', '9:0.00%']
                                                                                              <-> Client 0, global : from 10.00% to 10.00%, local : from 0.80% to 95.00%, training time : 8200msec
                                                     Cluster 28, round 1, loss : 5.11, accuracy 10.00% <-
                                                     Time past : 8200msec
                                                     ['0:0.00%', '1:0.00%', '2:0.00%', '3:0.00%', '4:100.00%', '5:0.00%', '6:0.00%', '7:0.00%', '8:0.00%', '9:0.00%']
                                          0msec<-
                                          ->0msec
                                                     -> Cluster 97, loss : 2.48, accuracy 10.00%, model from round 3
                                                     ['0:0.00%', '1:0.00%', '2:0.00%', '3:0.00%', '4:0.00%', '5:0.00%', '6:100.00%', '7:0.00%', '8:0.00%', '9:0.00%']
                                                                                              <-> Client 0, global : from 10.00% to 10.00%, local : from 0.40% to 95.19%, training time : 16200msec
                                                     Cluster 97, round 1, loss : 4.69, accuracy 10.00% <-
                                                     Time past : 16200msec
                                                     ['0:100.00%', '1:0.00%', '2:0.00%', '3:0.00%', '4:0.00%', '5:0.00%', '6:0.00%', '7:0.00%', '8:0.00%', '9:0.00%']
                                          0msec<-
                                          ->0msec
                                                     -> Cluster 58, loss : 2.48, accuracy 10.00%, model from round 3
                                                     ['0:0.00%', '1:0.00%', '2:0.00%', '3:0.00%', '4:0.00%', '5:0.00%', '6:100.00%', '7:0.00%', '8:0.00%', '9:0.00%']
                                                                                              <-> Client 0, global : from 10.00% to 10.00%, local : from 0.40% to 95.00%, training time : 16200msec
                                                     Cluster 58, round 1, loss : 5.30, accuracy 10.00% <-
                                                     Time past : 16200msec
                                                     ['0:0.00%', '1:0.00%', '2:0.00%', '3:0.00%', '4:0.00%', '5:0.00%', '6:0.00%', '7:100.00%', '8:0.00%', '9:0.00%']
                                          0msec<-
                                          ->0msec
                                                     -> Cluster 37, loss : 2.48, accuracy 10.00%, model from round 3
                                                     ['0:0.00%', '1:0.00%', '2:0.00%', '3:0.00%', '4:0.00%', '5:0.00%', '6:100.00%', '7:0.00%', '8:0.00%', '9:0.00%']
                                                                                              <-> Client 0, global : from 10.00% to 10.00%, local : from 0.60% to 95.00%, training time : 8200msec
                                                     Cluster 37, round 1, loss : 5.01, accuracy 10.00% <-
                                                     Time past : 8200msec
                                                     ['0:0.00%', '1:100.00%', '2:0.00%', '3:0.00%', '4:0.00%', '5:0.00%', '6:0.00%', '7:0.00%', '8:0.00%', '9:0.00%']
                                          0msec<-
                                          ->0msec
                                                     -> Cluster 2, loss : 2.48, accuracy 10.00%, model from round 3
                                                     ['0:0.00%', '1:0.00%', '2:0.00%', '3:0.00%', '4:0.00%', '5:0.00%', '6:100.00%', '7:0.00%', '8:0.00%', '9:0.00%']
                                                                                              <-> Client 0, global : from 10.00% to 10.00%, local : from 95.00% to 95.00%, training time : 8200msec
                                                     Cluster 2, round 1, loss : 5.35, accuracy 10.00% <-
                                                     Time past : 8200msec
                                                     ['0:0.00%', '1:0.00%', '2:0.00%', '3:0.00%', '4:0.00%', '5:0.00%', '6:100.00%', '7:0.00%', '8:0.00%', '9:0.00%']
                                          0msec<-
                                          ->0msec
                                                     -> Cluster 53, loss : 2.48, accuracy 10.00%, model from round 3
                                                     ['0:0.00%', '1:0.00%', '2:0.00%', '3:0.00%', '4:0.00%', '5:0.00%', '6:100.00%', '7:0.00%', '8:0.00%', '9:0.00%']
                                                                                              <-> Client 0, global : from 10.00% to 10.00%, local : from 0.40% to 95.00%, training time : 16200msec
                                                     Cluster 53, round 1, loss : 4.49, accuracy 10.00% <-
                                                     Time past : 16200msec
                                                     ['0:0.00%', '1:0.00%', '2:0.00%', '3:0.00%', '4:0.00%', '5:0.00%', '6:0.00%', '7:100.00%', '8:0.00%', '9:0.00%']
                                          0msec<-
                                          ->0msec
                                                     -> Cluster 71, loss : 2.48, accuracy 10.00%, model from round 3
                                                     ['0:0.00%', '1:0.00%', '2:0.00%', '3:0.00%', '4:0.00%', '5:0.00%', '6:100.00%', '7:0.00%', '8:0.00%', '9:0.00%']
                                                                                              <-> Client 0, global : from 10.00% to 10.00%, local : from 0.20% to 95.00%, training time : 16200msec
                                                     Cluster 71, round 1, loss : 4.78, accuracy 10.00% <-
                                                     Time past : 16200msec
                                                     ['0:0.00%', '1:0.00%', '2:0.00%', '3:100.00%', '4:0.00%', '5:0.00%', '6:0.00%', '7:0.00%', '8:0.00%', '9:0.00%']
                                          0msec<-
                                          ->0msec
                                                     -> Cluster 82, loss : 2.48, accuracy 10.00%, model from round 3
                                                     ['0:0.00%', '1:0.00%', '2:0.00%', '3:0.00%', '4:0.00%', '5:0.00%', '6:100.00%', '7:0.00%', '8:0.00%', '9:0.00%']
                                                                                              <-> Client 0, global : from 10.00% to 10.00%, local : from 0.80% to 95.00%, training time : 16200msec
                                                     Cluster 82, round 1, loss : 4.96, accuracy 10.00% <-
                                                     Time past : 16200msec
                                                     ['0:0.00%', '1:0.00%', '2:0.00%', '3:0.00%', '4:0.00%', '5:100.00%', '6:0.00%', '7:0.00%', '8:0.00%', '9:0.00%']
                                          0msec<-
                                          ->0msec
                                                     -> Cluster 12, loss : 2.48, accuracy 10.00%, model from round 3
                                                     ['0:0.00%', '1:0.00%', '2:0.00%', '3:0.00%', '4:0.00%', '5:0.00%', '6:100.00%', '7:0.00%', '8:0.00%', '9:0.00%']
                                                                                              <-> Client 0, global : from 10.00% to 10.00%, local : from 0.20% to 95.00%, training time : 8200msec
                                                     Cluster 12, round 1, loss : 4.04, accuracy 10.00% <-
                                                     Time past : 8200msec
                                                     ['0:0.00%', '1:0.00%', '2:0.00%', '3:0.00%', '4:0.00%', '5:0.00%', '6:0.00%', '7:0.00%', '8:0.00%', '9:100.00%']
                                          0msec<-
Central server round 3, loss : 2.33, accuracy :10.00%
Time past: 48600msec
['0:0.00%', '1:0.00%', '2:0.00%', '3:0.00%', '4:0.00%', '5:100.00%', '6:0.00%', '7:0.00%', '8:0.00%', '9:0.00%']
                                          ->0msec
                                                     -> Cluster 75, loss : 2.33, accuracy 10.00%, model from round 4
                                                     ['0:0.00%', '1:0.00%', '2:0.00%', '3:0.00%', '4:0.00%', '5:100.00%', '6:0.00%', '7:0.00%', '8:0.00%', '9:0.00%']
                                                                                              <-> Client 0, global : from 10.00% to 10.00%, local : from 0.80% to 95.00%, training time : 16200msec
                                                     Cluster 75, round 1, loss : 4.91, accuracy 10.00% <-
                                                     Time past : 16200msec
                                                     ['0:0.00%', '1:0.00%', '2:0.00%', '3:100.00%', '4:0.00%', '5:0.00%', '6:0.00%', '7:0.00%', '8:0.00%', '9:0.00%']
                                          0msec<-
                                          ->0msec
                                                     -> Cluster 4, loss : 2.33, accuracy 10.00%, model from round 4
                                                     ['0:0.00%', '1:0.00%', '2:0.00%', '3:0.00%', '4:0.00%', '5:100.00%', '6:0.00%', '7:0.00%', '8:0.00%', '9:0.00%']
                                                                                              <-> Client 0, global : from 10.00% to 10.00%, local : from 0.60% to 95.00%, training time : 8200msec
                                                     Cluster 4, round 1, loss : 5.34, accuracy 10.00% <-
                                                     Time past : 8200msec
                                                     ['0:0.00%', '1:0.00%', '2:0.00%', '3:0.00%', '4:0.00%', '5:0.00%', '6:100.00%', '7:0.00%', '8:0.00%', '9:0.00%']
                                          0msec<-
                                          ->0msec
                                                     -> Cluster 61, loss : 2.33, accuracy 10.00%, model from round 4
                                                     ['0:0.00%', '1:0.00%', '2:0.00%', '3:0.00%', '4:0.00%', '5:100.00%', '6:0.00%', '7:0.00%', '8:0.00%', '9:0.00%']
                                                                                              <-> Client 0, global : from 10.00% to 10.00%, local : from 0.80% to 94.81%, training time : 16200msec
                                                     Cluster 61, round 1, loss : 4.10, accuracy 10.00% <-
                                                     Time past : 16200msec
                                                     ['0:0.00%', '1:0.00%', '2:0.00%', '3:0.00%', '4:0.00%', '5:0.00%', '6:0.00%', '7:0.00%', '8:100.00%', '9:0.00%']
                                          0msec<-
                                          ->0msec
                                                     -> Cluster 31, loss : 2.33, accuracy 10.00%, model from round 4
                                                     ['0:0.00%', '1:0.00%', '2:0.00%', '3:0.00%', '4:0.00%', '5:100.00%', '6:0.00%', '7:0.00%', '8:0.00%', '9:0.00%']
                                                                                              <-> Client 0, global : from 10.00% to 10.00%, local : from 0.00% to 94.81%, training time : 8200msec
                                                     Cluster 31, round 1, loss : 4.53, accuracy 10.00% <-
                                                     Time past : 8200msec
                                                     ['0:0.00%', '1:100.00%', '2:0.00%', '3:0.00%', '4:0.00%', '5:0.00%', '6:0.00%', '7:0.00%', '8:0.00%', '9:0.00%']
                                          0msec<-
                                          ->0msec
                                                     -> Cluster 95, loss : 2.33, accuracy 10.00%, model from round 4
                                                     ['0:0.00%', '1:0.00%', '2:0.00%', '3:0.00%', '4:0.00%', '5:100.00%', '6:0.00%', '7:0.00%', '8:0.00%', '9:0.00%']
                                                                                              <-> Client 0, global : from 10.00% to 10.00%, local : from 0.40% to 95.19%, training time : 16200msec
                                                     Cluster 95, round 1, loss : 4.85, accuracy 10.00% <-
                                                     Time past : 16200msec
                                                     ['0:100.00%', '1:0.00%', '2:0.00%', '3:0.00%', '4:0.00%', '5:0.00%', '6:0.00%', '7:0.00%', '8:0.00%', '9:0.00%']
                                          0msec<-
                                          ->0msec
                                                     -> Cluster 51, loss : 2.33, accuracy 10.00%, model from round 4
                                                     ['0:0.00%', '1:0.00%', '2:0.00%', '3:0.00%', '4:0.00%', '5:100.00%', '6:0.00%', '7:0.00%', '8:0.00%', '9:0.00%']
                                                                                              <-> Client 0, global : from 10.00% to 10.00%, local : from 0.00% to 94.81%, training time : 16200msec
                                                     Cluster 51, round 1, loss : 4.92, accuracy 10.00% <-
                                                     Time past : 16200msec
                                                     ['0:0.00%', '1:0.00%', '2:0.00%', '3:0.00%', '4:0.00%', '5:0.00%', '6:0.00%', '7:100.00%', '8:0.00%', '9:0.00%']
                                          0msec<-
                                          ->0msec
                                                     -> Cluster 53, loss : 2.33, accuracy 10.00%, model from round 4
                                                     ['0:0.00%', '1:0.00%', '2:0.00%', '3:0.00%', '4:0.00%', '5:100.00%', '6:0.00%', '7:0.00%', '8:0.00%', '9:0.00%']
                                                                                              <-> Client 0, global : from 10.00% to 10.00%, local : from 0.80% to 95.00%, training time : 16200msec
                                                     Cluster 53, round 1, loss : 4.53, accuracy 10.00% <-
                                                     Time past : 16200msec
                                                     ['0:0.00%', '1:0.00%', '2:0.00%', '3:0.00%', '4:0.00%', '5:0.00%', '6:0.00%', '7:100.00%', '8:0.00%', '9:0.00%']
                                          0msec<-
                                          ->0msec
                                                     -> Cluster 85, loss : 2.33, accuracy 10.00%, model from round 4
                                                     ['0:0.00%', '1:0.00%', '2:0.00%', '3:0.00%', '4:0.00%', '5:100.00%', '6:0.00%', '7:0.00%', '8:0.00%', '9:0.00%']
                                                                                              <-> Client 0, global : from 10.00% to 10.00%, local : from 95.19% to 95.19%, training time : 16200msec
                                                     Cluster 85, round 1, loss : 4.98, accuracy 10.00% <-
                                                     Time past : 16200msec
                                                     ['0:0.00%', '1:0.00%', '2:0.00%', '3:0.00%', '4:0.00%', '5:100.00%', '6:0.00%', '7:0.00%', '8:0.00%', '9:0.00%']
                                          0msec<-
                                          ->0msec
                                                     -> Cluster 22, loss : 2.33, accuracy 10.00%, model from round 4
                                                     ['0:0.00%', '1:0.00%', '2:0.00%', '3:0.00%', '4:0.00%', '5:100.00%', '6:0.00%', '7:0.00%', '8:0.00%', '9:0.00%']
                                                                                              <-> Client 0, global : from 10.00% to 10.00%, local : from 0.20% to 95.00%, training time : 8200msec
                                                     Cluster 22, round 1, loss : 5.12, accuracy 10.00% <-
                                                     Time past : 8200msec
                                                     ['0:0.00%', '1:0.00%', '2:0.00%', '3:0.00%', '4:100.00%', '5:0.00%', '6:0.00%', '7:0.00%', '8:0.00%', '9:0.00%']
                                          0msec<-
                                          ->0msec
                                                     -> Cluster 46, loss : 2.33, accuracy 10.00%, model from round 4
                                                     ['0:0.00%', '1:0.00%', '2:0.00%', '3:0.00%', '4:0.00%', '5:100.00%', '6:0.00%', '7:0.00%', '8:0.00%', '9:0.00%']
                                                                                              <-> Client 0, global : from 10.00% to 10.00%, local : from 0.40% to 95.00%, training time : 8200msec
                                                     Cluster 46, round 1, loss : 4.18, accuracy 10.00% <-
                                                     Time past : 8200msec
                                                     ['0:0.00%', '1:0.00%', '2:100.00%', '3:0.00%', '4:0.00%', '5:0.00%', '6:0.00%', '7:0.00%', '8:0.00%', '9:0.00%']
                                          0msec<-
Central server round 4, loss : 2.30, accuracy :11.90%
Time past: 64800msec
['0:1.20%', '1:0.00%', '2:0.00%', '3:0.00%', '4:0.00%', '5:0.00%', '6:0.00%', '7:95.30%', '8:22.50%', '9:0.00%']
                                          ->0msec
                                                     -> Cluster 5, loss : 2.30, accuracy 11.90%, model from round 5
                                                     ['0:1.20%', '1:0.00%', '2:0.00%', '3:0.00%', '4:0.00%', '5:0.00%', '6:0.00%', '7:95.30%', '8:22.50%', '9:0.00%']
                                                                                              <-> Client 0, global : from 11.90% to 10.00%, local : from 0.80% to 95.00%, training time : 8200msec
                                                     Cluster 5, round 1, loss : 4.65, accuracy 10.00% <-
                                                     Time past : 8200msec
                                                     ['0:0.00%', '1:0.00%', '2:0.00%', '3:0.00%', '4:0.00%', '5:0.00%', '6:100.00%', '7:0.00%', '8:0.00%', '9:0.00%']
                                          0msec<-
                                          ->0msec
                                                     -> Cluster 39, loss : 2.30, accuracy 11.90%, model from round 5
                                                     ['0:1.20%', '1:0.00%', '2:0.00%', '3:0.00%', '4:0.00%', '5:0.00%', '6:0.00%', '7:95.30%', '8:22.50%', '9:0.00%']
                                                                                              <-> Client 0, global : from 11.90% to 10.00%, local : from 0.60% to 95.00%, training time : 8200msec
                                                     Cluster 39, round 1, loss : 5.24, accuracy 10.00% <-
                                                     Time past : 8200msec
                                                     ['0:0.00%', '1:100.00%', '2:0.00%', '3:0.00%', '4:0.00%', '5:0.00%', '6:0.00%', '7:0.00%', '8:0.00%', '9:0.00%']
                                          0msec<-
                                          ->0msec
                                                     -> Cluster 90, loss : 2.30, accuracy 11.90%, model from round 5
                                                     ['0:1.20%', '1:0.00%', '2:0.00%', '3:0.00%', '4:0.00%', '5:0.00%', '6:0.00%', '7:95.30%', '8:22.50%', '9:0.00%']
                                                                                              <-> Client 0, global : from 11.90% to 10.00%, local : from 2.80% to 95.00%, training time : 16200msec
                                                     Cluster 90, round 1, loss : 4.46, accuracy 10.00% <-
                                                     Time past : 16200msec
                                                     ['0:100.00%', '1:0.00%', '2:0.00%', '3:0.00%', '4:0.00%', '5:0.00%', '6:0.00%', '7:0.00%', '8:0.00%', '9:0.00%']
                                          0msec<-
                                          ->0msec
                                                     -> Cluster 78, loss : 2.30, accuracy 11.90%, model from round 5
                                                     ['0:1.20%', '1:0.00%', '2:0.00%', '3:0.00%', '4:0.00%', '5:0.00%', '6:0.00%', '7:95.30%', '8:22.50%', '9:0.00%']
                                                                                              <-> Client 0, global : from 11.90% to 10.00%, local : from 0.60% to 95.00%, training time : 16200msec
                                                     Cluster 78, round 1, loss : 5.49, accuracy 10.00% <-
                                                     Time past : 16200msec
                                                     ['0:0.00%', '1:0.00%', '2:0.00%', '3:100.00%', '4:0.00%', '5:0.00%', '6:0.00%', '7:0.00%', '8:0.00%', '9:0.00%']
                                          0msec<-
                                          ->0msec
                                                     -> Cluster 75, loss : 2.30, accuracy 11.90%, model from round 5
                                                     ['0:1.20%', '1:0.00%', '2:0.00%', '3:0.00%', '4:0.00%', '5:0.00%', '6:0.00%', '7:95.30%', '8:22.50%', '9:0.00%']
                                                                                              <-> Client 0, global : from 11.90% to 10.00%, local : from 0.40% to 95.00%, training time : 16200msec
                                                     Cluster 75, round 1, loss : 4.67, accuracy 10.00% <-
                                                     Time past : 16200msec
                                                     ['0:0.00%', '1:0.00%', '2:0.00%', '3:100.00%', '4:0.00%', '5:0.00%', '6:0.00%', '7:0.00%', '8:0.00%', '9:0.00%']
                                          0msec<-
                                          ->0msec
                                                     -> Cluster 74, loss : 2.30, accuracy 11.90%, model from round 5
                                                     ['0:1.20%', '1:0.00%', '2:0.00%', '3:0.00%', '4:0.00%', '5:0.00%', '6:0.00%', '7:95.30%', '8:22.50%', '9:0.00%']
                                                                                              <-> Client 0, global : from 11.90% to 10.00%, local : from 0.80% to 95.00%, training time : 16200msec
                                                     Cluster 74, round 1, loss : 5.20, accuracy 10.00% <-
                                                     Time past : 16200msec
                                                     ['0:0.00%', '1:0.00%', '2:0.00%', '3:100.00%', '4:0.00%', '5:0.00%', '6:0.00%', '7:0.00%', '8:0.00%', '9:0.00%']
                                          0msec<-
                                          ->0msec
                                                     -> Cluster 50, loss : 2.30, accuracy 11.90%, model from round 5
                                                     ['0:1.20%', '1:0.00%', '2:0.00%', '3:0.00%', '4:0.00%', '5:0.00%', '6:0.00%', '7:95.30%', '8:22.50%', '9:0.00%']
                                                                                              <-> Client 0, global : from 11.90% to 10.00%, local : from 92.42% to 94.81%, training time : 16200msec
                                                     Cluster 50, round 1, loss : 5.40, accuracy 10.00% <-
                                                     Time past : 16200msec
                                                     ['0:0.00%', '1:0.00%', '2:0.00%', '3:0.00%', '4:0.00%', '5:0.00%', '6:0.00%', '7:100.00%', '8:0.00%', '9:0.00%']
                                          0msec<-
                                          ->0msec
                                                     -> Cluster 82, loss : 2.30, accuracy 11.90%, model from round 5
                                                     ['0:1.20%', '1:0.00%', '2:0.00%', '3:0.00%', '4:0.00%', '5:0.00%', '6:0.00%', '7:95.30%', '8:22.50%', '9:0.00%']
                                                                                              <-> Client 0, global : from 11.90% to 10.00%, local : from 1.20% to 95.00%, training time : 16200msec
                                                     Cluster 82, round 1, loss : 4.41, accuracy 10.00% <-
                                                     Time past : 16200msec
                                                     ['0:0.00%', '1:0.00%', '2:0.00%', '3:0.00%', '4:0.00%', '5:100.00%', '6:0.00%', '7:0.00%', '8:0.00%', '9:0.00%']
                                          0msec<-
                                          ->0msec
                                                     -> Cluster 21, loss : 2.30, accuracy 11.90%, model from round 5
                                                     ['0:1.20%', '1:0.00%', '2:0.00%', '3:0.00%', '4:0.00%', '5:0.00%', '6:0.00%', '7:95.30%', '8:22.50%', '9:0.00%']
                                                                                              <-> Client 0, global : from 11.90% to 10.00%, local : from 0.80% to 94.81%, training time : 8200msec
                                                     Cluster 21, round 1, loss : 5.15, accuracy 10.00% <-
                                                     Time past : 8200msec
                                                     ['0:0.00%', '1:0.00%', '2:0.00%', '3:0.00%', '4:100.00%', '5:0.00%', '6:0.00%', '7:0.00%', '8:0.00%', '9:0.00%']
                                          0msec<-
                                          ->0msec
                                                     -> Cluster 64, loss : 2.30, accuracy 11.90%, model from round 5
                                                     ['0:1.20%', '1:0.00%', '2:0.00%', '3:0.00%', '4:0.00%', '5:0.00%', '6:0.00%', '7:95.30%', '8:22.50%', '9:0.00%']
                                                                                              <-> Client 0, global : from 11.90% to 10.00%, local : from 19.60% to 95.00%, training time : 16200msec
                                                     Cluster 64, round 1, loss : 4.30, accuracy 10.00% <-
                                                     Time past : 16200msec
                                                     ['0:0.00%', '1:0.00%', '2:0.00%', '3:0.00%', '4:0.00%', '5:0.00%', '6:0.00%', '7:0.00%', '8:100.00%', '9:0.00%']
                                          0msec<-
Central server round 5, loss : 2.34, accuracy :10.05%
Time past: 81000msec
['0:0.00%', '1:0.00%', '2:0.00%', '3:100.00%', '4:0.00%', '5:0.00%', '6:0.00%', '7:0.00%', '8:0.50%', '9:0.00%']
                                          ->0msec
                                                     -> Cluster 49, loss : 2.34, accuracy 10.05%, model from round 6
                                                     ['0:0.00%', '1:0.00%', '2:0.00%', '3:100.00%', '4:0.00%', '5:0.00%', '6:0.00%', '7:0.00%', '8:0.50%', '9:0.00%']
                                                                                              <-> Client 0, global : from 10.05% to 10.00%, local : from 1.00% to 95.00%, training time : 8200msec
                                                     Cluster 49, round 1, loss : 4.43, accuracy 10.00% <-
                                                     Time past : 8200msec
                                                     ['0:0.00%', '1:0.00%', '2:100.00%', '3:0.00%', '4:0.00%', '5:0.00%', '6:0.00%', '7:0.00%', '8:0.00%', '9:0.00%']
                                          0msec<-
                                          ->0msec
                                                     -> Cluster 94, loss : 2.34, accuracy 10.05%, model from round 6
                                                     ['0:0.00%', '1:0.00%', '2:0.00%', '3:100.00%', '4:0.00%', '5:0.00%', '6:0.00%', '7:0.00%', '8:0.50%', '9:0.00%']
                                                                                              <-> Client 0, global : from 10.05% to 10.00%, local : from 0.20% to 95.19%, training time : 16200msec
                                                     Cluster 94, round 1, loss : 5.00, accuracy 10.00% <-
                                                     Time past : 16200msec
                                                     ['0:100.00%', '1:0.00%', '2:0.00%', '3:0.00%', '4:0.00%', '5:0.00%', '6:0.00%', '7:0.00%', '8:0.00%', '9:0.00%']
                                          0msec<-
                                          ->0msec
                                                     -> Cluster 65, loss : 2.34, accuracy 10.05%, model from round 6
                                                     ['0:0.00%', '1:0.00%', '2:0.00%', '3:100.00%', '4:0.00%', '5:0.00%', '6:0.00%', '7:0.00%', '8:0.50%', '9:0.00%']
                                                                                              <-> Client 0, global : from 10.05% to 10.00%, local : from 0.40% to 95.00%, training time : 16200msec
                                                     Cluster 65, round 1, loss : 4.78, accuracy 10.00% <-
                                                     Time past : 16200msec
                                                     ['0:0.00%', '1:0.00%', '2:0.00%', '3:0.00%', '4:0.00%', '5:0.00%', '6:0.00%', '7:0.00%', '8:100.00%', '9:0.00%']
                                          0msec<-
                                          ->0msec
                                                     -> Cluster 16, loss : 2.34, accuracy 10.05%, model from round 6
                                                     ['0:0.00%', '1:0.00%', '2:0.00%', '3:100.00%', '4:0.00%', '5:0.00%', '6:0.00%', '7:0.00%', '8:0.50%', '9:0.00%']
                                                                                              <-> Client 0, global : from 10.05% to 10.00%, local : from 0.80% to 95.00%, training time : 8200msec
                                                     Cluster 16, round 1, loss : 4.37, accuracy 10.00% <-
                                                     Time past : 8200msec
                                                     ['0:0.00%', '1:0.00%', '2:0.00%', '3:0.00%', '4:0.00%', '5:0.00%', '6:0.00%', '7:0.00%', '8:0.00%', '9:100.00%']
                                          0msec<-
                                          ->0msec
                                                     -> Cluster 66, loss : 2.34, accuracy 10.05%, model from round 6
                                                     ['0:0.00%', '1:0.00%', '2:0.00%', '3:100.00%', '4:0.00%', '5:0.00%', '6:0.00%', '7:0.00%', '8:0.50%', '9:0.00%']
                                                                                              <-> Client 0, global : from 10.05% to 10.00%, local : from 0.60% to 95.00%, training time : 16200msec
                                                     Cluster 66, round 1, loss : 3.73, accuracy 10.00% <-
                                                     Time past : 16200msec
                                                     ['0:0.00%', '1:0.00%', '2:0.00%', '3:0.00%', '4:0.00%', '5:0.00%', '6:0.00%', '7:0.00%', '8:100.00%', '9:0.00%']
                                          0msec<-
                                          ->0msec
                                                     -> Cluster 99, loss : 2.34, accuracy 10.05%, model from round 6
                                                     ['0:0.00%', '1:0.00%', '2:0.00%', '3:100.00%', '4:0.00%', '5:0.00%', '6:0.00%', '7:0.00%', '8:0.50%', '9:0.00%']
                                                                                              <-> Client 0, global : from 10.05% to 10.00%, local : from 0.60% to 95.19%, training time : 16200msec
                                                     Cluster 99, round 1, loss : 5.14, accuracy 10.00% <-
                                                     Time past : 16200msec
                                                     ['0:100.00%', '1:0.00%', '2:0.00%', '3:0.00%', '4:0.00%', '5:0.00%', '6:0.00%', '7:0.00%', '8:0.00%', '9:0.00%']
                                          0msec<-
                                          ->0msec
                                                     -> Cluster 71, loss : 2.34, accuracy 10.05%, model from round 6
                                                     ['0:0.00%', '1:0.00%', '2:0.00%', '3:100.00%', '4:0.00%', '5:0.00%', '6:0.00%', '7:0.00%', '8:0.50%', '9:0.00%']
                                                                                              <-> Client 0, global : from 10.05% to 10.00%, local : from 95.20% to 95.00%, training time : 16200msec
                                                     Cluster 71, round 1, loss : 5.14, accuracy 10.00% <-
                                                     Time past : 16200msec
                                                     ['0:0.00%', '1:0.00%', '2:0.00%', '3:100.00%', '4:0.00%', '5:0.00%', '6:0.00%', '7:0.00%', '8:0.00%', '9:0.00%']
                                          0msec<-
                                          ->0msec
                                                     -> Cluster 26, loss : 2.34, accuracy 10.05%, model from round 6
                                                     ['0:0.00%', '1:0.00%', '2:0.00%', '3:100.00%', '4:0.00%', '5:0.00%', '6:0.00%', '7:0.00%', '8:0.50%', '9:0.00%']
                                                                                              <-> Client 0, global : from 10.05% to 10.00%, local : from 0.20% to 95.00%, training time : 8200msec
                                                     Cluster 26, round 1, loss : 5.25, accuracy 10.00% <-
                                                     Time past : 8200msec
                                                     ['0:0.00%', '1:0.00%', '2:0.00%', '3:0.00%', '4:100.00%', '5:0.00%', '6:0.00%', '7:0.00%', '8:0.00%', '9:0.00%']
                                          0msec<-
                                          ->0msec
                                                     -> Cluster 54, loss : 2.34, accuracy 10.05%, model from round 6
                                                     ['0:0.00%', '1:0.00%', '2:0.00%', '3:100.00%', '4:0.00%', '5:0.00%', '6:0.00%', '7:0.00%', '8:0.50%', '9:0.00%']
                                                                                              <-> Client 0, global : from 10.05% to 10.00%, local : from 0.80% to 95.00%, training time : 16200msec
                                                     Cluster 54, round 1, loss : 4.46, accuracy 10.00% <-
                                                     Time past : 16200msec
                                                     ['0:0.00%', '1:0.00%', '2:0.00%', '3:0.00%', '4:0.00%', '5:0.00%', '6:0.00%', '7:100.00%', '8:0.00%', '9:0.00%']
                                          0msec<-
                                          ->0msec
                                                     -> Cluster 7, loss : 2.34, accuracy 10.05%, model from round 6
                                                     ['0:0.00%', '1:0.00%', '2:0.00%', '3:100.00%', '4:0.00%', '5:0.00%', '6:0.00%', '7:0.00%', '8:0.50%', '9:0.00%']
                                                                                              <-> Client 0, global : from 10.05% to 10.00%, local : from 1.00% to 95.00%, training time : 8200msec
                                                     Cluster 7, round 1, loss : 6.05, accuracy 10.00% <-
                                                     Time past : 8200msec
                                                     ['0:0.00%', '1:0.00%', '2:0.00%', '3:0.00%', '4:0.00%', '5:0.00%', '6:100.00%', '7:0.00%', '8:0.00%', '9:0.00%']
                                          0msec<-
Central server round 6, loss : 2.30, accuracy :14.49%
Time past: 97200msec
['0:69.50%', '1:0.00%', '2:0.00%', '3:6.50%', '4:0.00%', '5:0.00%', '6:4.70%', '7:0.00%', '8:64.10%', '9:0.10%']
                                          ->0msec
                                                     -> Cluster 58, loss : 2.30, accuracy 14.49%, model from round 7
                                                     ['0:69.50%', '1:0.00%', '2:0.00%', '3:6.50%', '4:0.00%', '5:0.00%', '6:4.70%', '7:0.00%', '8:64.10%', '9:0.10%']
                                                                                              <-> Client 0, global : from 14.49% to 10.00%, local : from 1.40% to 95.00%, training time : 16200msec
                                                     Cluster 58, round 1, loss : 4.78, accuracy 10.00% <-
                                                     Time past : 16200msec
                                                     ['0:0.00%', '1:0.00%', '2:0.00%', '3:0.00%', '4:0.00%', '5:0.00%', '6:0.00%', '7:100.00%', '8:0.00%', '9:0.00%']
                                          0msec<-
                                          ->0msec
                                                     -> Cluster 76, loss : 2.30, accuracy 14.49%, model from round 7
                                                     ['0:69.50%', '1:0.00%', '2:0.00%', '3:6.50%', '4:0.00%', '5:0.00%', '6:4.70%', '7:0.00%', '8:64.10%', '9:0.10%']
                                                                                              <-> Client 0, global : from 14.49% to 10.00%, local : from 7.40% to 95.00%, training time : 16200msec
                                                     Cluster 76, round 1, loss : 5.19, accuracy 10.00% <-
                                                     Time past : 16200msec
                                                     ['0:0.00%', '1:0.00%', '2:0.00%', '3:100.00%', '4:0.00%', '5:0.00%', '6:0.00%', '7:0.00%', '8:0.00%', '9:0.00%']
                                          0msec<-
                                          ->0msec
                                                     -> Cluster 3, loss : 2.30, accuracy 14.49%, model from round 7
                                                     ['0:69.50%', '1:0.00%', '2:0.00%', '3:6.50%', '4:0.00%', '5:0.00%', '6:4.70%', '7:0.00%', '8:64.10%', '9:0.10%']
                                                                                              <-> Client 0, global : from 14.49% to 10.00%, local : from 6.00% to 95.00%, training time : 8200msec
                                                     Cluster 3, round 1, loss : 5.10, accuracy 10.00% <-
                                                     Time past : 8200msec
                                                     ['0:0.00%', '1:0.00%', '2:0.00%', '3:0.00%', '4:0.00%', '5:0.00%', '6:100.00%', '7:0.00%', '8:0.00%', '9:0.00%']
                                          0msec<-
                                          ->0msec
                                                     -> Cluster 29, loss : 2.30, accuracy 14.49%, model from round 7
                                                     ['0:69.50%', '1:0.00%', '2:0.00%', '3:6.50%', '4:0.00%', '5:0.00%', '6:4.70%', '7:0.00%', '8:64.10%', '9:0.10%']
                                                                                              <-> Client 0, global : from 14.49% to 10.00%, local : from 1.00% to 95.00%, training time : 8200msec
                                                     Cluster 29, round 1, loss : 5.10, accuracy 10.00% <-
                                                     Time past : 8200msec
                                                     ['0:0.00%', '1:0.00%', '2:0.00%', '3:0.00%', '4:100.00%', '5:0.00%', '6:0.00%', '7:0.00%', '8:0.00%', '9:0.00%']
                                          0msec<-
                                          ->0msec
                                                     -> Cluster 81, loss : 2.30, accuracy 14.49%, model from round 7
                                                     ['0:69.50%', '1:0.00%', '2:0.00%', '3:6.50%', '4:0.00%', '5:0.00%', '6:4.70%', '7:0.00%', '8:64.10%', '9:0.10%']
                                                                                              <-> Client 0, global : from 14.49% to 10.00%, local : from 0.20% to 95.00%, training time : 16200msec
                                                     Cluster 81, round 1, loss : 4.54, accuracy 10.00% <-
                                                     Time past : 16200msec
                                                     ['0:0.00%', '1:0.00%', '2:0.00%', '3:0.00%', '4:0.00%', '5:100.00%', '6:0.00%', '7:0.00%', '8:0.00%', '9:0.00%']
                                          0msec<-
                                          ->0msec
                                                     -> Cluster 22, loss : 2.30, accuracy 14.49%, model from round 7
                                                     ['0:69.50%', '1:0.00%', '2:0.00%', '3:6.50%', '4:0.00%', '5:0.00%', '6:4.70%', '7:0.00%', '8:64.10%', '9:0.10%']
                                                                                              <-> Client 0, global : from 14.49% to 10.00%, local : from 1.00% to 95.00%, training time : 8200msec
                                                     Cluster 22, round 1, loss : 5.46, accuracy 10.00% <-
                                                     Time past : 8200msec
                                                     ['0:0.00%', '1:0.00%', '2:0.00%', '3:0.00%', '4:100.00%', '5:0.00%', '6:0.00%', '7:0.00%', '8:0.00%', '9:0.00%']
                                          0msec<-
                                          ->0msec
                                                     -> Cluster 70, loss : 2.30, accuracy 14.49%, model from round 7
                                                     ['0:69.50%', '1:0.00%', '2:0.00%', '3:6.50%', '4:0.00%', '5:0.00%', '6:4.70%', '7:0.00%', '8:64.10%', '9:0.10%']
                                                                                              <-> Client 0, global : from 14.49% to 10.00%, local : from 6.60% to 95.00%, training time : 16200msec
                                                     Cluster 70, round 1, loss : 5.35, accuracy 10.00% <-
                                                     Time past : 16200msec
                                                     ['0:0.00%', '1:0.00%', '2:0.00%', '3:100.00%', '4:0.00%', '5:0.00%', '6:0.00%', '7:0.00%', '8:0.00%', '9:0.00%']
                                          0msec<-
                                          ->0msec
                                                     -> Cluster 74, loss : 2.30, accuracy 14.49%, model from round 7
                                                     ['0:69.50%', '1:0.00%', '2:0.00%', '3:6.50%', '4:0.00%', '5:0.00%', '6:4.70%', '7:0.00%', '8:64.10%', '9:0.10%']
                                                                                              <-> Client 0, global : from 14.49% to 10.00%, local : from 6.60% to 95.00%, training time : 16200msec
                                                     Cluster 74, round 1, loss : 5.02, accuracy 10.00% <-
                                                     Time past : 16200msec
                                                     ['0:0.00%', '1:0.00%', '2:0.00%', '3:100.00%', '4:0.00%', '5:0.00%', '6:0.00%', '7:0.00%', '8:0.00%', '9:0.00%']
                                          0msec<-
                                          ->0msec
                                                     -> Cluster 23, loss : 2.30, accuracy 14.49%, model from round 7
                                                     ['0:69.50%', '1:0.00%', '2:0.00%', '3:6.50%', '4:0.00%', '5:0.00%', '6:4.70%', '7:0.00%', '8:64.10%', '9:0.10%']
                                                                                              <-> Client 0, global : from 14.49% to 10.00%, local : from 0.80% to 95.00%, training time : 8200msec
                                                     Cluster 23, round 1, loss : 5.03, accuracy 10.00% <-
                                                     Time past : 8200msec
                                                     ['0:0.00%', '1:0.00%', '2:0.00%', '3:0.00%', '4:100.00%', '5:0.00%', '6:0.00%', '7:0.00%', '8:0.00%', '9:0.00%']
                                          0msec<-
                                          ->0msec
                                                     -> Cluster 11, loss : 2.30, accuracy 14.49%, model from round 7
                                                     ['0:69.50%', '1:0.00%', '2:0.00%', '3:6.50%', '4:0.00%', '5:0.00%', '6:4.70%', '7:0.00%', '8:64.10%', '9:0.10%']
                                                                                              <-> Client 0, global : from 14.49% to 10.00%, local : from 0.80% to 94.81%, training time : 8200msec
                                                     Cluster 11, round 1, loss : 4.47, accuracy 10.00% <-
                                                     Time past : 8200msec
                                                     ['0:0.00%', '1:0.00%', '2:0.00%', '3:0.00%', '4:0.00%', '5:0.00%', '6:0.00%', '7:0.00%', '8:0.00%', '9:100.00%']
                                          0msec<-
Central server round 7, loss : 2.48, accuracy :10.03%
Time past: 113400msec
['0:0.00%', '1:0.00%', '2:0.00%', '3:72.40%', '4:27.90%', '5:0.00%', '6:0.00%', '7:0.00%', '8:0.00%', '9:0.00%']
                                          ->0msec
                                                     -> Cluster 14, loss : 2.48, accuracy 10.03%, model from round 8
                                                     ['0:0.00%', '1:0.00%', '2:0.00%', '3:72.40%', '4:27.90%', '5:0.00%', '6:0.00%', '7:0.00%', '8:0.00%', '9:0.00%']
                                                                                              <-> Client 0, global : from 10.03% to 10.00%, local : from 0.40% to 95.00%, training time : 8200msec
                                                     Cluster 14, round 1, loss : 4.58, accuracy 10.00% <-
                                                     Time past : 8200msec
                                                     ['0:0.00%', '1:0.00%', '2:0.00%', '3:0.00%', '4:0.00%', '5:0.00%', '6:0.00%', '7:0.00%', '8:0.00%', '9:100.00%']
                                          0msec<-
                                          ->0msec
                                                     -> Cluster 79, loss : 2.48, accuracy 10.03%, model from round 8
                                                     ['0:0.00%', '1:0.00%', '2:0.00%', '3:72.40%', '4:27.90%', '5:0.00%', '6:0.00%', '7:0.00%', '8:0.00%', '9:0.00%']
                                                                                              <-> Client 0, global : from 10.03% to 10.00%, local : from 65.00% to 95.00%, training time : 16200msec
                                                     Cluster 79, round 1, loss : 4.80, accuracy 10.00% <-
                                                     Time past : 16200msec
                                                     ['0:0.00%', '1:0.00%', '2:0.00%', '3:100.00%', '4:0.00%', '5:0.00%', '6:0.00%', '7:0.00%', '8:0.00%', '9:0.00%']
                                          0msec<-
                                          ->0msec
                                                     -> Cluster 23, loss : 2.48, accuracy 10.03%, model from round 8
                                                     ['0:0.00%', '1:0.00%', '2:0.00%', '3:72.40%', '4:27.90%', '5:0.00%', '6:0.00%', '7:0.00%', '8:0.00%', '9:0.00%']
                                                                                              <-> Client 0, global : from 10.03% to 10.00%, local : from 24.40% to 95.00%, training time : 8200msec
                                                     Cluster 23, round 1, loss : 4.89, accuracy 10.00% <-
                                                     Time past : 8200msec
                                                     ['0:0.00%', '1:0.00%', '2:0.00%', '3:0.00%', '4:100.00%', '5:0.00%', '6:0.00%', '7:0.00%', '8:0.00%', '9:0.00%']
                                          0msec<-
                                          ->0msec
                                                     -> Cluster 44, loss : 2.48, accuracy 10.03%, model from round 8
                                                     ['0:0.00%', '1:0.00%', '2:0.00%', '3:72.40%', '4:27.90%', '5:0.00%', '6:0.00%', '7:0.00%', '8:0.00%', '9:0.00%']
                                                                                              <-> Client 0, global : from 10.03% to 10.00%, local : from 0.80% to 95.00%, training time : 8200msec
                                                     Cluster 44, round 1, loss : 5.01, accuracy 10.00% <-
                                                     Time past : 8200msec
                                                     ['0:0.00%', '1:0.00%', '2:100.00%', '3:0.00%', '4:0.00%', '5:0.00%', '6:0.00%', '7:0.00%', '8:0.00%', '9:0.00%']
                                          0msec<-
                                          ->0msec
                                                     -> Cluster 37, loss : 2.48, accuracy 10.03%, model from round 8
                                                     ['0:0.00%', '1:0.00%', '2:0.00%', '3:72.40%', '4:27.90%', '5:0.00%', '6:0.00%', '7:0.00%', '8:0.00%', '9:0.00%']
                                                                                              <-> Client 0, global : from 10.03% to 10.00%, local : from 0.20% to 95.00%, training time : 8200msec
                                                     Cluster 37, round 1, loss : 4.84, accuracy 10.00% <-
                                                     Time past : 8200msec
                                                     ['0:0.00%', '1:100.00%', '2:0.00%', '3:0.00%', '4:0.00%', '5:0.00%', '6:0.00%', '7:0.00%', '8:0.00%', '9:0.00%']
                                          0msec<-
                                          ->0msec
                                                     -> Cluster 8, loss : 2.48, accuracy 10.03%, model from round 8
                                                     ['0:0.00%', '1:0.00%', '2:0.00%', '3:72.40%', '4:27.90%', '5:0.00%', '6:0.00%', '7:0.00%', '8:0.00%', '9:0.00%']
                                                                                              <-> Client 0, global : from 10.03% to 10.00%, local : from 0.20% to 95.00%, training time : 8200msec
                                                     Cluster 8, round 1, loss : 4.99, accuracy 10.00% <-
                                                     Time past : 8200msec
                                                     ['0:0.00%', '1:0.00%', '2:0.00%', '3:0.00%', '4:0.00%', '5:0.00%', '6:100.00%', '7:0.00%', '8:0.00%', '9:0.00%']
                                          0msec<-
                                          ->0msec
                                                     -> Cluster 21, loss : 2.48, accuracy 10.03%, model from round 8
                                                     ['0:0.00%', '1:0.00%', '2:0.00%', '3:72.40%', '4:27.90%', '5:0.00%', '6:0.00%', '7:0.00%', '8:0.00%', '9:0.00%']
                                                                                              <-> Client 0, global : from 10.03% to 10.00%, local : from 24.35% to 94.81%, training time : 8200msec
                                                     Cluster 21, round 1, loss : 5.39, accuracy 10.00% <-
                                                     Time past : 8200msec
                                                     ['0:0.00%', '1:0.00%', '2:0.00%', '3:0.00%', '4:100.00%', '5:0.00%', '6:0.00%', '7:0.00%', '8:0.00%', '9:0.00%']
                                          0msec<-
                                          ->0msec
                                                     -> Cluster 20, loss : 2.48, accuracy 10.03%, model from round 8
                                                     ['0:0.00%', '1:0.00%', '2:0.00%', '3:72.40%', '4:27.90%', '5:0.00%', '6:0.00%', '7:0.00%', '8:0.00%', '9:0.00%']
                                                                                              <-> Client 0, global : from 10.03% to 10.00%, local : from 26.55% to 94.81%, training time : 8200msec
                                                     Cluster 20, round 1, loss : 5.20, accuracy 10.00% <-
                                                     Time past : 8200msec
                                                     ['0:0.00%', '1:0.00%', '2:0.00%', '3:0.00%', '4:100.00%', '5:0.00%', '6:0.00%', '7:0.00%', '8:0.00%', '9:0.00%']
                                          0msec<-
                                          ->0msec
                                                     -> Cluster 32, loss : 2.48, accuracy 10.03%, model from round 8
                                                     ['0:0.00%', '1:0.00%', '2:0.00%', '3:72.40%', '4:27.90%', '5:0.00%', '6:0.00%', '7:0.00%', '8:0.00%', '9:0.00%']
                                                                                              <-> Client 0, global : from 10.03% to 10.00%, local : from 0.60% to 95.00%, training time : 8200msec
                                                     Cluster 32, round 1, loss : 4.26, accuracy 10.00% <-
                                                     Time past : 8200msec
                                                     ['0:0.00%', '1:100.00%', '2:0.00%', '3:0.00%', '4:0.00%', '5:0.00%', '6:0.00%', '7:0.00%', '8:0.00%', '9:0.00%']
                                          0msec<-
                                          ->0msec
                                                     -> Cluster 67, loss : 2.48, accuracy 10.03%, model from round 8
                                                     ['0:0.00%', '1:0.00%', '2:0.00%', '3:72.40%', '4:27.90%', '5:0.00%', '6:0.00%', '7:0.00%', '8:0.00%', '9:0.00%']
                                                                                              <-> Client 0, global : from 10.03% to 10.00%, local : from 0.40% to 95.00%, training time : 16200msec
                                                     Cluster 67, round 1, loss : 4.43, accuracy 10.00% <-
                                                     Time past : 16200msec
                                                     ['0:0.00%', '1:0.00%', '2:0.00%', '3:0.00%', '4:0.00%', '5:0.00%', '6:0.00%', '7:0.00%', '8:100.00%', '9:0.00%']
                                          0msec<-
Central server round 8, loss : 2.42, accuracy :10.10%
Time past: 129600msec
['0:0.00%', '1:0.00%', '2:0.00%', '3:0.00%', '4:100.00%', '5:0.00%', '6:0.00%', '7:0.00%', '8:1.00%', '9:0.00%']
                                          ->0msec
                                                     -> Cluster 49, loss : 2.42, accuracy 10.10%, model from round 9
                                                     ['0:0.00%', '1:0.00%', '2:0.00%', '3:0.00%', '4:100.00%', '5:0.00%', '6:0.00%', '7:0.00%', '8:1.00%', '9:0.00%']
                                                                                              <-> Client 0, global : from 10.10% to 10.00%, local : from 0.60% to 95.00%, training time : 8200msec
                                                     Cluster 49, round 1, loss : 4.43, accuracy 10.00% <-
                                                     Time past : 8200msec
                                                     ['0:0.00%', '1:0.00%', '2:100.00%', '3:0.00%', '4:0.00%', '5:0.00%', '6:0.00%', '7:0.00%', '8:0.00%', '9:0.00%']
                                          0msec<-
                                          ->0msec
                                                     -> Cluster 43, loss : 2.42, accuracy 10.10%, model from round 9
                                                     ['0:0.00%', '1:0.00%', '2:0.00%', '3:0.00%', '4:100.00%', '5:0.00%', '6:0.00%', '7:0.00%', '8:1.00%', '9:0.00%']
                                                                                              <-> Client 0, global : from 10.10% to 10.00%, local : from 0.80% to 95.00%, training time : 8200msec
                                                     Cluster 43, round 1, loss : 4.92, accuracy 10.00% <-
                                                     Time past : 8200msec
                                                     ['0:0.00%', '1:0.00%', '2:100.00%', '3:0.00%', '4:0.00%', '5:0.00%', '6:0.00%', '7:0.00%', '8:0.00%', '9:0.00%']
                                          0msec<-
                                          ->0msec
                                                     -> Cluster 53, loss : 2.42, accuracy 10.10%, model from round 9
                                                     ['0:0.00%', '1:0.00%', '2:0.00%', '3:0.00%', '4:100.00%', '5:0.00%', '6:0.00%', '7:0.00%', '8:1.00%', '9:0.00%']
                                                                                              <-> Client 0, global : from 10.10% to 10.00%, local : from 0.80% to 95.00%, training time : 16200msec
                                                     Cluster 53, round 1, loss : 5.18, accuracy 10.00% <-
                                                     Time past : 16200msec
                                                     ['0:0.00%', '1:0.00%', '2:0.00%', '3:0.00%', '4:0.00%', '5:0.00%', '6:0.00%', '7:100.00%', '8:0.00%', '9:0.00%']
                                          0msec<-
                                          ->0msec
                                                     -> Cluster 24, loss : 2.42, accuracy 10.10%, model from round 9
                                                     ['0:0.00%', '1:0.00%', '2:0.00%', '3:0.00%', '4:100.00%', '5:0.00%', '6:0.00%', '7:0.00%', '8:1.00%', '9:0.00%']
                                                                                              <-> Client 0, global : from 10.10% to 10.00%, local : from 94.80% to 95.00%, training time : 8200msec
                                                     Cluster 24, round 1, loss : 5.72, accuracy 10.00% <-
                                                     Time past : 8200msec
                                                     ['0:0.00%', '1:0.00%', '2:0.00%', '3:0.00%', '4:100.00%', '5:0.00%', '6:0.00%', '7:0.00%', '8:0.00%', '9:0.00%']
                                          0msec<-
                                          ->0msec
                                                     -> Cluster 33, loss : 2.42, accuracy 10.10%, model from round 9
                                                     ['0:0.00%', '1:0.00%', '2:0.00%', '3:0.00%', '4:100.00%', '5:0.00%', '6:0.00%', '7:0.00%', '8:1.00%', '9:0.00%']
                                                                                              <-> Client 0, global : from 10.10% to 10.00%, local : from 0.80% to 95.00%, training time : 8200msec
                                                     Cluster 33, round 1, loss : 4.71, accuracy 10.00% <-
                                                     Time past : 8200msec
                                                     ['0:0.00%', '1:100.00%', '2:0.00%', '3:0.00%', '4:0.00%', '5:0.00%', '6:0.00%', '7:0.00%', '8:0.00%', '9:0.00%']
                                          0msec<-
                                          ->0msec
                                                     -> Cluster 13, loss : 2.42, accuracy 10.10%, model from round 9
                                                     ['0:0.00%', '1:0.00%', '2:0.00%', '3:0.00%', '4:100.00%', '5:0.00%', '6:0.00%', '7:0.00%', '8:1.00%', '9:0.00%']
                                                                                              <-> Client 0, global : from 10.10% to 10.00%, local : from 0.80% to 95.00%, training time : 8200msec
                                                     Cluster 13, round 1, loss : 4.62, accuracy 10.00% <-
                                                     Time past : 8200msec
                                                     ['0:0.00%', '1:0.00%', '2:0.00%', '3:0.00%', '4:0.00%', '5:0.00%', '6:0.00%', '7:0.00%', '8:0.00%', '9:100.00%']
                                          0msec<-
                                          ->0msec
                                                     -> Cluster 32, loss : 2.42, accuracy 10.10%, model from round 9
                                                     ['0:0.00%', '1:0.00%', '2:0.00%', '3:0.00%', '4:100.00%', '5:0.00%', '6:0.00%', '7:0.00%', '8:1.00%', '9:0.00%']
                                                                                              <-> Client 0, global : from 10.10% to 10.00%, local : from 0.80% to 95.00%, training time : 8200msec
                                                     Cluster 32, round 1, loss : 4.78, accuracy 10.00% <-
                                                     Time past : 8200msec
                                                     ['0:0.00%', '1:100.00%', '2:0.00%', '3:0.00%', '4:0.00%', '5:0.00%', '6:0.00%', '7:0.00%', '8:0.00%', '9:0.00%']
                                          0msec<-
                                          ->0msec
                                                     -> Cluster 93, loss : 2.42, accuracy 10.10%, model from round 9
                                                     ['0:0.00%', '1:0.00%', '2:0.00%', '3:0.00%', '4:100.00%', '5:0.00%', '6:0.00%', '7:0.00%', '8:1.00%', '9:0.00%']
                                                                                              <-> Client 0, global : from 10.10% to 10.00%, local : from 0.60% to 95.19%, training time : 16200msec
                                                     Cluster 93, round 1, loss : 4.35, accuracy 10.00% <-
                                                     Time past : 16200msec
                                                     ['0:100.00%', '1:0.00%', '2:0.00%', '3:0.00%', '4:0.00%', '5:0.00%', '6:0.00%', '7:0.00%', '8:0.00%', '9:0.00%']
                                          0msec<-
                                          ->0msec
                                                     -> Cluster 65, loss : 2.42, accuracy 10.10%, model from round 9
                                                     ['0:0.00%', '1:0.00%', '2:0.00%', '3:0.00%', '4:100.00%', '5:0.00%', '6:0.00%', '7:0.00%', '8:1.00%', '9:0.00%']
                                                                                              <-> Client 0, global : from 10.10% to 10.00%, local : from 0.60% to 95.00%, training time : 16200msec
                                                     Cluster 65, round 1, loss : 3.84, accuracy 10.00% <-
                                                     Time past : 16200msec
                                                     ['0:0.00%', '1:0.00%', '2:0.00%', '3:0.00%', '4:0.00%', '5:0.00%', '6:0.00%', '7:0.00%', '8:100.00%', '9:0.00%']
                                          0msec<-
                                          ->0msec
                                                     -> Cluster 26, loss : 2.42, accuracy 10.10%, model from round 9
                                                     ['0:0.00%', '1:0.00%', '2:0.00%', '3:0.00%', '4:100.00%', '5:0.00%', '6:0.00%', '7:0.00%', '8:1.00%', '9:0.00%']
                                                                                              <-> Client 0, global : from 10.10% to 10.00%, local : from 94.60% to 95.00%, training time : 8200msec
                                                     Cluster 26, round 1, loss : 4.29, accuracy 10.00% <-
                                                     Time past : 8200msec
                                                     ['0:0.00%', '1:0.00%', '2:0.00%', '3:0.00%', '4:100.00%', '5:0.00%', '6:0.00%', '7:0.00%', '8:0.00%', '9:0.00%']
                                          0msec<-
Central server round 9, loss : 2.32, accuracy :15.04%
Time past: 145800msec
['0:0.00%', '1:48.50%', '2:0.10%', '3:0.00%', '4:90.10%', '5:0.00%', '6:0.00%', '7:0.00%', '8:1.40%', '9:10.30%']
                                          ->0msec
                                                     -> Cluster 69, loss : 2.32, accuracy 15.04%, model from round 10
                                                     ['0:0.00%', '1:48.50%', '2:0.10%', '3:0.00%', '4:90.10%', '5:0.00%', '6:0.00%', '7:0.00%', '8:1.40%', '9:10.30%']
                                                                                              <-> Client 0, global : from 15.04% to 10.00%, local : from 2.00% to 95.00%, training time : 16200msec
                                                     Cluster 69, round 1, loss : 4.47, accuracy 10.00% <-
                                                     Time past : 16200msec
                                                     ['0:0.00%', '1:0.00%', '2:0.00%', '3:0.00%', '4:0.00%', '5:0.00%', '6:0.00%', '7:0.00%', '8:100.00%', '9:0.00%']
                                          0msec<-
                                          ->0msec
                                                     -> Cluster 28, loss : 2.32, accuracy 15.04%, model from round 10
                                                     ['0:0.00%', '1:48.50%', '2:0.10%', '3:0.00%', '4:90.10%', '5:0.00%', '6:0.00%', '7:0.00%', '8:1.40%', '9:10.30%']
                                                                                              <-> Client 0, global : from 15.04% to 10.00%, local : from 86.80% to 95.00%, training time : 8200msec
                                                     Cluster 28, round 1, loss : 4.93, accuracy 10.00% <-
                                                     Time past : 8200msec
                                                     ['0:0.00%', '1:0.00%', '2:0.00%', '3:0.00%', '4:100.00%', '5:0.00%', '6:0.00%', '7:0.00%', '8:0.00%', '9:0.00%']
                                          0msec<-
                                          ->0msec
                                                     -> Cluster 80, loss : 2.32, accuracy 15.04%, model from round 10
                                                     ['0:0.00%', '1:48.50%', '2:0.10%', '3:0.00%', '4:90.10%', '5:0.00%', '6:0.00%', '7:0.00%', '8:1.40%', '9:10.30%']
                                                                                              <-> Client 0, global : from 15.04% to 10.00%, local : from 1.20% to 95.00%, training time : 16200msec
                                                     Cluster 80, round 1, loss : 5.27, accuracy 10.00% <-
                                                     Time past : 16200msec
                                                     ['0:0.00%', '1:0.00%', '2:0.00%', '3:0.00%', '4:0.00%', '5:100.00%', '6:0.00%', '7:0.00%', '8:0.00%', '9:0.00%']
                                          0msec<-
                                          ->0msec
                                                     -> Cluster 88, loss : 2.32, accuracy 15.04%, model from round 10
                                                     ['0:0.00%', '1:48.50%', '2:0.10%', '3:0.00%', '4:90.10%', '5:0.00%', '6:0.00%', '7:0.00%', '8:1.40%', '9:10.30%']
                                                                                              <-> Client 0, global : from 15.04% to 10.00%, local : from 0.80% to 95.19%, training time : 16200msec
                                                     Cluster 88, round 1, loss : 4.05, accuracy 10.00% <-
                                                     Time past : 16200msec
                                                     ['0:0.00%', '1:0.00%', '2:0.00%', '3:0.00%', '4:0.00%', '5:100.00%', '6:0.00%', '7:0.00%', '8:0.00%', '9:0.00%']
                                          0msec<-
                                          ->0msec
                                                     -> Cluster 66, loss : 2.32, accuracy 15.04%, model from round 10
                                                     ['0:0.00%', '1:48.50%', '2:0.10%', '3:0.00%', '4:90.10%', '5:0.00%', '6:0.00%', '7:0.00%', '8:1.40%', '9:10.30%']
                                                                                              <-> Client 0, global : from 15.04% to 10.00%, local : from 2.00% to 95.00%, training time : 16200msec
                                                     Cluster 66, round 1, loss : 4.64, accuracy 10.00% <-
                                                     Time past : 16200msec
                                                     ['0:0.00%', '1:0.00%', '2:0.00%', '3:0.00%', '4:0.00%', '5:0.00%', '6:0.00%', '7:0.00%', '8:100.00%', '9:0.00%']
                                          0msec<-
                                          ->0msec
                                                     -> Cluster 57, loss : 2.32, accuracy 15.04%, model from round 10
                                                     ['0:0.00%', '1:48.50%', '2:0.10%', '3:0.00%', '4:90.10%', '5:0.00%', '6:0.00%', '7:0.00%', '8:1.40%', '9:10.30%']
                                                                                              <-> Client 0, global : from 15.04% to 10.00%, local : from 0.80% to 95.00%, training time : 16200msec
                                                     Cluster 57, round 1, loss : 4.68, accuracy 10.00% <-
                                                     Time past : 16200msec
                                                     ['0:0.00%', '1:0.00%', '2:0.00%', '3:0.00%', '4:0.00%', '5:0.00%', '6:0.00%', '7:100.00%', '8:0.00%', '9:0.00%']
                                          0msec<-
                                          ->0msec
                                                     -> Cluster 67, loss : 2.32, accuracy 15.04%, model from round 10
                                                     ['0:0.00%', '1:48.50%', '2:0.10%', '3:0.00%', '4:90.10%', '5:0.00%', '6:0.00%', '7:0.00%', '8:1.40%', '9:10.30%']
                                                                                              <-> Client 0, global : from 15.04% to 10.00%, local : from 0.80% to 95.00%, training time : 16200msec
                                                     Cluster 67, round 1, loss : 4.95, accuracy 10.00% <-
                                                     Time past : 16200msec
                                                     ['0:0.00%', '1:0.00%', '2:0.00%', '3:0.00%', '4:0.00%', '5:0.00%', '6:0.00%', '7:0.00%', '8:100.00%', '9:0.00%']
                                          0msec<-
                                          ->0msec
                                                     -> Cluster 83, loss : 2.32, accuracy 15.04%, model from round 10
                                                     ['0:0.00%', '1:48.50%', '2:0.10%', '3:0.00%', '4:90.10%', '5:0.00%', '6:0.00%', '7:0.00%', '8:1.40%', '9:10.30%']
                                                                                              <-> Client 0, global : from 15.04% to 10.00%, local : from 0.60% to 95.19%, training time : 16200msec
                                                     Cluster 83, round 1, loss : 4.45, accuracy 10.00% <-
                                                     Time past : 16200msec
                                                     ['0:0.00%', '1:0.00%', '2:0.00%', '3:0.00%', '4:0.00%', '5:100.00%', '6:0.00%', '7:0.00%', '8:0.00%', '9:0.00%']
                                          0msec<-
                                          ->0msec
                                                     -> Cluster 3, loss : 2.32, accuracy 15.04%, model from round 10
                                                     ['0:0.00%', '1:48.50%', '2:0.10%', '3:0.00%', '4:90.10%', '5:0.00%', '6:0.00%', '7:0.00%', '8:1.40%', '9:10.30%']
                                                                                              <-> Client 0, global : from 15.04% to 10.00%, local : from 1.00% to 95.00%, training time : 8200msec
                                                     Cluster 3, round 1, loss : 5.25, accuracy 10.00% <-
                                                     Time past : 8200msec
                                                     ['0:0.00%', '1:0.00%', '2:0.00%', '3:0.00%', '4:0.00%', '5:0.00%', '6:100.00%', '7:0.00%', '8:0.00%', '9:0.00%']
                                          0msec<-
                                          ->0msec
                                                     -> Cluster 50, loss : 2.32, accuracy 15.04%, model from round 10
                                                     ['0:0.00%', '1:48.50%', '2:0.10%', '3:0.00%', '4:90.10%', '5:0.00%', '6:0.00%', '7:0.00%', '8:1.40%', '9:10.30%']
                                                                                              <-> Client 0, global : from 15.04% to 10.00%, local : from 0.80% to 94.81%, training time : 16200msec
                                                     Cluster 50, round 1, loss : 4.05, accuracy 10.00% <-
                                                     Time past : 16200msec
                                                     ['0:0.00%', '1:0.00%', '2:0.00%', '3:0.00%', '4:0.00%', '5:0.00%', '6:0.00%', '7:100.00%', '8:0.00%', '9:0.00%']
                                          0msec<-
Central server round 10, loss : 2.38, accuracy :15.62%
Time past: 162000msec
['0:0.00%', '1:0.00%', '2:0.00%', '3:0.00%', '4:0.00%', '5:84.60%', '6:0.00%', '7:0.00%', '8:71.60%', '9:0.00%']
                                          ->0msec
                                                     -> Cluster 39, loss : 2.38, accuracy 15.62%, model from round 11
                                                     ['0:0.00%', '1:0.00%', '2:0.00%', '3:0.00%', '4:0.00%', '5:84.60%', '6:0.00%', '7:0.00%', '8:71.60%', '9:0.00%']
                                                                                              <-> Client 0, global : from 15.62% to 10.00%, local : from 1.00% to 95.00%, training time : 8200msec
                                                     Cluster 39, round 1, loss : 5.02, accuracy 10.00% <-
                                                     Time past : 8200msec
                                                     ['0:0.00%', '1:100.00%', '2:0.00%', '3:0.00%', '4:0.00%', '5:0.00%', '6:0.00%', '7:0.00%', '8:0.00%', '9:0.00%']
                                          0msec<-
                                          ->0msec
                                                     -> Cluster 38, loss : 2.38, accuracy 15.62%, model from round 11
                                                     ['0:0.00%', '1:0.00%', '2:0.00%', '3:0.00%', '4:0.00%', '5:84.60%', '6:0.00%', '7:0.00%', '8:71.60%', '9:0.00%']
                                                                                              <-> Client 0, global : from 15.62% to 10.00%, local : from 1.80% to 95.00%, training time : 8200msec
                                                     Cluster 38, round 1, loss : 4.92, accuracy 10.00% <-
                                                     Time past : 8200msec
                                                     ['0:0.00%', '1:100.00%', '2:0.00%', '3:0.00%', '4:0.00%', '5:0.00%', '6:0.00%', '7:0.00%', '8:0.00%', '9:0.00%']
                                          0msec<-
                                          ->0msec
                                                     -> Cluster 95, loss : 2.38, accuracy 15.62%, model from round 11
                                                     ['0:0.00%', '1:0.00%', '2:0.00%', '3:0.00%', '4:0.00%', '5:84.60%', '6:0.00%', '7:0.00%', '8:71.60%', '9:0.00%']
                                                                                              <-> Client 0, global : from 15.62% to 10.00%, local : from 1.00% to 95.19%, training time : 16200msec
                                                     Cluster 95, round 1, loss : 4.13, accuracy 10.00% <-
                                                     Time past : 16200msec
                                                     ['0:100.00%', '1:0.00%', '2:0.00%', '3:0.00%', '4:0.00%', '5:0.00%', '6:0.00%', '7:0.00%', '8:0.00%', '9:0.00%']
                                          0msec<-
                                          ->0msec
                                                     -> Cluster 20, loss : 2.38, accuracy 15.62%, model from round 11
                                                     ['0:0.00%', '1:0.00%', '2:0.00%', '3:0.00%', '4:0.00%', '5:84.60%', '6:0.00%', '7:0.00%', '8:71.60%', '9:0.00%']
                                                                                              <-> Client 0, global : from 15.62% to 10.00%, local : from 1.60% to 94.81%, training time : 8200msec
                                                     Cluster 20, round 1, loss : 4.85, accuracy 10.00% <-
                                                     Time past : 8200msec
                                                     ['0:0.00%', '1:0.00%', '2:0.00%', '3:0.00%', '4:100.00%', '5:0.00%', '6:0.00%', '7:0.00%', '8:0.00%', '9:0.00%']
                                          0msec<-
                                          ->0msec
                                                     -> Cluster 53, loss : 2.38, accuracy 15.62%, model from round 11
                                                     ['0:0.00%', '1:0.00%', '2:0.00%', '3:0.00%', '4:0.00%', '5:84.60%', '6:0.00%', '7:0.00%', '8:71.60%', '9:0.00%']
                                                                                              <-> Client 0, global : from 15.62% to 10.00%, local : from 1.00% to 95.00%, training time : 16200msec
                                                     Cluster 53, round 1, loss : 5.01, accuracy 10.00% <-
                                                     Time past : 16200msec
                                                     ['0:0.00%', '1:0.00%', '2:0.00%', '3:0.00%', '4:0.00%', '5:0.00%', '6:0.00%', '7:100.00%', '8:0.00%', '9:0.00%']
                                          0msec<-
                                          ->0msec
                                                     -> Cluster 72, loss : 2.38, accuracy 15.62%, model from round 11
                                                     ['0:0.00%', '1:0.00%', '2:0.00%', '3:0.00%', '4:0.00%', '5:84.60%', '6:0.00%', '7:0.00%', '8:71.60%', '9:0.00%']
                                                                                              <-> Client 0, global : from 15.62% to 10.00%, local : from 1.20% to 95.00%, training time : 16200msec
                                                     Cluster 72, round 1, loss : 4.48, accuracy 10.00% <-
                                                     Time past : 16200msec
                                                     ['0:0.00%', '1:0.00%', '2:0.00%', '3:100.00%', '4:0.00%', '5:0.00%', '6:0.00%', '7:0.00%', '8:0.00%', '9:0.00%']
                                          0msec<-
                                          ->0msec
                                                     -> Cluster 32, loss : 2.38, accuracy 15.62%, model from round 11
                                                     ['0:0.00%', '1:0.00%', '2:0.00%', '3:0.00%', '4:0.00%', '5:84.60%', '6:0.00%', '7:0.00%', '8:71.60%', '9:0.00%']
                                                                                              <-> Client 0, global : from 15.62% to 10.00%, local : from 0.40% to 95.00%, training time : 8200msec
                                                     Cluster 32, round 1, loss : 4.96, accuracy 10.00% <-
                                                     Time past : 8200msec
                                                     ['0:0.00%', '1:100.00%', '2:0.00%', '3:0.00%', '4:0.00%', '5:0.00%', '6:0.00%', '7:0.00%', '8:0.00%', '9:0.00%']
                                          0msec<-
                                          ->0msec
                                                     -> Cluster 16, loss : 2.38, accuracy 15.62%, model from round 11
                                                     ['0:0.00%', '1:0.00%', '2:0.00%', '3:0.00%', '4:0.00%', '5:84.60%', '6:0.00%', '7:0.00%', '8:71.60%', '9:0.00%']
                                                                                              <-> Client 0, global : from 15.62% to 10.00%, local : from 1.20% to 95.00%, training time : 8200msec
                                                     Cluster 16, round 1, loss : 4.32, accuracy 10.00% <-
                                                     Time past : 8200msec
                                                     ['0:0.00%', '1:0.00%', '2:0.00%', '3:0.00%', '4:0.00%', '5:0.00%', '6:0.00%', '7:0.00%', '8:0.00%', '9:100.00%']
                                          0msec<-
                                          ->0msec
                                                     -> Cluster 1, loss : 2.38, accuracy 15.62%, model from round 11
                                                     ['0:0.00%', '1:0.00%', '2:0.00%', '3:0.00%', '4:0.00%', '5:84.60%', '6:0.00%', '7:0.00%', '8:71.60%', '9:0.00%']
                                                                                              <-> Client 0, global : from 15.62% to 10.00%, local : from 1.80% to 94.81%, training time : 8200msec
                                                     Cluster 1, round 1, loss : 4.66, accuracy 10.00% <-
                                                     Time past : 8200msec
                                                     ['0:0.00%', '1:0.00%', '2:0.00%', '3:0.00%', '4:0.00%', '5:0.00%', '6:100.00%', '7:0.00%', '8:0.00%', '9:0.00%']
                                          0msec<-
                                          ->0msec
                                                     -> Cluster 71, loss : 2.38, accuracy 15.62%, model from round 11
                                                     ['0:0.00%', '1:0.00%', '2:0.00%', '3:0.00%', '4:0.00%', '5:84.60%', '6:0.00%', '7:0.00%', '8:71.60%', '9:0.00%']
                                                                                              <-> Client 0, global : from 15.62% to 10.00%, local : from 0.80% to 95.00%, training time : 16200msec
                                                     Cluster 71, round 1, loss : 4.63, accuracy 10.00% <-
                                                     Time past : 16200msec
                                                     ['0:0.00%', '1:0.00%', '2:0.00%', '3:100.00%', '4:0.00%', '5:0.00%', '6:0.00%', '7:0.00%', '8:0.00%', '9:0.00%']
                                          0msec<-
Central server round 11, loss : 2.32, accuracy :10.72%
Time past: 178200msec
['0:0.00%', '1:98.30%', '2:0.00%', '3:8.90%', '4:0.00%', '5:0.00%', '6:0.00%', '7:0.00%', '8:0.00%', '9:0.00%']
                                          ->0msec
                                                     -> Cluster 73, loss : 2.32, accuracy 10.72%, model from round 12
                                                     ['0:0.00%', '1:98.30%', '2:0.00%', '3:8.90%', '4:0.00%', '5:0.00%', '6:0.00%', '7:0.00%', '8:0.00%', '9:0.00%']
                                                                                              <-> Client 0, global : from 10.72% to 10.00%, local : from 8.60% to 95.00%, training time : 16200msec
                                                     Cluster 73, round 1, loss : 4.98, accuracy 10.00% <-
                                                     Time past : 16200msec
                                                     ['0:0.00%', '1:0.00%', '2:0.00%', '3:100.00%', '4:0.00%', '5:0.00%', '6:0.00%', '7:0.00%', '8:0.00%', '9:0.00%']
                                          0msec<-
                                          ->0msec
                                                     -> Cluster 86, loss : 2.32, accuracy 10.72%, model from round 12
                                                     ['0:0.00%', '1:98.30%', '2:0.00%', '3:8.90%', '4:0.00%', '5:0.00%', '6:0.00%', '7:0.00%', '8:0.00%', '9:0.00%']
                                                                                              <-> Client 0, global : from 10.72% to 10.00%, local : from 0.40% to 95.19%, training time : 16200msec
                                                     Cluster 86, round 1, loss : 5.34, accuracy 10.00% <-
                                                     Time past : 16200msec
                                                     ['0:0.00%', '1:0.00%', '2:0.00%', '3:0.00%', '4:0.00%', '5:100.00%', '6:0.00%', '7:0.00%', '8:0.00%', '9:0.00%']
                                          0msec<-
                                          ->0msec
                                                     -> Cluster 55, loss : 2.32, accuracy 10.72%, model from round 12
                                                     ['0:0.00%', '1:98.30%', '2:0.00%', '3:8.90%', '4:0.00%', '5:0.00%', '6:0.00%', '7:0.00%', '8:0.00%', '9:0.00%']
                                                                                              <-> Client 0, global : from 10.72% to 10.00%, local : from 1.00% to 95.00%, training time : 16200msec
                                                     Cluster 55, round 1, loss : 4.44, accuracy 10.00% <-
                                                     Time past : 16200msec
                                                     ['0:0.00%', '1:0.00%', '2:0.00%', '3:0.00%', '4:0.00%', '5:0.00%', '6:0.00%', '7:100.00%', '8:0.00%', '9:0.00%']
                                          0msec<-
                                          ->0msec
                                                     -> Cluster 75, loss : 2.32, accuracy 10.72%, model from round 12
                                                     ['0:0.00%', '1:98.30%', '2:0.00%', '3:8.90%', '4:0.00%', '5:0.00%', '6:0.00%', '7:0.00%', '8:0.00%', '9:0.00%']
                                                                                              <-> Client 0, global : from 10.72% to 10.00%, local : from 8.40% to 95.00%, training time : 16200msec
                                                     Cluster 75, round 1, loss : 5.22, accuracy 10.00% <-
                                                     Time past : 16200msec
                                                     ['0:0.00%', '1:0.00%', '2:0.00%', '3:100.00%', '4:0.00%', '5:0.00%', '6:0.00%', '7:0.00%', '8:0.00%', '9:0.00%']
                                          0msec<-
                                          ->0msec
                                                     -> Cluster 24, loss : 2.32, accuracy 10.72%, model from round 12
                                                     ['0:0.00%', '1:98.30%', '2:0.00%', '3:8.90%', '4:0.00%', '5:0.00%', '6:0.00%', '7:0.00%', '8:0.00%', '9:0.00%']
                                                                                              <-> Client 0, global : from 10.72% to 10.00%, local : from 1.00% to 95.00%, training time : 8200msec
                                                     Cluster 24, round 1, loss : 4.86, accuracy 10.00% <-
                                                     Time past : 8200msec
                                                     ['0:0.00%', '1:0.00%', '2:0.00%', '3:0.00%', '4:100.00%', '5:0.00%', '6:0.00%', '7:0.00%', '8:0.00%', '9:0.00%']
                                          0msec<-
                                          ->0msec
                                                     -> Cluster 63, loss : 2.32, accuracy 10.72%, model from round 12
                                                     ['0:0.00%', '1:98.30%', '2:0.00%', '3:8.90%', '4:0.00%', '5:0.00%', '6:0.00%', '7:0.00%', '8:0.00%', '9:0.00%']
                                                                                              <-> Client 0, global : from 10.72% to 10.00%, local : from 0.40% to 95.00%, training time : 16200msec
                                                     Cluster 63, round 1, loss : 5.01, accuracy 10.00% <-
                                                     Time past : 16200msec
                                                     ['0:0.00%', '1:0.00%', '2:0.00%', '3:0.00%', '4:0.00%', '5:0.00%', '6:0.00%', '7:0.00%', '8:100.00%', '9:0.00%']
                                          0msec<-
                                          ->0msec
                                                     -> Cluster 13, loss : 2.32, accuracy 10.72%, model from round 12
                                                     ['0:0.00%', '1:98.30%', '2:0.00%', '3:8.90%', '4:0.00%', '5:0.00%', '6:0.00%', '7:0.00%', '8:0.00%', '9:0.00%']
                                                                                              <-> Client 0, global : from 10.72% to 10.00%, local : from 0.40% to 95.00%, training time : 8200msec
                                                     Cluster 13, round 1, loss : 3.99, accuracy 10.00% <-
                                                     Time past : 8200msec
                                                     ['0:0.00%', '1:0.00%', '2:0.00%', '3:0.00%', '4:0.00%', '5:0.00%', '6:0.00%', '7:0.00%', '8:0.00%', '9:100.00%']
                                          0msec<-
                                          ->0msec
                                                     -> Cluster 85, loss : 2.32, accuracy 10.72%, model from round 12
                                                     ['0:0.00%', '1:98.30%', '2:0.00%', '3:8.90%', '4:0.00%', '5:0.00%', '6:0.00%', '7:0.00%', '8:0.00%', '9:0.00%']
                                                                                              <-> Client 0, global : from 10.72% to 10.00%, local : from 0.40% to 95.19%, training time : 16200msec
                                                     Cluster 85, round 1, loss : 5.44, accuracy 10.00% <-
                                                     Time past : 16200msec
                                                     ['0:0.00%', '1:0.00%', '2:0.00%', '3:0.00%', '4:0.00%', '5:100.00%', '6:0.00%', '7:0.00%', '8:0.00%', '9:0.00%']
                                          0msec<-
                                          ->0msec
                                                     -> Cluster 49, loss : 2.32, accuracy 10.72%, model from round 12
                                                     ['0:0.00%', '1:98.30%', '2:0.00%', '3:8.90%', '4:0.00%', '5:0.00%', '6:0.00%', '7:0.00%', '8:0.00%', '9:0.00%']
                                                                                              <-> Client 0, global : from 10.72% to 10.00%, local : from 0.40% to 95.00%, training time : 8200msec
                                                     Cluster 49, round 1, loss : 4.74, accuracy 10.00% <-
                                                     Time past : 8200msec
                                                     ['0:0.00%', '1:0.00%', '2:100.00%', '3:0.00%', '4:0.00%', '5:0.00%', '6:0.00%', '7:0.00%', '8:0.00%', '9:0.00%']
                                          0msec<-
                                          ->0msec
                                                     -> Cluster 37, loss : 2.32, accuracy 10.72%, model from round 12
                                                     ['0:0.00%', '1:98.30%', '2:0.00%', '3:8.90%', '4:0.00%', '5:0.00%', '6:0.00%', '7:0.00%', '8:0.00%', '9:0.00%']
                                                                                              <-> Client 0, global : from 10.72% to 10.00%, local : from 93.60% to 95.00%, training time : 8200msec
                                                     Cluster 37, round 1, loss : 4.96, accuracy 10.00% <-
                                                     Time past : 8200msec
                                                     ['0:0.00%', '1:100.00%', '2:0.00%', '3:0.00%', '4:0.00%', '5:0.00%', '6:0.00%', '7:0.00%', '8:0.00%', '9:0.00%']
                                          0msec<-
Central server round 12, loss : 2.29, accuracy :14.85%
Time past: 194400msec
['0:0.00%', '1:0.00%', '2:0.00%', '3:7.40%', '4:0.00%', '5:92.90%', '6:0.00%', '7:0.00%', '8:18.40%', '9:29.80%']
                                          ->0msec
                                                     -> Cluster 43, loss : 2.29, accuracy 14.85%, model from round 13
                                                     ['0:0.00%', '1:0.00%', '2:0.00%', '3:7.40%', '4:0.00%', '5:92.90%', '6:0.00%', '7:0.00%', '8:18.40%', '9:29.80%']
                                                                                              <-> Client 0, global : from 14.85% to 10.00%, local : from 1.00% to 95.00%, training time : 8200msec
                                                     Cluster 43, round 1, loss : 5.02, accuracy 10.00% <-
                                                     Time past : 8200msec
                                                     ['0:0.00%', '1:0.00%', '2:100.00%', '3:0.00%', '4:0.00%', '5:0.00%', '6:0.00%', '7:0.00%', '8:0.00%', '9:0.00%']
                                          0msec<-
                                          ->0msec
                                                     -> Cluster 54, loss : 2.29, accuracy 14.85%, model from round 13
                                                     ['0:0.00%', '1:0.00%', '2:0.00%', '3:7.40%', '4:0.00%', '5:92.90%', '6:0.00%', '7:0.00%', '8:18.40%', '9:29.80%']
                                                                                              <-> Client 0, global : from 14.85% to 10.00%, local : from 1.00% to 95.00%, training time : 16200msec
                                                     Cluster 54, round 1, loss : 4.65, accuracy 10.00% <-
                                                     Time past : 16200msec
                                                     ['0:0.00%', '1:0.00%', '2:0.00%', '3:0.00%', '4:0.00%', '5:0.00%', '6:0.00%', '7:100.00%', '8:0.00%', '9:0.00%']
                                          0msec<-
                                          ->0msec
                                                     -> Cluster 27, loss : 2.29, accuracy 14.85%, model from round 13
                                                     ['0:0.00%', '1:0.00%', '2:0.00%', '3:7.40%', '4:0.00%', '5:92.90%', '6:0.00%', '7:0.00%', '8:18.40%', '9:29.80%']
                                                                                              <-> Client 0, global : from 14.85% to 10.00%, local : from 1.00% to 95.00%, training time : 8200msec
                                                     Cluster 27, round 1, loss : 4.87, accuracy 10.00% <-
                                                     Time past : 8200msec
                                                     ['0:0.00%', '1:0.00%', '2:0.00%', '3:0.00%', '4:100.00%', '5:0.00%', '6:0.00%', '7:0.00%', '8:0.00%', '9:0.00%']
                                          0msec<-
                                          ->0msec
                                                     -> Cluster 34, loss : 2.29, accuracy 14.85%, model from round 13
                                                     ['0:0.00%', '1:0.00%', '2:0.00%', '3:7.40%', '4:0.00%', '5:92.90%', '6:0.00%', '7:0.00%', '8:18.40%', '9:29.80%']
                                                                                              <-> Client 0, global : from 14.85% to 10.00%, local : from 0.60% to 95.00%, training time : 8200msec
                                                     Cluster 34, round 1, loss : 5.27, accuracy 10.00% <-
                                                     Time past : 8200msec
                                                     ['0:0.00%', '1:100.00%', '2:0.00%', '3:0.00%', '4:0.00%', '5:0.00%', '6:0.00%', '7:0.00%', '8:0.00%', '9:0.00%']
                                          0msec<-
                                          ->0msec
                                                     -> Cluster 86, loss : 2.29, accuracy 14.85%, model from round 13
                                                     ['0:0.00%', '1:0.00%', '2:0.00%', '3:7.40%', '4:0.00%', '5:92.90%', '6:0.00%', '7:0.00%', '8:18.40%', '9:29.80%']
                                                                                              <-> Client 0, global : from 14.85% to 10.00%, local : from 87.98% to 95.19%, training time : 16200msec
                                                     Cluster 86, round 1, loss : 5.39, accuracy 10.00% <-
                                                     Time past : 16200msec
                                                     ['0:0.00%', '1:0.00%', '2:0.00%', '3:0.00%', '4:0.00%', '5:100.00%', '6:0.00%', '7:0.00%', '8:0.00%', '9:0.00%']
                                          0msec<-
                                          ->0msec
                                                     -> Cluster 12, loss : 2.29, accuracy 14.85%, model from round 13
                                                     ['0:0.00%', '1:0.00%', '2:0.00%', '3:7.40%', '4:0.00%', '5:92.90%', '6:0.00%', '7:0.00%', '8:18.40%', '9:29.80%']
                                                                                              <-> Client 0, global : from 14.85% to 10.00%, local : from 29.00% to 95.00%, training time : 8200msec
                                                     Cluster 12, round 1, loss : 4.55, accuracy 10.00% <-
                                                     Time past : 8200msec
                                                     ['0:0.00%', '1:0.00%', '2:0.00%', '3:0.00%', '4:0.00%', '5:0.00%', '6:0.00%', '7:0.00%', '8:0.00%', '9:100.00%']
                                          0msec<-
                                          ->0msec
                                                     -> Cluster 48, loss : 2.29, accuracy 14.85%, model from round 13
                                                     ['0:0.00%', '1:0.00%', '2:0.00%', '3:7.40%', '4:0.00%', '5:92.90%', '6:0.00%', '7:0.00%', '8:18.40%', '9:29.80%']
                                                                                              <-> Client 0, global : from 14.85% to 10.00%, local : from 1.40% to 95.00%, training time : 8200msec
                                                     Cluster 48, round 1, loss : 4.87, accuracy 10.00% <-
                                                     Time past : 8200msec
                                                     ['0:0.00%', '1:0.00%', '2:100.00%', '3:0.00%', '4:0.00%', '5:0.00%', '6:0.00%', '7:0.00%', '8:0.00%', '9:0.00%']
                                          0msec<-
                                          ->0msec
                                                     -> Cluster 70, loss : 2.29, accuracy 14.85%, model from round 13
                                                     ['0:0.00%', '1:0.00%', '2:0.00%', '3:7.40%', '4:0.00%', '5:92.90%', '6:0.00%', '7:0.00%', '8:18.40%', '9:29.80%']
                                                                                              <-> Client 0, global : from 14.85% to 10.00%, local : from 5.60% to 95.00%, training time : 16200msec
                                                     Cluster 70, round 1, loss : 4.24, accuracy 10.00% <-
                                                     Time past : 16200msec
                                                     ['0:0.00%', '1:0.00%', '2:0.00%', '3:100.00%', '4:0.00%', '5:0.00%', '6:0.00%', '7:0.00%', '8:0.00%', '9:0.00%']
                                          0msec<-
                                          ->0msec
                                                     -> Cluster 44, loss : 2.29, accuracy 14.85%, model from round 13
                                                     ['0:0.00%', '1:0.00%', '2:0.00%', '3:7.40%', '4:0.00%', '5:92.90%', '6:0.00%', '7:0.00%', '8:18.40%', '9:29.80%']
                                                                                              <-> Client 0, global : from 14.85% to 10.00%, local : from 0.40% to 95.00%, training time : 8200msec
                                                     Cluster 44, round 1, loss : 4.68, accuracy 10.00% <-
                                                     Time past : 8200msec
                                                     ['0:0.00%', '1:0.00%', '2:100.00%', '3:0.00%', '4:0.00%', '5:0.00%', '6:0.00%', '7:0.00%', '8:0.00%', '9:0.00%']
                                          0msec<-
                                          ->0msec
                                                     -> Cluster 87, loss : 2.29, accuracy 14.85%, model from round 13
                                                     ['0:0.00%', '1:0.00%', '2:0.00%', '3:7.40%', '4:0.00%', '5:92.90%', '6:0.00%', '7:0.00%', '8:18.40%', '9:29.80%']
                                                                                              <-> Client 0, global : from 14.85% to 10.00%, local : from 88.78% to 95.19%, training time : 16200msec
                                                     Cluster 87, round 1, loss : 4.22, accuracy 10.00% <-
                                                     Time past : 16200msec
                                                     ['0:0.00%', '1:0.00%', '2:0.00%', '3:0.00%', '4:0.00%', '5:100.00%', '6:0.00%', '7:0.00%', '8:0.00%', '9:0.00%']
                                          0msec<-
Central server round 13, loss : 2.35, accuracy :10.48%
Time past: 210600msec
['0:0.00%', '1:0.00%', '2:99.10%', '3:0.00%', '4:0.00%', '5:5.30%', '6:0.00%', '7:0.00%', '8:0.10%', '9:0.30%']
                                          ->0msec
                                                     -> Cluster 97, loss : 2.35, accuracy 10.48%, model from round 14
                                                     ['0:0.00%', '1:0.00%', '2:99.10%', '3:0.00%', '4:0.00%', '5:5.30%', '6:0.00%', '7:0.00%', '8:0.10%', '9:0.30%']
                                                                                              <-> Client 0, global : from 10.48% to 10.00%, local : from 0.60% to 95.19%, training time : 16200msec
                                                     Cluster 97, round 1, loss : 4.13, accuracy 10.00% <-
                                                     Time past : 16200msec
                                                     ['0:100.00%', '1:0.00%', '2:0.00%', '3:0.00%', '4:0.00%', '5:0.00%', '6:0.00%', '7:0.00%', '8:0.00%', '9:0.00%']
                                          0msec<-
                                          ->0msec
                                                     -> Cluster 42, loss : 2.35, accuracy 10.48%, model from round 14
                                                     ['0:0.00%', '1:0.00%', '2:99.10%', '3:0.00%', '4:0.00%', '5:5.30%', '6:0.00%', '7:0.00%', '8:0.10%', '9:0.30%']
                                                                                              <-> Client 0, global : from 10.48% to 10.00%, local : from 94.00% to 95.00%, training time : 8200msec
                                                     Cluster 42, round 1, loss : 5.14, accuracy 10.00% <-
                                                     Time past : 8200msec
                                                     ['0:0.00%', '1:0.00%', '2:100.00%', '3:0.00%', '4:0.00%', '5:0.00%', '6:0.00%', '7:0.00%', '8:0.00%', '9:0.00%']
                                          0msec<-
                                          ->0msec
                                                     -> Cluster 76, loss : 2.35, accuracy 10.48%, model from round 14
                                                     ['0:0.00%', '1:0.00%', '2:99.10%', '3:0.00%', '4:0.00%', '5:5.30%', '6:0.00%', '7:0.00%', '8:0.10%', '9:0.30%']
                                                                                              <-> Client 0, global : from 10.48% to 10.00%, local : from 0.40% to 95.00%, training time : 16200msec
                                                     Cluster 76, round 1, loss : 4.34, accuracy 10.00% <-
                                                     Time past : 16200msec
                                                     ['0:0.00%', '1:0.00%', '2:0.00%', '3:100.00%', '4:0.00%', '5:0.00%', '6:0.00%', '7:0.00%', '8:0.00%', '9:0.00%']
                                          0msec<-
                                          ->0msec
                                                     -> Cluster 64, loss : 2.35, accuracy 10.48%, model from round 14
                                                     ['0:0.00%', '1:0.00%', '2:99.10%', '3:0.00%', '4:0.00%', '5:5.30%', '6:0.00%', '7:0.00%', '8:0.10%', '9:0.30%']
                                                                                              <-> Client 0, global : from 10.48% to 10.00%, local : from 1.00% to 95.00%, training time : 16200msec
                                                     Cluster 64, round 1, loss : 4.54, accuracy 10.00% <-
                                                     Time past : 16200msec
                                                     ['0:0.00%', '1:0.00%', '2:0.00%', '3:0.00%', '4:0.00%', '5:0.00%', '6:0.00%', '7:0.00%', '8:100.00%', '9:0.00%']
                                          0msec<-
                                          ->0msec
                                                     -> Cluster 32, loss : 2.35, accuracy 10.48%, model from round 14
                                                     ['0:0.00%', '1:0.00%', '2:99.10%', '3:0.00%', '4:0.00%', '5:5.30%', '6:0.00%', '7:0.00%', '8:0.10%', '9:0.30%']
                                                                                              <-> Client 0, global : from 10.48% to 10.00%, local : from 1.00% to 95.00%, training time : 8200msec
                                                     Cluster 32, round 1, loss : 4.97, accuracy 10.00% <-
                                                     Time past : 8200msec
                                                     ['0:0.00%', '1:100.00%', '2:0.00%', '3:0.00%', '4:0.00%', '5:0.00%', '6:0.00%', '7:0.00%', '8:0.00%', '9:0.00%']
                                          0msec<-
                                          ->0msec
                                                     -> Cluster 47, loss : 2.35, accuracy 10.48%, model from round 14
                                                     ['0:0.00%', '1:0.00%', '2:99.10%', '3:0.00%', '4:0.00%', '5:5.30%', '6:0.00%', '7:0.00%', '8:0.10%', '9:0.30%']
                                                                                              <-> Client 0, global : from 10.48% to 10.00%, local : from 94.60% to 95.00%, training time : 8200msec
                                                     Cluster 47, round 1, loss : 5.33, accuracy 10.00% <-
                                                     Time past : 8200msec
                                                     ['0:0.00%', '1:0.00%', '2:100.00%', '3:0.00%', '4:0.00%', '5:0.00%', '6:0.00%', '7:0.00%', '8:0.00%', '9:0.00%']
                                          0msec<-
                                          ->0msec
                                                     -> Cluster 43, loss : 2.35, accuracy 10.48%, model from round 14
                                                     ['0:0.00%', '1:0.00%', '2:99.10%', '3:0.00%', '4:0.00%', '5:5.30%', '6:0.00%', '7:0.00%', '8:0.10%', '9:0.30%']
                                                                                              <-> Client 0, global : from 10.48% to 10.00%, local : from 94.00% to 95.00%, training time : 8200msec
                                                     Cluster 43, round 1, loss : 4.47, accuracy 10.00% <-
                                                     Time past : 8200msec
                                                     ['0:0.00%', '1:0.00%', '2:100.00%', '3:0.00%', '4:0.00%', '5:0.00%', '6:0.00%', '7:0.00%', '8:0.00%', '9:0.00%']
                                          0msec<-
                                          ->0msec
                                                     -> Cluster 14, loss : 2.35, accuracy 10.48%, model from round 14
                                                     ['0:0.00%', '1:0.00%', '2:99.10%', '3:0.00%', '4:0.00%', '5:5.30%', '6:0.00%', '7:0.00%', '8:0.10%', '9:0.30%']
                                                                                              <-> Client 0, global : from 10.48% to 10.00%, local : from 1.80% to 95.00%, training time : 8200msec
                                                     Cluster 14, round 1, loss : 4.41, accuracy 10.00% <-
                                                     Time past : 8200msec
                                                     ['0:0.00%', '1:0.00%', '2:0.00%', '3:0.00%', '4:0.00%', '5:0.00%', '6:0.00%', '7:0.00%', '8:0.00%', '9:100.00%']
                                          0msec<-
                                          ->0msec
                                                     -> Cluster 37, loss : 2.35, accuracy 10.48%, model from round 14
                                                     ['0:0.00%', '1:0.00%', '2:99.10%', '3:0.00%', '4:0.00%', '5:5.30%', '6:0.00%', '7:0.00%', '8:0.10%', '9:0.30%']
                                                                                              <-> Client 0, global : from 10.48% to 10.00%, local : from 0.60% to 95.00%, training time : 8200msec
                                                     Cluster 37, round 1, loss : 4.62, accuracy 10.00% <-
                                                     Time past : 8200msec
                                                     ['0:0.00%', '1:100.00%', '2:0.00%', '3:0.00%', '4:0.00%', '5:0.00%', '6:0.00%', '7:0.00%', '8:0.00%', '9:0.00%']
                                          0msec<-
                                          ->0msec
                                                     -> Cluster 30, loss : 2.35, accuracy 10.48%, model from round 14
                                                     ['0:0.00%', '1:0.00%', '2:99.10%', '3:0.00%', '4:0.00%', '5:5.30%', '6:0.00%', '7:0.00%', '8:0.10%', '9:0.30%']
                                                                                              <-> Client 0, global : from 10.48% to 10.00%, local : from 0.20% to 94.81%, training time : 8200msec
                                                     Cluster 30, round 1, loss : 4.20, accuracy 10.00% <-
                                                     Time past : 8200msec
                                                     ['0:0.00%', '1:100.00%', '2:0.00%', '3:0.00%', '4:0.00%', '5:0.00%', '6:0.00%', '7:0.00%', '8:0.00%', '9:0.00%']
                                          0msec<-
Central server round 14, loss : 2.41, accuracy :14.79%
Time past: 226800msec
['0:0.00%', '1:61.20%', '2:84.80%', '3:0.00%', '4:0.00%', '5:0.00%', '6:0.00%', '7:0.00%', '8:1.90%', '9:0.00%']
                                          ->0msec
                                                     -> Cluster 43, loss : 2.41, accuracy 14.79%, model from round 15
                                                     ['0:0.00%', '1:61.20%', '2:84.80%', '3:0.00%', '4:0.00%', '5:0.00%', '6:0.00%', '7:0.00%', '8:1.90%', '9:0.00%']
                                                                                              <-> Client 0, global : from 14.79% to 10.00%, local : from 83.20% to 95.00%, training time : 8200msec
                                                     Cluster 43, round 1, loss : 4.78, accuracy 10.00% <-
                                                     Time past : 8200msec
                                                     ['0:0.00%', '1:0.00%', '2:100.00%', '3:0.00%', '4:0.00%', '5:0.00%', '6:0.00%', '7:0.00%', '8:0.00%', '9:0.00%']
                                          0msec<-
                                          ->0msec
                                                     -> Cluster 14, loss : 2.41, accuracy 14.79%, model from round 15
                                                     ['0:0.00%', '1:61.20%', '2:84.80%', '3:0.00%', '4:0.00%', '5:0.00%', '6:0.00%', '7:0.00%', '8:1.90%', '9:0.00%']
                                                                                              <-> Client 0, global : from 14.79% to 10.00%, local : from 0.60% to 95.00%, training time : 8200msec
                                                     Cluster 14, round 1, loss : 4.26, accuracy 10.00% <-
                                                     Time past : 8200msec
                                                     ['0:0.00%', '1:0.00%', '2:0.00%', '3:0.00%', '4:0.00%', '5:0.00%', '6:0.00%', '7:0.00%', '8:0.00%', '9:100.00%']
                                          0msec<-
                                          ->0msec
                                                     -> Cluster 78, loss : 2.41, accuracy 14.79%, model from round 15
                                                     ['0:0.00%', '1:61.20%', '2:84.80%', '3:0.00%', '4:0.00%', '5:0.00%', '6:0.00%', '7:0.00%', '8:1.90%', '9:0.00%']
                                                                                              <-> Client 0, global : from 14.79% to 10.00%, local : from 0.40% to 95.00%, training time : 16200msec
                                                     Cluster 78, round 1, loss : 4.42, accuracy 10.00% <-
                                                     Time past : 16200msec
                                                     ['0:0.00%', '1:0.00%', '2:0.00%', '3:100.00%', '4:0.00%', '5:0.00%', '6:0.00%', '7:0.00%', '8:0.00%', '9:0.00%']
                                          0msec<-
                                          ->0msec
                                                     -> Cluster 75, loss : 2.41, accuracy 14.79%, model from round 15
                                                     ['0:0.00%', '1:61.20%', '2:84.80%', '3:0.00%', '4:0.00%', '5:0.00%', '6:0.00%', '7:0.00%', '8:1.90%', '9:0.00%']
                                                                                              <-> Client 0, global : from 14.79% to 10.00%, local : from 1.40% to 95.00%, training time : 16200msec
                                                     Cluster 75, round 1, loss : 4.74, accuracy 10.00% <-
                                                     Time past : 16200msec
                                                     ['0:0.00%', '1:0.00%', '2:0.00%', '3:100.00%', '4:0.00%', '5:0.00%', '6:0.00%', '7:0.00%', '8:0.00%', '9:0.00%']
                                          0msec<-
                                          ->0msec
                                                     -> Cluster 48, loss : 2.41, accuracy 14.79%, model from round 15
                                                     ['0:0.00%', '1:61.20%', '2:84.80%', '3:0.00%', '4:0.00%', '5:0.00%', '6:0.00%', '7:0.00%', '8:1.90%', '9:0.00%']
                                                                                              <-> Client 0, global : from 14.79% to 10.00%, local : from 80.00% to 95.00%, training time : 8200msec
                                                     Cluster 48, round 1, loss : 4.69, accuracy 10.00% <-
                                                     Time past : 8200msec
                                                     ['0:0.00%', '1:0.00%', '2:100.00%', '3:0.00%', '4:0.00%', '5:0.00%', '6:0.00%', '7:0.00%', '8:0.00%', '9:0.00%']
                                          0msec<-
                                          ->0msec
                                                     -> Cluster 9, loss : 2.41, accuracy 14.79%, model from round 15
                                                     ['0:0.00%', '1:61.20%', '2:84.80%', '3:0.00%', '4:0.00%', '5:0.00%', '6:0.00%', '7:0.00%', '8:1.90%', '9:0.00%']
                                                                                              <-> Client 0, global : from 14.79% to 10.00%, local : from 0.40% to 95.00%, training time : 8200msec
                                                     Cluster 9, round 1, loss : 4.21, accuracy 10.00% <-
                                                     Time past : 8200msec
                                                     ['0:0.00%', '1:0.00%', '2:0.00%', '3:0.00%', '4:0.00%', '5:0.00%', '6:100.00%', '7:0.00%', '8:0.00%', '9:0.00%']
                                          0msec<-
                                          ->0msec
                                                     -> Cluster 73, loss : 2.41, accuracy 14.79%, model from round 15
                                                     ['0:0.00%', '1:61.20%', '2:84.80%', '3:0.00%', '4:0.00%', '5:0.00%', '6:0.00%', '7:0.00%', '8:1.90%', '9:0.00%']
                                                                                              <-> Client 0, global : from 14.79% to 10.00%, local : from 1.00% to 95.00%, training time : 16200msec
                                                     Cluster 73, round 1, loss : 5.18, accuracy 10.00% <-
                                                     Time past : 16200msec
                                                     ['0:0.00%', '1:0.00%', '2:0.00%', '3:100.00%', '4:0.00%', '5:0.00%', '6:0.00%', '7:0.00%', '8:0.00%', '9:0.00%']
                                          0msec<-
                                          ->0msec
                                                     -> Cluster 70, loss : 2.41, accuracy 14.79%, model from round 15
                                                     ['0:0.00%', '1:61.20%', '2:84.80%', '3:0.00%', '4:0.00%', '5:0.00%', '6:0.00%', '7:0.00%', '8:1.90%', '9:0.00%']
                                                                                              <-> Client 0, global : from 14.79% to 10.00%, local : from 1.60% to 95.00%, training time : 16200msec
                                                     Cluster 70, round 1, loss : 5.05, accuracy 10.00% <-
                                                     Time past : 16200msec
                                                     ['0:0.00%', '1:0.00%', '2:0.00%', '3:100.00%', '4:0.00%', '5:0.00%', '6:0.00%', '7:0.00%', '8:0.00%', '9:0.00%']
                                          0msec<-
                                          ->0msec
                                                     -> Cluster 28, loss : 2.41, accuracy 14.79%, model from round 15
                                                     ['0:0.00%', '1:61.20%', '2:84.80%', '3:0.00%', '4:0.00%', '5:0.00%', '6:0.00%', '7:0.00%', '8:1.90%', '9:0.00%']
                                                                                              <-> Client 0, global : from 14.79% to 10.00%, local : from 0.60% to 95.00%, training time : 8200msec
                                                     Cluster 28, round 1, loss : 4.62, accuracy 10.00% <-
                                                     Time past : 8200msec
                                                     ['0:0.00%', '1:0.00%', '2:0.00%', '3:0.00%', '4:100.00%', '5:0.00%', '6:0.00%', '7:0.00%', '8:0.00%', '9:0.00%']
                                          0msec<-
                                          ->0msec
                                                     -> Cluster 72, loss : 2.41, accuracy 14.79%, model from round 15
                                                     ['0:0.00%', '1:61.20%', '2:84.80%', '3:0.00%', '4:0.00%', '5:0.00%', '6:0.00%', '7:0.00%', '8:1.90%', '9:0.00%']
                                                                                              <-> Client 0, global : from 14.79% to 10.00%, local : from 0.60% to 95.00%, training time : 16200msec
                                                     Cluster 72, round 1, loss : 4.29, accuracy 10.00% <-
                                                     Time past : 16200msec
                                                     ['0:0.00%', '1:0.00%', '2:0.00%', '3:100.00%', '4:0.00%', '5:0.00%', '6:0.00%', '7:0.00%', '8:0.00%', '9:0.00%']
                                          0msec<-
Central server round 15, loss : 2.70, accuracy :10.11%
Time past: 243000msec
['0:0.00%', '1:0.00%', '2:0.00%', '3:100.00%', '4:0.00%', '5:0.00%', '6:0.00%', '7:0.00%', '8:0.30%', '9:0.80%']
                                          ->0msec
                                                     -> Cluster 1, loss : 2.70, accuracy 10.11%, model from round 16
                                                     ['0:0.00%', '1:0.00%', '2:0.00%', '3:100.00%', '4:0.00%', '5:0.00%', '6:0.00%', '7:0.00%', '8:0.30%', '9:0.80%']
                                                                                              <-> Client 0, global : from 10.11% to 10.00%, local : from 0.60% to 94.81%, training time : 8200msec
                                                     Cluster 1, round 1, loss : 4.84, accuracy 10.00% <-
                                                     Time past : 8200msec
                                                     ['0:0.00%', '1:0.00%', '2:0.00%', '3:0.00%', '4:0.00%', '5:0.00%', '6:100.00%', '7:0.00%', '8:0.00%', '9:0.00%']
                                          0msec<-
                                          ->0msec
                                                     -> Cluster 78, loss : 2.70, accuracy 10.11%, model from round 16
                                                     ['0:0.00%', '1:0.00%', '2:0.00%', '3:100.00%', '4:0.00%', '5:0.00%', '6:0.00%', '7:0.00%', '8:0.30%', '9:0.80%']
                                                                                              <-> Client 0, global : from 10.11% to 10.00%, local : from 94.80% to 95.00%, training time : 16200msec
                                                     Cluster 78, round 1, loss : 3.76, accuracy 10.00% <-
                                                     Time past : 16200msec
                                                     ['0:0.00%', '1:0.00%', '2:0.00%', '3:100.00%', '4:0.00%', '5:0.00%', '6:0.00%', '7:0.00%', '8:0.00%', '9:0.00%']
                                          0msec<-
                                          ->0msec
                                                     -> Cluster 85, loss : 2.70, accuracy 10.11%, model from round 16
                                                     ['0:0.00%', '1:0.00%', '2:0.00%', '3:100.00%', '4:0.00%', '5:0.00%', '6:0.00%', '7:0.00%', '8:0.30%', '9:0.80%']
                                                                                              <-> Client 0, global : from 10.11% to 10.00%, local : from 0.40% to 95.19%, training time : 16200msec
                                                     Cluster 85, round 1, loss : 4.80, accuracy 10.00% <-
                                                     Time past : 16200msec
                                                     ['0:0.00%', '1:0.00%', '2:0.00%', '3:0.00%', '4:0.00%', '5:100.00%', '6:0.00%', '7:0.00%', '8:0.00%', '9:0.00%']
                                          0msec<-
                                          ->0msec
                                                     -> Cluster 11, loss : 2.70, accuracy 10.11%, model from round 16
                                                     ['0:0.00%', '1:0.00%', '2:0.00%', '3:100.00%', '4:0.00%', '5:0.00%', '6:0.00%', '7:0.00%', '8:0.30%', '9:0.80%']
                                                                                              <-> Client 0, global : from 10.11% to 10.00%, local : from 2.00% to 94.81%, training time : 8200msec
                                                     Cluster 11, round 1, loss : 4.41, accuracy 10.00% <-
                                                     Time past : 8200msec
                                                     ['0:0.00%', '1:0.00%', '2:0.00%', '3:0.00%', '4:0.00%', '5:0.00%', '6:0.00%', '7:0.00%', '8:0.00%', '9:100.00%']
                                          0msec<-
                                          ->0msec
                                                     -> Cluster 52, loss : 2.70, accuracy 10.11%, model from round 16
                                                     ['0:0.00%', '1:0.00%', '2:0.00%', '3:100.00%', '4:0.00%', '5:0.00%', '6:0.00%', '7:0.00%', '8:0.30%', '9:0.80%']
                                                                                              <-> Client 0, global : from 10.11% to 10.00%, local : from 0.80% to 95.00%, training time : 16200msec
                                                     Cluster 52, round 1, loss : 4.70, accuracy 10.00% <-
                                                     Time past : 16200msec
                                                     ['0:0.00%', '1:0.00%', '2:0.00%', '3:0.00%', '4:0.00%', '5:0.00%', '6:0.00%', '7:100.00%', '8:0.00%', '9:0.00%']
                                          0msec<-
                                          ->0msec
                                                     -> Cluster 14, loss : 2.70, accuracy 10.11%, model from round 16
                                                     ['0:0.00%', '1:0.00%', '2:0.00%', '3:100.00%', '4:0.00%', '5:0.00%', '6:0.00%', '7:0.00%', '8:0.30%', '9:0.80%']
                                                                                              <-> Client 0, global : from 10.11% to 10.00%, local : from 1.40% to 95.00%, training time : 8200msec
                                                     Cluster 14, round 1, loss : 4.87, accuracy 10.00% <-
                                                     Time past : 8200msec
                                                     ['0:0.00%', '1:0.00%', '2:0.00%', '3:0.00%', '4:0.00%', '5:0.00%', '6:0.00%', '7:0.00%', '8:0.00%', '9:100.00%']
                                          0msec<-
                                          ->0msec
                                                     -> Cluster 5, loss : 2.70, accuracy 10.11%, model from round 16
                                                     ['0:0.00%', '1:0.00%', '2:0.00%', '3:100.00%', '4:0.00%', '5:0.00%', '6:0.00%', '7:0.00%', '8:0.30%', '9:0.80%']
                                                                                              <-> Client 0, global : from 10.11% to 10.00%, local : from 0.60% to 95.00%, training time : 8200msec
                                                     Cluster 5, round 1, loss : 4.41, accuracy 10.00% <-
                                                     Time past : 8200msec
                                                     ['0:0.00%', '1:0.00%', '2:0.00%', '3:0.00%', '4:0.00%', '5:0.00%', '6:100.00%', '7:0.00%', '8:0.00%', '9:0.00%']
                                          0msec<-
                                          ->0msec
                                                     -> Cluster 24, loss : 2.70, accuracy 10.11%, model from round 16
                                                     ['0:0.00%', '1:0.00%', '2:0.00%', '3:100.00%', '4:0.00%', '5:0.00%', '6:0.00%', '7:0.00%', '8:0.30%', '9:0.80%']
                                                                                              <-> Client 0, global : from 10.11% to 10.00%, local : from 0.40% to 95.00%, training time : 8200msec
                                                     Cluster 24, round 1, loss : 4.14, accuracy 10.00% <-
                                                     Time past : 8200msec
                                                     ['0:0.00%', '1:0.00%', '2:0.00%', '3:0.00%', '4:100.00%', '5:0.00%', '6:0.00%', '7:0.00%', '8:0.00%', '9:0.00%']
                                          0msec<-
                                          ->0msec
                                                     -> Cluster 30, loss : 2.70, accuracy 10.11%, model from round 16
                                                     ['0:0.00%', '1:0.00%', '2:0.00%', '3:100.00%', '4:0.00%', '5:0.00%', '6:0.00%', '7:0.00%', '8:0.30%', '9:0.80%']
                                                                                              <-> Client 0, global : from 10.11% to 10.00%, local : from 0.40% to 94.81%, training time : 8200msec
                                                     Cluster 30, round 1, loss : 4.97, accuracy 10.00% <-
                                                     Time past : 8200msec
                                                     ['0:0.00%', '1:100.00%', '2:0.00%', '3:0.00%', '4:0.00%', '5:0.00%', '6:0.00%', '7:0.00%', '8:0.00%', '9:0.00%']
                                          0msec<-
                                          ->0msec
                                                     -> Cluster 75, loss : 2.70, accuracy 10.11%, model from round 16
                                                     ['0:0.00%', '1:0.00%', '2:0.00%', '3:100.00%', '4:0.00%', '5:0.00%', '6:0.00%', '7:0.00%', '8:0.30%', '9:0.80%']
                                                                                              <-> Client 0, global : from 10.11% to 10.00%, local : from 94.60% to 95.00%, training time : 16200msec
                                                     Cluster 75, round 1, loss : 4.13, accuracy 10.00% <-
                                                     Time past : 16200msec
                                                     ['0:0.00%', '1:0.00%', '2:0.00%', '3:100.00%', '4:0.00%', '5:0.00%', '6:0.00%', '7:0.00%', '8:0.00%', '9:0.00%']
                                          0msec<-
Central server round 16, loss : 2.24, accuracy :15.33%
Time past: 259200msec
['0:0.00%', '1:0.00%', '2:0.00%', '3:23.70%', '4:0.00%', '5:0.00%', '6:36.30%', '7:0.00%', '8:0.00%', '9:93.30%']
                                          ->0msec
                                                     -> Cluster 69, loss : 2.24, accuracy 15.33%, model from round 17
                                                     ['0:0.00%', '1:0.00%', '2:0.00%', '3:23.70%', '4:0.00%', '5:0.00%', '6:36.30%', '7:0.00%', '8:0.00%', '9:93.30%']
                                                                                              <-> Client 0, global : from 15.33% to 10.04%, local : from 1.00% to 95.00%, training time : 16200msec
                                                     Cluster 69, round 1, loss : 4.53, accuracy 10.04% <-
                                                     Time past : 16200msec
                                                     ['0:0.00%', '1:0.00%', '2:0.00%', '3:0.00%', '4:0.00%', '5:0.00%', '6:0.40%', '7:0.00%', '8:100.00%', '9:0.00%']
                                          0msec<-
                                          ->0msec
                                                     -> Cluster 37, loss : 2.24, accuracy 15.33%, model from round 17
                                                     ['0:0.00%', '1:0.00%', '2:0.00%', '3:23.70%', '4:0.00%', '5:0.00%', '6:36.30%', '7:0.00%', '8:0.00%', '9:93.30%']
                                                                                              <-> Client 0, global : from 15.33% to 10.00%, local : from 0.80% to 95.00%, training time : 8200msec
                                                     Cluster 37, round 1, loss : 4.56, accuracy 10.00% <-
                                                     Time past : 8200msec
                                                     ['0:0.00%', '1:100.00%', '2:0.00%', '3:0.00%', '4:0.00%', '5:0.00%', '6:0.00%', '7:0.00%', '8:0.00%', '9:0.00%']
                                          0msec<-
                                          ->0msec
                                                     -> Cluster 70, loss : 2.24, accuracy 15.33%, model from round 17
                                                     ['0:0.00%', '1:0.00%', '2:0.00%', '3:23.70%', '4:0.00%', '5:0.00%', '6:36.30%', '7:0.00%', '8:0.00%', '9:93.30%']
                                                                                              <-> Client 0, global : from 15.33% to 10.00%, local : from 23.40% to 95.00%, training time : 16200msec
                                                     Cluster 70, round 1, loss : 4.59, accuracy 10.00% <-
                                                     Time past : 16200msec
                                                     ['0:0.00%', '1:0.00%', '2:0.00%', '3:100.00%', '4:0.00%', '5:0.00%', '6:0.00%', '7:0.00%', '8:0.00%', '9:0.00%']
                                          0msec<-
                                          ->0msec
                                                     -> Cluster 32, loss : 2.24, accuracy 15.33%, model from round 17
                                                     ['0:0.00%', '1:0.00%', '2:0.00%', '3:23.70%', '4:0.00%', '5:0.00%', '6:36.30%', '7:0.00%', '8:0.00%', '9:93.30%']
                                                                                              <-> Client 0, global : from 15.33% to 10.00%, local : from 0.20% to 95.00%, training time : 8200msec
                                                     Cluster 32, round 1, loss : 4.50, accuracy 10.00% <-
                                                     Time past : 8200msec
                                                     ['0:0.00%', '1:100.00%', '2:0.00%', '3:0.00%', '4:0.00%', '5:0.00%', '6:0.00%', '7:0.00%', '8:0.00%', '9:0.00%']
                                          0msec<-
                                          ->0msec
                                                     -> Cluster 91, loss : 2.24, accuracy 15.33%, model from round 17
                                                     ['0:0.00%', '1:0.00%', '2:0.00%', '3:23.70%', '4:0.00%', '5:0.00%', '6:36.30%', '7:0.00%', '8:0.00%', '9:93.30%']
                                                                                              <-> Client 0, global : from 15.33% to 10.00%, local : from 0.60% to 95.00%, training time : 16200msec
                                                     Cluster 91, round 1, loss : 4.58, accuracy 10.00% <-
                                                     Time past : 16200msec
                                                     ['0:100.00%', '1:0.00%', '2:0.00%', '3:0.00%', '4:0.00%', '5:0.00%', '6:0.00%', '7:0.00%', '8:0.00%', '9:0.00%']
                                          0msec<-
                                          ->0msec
                                                     -> Cluster 61, loss : 2.24, accuracy 15.33%, model from round 17
                                                     ['0:0.00%', '1:0.00%', '2:0.00%', '3:23.70%', '4:0.00%', '5:0.00%', '6:36.30%', '7:0.00%', '8:0.00%', '9:93.30%']
                                                                                              <-> Client 0, global : from 15.33% to 10.05%, local : from 0.80% to 94.81%, training time : 16200msec
                                                     Cluster 61, round 1, loss : 3.60, accuracy 10.05% <-
                                                     Time past : 16200msec
                                                     ['0:0.00%', '1:0.00%', '2:0.00%', '3:0.00%', '4:0.50%', '5:0.00%', '6:0.00%', '7:0.00%', '8:100.00%', '9:0.00%']
                                          0msec<-
                                          ->0msec
                                                     -> Cluster 40, loss : 2.24, accuracy 15.33%, model from round 17
                                                     ['0:0.00%', '1:0.00%', '2:0.00%', '3:23.70%', '4:0.00%', '5:0.00%', '6:36.30%', '7:0.00%', '8:0.00%', '9:93.30%']
                                                                                              <-> Client 0, global : from 15.33% to 10.00%, local : from 1.20% to 94.81%, training time : 8200msec
                                                     Cluster 40, round 1, loss : 4.89, accuracy 10.00% <-
                                                     Time past : 8200msec
                                                     ['0:0.00%', '1:0.00%', '2:100.00%', '3:0.00%', '4:0.00%', '5:0.00%', '6:0.00%', '7:0.00%', '8:0.00%', '9:0.00%']
                                          0msec<-
                                          ->0msec
                                                     -> Cluster 12, loss : 2.24, accuracy 15.33%, model from round 17
                                                     ['0:0.00%', '1:0.00%', '2:0.00%', '3:23.70%', '4:0.00%', '5:0.00%', '6:36.30%', '7:0.00%', '8:0.00%', '9:93.30%']
                                                                                              <-> Client 0, global : from 15.33% to 10.08%, local : from 89.80% to 95.00%, training time : 8200msec
                                                     Cluster 12, round 1, loss : 3.20, accuracy 10.08% <-
                                                     Time past : 8200msec
                                                     ['0:0.00%', '1:0.00%', '2:0.00%', '3:0.00%', '4:0.30%', '5:0.50%', '6:0.00%', '7:0.00%', '8:0.00%', '9:100.00%']
                                          0msec<-
                                          ->0msec
                                                     -> Cluster 26, loss : 2.24, accuracy 15.33%, model from round 17
                                                     ['0:0.00%', '1:0.00%', '2:0.00%', '3:23.70%', '4:0.00%', '5:0.00%', '6:36.30%', '7:0.00%', '8:0.00%', '9:93.30%']
                                                                                              <-> Client 0, global : from 15.33% to 10.00%, local : from 1.00% to 95.00%, training time : 8200msec
                                                     Cluster 26, round 1, loss : 4.45, accuracy 10.00% <-
                                                     Time past : 8200msec
                                                     ['0:0.00%', '1:0.00%', '2:0.00%', '3:0.00%', '4:100.00%', '5:0.00%', '6:0.00%', '7:0.00%', '8:0.00%', '9:0.00%']
                                          0msec<-
                                          ->0msec
                                                     -> Cluster 83, loss : 2.24, accuracy 15.33%, model from round 17
                                                     ['0:0.00%', '1:0.00%', '2:0.00%', '3:23.70%', '4:0.00%', '5:0.00%', '6:36.30%', '7:0.00%', '8:0.00%', '9:93.30%']
                                                                                              <-> Client 0, global : from 15.33% to 10.00%, local : from 0.40% to 95.19%, training time : 16200msec
                                                     Cluster 83, round 1, loss : 4.74, accuracy 10.00% <-
                                                     Time past : 16200msec
                                                     ['0:0.00%', '1:0.00%', '2:0.00%', '3:0.00%', '4:0.00%', '5:100.00%', '6:0.00%', '7:0.00%', '8:0.00%', '9:0.00%']
                                          0msec<-
Central server round 17, loss : 2.17, accuracy :18.42%
Time past: 275400msec
['0:1.90%', '1:71.50%', '2:0.00%', '3:2.20%', '4:41.70%', '5:7.70%', '6:0.00%', '7:0.00%', '8:56.50%', '9:2.70%']
                                          ->0msec
                                                     -> Cluster 8, loss : 2.17, accuracy 18.42%, model from round 18
                                                     ['0:1.90%', '1:71.50%', '2:0.00%', '3:2.20%', '4:41.70%', '5:7.70%', '6:0.00%', '7:0.00%', '8:56.50%', '9:2.70%']
                                                                                              <-> Client 0, global : from 18.42% to 10.00%, local : from 1.60% to 95.00%, training time : 8200msec
                                                     Cluster 8, round 1, loss : 4.23, accuracy 10.00% <-
                                                     Time past : 8200msec
                                                     ['0:0.00%', '1:0.00%', '2:0.00%', '3:0.00%', '4:0.00%', '5:0.00%', '6:100.00%', '7:0.00%', '8:0.00%', '9:0.00%']
                                          0msec<-
                                          ->0msec
                                                     -> Cluster 40, loss : 2.17, accuracy 18.42%, model from round 18
                                                     ['0:1.90%', '1:71.50%', '2:0.00%', '3:2.20%', '4:41.70%', '5:7.70%', '6:0.00%', '7:0.00%', '8:56.50%', '9:2.70%']
                                                                                              <-> Client 0, global : from 18.42% to 10.00%, local : from 0.40% to 94.81%, training time : 8200msec
                                                     Cluster 40, round 1, loss : 3.99, accuracy 10.00% <-
                                                     Time past : 8200msec
                                                     ['0:0.00%', '1:0.00%', '2:100.00%', '3:0.00%', '4:0.00%', '5:0.00%', '6:0.00%', '7:0.00%', '8:0.00%', '9:0.00%']
                                          0msec<-
                                          ->0msec
                                                     -> Cluster 76, loss : 2.17, accuracy 18.42%, model from round 18
                                                     ['0:1.90%', '1:71.50%', '2:0.00%', '3:2.20%', '4:41.70%', '5:7.70%', '6:0.00%', '7:0.00%', '8:56.50%', '9:2.70%']
                                                                                              <-> Client 0, global : from 18.42% to 10.01%, local : from 3.00% to 95.00%, training time : 16200msec
                                                     Cluster 76, round 1, loss : 4.78, accuracy 10.01% <-
                                                     Time past : 16200msec
                                                     ['0:0.00%', '1:0.00%', '2:0.00%', '3:100.00%', '4:0.00%', '5:0.00%', '6:0.00%', '7:0.00%', '8:0.10%', '9:0.00%']
                                          0msec<-
                                          ->0msec
                                                     -> Cluster 58, loss : 2.17, accuracy 18.42%, model from round 18
                                                     ['0:1.90%', '1:71.50%', '2:0.00%', '3:2.20%', '4:41.70%', '5:7.70%', '6:0.00%', '7:0.00%', '8:56.50%', '9:2.70%']
                                                                                              <-> Client 0, global : from 18.42% to 10.00%, local : from 1.40% to 95.00%, training time : 16200msec
                                                     Cluster 58, round 1, loss : 4.69, accuracy 10.00% <-
                                                     Time past : 16200msec
                                                     ['0:0.00%', '1:0.00%', '2:0.00%', '3:0.00%', '4:0.00%', '5:0.00%', '6:0.00%', '7:100.00%', '8:0.00%', '9:0.00%']
                                          0msec<-
                                          ->0msec
                                                     -> Cluster 14, loss : 2.17, accuracy 18.42%, model from round 18
                                                     ['0:1.90%', '1:71.50%', '2:0.00%', '3:2.20%', '4:41.70%', '5:7.70%', '6:0.00%', '7:0.00%', '8:56.50%', '9:2.70%']
                                                                                              <-> Client 0, global : from 18.42% to 10.00%, local : from 4.80% to 95.00%, training time : 8200msec
                                                     Cluster 14, round 1, loss : 4.23, accuracy 10.00% <-
                                                     Time past : 8200msec
                                                     ['0:0.00%', '1:0.00%', '2:0.00%', '3:0.00%', '4:0.00%', '5:0.00%', '6:0.00%', '7:0.00%', '8:0.00%', '9:100.00%']
                                          0msec<-
                                          ->0msec
                                                     -> Cluster 32, loss : 2.17, accuracy 18.42%, model from round 18
                                                     ['0:1.90%', '1:71.50%', '2:0.00%', '3:2.20%', '4:41.70%', '5:7.70%', '6:0.00%', '7:0.00%', '8:56.50%', '9:2.70%']
                                                                                              <-> Client 0, global : from 18.42% to 10.00%, local : from 68.80% to 95.00%, training time : 8200msec
                                                     Cluster 32, round 1, loss : 4.29, accuracy 10.00% <-
                                                     Time past : 8200msec
                                                     ['0:0.00%', '1:100.00%', '2:0.00%', '3:0.00%', '4:0.00%', '5:0.00%', '6:0.00%', '7:0.00%', '8:0.00%', '9:0.00%']
                                          0msec<-
                                          ->0msec
                                                     -> Cluster 27, loss : 2.17, accuracy 18.42%, model from round 18
                                                     ['0:1.90%', '1:71.50%', '2:0.00%', '3:2.20%', '4:41.70%', '5:7.70%', '6:0.00%', '7:0.00%', '8:56.50%', '9:2.70%']
                                                                                              <-> Client 0, global : from 18.42% to 10.00%, local : from 42.80% to 95.00%, training time : 8200msec
                                                     Cluster 27, round 1, loss : 4.37, accuracy 10.00% <-
                                                     Time past : 8200msec
                                                     ['0:0.00%', '1:0.00%', '2:0.00%', '3:0.00%', '4:100.00%', '5:0.00%', '6:0.00%', '7:0.00%', '8:0.00%', '9:0.00%']
                                          0msec<-
                                          ->0msec
                                                     -> Cluster 79, loss : 2.17, accuracy 18.42%, model from round 18
                                                     ['0:1.90%', '1:71.50%', '2:0.00%', '3:2.20%', '4:41.70%', '5:7.70%', '6:0.00%', '7:0.00%', '8:56.50%', '9:2.70%']
                                                                                              <-> Client 0, global : from 18.42% to 10.00%, local : from 2.40% to 95.00%, training time : 16200msec
                                                     Cluster 79, round 1, loss : 4.66, accuracy 10.00% <-
                                                     Time past : 16200msec
                                                     ['0:0.00%', '1:0.00%', '2:0.00%', '3:100.00%', '4:0.00%', '5:0.00%', '6:0.00%', '7:0.00%', '8:0.00%', '9:0.00%']
                                          0msec<-
                                          ->0msec
                                                     -> Cluster 99, loss : 2.17, accuracy 18.42%, model from round 18
                                                     ['0:1.90%', '1:71.50%', '2:0.00%', '3:2.20%', '4:41.70%', '5:7.70%', '6:0.00%', '7:0.00%', '8:56.50%', '9:2.70%']
                                                                                              <-> Client 0, global : from 18.42% to 10.00%, local : from 2.40% to 95.19%, training time : 16200msec
                                                     Cluster 99, round 1, loss : 3.96, accuracy 10.00% <-
                                                     Time past : 16200msec
                                                     ['0:100.00%', '1:0.00%', '2:0.00%', '3:0.00%', '4:0.00%', '5:0.00%', '6:0.00%', '7:0.00%', '8:0.00%', '9:0.00%']
                                          0msec<-
                                          ->0msec
                                                     -> Cluster 69, loss : 2.17, accuracy 18.42%, model from round 18
                                                     ['0:1.90%', '1:71.50%', '2:0.00%', '3:2.20%', '4:41.70%', '5:7.70%', '6:0.00%', '7:0.00%', '8:56.50%', '9:2.70%']
                                                                                              <-> Client 0, global : from 18.42% to 11.10%, local : from 56.40% to 95.20%, training time : 16200msec
                                                     Cluster 69, round 1, loss : 3.74, accuracy 11.10% <-
                                                     Time past : 16200msec
                                                     ['0:0.00%', '1:0.00%', '2:0.00%', '3:0.00%', '4:0.00%', '5:0.00%', '6:11.00%', '7:0.00%', '8:100.00%', '9:0.00%']
                                          0msec<-
Central server round 18, loss : 2.12, accuracy :20.47%
Time past: 291600msec
['0:18.90%', '1:9.40%', '2:0.10%', '3:84.60%', '4:0.00%', '5:0.00%', '6:0.40%', '7:0.00%', '8:68.20%', '9:23.10%']
                                          ->0msec
                                                     -> Cluster 35, loss : 2.12, accuracy 20.47%, model from round 19
                                                     ['0:18.90%', '1:9.40%', '2:0.10%', '3:84.60%', '4:0.00%', '5:0.00%', '6:0.40%', '7:0.00%', '8:68.20%', '9:23.10%']
                                                                                              <-> Client 0, global : from 20.47% to 10.00%, local : from 11.20% to 95.00%, training time : 8200msec
                                                     Cluster 35, round 1, loss : 4.88, accuracy 10.00% <-
                                                     Time past : 8200msec
                                                     ['0:0.00%', '1:100.00%', '2:0.00%', '3:0.00%', '4:0.00%', '5:0.00%', '6:0.00%', '7:0.00%', '8:0.00%', '9:0.00%']
                                          0msec<-
                                          ->0msec
                                                     -> Cluster 11, loss : 2.12, accuracy 20.47%, model from round 19
                                                     ['0:18.90%', '1:9.40%', '2:0.10%', '3:84.60%', '4:0.00%', '5:0.00%', '6:0.40%', '7:0.00%', '8:68.20%', '9:23.10%']
                                                                                              <-> Client 0, global : from 20.47% to 10.00%, local : from 21.56% to 94.81%, training time : 8200msec
                                                     Cluster 11, round 1, loss : 4.10, accuracy 10.00% <-
                                                     Time past : 8200msec
                                                     ['0:0.00%', '1:0.00%', '2:0.00%', '3:0.00%', '4:0.00%', '5:0.00%', '6:0.00%', '7:0.00%', '8:0.00%', '9:100.00%']
                                          0msec<-
                                          ->0msec
                                                     -> Cluster 96, loss : 2.12, accuracy 20.47%, model from round 19
                                                     ['0:18.90%', '1:9.40%', '2:0.10%', '3:84.60%', '4:0.00%', '5:0.00%', '6:0.40%', '7:0.00%', '8:68.20%', '9:23.10%']
                                                                                              <-> Client 0, global : from 20.47% to 10.00%, local : from 20.04% to 95.19%, training time : 16200msec
                                                     Cluster 96, round 1, loss : 4.07, accuracy 10.00% <-
                                                     Time past : 16200msec
                                                     ['0:100.00%', '1:0.00%', '2:0.00%', '3:0.00%', '4:0.00%', '5:0.00%', '6:0.00%', '7:0.00%', '8:0.00%', '9:0.00%']
                                          0msec<-
                                          ->0msec
                                                     -> Cluster 57, loss : 2.12, accuracy 20.47%, model from round 19
                                                     ['0:18.90%', '1:9.40%', '2:0.10%', '3:84.60%', '4:0.00%', '5:0.00%', '6:0.40%', '7:0.00%', '8:68.20%', '9:23.10%']
                                                                                              <-> Client 0, global : from 20.47% to 10.00%, local : from 0.60% to 95.00%, training time : 16200msec
                                                     Cluster 57, round 1, loss : 5.13, accuracy 10.00% <-
                                                     Time past : 16200msec
                                                     ['0:0.00%', '1:0.00%', '2:0.00%', '3:0.00%', '4:0.00%', '5:0.00%', '6:0.00%', '7:100.00%', '8:0.00%', '9:0.00%']
                                          0msec<-
                                          ->0msec
                                                     -> Cluster 83, loss : 2.12, accuracy 20.47%, model from round 19
                                                     ['0:18.90%', '1:9.40%', '2:0.10%', '3:84.60%', '4:0.00%', '5:0.00%', '6:0.40%', '7:0.00%', '8:68.20%', '9:23.10%']
                                                                                              <-> Client 0, global : from 20.47% to 10.00%, local : from 1.00% to 95.19%, training time : 16200msec
                                                     Cluster 83, round 1, loss : 4.82, accuracy 10.00% <-
                                                     Time past : 16200msec
                                                     ['0:0.00%', '1:0.00%', '2:0.00%', '3:0.00%', '4:0.00%', '5:100.00%', '6:0.00%', '7:0.00%', '8:0.00%', '9:0.00%']
                                          0msec<-
                                          ->0msec
                                                     -> Cluster 73, loss : 2.12, accuracy 20.47%, model from round 19
                                                     ['0:18.90%', '1:9.40%', '2:0.10%', '3:84.60%', '4:0.00%', '5:0.00%', '6:0.40%', '7:0.00%', '8:68.20%', '9:23.10%']
                                                                                              <-> Client 0, global : from 20.47% to 10.00%, local : from 78.00% to 95.00%, training time : 16200msec
                                                     Cluster 73, round 1, loss : 4.89, accuracy 10.00% <-
                                                     Time past : 16200msec
                                                     ['0:0.00%', '1:0.00%', '2:0.00%', '3:100.00%', '4:0.00%', '5:0.00%', '6:0.00%', '7:0.00%', '8:0.00%', '9:0.00%']
                                          0msec<-
                                          ->0msec
                                                     -> Cluster 82, loss : 2.12, accuracy 20.47%, model from round 19
                                                     ['0:18.90%', '1:9.40%', '2:0.10%', '3:84.60%', '4:0.00%', '5:0.00%', '6:0.40%', '7:0.00%', '8:68.20%', '9:23.10%']
                                                                                              <-> Client 0, global : from 20.47% to 10.01%, local : from 1.60% to 95.00%, training time : 16200msec
                                                     Cluster 82, round 1, loss : 5.05, accuracy 10.01% <-
                                                     Time past : 16200msec
                                                     ['0:0.00%', '1:0.00%', '2:0.00%', '3:0.00%', '4:0.00%', '5:100.00%', '6:0.00%', '7:0.00%', '8:0.10%', '9:0.00%']
                                          0msec<-
                                          ->0msec
                                                     -> Cluster 43, loss : 2.12, accuracy 20.47%, model from round 19
                                                     ['0:18.90%', '1:9.40%', '2:0.10%', '3:84.60%', '4:0.00%', '5:0.00%', '6:0.40%', '7:0.00%', '8:68.20%', '9:23.10%']
                                                                                              <-> Client 0, global : from 20.47% to 10.00%, local : from 1.40% to 95.00%, training time : 8200msec
                                                     Cluster 43, round 1, loss : 5.20, accuracy 10.00% <-
                                                     Time past : 8200msec
                                                     ['0:0.00%', '1:0.00%', '2:100.00%', '3:0.00%', '4:0.00%', '5:0.00%', '6:0.00%', '7:0.00%', '8:0.00%', '9:0.00%']
                                          0msec<-
                                          ->0msec
                                                     -> Cluster 29, loss : 2.12, accuracy 20.47%, model from round 19
                                                     ['0:18.90%', '1:9.40%', '2:0.10%', '3:84.60%', '4:0.00%', '5:0.00%', '6:0.40%', '7:0.00%', '8:68.20%', '9:23.10%']
                                                                                              <-> Client 0, global : from 20.47% to 10.00%, local : from 1.40% to 95.00%, training time : 8200msec
                                                     Cluster 29, round 1, loss : 4.94, accuracy 10.00% <-
                                                     Time past : 8200msec
                                                     ['0:0.00%', '1:0.00%', '2:0.00%', '3:0.00%', '4:100.00%', '5:0.00%', '6:0.00%', '7:0.00%', '8:0.00%', '9:0.00%']
                                          0msec<-
                                          ->0msec
                                                     -> Cluster 49, loss : 2.12, accuracy 20.47%, model from round 19
                                                     ['0:18.90%', '1:9.40%', '2:0.10%', '3:84.60%', '4:0.00%', '5:0.00%', '6:0.40%', '7:0.00%', '8:68.20%', '9:23.10%']
                                                                                              <-> Client 0, global : from 20.47% to 10.00%, local : from 1.20% to 95.00%, training time : 8200msec
                                                     Cluster 49, round 1, loss : 4.57, accuracy 10.00% <-
                                                     Time past : 8200msec
                                                     ['0:0.00%', '1:0.00%', '2:100.00%', '3:0.00%', '4:0.00%', '5:0.00%', '6:0.00%', '7:0.00%', '8:0.00%', '9:0.00%']
                                          0msec<-
Central server round 19, loss : 2.15, accuracy :17.44%
Time past: 307800msec
['0:31.20%', '1:0.10%', '2:78.60%', '3:0.00%', '4:0.00%', '5:37.20%', '6:0.00%', '7:0.00%', '8:10.80%', '9:16.50%']
                                          ->0msec
                                                     -> Cluster 31, loss : 2.15, accuracy 17.44%, model from round 20
                                                     ['0:31.20%', '1:0.10%', '2:78.60%', '3:0.00%', '4:0.00%', '5:37.20%', '6:0.00%', '7:0.00%', '8:10.80%', '9:16.50%']
                                                                                              <-> Client 0, global : from 17.44% to 10.00%, local : from 1.60% to 94.81%, training time : 8200msec
                                                     Cluster 31, round 1, loss : 4.36, accuracy 10.00% <-
                                                     Time past : 8200msec
                                                     ['0:0.00%', '1:100.00%', '2:0.00%', '3:0.00%', '4:0.00%', '5:0.00%', '6:0.00%', '7:0.00%', '8:0.00%', '9:0.00%']
                                          0msec<-
                                          ->0msec
                                                     -> Cluster 28, loss : 2.15, accuracy 17.44%, model from round 20
                                                     ['0:31.20%', '1:0.10%', '2:78.60%', '3:0.00%', '4:0.00%', '5:37.20%', '6:0.00%', '7:0.00%', '8:10.80%', '9:16.50%']
                                                                                              <-> Client 0, global : from 17.44% to 10.00%, local : from 0.60% to 95.00%, training time : 8200msec
                                                     Cluster 28, round 1, loss : 5.20, accuracy 10.00% <-
                                                     Time past : 8200msec
                                                     ['0:0.00%', '1:0.00%', '2:0.00%', '3:0.00%', '4:100.00%', '5:0.00%', '6:0.00%', '7:0.00%', '8:0.00%', '9:0.00%']
                                          0msec<-
                                          ->0msec
                                                     -> Cluster 2, loss : 2.15, accuracy 17.44%, model from round 20
                                                     ['0:31.20%', '1:0.10%', '2:78.60%', '3:0.00%', '4:0.00%', '5:37.20%', '6:0.00%', '7:0.00%', '8:10.80%', '9:16.50%']
                                                                                              <-> Client 0, global : from 17.44% to 10.23%, local : from 0.80% to 95.00%, training time : 8200msec
                                                     Cluster 2, round 1, loss : 4.42, accuracy 10.23% <-
                                                     Time past : 8200msec
                                                     ['0:0.00%', '1:0.00%', '2:0.00%', '3:0.00%', '4:0.00%', '5:0.00%', '6:100.00%', '7:0.00%', '8:2.30%', '9:0.00%']
                                          0msec<-
                                          ->0msec
                                                     -> Cluster 51, loss : 2.15, accuracy 17.44%, model from round 20
                                                     ['0:31.20%', '1:0.10%', '2:78.60%', '3:0.00%', '4:0.00%', '5:37.20%', '6:0.00%', '7:0.00%', '8:10.80%', '9:16.50%']
                                                                                              <-> Client 0, global : from 17.44% to 10.01%, local : from 1.20% to 94.81%, training time : 16200msec
                                                     Cluster 51, round 1, loss : 4.25, accuracy 10.01% <-
                                                     Time past : 16200msec
                                                     ['0:0.00%', '1:0.00%', '2:0.00%', '3:0.00%', '4:0.00%', '5:0.00%', '6:0.00%', '7:100.00%', '8:0.10%', '9:0.00%']
                                          0msec<-
                                          ->0msec
                                                     -> Cluster 9, loss : 2.15, accuracy 17.44%, model from round 20
                                                     ['0:31.20%', '1:0.10%', '2:78.60%', '3:0.00%', '4:0.00%', '5:37.20%', '6:0.00%', '7:0.00%', '8:10.80%', '9:16.50%']
                                                                                              <-> Client 0, global : from 17.44% to 11.06%, local : from 0.60% to 95.00%, training time : 8200msec
                                                     Cluster 9, round 1, loss : 3.68, accuracy 11.06% <-
                                                     Time past : 8200msec
                                                     ['0:6.90%', '1:0.00%', '2:0.00%', '3:0.00%', '4:0.00%', '5:0.00%', '6:100.00%', '7:0.00%', '8:3.70%', '9:0.00%']
                                          0msec<-
                                          ->0msec
                                                     -> Cluster 34, loss : 2.15, accuracy 17.44%, model from round 20
                                                     ['0:31.20%', '1:0.10%', '2:78.60%', '3:0.00%', '4:0.00%', '5:37.20%', '6:0.00%', '7:0.00%', '8:10.80%', '9:16.50%']
                                                                                              <-> Client 0, global : from 17.44% to 10.00%, local : from 0.80% to 95.00%, training time : 8200msec
                                                     Cluster 34, round 1, loss : 4.45, accuracy 10.00% <-
                                                     Time past : 8200msec
                                                     ['0:0.00%', '1:100.00%', '2:0.00%', '3:0.00%', '4:0.00%', '5:0.00%', '6:0.00%', '7:0.00%', '8:0.00%', '9:0.00%']
                                          0msec<-
                                          ->0msec
                                                     -> Cluster 70, loss : 2.15, accuracy 17.44%, model from round 20
                                                     ['0:31.20%', '1:0.10%', '2:78.60%', '3:0.00%', '4:0.00%', '5:37.20%', '6:0.00%', '7:0.00%', '8:10.80%', '9:16.50%']
                                                                                              <-> Client 0, global : from 17.44% to 10.00%, local : from 1.60% to 95.00%, training time : 16200msec
                                                     Cluster 70, round 1, loss : 4.04, accuracy 10.00% <-
                                                     Time past : 16200msec
                                                     ['0:0.00%', '1:0.00%', '2:0.00%', '3:100.00%', '4:0.00%', '5:0.00%', '6:0.00%', '7:0.00%', '8:0.00%', '9:0.00%']
                                          0msec<-
                                          ->0msec
                                                     -> Cluster 93, loss : 2.15, accuracy 17.44%, model from round 20
                                                     ['0:31.20%', '1:0.10%', '2:78.60%', '3:0.00%', '4:0.00%', '5:37.20%', '6:0.00%', '7:0.00%', '8:10.80%', '9:16.50%']
                                                                                              <-> Client 0, global : from 17.44% to 10.00%, local : from 28.06% to 95.19%, training time : 16200msec
                                                     Cluster 93, round 1, loss : 4.43, accuracy 10.00% <-
                                                     Time past : 16200msec
                                                     ['0:100.00%', '1:0.00%', '2:0.00%', '3:0.00%', '4:0.00%', '5:0.00%', '6:0.00%', '7:0.00%', '8:0.00%', '9:0.00%']
                                          0msec<-
                                          ->0msec
                                                     -> Cluster 81, loss : 2.15, accuracy 17.44%, model from round 20
                                                     ['0:31.20%', '1:0.10%', '2:78.60%', '3:0.00%', '4:0.00%', '5:37.20%', '6:0.00%', '7:0.00%', '8:10.80%', '9:16.50%']
                                                                                              <-> Client 0, global : from 17.44% to 10.00%, local : from 36.40% to 95.00%, training time : 16200msec
                                                     Cluster 81, round 1, loss : 4.25, accuracy 10.00% <-
                                                     Time past : 16200msec
                                                     ['0:0.00%', '1:0.00%', '2:0.00%', '3:0.00%', '4:0.00%', '5:100.00%', '6:0.00%', '7:0.00%', '8:0.00%', '9:0.00%']
                                          0msec<-
                                          ->0msec
                                                     -> Cluster 1, loss : 2.15, accuracy 17.44%, model from round 20
                                                     ['0:31.20%', '1:0.10%', '2:78.60%', '3:0.00%', '4:0.00%', '5:37.20%', '6:0.00%', '7:0.00%', '8:10.80%', '9:16.50%']
                                                                                              <-> Client 0, global : from 17.44% to 12.90%, local : from 0.80% to 94.61%, training time : 8200msec
                                                     Cluster 1, round 1, loss : 3.38, accuracy 12.90% <-
                                                     Time past : 8200msec
                                                     ['0:0.00%', '1:0.00%', '2:0.00%', '3:0.00%', '4:0.00%', '5:0.00%', '6:100.00%', '7:0.00%', '8:29.00%', '9:0.00%']
                                          0msec<-
Central server round 20, loss : 2.15, accuracy :20.10%
Time past: 324000msec
['0:68.50%', '1:15.00%', '2:0.00%', '3:0.00%', '4:0.00%', '5:0.00%', '6:93.20%', '7:0.00%', '8:24.20%', '9:0.10%']
                                          ->0msec
                                                     -> Cluster 99, loss : 2.15, accuracy 20.10%, model from round 21
                                                     ['0:68.50%', '1:15.00%', '2:0.00%', '3:0.00%', '4:0.00%', '5:0.00%', '6:93.20%', '7:0.00%', '8:24.20%', '9:0.10%']
                                                                                              <-> Client 0, global : from 20.10% to 10.00%, local : from 61.92% to 95.19%, training time : 16200msec
                                                     Cluster 99, round 1, loss : 4.22, accuracy 10.00% <-
                                                     Time past : 16200msec
                                                     ['0:100.00%', '1:0.00%', '2:0.00%', '3:0.00%', '4:0.00%', '5:0.00%', '6:0.00%', '7:0.00%', '8:0.00%', '9:0.00%']
                                          0msec<-
                                          ->0msec
                                                     -> Cluster 19, loss : 2.15, accuracy 20.10%, model from round 21
                                                     ['0:68.50%', '1:15.00%', '2:0.00%', '3:0.00%', '4:0.00%', '5:0.00%', '6:93.20%', '7:0.00%', '8:24.20%', '9:0.10%']
                                                                                              <-> Client 0, global : from 20.10% to 10.00%, local : from 1.60% to 95.00%, training time : 8200msec
                                                     Cluster 19, round 1, loss : 4.17, accuracy 10.00% <-
                                                     Time past : 8200msec
                                                     ['0:0.00%', '1:0.00%', '2:0.00%', '3:0.00%', '4:0.00%', '5:0.00%', '6:0.00%', '7:0.00%', '8:0.00%', '9:100.00%']
                                          0msec<-
                                          ->0msec
                                                     -> Cluster 18, loss : 2.15, accuracy 20.10%, model from round 21
                                                     ['0:68.50%', '1:15.00%', '2:0.00%', '3:0.00%', '4:0.00%', '5:0.00%', '6:93.20%', '7:0.00%', '8:24.20%', '9:0.10%']
                                                                                              <-> Client 0, global : from 20.10% to 10.00%, local : from 0.80% to 95.00%, training time : 8200msec
                                                     Cluster 18, round 1, loss : 4.26, accuracy 10.00% <-
                                                     Time past : 8200msec
                                                     ['0:0.00%', '1:0.00%', '2:0.00%', '3:0.00%', '4:0.00%', '5:0.00%', '6:0.00%', '7:0.00%', '8:0.00%', '9:100.00%']
                                          0msec<-
                                          ->0msec
                                                     -> Cluster 40, loss : 2.15, accuracy 20.10%, model from round 21
                                                     ['0:68.50%', '1:15.00%', '2:0.00%', '3:0.00%', '4:0.00%', '5:0.00%', '6:93.20%', '7:0.00%', '8:24.20%', '9:0.10%']
                                                                                              <-> Client 0, global : from 20.10% to 10.00%, local : from 1.60% to 94.81%, training time : 8200msec
                                                     Cluster 40, round 1, loss : 4.17, accuracy 10.00% <-
                                                     Time past : 8200msec
                                                     ['0:0.00%', '1:0.00%', '2:100.00%', '3:0.00%', '4:0.00%', '5:0.00%', '6:0.00%', '7:0.00%', '8:0.00%', '9:0.00%']
                                          0msec<-
                                          ->0msec
                                                     -> Cluster 39, loss : 2.15, accuracy 20.10%, model from round 21
                                                     ['0:68.50%', '1:15.00%', '2:0.00%', '3:0.00%', '4:0.00%', '5:0.00%', '6:93.20%', '7:0.00%', '8:24.20%', '9:0.10%']
                                                                                              <-> Client 0, global : from 20.10% to 10.00%, local : from 16.40% to 95.00%, training time : 8200msec
                                                     Cluster 39, round 1, loss : 5.12, accuracy 10.00% <-
                                                     Time past : 8200msec
                                                     ['0:0.00%', '1:100.00%', '2:0.00%', '3:0.00%', '4:0.00%', '5:0.00%', '6:0.00%', '7:0.00%', '8:0.00%', '9:0.00%']
                                          0msec<-
                                          ->0msec
                                                     -> Cluster 13, loss : 2.15, accuracy 20.10%, model from round 21
                                                     ['0:68.50%', '1:15.00%', '2:0.00%', '3:0.00%', '4:0.00%', '5:0.00%', '6:93.20%', '7:0.00%', '8:24.20%', '9:0.10%']
                                                                                              <-> Client 0, global : from 20.10% to 10.00%, local : from 1.60% to 95.00%, training time : 8200msec
                                                     Cluster 13, round 1, loss : 4.17, accuracy 10.00% <-
                                                     Time past : 8200msec
                                                     ['0:0.00%', '1:0.00%', '2:0.00%', '3:0.00%', '4:0.00%', '5:0.00%', '6:0.00%', '7:0.00%', '8:0.00%', '9:100.00%']
                                          0msec<-
                                          ->0msec
                                                     -> Cluster 90, loss : 2.15, accuracy 20.10%, model from round 21
                                                     ['0:68.50%', '1:15.00%', '2:0.00%', '3:0.00%', '4:0.00%', '5:0.00%', '6:93.20%', '7:0.00%', '8:24.20%', '9:0.10%']
                                                                                              <-> Client 0, global : from 20.10% to 10.00%, local : from 66.00% to 95.00%, training time : 16200msec
                                                     Cluster 90, round 1, loss : 4.15, accuracy 10.00% <-
                                                     Time past : 16200msec
                                                     ['0:100.00%', '1:0.00%', '2:0.00%', '3:0.00%', '4:0.00%', '5:0.00%', '6:0.00%', '7:0.00%', '8:0.00%', '9:0.00%']
                                          0msec<-
                                          ->0msec
                                                     -> Cluster 65, loss : 2.15, accuracy 20.10%, model from round 21
                                                     ['0:68.50%', '1:15.00%', '2:0.00%', '3:0.00%', '4:0.00%', '5:0.00%', '6:93.20%', '7:0.00%', '8:24.20%', '9:0.10%']
                                                                                              <-> Client 0, global : from 20.10% to 10.06%, local : from 22.00% to 95.00%, training time : 16200msec
                                                     Cluster 65, round 1, loss : 4.40, accuracy 10.06% <-
                                                     Time past : 16200msec
                                                     ['0:0.00%', '1:0.00%', '2:0.00%', '3:0.00%', '4:0.00%', '5:0.10%', '6:0.50%', '7:0.00%', '8:100.00%', '9:0.00%']
                                          0msec<-
                                          ->0msec
                                                     -> Cluster 77, loss : 2.15, accuracy 20.10%, model from round 21
                                                     ['0:68.50%', '1:15.00%', '2:0.00%', '3:0.00%', '4:0.00%', '5:0.00%', '6:93.20%', '7:0.00%', '8:24.20%', '9:0.10%']
                                                                                              <-> Client 0, global : from 20.10% to 10.07%, local : from 1.20% to 95.00%, training time : 16200msec
                                                     Cluster 77, round 1, loss : 4.68, accuracy 10.07% <-
                                                     Time past : 16200msec
                                                     ['0:0.00%', '1:0.00%', '2:0.00%', '3:100.00%', '4:0.00%', '5:0.00%', '6:0.00%', '7:0.00%', '8:0.70%', '9:0.00%']
                                          0msec<-
                                          ->0msec
                                                     -> Cluster 37, loss : 2.15, accuracy 20.10%, model from round 21
                                                     ['0:68.50%', '1:15.00%', '2:0.00%', '3:0.00%', '4:0.00%', '5:0.00%', '6:93.20%', '7:0.00%', '8:24.20%', '9:0.10%']
                                                                                              <-> Client 0, global : from 20.10% to 10.00%, local : from 12.60% to 95.00%, training time : 8200msec
                                                     Cluster 37, round 1, loss : 4.54, accuracy 10.00% <-
                                                     Time past : 8200msec
                                                     ['0:0.00%', '1:100.00%', '2:0.00%', '3:0.00%', '4:0.00%', '5:0.00%', '6:0.00%', '7:0.00%', '8:0.00%', '9:0.00%']
                                          0msec<-
Central server round 21, loss : 2.16, accuracy :20.83%
Time past: 340200msec
['0:63.50%', '1:16.50%', '2:0.00%', '3:25.10%', '4:0.00%', '5:12.40%', '6:4.40%', '7:0.00%', '8:10.70%', '9:75.70%']
                                          ->0msec
                                                     -> Cluster 6, loss : 2.16, accuracy 20.83%, model from round 22
                                                     ['0:63.50%', '1:16.50%', '2:0.00%', '3:25.10%', '4:0.00%', '5:12.40%', '6:4.40%', '7:0.00%', '8:10.70%', '9:75.70%']
                                                                                              <-> Client 0, global : from 20.83% to 10.07%, local : from 6.20% to 95.00%, training time : 8200msec
                                                     Cluster 6, round 1, loss : 4.20, accuracy 10.07% <-
                                                     Time past : 8200msec
                                                     ['0:0.70%', '1:0.00%', '2:0.00%', '3:0.00%', '4:0.00%', '5:0.00%', '6:100.00%', '7:0.00%', '8:0.00%', '9:0.00%']
                                          0msec<-
                                          ->0msec
                                                     -> Cluster 91, loss : 2.16, accuracy 20.83%, model from round 22
                                                     ['0:63.50%', '1:16.50%', '2:0.00%', '3:25.10%', '4:0.00%', '5:12.40%', '6:4.40%', '7:0.00%', '8:10.70%', '9:75.70%']
                                                                                              <-> Client 0, global : from 20.83% to 10.00%, local : from 54.40% to 95.00%, training time : 16200msec
                                                     Cluster 91, round 1, loss : 4.43, accuracy 10.00% <-
                                                     Time past : 16200msec
                                                     ['0:100.00%', '1:0.00%', '2:0.00%', '3:0.00%', '4:0.00%', '5:0.00%', '6:0.00%', '7:0.00%', '8:0.00%', '9:0.00%']
                                          0msec<-
                                          ->0msec
                                                     -> Cluster 85, loss : 2.16, accuracy 20.83%, model from round 22
                                                     ['0:63.50%', '1:16.50%', '2:0.00%', '3:25.10%', '4:0.00%', '5:12.40%', '6:4.40%', '7:0.00%', '8:10.70%', '9:75.70%']
                                                                                              <-> Client 0, global : from 20.83% to 10.08%, local : from 13.83% to 95.19%, training time : 16200msec
                                                     Cluster 85, round 1, loss : 4.94, accuracy 10.08% <-
                                                     Time past : 16200msec
                                                     ['0:0.10%', '1:0.00%', '2:0.00%', '3:0.00%', '4:0.00%', '5:100.00%', '6:0.00%', '7:0.00%', '8:0.70%', '9:0.00%']
                                          0msec<-
                                          ->0msec
                                                     -> Cluster 31, loss : 2.16, accuracy 20.83%, model from round 22
                                                     ['0:63.50%', '1:16.50%', '2:0.00%', '3:25.10%', '4:0.00%', '5:12.40%', '6:4.40%', '7:0.00%', '8:10.70%', '9:75.70%']
                                                                                              <-> Client 0, global : from 20.83% to 10.00%, local : from 15.37% to 94.81%, training time : 8200msec
                                                     Cluster 31, round 1, loss : 3.97, accuracy 10.00% <-
                                                     Time past : 8200msec
                                                     ['0:0.00%', '1:100.00%', '2:0.00%', '3:0.00%', '4:0.00%', '5:0.00%', '6:0.00%', '7:0.00%', '8:0.00%', '9:0.00%']
                                          0msec<-
                                          ->0msec
                                                     -> Cluster 32, loss : 2.16, accuracy 20.83%, model from round 22
                                                     ['0:63.50%', '1:16.50%', '2:0.00%', '3:25.10%', '4:0.00%', '5:12.40%', '6:4.40%', '7:0.00%', '8:10.70%', '9:75.70%']
                                                                                              <-> Client 0, global : from 20.83% to 10.00%, local : from 17.60% to 95.00%, training time : 8200msec
                                                     Cluster 32, round 1, loss : 4.88, accuracy 10.00% <-
                                                     Time past : 8200msec
                                                     ['0:0.00%', '1:100.00%', '2:0.00%', '3:0.00%', '4:0.00%', '5:0.00%', '6:0.00%', '7:0.00%', '8:0.00%', '9:0.00%']
                                          0msec<-
                                          ->0msec
                                                     -> Cluster 99, loss : 2.16, accuracy 20.83%, model from round 22
                                                     ['0:63.50%', '1:16.50%', '2:0.00%', '3:25.10%', '4:0.00%', '5:12.40%', '6:4.40%', '7:0.00%', '8:10.70%', '9:75.70%']
                                                                                              <-> Client 0, global : from 20.83% to 10.00%, local : from 56.71% to 95.19%, training time : 16200msec
                                                     Cluster 99, round 1, loss : 4.33, accuracy 10.00% <-
                                                     Time past : 16200msec
                                                     ['0:100.00%', '1:0.00%', '2:0.00%', '3:0.00%', '4:0.00%', '5:0.00%', '6:0.00%', '7:0.00%', '8:0.00%', '9:0.00%']
                                          0msec<-
                                          ->0msec
                                                     -> Cluster 8, loss : 2.16, accuracy 20.83%, model from round 22
                                                     ['0:63.50%', '1:16.50%', '2:0.00%', '3:25.10%', '4:0.00%', '5:12.40%', '6:4.40%', '7:0.00%', '8:10.70%', '9:75.70%']
                                                                                              <-> Client 0, global : from 20.83% to 10.03%, local : from 7.00% to 95.00%, training time : 8200msec
                                                     Cluster 8, round 1, loss : 4.62, accuracy 10.03% <-
                                                     Time past : 8200msec
                                                     ['0:0.00%', '1:0.00%', '2:0.00%', '3:0.00%', '4:0.00%', '5:0.00%', '6:100.00%', '7:0.00%', '8:0.30%', '9:0.00%']
                                          0msec<-
                                          ->0msec
                                                     -> Cluster 87, loss : 2.16, accuracy 20.83%, model from round 22
                                                     ['0:63.50%', '1:16.50%', '2:0.00%', '3:25.10%', '4:0.00%', '5:12.40%', '6:4.40%', '7:0.00%', '8:10.70%', '9:75.70%']
                                                                                              <-> Client 0, global : from 20.83% to 12.32%, local : from 13.23% to 95.59%, training time : 16200msec
                                                     Cluster 87, round 1, loss : 3.46, accuracy 12.32% <-
                                                     Time past : 16200msec
                                                     ['0:22.80%', '1:0.00%', '2:0.00%', '3:0.00%', '4:0.00%', '5:99.60%', '6:0.00%', '7:0.00%', '8:0.80%', '9:0.00%']
                                          0msec<-
                                          ->0msec
                                                     -> Cluster 57, loss : 2.16, accuracy 20.83%, model from round 22
                                                     ['0:63.50%', '1:16.50%', '2:0.00%', '3:25.10%', '4:0.00%', '5:12.40%', '6:4.40%', '7:0.00%', '8:10.70%', '9:75.70%']
                                                                                              <-> Client 0, global : from 20.83% to 10.00%, local : from 1.00% to 95.00%, training time : 16200msec
                                                     Cluster 57, round 1, loss : 4.65, accuracy 10.00% <-
                                                     Time past : 16200msec
                                                     ['0:0.00%', '1:0.00%', '2:0.00%', '3:0.00%', '4:0.00%', '5:0.00%', '6:0.00%', '7:100.00%', '8:0.00%', '9:0.00%']
                                          0msec<-
                                          ->0msec
                                                     -> Cluster 55, loss : 2.16, accuracy 20.83%, model from round 22
                                                     ['0:63.50%', '1:16.50%', '2:0.00%', '3:25.10%', '4:0.00%', '5:12.40%', '6:4.40%', '7:0.00%', '8:10.70%', '9:75.70%']
                                                                                              <-> Client 0, global : from 20.83% to 10.00%, local : from 1.40% to 95.00%, training time : 16200msec
                                                     Cluster 55, round 1, loss : 4.93, accuracy 10.00% <-
                                                     Time past : 16200msec
                                                     ['0:0.00%', '1:0.00%', '2:0.00%', '3:0.00%', '4:0.00%', '5:0.00%', '6:0.00%', '7:100.00%', '8:0.00%', '9:0.00%']
                                          0msec<-
Central server round 22, loss : 2.25, accuracy :23.32%
Time past: 356400msec
['0:83.00%', '1:30.70%', '2:0.00%', '3:0.00%', '4:0.00%', '5:30.20%', '6:38.70%', '7:50.60%', '8:0.00%', '9:0.00%']
                                          ->0msec
                                                     -> Cluster 82, loss : 2.25, accuracy 23.32%, model from round 23
                                                     ['0:83.00%', '1:30.70%', '2:0.00%', '3:0.00%', '4:0.00%', '5:30.20%', '6:38.70%', '7:50.60%', '8:0.00%', '9:0.00%']
                                                                                              <-> Client 0, global : from 23.32% to 10.30%, local : from 33.80% to 95.00%, training time : 16200msec
                                                     Cluster 82, round 1, loss : 4.52, accuracy 10.30% <-
                                                     Time past : 16200msec
                                                     ['0:0.00%', '1:0.00%', '2:0.00%', '3:0.00%', '4:0.00%', '5:100.00%', '6:0.00%', '7:0.00%', '8:3.00%', '9:0.00%']
                                          0msec<-
                                          ->0msec
                                                     -> Cluster 53, loss : 2.25, accuracy 23.32%, model from round 23
                                                     ['0:83.00%', '1:30.70%', '2:0.00%', '3:0.00%', '4:0.00%', '5:30.20%', '6:38.70%', '7:50.60%', '8:0.00%', '9:0.00%']
                                                                                              <-> Client 0, global : from 23.32% to 10.00%, local : from 48.60% to 95.00%, training time : 16200msec
                                                     Cluster 53, round 1, loss : 4.67, accuracy 10.00% <-
                                                     Time past : 16200msec
                                                     ['0:0.00%', '1:0.00%', '2:0.00%', '3:0.00%', '4:0.00%', '5:0.00%', '6:0.00%', '7:100.00%', '8:0.00%', '9:0.00%']
                                          0msec<-
                                          ->0msec
                                                     -> Cluster 73, loss : 2.25, accuracy 23.32%, model from round 23
                                                     ['0:83.00%', '1:30.70%', '2:0.00%', '3:0.00%', '4:0.00%', '5:30.20%', '6:38.70%', '7:50.60%', '8:0.00%', '9:0.00%']
                                                                                              <-> Client 0, global : from 23.32% to 10.17%, local : from 2.20% to 95.00%, training time : 16200msec
                                                     Cluster 73, round 1, loss : 3.98, accuracy 10.17% <-
                                                     Time past : 16200msec
                                                     ['0:1.70%', '1:0.00%', '2:0.00%', '3:100.00%', '4:0.00%', '5:0.00%', '6:0.00%', '7:0.00%', '8:0.00%', '9:0.00%']
                                          0msec<-
                                          ->0msec
                                                     -> Cluster 2, loss : 2.25, accuracy 23.32%, model from round 23
                                                     ['0:83.00%', '1:30.70%', '2:0.00%', '3:0.00%', '4:0.00%', '5:30.20%', '6:38.70%', '7:50.60%', '8:0.00%', '9:0.00%']
                                                                                              <-> Client 0, global : from 23.32% to 10.10%, local : from 36.80% to 95.00%, training time : 8200msec
                                                     Cluster 2, round 1, loss : 5.24, accuracy 10.10% <-
                                                     Time past : 8200msec
                                                     ['0:0.00%', '1:0.00%', '2:0.00%', '3:0.00%', '4:0.00%', '5:0.00%', '6:100.00%', '7:0.00%', '8:1.00%', '9:0.00%']
                                          0msec<-
                                          ->0msec
                                                     -> Cluster 7, loss : 2.25, accuracy 23.32%, model from round 23
                                                     ['0:83.00%', '1:30.70%', '2:0.00%', '3:0.00%', '4:0.00%', '5:30.20%', '6:38.70%', '7:50.60%', '8:0.00%', '9:0.00%']
                                                                                              <-> Client 0, global : from 23.32% to 10.18%, local : from 33.00% to 95.00%, training time : 8200msec
                                                     Cluster 7, round 1, loss : 4.31, accuracy 10.18% <-
                                                     Time past : 8200msec
                                                     ['0:0.00%', '1:0.00%', '2:0.00%', '3:0.00%', '4:0.00%', '5:0.00%', '6:100.00%', '7:0.00%', '8:1.80%', '9:0.00%']
                                          0msec<-
                                          ->0msec
                                                     -> Cluster 88, loss : 2.25, accuracy 23.32%, model from round 23
                                                     ['0:83.00%', '1:30.70%', '2:0.00%', '3:0.00%', '4:0.00%', '5:30.20%', '6:38.70%', '7:50.60%', '8:0.00%', '9:0.00%']
                                                                                              <-> Client 0, global : from 23.32% to 10.35%, local : from 30.06% to 95.19%, training time : 16200msec
                                                     Cluster 88, round 1, loss : 4.26, accuracy 10.35% <-
                                                     Time past : 16200msec
                                                     ['0:0.00%', '1:0.00%', '2:0.00%', '3:0.00%', '4:0.00%', '5:100.00%', '6:0.00%', '7:0.00%', '8:3.50%', '9:0.00%']
                                          0msec<-
                                          ->0msec
                                                     -> Cluster 45, loss : 2.25, accuracy 23.32%, model from round 23
                                                     ['0:83.00%', '1:30.70%', '2:0.00%', '3:0.00%', '4:0.00%', '5:30.20%', '6:38.70%', '7:50.60%', '8:0.00%', '9:0.00%']
                                                                                              <-> Client 0, global : from 23.32% to 10.00%, local : from 1.60% to 95.00%, training time : 8200msec
                                                     Cluster 45, round 1, loss : 4.51, accuracy 10.00% <-
                                                     Time past : 8200msec
                                                     ['0:0.00%', '1:0.00%', '2:100.00%', '3:0.00%', '4:0.00%', '5:0.00%', '6:0.00%', '7:0.00%', '8:0.00%', '9:0.00%']
                                          0msec<-
                                          ->0msec
                                                     -> Cluster 74, loss : 2.25, accuracy 23.32%, model from round 23
                                                     ['0:83.00%', '1:30.70%', '2:0.00%', '3:0.00%', '4:0.00%', '5:30.20%', '6:38.70%', '7:50.60%', '8:0.00%', '9:0.00%']
                                                                                              <-> Client 0, global : from 23.32% to 10.01%, local : from 1.60% to 95.00%, training time : 16200msec
                                                     Cluster 74, round 1, loss : 5.00, accuracy 10.01% <-
                                                     Time past : 16200msec
                                                     ['0:0.00%', '1:0.00%', '2:0.00%', '3:100.00%', '4:0.00%', '5:0.00%', '6:0.00%', '7:0.00%', '8:0.10%', '9:0.00%']
                                          0msec<-
                                          ->0msec
                                                     -> Cluster 17, loss : 2.25, accuracy 23.32%, model from round 23
                                                     ['0:83.00%', '1:30.70%', '2:0.00%', '3:0.00%', '4:0.00%', '5:30.20%', '6:38.70%', '7:50.60%', '8:0.00%', '9:0.00%']
                                                                                              <-> Client 0, global : from 23.32% to 10.00%, local : from 1.80% to 95.00%, training time : 8200msec
                                                     Cluster 17, round 1, loss : 4.71, accuracy 10.00% <-
                                                     Time past : 8200msec
                                                     ['0:0.00%', '1:0.00%', '2:0.00%', '3:0.00%', '4:0.00%', '5:0.00%', '6:0.00%', '7:0.00%', '8:0.00%', '9:100.00%']
                                          0msec<-
                                          ->0msec
                                                     -> Cluster 75, loss : 2.25, accuracy 23.32%, model from round 23
                                                     ['0:83.00%', '1:30.70%', '2:0.00%', '3:0.00%', '4:0.00%', '5:30.20%', '6:38.70%', '7:50.60%', '8:0.00%', '9:0.00%']
                                                                                              <-> Client 0, global : from 23.32% to 10.01%, local : from 0.80% to 95.00%, training time : 16200msec
                                                     Cluster 75, round 1, loss : 4.38, accuracy 10.01% <-
                                                     Time past : 16200msec
                                                     ['0:0.00%', '1:0.00%', '2:0.00%', '3:100.00%', '4:0.00%', '5:0.00%', '6:0.00%', '7:0.00%', '8:0.10%', '9:0.00%']
                                          0msec<-
Central server round 23, loss : 2.15, accuracy :23.50%
Time past: 372600msec
['0:48.00%', '1:0.30%', '2:0.00%', '3:63.40%', '4:0.00%', '5:4.90%', '6:62.10%', '7:0.20%', '8:18.30%', '9:37.80%']
                                          ->0msec
                                                     -> Cluster 0, loss : 2.15, accuracy 23.50%, model from round 24
                                                     ['0:48.00%', '1:0.30%', '2:0.00%', '3:63.40%', '4:0.00%', '5:4.90%', '6:62.10%', '7:0.20%', '8:18.30%', '9:37.80%']
                                                                                              <-> Client 0, global : from 23.50% to 10.06%, local : from 57.68% to 94.81%, training time : 8200msec
                                                     Cluster 0, round 1, loss : 4.56, accuracy 10.06% <-
                                                     Time past : 8200msec
                                                     ['0:0.00%', '1:0.00%', '2:0.00%', '3:0.00%', '4:0.00%', '5:0.00%', '6:100.00%', '7:0.00%', '8:0.60%', '9:0.00%']
                                          0msec<-
                                          ->0msec
                                                     -> Cluster 22, loss : 2.15, accuracy 23.50%, model from round 24
                                                     ['0:48.00%', '1:0.30%', '2:0.00%', '3:63.40%', '4:0.00%', '5:4.90%', '6:62.10%', '7:0.20%', '8:18.30%', '9:37.80%']
                                                                                              <-> Client 0, global : from 23.50% to 10.02%, local : from 0.60% to 95.00%, training time : 8200msec
                                                     Cluster 22, round 1, loss : 4.74, accuracy 10.02% <-
                                                     Time past : 8200msec
                                                     ['0:0.00%', '1:0.00%', '2:0.00%', '3:0.00%', '4:100.00%', '5:0.00%', '6:0.00%', '7:0.00%', '8:0.20%', '9:0.00%']
                                          0msec<-
                                          ->0msec
                                                     -> Cluster 67, loss : 2.15, accuracy 23.50%, model from round 24
                                                     ['0:48.00%', '1:0.30%', '2:0.00%', '3:63.40%', '4:0.00%', '5:4.90%', '6:62.10%', '7:0.20%', '8:18.30%', '9:37.80%']
                                                                                              <-> Client 0, global : from 23.50% to 10.60%, local : from 23.00% to 95.20%, training time : 16200msec
                                                     Cluster 67, round 1, loss : 4.09, accuracy 10.60% <-
                                                     Time past : 16200msec
                                                     ['0:0.00%', '1:0.00%', '2:0.00%', '3:0.00%', '4:0.00%', '5:0.00%', '6:6.00%', '7:0.00%', '8:100.00%', '9:0.00%']
                                          0msec<-
                                          ->0msec
                                                     -> Cluster 40, loss : 2.15, accuracy 23.50%, model from round 24
                                                     ['0:48.00%', '1:0.30%', '2:0.00%', '3:63.40%', '4:0.00%', '5:4.90%', '6:62.10%', '7:0.20%', '8:18.30%', '9:37.80%']
                                                                                              <-> Client 0, global : from 23.50% to 10.00%, local : from 1.80% to 94.81%, training time : 8200msec
                                                     Cluster 40, round 1, loss : 4.39, accuracy 10.00% <-
                                                     Time past : 8200msec
                                                     ['0:0.00%', '1:0.00%', '2:100.00%', '3:0.00%', '4:0.00%', '5:0.00%', '6:0.00%', '7:0.00%', '8:0.00%', '9:0.00%']
                                          0msec<-
                                          ->0msec
                                                     -> Cluster 64, loss : 2.15, accuracy 23.50%, model from round 24
                                                     ['0:48.00%', '1:0.30%', '2:0.00%', '3:63.40%', '4:0.00%', '5:4.90%', '6:62.10%', '7:0.20%', '8:18.30%', '9:37.80%']
                                                                                              <-> Client 0, global : from 23.50% to 10.26%, local : from 19.80% to 95.00%, training time : 16200msec
                                                     Cluster 64, round 1, loss : 4.13, accuracy 10.26% <-
                                                     Time past : 16200msec
                                                     ['0:0.00%', '1:0.00%', '2:0.00%', '3:0.00%', '4:0.00%', '5:0.00%', '6:2.60%', '7:0.00%', '8:100.00%', '9:0.00%']
                                          0msec<-
                                          ->0msec
                                                     -> Cluster 83, loss : 2.15, accuracy 23.50%, model from round 24
                                                     ['0:48.00%', '1:0.30%', '2:0.00%', '3:63.40%', '4:0.00%', '5:4.90%', '6:62.10%', '7:0.20%', '8:18.30%', '9:37.80%']
                                                                                              <-> Client 0, global : from 23.50% to 10.00%, local : from 5.61% to 95.19%, training time : 16200msec
                                                     Cluster 83, round 1, loss : 5.06, accuracy 10.00% <-
                                                     Time past : 16200msec
                                                     ['0:0.00%', '1:0.00%', '2:0.00%', '3:0.00%', '4:0.00%', '5:100.00%', '6:0.00%', '7:0.00%', '8:0.00%', '9:0.00%']
                                          0msec<-
                                          ->0msec
                                                     -> Cluster 56, loss : 2.15, accuracy 23.50%, model from round 24
                                                     ['0:48.00%', '1:0.30%', '2:0.00%', '3:63.40%', '4:0.00%', '5:4.90%', '6:62.10%', '7:0.20%', '8:18.30%', '9:37.80%']
                                                                                              <-> Client 0, global : from 23.50% to 10.06%, local : from 1.20% to 95.00%, training time : 16200msec
                                                     Cluster 56, round 1, loss : 4.60, accuracy 10.06% <-
                                                     Time past : 16200msec
                                                     ['0:0.00%', '1:0.00%', '2:0.00%', '3:0.00%', '4:0.00%', '5:0.00%', '6:0.00%', '7:100.00%', '8:0.60%', '9:0.00%']
                                          0msec<-
                                          ->0msec
                                                     -> Cluster 87, loss : 2.15, accuracy 23.50%, model from round 24
                                                     ['0:48.00%', '1:0.30%', '2:0.00%', '3:63.40%', '4:0.00%', '5:4.90%', '6:62.10%', '7:0.20%', '8:18.30%', '9:37.80%']
                                                                                              <-> Client 0, global : from 23.50% to 10.10%, local : from 6.61% to 95.19%, training time : 16200msec
                                                     Cluster 87, round 1, loss : 4.49, accuracy 10.10% <-
                                                     Time past : 16200msec
                                                     ['0:0.20%', '1:0.00%', '2:0.00%', '3:0.00%', '4:0.00%', '5:100.00%', '6:0.00%', '7:0.00%', '8:0.80%', '9:0.00%']
                                          0msec<-
                                          ->0msec
                                                     -> Cluster 81, loss : 2.15, accuracy 23.50%, model from round 24
                                                     ['0:48.00%', '1:0.30%', '2:0.00%', '3:63.40%', '4:0.00%', '5:4.90%', '6:62.10%', '7:0.20%', '8:18.30%', '9:37.80%']
                                                                                              <-> Client 0, global : from 23.50% to 10.00%, local : from 4.80% to 95.00%, training time : 16200msec
                                                     Cluster 81, round 1, loss : 4.66, accuracy 10.00% <-
                                                     Time past : 16200msec
                                                     ['0:0.00%', '1:0.00%', '2:0.00%', '3:0.00%', '4:0.00%', '5:100.00%', '6:0.00%', '7:0.00%', '8:0.00%', '9:0.00%']
                                          0msec<-
                                          ->0msec
                                                     -> Cluster 93, loss : 2.15, accuracy 23.50%, model from round 24
                                                     ['0:48.00%', '1:0.30%', '2:0.00%', '3:63.40%', '4:0.00%', '5:4.90%', '6:62.10%', '7:0.20%', '8:18.30%', '9:37.80%']
                                                                                              <-> Client 0, global : from 23.50% to 10.00%, local : from 44.69% to 95.19%, training time : 16200msec
                                                     Cluster 93, round 1, loss : 4.23, accuracy 10.00% <-
                                                     Time past : 16200msec
                                                     ['0:100.00%', '1:0.00%', '2:0.00%', '3:0.00%', '4:0.00%', '5:0.00%', '6:0.00%', '7:0.00%', '8:0.00%', '9:0.00%']
                                          0msec<-
Central server round 24, loss : 2.16, accuracy :18.19%
Time past: 388800msec
['0:7.10%', '1:0.00%', '2:0.00%', '3:0.00%', '4:0.00%', '5:87.40%', '6:7.70%', '7:1.60%', '8:75.90%', '9:2.20%']
                                          ->0msec
                                                     -> Cluster 6, loss : 2.16, accuracy 18.19%, model from round 25
                                                     ['0:7.10%', '1:0.00%', '2:0.00%', '3:0.00%', '4:0.00%', '5:87.40%', '6:7.70%', '7:1.60%', '8:75.90%', '9:2.20%']
                                                                                              <-> Client 0, global : from 18.19% to 10.93%, local : from 7.40% to 95.00%, training time : 8200msec
                                                     Cluster 6, round 1, loss : 4.02, accuracy 10.93% <-
                                                     Time past : 8200msec
                                                     ['0:8.90%', '1:0.00%', '2:0.00%', '3:0.00%', '4:0.00%', '5:0.00%', '6:100.00%', '7:0.00%', '8:0.40%', '9:0.00%']
                                          0msec<-
                                          ->0msec
                                                     -> Cluster 9, loss : 2.16, accuracy 18.19%, model from round 25
                                                     ['0:7.10%', '1:0.00%', '2:0.00%', '3:0.00%', '4:0.00%', '5:87.40%', '6:7.70%', '7:1.60%', '8:75.90%', '9:2.20%']
                                                                                              <-> Client 0, global : from 18.19% to 11.39%, local : from 9.20% to 95.00%, training time : 8200msec
                                                     Cluster 9, round 1, loss : 4.23, accuracy 11.39% <-
                                                     Time past : 8200msec
                                                     ['0:9.10%', '1:0.00%', '2:0.00%', '3:0.00%', '4:0.00%', '5:0.00%', '6:100.00%', '7:0.00%', '8:4.80%', '9:0.00%']
                                          0msec<-
                                          ->0msec
                                                     -> Cluster 97, loss : 2.16, accuracy 18.19%, model from round 25
                                                     ['0:7.10%', '1:0.00%', '2:0.00%', '3:0.00%', '4:0.00%', '5:87.40%', '6:7.70%', '7:1.60%', '8:75.90%', '9:2.20%']
                                                                                              <-> Client 0, global : from 18.19% to 10.00%, local : from 6.21% to 95.19%, training time : 16200msec
                                                     Cluster 97, round 1, loss : 3.97, accuracy 10.00% <-
                                                     Time past : 16200msec
                                                     ['0:100.00%', '1:0.00%', '2:0.00%', '3:0.00%', '4:0.00%', '5:0.00%', '6:0.00%', '7:0.00%', '8:0.00%', '9:0.00%']
                                          0msec<-
                                          ->0msec
                                                     -> Cluster 65, loss : 2.16, accuracy 18.19%, model from round 25
                                                     ['0:7.10%', '1:0.00%', '2:0.00%', '3:0.00%', '4:0.00%', '5:87.40%', '6:7.70%', '7:1.60%', '8:75.90%', '9:2.20%']
                                                                                              <-> Client 0, global : from 18.19% to 10.95%, local : from 73.00% to 95.00%, training time : 16200msec
                                                     Cluster 65, round 1, loss : 3.72, accuracy 10.95% <-
                                                     Time past : 16200msec
                                                     ['0:0.00%', '1:0.00%', '2:0.00%', '3:0.00%', '4:0.00%', '5:6.10%', '6:3.30%', '7:0.10%', '8:100.00%', '9:0.00%']
                                          0msec<-
                                          ->0msec
                                                     -> Cluster 82, loss : 2.16, accuracy 18.19%, model from round 25
                                                     ['0:7.10%', '1:0.00%', '2:0.00%', '3:0.00%', '4:0.00%', '5:87.40%', '6:7.70%', '7:1.60%', '8:75.90%', '9:2.20%']
                                                                                              <-> Client 0, global : from 18.19% to 11.63%, local : from 85.80% to 94.80%, training time : 16200msec
                                                     Cluster 82, round 1, loss : 3.77, accuracy 11.63% <-
                                                     Time past : 16200msec
                                                     ['0:1.00%', '1:0.00%', '2:0.00%', '3:0.00%', '4:0.00%', '5:100.00%', '6:0.00%', '7:0.00%', '8:15.30%', '9:0.00%']
                                          0msec<-
                                          ->0msec
                                                     -> Cluster 47, loss : 2.16, accuracy 18.19%, model from round 25
                                                     ['0:7.10%', '1:0.00%', '2:0.00%', '3:0.00%', '4:0.00%', '5:87.40%', '6:7.70%', '7:1.60%', '8:75.90%', '9:2.20%']
                                                                                              <-> Client 0, global : from 18.19% to 10.00%, local : from 1.00% to 95.00%, training time : 8200msec
                                                     Cluster 47, round 1, loss : 4.70, accuracy 10.00% <-
                                                     Time past : 8200msec
                                                     ['0:0.00%', '1:0.00%', '2:100.00%', '3:0.00%', '4:0.00%', '5:0.00%', '6:0.00%', '7:0.00%', '8:0.00%', '9:0.00%']
                                          0msec<-
                                          ->0msec
                                                     -> Cluster 20, loss : 2.16, accuracy 18.19%, model from round 25
                                                     ['0:7.10%', '1:0.00%', '2:0.00%', '3:0.00%', '4:0.00%', '5:87.40%', '6:7.70%', '7:1.60%', '8:75.90%', '9:2.20%']
                                                                                              <-> Client 0, global : from 18.19% to 10.06%, local : from 1.40% to 94.81%, training time : 8200msec
                                                     Cluster 20, round 1, loss : 4.80, accuracy 10.06% <-
                                                     Time past : 8200msec
                                                     ['0:0.00%', '1:0.00%', '2:0.00%', '3:0.00%', '4:100.00%', '5:0.00%', '6:0.00%', '7:0.00%', '8:0.60%', '9:0.00%']
                                          0msec<-
                                          ->0msec
                                                     -> Cluster 98, loss : 2.16, accuracy 18.19%, model from round 25
                                                     ['0:7.10%', '1:0.00%', '2:0.00%', '3:0.00%', '4:0.00%', '5:87.40%', '6:7.70%', '7:1.60%', '8:75.90%', '9:2.20%']
                                                                                              <-> Client 0, global : from 18.19% to 10.00%, local : from 7.01% to 95.19%, training time : 16200msec
                                                     Cluster 98, round 1, loss : 4.40, accuracy 10.00% <-
                                                     Time past : 16200msec
                                                     ['0:100.00%', '1:0.00%', '2:0.00%', '3:0.00%', '4:0.00%', '5:0.00%', '6:0.00%', '7:0.00%', '8:0.00%', '9:0.00%']
                                          0msec<-
                                          ->0msec
                                                     -> Cluster 26, loss : 2.16, accuracy 18.19%, model from round 25
                                                     ['0:7.10%', '1:0.00%', '2:0.00%', '3:0.00%', '4:0.00%', '5:87.40%', '6:7.70%', '7:1.60%', '8:75.90%', '9:2.20%']
                                                                                              <-> Client 0, global : from 18.19% to 10.00%, local : from 0.80% to 95.00%, training time : 8200msec
                                                     Cluster 26, round 1, loss : 5.00, accuracy 10.00% <-
                                                     Time past : 8200msec
                                                     ['0:0.00%', '1:0.00%', '2:0.00%', '3:0.00%', '4:100.00%', '5:0.00%', '6:0.00%', '7:0.00%', '8:0.00%', '9:0.00%']
                                          0msec<-
                                          ->0msec
                                                     -> Cluster 39, loss : 2.16, accuracy 18.19%, model from round 25
                                                     ['0:7.10%', '1:0.00%', '2:0.00%', '3:0.00%', '4:0.00%', '5:87.40%', '6:7.70%', '7:1.60%', '8:75.90%', '9:2.20%']
                                                                                              <-> Client 0, global : from 18.19% to 10.00%, local : from 1.20% to 95.00%, training time : 8200msec
                                                     Cluster 39, round 1, loss : 4.51, accuracy 10.00% <-
                                                     Time past : 8200msec
                                                     ['0:0.00%', '1:100.00%', '2:0.00%', '3:0.00%', '4:0.00%', '5:0.00%', '6:0.00%', '7:0.00%', '8:0.00%', '9:0.00%']
                                          0msec<-
Central server round 25, loss : 2.15, accuracy :19.04%
Time past: 405000msec
['0:87.10%', '1:0.10%', '2:0.00%', '3:0.00%', '4:38.30%', '5:1.50%', '6:61.50%', '7:0.00%', '8:1.90%', '9:0.00%']
                                          ->0msec
                                                     -> Cluster 32, loss : 2.15, accuracy 19.04%, model from round 26
                                                     ['0:87.10%', '1:0.10%', '2:0.00%', '3:0.00%', '4:38.30%', '5:1.50%', '6:61.50%', '7:0.00%', '8:1.90%', '9:0.00%']
                                                                                              <-> Client 0, global : from 19.04% to 10.00%, local : from 1.00% to 95.00%, training time : 8200msec
                                                     Cluster 32, round 1, loss : 4.39, accuracy 10.00% <-
                                                     Time past : 8200msec
                                                     ['0:0.00%', '1:100.00%', '2:0.00%', '3:0.00%', '4:0.00%', '5:0.00%', '6:0.00%', '7:0.00%', '8:0.00%', '9:0.00%']
                                          0msec<-
                                          ->0msec
                                                     -> Cluster 54, loss : 2.15, accuracy 19.04%, model from round 26
                                                     ['0:87.10%', '1:0.10%', '2:0.00%', '3:0.00%', '4:38.30%', '5:1.50%', '6:61.50%', '7:0.00%', '8:1.90%', '9:0.00%']
                                                                                              <-> Client 0, global : from 19.04% to 12.72%, local : from 1.60% to 94.60%, training time : 16200msec
                                                     Cluster 54, round 1, loss : 3.04, accuracy 12.72% <-
                                                     Time past : 16200msec
                                                     ['0:13.40%', '1:0.00%', '2:0.00%', '3:0.00%', '4:0.00%', '5:0.00%', '6:0.00%', '7:99.50%', '8:14.30%', '9:0.00%']
                                          0msec<-
                                          ->0msec
                                                     -> Cluster 27, loss : 2.15, accuracy 19.04%, model from round 26
                                                     ['0:87.10%', '1:0.10%', '2:0.00%', '3:0.00%', '4:38.30%', '5:1.50%', '6:61.50%', '7:0.00%', '8:1.90%', '9:0.00%']
                                                                                              <-> Client 0, global : from 19.04% to 10.00%, local : from 33.20% to 95.00%, training time : 8200msec
                                                     Cluster 27, round 1, loss : 4.29, accuracy 10.00% <-
                                                     Time past : 8200msec
                                                     ['0:0.00%', '1:0.00%', '2:0.00%', '3:0.00%', '4:100.00%', '5:0.00%', '6:0.00%', '7:0.00%', '8:0.00%', '9:0.00%']
                                          0msec<-
                                          ->0msec
                                                     -> Cluster 72, loss : 2.15, accuracy 19.04%, model from round 26
                                                     ['0:87.10%', '1:0.10%', '2:0.00%', '3:0.00%', '4:38.30%', '5:1.50%', '6:61.50%', '7:0.00%', '8:1.90%', '9:0.00%']
                                                                                              <-> Client 0, global : from 19.04% to 10.60%, local : from 0.80% to 95.00%, training time : 16200msec
                                                     Cluster 72, round 1, loss : 3.63, accuracy 10.60% <-
                                                     Time past : 16200msec
                                                     ['0:0.00%', '1:0.00%', '2:0.00%', '3:99.90%', '4:0.00%', '5:0.00%', '6:0.00%', '7:0.00%', '8:6.10%', '9:0.00%']
                                          0msec<-
                                          ->0msec
                                                     -> Cluster 92, loss : 2.15, accuracy 19.04%, model from round 26
                                                     ['0:87.10%', '1:0.10%', '2:0.00%', '3:0.00%', '4:38.30%', '5:1.50%', '6:61.50%', '7:0.00%', '8:1.90%', '9:0.00%']
                                                                                              <-> Client 0, global : from 19.04% to 10.02%, local : from 83.20% to 95.00%, training time : 16200msec
                                                     Cluster 92, round 1, loss : 4.43, accuracy 10.02% <-
                                                     Time past : 16200msec
                                                     ['0:100.00%', '1:0.00%', '2:0.00%', '3:0.00%', '4:0.00%', '5:0.00%', '6:0.20%', '7:0.00%', '8:0.00%', '9:0.00%']
                                          0msec<-
                                          ->0msec
                                                     -> Cluster 96, loss : 2.15, accuracy 19.04%, model from round 26
                                                     ['0:87.10%', '1:0.10%', '2:0.00%', '3:0.00%', '4:38.30%', '5:1.50%', '6:61.50%', '7:0.00%', '8:1.90%', '9:0.00%']
                                                                                              <-> Client 0, global : from 19.04% to 10.00%, local : from 78.76% to 95.19%, training time : 16200msec
                                                     Cluster 96, round 1, loss : 4.58, accuracy 10.00% <-
                                                     Time past : 16200msec
                                                     ['0:100.00%', '1:0.00%', '2:0.00%', '3:0.00%', '4:0.00%', '5:0.00%', '6:0.00%', '7:0.00%', '8:0.00%', '9:0.00%']
                                          0msec<-
                                          ->0msec
                                                     -> Cluster 6, loss : 2.15, accuracy 19.04%, model from round 26
                                                     ['0:87.10%', '1:0.10%', '2:0.00%', '3:0.00%', '4:38.30%', '5:1.50%', '6:61.50%', '7:0.00%', '8:1.90%', '9:0.00%']
                                                                                              <-> Client 0, global : from 19.04% to 10.91%, local : from 58.60% to 95.00%, training time : 8200msec
                                                     Cluster 6, round 1, loss : 4.06, accuracy 10.91% <-
                                                     Time past : 8200msec
                                                     ['0:9.10%', '1:0.00%', '2:0.00%', '3:0.00%', '4:0.00%', '5:0.00%', '6:100.00%', '7:0.00%', '8:0.00%', '9:0.00%']
                                          0msec<-
                                          ->0msec
                                                     -> Cluster 63, loss : 2.15, accuracy 19.04%, model from round 26
                                                     ['0:87.10%', '1:0.10%', '2:0.00%', '3:0.00%', '4:38.30%', '5:1.50%', '6:61.50%', '7:0.00%', '8:1.90%', '9:0.00%']
                                                                                              <-> Client 0, global : from 19.04% to 10.78%, local : from 2.60% to 95.00%, training time : 16200msec
                                                     Cluster 63, round 1, loss : 4.23, accuracy 10.78% <-
                                                     Time past : 16200msec
                                                     ['0:0.00%', '1:0.00%', '2:0.00%', '3:0.00%', '4:0.30%', '5:0.00%', '6:7.50%', '7:0.00%', '8:100.00%', '9:0.00%']
                                          0msec<-
                                          ->0msec
                                                     -> Cluster 87, loss : 2.15, accuracy 19.04%, model from round 26
                                                     ['0:87.10%', '1:0.10%', '2:0.00%', '3:0.00%', '4:38.30%', '5:1.50%', '6:61.50%', '7:0.00%', '8:1.90%', '9:0.00%']
                                                                                              <-> Client 0, global : from 19.04% to 10.37%, local : from 3.81% to 95.19%, training time : 16200msec
                                                     Cluster 87, round 1, loss : 4.12, accuracy 10.37% <-
                                                     Time past : 16200msec
                                                     ['0:1.10%', '1:0.00%', '2:0.00%', '3:0.00%', '4:0.00%', '5:100.00%', '6:0.00%', '7:0.00%', '8:2.60%', '9:0.00%']
                                          0msec<-
                                          ->0msec
                                                     -> Cluster 50, loss : 2.15, accuracy 19.04%, model from round 26
                                                     ['0:87.10%', '1:0.10%', '2:0.00%', '3:0.00%', '4:38.30%', '5:1.50%', '6:61.50%', '7:0.00%', '8:1.90%', '9:0.00%']
                                                                                              <-> Client 0, global : from 19.04% to 10.05%, local : from 1.00% to 94.81%, training time : 16200msec
                                                     Cluster 50, round 1, loss : 4.42, accuracy 10.05% <-
                                                     Time past : 16200msec
                                                     ['0:0.50%', '1:0.00%', '2:0.00%', '3:0.00%', '4:0.00%', '5:0.00%', '6:0.00%', '7:100.00%', '8:0.00%', '9:0.00%']
                                          0msec<-
Central server round 26, loss : 2.07, accuracy :21.76%
Time past: 421200msec
['0:88.40%', '1:2.70%', '2:0.00%', '3:0.30%', '4:8.70%', '5:25.80%', '6:50.30%', '7:37.90%', '8:2.70%', '9:0.80%']
                                          ->0msec
                                                     -> Cluster 99, loss : 2.07, accuracy 21.76%, model from round 27
                                                     ['0:88.40%', '1:2.70%', '2:0.00%', '3:0.30%', '4:8.70%', '5:25.80%', '6:50.30%', '7:37.90%', '8:2.70%', '9:0.80%']
                                                                                              <-> Client 0, global : from 21.76% to 10.00%, local : from 81.16% to 95.19%, training time : 16200msec
                                                     Cluster 99, round 1, loss : 4.55, accuracy 10.00% <-
                                                     Time past : 16200msec
                                                     ['0:100.00%', '1:0.00%', '2:0.00%', '3:0.00%', '4:0.00%', '5:0.00%', '6:0.00%', '7:0.00%', '8:0.00%', '9:0.00%']
                                          0msec<-
                                          ->0msec
                                                     -> Cluster 78, loss : 2.07, accuracy 21.76%, model from round 27
                                                     ['0:88.40%', '1:2.70%', '2:0.00%', '3:0.30%', '4:8.70%', '5:25.80%', '6:50.30%', '7:37.90%', '8:2.70%', '9:0.80%']
                                                                                              <-> Client 0, global : from 21.76% to 10.17%, local : from 0.60% to 95.00%, training time : 16200msec
                                                     Cluster 78, round 1, loss : 4.26, accuracy 10.17% <-
                                                     Time past : 16200msec
                                                     ['0:0.00%', '1:0.00%', '2:0.00%', '3:100.00%', '4:0.00%', '5:0.00%', '6:0.00%', '7:0.00%', '8:1.70%', '9:0.00%']
                                          0msec<-
                                          ->0msec
                                                     -> Cluster 84, loss : 2.07, accuracy 21.76%, model from round 27
                                                     ['0:88.40%', '1:2.70%', '2:0.00%', '3:0.30%', '4:8.70%', '5:25.80%', '6:50.30%', '7:37.90%', '8:2.70%', '9:0.80%']
                                                                                              <-> Client 0, global : from 21.76% to 10.06%, local : from 27.25% to 95.19%, training time : 16200msec
                                                     Cluster 84, round 1, loss : 4.93, accuracy 10.06% <-
                                                     Time past : 16200msec
                                                     ['0:0.00%', '1:0.00%', '2:0.00%', '3:0.00%', '4:0.00%', '5:100.00%', '6:0.00%', '7:0.00%', '8:0.60%', '9:0.00%']
                                          0msec<-
                                          ->0msec
                                                     -> Cluster 87, loss : 2.07, accuracy 21.76%, model from round 27
                                                     ['0:88.40%', '1:2.70%', '2:0.00%', '3:0.30%', '4:8.70%', '5:25.80%', '6:50.30%', '7:37.90%', '8:2.70%', '9:0.80%']
                                                                                              <-> Client 0, global : from 21.76% to 12.62%, local : from 25.45% to 95.59%, training time : 16200msec
                                                     Cluster 87, round 1, loss : 3.43, accuracy 12.62% <-
                                                     Time past : 16200msec
                                                     ['0:21.50%', '1:0.00%', '2:0.00%', '3:0.00%', '4:0.00%', '5:99.70%', '6:0.00%', '7:0.00%', '8:3.80%', '9:1.20%']
                                          0msec<-
                                          ->0msec
                                                     -> Cluster 89, loss : 2.07, accuracy 21.76%, model from round 27
                                                     ['0:88.40%', '1:2.70%', '2:0.00%', '3:0.30%', '4:8.70%', '5:25.80%', '6:50.30%', '7:37.90%', '8:2.70%', '9:0.80%']
                                                                                              <-> Client 0, global : from 21.76% to 10.01%, local : from 28.06% to 95.19%, training time : 16200msec
                                                     Cluster 89, round 1, loss : 4.43, accuracy 10.01% <-
                                                     Time past : 16200msec
                                                     ['0:0.00%', '1:0.00%', '2:0.00%', '3:0.00%', '4:0.00%', '5:100.00%', '6:0.00%', '7:0.00%', '8:0.10%', '9:0.00%']
                                          0msec<-
                                          ->0msec
                                                     -> Cluster 10, loss : 2.07, accuracy 21.76%, model from round 27
                                                     ['0:88.40%', '1:2.70%', '2:0.00%', '3:0.30%', '4:8.70%', '5:25.80%', '6:50.30%', '7:37.90%', '8:2.70%', '9:0.80%']
                                                                                              <-> Client 0, global : from 21.76% to 10.00%, local : from 1.60% to 94.81%, training time : 8200msec
                                                     Cluster 10, round 1, loss : 3.96, accuracy 10.00% <-
                                                     Time past : 8200msec
                                                     ['0:0.00%', '1:0.00%', '2:0.00%', '3:0.00%', '4:0.00%', '5:0.00%', '6:0.00%', '7:0.00%', '8:0.00%', '9:100.00%']
                                          0msec<-
                                          ->0msec
                                                     -> Cluster 56, loss : 2.07, accuracy 21.76%, model from round 27
                                                     ['0:88.40%', '1:2.70%', '2:0.00%', '3:0.30%', '4:8.70%', '5:25.80%', '6:50.30%', '7:37.90%', '8:2.70%', '9:0.80%']
                                                                                              <-> Client 0, global : from 21.76% to 10.09%, local : from 33.80% to 95.00%, training time : 16200msec
                                                     Cluster 56, round 1, loss : 4.53, accuracy 10.09% <-
                                                     Time past : 16200msec
                                                     ['0:0.00%', '1:0.00%', '2:0.00%', '3:0.00%', '4:0.00%', '5:0.00%', '6:0.00%', '7:100.00%', '8:0.90%', '9:0.00%']
                                          0msec<-
                                          ->0msec
                                                     -> Cluster 30, loss : 2.07, accuracy 21.76%, model from round 27
                                                     ['0:88.40%', '1:2.70%', '2:0.00%', '3:0.30%', '4:8.70%', '5:25.80%', '6:50.30%', '7:37.90%', '8:2.70%', '9:0.80%']
                                                                                              <-> Client 0, global : from 21.76% to 10.00%, local : from 3.59% to 94.81%, training time : 8200msec
                                                     Cluster 30, round 1, loss : 4.15, accuracy 10.00% <-
                                                     Time past : 8200msec
                                                     ['0:0.00%', '1:100.00%', '2:0.00%', '3:0.00%', '4:0.00%', '5:0.00%', '6:0.00%', '7:0.00%', '8:0.00%', '9:0.00%']
                                          0msec<-
                                          ->0msec
                                                     -> Cluster 48, loss : 2.07, accuracy 21.76%, model from round 27
                                                     ['0:88.40%', '1:2.70%', '2:0.00%', '3:0.30%', '4:8.70%', '5:25.80%', '6:50.30%', '7:37.90%', '8:2.70%', '9:0.80%']
                                                                                              <-> Client 0, global : from 21.76% to 10.00%, local : from 0.80% to 95.00%, training time : 8200msec
                                                     Cluster 48, round 1, loss : 4.67, accuracy 10.00% <-
                                                     Time past : 8200msec
                                                     ['0:0.00%', '1:0.00%', '2:100.00%', '3:0.00%', '4:0.00%', '5:0.00%', '6:0.00%', '7:0.00%', '8:0.00%', '9:0.00%']
                                          0msec<-
                                          ->0msec
                                                     -> Cluster 55, loss : 2.07, accuracy 21.76%, model from round 27
                                                     ['0:88.40%', '1:2.70%', '2:0.00%', '3:0.30%', '4:8.70%', '5:25.80%', '6:50.30%', '7:37.90%', '8:2.70%', '9:0.80%']
                                                                                              <-> Client 0, global : from 21.76% to 10.00%, local : from 40.20% to 95.00%, training time : 16200msec
                                                     Cluster 55, round 1, loss : 5.23, accuracy 10.00% <-
                                                     Time past : 16200msec
                                                     ['0:0.00%', '1:0.00%', '2:0.00%', '3:0.00%', '4:0.00%', '5:0.00%', '6:0.00%', '7:100.00%', '8:0.00%', '9:0.00%']
                                          0msec<-
Central server round 27, loss : 2.17, accuracy :22.06%
Time past: 437400msec
['0:50.40%', '1:0.30%', '2:0.00%', '3:0.00%', '4:0.00%', '5:82.80%', '6:0.00%', '7:30.40%', '8:5.40%', '9:51.30%']
                                          ->0msec
                                                     -> Cluster 15, loss : 2.17, accuracy 22.06%, model from round 28
                                                     ['0:50.40%', '1:0.30%', '2:0.00%', '3:0.00%', '4:0.00%', '5:82.80%', '6:0.00%', '7:30.40%', '8:5.40%', '9:51.30%']
                                                                                              <-> Client 0, global : from 22.06% to 10.00%, local : from 54.80% to 95.00%, training time : 8200msec
                                                     Cluster 15, round 1, loss : 4.58, accuracy 10.00% <-
                                                     Time past : 8200msec
                                                     ['0:0.00%', '1:0.00%', '2:0.00%', '3:0.00%', '4:0.00%', '5:0.00%', '6:0.00%', '7:0.00%', '8:0.00%', '9:100.00%']
                                          0msec<-
                                          ->0msec
                                                     -> Cluster 84, loss : 2.17, accuracy 22.06%, model from round 28
                                                     ['0:50.40%', '1:0.30%', '2:0.00%', '3:0.00%', '4:0.00%', '5:82.80%', '6:0.00%', '7:30.40%', '8:5.40%', '9:51.30%']
                                                                                              <-> Client 0, global : from 22.06% to 10.22%, local : from 81.36% to 95.19%, training time : 16200msec
                                                     Cluster 84, round 1, loss : 4.16, accuracy 10.22% <-
                                                     Time past : 16200msec
                                                     ['0:0.00%', '1:0.00%', '2:0.00%', '3:0.00%', '4:0.00%', '5:100.00%', '6:0.00%', '7:0.00%', '8:2.20%', '9:0.00%']
                                          0msec<-
                                          ->0msec
                                                     -> Cluster 37, loss : 2.17, accuracy 22.06%, model from round 28
                                                     ['0:50.40%', '1:0.30%', '2:0.00%', '3:0.00%', '4:0.00%', '5:82.80%', '6:0.00%', '7:30.40%', '8:5.40%', '9:51.30%']
                                                                                              <-> Client 0, global : from 22.06% to 10.00%, local : from 1.40% to 95.00%, training time : 8200msec
                                                     Cluster 37, round 1, loss : 4.29, accuracy 10.00% <-
                                                     Time past : 8200msec
                                                     ['0:0.00%', '1:100.00%', '2:0.00%', '3:0.00%', '4:0.00%', '5:0.00%', '6:0.00%', '7:0.00%', '8:0.00%', '9:0.00%']
                                          0msec<-
                                          ->0msec
                                                     -> Cluster 35, loss : 2.17, accuracy 22.06%, model from round 28
                                                     ['0:50.40%', '1:0.30%', '2:0.00%', '3:0.00%', '4:0.00%', '5:82.80%', '6:0.00%', '7:30.40%', '8:5.40%', '9:51.30%']
                                                                                              <-> Client 0, global : from 22.06% to 10.00%, local : from 1.40% to 95.00%, training time : 8200msec
                                                     Cluster 35, round 1, loss : 4.45, accuracy 10.00% <-
                                                     Time past : 8200msec
                                                     ['0:0.00%', '1:100.00%', '2:0.00%', '3:0.00%', '4:0.00%', '5:0.00%', '6:0.00%', '7:0.00%', '8:0.00%', '9:0.00%']
                                          0msec<-
                                          ->0msec
                                                     -> Cluster 31, loss : 2.17, accuracy 22.06%, model from round 28
                                                     ['0:50.40%', '1:0.30%', '2:0.00%', '3:0.00%', '4:0.00%', '5:82.80%', '6:0.00%', '7:30.40%', '8:5.40%', '9:51.30%']
                                                                                              <-> Client 0, global : from 22.06% to 10.00%, local : from 1.40% to 94.81%, training time : 8200msec
                                                     Cluster 31, round 1, loss : 4.75, accuracy 10.00% <-
                                                     Time past : 8200msec
                                                     ['0:0.00%', '1:100.00%', '2:0.00%', '3:0.00%', '4:0.00%', '5:0.00%', '6:0.00%', '7:0.00%', '8:0.00%', '9:0.00%']
                                          0msec<-
                                          ->0msec
                                                     -> Cluster 48, loss : 2.17, accuracy 22.06%, model from round 28
                                                     ['0:50.40%', '1:0.30%', '2:0.00%', '3:0.00%', '4:0.00%', '5:82.80%', '6:0.00%', '7:30.40%', '8:5.40%', '9:51.30%']
                                                                                              <-> Client 0, global : from 22.06% to 10.00%, local : from 1.20% to 95.00%, training time : 8200msec
                                                     Cluster 48, round 1, loss : 4.84, accuracy 10.00% <-
                                                     Time past : 8200msec
                                                     ['0:0.00%', '1:0.00%', '2:100.00%', '3:0.00%', '4:0.00%', '5:0.00%', '6:0.00%', '7:0.00%', '8:0.00%', '9:0.00%']
                                          0msec<-
                                          ->0msec
                                                     -> Cluster 95, loss : 2.17, accuracy 22.06%, model from round 28
                                                     ['0:50.40%', '1:0.30%', '2:0.00%', '3:0.00%', '4:0.00%', '5:82.80%', '6:0.00%', '7:30.40%', '8:5.40%', '9:51.30%']
                                                                                              <-> Client 0, global : from 22.06% to 10.00%, local : from 48.90% to 95.19%, training time : 16200msec
                                                     Cluster 95, round 1, loss : 4.50, accuracy 10.00% <-
                                                     Time past : 16200msec
                                                     ['0:100.00%', '1:0.00%', '2:0.00%', '3:0.00%', '4:0.00%', '5:0.00%', '6:0.00%', '7:0.00%', '8:0.00%', '9:0.00%']
                                          0msec<-
                                          ->0msec
                                                     -> Cluster 71, loss : 2.17, accuracy 22.06%, model from round 28
                                                     ['0:50.40%', '1:0.30%', '2:0.00%', '3:0.00%', '4:0.00%', '5:82.80%', '6:0.00%', '7:30.40%', '8:5.40%', '9:51.30%']
                                                                                              <-> Client 0, global : from 22.06% to 11.22%, local : from 1.00% to 95.20%, training time : 16200msec
                                                     Cluster 71, round 1, loss : 3.80, accuracy 11.22% <-
                                                     Time past : 16200msec
                                                     ['0:0.00%', '1:0.00%', '2:0.00%', '3:99.80%', '4:0.00%', '5:0.00%', '6:0.00%', '7:0.00%', '8:4.90%', '9:7.50%']
                                          0msec<-
                                          ->0msec
                                                     -> Cluster 0, loss : 2.17, accuracy 22.06%, model from round 28
                                                     ['0:50.40%', '1:0.30%', '2:0.00%', '3:0.00%', '4:0.00%', '5:82.80%', '6:0.00%', '7:30.40%', '8:5.40%', '9:51.30%']
                                                                                              <-> Client 0, global : from 22.06% to 10.10%, local : from 1.00% to 94.81%, training time : 8200msec
                                                     Cluster 0, round 1, loss : 4.66, accuracy 10.10% <-
                                                     Time past : 8200msec
                                                     ['0:0.20%', '1:0.00%', '2:0.00%', '3:0.00%', '4:0.00%', '5:0.00%', '6:100.00%', '7:0.00%', '8:0.80%', '9:0.00%']
                                          0msec<-
                                          ->0msec
                                                     -> Cluster 24, loss : 2.17, accuracy 22.06%, model from round 28
                                                     ['0:50.40%', '1:0.30%', '2:0.00%', '3:0.00%', '4:0.00%', '5:82.80%', '6:0.00%', '7:30.40%', '8:5.40%', '9:51.30%']
                                                                                              <-> Client 0, global : from 22.06% to 11.89%, local : from 1.60% to 94.40%, training time : 8200msec
                                                     Cluster 24, round 1, loss : 3.60, accuracy 11.89% <-
                                                     Time past : 8200msec
                                                     ['0:18.80%', '1:0.00%', '2:0.00%', '3:0.00%', '4:99.50%', '5:0.00%', '6:0.00%', '7:0.00%', '8:0.00%', '9:0.60%']
                                          0msec<-
Central server round 28, loss : 2.13, accuracy :17.06%
Time past: 453600msec
['0:27.30%', '1:91.10%', '2:0.00%', '3:1.50%', '4:0.30%', '5:7.60%', '6:22.10%', '7:0.00%', '8:6.30%', '9:14.40%']
                                          ->0msec
                                                     -> Cluster 34, loss : 2.13, accuracy 17.06%, model from round 29
                                                     ['0:27.30%', '1:91.10%', '2:0.00%', '3:1.50%', '4:0.30%', '5:7.60%', '6:22.10%', '7:0.00%', '8:6.30%', '9:14.40%']
                                                                                              <-> Client 0, global : from 17.06% to 10.00%, local : from 85.80% to 95.00%, training time : 8200msec
                                                     Cluster 34, round 1, loss : 4.25, accuracy 10.00% <-
                                                     Time past : 8200msec
                                                     ['0:0.00%', '1:100.00%', '2:0.00%', '3:0.00%', '4:0.00%', '5:0.00%', '6:0.00%', '7:0.00%', '8:0.00%', '9:0.00%']
                                          0msec<-
                                          ->0msec
                                                     -> Cluster 39, loss : 2.13, accuracy 17.06%, model from round 29
                                                     ['0:27.30%', '1:91.10%', '2:0.00%', '3:1.50%', '4:0.30%', '5:7.60%', '6:22.10%', '7:0.00%', '8:6.30%', '9:14.40%']
                                                                                              <-> Client 0, global : from 17.06% to 10.00%, local : from 86.40% to 95.00%, training time : 8200msec
                                                     Cluster 39, round 1, loss : 4.95, accuracy 10.00% <-
                                                     Time past : 8200msec
                                                     ['0:0.00%', '1:100.00%', '2:0.00%', '3:0.00%', '4:0.00%', '5:0.00%', '6:0.00%', '7:0.00%', '8:0.00%', '9:0.00%']
                                          0msec<-
                                          ->0msec
                                                     -> Cluster 74, loss : 2.13, accuracy 17.06%, model from round 29
                                                     ['0:27.30%', '1:91.10%', '2:0.00%', '3:1.50%', '4:0.30%', '5:7.60%', '6:22.10%', '7:0.00%', '8:6.30%', '9:14.40%']
                                                                                              <-> Client 0, global : from 17.06% to 10.04%, local : from 1.80% to 95.00%, training time : 16200msec
                                                     Cluster 74, round 1, loss : 5.01, accuracy 10.04% <-
                                                     Time past : 16200msec
                                                     ['0:0.00%', '1:0.00%', '2:0.00%', '3:100.00%', '4:0.00%', '5:0.00%', '6:0.00%', '7:0.00%', '8:0.40%', '9:0.00%']
                                          0msec<-
                                          ->0msec
                                                     -> Cluster 96, loss : 2.13, accuracy 17.06%, model from round 29
                                                     ['0:27.30%', '1:91.10%', '2:0.00%', '3:1.50%', '4:0.30%', '5:7.60%', '6:22.10%', '7:0.00%', '8:6.30%', '9:14.40%']
                                                                                              <-> Client 0, global : from 17.06% to 10.00%, local : from 23.85% to 95.19%, training time : 16200msec
                                                     Cluster 96, round 1, loss : 4.32, accuracy 10.00% <-
                                                     Time past : 16200msec
                                                     ['0:100.00%', '1:0.00%', '2:0.00%', '3:0.00%', '4:0.00%', '5:0.00%', '6:0.00%', '7:0.00%', '8:0.00%', '9:0.00%']
                                          0msec<-
                                          ->0msec
                                                     -> Cluster 32, loss : 2.13, accuracy 17.06%, model from round 29
                                                     ['0:27.30%', '1:91.10%', '2:0.00%', '3:1.50%', '4:0.30%', '5:7.60%', '6:22.10%', '7:0.00%', '8:6.30%', '9:14.40%']
                                                                                              <-> Client 0, global : from 17.06% to 10.00%, local : from 84.00% to 95.00%, training time : 8200msec
                                                     Cluster 32, round 1, loss : 4.21, accuracy 10.00% <-
                                                     Time past : 8200msec
                                                     ['0:0.00%', '1:100.00%', '2:0.00%', '3:0.00%', '4:0.00%', '5:0.00%', '6:0.00%', '7:0.00%', '8:0.00%', '9:0.00%']
                                          0msec<-
                                          ->0msec
                                                     -> Cluster 87, loss : 2.13, accuracy 17.06%, model from round 29
                                                     ['0:27.30%', '1:91.10%', '2:0.00%', '3:1.50%', '4:0.30%', '5:7.60%', '6:22.10%', '7:0.00%', '8:6.30%', '9:14.40%']
                                                                                              <-> Client 0, global : from 17.06% to 10.30%, local : from 10.62% to 95.19%, training time : 16200msec
                                                     Cluster 87, round 1, loss : 4.25, accuracy 10.30% <-
                                                     Time past : 16200msec
                                                     ['0:1.30%', '1:0.00%', '2:0.00%', '3:0.00%', '4:0.00%', '5:100.00%', '6:0.00%', '7:0.00%', '8:1.70%', '9:0.00%']
                                          0msec<-
                                          ->0msec
                                                     -> Cluster 57, loss : 2.13, accuracy 17.06%, model from round 29
                                                     ['0:27.30%', '1:91.10%', '2:0.00%', '3:1.50%', '4:0.30%', '5:7.60%', '6:22.10%', '7:0.00%', '8:6.30%', '9:14.40%']
                                                                                              <-> Client 0, global : from 17.06% to 12.08%, local : from 1.20% to 94.80%, training time : 16200msec
                                                     Cluster 57, round 1, loss : 3.76, accuracy 12.08% <-
                                                     Time past : 16200msec
                                                     ['0:21.10%', '1:0.00%', '2:0.00%', '3:0.00%', '4:0.00%', '5:0.00%', '6:0.00%', '7:99.70%', '8:0.00%', '9:0.00%']
                                          0msec<-
                                          ->0msec
                                                     -> Cluster 21, loss : 2.13, accuracy 17.06%, model from round 29
                                                     ['0:27.30%', '1:91.10%', '2:0.00%', '3:1.50%', '4:0.30%', '5:7.60%', '6:22.10%', '7:0.00%', '8:6.30%', '9:14.40%']
                                                                                              <-> Client 0, global : from 17.06% to 10.06%, local : from 0.80% to 94.81%, training time : 8200msec
                                                     Cluster 21, round 1, loss : 4.07, accuracy 10.06% <-
                                                     Time past : 8200msec
                                                     ['0:0.00%', '1:0.00%', '2:0.00%', '3:0.00%', '4:99.90%', '5:0.00%', '6:0.00%', '7:0.00%', '8:0.70%', '9:0.00%']
                                          0msec<-
                                          ->0msec
                                                     -> Cluster 69, loss : 2.13, accuracy 17.06%, model from round 29
                                                     ['0:27.30%', '1:91.10%', '2:0.00%', '3:1.50%', '4:0.30%', '5:7.60%', '6:22.10%', '7:0.00%', '8:6.30%', '9:14.40%']
                                                                                              <-> Client 0, global : from 17.06% to 11.63%, local : from 6.60% to 95.60%, training time : 16200msec
                                                     Cluster 69, round 1, loss : 4.25, accuracy 11.63% <-
                                                     Time past : 16200msec
                                                     ['0:0.00%', '1:0.00%', '2:0.00%', '3:0.00%', '4:0.00%', '5:0.00%', '6:16.30%', '7:0.00%', '8:100.00%', '9:0.00%']
                                          0msec<-
                                          ->0msec
                                                     -> Cluster 45, loss : 2.13, accuracy 17.06%, model from round 29
                                                     ['0:27.30%', '1:91.10%', '2:0.00%', '3:1.50%', '4:0.30%', '5:7.60%', '6:22.10%', '7:0.00%', '8:6.30%', '9:14.40%']
                                                                                              <-> Client 0, global : from 17.06% to 10.00%, local : from 1.40% to 95.00%, training time : 8200msec
                                                     Cluster 45, round 1, loss : 3.77, accuracy 10.00% <-
                                                     Time past : 8200msec
                                                     ['0:0.00%', '1:0.00%', '2:100.00%', '3:0.00%', '4:0.00%', '5:0.00%', '6:0.00%', '7:0.00%', '8:0.00%', '9:0.00%']
                                          0msec<-
Central server round 29, loss : 2.09, accuracy :19.83%
Time past: 469800msec
['0:50.80%', '1:83.50%', '2:0.00%', '3:0.10%', '4:15.90%', '5:16.70%', '6:4.60%', '7:6.80%', '8:19.90%', '9:0.00%']
                                          ->0msec
                                                     -> Cluster 72, loss : 2.09, accuracy 19.83%, model from round 30
                                                     ['0:50.80%', '1:83.50%', '2:0.00%', '3:0.10%', '4:15.90%', '5:16.70%', '6:4.60%', '7:6.80%', '8:19.90%', '9:0.00%']
                                                                                              <-> Client 0, global : from 19.83% to 10.01%, local : from 0.60% to 95.00%, training time : 16200msec
                                                     Cluster 72, round 1, loss : 4.74, accuracy 10.01% <-
                                                     Time past : 16200msec
                                                     ['0:0.00%', '1:0.00%', '2:0.00%', '3:100.00%', '4:0.00%', '5:0.00%', '6:0.00%', '7:0.00%', '8:0.10%', '9:0.00%']
                                          0msec<-
                                          ->0msec
                                                     -> Cluster 95, loss : 2.09, accuracy 19.83%, model from round 30
                                                     ['0:50.80%', '1:83.50%', '2:0.00%', '3:0.10%', '4:15.90%', '5:16.70%', '6:4.60%', '7:6.80%', '8:19.90%', '9:0.00%']
                                                                                              <-> Client 0, global : from 19.83% to 10.00%, local : from 50.70% to 95.19%, training time : 16200msec
                                                     Cluster 95, round 1, loss : 4.42, accuracy 10.00% <-
                                                     Time past : 16200msec
                                                     ['0:100.00%', '1:0.00%', '2:0.00%', '3:0.00%', '4:0.00%', '5:0.00%', '6:0.00%', '7:0.00%', '8:0.00%', '9:0.00%']
                                          0msec<-
                                          ->0msec
                                                     -> Cluster 1, loss : 2.09, accuracy 19.83%, model from round 30
                                                     ['0:50.80%', '1:83.50%', '2:0.00%', '3:0.10%', '4:15.90%', '5:16.70%', '6:4.60%', '7:6.80%', '8:19.90%', '9:0.00%']
                                                                                              <-> Client 0, global : from 19.83% to 10.85%, local : from 5.59% to 94.81%, training time : 8200msec
                                                     Cluster 1, round 1, loss : 4.42, accuracy 10.85% <-
                                                     Time past : 8200msec
                                                     ['0:0.00%', '1:0.00%', '2:0.00%', '3:0.00%', '4:0.00%', '5:0.00%', '6:100.00%', '7:0.00%', '8:8.50%', '9:0.00%']
                                          0msec<-
                                          ->0msec
                                                     -> Cluster 69, loss : 2.09, accuracy 19.83%, model from round 30
                                                     ['0:50.80%', '1:83.50%', '2:0.00%', '3:0.10%', '4:15.90%', '5:16.70%', '6:4.60%', '7:6.80%', '8:19.90%', '9:0.00%']
                                                                                              <-> Client 0, global : from 19.83% to 14.01%, local : from 18.20% to 95.80%, training time : 16200msec
                                                     Cluster 69, round 1, loss : 3.41, accuracy 14.01% <-
                                                     Time past : 16200msec
                                                     ['0:0.00%', '1:0.00%', '2:0.00%', '3:0.00%', '4:1.60%', '5:0.00%', '6:38.70%', '7:0.10%', '8:99.70%', '9:0.00%']
                                          0msec<-
                                          ->0msec
                                                     -> Cluster 37, loss : 2.09, accuracy 19.83%, model from round 30
                                                     ['0:50.80%', '1:83.50%', '2:0.00%', '3:0.10%', '4:15.90%', '5:16.70%', '6:4.60%', '7:6.80%', '8:19.90%', '9:0.00%']
                                                                                              <-> Client 0, global : from 19.83% to 10.00%, local : from 79.80% to 95.00%, training time : 8200msec
                                                     Cluster 37, round 1, loss : 3.91, accuracy 10.00% <-
                                                     Time past : 8200msec
                                                     ['0:0.00%', '1:100.00%', '2:0.00%', '3:0.00%', '4:0.00%', '5:0.00%', '6:0.00%', '7:0.00%', '8:0.00%', '9:0.00%']
                                          0msec<-
                                          ->0msec
                                                     -> Cluster 86, loss : 2.09, accuracy 19.83%, model from round 30
                                                     ['0:50.80%', '1:83.50%', '2:0.00%', '3:0.10%', '4:15.90%', '5:16.70%', '6:4.60%', '7:6.80%', '8:19.90%', '9:0.00%']
                                                                                              <-> Client 0, global : from 19.83% to 10.20%, local : from 17.23% to 95.19%, training time : 16200msec
                                                     Cluster 86, round 1, loss : 4.62, accuracy 10.20% <-
                                                     Time past : 16200msec
                                                     ['0:0.00%', '1:0.00%', '2:0.00%', '3:0.00%', '4:0.00%', '5:100.00%', '6:0.00%', '7:0.00%', '8:1.90%', '9:0.10%']
                                          0msec<-
                                          ->0msec
                                                     -> Cluster 97, loss : 2.09, accuracy 19.83%, model from round 30
                                                     ['0:50.80%', '1:83.50%', '2:0.00%', '3:0.10%', '4:15.90%', '5:16.70%', '6:4.60%', '7:6.80%', '8:19.90%', '9:0.00%']
                                                                                              <-> Client 0, global : from 19.83% to 10.00%, local : from 48.10% to 95.19%, training time : 16200msec
                                                     Cluster 97, round 1, loss : 4.31, accuracy 10.00% <-
                                                     Time past : 16200msec
                                                     ['0:100.00%', '1:0.00%', '2:0.00%', '3:0.00%', '4:0.00%', '5:0.00%', '6:0.00%', '7:0.00%', '8:0.00%', '9:0.00%']
                                          0msec<-
                                          ->0msec
                                                     -> Cluster 92, loss : 2.09, accuracy 19.83%, model from round 30
                                                     ['0:50.80%', '1:83.50%', '2:0.00%', '3:0.10%', '4:15.90%', '5:16.70%', '6:4.60%', '7:6.80%', '8:19.90%', '9:0.00%']
                                                                                              <-> Client 0, global : from 19.83% to 10.00%, local : from 46.00% to 95.00%, training time : 16200msec
                                                     Cluster 92, round 1, loss : 4.57, accuracy 10.00% <-
                                                     Time past : 16200msec
                                                     ['0:100.00%', '1:0.00%', '2:0.00%', '3:0.00%', '4:0.00%', '5:0.00%', '6:0.00%', '7:0.00%', '8:0.00%', '9:0.00%']
                                          0msec<-
                                          ->0msec
                                                     -> Cluster 83, loss : 2.09, accuracy 19.83%, model from round 30
                                                     ['0:50.80%', '1:83.50%', '2:0.00%', '3:0.10%', '4:15.90%', '5:16.70%', '6:4.60%', '7:6.80%', '8:19.90%', '9:0.00%']
                                                                                              <-> Client 0, global : from 19.83% to 10.02%, local : from 18.24% to 95.19%, training time : 16200msec
                                                     Cluster 83, round 1, loss : 4.65, accuracy 10.02% <-
                                                     Time past : 16200msec
                                                     ['0:0.00%', '1:0.00%', '2:0.00%', '3:0.00%', '4:0.00%', '5:100.00%', '6:0.00%', '7:0.00%', '8:0.20%', '9:0.00%']
                                          0msec<-
                                          ->0msec
                                                     -> Cluster 17, loss : 2.09, accuracy 19.83%, model from round 30
                                                     ['0:50.80%', '1:83.50%', '2:0.00%', '3:0.10%', '4:15.90%', '5:16.70%', '6:4.60%', '7:6.80%', '8:19.90%', '9:0.00%']
                                                                                              <-> Client 0, global : from 19.83% to 10.03%, local : from 1.00% to 95.00%, training time : 8200msec
                                                     Cluster 17, round 1, loss : 4.24, accuracy 10.03% <-
                                                     Time past : 8200msec
                                                     ['0:0.00%', '1:0.00%', '2:0.00%', '3:0.30%', '4:0.00%', '5:0.00%', '6:0.00%', '7:0.00%', '8:0.00%', '9:100.00%']
                                          0msec<-
Central server round 30, loss : 2.12, accuracy :18.98%
Time past: 486000msec
['0:92.20%', '1:2.30%', '2:0.00%', '3:1.00%', '4:0.00%', '5:29.40%', '6:56.30%', '7:0.00%', '8:1.00%', '9:7.60%']
                                          ->0msec
                                                     -> Cluster 44, loss : 2.12, accuracy 18.98%, model from round 31
                                                     ['0:92.20%', '1:2.30%', '2:0.00%', '3:1.00%', '4:0.00%', '5:29.40%', '6:56.30%', '7:0.00%', '8:1.00%', '9:7.60%']
                                                                                              <-> Client 0, global : from 18.98% to 10.00%, local : from 0.20% to 95.00%, training time : 8200msec
                                                     Cluster 44, round 1, loss : 4.56, accuracy 10.00% <-
                                                     Time past : 8200msec
                                                     ['0:0.00%', '1:0.00%', '2:100.00%', '3:0.00%', '4:0.00%', '5:0.00%', '6:0.00%', '7:0.00%', '8:0.00%', '9:0.00%']
                                          0msec<-
                                          ->0msec
                                                     -> Cluster 39, loss : 2.12, accuracy 18.98%, model from round 31
                                                     ['0:92.20%', '1:2.30%', '2:0.00%', '3:1.00%', '4:0.00%', '5:29.40%', '6:56.30%', '7:0.00%', '8:1.00%', '9:7.60%']
                                                                                              <-> Client 0, global : from 18.98% to 10.00%, local : from 2.00% to 95.00%, training time : 8200msec
                                                     Cluster 39, round 1, loss : 4.28, accuracy 10.00% <-
                                                     Time past : 8200msec
                                                     ['0:0.00%', '1:100.00%', '2:0.00%', '3:0.00%', '4:0.00%', '5:0.00%', '6:0.00%', '7:0.00%', '8:0.00%', '9:0.00%']
                                          0msec<-
                                          ->0msec
                                                     -> Cluster 69, loss : 2.12, accuracy 18.98%, model from round 31
                                                     ['0:92.20%', '1:2.30%', '2:0.00%', '3:1.00%', '4:0.00%', '5:29.40%', '6:56.30%', '7:0.00%', '8:1.00%', '9:7.60%']
                                                                                              <-> Client 0, global : from 18.98% to 12.07%, local : from 2.60% to 95.80%, training time : 16200msec
                                                     Cluster 69, round 1, loss : 4.13, accuracy 12.07% <-
                                                     Time past : 16200msec
                                                     ['0:0.00%', '1:0.00%', '2:0.00%', '3:0.00%', '4:0.00%', '5:0.00%', '6:20.70%', '7:0.00%', '8:100.00%', '9:0.00%']
                                          0msec<-
                                          ->0msec
                                                     -> Cluster 51, loss : 2.12, accuracy 18.98%, model from round 31
                                                     ['0:92.20%', '1:2.30%', '2:0.00%', '3:1.00%', '4:0.00%', '5:29.40%', '6:56.30%', '7:0.00%', '8:1.00%', '9:7.60%']
                                                                                              <-> Client 0, global : from 18.98% to 10.14%, local : from 0.80% to 94.81%, training time : 16200msec
                                                     Cluster 51, round 1, loss : 4.80, accuracy 10.14% <-
                                                     Time past : 16200msec
                                                     ['0:0.00%', '1:0.00%', '2:0.00%', '3:0.00%', '4:0.00%', '5:0.00%', '6:0.00%', '7:100.00%', '8:1.40%', '9:0.00%']
                                          0msec<-
                                          ->0msec
                                                     -> Cluster 43, loss : 2.12, accuracy 18.98%, model from round 31
                                                     ['0:92.20%', '1:2.30%', '2:0.00%', '3:1.00%', '4:0.00%', '5:29.40%', '6:56.30%', '7:0.00%', '8:1.00%', '9:7.60%']
                                                                                              <-> Client 0, global : from 18.98% to 10.09%, local : from 0.80% to 95.20%, training time : 8200msec
                                                     Cluster 43, round 1, loss : 3.96, accuracy 10.09% <-
                                                     Time past : 8200msec
                                                     ['0:0.00%', '1:0.00%', '2:100.00%', '3:0.00%', '4:0.00%', '5:0.00%', '6:0.00%', '7:0.00%', '8:0.90%', '9:0.00%']
                                          0msec<-
                                          ->0msec
                                                     -> Cluster 93, loss : 2.12, accuracy 18.98%, model from round 31
                                                     ['0:92.20%', '1:2.30%', '2:0.00%', '3:1.00%', '4:0.00%', '5:29.40%', '6:56.30%', '7:0.00%', '8:1.00%', '9:7.60%']
                                                                                              <-> Client 0, global : from 18.98% to 10.00%, local : from 86.97% to 95.19%, training time : 16200msec
                                                     Cluster 93, round 1, loss : 4.27, accuracy 10.00% <-
                                                     Time past : 16200msec
                                                     ['0:100.00%', '1:0.00%', '2:0.00%', '3:0.00%', '4:0.00%', '5:0.00%', '6:0.00%', '7:0.00%', '8:0.00%', '9:0.00%']
                                          0msec<-
                                          ->0msec
                                                     -> Cluster 87, loss : 2.12, accuracy 18.98%, model from round 31
                                                     ['0:92.20%', '1:2.30%', '2:0.00%', '3:1.00%', '4:0.00%', '5:29.40%', '6:56.30%', '7:0.00%', '8:1.00%', '9:7.60%']
                                                                                              <-> Client 0, global : from 18.98% to 10.44%, local : from 31.66% to 95.19%, training time : 16200msec
                                                     Cluster 87, round 1, loss : 4.41, accuracy 10.44% <-
                                                     Time past : 16200msec
                                                     ['0:2.00%', '1:0.00%', '2:0.00%', '3:0.00%', '4:0.00%', '5:100.00%', '6:0.00%', '7:0.00%', '8:2.40%', '9:0.00%']
                                          0msec<-
                                          ->0msec
                                                     -> Cluster 73, loss : 2.12, accuracy 18.98%, model from round 31
                                                     ['0:92.20%', '1:2.30%', '2:0.00%', '3:1.00%', '4:0.00%', '5:29.40%', '6:56.30%', '7:0.00%', '8:1.00%', '9:7.60%']
                                                                                              <-> Client 0, global : from 18.98% to 10.01%, local : from 2.80% to 95.00%, training time : 16200msec
                                                     Cluster 73, round 1, loss : 5.08, accuracy 10.01% <-
                                                     Time past : 16200msec
                                                     ['0:0.10%', '1:0.00%', '2:0.00%', '3:100.00%', '4:0.00%', '5:0.00%', '6:0.00%', '7:0.00%', '8:0.00%', '9:0.00%']
                                          0msec<-
                                          ->0msec
                                                     -> Cluster 63, loss : 2.12, accuracy 18.98%, model from round 31
                                                     ['0:92.20%', '1:2.30%', '2:0.00%', '3:1.00%', '4:0.00%', '5:29.40%', '6:56.30%', '7:0.00%', '8:1.00%', '9:7.60%']
                                                                                              <-> Client 0, global : from 18.98% to 11.17%, local : from 2.60% to 95.00%, training time : 16200msec
                                                     Cluster 63, round 1, loss : 4.26, accuracy 11.17% <-
                                                     Time past : 16200msec
                                                     ['0:0.00%', '1:0.00%', '2:0.00%', '3:0.00%', '4:0.60%', '5:0.00%', '6:11.10%', '7:0.00%', '8:100.00%', '9:0.00%']
                                          0msec<-
                                          ->0msec
                                                     -> Cluster 14, loss : 2.12, accuracy 18.98%, model from round 31
                                                     ['0:92.20%', '1:2.30%', '2:0.00%', '3:1.00%', '4:0.00%', '5:29.40%', '6:56.30%', '7:0.00%', '8:1.00%', '9:7.60%']
                                                                                              <-> Client 0, global : from 18.98% to 10.04%, local : from 11.60% to 95.00%, training time : 8200msec
                                                     Cluster 14, round 1, loss : 3.99, accuracy 10.04% <-
                                                     Time past : 8200msec
                                                     ['0:0.00%', '1:0.00%', '2:0.00%', '3:0.00%', '4:0.20%', '5:0.20%', '6:0.00%', '7:0.00%', '8:0.00%', '9:100.00%']
                                          0msec<-
Central server round 31, loss : 2.05, accuracy :19.48%
Time past: 502200msec
['0:6.40%', '1:0.20%', '2:73.70%', '3:0.80%', '4:6.60%', '5:5.40%', '6:9.20%', '7:5.80%', '8:81.20%', '9:5.50%']
                                          ->0msec
                                                     -> Cluster 57, loss : 2.05, accuracy 19.48%, model from round 32
                                                     ['0:6.40%', '1:0.20%', '2:73.70%', '3:0.80%', '4:6.60%', '5:5.40%', '6:9.20%', '7:5.80%', '8:81.20%', '9:5.50%']
                                                                                              <-> Client 0, global : from 19.48% to 10.63%, local : from 5.80% to 95.00%, training time : 16200msec
                                                     Cluster 57, round 1, loss : 4.52, accuracy 10.63% <-
                                                     Time past : 16200msec
                                                     ['0:6.00%', '1:0.00%', '2:0.00%', '3:0.00%', '4:0.00%', '5:0.00%', '6:0.00%', '7:100.00%', '8:0.30%', '9:0.00%']
                                          0msec<-
                                          ->0msec
                                                     -> Cluster 79, loss : 2.05, accuracy 19.48%, model from round 32
                                                     ['0:6.40%', '1:0.20%', '2:73.70%', '3:0.80%', '4:6.60%', '5:5.40%', '6:9.20%', '7:5.80%', '8:81.20%', '9:5.50%']
                                                                                              <-> Client 0, global : from 19.48% to 10.11%, local : from 1.40% to 95.00%, training time : 16200msec
                                                     Cluster 79, round 1, loss : 4.04, accuracy 10.11% <-
                                                     Time past : 16200msec
                                                     ['0:0.00%', '1:0.00%', '2:0.00%', '3:100.00%', '4:0.00%', '5:0.00%', '6:0.00%', '7:0.00%', '8:1.10%', '9:0.00%']
                                          0msec<-
                                          ->0msec
                                                     -> Cluster 85, loss : 2.05, accuracy 19.48%, model from round 32
                                                     ['0:6.40%', '1:0.20%', '2:73.70%', '3:0.80%', '4:6.60%', '5:5.40%', '6:9.20%', '7:5.80%', '8:81.20%', '9:5.50%']
                                                                                              <-> Client 0, global : from 19.48% to 15.77%, local : from 6.61% to 95.99%, training time : 16200msec
                                                     Cluster 85, round 1, loss : 3.27, accuracy 15.77% <-
                                                     Time past : 16200msec
                                                     ['0:20.60%', '1:0.00%', '2:0.00%', '3:0.00%', '4:0.00%', '5:98.60%', '6:0.00%', '7:0.00%', '8:33.30%', '9:5.20%']
                                          0msec<-
                                          ->0msec
                                                     -> Cluster 67, loss : 2.05, accuracy 19.48%, model from round 32
                                                     ['0:6.40%', '1:0.20%', '2:73.70%', '3:0.80%', '4:6.60%', '5:5.40%', '6:9.20%', '7:5.80%', '8:81.20%', '9:5.50%']
                                                                                              <-> Client 0, global : from 19.48% to 13.19%, local : from 78.40% to 94.80%, training time : 16200msec
                                                     Cluster 67, round 1, loss : 2.94, accuracy 13.19% <-
                                                     Time past : 16200msec
                                                     ['0:0.00%', '1:0.00%', '2:0.00%', '3:0.00%', '4:0.00%', '5:0.00%', '6:31.90%', '7:0.10%', '8:99.90%', '9:0.00%']
                                          0msec<-
                                          ->0msec
                                                     -> Cluster 25, loss : 2.05, accuracy 19.48%, model from round 32
                                                     ['0:6.40%', '1:0.20%', '2:73.70%', '3:0.80%', '4:6.60%', '5:5.40%', '6:9.20%', '7:5.80%', '8:81.20%', '9:5.50%']
                                                                                              <-> Client 0, global : from 19.48% to 10.04%, local : from 9.60% to 95.00%, training time : 8200msec
                                                     Cluster 25, round 1, loss : 4.96, accuracy 10.04% <-
                                                     Time past : 8200msec
                                                     ['0:0.00%', '1:0.00%', '2:0.00%', '3:0.00%', '4:100.00%', '5:0.00%', '6:0.00%', '7:0.00%', '8:0.40%', '9:0.00%']
                                          0msec<-
                                          ->0msec
                                                     -> Cluster 46, loss : 2.05, accuracy 19.48%, model from round 32
                                                     ['0:6.40%', '1:0.20%', '2:73.70%', '3:0.80%', '4:6.60%', '5:5.40%', '6:9.20%', '7:5.80%', '8:81.20%', '9:5.50%']
                                                                                              <-> Client 0, global : from 19.48% to 10.01%, local : from 71.40% to 95.00%, training time : 8200msec
                                                     Cluster 46, round 1, loss : 4.02, accuracy 10.01% <-
                                                     Time past : 8200msec
                                                     ['0:0.00%', '1:0.00%', '2:100.00%', '3:0.00%', '4:0.00%', '5:0.00%', '6:0.00%', '7:0.00%', '8:0.10%', '9:0.00%']
                                          0msec<-
                                          ->0msec
                                                     -> Cluster 0, loss : 2.05, accuracy 19.48%, model from round 32
                                                     ['0:6.40%', '1:0.20%', '2:73.70%', '3:0.80%', '4:6.60%', '5:5.40%', '6:9.20%', '7:5.80%', '8:81.20%', '9:5.50%']
                                                                                              <-> Client 0, global : from 19.48% to 10.54%, local : from 8.98% to 95.01%, training time : 8200msec
                                                     Cluster 0, round 1, loss : 4.11, accuracy 10.54% <-
                                                     Time past : 8200msec
                                                     ['0:0.90%', '1:0.00%', '2:0.00%', '3:0.00%', '4:0.00%', '5:0.00%', '6:100.00%', '7:0.00%', '8:4.50%', '9:0.00%']
                                          0msec<-
                                          ->0msec
                                                     -> Cluster 86, loss : 2.05, accuracy 19.48%, model from round 32
                                                     ['0:6.40%', '1:0.20%', '2:73.70%', '3:0.80%', '4:6.60%', '5:5.40%', '6:9.20%', '7:5.80%', '8:81.20%', '9:5.50%']
                                                                                              <-> Client 0, global : from 19.48% to 10.34%, local : from 4.81% to 94.99%, training time : 16200msec
                                                     Cluster 86, round 1, loss : 4.24, accuracy 10.34% <-
                                                     Time past : 16200msec
                                                     ['0:0.00%', '1:0.00%', '2:0.00%', '3:0.00%', '4:0.00%', '5:100.00%', '6:0.00%', '7:0.00%', '8:3.20%', '9:0.20%']
                                          0msec<-
                                          ->0msec
                                                     -> Cluster 49, loss : 2.05, accuracy 19.48%, model from round 32
                                                     ['0:6.40%', '1:0.20%', '2:73.70%', '3:0.80%', '4:6.60%', '5:5.40%', '6:9.20%', '7:5.80%', '8:81.20%', '9:5.50%']
                                                                                              <-> Client 0, global : from 19.48% to 10.00%, local : from 72.00% to 95.00%, training time : 8200msec
                                                     Cluster 49, round 1, loss : 4.97, accuracy 10.00% <-
                                                     Time past : 8200msec
                                                     ['0:0.00%', '1:0.00%', '2:100.00%', '3:0.00%', '4:0.00%', '5:0.00%', '6:0.00%', '7:0.00%', '8:0.00%', '9:0.00%']
                                          0msec<-
                                          ->0msec
                                                     -> Cluster 74, loss : 2.05, accuracy 19.48%, model from round 32
                                                     ['0:6.40%', '1:0.20%', '2:73.70%', '3:0.80%', '4:6.60%', '5:5.40%', '6:9.20%', '7:5.80%', '8:81.20%', '9:5.50%']
                                                                                              <-> Client 0, global : from 19.48% to 10.13%, local : from 1.20% to 95.20%, training time : 16200msec
                                                     Cluster 74, round 1, loss : 4.74, accuracy 10.13% <-
                                                     Time past : 16200msec
                                                     ['0:0.00%', '1:0.00%', '2:0.00%', '3:100.00%', '4:0.00%', '5:0.00%', '6:0.00%', '7:0.00%', '8:1.30%', '9:0.00%']
                                          0msec<-
Central server round 32, loss : 2.02, accuracy :24.71%
Time past: 518400msec
['0:16.10%', '1:1.50%', '2:37.60%', '3:15.10%', '4:1.10%', '5:48.70%', '6:32.90%', '7:18.10%', '8:65.50%', '9:10.50%']
                                          ->0msec
                                                     -> Cluster 81, loss : 2.02, accuracy 24.71%, model from round 33
                                                     ['0:16.10%', '1:1.50%', '2:37.60%', '3:15.10%', '4:1.10%', '5:48.70%', '6:32.90%', '7:18.10%', '8:65.50%', '9:10.50%']
                                                                                              <-> Client 0, global : from 24.71% to 10.01%, local : from 49.00% to 95.00%, training time : 16200msec
                                                     Cluster 81, round 1, loss : 4.19, accuracy 10.01% <-
                                                     Time past : 16200msec
                                                     ['0:0.00%', '1:0.00%', '2:0.00%', '3:0.00%', '4:0.00%', '5:100.00%', '6:0.00%', '7:0.00%', '8:0.10%', '9:0.00%']
                                          0msec<-
                                          ->0msec
                                                     -> Cluster 99, loss : 2.02, accuracy 24.71%, model from round 33
                                                     ['0:16.10%', '1:1.50%', '2:37.60%', '3:15.10%', '4:1.10%', '5:48.70%', '6:32.90%', '7:18.10%', '8:65.50%', '9:10.50%']
                                                                                              <-> Client 0, global : from 24.71% to 10.00%, local : from 15.83% to 95.19%, training time : 16200msec
                                                     Cluster 99, round 1, loss : 4.40, accuracy 10.00% <-
                                                     Time past : 16200msec
                                                     ['0:100.00%', '1:0.00%', '2:0.00%', '3:0.00%', '4:0.00%', '5:0.00%', '6:0.00%', '7:0.00%', '8:0.00%', '9:0.00%']
                                          0msec<-
                                          ->0msec
                                                     -> Cluster 50, loss : 2.02, accuracy 24.71%, model from round 33
                                                     ['0:16.10%', '1:1.50%', '2:37.60%', '3:15.10%', '4:1.10%', '5:48.70%', '6:32.90%', '7:18.10%', '8:65.50%', '9:10.50%']
                                                                                              <-> Client 0, global : from 24.71% to 10.78%, local : from 18.76% to 95.01%, training time : 16200msec
                                                     Cluster 50, round 1, loss : 3.80, accuracy 10.78% <-
                                                     Time past : 16200msec
                                                     ['0:7.70%', '1:0.00%', '2:0.00%', '3:0.00%', '4:0.00%', '5:0.00%', '6:0.00%', '7:100.00%', '8:0.10%', '9:0.00%']
                                          0msec<-
                                          ->0msec
                                                     -> Cluster 34, loss : 2.02, accuracy 24.71%, model from round 33
                                                     ['0:16.10%', '1:1.50%', '2:37.60%', '3:15.10%', '4:1.10%', '5:48.70%', '6:32.90%', '7:18.10%', '8:65.50%', '9:10.50%']
                                                                                              <-> Client 0, global : from 24.71% to 10.00%, local : from 4.20% to 95.00%, training time : 8200msec
                                                     Cluster 34, round 1, loss : 4.33, accuracy 10.00% <-
                                                     Time past : 8200msec
                                                     ['0:0.00%', '1:100.00%', '2:0.00%', '3:0.00%', '4:0.00%', '5:0.00%', '6:0.00%', '7:0.00%', '8:0.00%', '9:0.00%']
                                          0msec<-
                                          ->0msec
                                                     -> Cluster 22, loss : 2.02, accuracy 24.71%, model from round 33
                                                     ['0:16.10%', '1:1.50%', '2:37.60%', '3:15.10%', '4:1.10%', '5:48.70%', '6:32.90%', '7:18.10%', '8:65.50%', '9:10.50%']
                                                                                              <-> Client 0, global : from 24.71% to 10.28%, local : from 2.20% to 94.60%, training time : 8200msec
                                                     Cluster 22, round 1, loss : 3.86, accuracy 10.28% <-
                                                     Time past : 8200msec
                                                     ['0:0.00%', '1:0.00%', '2:0.00%', '3:0.00%', '4:99.90%', '5:0.00%', '6:0.00%', '7:0.00%', '8:2.90%', '9:0.00%']
                                          0msec<-
                                          ->0msec
                                                     -> Cluster 98, loss : 2.02, accuracy 24.71%, model from round 33
                                                     ['0:16.10%', '1:1.50%', '2:37.60%', '3:15.10%', '4:1.10%', '5:48.70%', '6:32.90%', '7:18.10%', '8:65.50%', '9:10.50%']
                                                                                              <-> Client 0, global : from 24.71% to 10.00%, local : from 18.04% to 95.19%, training time : 16200msec
                                                     Cluster 98, round 1, loss : 3.83, accuracy 10.00% <-
                                                     Time past : 16200msec
                                                     ['0:100.00%', '1:0.00%', '2:0.00%', '3:0.00%', '4:0.00%', '5:0.00%', '6:0.00%', '7:0.00%', '8:0.00%', '9:0.00%']
                                          0msec<-
                                          ->0msec
                                                     -> Cluster 9, loss : 2.02, accuracy 24.71%, model from round 33
                                                     ['0:16.10%', '1:1.50%', '2:37.60%', '3:15.10%', '4:1.10%', '5:48.70%', '6:32.90%', '7:18.10%', '8:65.50%', '9:10.50%']
                                                                                              <-> Client 0, global : from 24.71% to 13.42%, local : from 31.80% to 95.40%, training time : 8200msec
                                                     Cluster 9, round 1, loss : 3.85, accuracy 13.42% <-
                                                     Time past : 8200msec
                                                     ['0:25.90%', '1:0.00%', '2:0.00%', '3:0.00%', '4:0.00%', '5:0.00%', '6:99.90%', '7:0.00%', '8:8.30%', '9:0.10%']
                                          0msec<-
                                          ->0msec
                                                     -> Cluster 77, loss : 2.02, accuracy 24.71%, model from round 33
                                                     ['0:16.10%', '1:1.50%', '2:37.60%', '3:15.10%', '4:1.10%', '5:48.70%', '6:32.90%', '7:18.10%', '8:65.50%', '9:10.50%']
                                                                                              <-> Client 0, global : from 24.71% to 14.15%, local : from 14.40% to 94.80%, training time : 16200msec
                                                     Cluster 77, round 1, loss : 3.58, accuracy 14.15% <-
                                                     Time past : 16200msec
                                                     ['0:0.00%', '1:0.00%', '2:0.00%', '3:99.00%', '4:0.00%', '5:0.00%', '6:0.00%', '7:0.00%', '8:42.50%', '9:0.00%']
                                          0msec<-
                                          ->0msec
                                                     -> Cluster 1, loss : 2.02, accuracy 24.71%, model from round 33
                                                     ['0:16.10%', '1:1.50%', '2:37.60%', '3:15.10%', '4:1.10%', '5:48.70%', '6:32.90%', '7:18.10%', '8:65.50%', '9:10.50%']
                                                                                              <-> Client 0, global : from 24.71% to 13.83%, local : from 30.34% to 94.61%, training time : 8200msec
                                                     Cluster 1, round 1, loss : 3.53, accuracy 13.83% <-
                                                     Time past : 8200msec
                                                     ['0:0.00%', '1:0.00%', '2:0.00%', '3:0.00%', '4:0.00%', '5:0.00%', '6:99.70%', '7:0.00%', '8:38.60%', '9:0.00%']
                                          0msec<-
                                          ->0msec
                                                     -> Cluster 44, loss : 2.02, accuracy 24.71%, model from round 33
                                                     ['0:16.10%', '1:1.50%', '2:37.60%', '3:15.10%', '4:1.10%', '5:48.70%', '6:32.90%', '7:18.10%', '8:65.50%', '9:10.50%']
                                                                                              <-> Client 0, global : from 24.71% to 10.00%, local : from 36.40% to 95.00%, training time : 8200msec
                                                     Cluster 44, round 1, loss : 4.89, accuracy 10.00% <-
                                                     Time past : 8200msec
                                                     ['0:0.00%', '1:0.00%', '2:100.00%', '3:0.00%', '4:0.00%', '5:0.00%', '6:0.00%', '7:0.00%', '8:0.00%', '9:0.00%']
                                          0msec<-
Central server round 33, loss : 2.03, accuracy :22.80%
Time past: 534600msec
['0:86.80%', '1:12.80%', '2:0.00%', '3:2.00%', '4:1.70%', '5:31.50%', '6:75.10%', '7:15.30%', '8:0.40%', '9:2.40%']
                                          ->0msec
                                                     -> Cluster 34, loss : 2.03, accuracy 22.80%, model from round 34
                                                     ['0:86.80%', '1:12.80%', '2:0.00%', '3:2.00%', '4:1.70%', '5:31.50%', '6:75.10%', '7:15.30%', '8:0.40%', '9:2.40%']
                                                                                              <-> Client 0, global : from 22.80% to 10.00%, local : from 12.20% to 95.00%, training time : 8200msec
                                                     Cluster 34, round 1, loss : 4.02, accuracy 10.00% <-
                                                     Time past : 8200msec
                                                     ['0:0.00%', '1:100.00%', '2:0.00%', '3:0.00%', '4:0.00%', '5:0.00%', '6:0.00%', '7:0.00%', '8:0.00%', '9:0.00%']
                                          0msec<-
                                          ->0msec
                                                     -> Cluster 65, loss : 2.03, accuracy 22.80%, model from round 34
                                                     ['0:86.80%', '1:12.80%', '2:0.00%', '3:2.00%', '4:1.70%', '5:31.50%', '6:75.10%', '7:15.30%', '8:0.40%', '9:2.40%']
                                                                                              <-> Client 0, global : from 22.80% to 10.79%, local : from 1.20% to 94.80%, training time : 16200msec
                                                     Cluster 65, round 1, loss : 4.43, accuracy 10.79% <-
                                                     Time past : 16200msec
                                                     ['0:0.00%', '1:0.00%', '2:0.00%', '3:0.00%', '4:0.00%', '5:1.00%', '6:6.80%', '7:0.10%', '8:100.00%', '9:0.00%']
                                          0msec<-
                                          ->0msec
                                                     -> Cluster 12, loss : 2.03, accuracy 22.80%, model from round 34
                                                     ['0:86.80%', '1:12.80%', '2:0.00%', '3:2.00%', '4:1.70%', '5:31.50%', '6:75.10%', '7:15.30%', '8:0.40%', '9:2.40%']
                                                                                              <-> Client 0, global : from 22.80% to 10.00%, local : from 3.00% to 95.00%, training time : 8200msec
                                                     Cluster 12, round 1, loss : 4.22, accuracy 10.00% <-
                                                     Time past : 8200msec
                                                     ['0:0.00%', '1:0.00%', '2:0.00%', '3:0.00%', '4:0.00%', '5:0.00%', '6:0.00%', '7:0.00%', '8:0.00%', '9:100.00%']
                                          0msec<-
                                          ->0msec
                                                     -> Cluster 95, loss : 2.03, accuracy 22.80%, model from round 34
                                                     ['0:86.80%', '1:12.80%', '2:0.00%', '3:2.00%', '4:1.70%', '5:31.50%', '6:75.10%', '7:15.30%', '8:0.40%', '9:2.40%']
                                                                                              <-> Client 0, global : from 22.80% to 10.02%, local : from 83.77% to 95.19%, training time : 16200msec
                                                     Cluster 95, round 1, loss : 4.16, accuracy 10.02% <-
                                                     Time past : 16200msec
                                                     ['0:99.90%', '1:0.00%', '2:0.00%', '3:0.00%', '4:0.00%', '5:0.00%', '6:0.30%', '7:0.00%', '8:0.00%', '9:0.00%']
                                          0msec<-
                                          ->0msec
                                                     -> Cluster 75, loss : 2.03, accuracy 22.80%, model from round 34
                                                     ['0:86.80%', '1:12.80%', '2:0.00%', '3:2.00%', '4:1.70%', '5:31.50%', '6:75.10%', '7:15.30%', '8:0.40%', '9:2.40%']
                                                                                              <-> Client 0, global : from 22.80% to 10.23%, local : from 3.40% to 95.00%, training time : 16200msec
                                                     Cluster 75, round 1, loss : 3.66, accuracy 10.23% <-
                                                     Time past : 16200msec
                                                     ['0:0.00%', '1:0.00%', '2:0.00%', '3:100.00%', '4:0.00%', '5:0.00%', '6:0.00%', '7:0.00%', '8:2.30%', '9:0.00%']
                                          0msec<-
                                          ->0msec
                                                     -> Cluster 54, loss : 2.03, accuracy 22.80%, model from round 34
                                                     ['0:86.80%', '1:12.80%', '2:0.00%', '3:2.00%', '4:1.70%', '5:31.50%', '6:75.10%', '7:15.30%', '8:0.40%', '9:2.40%']
                                                                                              <-> Client 0, global : from 22.80% to 10.92%, local : from 14.20% to 95.00%, training time : 16200msec
                                                     Cluster 54, round 1, loss : 3.91, accuracy 10.92% <-
                                                     Time past : 16200msec
                                                     ['0:3.40%', '1:0.00%', '2:0.00%', '3:0.00%', '4:0.00%', '5:0.00%', '6:0.00%', '7:100.00%', '8:5.80%', '9:0.00%']
                                          0msec<-
                                          ->0msec
                                                     -> Cluster 8, loss : 2.03, accuracy 22.80%, model from round 34
                                                     ['0:86.80%', '1:12.80%', '2:0.00%', '3:2.00%', '4:1.70%', '5:31.50%', '6:75.10%', '7:15.30%', '8:0.40%', '9:2.40%']
                                                                                              <-> Client 0, global : from 22.80% to 10.44%, local : from 70.20% to 95.00%, training time : 8200msec
                                                     Cluster 8, round 1, loss : 4.72, accuracy 10.44% <-
                                                     Time past : 8200msec
                                                     ['0:0.10%', '1:0.00%', '2:0.00%', '3:0.00%', '4:0.00%', '5:0.00%', '6:100.00%', '7:0.00%', '8:4.30%', '9:0.00%']
                                          0msec<-
                                          ->0msec
                                                     -> Cluster 45, loss : 2.03, accuracy 22.80%, model from round 34
                                                     ['0:86.80%', '1:12.80%', '2:0.00%', '3:2.00%', '4:1.70%', '5:31.50%', '6:75.10%', '7:15.30%', '8:0.40%', '9:2.40%']
                                                                                              <-> Client 0, global : from 22.80% to 10.00%, local : from 1.60% to 95.00%, training time : 8200msec
                                                     Cluster 45, round 1, loss : 4.49, accuracy 10.00% <-
                                                     Time past : 8200msec
                                                     ['0:0.00%', '1:0.00%', '2:100.00%', '3:0.00%', '4:0.00%', '5:0.00%', '6:0.00%', '7:0.00%', '8:0.00%', '9:0.00%']
                                          0msec<-
                                          ->0msec
                                                     -> Cluster 84, loss : 2.03, accuracy 22.80%, model from round 34
                                                     ['0:86.80%', '1:12.80%', '2:0.00%', '3:2.00%', '4:1.70%', '5:31.50%', '6:75.10%', '7:15.30%', '8:0.40%', '9:2.40%']
                                                                                              <-> Client 0, global : from 22.80% to 10.18%, local : from 31.86% to 95.19%, training time : 16200msec
                                                     Cluster 84, round 1, loss : 4.36, accuracy 10.18% <-
                                                     Time past : 16200msec
                                                     ['0:0.00%', '1:0.00%', '2:0.00%', '3:0.00%', '4:0.00%', '5:100.00%', '6:0.00%', '7:0.00%', '8:1.80%', '9:0.00%']
                                          0msec<-
                                          ->0msec
                                                     -> Cluster 56, loss : 2.03, accuracy 22.80%, model from round 34
                                                     ['0:86.80%', '1:12.80%', '2:0.00%', '3:2.00%', '4:1.70%', '5:31.50%', '6:75.10%', '7:15.30%', '8:0.40%', '9:2.40%']
                                                                                              <-> Client 0, global : from 22.80% to 10.13%, local : from 11.40% to 95.00%, training time : 16200msec
                                                     Cluster 56, round 1, loss : 4.73, accuracy 10.13% <-
                                                     Time past : 16200msec
                                                     ['0:0.00%', '1:0.00%', '2:0.00%', '3:0.00%', '4:0.00%', '5:0.00%', '6:0.00%', '7:100.00%', '8:1.30%', '9:0.00%']
                                          0msec<-
Central server round 34, loss : 1.99, accuracy :29.92%
Time past: 550800msec
['0:38.60%', '1:31.40%', '2:0.40%', '3:0.90%', '4:0.00%', '5:33.10%', '6:59.70%', '7:43.70%', '8:48.60%', '9:42.80%']
                                          ->0msec
                                                     -> Cluster 42, loss : 1.99, accuracy 29.92%, model from round 35
                                                     ['0:38.60%', '1:31.40%', '2:0.40%', '3:0.90%', '4:0.00%', '5:33.10%', '6:59.70%', '7:43.70%', '8:48.60%', '9:42.80%']
                                                                                              <-> Client 0, global : from 29.92% to 10.00%, local : from 1.40% to 95.00%, training time : 8200msec
                                                     Cluster 42, round 1, loss : 4.39, accuracy 10.00% <-
                                                     Time past : 8200msec
                                                     ['0:0.00%', '1:0.00%', '2:100.00%', '3:0.00%', '4:0.00%', '5:0.00%', '6:0.00%', '7:0.00%', '8:0.00%', '9:0.00%']
                                          0msec<-
                                          ->0msec
                                                     -> Cluster 34, loss : 1.99, accuracy 29.92%, model from round 35
                                                     ['0:38.60%', '1:31.40%', '2:0.40%', '3:0.90%', '4:0.00%', '5:33.10%', '6:59.70%', '7:43.70%', '8:48.60%', '9:42.80%']
                                                                                              <-> Client 0, global : from 29.92% to 10.00%, local : from 29.40% to 95.00%, training time : 8200msec
                                                     Cluster 34, round 1, loss : 4.80, accuracy 10.00% <-
                                                     Time past : 8200msec
                                                     ['0:0.00%', '1:100.00%', '2:0.00%', '3:0.00%', '4:0.00%', '5:0.00%', '6:0.00%', '7:0.00%', '8:0.00%', '9:0.00%']
                                          0msec<-
                                          ->0msec
                                                     -> Cluster 8, loss : 1.99, accuracy 29.92%, model from round 35
                                                     ['0:38.60%', '1:31.40%', '2:0.40%', '3:0.90%', '4:0.00%', '5:33.10%', '6:59.70%', '7:43.70%', '8:48.60%', '9:42.80%']
                                                                                              <-> Client 0, global : from 29.92% to 13.64%, local : from 58.20% to 95.20%, training time : 8200msec
                                                     Cluster 8, round 1, loss : 3.17, accuracy 13.64% <-
                                                     Time past : 8200msec
                                                     ['0:1.70%', '1:0.00%', '2:0.00%', '3:0.00%', '4:0.00%', '5:0.00%', '6:100.00%', '7:0.00%', '8:28.50%', '9:6.20%']
                                          0msec<-
                                          ->0msec
                                                     -> Cluster 9, loss : 1.99, accuracy 29.92%, model from round 35
                                                     ['0:38.60%', '1:31.40%', '2:0.40%', '3:0.90%', '4:0.00%', '5:33.10%', '6:59.70%', '7:43.70%', '8:48.60%', '9:42.80%']
                                                                                              <-> Client 0, global : from 29.92% to 13.19%, local : from 60.00% to 95.20%, training time : 8200msec
                                                     Cluster 9, round 1, loss : 3.94, accuracy 13.19% <-
                                                     Time past : 8200msec
                                                     ['0:26.50%', '1:0.00%', '2:0.00%', '3:0.00%', '4:0.00%', '5:0.00%', '6:99.90%', '7:0.00%', '8:4.80%', '9:0.70%']
                                          0msec<-
                                          ->0msec
                                                     -> Cluster 89, loss : 1.99, accuracy 29.92%, model from round 35
                                                     ['0:38.60%', '1:31.40%', '2:0.40%', '3:0.90%', '4:0.00%', '5:33.10%', '6:59.70%', '7:43.70%', '8:48.60%', '9:42.80%']
                                                                                              <-> Client 0, global : from 29.92% to 10.16%, local : from 32.46% to 95.19%, training time : 16200msec
                                                     Cluster 89, round 1, loss : 3.96, accuracy 10.16% <-
                                                     Time past : 16200msec
                                                     ['0:0.00%', '1:0.00%', '2:0.00%', '3:0.00%', '4:0.00%', '5:100.00%', '6:0.00%', '7:0.00%', '8:1.30%', '9:0.30%']
                                          0msec<-
                                          ->0msec
                                                     -> Cluster 66, loss : 1.99, accuracy 29.92%, model from round 35
                                                     ['0:38.60%', '1:31.40%', '2:0.40%', '3:0.90%', '4:0.00%', '5:33.10%', '6:59.70%', '7:43.70%', '8:48.60%', '9:42.80%']
                                                                                              <-> Client 0, global : from 29.92% to 11.78%, local : from 49.80% to 94.80%, training time : 16200msec
                                                     Cluster 66, round 1, loss : 3.49, accuracy 11.78% <-
                                                     Time past : 16200msec
                                                     ['0:0.00%', '1:0.00%', '2:0.00%', '3:0.00%', '4:0.70%', '5:0.80%', '6:16.00%', '7:0.40%', '8:99.90%', '9:0.00%']
                                          0msec<-
                                          ->0msec
                                                     -> Cluster 84, loss : 1.99, accuracy 29.92%, model from round 35
                                                     ['0:38.60%', '1:31.40%', '2:0.40%', '3:0.90%', '4:0.00%', '5:33.10%', '6:59.70%', '7:43.70%', '8:48.60%', '9:42.80%']
                                                                                              <-> Client 0, global : from 29.92% to 10.07%, local : from 34.47% to 95.19%, training time : 16200msec
                                                     Cluster 84, round 1, loss : 5.08, accuracy 10.07% <-
                                                     Time past : 16200msec
                                                     ['0:0.00%', '1:0.00%', '2:0.00%', '3:0.00%', '4:0.00%', '5:100.00%', '6:0.00%', '7:0.00%', '8:0.70%', '9:0.00%']
                                          0msec<-
                                          ->0msec
                                                     -> Cluster 47, loss : 1.99, accuracy 29.92%, model from round 35
                                                     ['0:38.60%', '1:31.40%', '2:0.40%', '3:0.90%', '4:0.00%', '5:33.10%', '6:59.70%', '7:43.70%', '8:48.60%', '9:42.80%']
                                                                                              <-> Client 0, global : from 29.92% to 10.00%, local : from 2.60% to 95.00%, training time : 8200msec
                                                     Cluster 47, round 1, loss : 4.06, accuracy 10.00% <-
                                                     Time past : 8200msec
                                                     ['0:0.00%', '1:0.00%', '2:100.00%', '3:0.00%', '4:0.00%', '5:0.00%', '6:0.00%', '7:0.00%', '8:0.00%', '9:0.00%']
                                          0msec<-
                                          ->0msec
                                                     -> Cluster 59, loss : 1.99, accuracy 29.92%, model from round 35
                                                     ['0:38.60%', '1:31.40%', '2:0.40%', '3:0.90%', '4:0.00%', '5:33.10%', '6:59.70%', '7:43.70%', '8:48.60%', '9:42.80%']
                                                                                              <-> Client 0, global : from 29.92% to 11.27%, local : from 40.60% to 95.00%, training time : 16200msec
                                                     Cluster 59, round 1, loss : 3.66, accuracy 11.27% <-
                                                     Time past : 16200msec
                                                     ['0:0.20%', '1:0.00%', '2:0.00%', '3:0.00%', '4:0.00%', '5:0.00%', '6:0.00%', '7:99.70%', '8:12.80%', '9:0.00%']
                                          0msec<-
                                          ->0msec
                                                     -> Cluster 65, loss : 1.99, accuracy 29.92%, model from round 35
                                                     ['0:38.60%', '1:31.40%', '2:0.40%', '3:0.90%', '4:0.00%', '5:33.10%', '6:59.70%', '7:43.70%', '8:48.60%', '9:42.80%']
                                                                                              <-> Client 0, global : from 29.92% to 10.85%, local : from 47.80% to 94.80%, training time : 16200msec
                                                     Cluster 65, round 1, loss : 4.50, accuracy 10.85% <-
                                                     Time past : 16200msec
                                                     ['0:0.00%', '1:0.00%', '2:0.00%', '3:0.00%', '4:0.00%', '5:1.30%', '6:7.10%', '7:0.10%', '8:100.00%', '9:0.00%']
                                          0msec<-
Central server round 35, loss : 2.05, accuracy :25.35%
Time past: 567000msec
['0:0.90%', '1:19.10%', '2:6.70%', '3:0.00%', '4:0.00%', '5:52.30%', '6:61.30%', '7:12.20%', '8:80.30%', '9:20.70%']
                                          ->0msec
                                                     -> Cluster 33, loss : 2.05, accuracy 25.35%, model from round 36
                                                     ['0:0.90%', '1:19.10%', '2:6.70%', '3:0.00%', '4:0.00%', '5:52.30%', '6:61.30%', '7:12.20%', '8:80.30%', '9:20.70%']
                                                                                              <-> Client 0, global : from 25.35% to 10.00%, local : from 16.00% to 95.00%, training time : 8200msec
                                                     Cluster 33, round 1, loss : 5.13, accuracy 10.00% <-
                                                     Time past : 8200msec
                                                     ['0:0.00%', '1:100.00%', '2:0.00%', '3:0.00%', '4:0.00%', '5:0.00%', '6:0.00%', '7:0.00%', '8:0.00%', '9:0.00%']
                                          0msec<-
                                          ->0msec
                                                     -> Cluster 78, loss : 2.05, accuracy 25.35%, model from round 36
                                                     ['0:0.90%', '1:19.10%', '2:6.70%', '3:0.00%', '4:0.00%', '5:52.30%', '6:61.30%', '7:12.20%', '8:80.30%', '9:20.70%']
                                                                                              <-> Client 0, global : from 25.35% to 10.42%, local : from 0.80% to 95.00%, training time : 16200msec
                                                     Cluster 78, round 1, loss : 3.98, accuracy 10.42% <-
                                                     Time past : 16200msec
                                                     ['0:0.00%', '1:0.00%', '2:0.00%', '3:99.90%', '4:0.00%', '5:0.00%', '6:0.00%', '7:0.00%', '8:3.90%', '9:0.40%']
                                          0msec<-
                                          ->0msec
                                                     -> Cluster 42, loss : 2.05, accuracy 25.35%, model from round 36
                                                     ['0:0.90%', '1:19.10%', '2:6.70%', '3:0.00%', '4:0.00%', '5:52.30%', '6:61.30%', '7:12.20%', '8:80.30%', '9:20.70%']
                                                                                              <-> Client 0, global : from 25.35% to 10.01%, local : from 6.80% to 95.00%, training time : 8200msec
                                                     Cluster 42, round 1, loss : 4.18, accuracy 10.01% <-
                                                     Time past : 8200msec
                                                     ['0:0.00%', '1:0.00%', '2:100.00%', '3:0.00%', '4:0.00%', '5:0.00%', '6:0.00%', '7:0.00%', '8:0.10%', '9:0.00%']
                                          0msec<-
                                          ->0msec
                                                     -> Cluster 91, loss : 2.05, accuracy 25.35%, model from round 36
                                                     ['0:0.90%', '1:19.10%', '2:6.70%', '3:0.00%', '4:0.00%', '5:52.30%', '6:61.30%', '7:12.20%', '8:80.30%', '9:20.70%']
                                                                                              <-> Client 0, global : from 25.35% to 10.00%, local : from 1.20% to 95.00%, training time : 16200msec
                                                     Cluster 91, round 1, loss : 4.08, accuracy 10.00% <-
                                                     Time past : 16200msec
                                                     ['0:100.00%', '1:0.00%', '2:0.00%', '3:0.00%', '4:0.00%', '5:0.00%', '6:0.00%', '7:0.00%', '8:0.00%', '9:0.00%']
                                          0msec<-
                                          ->0msec
                                                     -> Cluster 28, loss : 2.05, accuracy 25.35%, model from round 36
                                                     ['0:0.90%', '1:19.10%', '2:6.70%', '3:0.00%', '4:0.00%', '5:52.30%', '6:61.30%', '7:12.20%', '8:80.30%', '9:20.70%']
                                                                                              <-> Client 0, global : from 25.35% to 10.06%, local : from 1.60% to 95.00%, training time : 8200msec
                                                     Cluster 28, round 1, loss : 4.81, accuracy 10.06% <-
                                                     Time past : 8200msec
                                                     ['0:0.00%', '1:0.00%', '2:0.00%', '3:0.00%', '4:100.00%', '5:0.00%', '6:0.00%', '7:0.00%', '8:0.60%', '9:0.00%']
                                          0msec<-
                                          ->0msec
                                                     -> Cluster 90, loss : 2.05, accuracy 25.35%, model from round 36
                                                     ['0:0.90%', '1:19.10%', '2:6.70%', '3:0.00%', '4:0.00%', '5:52.30%', '6:61.30%', '7:12.20%', '8:80.30%', '9:20.70%']
                                                                                              <-> Client 0, global : from 25.35% to 10.01%, local : from 2.40% to 95.00%, training time : 16200msec
                                                     Cluster 90, round 1, loss : 3.98, accuracy 10.01% <-
                                                     Time past : 16200msec
                                                     ['0:100.00%', '1:0.00%', '2:0.00%', '3:0.00%', '4:0.00%', '5:0.00%', '6:0.10%', '7:0.00%', '8:0.00%', '9:0.00%']
                                          0msec<-
                                          ->0msec
                                                     -> Cluster 31, loss : 2.05, accuracy 25.35%, model from round 36
                                                     ['0:0.90%', '1:19.10%', '2:6.70%', '3:0.00%', '4:0.00%', '5:52.30%', '6:61.30%', '7:12.20%', '8:80.30%', '9:20.70%']
                                                                                              <-> Client 0, global : from 25.35% to 10.33%, local : from 17.37% to 94.81%, training time : 8200msec
                                                     Cluster 31, round 1, loss : 3.93, accuracy 10.33% <-
                                                     Time past : 8200msec
                                                     ['0:0.00%', '1:100.00%', '2:0.00%', '3:0.00%', '4:0.00%', '5:0.00%', '6:0.00%', '7:0.00%', '8:3.30%', '9:0.00%']
                                          0msec<-
                                          ->0msec
                                                     -> Cluster 84, loss : 2.05, accuracy 25.35%, model from round 36
                                                     ['0:0.90%', '1:19.10%', '2:6.70%', '3:0.00%', '4:0.00%', '5:52.30%', '6:61.30%', '7:12.20%', '8:80.30%', '9:20.70%']
                                                                                              <-> Client 0, global : from 25.35% to 10.16%, local : from 55.11% to 95.19%, training time : 16200msec
                                                     Cluster 84, round 1, loss : 4.44, accuracy 10.16% <-
                                                     Time past : 16200msec
                                                     ['0:0.00%', '1:0.00%', '2:0.00%', '3:0.00%', '4:0.00%', '5:100.00%', '6:0.00%', '7:0.00%', '8:1.60%', '9:0.00%']
                                          0msec<-
                                          ->0msec
                                                     -> Cluster 3, loss : 2.05, accuracy 25.35%, model from round 36
                                                     ['0:0.90%', '1:19.10%', '2:6.70%', '3:0.00%', '4:0.00%', '5:52.30%', '6:61.30%', '7:12.20%', '8:80.30%', '9:20.70%']
                                                                                              <-> Client 0, global : from 25.35% to 12.36%, local : from 57.60% to 95.20%, training time : 8200msec
                                                     Cluster 3, round 1, loss : 3.81, accuracy 12.36% <-
                                                     Time past : 8200msec
                                                     ['0:0.70%', '1:0.00%', '2:0.00%', '3:0.00%', '4:0.00%', '5:0.00%', '6:100.00%', '7:0.00%', '8:22.90%', '9:0.00%']
                                          0msec<-
                                          ->0msec
                                                     -> Cluster 79, loss : 2.05, accuracy 25.35%, model from round 36
                                                     ['0:0.90%', '1:19.10%', '2:6.70%', '3:0.00%', '4:0.00%', '5:52.30%', '6:61.30%', '7:12.20%', '8:80.30%', '9:20.70%']
                                                                                              <-> Client 0, global : from 25.35% to 10.57%, local : from 1.80% to 95.20%, training time : 16200msec
                                                     Cluster 79, round 1, loss : 3.58, accuracy 10.57% <-
                                                     Time past : 16200msec
                                                     ['0:0.30%', '1:0.00%', '2:0.00%', '3:100.00%', '4:0.00%', '5:0.00%', '6:0.00%', '7:0.00%', '8:5.40%', '9:0.00%']
                                          0msec<-
Central server round 36, loss : 2.03, accuracy :24.44%
Time past: 583200msec
['0:80.50%', '1:39.20%', '2:0.00%', '3:58.80%', '4:0.20%', '5:3.90%', '6:43.80%', '7:8.00%', '8:0.50%', '9:9.50%']
                                          ->0msec
                                                     -> Cluster 77, loss : 2.03, accuracy 24.44%, model from round 37
                                                     ['0:80.50%', '1:39.20%', '2:0.00%', '3:58.80%', '4:0.20%', '5:3.90%', '6:43.80%', '7:8.00%', '8:0.50%', '9:9.50%']
                                                                                              <-> Client 0, global : from 24.44% to 10.63%, local : from 53.60% to 95.00%, training time : 16200msec
                                                     Cluster 77, round 1, loss : 4.82, accuracy 10.63% <-
                                                     Time past : 16200msec
                                                     ['0:0.00%', '1:0.00%', '2:0.00%', '3:99.90%', '4:0.00%', '5:0.00%', '6:0.00%', '7:0.00%', '8:6.40%', '9:0.00%']
                                          0msec<-
                                          ->0msec
                                                     -> Cluster 33, loss : 2.03, accuracy 24.44%, model from round 37
                                                     ['0:80.50%', '1:39.20%', '2:0.00%', '3:58.80%', '4:0.20%', '5:3.90%', '6:43.80%', '7:8.00%', '8:0.50%', '9:9.50%']
                                                                                              <-> Client 0, global : from 24.44% to 10.00%, local : from 40.60% to 95.00%, training time : 8200msec
                                                     Cluster 33, round 1, loss : 3.81, accuracy 10.00% <-
                                                     Time past : 8200msec
                                                     ['0:0.00%', '1:100.00%', '2:0.00%', '3:0.00%', '4:0.00%', '5:0.00%', '6:0.00%', '7:0.00%', '8:0.00%', '9:0.00%']
                                          0msec<-
                                          ->0msec
                                                     -> Cluster 58, loss : 2.03, accuracy 24.44%, model from round 37
                                                     ['0:80.50%', '1:39.20%', '2:0.00%', '3:58.80%', '4:0.20%', '5:3.90%', '6:43.80%', '7:8.00%', '8:0.50%', '9:9.50%']
                                                                                              <-> Client 0, global : from 24.44% to 10.69%, local : from 7.00% to 95.00%, training time : 16200msec
                                                     Cluster 58, round 1, loss : 4.08, accuracy 10.69% <-
                                                     Time past : 16200msec
                                                     ['0:0.00%', '1:0.00%', '2:0.00%', '3:0.00%', '4:0.00%', '5:0.00%', '6:0.00%', '7:100.00%', '8:6.90%', '9:0.00%']
                                          0msec<-
                                          ->0msec
                                                     -> Cluster 67, loss : 2.03, accuracy 24.44%, model from round 37
                                                     ['0:80.50%', '1:39.20%', '2:0.00%', '3:58.80%', '4:0.20%', '5:3.90%', '6:43.80%', '7:8.00%', '8:0.50%', '9:9.50%']
                                                                                              <-> Client 0, global : from 24.44% to 10.75%, local : from 1.80% to 95.20%, training time : 16200msec
                                                     Cluster 67, round 1, loss : 4.38, accuracy 10.75% <-
                                                     Time past : 16200msec
                                                     ['0:0.00%', '1:0.00%', '2:0.00%', '3:0.00%', '4:0.00%', '5:0.00%', '6:7.50%', '7:0.00%', '8:100.00%', '9:0.00%']
                                          0msec<-
                                          ->0msec
                                                     -> Cluster 20, loss : 2.03, accuracy 24.44%, model from round 37
                                                     ['0:80.50%', '1:39.20%', '2:0.00%', '3:58.80%', '4:0.20%', '5:3.90%', '6:43.80%', '7:8.00%', '8:0.50%', '9:9.50%']
                                                                                              <-> Client 0, global : from 24.44% to 10.31%, local : from 1.60% to 95.01%, training time : 8200msec
                                                     Cluster 20, round 1, loss : 4.35, accuracy 10.31% <-
                                                     Time past : 8200msec
                                                     ['0:0.00%', '1:0.00%', '2:0.00%', '3:0.00%', '4:99.90%', '5:0.00%', '6:0.00%', '7:0.00%', '8:3.20%', '9:0.00%']
                                          0msec<-
                                          ->0msec
                                                     -> Cluster 17, loss : 2.03, accuracy 24.44%, model from round 37
                                                     ['0:80.50%', '1:39.20%', '2:0.00%', '3:58.80%', '4:0.20%', '5:3.90%', '6:43.80%', '7:8.00%', '8:0.50%', '9:9.50%']
                                                                                              <-> Client 0, global : from 24.44% to 10.00%, local : from 12.00% to 95.00%, training time : 8200msec
                                                     Cluster 17, round 1, loss : 4.55, accuracy 10.00% <-
                                                     Time past : 8200msec
                                                     ['0:0.00%', '1:0.00%', '2:0.00%', '3:0.00%', '4:0.00%', '5:0.00%', '6:0.00%', '7:0.00%', '8:0.00%', '9:100.00%']
                                          0msec<-
                                          ->0msec
                                                     -> Cluster 99, loss : 2.03, accuracy 24.44%, model from round 37
                                                     ['0:80.50%', '1:39.20%', '2:0.00%', '3:58.80%', '4:0.20%', '5:3.90%', '6:43.80%', '7:8.00%', '8:0.50%', '9:9.50%']
                                                                                              <-> Client 0, global : from 24.44% to 10.00%, local : from 73.15% to 95.19%, training time : 16200msec
                                                     Cluster 99, round 1, loss : 4.19, accuracy 10.00% <-
                                                     Time past : 16200msec
                                                     ['0:100.00%', '1:0.00%', '2:0.00%', '3:0.00%', '4:0.00%', '5:0.00%', '6:0.00%', '7:0.00%', '8:0.00%', '9:0.00%']
                                          0msec<-
                                          ->0msec
                                                     -> Cluster 91, loss : 2.03, accuracy 24.44%, model from round 37
                                                     ['0:80.50%', '1:39.20%', '2:0.00%', '3:58.80%', '4:0.20%', '5:3.90%', '6:43.80%', '7:8.00%', '8:0.50%', '9:9.50%']
                                                                                              <-> Client 0, global : from 24.44% to 10.00%, local : from 75.60% to 95.00%, training time : 16200msec
                                                     Cluster 91, round 1, loss : 4.22, accuracy 10.00% <-
                                                     Time past : 16200msec
                                                     ['0:100.00%', '1:0.00%', '2:0.00%', '3:0.00%', '4:0.00%', '5:0.00%', '6:0.00%', '7:0.00%', '8:0.00%', '9:0.00%']
                                          0msec<-
                                          ->0msec
                                                     -> Cluster 56, loss : 2.03, accuracy 24.44%, model from round 37
                                                     ['0:80.50%', '1:39.20%', '2:0.00%', '3:58.80%', '4:0.20%', '5:3.90%', '6:43.80%', '7:8.00%', '8:0.50%', '9:9.50%']
                                                                                              <-> Client 0, global : from 24.44% to 10.12%, local : from 6.00% to 95.00%, training time : 16200msec
                                                     Cluster 56, round 1, loss : 4.91, accuracy 10.12% <-
                                                     Time past : 16200msec
                                                     ['0:0.00%', '1:0.00%', '2:0.00%', '3:0.00%', '4:0.00%', '5:0.00%', '6:0.00%', '7:100.00%', '8:1.20%', '9:0.00%']
                                          0msec<-
                                          ->0msec
                                                     -> Cluster 46, loss : 2.03, accuracy 24.44%, model from round 37
                                                     ['0:80.50%', '1:39.20%', '2:0.00%', '3:58.80%', '4:0.20%', '5:3.90%', '6:43.80%', '7:8.00%', '8:0.50%', '9:9.50%']
                                                                                              <-> Client 0, global : from 24.44% to 10.00%, local : from 1.40% to 95.00%, training time : 8200msec
                                                     Cluster 46, round 1, loss : 4.81, accuracy 10.00% <-
                                                     Time past : 8200msec
                                                     ['0:0.00%', '1:0.00%', '2:100.00%', '3:0.00%', '4:0.00%', '5:0.00%', '6:0.00%', '7:0.00%', '8:0.00%', '9:0.00%']
                                          0msec<-
Central server round 37, loss : 2.05, accuracy :21.76%
Time past: 599400msec
['0:76.50%', '1:20.90%', '2:0.00%', '3:23.40%', '4:0.00%', '5:1.70%', '6:5.30%', '7:68.10%', '8:12.70%', '9:9.00%']
                                          ->0msec
                                                     -> Cluster 41, loss : 2.05, accuracy 21.76%, model from round 38
                                                     ['0:76.50%', '1:20.90%', '2:0.00%', '3:23.40%', '4:0.00%', '5:1.70%', '6:5.30%', '7:68.10%', '8:12.70%', '9:9.00%']
                                                                                              <-> Client 0, global : from 21.76% to 10.00%, local : from 1.40% to 94.81%, training time : 8200msec
                                                     Cluster 41, round 1, loss : 4.76, accuracy 10.00% <-
                                                     Time past : 8200msec
                                                     ['0:0.00%', '1:0.00%', '2:100.00%', '3:0.00%', '4:0.00%', '5:0.00%', '6:0.00%', '7:0.00%', '8:0.00%', '9:0.00%']
                                          0msec<-
                                          ->0msec
                                                     -> Cluster 63, loss : 2.05, accuracy 21.76%, model from round 38
                                                     ['0:76.50%', '1:20.90%', '2:0.00%', '3:23.40%', '4:0.00%', '5:1.70%', '6:5.30%', '7:68.10%', '8:12.70%', '9:9.00%']
                                                                                              <-> Client 0, global : from 21.76% to 11.65%, local : from 12.00% to 95.20%, training time : 16200msec
                                                     Cluster 63, round 1, loss : 4.10, accuracy 11.65% <-
                                                     Time past : 16200msec
                                                     ['0:0.00%', '1:0.00%', '2:0.00%', '3:0.00%', '4:9.40%', '5:0.10%', '6:7.00%', '7:0.00%', '8:100.00%', '9:0.00%']
                                          0msec<-
                                          ->0msec
                                                     -> Cluster 12, loss : 2.05, accuracy 21.76%, model from round 38
                                                     ['0:76.50%', '1:20.90%', '2:0.00%', '3:23.40%', '4:0.00%', '5:1.70%', '6:5.30%', '7:68.10%', '8:12.70%', '9:9.00%']
                                                                                              <-> Client 0, global : from 21.76% to 10.01%, local : from 9.00% to 95.00%, training time : 8200msec
                                                     Cluster 12, round 1, loss : 4.28, accuracy 10.01% <-
                                                     Time past : 8200msec
                                                     ['0:0.00%', '1:0.00%', '2:0.00%', '3:0.00%', '4:0.10%', '5:0.00%', '6:0.00%', '7:0.00%', '8:0.00%', '9:100.00%']
                                          0msec<-
                                          ->0msec
                                                     -> Cluster 23, loss : 2.05, accuracy 21.76%, model from round 38
                                                     ['0:76.50%', '1:20.90%', '2:0.00%', '3:23.40%', '4:0.00%', '5:1.70%', '6:5.30%', '7:68.10%', '8:12.70%', '9:9.00%']
                                                                                              <-> Client 0, global : from 21.76% to 10.25%, local : from 1.00% to 95.00%, training time : 8200msec
                                                     Cluster 23, round 1, loss : 4.75, accuracy 10.25% <-
                                                     Time past : 8200msec
                                                     ['0:2.00%', '1:0.00%', '2:0.00%', '3:0.00%', '4:99.90%', '5:0.00%', '6:0.00%', '7:0.00%', '8:0.60%', '9:0.00%']
                                          0msec<-
                                          ->0msec
                                                     -> Cluster 5, loss : 2.05, accuracy 21.76%, model from round 38
                                                     ['0:76.50%', '1:20.90%', '2:0.00%', '3:23.40%', '4:0.00%', '5:1.70%', '6:5.30%', '7:68.10%', '8:12.70%', '9:9.00%']
                                                                                              <-> Client 0, global : from 21.76% to 11.17%, local : from 7.40% to 95.00%, training time : 8200msec
                                                     Cluster 5, round 1, loss : 4.25, accuracy 11.17% <-
                                                     Time past : 8200msec
                                                     ['0:0.00%', '1:0.00%', '2:0.00%', '3:0.00%', '4:0.00%', '5:0.00%', '6:100.00%', '7:0.00%', '8:10.80%', '9:0.90%']
                                          0msec<-
                                          ->0msec
                                                     -> Cluster 7, loss : 2.05, accuracy 21.76%, model from round 38
                                                     ['0:76.50%', '1:20.90%', '2:0.00%', '3:23.40%', '4:0.00%', '5:1.70%', '6:5.30%', '7:68.10%', '8:12.70%', '9:9.00%']
                                                                                              <-> Client 0, global : from 21.76% to 13.30%, local : from 4.40% to 95.20%, training time : 8200msec
                                                     Cluster 7, round 1, loss : 3.59, accuracy 13.30% <-
                                                     Time past : 8200msec
                                                     ['0:0.00%', '1:0.10%', '2:0.00%', '3:0.00%', '4:0.00%', '5:0.00%', '6:99.80%', '7:0.00%', '8:33.10%', '9:0.00%']
                                          0msec<-
                                          ->0msec
                                                     -> Cluster 76, loss : 2.05, accuracy 21.76%, model from round 38
                                                     ['0:76.50%', '1:20.90%', '2:0.00%', '3:23.40%', '4:0.00%', '5:1.70%', '6:5.30%', '7:68.10%', '8:12.70%', '9:9.00%']
                                                                                              <-> Client 0, global : from 21.76% to 11.12%, local : from 26.00% to 95.60%, training time : 16200msec
                                                     Cluster 76, round 1, loss : 4.30, accuracy 11.12% <-
                                                     Time past : 16200msec
                                                     ['0:0.00%', '1:0.00%', '2:0.00%', '3:99.90%', '4:0.00%', '5:0.00%', '6:0.00%', '7:0.00%', '8:11.30%', '9:0.00%']
                                          0msec<-
                                          ->0msec
                                                     -> Cluster 2, loss : 2.05, accuracy 21.76%, model from round 38
                                                     ['0:76.50%', '1:20.90%', '2:0.00%', '3:23.40%', '4:0.00%', '5:1.70%', '6:5.30%', '7:68.10%', '8:12.70%', '9:9.00%']
                                                                                              <-> Client 0, global : from 21.76% to 12.93%, local : from 5.80% to 95.00%, training time : 8200msec
                                                     Cluster 2, round 1, loss : 3.67, accuracy 12.93% <-
                                                     Time past : 8200msec
                                                     ['0:3.00%', '1:0.00%', '2:0.00%', '3:0.00%', '4:0.00%', '5:0.00%', '6:100.00%', '7:0.00%', '8:26.30%', '9:0.00%']
                                          0msec<-
                                          ->0msec
                                                     -> Cluster 96, loss : 2.05, accuracy 21.76%, model from round 38
                                                     ['0:76.50%', '1:20.90%', '2:0.00%', '3:23.40%', '4:0.00%', '5:1.70%', '6:5.30%', '7:68.10%', '8:12.70%', '9:9.00%']
                                                                                              <-> Client 0, global : from 21.76% to 10.00%, local : from 68.74% to 95.19%, training time : 16200msec
                                                     Cluster 96, round 1, loss : 4.69, accuracy 10.00% <-
                                                     Time past : 16200msec
                                                     ['0:100.00%', '1:0.00%', '2:0.00%', '3:0.00%', '4:0.00%', '5:0.00%', '6:0.00%', '7:0.00%', '8:0.00%', '9:0.00%']
                                          0msec<-
                                          ->0msec
                                                     -> Cluster 27, loss : 2.05, accuracy 21.76%, model from round 38
                                                     ['0:76.50%', '1:20.90%', '2:0.00%', '3:23.40%', '4:0.00%', '5:1.70%', '6:5.30%', '7:68.10%', '8:12.70%', '9:9.00%']
                                                                                              <-> Client 0, global : from 21.76% to 10.06%, local : from 1.20% to 95.00%, training time : 8200msec
                                                     Cluster 27, round 1, loss : 4.21, accuracy 10.06% <-
                                                     Time past : 8200msec
                                                     ['0:0.00%', '1:0.00%', '2:0.00%', '3:0.00%', '4:100.00%', '5:0.00%', '6:0.00%', '7:0.00%', '8:0.60%', '9:0.00%']
                                          0msec<-
Central server round 38, loss : 2.02, accuracy :24.55%
Time past: 615600msec
['0:36.20%', '1:10.30%', '2:0.30%', '3:3.10%', '4:5.80%', '5:2.90%', '6:91.70%', '7:1.90%', '8:48.90%', '9:44.40%']
                                          ->0msec
                                                     -> Cluster 29, loss : 2.02, accuracy 24.55%, model from round 39
                                                     ['0:36.20%', '1:10.30%', '2:0.30%', '3:3.10%', '4:5.80%', '5:2.90%', '6:91.70%', '7:1.90%', '8:48.90%', '9:44.40%']
                                                                                              <-> Client 0, global : from 24.55% to 10.03%, local : from 8.60% to 95.00%, training time : 8200msec
                                                     Cluster 29, round 1, loss : 4.94, accuracy 10.03% <-
                                                     Time past : 8200msec
                                                     ['0:0.00%', '1:0.00%', '2:0.00%', '3:0.00%', '4:100.00%', '5:0.00%', '6:0.00%', '7:0.00%', '8:0.30%', '9:0.00%']
                                          0msec<-
                                          ->0msec
                                                     -> Cluster 63, loss : 2.02, accuracy 24.55%, model from round 39
                                                     ['0:36.20%', '1:10.30%', '2:0.30%', '3:3.10%', '4:5.80%', '5:2.90%', '6:91.70%', '7:1.90%', '8:48.90%', '9:44.40%']
                                                                                              <-> Client 0, global : from 24.55% to 10.55%, local : from 48.40% to 95.00%, training time : 16200msec
                                                     Cluster 63, round 1, loss : 4.81, accuracy 10.55% <-
                                                     Time past : 16200msec
                                                     ['0:0.00%', '1:0.00%', '2:0.00%', '3:0.00%', '4:1.50%', '5:0.00%', '6:4.00%', '7:0.00%', '8:100.00%', '9:0.00%']
                                          0msec<-
                                          ->0msec
                                                     -> Cluster 57, loss : 2.02, accuracy 24.55%, model from round 39
                                                     ['0:36.20%', '1:10.30%', '2:0.30%', '3:3.10%', '4:5.80%', '5:2.90%', '6:91.70%', '7:1.90%', '8:48.90%', '9:44.40%']
                                                                                              <-> Client 0, global : from 24.55% to 11.51%, local : from 2.40% to 95.20%, training time : 16200msec
                                                     Cluster 57, round 1, loss : 4.11, accuracy 11.51% <-
                                                     Time past : 16200msec
                                                     ['0:14.50%', '1:0.00%', '2:0.00%', '3:0.00%', '4:0.00%', '5:0.00%', '6:0.00%', '7:99.90%', '8:0.70%', '9:0.00%']
                                          0msec<-
                                          ->0msec
                                                     -> Cluster 48, loss : 2.02, accuracy 24.55%, model from round 39
                                                     ['0:36.20%', '1:10.30%', '2:0.30%', '3:3.10%', '4:5.80%', '5:2.90%', '6:91.70%', '7:1.90%', '8:48.90%', '9:44.40%']
                                                                                              <-> Client 0, global : from 24.55% to 10.00%, local : from 1.00% to 95.00%, training time : 8200msec
                                                     Cluster 48, round 1, loss : 4.77, accuracy 10.00% <-
                                                     Time past : 8200msec
                                                     ['0:0.00%', '1:0.00%', '2:100.00%', '3:0.00%', '4:0.00%', '5:0.00%', '6:0.00%', '7:0.00%', '8:0.00%', '9:0.00%']
                                          0msec<-
                                          ->0msec
                                                     -> Cluster 96, loss : 2.02, accuracy 24.55%, model from round 39
                                                     ['0:36.20%', '1:10.30%', '2:0.30%', '3:3.10%', '4:5.80%', '5:2.90%', '6:91.70%', '7:1.90%', '8:48.90%', '9:44.40%']
                                                                                              <-> Client 0, global : from 24.55% to 10.00%, local : from 31.86% to 95.19%, training time : 16200msec
                                                     Cluster 96, round 1, loss : 3.90, accuracy 10.00% <-
                                                     Time past : 16200msec
                                                     ['0:100.00%', '1:0.00%', '2:0.00%', '3:0.00%', '4:0.00%', '5:0.00%', '6:0.00%', '7:0.00%', '8:0.00%', '9:0.00%']
                                          0msec<-
                                          ->0msec
                                                     -> Cluster 21, loss : 2.02, accuracy 24.55%, model from round 39
                                                     ['0:36.20%', '1:10.30%', '2:0.30%', '3:3.10%', '4:5.80%', '5:2.90%', '6:91.70%', '7:1.90%', '8:48.90%', '9:44.40%']
                                                                                              <-> Client 0, global : from 24.55% to 10.15%, local : from 8.78% to 94.81%, training time : 8200msec
                                                     Cluster 21, round 1, loss : 3.96, accuracy 10.15% <-
                                                     Time past : 8200msec
                                                     ['0:0.00%', '1:0.00%', '2:0.00%', '3:0.00%', '4:99.90%', '5:0.00%', '6:0.00%', '7:0.00%', '8:1.60%', '9:0.00%']
                                          0msec<-
                                          ->0msec
                                                     -> Cluster 30, loss : 2.02, accuracy 24.55%, model from round 39
                                                     ['0:36.20%', '1:10.30%', '2:0.30%', '3:3.10%', '4:5.80%', '5:2.90%', '6:91.70%', '7:1.90%', '8:48.90%', '9:44.40%']
                                                                                              <-> Client 0, global : from 24.55% to 10.00%, local : from 9.78% to 94.81%, training time : 8200msec
                                                     Cluster 30, round 1, loss : 3.87, accuracy 10.00% <-
                                                     Time past : 8200msec
                                                     ['0:0.00%', '1:100.00%', '2:0.00%', '3:0.00%', '4:0.00%', '5:0.00%', '6:0.00%', '7:0.00%', '8:0.00%', '9:0.00%']
                                          0msec<-
                                          ->0msec
                                                     -> Cluster 36, loss : 2.02, accuracy 24.55%, model from round 39
                                                     ['0:36.20%', '1:10.30%', '2:0.30%', '3:3.10%', '4:5.80%', '5:2.90%', '6:91.70%', '7:1.90%', '8:48.90%', '9:44.40%']
                                                                                              <-> Client 0, global : from 24.55% to 10.00%, local : from 10.60% to 95.00%, training time : 8200msec
                                                     Cluster 36, round 1, loss : 3.44, accuracy 10.00% <-
                                                     Time past : 8200msec
                                                     ['0:0.00%', '1:100.00%', '2:0.00%', '3:0.00%', '4:0.00%', '5:0.00%', '6:0.00%', '7:0.00%', '8:0.00%', '9:0.00%']
                                          0msec<-
                                          ->0msec
                                                     -> Cluster 59, loss : 2.02, accuracy 24.55%, model from round 39
                                                     ['0:36.20%', '1:10.30%', '2:0.30%', '3:3.10%', '4:5.80%', '5:2.90%', '6:91.70%', '7:1.90%', '8:48.90%', '9:44.40%']
                                                                                              <-> Client 0, global : from 24.55% to 10.32%, local : from 2.60% to 95.20%, training time : 16200msec
                                                     Cluster 59, round 1, loss : 4.14, accuracy 10.32% <-
                                                     Time past : 16200msec
                                                     ['0:0.00%', '1:0.00%', '2:0.00%', '3:0.00%', '4:0.00%', '5:0.00%', '6:0.00%', '7:100.00%', '8:3.20%', '9:0.00%']
                                          0msec<-
                                          ->0msec
                                                     -> Cluster 70, loss : 2.02, accuracy 24.55%, model from round 39
                                                     ['0:36.20%', '1:10.30%', '2:0.30%', '3:3.10%', '4:5.80%', '5:2.90%', '6:91.70%', '7:1.90%', '8:48.90%', '9:44.40%']
                                                                                              <-> Client 0, global : from 24.55% to 10.12%, local : from 3.80% to 95.00%, training time : 16200msec
                                                     Cluster 70, round 1, loss : 4.28, accuracy 10.12% <-
                                                     Time past : 16200msec
                                                     ['0:0.00%', '1:0.00%', '2:0.00%', '3:100.00%', '4:0.00%', '5:0.00%', '6:0.00%', '7:0.00%', '8:1.20%', '9:0.00%']
                                          0msec<-
Central server round 39, loss : 2.01, accuracy :26.31%
Time past: 631800msec
['0:32.30%', '1:49.90%', '2:1.70%', '3:4.50%', '4:75.10%', '5:2.10%', '6:0.10%', '7:34.90%', '8:54.60%', '9:7.90%']
                                          ->0msec
                                                     -> Cluster 1, loss : 2.01, accuracy 26.31%, model from round 40
                                                     ['0:32.30%', '1:49.90%', '2:1.70%', '3:4.50%', '4:75.10%', '5:2.10%', '6:0.10%', '7:34.90%', '8:54.60%', '9:7.90%']
                                                                                              <-> Client 0, global : from 26.31% to 11.84%, local : from 1.60% to 94.61%, training time : 8200msec
                                                     Cluster 1, round 1, loss : 4.19, accuracy 11.84% <-
                                                     Time past : 8200msec
                                                     ['0:0.00%', '1:0.00%', '2:0.00%', '3:0.00%', '4:0.00%', '5:0.00%', '6:100.00%', '7:0.00%', '8:18.40%', '9:0.00%']
                                          0msec<-
                                          ->0msec
                                                     -> Cluster 0, loss : 2.01, accuracy 26.31%, model from round 40
                                                     ['0:32.30%', '1:49.90%', '2:1.70%', '3:4.50%', '4:75.10%', '5:2.10%', '6:0.10%', '7:34.90%', '8:54.60%', '9:7.90%']
                                                                                              <-> Client 0, global : from 26.31% to 11.29%, local : from 1.20% to 94.81%, training time : 8200msec
                                                     Cluster 0, round 1, loss : 3.72, accuracy 11.29% <-
                                                     Time past : 8200msec
                                                     ['0:3.00%', '1:0.00%', '2:0.00%', '3:0.00%', '4:0.00%', '5:0.00%', '6:100.00%', '7:0.00%', '8:9.90%', '9:0.00%']
                                          0msec<-
                                          ->0msec
                                                     -> Cluster 61, loss : 2.01, accuracy 26.31%, model from round 40
                                                     ['0:32.30%', '1:49.90%', '2:1.70%', '3:4.50%', '4:75.10%', '5:2.10%', '6:0.10%', '7:34.90%', '8:54.60%', '9:7.90%']
                                                                                              <-> Client 0, global : from 26.31% to 11.75%, local : from 56.49% to 95.01%, training time : 16200msec
                                                     Cluster 61, round 1, loss : 3.68, accuracy 11.75% <-
                                                     Time past : 16200msec
                                                     ['0:0.00%', '1:0.00%', '2:0.00%', '3:0.00%', '4:17.40%', '5:0.10%', '6:0.00%', '7:0.00%', '8:100.00%', '9:0.00%']
                                          0msec<-
                                          ->0msec
                                                     -> Cluster 40, loss : 2.01, accuracy 26.31%, model from round 40
                                                     ['0:32.30%', '1:49.90%', '2:1.70%', '3:4.50%', '4:75.10%', '5:2.10%', '6:0.10%', '7:34.90%', '8:54.60%', '9:7.90%']
                                                                                              <-> Client 0, global : from 26.31% to 10.00%, local : from 2.59% to 94.81%, training time : 8200msec
                                                     Cluster 40, round 1, loss : 4.57, accuracy 10.00% <-
                                                     Time past : 8200msec
                                                     ['0:0.00%', '1:0.00%', '2:100.00%', '3:0.00%', '4:0.00%', '5:0.00%', '6:0.00%', '7:0.00%', '8:0.00%', '9:0.00%']
                                          0msec<-
                                          ->0msec
                                                     -> Cluster 49, loss : 2.01, accuracy 26.31%, model from round 40
                                                     ['0:32.30%', '1:49.90%', '2:1.70%', '3:4.50%', '4:75.10%', '5:2.10%', '6:0.10%', '7:34.90%', '8:54.60%', '9:7.90%']
                                                                                              <-> Client 0, global : from 26.31% to 10.08%, local : from 1.80% to 95.00%, training time : 8200msec
                                                     Cluster 49, round 1, loss : 4.30, accuracy 10.08% <-
                                                     Time past : 8200msec
                                                     ['0:0.00%', '1:0.00%', '2:100.00%', '3:0.00%', '4:0.00%', '5:0.00%', '6:0.00%', '7:0.00%', '8:0.70%', '9:0.10%']
                                          0msec<-
                                          ->0msec
                                                     -> Cluster 74, loss : 2.01, accuracy 26.31%, model from round 40
                                                     ['0:32.30%', '1:49.90%', '2:1.70%', '3:4.50%', '4:75.10%', '5:2.10%', '6:0.10%', '7:34.90%', '8:54.60%', '9:7.90%']
                                                                                              <-> Client 0, global : from 26.31% to 10.24%, local : from 5.20% to 95.20%, training time : 16200msec
                                                     Cluster 74, round 1, loss : 4.18, accuracy 10.24% <-
                                                     Time past : 16200msec
                                                     ['0:0.00%', '1:0.00%', '2:0.00%', '3:100.00%', '4:0.00%', '5:0.00%', '6:0.00%', '7:0.00%', '8:2.40%', '9:0.00%']
                                          0msec<-
                                          ->0msec
                                                     -> Cluster 36, loss : 2.01, accuracy 26.31%, model from round 40
                                                     ['0:32.30%', '1:49.90%', '2:1.70%', '3:4.50%', '4:75.10%', '5:2.10%', '6:0.10%', '7:34.90%', '8:54.60%', '9:7.90%']
                                                                                              <-> Client 0, global : from 26.31% to 10.00%, local : from 49.80% to 95.00%, training time : 8200msec
                                                     Cluster 36, round 1, loss : 3.18, accuracy 10.00% <-
                                                     Time past : 8200msec
                                                     ['0:0.00%', '1:100.00%', '2:0.00%', '3:0.00%', '4:0.00%', '5:0.00%', '6:0.00%', '7:0.00%', '8:0.00%', '9:0.00%']
                                          0msec<-
                                          ->0msec
                                                     -> Cluster 25, loss : 2.01, accuracy 26.31%, model from round 40
                                                     ['0:32.30%', '1:49.90%', '2:1.70%', '3:4.50%', '4:75.10%', '5:2.10%', '6:0.10%', '7:34.90%', '8:54.60%', '9:7.90%']
                                                                                              <-> Client 0, global : from 26.31% to 10.73%, local : from 70.20% to 95.00%, training time : 8200msec
                                                     Cluster 25, round 1, loss : 3.83, accuracy 10.73% <-
                                                     Time past : 8200msec
                                                     ['0:0.00%', '1:0.00%', '2:0.00%', '3:0.00%', '4:99.80%', '5:0.00%', '6:0.00%', '7:0.00%', '8:7.50%', '9:0.00%']
                                          0msec<-
                                          ->0msec
                                                     -> Cluster 51, loss : 2.01, accuracy 26.31%, model from round 40
                                                     ['0:32.30%', '1:49.90%', '2:1.70%', '3:4.50%', '4:75.10%', '5:2.10%', '6:0.10%', '7:34.90%', '8:54.60%', '9:7.90%']
                                                                                              <-> Client 0, global : from 26.31% to 11.02%, local : from 32.34% to 95.01%, training time : 16200msec
                                                     Cluster 51, round 1, loss : 4.49, accuracy 11.02% <-
                                                     Time past : 16200msec
                                                     ['0:0.00%', '1:0.00%', '2:0.00%', '3:0.00%', '4:0.00%', '5:0.00%', '6:0.00%', '7:99.70%', '8:10.50%', '9:0.00%']
                                          0msec<-
                                          ->0msec
                                                     -> Cluster 20, loss : 2.01, accuracy 26.31%, model from round 40
                                                     ['0:32.30%', '1:49.90%', '2:1.70%', '3:4.50%', '4:75.10%', '5:2.10%', '6:0.10%', '7:34.90%', '8:54.60%', '9:7.90%']
                                                                                              <-> Client 0, global : from 26.31% to 10.72%, local : from 73.65% to 94.81%, training time : 8200msec
                                                     Cluster 20, round 1, loss : 3.74, accuracy 10.72% <-
                                                     Time past : 8200msec
                                                     ['0:0.00%', '1:0.00%', '2:0.00%', '3:0.00%', '4:99.70%', '5:0.00%', '6:0.00%', '7:0.00%', '8:7.50%', '9:0.00%']
                                          0msec<-
Central server round 40, loss : 1.99, accuracy :27.12%
Time past: 648000msec
['0:3.90%', '1:19.80%', '2:26.20%', '3:16.60%', '4:17.40%', '5:1.50%', '6:70.30%', '7:27.70%', '8:70.80%', '9:17.00%']
                                          ->0msec
                                                     -> Cluster 59, loss : 1.99, accuracy 27.12%, model from round 41
                                                     ['0:3.90%', '1:19.80%', '2:26.20%', '3:16.60%', '4:17.40%', '5:1.50%', '6:70.30%', '7:27.70%', '8:70.80%', '9:17.00%']
                                                                                              <-> Client 0, global : from 27.12% to 11.09%, local : from 24.40% to 95.00%, training time : 16200msec
                                                     Cluster 59, round 1, loss : 3.75, accuracy 11.09% <-
                                                     Time past : 16200msec
                                                     ['0:1.30%', '1:0.00%', '2:0.00%', '3:0.00%', '4:0.00%', '5:0.00%', '6:0.00%', '7:99.80%', '8:9.80%', '9:0.00%']
                                          0msec<-
                                          ->0msec
                                                     -> Cluster 83, loss : 1.99, accuracy 27.12%, model from round 41
                                                     ['0:3.90%', '1:19.80%', '2:26.20%', '3:16.60%', '4:17.40%', '5:1.50%', '6:70.30%', '7:27.70%', '8:70.80%', '9:17.00%']
                                                                                              <-> Client 0, global : from 27.12% to 10.08%, local : from 2.40% to 95.19%, training time : 16200msec
                                                     Cluster 83, round 1, loss : 4.57, accuracy 10.08% <-
                                                     Time past : 16200msec
                                                     ['0:0.00%', '1:0.00%', '2:0.00%', '3:0.00%', '4:0.00%', '5:100.00%', '6:0.00%', '7:0.00%', '8:0.80%', '9:0.00%']
                                          0msec<-
                                          ->0msec
                                                     -> Cluster 38, loss : 1.99, accuracy 27.12%, model from round 41
                                                     ['0:3.90%', '1:19.80%', '2:26.20%', '3:16.60%', '4:17.40%', '5:1.50%', '6:70.30%', '7:27.70%', '8:70.80%', '9:17.00%']
                                                                                              <-> Client 0, global : from 27.12% to 10.02%, local : from 18.80% to 95.00%, training time : 8200msec
                                                     Cluster 38, round 1, loss : 3.82, accuracy 10.02% <-
                                                     Time past : 8200msec
                                                     ['0:0.00%', '1:100.00%', '2:0.00%', '3:0.00%', '4:0.00%', '5:0.20%', '6:0.00%', '7:0.00%', '8:0.00%', '9:0.00%']
                                          0msec<-
                                          ->0msec
                                                     -> Cluster 1, loss : 1.99, accuracy 27.12%, model from round 41
                                                     ['0:3.90%', '1:19.80%', '2:26.20%', '3:16.60%', '4:17.40%', '5:1.50%', '6:70.30%', '7:27.70%', '8:70.80%', '9:17.00%']
                                                                                              <-> Client 0, global : from 27.12% to 14.85%, local : from 66.47% to 94.81%, training time : 8200msec
                                                     Cluster 1, round 1, loss : 3.39, accuracy 14.85% <-
                                                     Time past : 8200msec
                                                     ['0:0.70%', '1:0.00%', '2:0.00%', '3:0.00%', '4:0.00%', '5:0.00%', '6:99.70%', '7:0.00%', '8:47.90%', '9:0.20%']
                                          0msec<-
                                          ->0msec
                                                     -> Cluster 4, loss : 1.99, accuracy 27.12%, model from round 41
                                                     ['0:3.90%', '1:19.80%', '2:26.20%', '3:16.60%', '4:17.40%', '5:1.50%', '6:70.30%', '7:27.70%', '8:70.80%', '9:17.00%']
                                                                                              <-> Client 0, global : from 27.12% to 13.41%, local : from 66.20% to 94.80%, training time : 8200msec
                                                     Cluster 4, round 1, loss : 3.67, accuracy 13.41% <-
                                                     Time past : 8200msec
                                                     ['0:26.70%', '1:0.00%', '2:0.00%', '3:0.00%', '4:0.00%', '5:0.00%', '6:99.90%', '7:0.00%', '8:7.50%', '9:0.00%']
                                          0msec<-
                                          ->0msec
                                                     -> Cluster 68, loss : 1.99, accuracy 27.12%, model from round 41
                                                     ['0:3.90%', '1:19.80%', '2:26.20%', '3:16.60%', '4:17.40%', '5:1.50%', '6:70.30%', '7:27.70%', '8:70.80%', '9:17.00%']
                                                                                              <-> Client 0, global : from 27.12% to 11.24%, local : from 68.80% to 95.00%, training time : 16200msec
                                                     Cluster 68, round 1, loss : 3.87, accuracy 11.24% <-
                                                     Time past : 16200msec
                                                     ['0:0.00%', '1:0.00%', '2:0.00%', '3:0.00%', '4:0.00%', '5:0.00%', '6:12.00%', '7:0.40%', '8:100.00%', '9:0.00%']
                                          0msec<-
                                          ->0msec
                                                     -> Cluster 7, loss : 1.99, accuracy 27.12%, model from round 41
                                                     ['0:3.90%', '1:19.80%', '2:26.20%', '3:16.60%', '4:17.40%', '5:1.50%', '6:70.30%', '7:27.70%', '8:70.80%', '9:17.00%']
                                                                                              <-> Client 0, global : from 27.12% to 12.05%, local : from 64.80% to 95.20%, training time : 8200msec
                                                     Cluster 7, round 1, loss : 4.04, accuracy 12.05% <-
                                                     Time past : 8200msec
                                                     ['0:0.00%', '1:0.00%', '2:0.00%', '3:0.00%', '4:0.00%', '5:0.00%', '6:100.00%', '7:0.00%', '8:20.50%', '9:0.00%']
                                          0msec<-
                                          ->0msec
                                                     -> Cluster 67, loss : 1.99, accuracy 27.12%, model from round 41
                                                     ['0:3.90%', '1:19.80%', '2:26.20%', '3:16.60%', '4:17.40%', '5:1.50%', '6:70.30%', '7:27.70%', '8:70.80%', '9:17.00%']
                                                                                              <-> Client 0, global : from 27.12% to 10.84%, local : from 68.60% to 95.20%, training time : 16200msec
                                                     Cluster 67, round 1, loss : 4.52, accuracy 10.84% <-
                                                     Time past : 16200msec
                                                     ['0:0.00%', '1:0.00%', '2:0.00%', '3:0.00%', '4:0.00%', '5:0.00%', '6:8.30%', '7:0.10%', '8:100.00%', '9:0.00%']
                                          0msec<-
                                          ->0msec
                                                     -> Cluster 16, loss : 1.99, accuracy 27.12%, model from round 41
                                                     ['0:3.90%', '1:19.80%', '2:26.20%', '3:16.60%', '4:17.40%', '5:1.50%', '6:70.30%', '7:27.70%', '8:70.80%', '9:17.00%']
                                                                                              <-> Client 0, global : from 27.12% to 10.61%, local : from 19.80% to 95.00%, training time : 8200msec
                                                     Cluster 16, round 1, loss : 3.61, accuracy 10.61% <-
                                                     Time past : 8200msec
                                                     ['0:0.00%', '1:0.00%', '2:0.00%', '3:1.10%', '4:0.00%', '5:0.00%', '6:5.20%', '7:0.00%', '8:0.00%', '9:99.80%']
                                          0msec<-
                                          ->0msec
                                                     -> Cluster 5, loss : 1.99, accuracy 27.12%, model from round 41
                                                     ['0:3.90%', '1:19.80%', '2:26.20%', '3:16.60%', '4:17.40%', '5:1.50%', '6:70.30%', '7:27.70%', '8:70.80%', '9:17.00%']
                                                                                              <-> Client 0, global : from 27.12% to 13.24%, local : from 66.00% to 95.00%, training time : 8200msec
                                                     Cluster 5, round 1, loss : 3.56, accuracy 13.24% <-
                                                     Time past : 8200msec
                                                     ['0:0.00%', '1:0.00%', '2:0.00%', '3:0.00%', '4:0.00%', '5:0.00%', '6:100.00%', '7:0.00%', '8:24.80%', '9:7.60%']
                                          0msec<-
Central server round 41, loss : 2.20, accuracy :20.55%
Time past: 664200msec
['0:0.20%', '1:6.20%', '2:0.00%', '3:0.00%', '4:0.00%', '5:3.00%', '6:94.80%', '7:2.30%', '8:84.90%', '9:14.10%']
                                          ->0msec
                                                     -> Cluster 84, loss : 2.20, accuracy 20.55%, model from round 42
                                                     ['0:0.20%', '1:6.20%', '2:0.00%', '3:0.00%', '4:0.00%', '5:3.00%', '6:94.80%', '7:2.30%', '8:84.90%', '9:14.10%']
                                                                                              <-> Client 0, global : from 20.55% to 10.19%, local : from 5.41% to 95.19%, training time : 16200msec
                                                     Cluster 84, round 1, loss : 4.15, accuracy 10.19% <-
                                                     Time past : 16200msec
                                                     ['0:0.00%', '1:0.00%', '2:0.00%', '3:0.00%', '4:0.00%', '5:100.00%', '6:0.00%', '7:0.00%', '8:1.90%', '9:0.00%']
                                          0msec<-
                                          ->0msec
                                                     -> Cluster 57, loss : 2.20, accuracy 20.55%, model from round 42
                                                     ['0:0.20%', '1:6.20%', '2:0.00%', '3:0.00%', '4:0.00%', '5:3.00%', '6:94.80%', '7:2.30%', '8:84.90%', '9:14.10%']
                                                                                              <-> Client 0, global : from 20.55% to 11.02%, local : from 2.40% to 95.00%, training time : 16200msec
                                                     Cluster 57, round 1, loss : 4.41, accuracy 11.02% <-
                                                     Time past : 16200msec
                                                     ['0:9.40%', '1:0.00%', '2:0.00%', '3:0.00%', '4:0.00%', '5:0.00%', '6:0.00%', '7:100.00%', '8:0.80%', '9:0.00%']
                                          0msec<-
                                          ->0msec
                                                     -> Cluster 49, loss : 2.20, accuracy 20.55%, model from round 42
                                                     ['0:0.20%', '1:6.20%', '2:0.00%', '3:0.00%', '4:0.00%', '5:3.00%', '6:94.80%', '7:2.30%', '8:84.90%', '9:14.10%']
                                                                                              <-> Client 0, global : from 20.55% to 10.04%, local : from 1.00% to 95.00%, training time : 8200msec
                                                     Cluster 49, round 1, loss : 4.56, accuracy 10.04% <-
                                                     Time past : 8200msec
                                                     ['0:0.00%', '1:0.00%', '2:100.00%', '3:0.00%', '4:0.00%', '5:0.00%', '6:0.00%', '7:0.00%', '8:0.40%', '9:0.00%']
                                          0msec<-
                                          ->0msec
                                                     -> Cluster 42, loss : 2.20, accuracy 20.55%, model from round 42
                                                     ['0:0.20%', '1:6.20%', '2:0.00%', '3:0.00%', '4:0.00%', '5:3.00%', '6:94.80%', '7:2.30%', '8:84.90%', '9:14.10%']
                                                                                              <-> Client 0, global : from 20.55% to 10.00%, local : from 0.80% to 95.00%, training time : 8200msec
                                                     Cluster 42, round 1, loss : 4.93, accuracy 10.00% <-
                                                     Time past : 8200msec
                                                     ['0:0.00%', '1:0.00%', '2:100.00%', '3:0.00%', '4:0.00%', '5:0.00%', '6:0.00%', '7:0.00%', '8:0.00%', '9:0.00%']
                                          0msec<-
                                          ->0msec
                                                     -> Cluster 80, loss : 2.20, accuracy 20.55%, model from round 42
                                                     ['0:0.20%', '1:6.20%', '2:0.00%', '3:0.00%', '4:0.00%', '5:3.00%', '6:94.80%', '7:2.30%', '8:84.90%', '9:14.10%']
                                                                                              <-> Client 0, global : from 20.55% to 10.44%, local : from 4.20% to 95.00%, training time : 16200msec
                                                     Cluster 80, round 1, loss : 4.37, accuracy 10.44% <-
                                                     Time past : 16200msec
                                                     ['0:0.00%', '1:0.00%', '2:0.00%', '3:0.00%', '4:0.00%', '5:100.00%', '6:0.00%', '7:0.00%', '8:4.10%', '9:0.30%']
                                          0msec<-
                                          ->0msec
                                                     -> Cluster 34, loss : 2.20, accuracy 20.55%, model from round 42
                                                     ['0:0.20%', '1:6.20%', '2:0.00%', '3:0.00%', '4:0.00%', '5:3.00%', '6:94.80%', '7:2.30%', '8:84.90%', '9:14.10%']
                                                                                              <-> Client 0, global : from 20.55% to 10.00%, local : from 8.60% to 95.00%, training time : 8200msec
                                                     Cluster 34, round 1, loss : 4.01, accuracy 10.00% <-
                                                     Time past : 8200msec
                                                     ['0:0.00%', '1:100.00%', '2:0.00%', '3:0.00%', '4:0.00%', '5:0.00%', '6:0.00%', '7:0.00%', '8:0.00%', '9:0.00%']
                                          0msec<-
                                          ->0msec
                                                     -> Cluster 33, loss : 2.20, accuracy 20.55%, model from round 42
                                                     ['0:0.20%', '1:6.20%', '2:0.00%', '3:0.00%', '4:0.00%', '5:3.00%', '6:94.80%', '7:2.30%', '8:84.90%', '9:14.10%']
                                                                                              <-> Client 0, global : from 20.55% to 10.00%, local : from 6.40% to 95.00%, training time : 8200msec
                                                     Cluster 33, round 1, loss : 3.95, accuracy 10.00% <-
                                                     Time past : 8200msec
                                                     ['0:0.00%', '1:100.00%', '2:0.00%', '3:0.00%', '4:0.00%', '5:0.00%', '6:0.00%', '7:0.00%', '8:0.00%', '9:0.00%']
                                          0msec<-
                                          ->0msec
                                                     -> Cluster 82, loss : 2.20, accuracy 20.55%, model from round 42
                                                     ['0:0.20%', '1:6.20%', '2:0.00%', '3:0.00%', '4:0.00%', '5:3.00%', '6:94.80%', '7:2.30%', '8:84.90%', '9:14.10%']
                                                                                              <-> Client 0, global : from 20.55% to 11.69%, local : from 4.20% to 94.80%, training time : 16200msec
                                                     Cluster 82, round 1, loss : 4.26, accuracy 11.69% <-
                                                     Time past : 16200msec
                                                     ['0:1.00%', '1:0.00%', '2:0.00%', '3:0.00%', '4:0.00%', '5:99.90%', '6:0.00%', '7:0.00%', '8:16.00%', '9:0.00%']
                                          0msec<-
                                          ->0msec
                                                     -> Cluster 81, loss : 2.20, accuracy 20.55%, model from round 42
                                                     ['0:0.20%', '1:6.20%', '2:0.00%', '3:0.00%', '4:0.00%', '5:3.00%', '6:94.80%', '7:2.30%', '8:84.90%', '9:14.10%']
                                                                                              <-> Client 0, global : from 20.55% to 10.03%, local : from 5.00% to 95.00%, training time : 16200msec
                                                     Cluster 81, round 1, loss : 3.79, accuracy 10.03% <-
                                                     Time past : 16200msec
                                                     ['0:0.00%', '1:0.00%', '2:0.00%', '3:0.00%', '4:0.00%', '5:100.00%', '6:0.00%', '7:0.00%', '8:0.30%', '9:0.00%']
                                          0msec<-
                                          ->0msec
                                                     -> Cluster 31, loss : 2.20, accuracy 20.55%, model from round 42
                                                     ['0:0.20%', '1:6.20%', '2:0.00%', '3:0.00%', '4:0.00%', '5:3.00%', '6:94.80%', '7:2.30%', '8:84.90%', '9:14.10%']
                                                                                              <-> Client 0, global : from 20.55% to 10.25%, local : from 6.39% to 94.81%, training time : 8200msec
                                                     Cluster 31, round 1, loss : 3.29, accuracy 10.25% <-
                                                     Time past : 8200msec
                                                     ['0:0.00%', '1:100.00%', '2:0.00%', '3:0.00%', '4:0.00%', '5:0.00%', '6:0.00%', '7:0.50%', '8:2.00%', '9:0.00%']
                                          0msec<-
Central server round 42, loss : 2.23, accuracy :19.82%
Time past: 680400msec
['0:12.60%', '1:62.60%', '2:0.00%', '3:0.00%', '4:0.00%', '5:92.40%', '6:1.80%', '7:9.00%', '8:16.70%', '9:3.10%']
                                          ->0msec
                                                     -> Cluster 84, loss : 2.23, accuracy 19.82%, model from round 43
                                                     ['0:12.60%', '1:62.60%', '2:0.00%', '3:0.00%', '4:0.00%', '5:92.40%', '6:1.80%', '7:9.00%', '8:16.70%', '9:3.10%']
                                                                                              <-> Client 0, global : from 19.82% to 10.17%, local : from 88.38% to 95.19%, training time : 16200msec
                                                     Cluster 84, round 1, loss : 4.66, accuracy 10.17% <-
                                                     Time past : 16200msec
                                                     ['0:0.00%', '1:0.00%', '2:0.00%', '3:0.00%', '4:0.00%', '5:100.00%', '6:0.00%', '7:0.00%', '8:1.70%', '9:0.00%']
                                          0msec<-
                                          ->0msec
                                                     -> Cluster 8, loss : 2.23, accuracy 19.82%, model from round 43
                                                     ['0:12.60%', '1:62.60%', '2:0.00%', '3:0.00%', '4:0.00%', '5:92.40%', '6:1.80%', '7:9.00%', '8:16.70%', '9:3.10%']
                                                                                              <-> Client 0, global : from 19.82% to 14.00%, local : from 2.80% to 95.40%, training time : 8200msec
                                                     Cluster 8, round 1, loss : 3.24, accuracy 14.00% <-
                                                     Time past : 8200msec
                                                     ['0:1.50%', '1:1.00%', '2:0.00%', '3:0.00%', '4:0.00%', '5:0.00%', '6:100.00%', '7:0.00%', '8:22.10%', '9:15.40%']
                                          0msec<-
                                          ->0msec
                                                     -> Cluster 91, loss : 2.23, accuracy 19.82%, model from round 43
                                                     ['0:12.60%', '1:62.60%', '2:0.00%', '3:0.00%', '4:0.00%', '5:92.40%', '6:1.80%', '7:9.00%', '8:16.70%', '9:3.10%']
                                                                                              <-> Client 0, global : from 19.82% to 10.00%, local : from 14.60% to 95.00%, training time : 16200msec
                                                     Cluster 91, round 1, loss : 4.45, accuracy 10.00% <-
                                                     Time past : 16200msec
                                                     ['0:100.00%', '1:0.00%', '2:0.00%', '3:0.00%', '4:0.00%', '5:0.00%', '6:0.00%', '7:0.00%', '8:0.00%', '9:0.00%']
                                          0msec<-
                                          ->0msec
                                                     -> Cluster 34, loss : 2.23, accuracy 19.82%, model from round 43
                                                     ['0:12.60%', '1:62.60%', '2:0.00%', '3:0.00%', '4:0.00%', '5:92.40%', '6:1.80%', '7:9.00%', '8:16.70%', '9:3.10%']
                                                                                              <-> Client 0, global : from 19.82% to 10.00%, local : from 56.00% to 95.00%, training time : 8200msec
                                                     Cluster 34, round 1, loss : 3.64, accuracy 10.00% <-
                                                     Time past : 8200msec
                                                     ['0:0.00%', '1:100.00%', '2:0.00%', '3:0.00%', '4:0.00%', '5:0.00%', '6:0.00%', '7:0.00%', '8:0.00%', '9:0.00%']
                                          0msec<-
                                          ->0msec
                                                     -> Cluster 95, loss : 2.23, accuracy 19.82%, model from round 43
                                                     ['0:12.60%', '1:62.60%', '2:0.00%', '3:0.00%', '4:0.00%', '5:92.40%', '6:1.80%', '7:9.00%', '8:16.70%', '9:3.10%']
                                                                                              <-> Client 0, global : from 19.82% to 10.14%, local : from 12.42% to 95.19%, training time : 16200msec
                                                     Cluster 95, round 1, loss : 3.85, accuracy 10.14% <-
                                                     Time past : 16200msec
                                                     ['0:99.80%', '1:0.00%', '2:0.00%', '3:0.00%', '4:0.00%', '5:0.00%', '6:1.60%', '7:0.00%', '8:0.00%', '9:0.00%']
                                          0msec<-
                                          ->0msec
                                                     -> Cluster 78, loss : 2.23, accuracy 19.82%, model from round 43
                                                     ['0:12.60%', '1:62.60%', '2:0.00%', '3:0.00%', '4:0.00%', '5:92.40%', '6:1.80%', '7:9.00%', '8:16.70%', '9:3.10%']
                                                                                              <-> Client 0, global : from 19.82% to 10.21%, local : from 0.40% to 95.00%, training time : 16200msec
                                                     Cluster 78, round 1, loss : 4.69, accuracy 10.21% <-
                                                     Time past : 16200msec
                                                     ['0:0.00%', '1:0.00%', '2:0.00%', '3:100.00%', '4:0.00%', '5:0.00%', '6:0.00%', '7:0.00%', '8:1.90%', '9:0.20%']
                                          0msec<-
                                          ->0msec
                                                     -> Cluster 92, loss : 2.23, accuracy 19.82%, model from round 43
                                                     ['0:12.60%', '1:62.60%', '2:0.00%', '3:0.00%', '4:0.00%', '5:92.40%', '6:1.80%', '7:9.00%', '8:16.70%', '9:3.10%']
                                                                                              <-> Client 0, global : from 19.82% to 10.46%, local : from 8.40% to 94.80%, training time : 16200msec
                                                     Cluster 92, round 1, loss : 3.92, accuracy 10.46% <-
                                                     Time past : 16200msec
                                                     ['0:99.80%', '1:0.00%', '2:0.00%', '3:0.00%', '4:0.00%', '5:0.00%', '6:4.80%', '7:0.00%', '8:0.00%', '9:0.00%']
                                          0msec<-
                                          ->0msec
                                                     -> Cluster 96, loss : 2.23, accuracy 19.82%, model from round 43
                                                     ['0:12.60%', '1:62.60%', '2:0.00%', '3:0.00%', '4:0.00%', '5:92.40%', '6:1.80%', '7:9.00%', '8:16.70%', '9:3.10%']
                                                                                              <-> Client 0, global : from 19.82% to 10.00%, local : from 10.82% to 95.19%, training time : 16200msec
                                                     Cluster 96, round 1, loss : 4.12, accuracy 10.00% <-
                                                     Time past : 16200msec
                                                     ['0:100.00%', '1:0.00%', '2:0.00%', '3:0.00%', '4:0.00%', '5:0.00%', '6:0.00%', '7:0.00%', '8:0.00%', '9:0.00%']
                                          0msec<-
                                          ->0msec
                                                     -> Cluster 9, loss : 2.23, accuracy 19.82%, model from round 43
                                                     ['0:12.60%', '1:62.60%', '2:0.00%', '3:0.00%', '4:0.00%', '5:92.40%', '6:1.80%', '7:9.00%', '8:16.70%', '9:3.10%']
                                                                                              <-> Client 0, global : from 19.82% to 14.68%, local : from 3.60% to 95.40%, training time : 8200msec
                                                     Cluster 9, round 1, loss : 3.65, accuracy 14.68% <-
                                                     Time past : 8200msec
                                                     ['0:35.00%', '1:0.50%', '2:0.00%', '3:0.00%', '4:0.00%', '5:0.00%', '6:99.80%', '7:0.00%', '8:4.80%', '9:6.70%']
                                          0msec<-
                                          ->0msec
                                                     -> Cluster 32, loss : 2.23, accuracy 19.82%, model from round 43
                                                     ['0:12.60%', '1:62.60%', '2:0.00%', '3:0.00%', '4:0.00%', '5:92.40%', '6:1.80%', '7:9.00%', '8:16.70%', '9:3.10%']
                                                                                              <-> Client 0, global : from 19.82% to 10.00%, local : from 58.80% to 95.00%, training time : 8200msec
                                                     Cluster 32, round 1, loss : 4.23, accuracy 10.00% <-
                                                     Time past : 8200msec
                                                     ['0:0.00%', '1:100.00%', '2:0.00%', '3:0.00%', '4:0.00%', '5:0.00%', '6:0.00%', '7:0.00%', '8:0.00%', '9:0.00%']
                                          0msec<-
Central server round 43, loss : 2.24, accuracy :18.67%
Time past: 696600msec
['0:92.90%', '1:15.30%', '2:0.00%', '3:1.80%', '4:0.00%', '5:5.80%', '6:67.50%', '7:1.00%', '8:0.00%', '9:2.40%']
                                          ->0msec
                                                     -> Cluster 64, loss : 2.24, accuracy 18.67%, model from round 44
                                                     ['0:92.90%', '1:15.30%', '2:0.00%', '3:1.80%', '4:0.00%', '5:5.80%', '6:67.50%', '7:1.00%', '8:0.00%', '9:2.40%']
                                                                                              <-> Client 0, global : from 18.67% to 10.83%, local : from 1.20% to 95.00%, training time : 16200msec
                                                     Cluster 64, round 1, loss : 4.55, accuracy 10.83% <-
                                                     Time past : 16200msec
                                                     ['0:0.00%', '1:0.00%', '2:0.00%', '3:0.00%', '4:1.40%', '5:0.00%', '6:6.20%', '7:0.70%', '8:100.00%', '9:0.00%']
                                          0msec<-
                                          ->0msec
                                                     -> Cluster 47, loss : 2.24, accuracy 18.67%, model from round 44
                                                     ['0:92.90%', '1:15.30%', '2:0.00%', '3:1.80%', '4:0.00%', '5:5.80%', '6:67.50%', '7:1.00%', '8:0.00%', '9:2.40%']
                                                                                              <-> Client 0, global : from 18.67% to 10.00%, local : from 0.80% to 95.00%, training time : 8200msec
                                                     Cluster 47, round 1, loss : 3.86, accuracy 10.00% <-
                                                     Time past : 8200msec
                                                     ['0:0.00%', '1:0.00%', '2:100.00%', '3:0.00%', '4:0.00%', '5:0.00%', '6:0.00%', '7:0.00%', '8:0.00%', '9:0.00%']
                                          0msec<-
                                          ->0msec
                                                     -> Cluster 12, loss : 2.24, accuracy 18.67%, model from round 44
                                                     ['0:92.90%', '1:15.30%', '2:0.00%', '3:1.80%', '4:0.00%', '5:5.80%', '6:67.50%', '7:1.00%', '8:0.00%', '9:2.40%']
                                                                                              <-> Client 0, global : from 18.67% to 10.03%, local : from 3.20% to 95.00%, training time : 8200msec
                                                     Cluster 12, round 1, loss : 3.95, accuracy 10.03% <-
                                                     Time past : 8200msec
                                                     ['0:0.00%', '1:0.00%', '2:0.00%', '3:0.00%', '4:0.10%', '5:0.20%', '6:0.00%', '7:0.00%', '8:0.00%', '9:100.00%']
                                          0msec<-
                                          ->0msec
                                                     -> Cluster 40, loss : 2.24, accuracy 18.67%, model from round 44
                                                     ['0:92.90%', '1:15.30%', '2:0.00%', '3:1.80%', '4:0.00%', '5:5.80%', '6:67.50%', '7:1.00%', '8:0.00%', '9:2.40%']
                                                                                              <-> Client 0, global : from 18.67% to 10.00%, local : from 1.20% to 94.81%, training time : 8200msec
                                                     Cluster 40, round 1, loss : 4.10, accuracy 10.00% <-
                                                     Time past : 8200msec
                                                     ['0:0.00%', '1:0.00%', '2:100.00%', '3:0.00%', '4:0.00%', '5:0.00%', '6:0.00%', '7:0.00%', '8:0.00%', '9:0.00%']
                                          0msec<-
                                          ->0msec
                                                     -> Cluster 5, loss : 2.24, accuracy 18.67%, model from round 44
                                                     ['0:92.90%', '1:15.30%', '2:0.00%', '3:1.80%', '4:0.00%', '5:5.80%', '6:67.50%', '7:1.00%', '8:0.00%', '9:2.40%']
                                                                                              <-> Client 0, global : from 18.67% to 14.34%, local : from 64.80% to 95.20%, training time : 8200msec
                                                     Cluster 5, round 1, loss : 3.30, accuracy 14.34% <-
                                                     Time past : 8200msec
                                                     ['0:5.10%', '1:0.10%', '2:0.00%', '3:0.00%', '4:0.00%', '5:0.00%', '6:100.00%', '7:0.00%', '8:25.20%', '9:13.00%']
                                          0msec<-
                                          ->0msec
                                                     -> Cluster 16, loss : 2.24, accuracy 18.67%, model from round 44
                                                     ['0:92.90%', '1:15.30%', '2:0.00%', '3:1.80%', '4:0.00%', '5:5.80%', '6:67.50%', '7:1.00%', '8:0.00%', '9:2.40%']
                                                                                              <-> Client 0, global : from 18.67% to 11.55%, local : from 4.20% to 95.00%, training time : 8200msec
                                                     Cluster 16, round 1, loss : 3.46, accuracy 11.55% <-
                                                     Time past : 8200msec
                                                     ['0:0.00%', '1:0.00%', '2:0.00%', '3:1.00%', '4:0.00%', '5:0.00%', '6:14.90%', '7:0.00%', '8:0.00%', '9:99.60%']
                                          0msec<-
                                          ->0msec
                                                     -> Cluster 68, loss : 2.24, accuracy 18.67%, model from round 44
                                                     ['0:92.90%', '1:15.30%', '2:0.00%', '3:1.80%', '4:0.00%', '5:5.80%', '6:67.50%', '7:1.00%', '8:0.00%', '9:2.40%']
                                                                                              <-> Client 0, global : from 18.67% to 12.33%, local : from 1.40% to 95.20%, training time : 16200msec
                                                     Cluster 68, round 1, loss : 3.50, accuracy 12.33% <-
                                                     Time past : 16200msec
                                                     ['0:0.00%', '1:0.00%', '2:0.00%', '3:0.00%', '4:0.00%', '5:0.00%', '6:22.20%', '7:1.10%', '8:100.00%', '9:0.00%']
                                          0msec<-
                                          ->0msec
                                                     -> Cluster 4, loss : 2.24, accuracy 18.67%, model from round 44
                                                     ['0:92.90%', '1:15.30%', '2:0.00%', '3:1.80%', '4:0.00%', '5:5.80%', '6:67.50%', '7:1.00%', '8:0.00%', '9:2.40%']
                                                                                              <-> Client 0, global : from 18.67% to 12.58%, local : from 65.00% to 94.60%, training time : 8200msec
                                                     Cluster 4, round 1, loss : 4.13, accuracy 12.58% <-
                                                     Time past : 8200msec
                                                     ['0:23.40%', '1:0.00%', '2:0.00%', '3:0.00%', '4:0.00%', '5:0.00%', '6:100.00%', '7:0.00%', '8:2.40%', '9:0.00%']
                                          0msec<-
                                          ->0msec
                                                     -> Cluster 56, loss : 2.24, accuracy 18.67%, model from round 44
                                                     ['0:92.90%', '1:15.30%', '2:0.00%', '3:1.80%', '4:0.00%', '5:5.80%', '6:67.50%', '7:1.00%', '8:0.00%', '9:2.40%']
                                                                                              <-> Client 0, global : from 18.67% to 10.85%, local : from 1.80% to 95.00%, training time : 16200msec
                                                     Cluster 56, round 1, loss : 4.26, accuracy 10.85% <-
                                                     Time past : 16200msec
                                                     ['0:0.00%', '1:0.00%', '2:0.00%', '3:0.00%', '4:0.00%', '5:0.00%', '6:0.00%', '7:99.80%', '8:8.70%', '9:0.00%']
                                          0msec<-
                                          ->0msec
                                                     -> Cluster 85, loss : 2.24, accuracy 18.67%, model from round 44
                                                     ['0:92.90%', '1:15.30%', '2:0.00%', '3:1.80%', '4:0.00%', '5:5.80%', '6:67.50%', '7:1.00%', '8:0.00%', '9:2.40%']
                                                                                              <-> Client 0, global : from 18.67% to 11.76%, local : from 7.62% to 95.79%, training time : 16200msec
                                                     Cluster 85, round 1, loss : 4.53, accuracy 11.76% <-
                                                     Time past : 16200msec
                                                     ['0:8.40%', '1:0.00%', '2:0.00%', '3:0.00%', '4:0.00%', '5:99.90%', '6:0.00%', '7:0.00%', '8:9.10%', '9:0.20%']
                                          0msec<-
Central server round 44, loss : 2.03, accuracy :25.59%
Time past: 712800msec
['0:4.50%', '1:4.30%', '2:21.90%', '3:0.00%', '4:0.00%', '5:12.60%', '6:74.20%', '7:19.10%', '8:57.90%', '9:61.40%']
                                          ->0msec
                                                     -> Cluster 4, loss : 2.03, accuracy 25.59%, model from round 45
                                                     ['0:4.50%', '1:4.30%', '2:21.90%', '3:0.00%', '4:0.00%', '5:12.60%', '6:74.20%', '7:19.10%', '8:57.90%', '9:61.40%']
                                                                                              <-> Client 0, global : from 25.59% to 12.78%, local : from 71.00% to 94.80%, training time : 8200msec
                                                     Cluster 4, round 1, loss : 3.72, accuracy 12.78% <-
                                                     Time past : 8200msec
                                                     ['0:20.80%', '1:0.00%', '2:0.00%', '3:0.00%', '4:0.00%', '5:0.00%', '6:100.00%', '7:0.00%', '8:7.00%', '9:0.00%']
                                          0msec<-
                                          ->0msec
                                                     -> Cluster 49, loss : 2.03, accuracy 25.59%, model from round 45
                                                     ['0:4.50%', '1:4.30%', '2:21.90%', '3:0.00%', '4:0.00%', '5:12.60%', '6:74.20%', '7:19.10%', '8:57.90%', '9:61.40%']
                                                                                              <-> Client 0, global : from 25.59% to 10.02%, local : from 24.60% to 95.00%, training time : 8200msec
                                                     Cluster 49, round 1, loss : 4.60, accuracy 10.02% <-
                                                     Time past : 8200msec
                                                     ['0:0.00%', '1:0.00%', '2:100.00%', '3:0.00%', '4:0.00%', '5:0.00%', '6:0.00%', '7:0.00%', '8:0.10%', '9:0.10%']
                                          0msec<-
                                          ->0msec
                                                     -> Cluster 7, loss : 2.03, accuracy 25.59%, model from round 45
                                                     ['0:4.50%', '1:4.30%', '2:21.90%', '3:0.00%', '4:0.00%', '5:12.60%', '6:74.20%', '7:19.10%', '8:57.90%', '9:61.40%']
                                                                                              <-> Client 0, global : from 25.59% to 12.41%, local : from 69.00% to 95.20%, training time : 8200msec
                                                     Cluster 7, round 1, loss : 3.90, accuracy 12.41% <-
                                                     Time past : 8200msec
                                                     ['0:0.00%', '1:0.10%', '2:0.00%', '3:0.00%', '4:0.00%', '5:0.00%', '6:100.00%', '7:0.00%', '8:23.90%', '9:0.10%']
                                          0msec<-
                                          ->0msec
                                                     -> Cluster 93, loss : 2.03, accuracy 25.59%, model from round 45
                                                     ['0:4.50%', '1:4.30%', '2:21.90%', '3:0.00%', '4:0.00%', '5:12.60%', '6:74.20%', '7:19.10%', '8:57.90%', '9:61.40%']
                                                                                              <-> Client 0, global : from 25.59% to 10.00%, local : from 6.01% to 95.19%, training time : 16200msec
                                                     Cluster 93, round 1, loss : 4.41, accuracy 10.00% <-
                                                     Time past : 16200msec
                                                     ['0:100.00%', '1:0.00%', '2:0.00%', '3:0.00%', '4:0.00%', '5:0.00%', '6:0.00%', '7:0.00%', '8:0.00%', '9:0.00%']
                                          0msec<-
                                          ->0msec
                                                     -> Cluster 33, loss : 2.03, accuracy 25.59%, model from round 45
                                                     ['0:4.50%', '1:4.30%', '2:21.90%', '3:0.00%', '4:0.00%', '5:12.60%', '6:74.20%', '7:19.10%', '8:57.90%', '9:61.40%']
                                                                                              <-> Client 0, global : from 25.59% to 10.00%, local : from 3.40% to 95.00%, training time : 8200msec
                                                     Cluster 33, round 1, loss : 4.56, accuracy 10.00% <-
                                                     Time past : 8200msec
                                                     ['0:0.00%', '1:100.00%', '2:0.00%', '3:0.00%', '4:0.00%', '5:0.00%', '6:0.00%', '7:0.00%', '8:0.00%', '9:0.00%']
                                          0msec<-
                                          ->0msec
                                                     -> Cluster 40, loss : 2.03, accuracy 25.59%, model from round 45
                                                     ['0:4.50%', '1:4.30%', '2:21.90%', '3:0.00%', '4:0.00%', '5:12.60%', '6:74.20%', '7:19.10%', '8:57.90%', '9:61.40%']
                                                                                              <-> Client 0, global : from 25.59% to 10.00%, local : from 24.75% to 94.81%, training time : 8200msec
                                                     Cluster 40, round 1, loss : 3.96, accuracy 10.00% <-
                                                     Time past : 8200msec
                                                     ['0:0.00%', '1:0.00%', '2:100.00%', '3:0.00%', '4:0.00%', '5:0.00%', '6:0.00%', '7:0.00%', '8:0.00%', '9:0.00%']
                                          0msec<-
                                          ->0msec
                                                     -> Cluster 94, loss : 2.03, accuracy 25.59%, model from round 45
                                                     ['0:4.50%', '1:4.30%', '2:21.90%', '3:0.00%', '4:0.00%', '5:12.60%', '6:74.20%', '7:19.10%', '8:57.90%', '9:61.40%']
                                                                                              <-> Client 0, global : from 25.59% to 10.00%, local : from 5.21% to 95.19%, training time : 16200msec
                                                     Cluster 94, round 1, loss : 4.60, accuracy 10.00% <-
                                                     Time past : 16200msec
                                                     ['0:100.00%', '1:0.00%', '2:0.00%', '3:0.00%', '4:0.00%', '5:0.00%', '6:0.00%', '7:0.00%', '8:0.00%', '9:0.00%']
                                          0msec<-
                                          ->0msec
                                                     -> Cluster 16, loss : 2.03, accuracy 25.59%, model from round 45
                                                     ['0:4.50%', '1:4.30%', '2:21.90%', '3:0.00%', '4:0.00%', '5:12.60%', '6:74.20%', '7:19.10%', '8:57.90%', '9:61.40%']
                                                                                              <-> Client 0, global : from 25.59% to 10.18%, local : from 60.80% to 95.00%, training time : 8200msec
                                                     Cluster 16, round 1, loss : 4.13, accuracy 10.18% <-
                                                     Time past : 8200msec
                                                     ['0:0.00%', '1:0.00%', '2:0.00%', '3:0.10%', '4:0.00%', '5:0.00%', '6:1.70%', '7:0.00%', '8:0.00%', '9:100.00%']
                                          0msec<-
                                          ->0msec
                                                     -> Cluster 48, loss : 2.03, accuracy 25.59%, model from round 45
                                                     ['0:4.50%', '1:4.30%', '2:21.90%', '3:0.00%', '4:0.00%', '5:12.60%', '6:74.20%', '7:19.10%', '8:57.90%', '9:61.40%']
                                                                                              <-> Client 0, global : from 25.59% to 10.00%, local : from 22.40% to 95.00%, training time : 8200msec
                                                     Cluster 48, round 1, loss : 4.78, accuracy 10.00% <-
                                                     Time past : 8200msec
                                                     ['0:0.00%', '1:0.00%', '2:100.00%', '3:0.00%', '4:0.00%', '5:0.00%', '6:0.00%', '7:0.00%', '8:0.00%', '9:0.00%']
                                          0msec<-
                                          ->0msec
                                                     -> Cluster 14, loss : 2.03, accuracy 25.59%, model from round 45
                                                     ['0:4.50%', '1:4.30%', '2:21.90%', '3:0.00%', '4:0.00%', '5:12.60%', '6:74.20%', '7:19.10%', '8:57.90%', '9:61.40%']
                                                                                              <-> Client 0, global : from 25.59% to 10.03%, local : from 57.20% to 95.00%, training time : 8200msec
                                                     Cluster 14, round 1, loss : 4.27, accuracy 10.03% <-
                                                     Time past : 8200msec
                                                     ['0:0.00%', '1:0.00%', '2:0.00%', '3:0.00%', '4:0.10%', '5:0.20%', '6:0.00%', '7:0.00%', '8:0.00%', '9:100.00%']
                                          0msec<-
Central server round 45, loss : 2.10, accuracy :23.68%
Time past: 729000msec
['0:64.40%', '1:4.30%', '2:59.90%', '3:0.00%', '4:0.00%', '5:0.00%', '6:49.90%', '7:0.10%', '8:1.00%', '9:57.20%']
                                          ->0msec
                                                     -> Cluster 16, loss : 2.10, accuracy 23.68%, model from round 46
                                                     ['0:64.40%', '1:4.30%', '2:59.90%', '3:0.00%', '4:0.00%', '5:0.00%', '6:49.90%', '7:0.10%', '8:1.00%', '9:57.20%']
                                                                                              <-> Client 0, global : from 23.68% to 10.17%, local : from 57.80% to 95.00%, training time : 8200msec
                                                     Cluster 16, round 1, loss : 4.15, accuracy 10.17% <-
                                                     Time past : 8200msec
                                                     ['0:0.00%', '1:0.00%', '2:0.00%', '3:0.30%', '4:0.00%', '5:0.00%', '6:1.40%', '7:0.00%', '8:0.00%', '9:100.00%']
                                          0msec<-
                                          ->0msec
                                                     -> Cluster 83, loss : 2.10, accuracy 23.68%, model from round 46
                                                     ['0:64.40%', '1:4.30%', '2:59.90%', '3:0.00%', '4:0.00%', '5:0.00%', '6:49.90%', '7:0.10%', '8:1.00%', '9:57.20%']
                                                                                              <-> Client 0, global : from 23.68% to 10.29%, local : from 1.40% to 95.19%, training time : 16200msec
                                                     Cluster 83, round 1, loss : 4.06, accuracy 10.29% <-
                                                     Time past : 16200msec
                                                     ['0:0.00%', '1:0.00%', '2:0.00%', '3:0.00%', '4:0.00%', '5:100.00%', '6:0.00%', '7:0.00%', '8:2.90%', '9:0.00%']
                                          0msec<-
                                          ->0msec
                                                     -> Cluster 57, loss : 2.10, accuracy 23.68%, model from round 46
                                                     ['0:64.40%', '1:4.30%', '2:59.90%', '3:0.00%', '4:0.00%', '5:0.00%', '6:49.90%', '7:0.10%', '8:1.00%', '9:57.20%']
                                                                                              <-> Client 0, global : from 23.68% to 12.91%, local : from 1.40% to 94.80%, training time : 16200msec
                                                     Cluster 57, round 1, loss : 3.65, accuracy 12.91% <-
                                                     Time past : 16200msec
                                                     ['0:28.60%', '1:0.10%', '2:0.00%', '3:0.00%', '4:0.00%', '5:0.00%', '6:0.00%', '7:99.50%', '8:0.90%', '9:0.00%']
                                          0msec<-
                                          ->0msec
                                                     -> Cluster 67, loss : 2.10, accuracy 23.68%, model from round 46
                                                     ['0:64.40%', '1:4.30%', '2:59.90%', '3:0.00%', '4:0.00%', '5:0.00%', '6:49.90%', '7:0.10%', '8:1.00%', '9:57.20%']
                                                                                              <-> Client 0, global : from 23.68% to 12.44%, local : from 2.80% to 95.20%, training time : 16200msec
                                                     Cluster 67, round 1, loss : 3.34, accuracy 12.44% <-
                                                     Time past : 16200msec
                                                     ['0:0.00%', '1:0.00%', '2:0.20%', '3:0.00%', '4:0.00%', '5:0.00%', '6:23.50%', '7:0.70%', '8:100.00%', '9:0.00%']
                                          0msec<-
                                          ->0msec
                                                     -> Cluster 71, loss : 2.10, accuracy 23.68%, model from round 46
                                                     ['0:64.40%', '1:4.30%', '2:59.90%', '3:0.00%', '4:0.00%', '5:0.00%', '6:49.90%', '7:0.10%', '8:1.00%', '9:57.20%']
                                                                                              <-> Client 0, global : from 23.68% to 10.98%, local : from 1.40% to 95.20%, training time : 16200msec
                                                     Cluster 71, round 1, loss : 4.12, accuracy 10.98% <-
                                                     Time past : 16200msec
                                                     ['0:0.00%', '1:0.00%', '2:0.00%', '3:100.00%', '4:0.00%', '5:0.00%', '6:0.00%', '7:0.00%', '8:5.80%', '9:4.00%']
                                          0msec<-
                                          ->0msec
                                                     -> Cluster 92, loss : 2.10, accuracy 23.68%, model from round 46
                                                     ['0:64.40%', '1:4.30%', '2:59.90%', '3:0.00%', '4:0.00%', '5:0.00%', '6:49.90%', '7:0.10%', '8:1.00%', '9:57.20%']
                                                                                              <-> Client 0, global : from 23.68% to 10.00%, local : from 59.60% to 95.00%, training time : 16200msec
                                                     Cluster 92, round 1, loss : 4.34, accuracy 10.00% <-
                                                     Time past : 16200msec
                                                     ['0:100.00%', '1:0.00%', '2:0.00%', '3:0.00%', '4:0.00%', '5:0.00%', '6:0.00%', '7:0.00%', '8:0.00%', '9:0.00%']
                                          0msec<-
                                          ->0msec
                                                     -> Cluster 74, loss : 2.10, accuracy 23.68%, model from round 46
                                                     ['0:64.40%', '1:4.30%', '2:59.90%', '3:0.00%', '4:0.00%', '5:0.00%', '6:49.90%', '7:0.10%', '8:1.00%', '9:57.20%']
                                                                                              <-> Client 0, global : from 23.68% to 10.45%, local : from 1.40% to 95.20%, training time : 16200msec
                                                     Cluster 74, round 1, loss : 4.28, accuracy 10.45% <-
                                                     Time past : 16200msec
                                                     ['0:0.00%', '1:0.00%', '2:0.00%', '3:100.00%', '4:0.00%', '5:0.00%', '6:0.00%', '7:0.00%', '8:4.50%', '9:0.00%']
                                          0msec<-
                                          ->0msec
                                                     -> Cluster 89, loss : 2.10, accuracy 23.68%, model from round 46
                                                     ['0:64.40%', '1:4.30%', '2:59.90%', '3:0.00%', '4:0.00%', '5:0.00%', '6:49.90%', '7:0.10%', '8:1.00%', '9:57.20%']
                                                                                              <-> Client 0, global : from 23.68% to 10.35%, local : from 1.80% to 95.39%, training time : 16200msec
                                                     Cluster 89, round 1, loss : 3.92, accuracy 10.35% <-
                                                     Time past : 16200msec
                                                     ['0:0.00%', '1:0.00%', '2:0.00%', '3:0.00%', '4:0.00%', '5:100.00%', '6:0.00%', '7:0.00%', '8:2.10%', '9:1.40%']
                                          0msec<-
                                          ->0msec
                                                     -> Cluster 66, loss : 2.10, accuracy 23.68%, model from round 46
                                                     ['0:64.40%', '1:4.30%', '2:59.90%', '3:0.00%', '4:0.00%', '5:0.00%', '6:49.90%', '7:0.10%', '8:1.00%', '9:57.20%']
                                                                                              <-> Client 0, global : from 23.68% to 11.84%, local : from 2.20% to 94.80%, training time : 16200msec
                                                     Cluster 66, round 1, loss : 3.33, accuracy 11.84% <-
                                                     Time past : 16200msec
                                                     ['0:0.00%', '1:0.00%', '2:0.00%', '3:0.00%', '4:1.30%', '5:1.40%', '6:15.00%', '7:0.90%', '8:99.80%', '9:0.00%']
                                          0msec<-
                                          ->0msec
                                                     -> Cluster 68, loss : 2.10, accuracy 23.68%, model from round 46
                                                     ['0:64.40%', '1:4.30%', '2:59.90%', '3:0.00%', '4:0.00%', '5:0.00%', '6:49.90%', '7:0.10%', '8:1.00%', '9:57.20%']
                                                                                              <-> Client 0, global : from 23.68% to 11.53%, local : from 2.20% to 95.00%, training time : 16200msec
                                                     Cluster 68, round 1, loss : 3.79, accuracy 11.53% <-
                                                     Time past : 16200msec
                                                     ['0:0.00%', '1:0.00%', '2:0.00%', '3:0.00%', '4:0.00%', '5:0.00%', '6:14.60%', '7:0.70%', '8:100.00%', '9:0.00%']
                                          0msec<-
Central server round 46, loss : 2.05, accuracy :24.62%
Time past: 745200msec
['0:9.40%', '1:5.80%', '2:0.00%', '3:17.20%', '4:0.00%', '5:51.20%', '6:28.40%', '7:17.20%', '8:85.50%', '9:31.50%']
                                          ->0msec
                                                     -> Cluster 16, loss : 2.05, accuracy 24.62%, model from round 47
                                                     ['0:9.40%', '1:5.80%', '2:0.00%', '3:17.20%', '4:0.00%', '5:51.20%', '6:28.40%', '7:17.20%', '8:85.50%', '9:31.50%']
                                                                                              <-> Client 0, global : from 24.62% to 10.10%, local : from 34.40% to 95.00%, training time : 8200msec
                                                     Cluster 16, round 1, loss : 4.21, accuracy 10.10% <-
                                                     Time past : 8200msec
                                                     ['0:0.00%', '1:0.00%', '2:0.00%', '3:0.20%', '4:0.00%', '5:0.00%', '6:0.80%', '7:0.00%', '8:0.00%', '9:100.00%']
                                          0msec<-
                                          ->0msec
                                                     -> Cluster 73, loss : 2.05, accuracy 24.62%, model from round 47
                                                     ['0:9.40%', '1:5.80%', '2:0.00%', '3:17.20%', '4:0.00%', '5:51.20%', '6:28.40%', '7:17.20%', '8:85.50%', '9:31.50%']
                                                                                              <-> Client 0, global : from 24.62% to 11.39%, local : from 13.60% to 95.00%, training time : 16200msec
                                                     Cluster 73, round 1, loss : 3.99, accuracy 11.39% <-
                                                     Time past : 16200msec
                                                     ['0:14.10%', '1:0.00%', '2:0.00%', '3:99.80%', '4:0.00%', '5:0.00%', '6:0.00%', '7:0.00%', '8:0.00%', '9:0.00%']
                                          0msec<-
                                          ->0msec
                                                     -> Cluster 8, loss : 2.05, accuracy 24.62%, model from round 47
                                                     ['0:9.40%', '1:5.80%', '2:0.00%', '3:17.20%', '4:0.00%', '5:51.20%', '6:28.40%', '7:17.20%', '8:85.50%', '9:31.50%']
                                                                                              <-> Client 0, global : from 24.62% to 13.80%, local : from 30.40% to 95.20%, training time : 8200msec
                                                     Cluster 8, round 1, loss : 3.27, accuracy 13.80% <-
                                                     Time past : 8200msec
                                                     ['0:1.80%', '1:0.50%', '2:0.00%', '3:0.00%', '4:0.00%', '5:0.00%', '6:100.00%', '7:0.00%', '8:24.80%', '9:10.90%']
                                          0msec<-
                                          ->0msec
                                                     -> Cluster 5, loss : 2.05, accuracy 24.62%, model from round 47
                                                     ['0:9.40%', '1:5.80%', '2:0.00%', '3:17.20%', '4:0.00%', '5:51.20%', '6:28.40%', '7:17.20%', '8:85.50%', '9:31.50%']
                                                                                              <-> Client 0, global : from 24.62% to 11.98%, local : from 26.80% to 95.00%, training time : 8200msec
                                                     Cluster 5, round 1, loss : 4.14, accuracy 11.98% <-
                                                     Time past : 8200msec
                                                     ['0:0.10%', '1:0.00%', '2:0.00%', '3:0.00%', '4:0.00%', '5:0.00%', '6:100.00%', '7:0.00%', '8:16.30%', '9:3.40%']
                                          0msec<-
                                          ->0msec
                                                     -> Cluster 38, loss : 2.05, accuracy 24.62%, model from round 47
                                                     ['0:9.40%', '1:5.80%', '2:0.00%', '3:17.20%', '4:0.00%', '5:51.20%', '6:28.40%', '7:17.20%', '8:85.50%', '9:31.50%']
                                                                                              <-> Client 0, global : from 24.62% to 10.00%, local : from 8.00% to 95.00%, training time : 8200msec
                                                     Cluster 38, round 1, loss : 4.57, accuracy 10.00% <-
                                                     Time past : 8200msec
                                                     ['0:0.00%', '1:100.00%', '2:0.00%', '3:0.00%', '4:0.00%', '5:0.00%', '6:0.00%', '7:0.00%', '8:0.00%', '9:0.00%']
                                          0msec<-
                                          ->0msec
                                                     -> Cluster 83, loss : 2.05, accuracy 24.62%, model from round 47
                                                     ['0:9.40%', '1:5.80%', '2:0.00%', '3:17.20%', '4:0.00%', '5:51.20%', '6:28.40%', '7:17.20%', '8:85.50%', '9:31.50%']
                                                                                              <-> Client 0, global : from 24.62% to 10.22%, local : from 49.30% to 95.19%, training time : 16200msec
                                                     Cluster 83, round 1, loss : 4.57, accuracy 10.22% <-
                                                     Time past : 16200msec
                                                     ['0:0.00%', '1:0.00%', '2:0.00%', '3:0.00%', '4:0.00%', '5:100.00%', '6:0.00%', '7:0.00%', '8:2.20%', '9:0.00%']
                                          0msec<-
                                          ->0msec
                                                     -> Cluster 68, loss : 2.05, accuracy 24.62%, model from round 47
                                                     ['0:9.40%', '1:5.80%', '2:0.00%', '3:17.20%', '4:0.00%', '5:51.20%', '6:28.40%', '7:17.20%', '8:85.50%', '9:31.50%']
                                                                                              <-> Client 0, global : from 24.62% to 11.32%, local : from 84.40% to 95.20%, training time : 16200msec
                                                     Cluster 68, round 1, loss : 3.81, accuracy 11.32% <-
                                                     Time past : 16200msec
                                                     ['0:0.00%', '1:0.00%', '2:0.00%', '3:0.00%', '4:0.00%', '5:0.00%', '6:12.20%', '7:1.00%', '8:100.00%', '9:0.00%']
                                          0msec<-
                                          ->0msec
                                                     -> Cluster 40, loss : 2.05, accuracy 24.62%, model from round 47
                                                     ['0:9.40%', '1:5.80%', '2:0.00%', '3:17.20%', '4:0.00%', '5:51.20%', '6:28.40%', '7:17.20%', '8:85.50%', '9:31.50%']
                                                                                              <-> Client 0, global : from 24.62% to 10.00%, local : from 1.40% to 94.81%, training time : 8200msec
                                                     Cluster 40, round 1, loss : 4.74, accuracy 10.00% <-
                                                     Time past : 8200msec
                                                     ['0:0.00%', '1:0.00%', '2:100.00%', '3:0.00%', '4:0.00%', '5:0.00%', '6:0.00%', '7:0.00%', '8:0.00%', '9:0.00%']
                                          0msec<-
                                          ->0msec
                                                     -> Cluster 53, loss : 2.05, accuracy 24.62%, model from round 47
                                                     ['0:9.40%', '1:5.80%', '2:0.00%', '3:17.20%', '4:0.00%', '5:51.20%', '6:28.40%', '7:17.20%', '8:85.50%', '9:31.50%']
                                                                                              <-> Client 0, global : from 24.62% to 11.03%, local : from 17.40% to 95.00%, training time : 16200msec
                                                     Cluster 53, round 1, loss : 4.31, accuracy 11.03% <-
                                                     Time past : 16200msec
                                                     ['0:7.20%', '1:0.10%', '2:0.00%', '3:0.00%', '4:0.00%', '5:0.00%', '6:0.00%', '7:100.00%', '8:3.00%', '9:0.00%']
                                          0msec<-
                                          ->0msec
                                                     -> Cluster 45, loss : 2.05, accuracy 24.62%, model from round 47
                                                     ['0:9.40%', '1:5.80%', '2:0.00%', '3:17.20%', '4:0.00%', '5:51.20%', '6:28.40%', '7:17.20%', '8:85.50%', '9:31.50%']
                                                                                              <-> Client 0, global : from 24.62% to 10.00%, local : from 1.20% to 95.00%, training time : 8200msec
                                                     Cluster 45, round 1, loss : 4.44, accuracy 10.00% <-
                                                     Time past : 8200msec
                                                     ['0:0.00%', '1:0.00%', '2:100.00%', '3:0.00%', '4:0.00%', '5:0.00%', '6:0.00%', '7:0.00%', '8:0.00%', '9:0.00%']
                                          0msec<-
Central server round 47, loss : 1.96, accuracy :29.41%
Time past: 761400msec
['0:19.40%', '1:30.30%', '2:32.60%', '3:3.00%', '4:0.00%', '5:20.70%', '6:74.50%', '7:10.70%', '8:50.70%', '9:52.20%']
                                          ->0msec
                                                     -> Cluster 35, loss : 1.96, accuracy 29.41%, model from round 48
                                                     ['0:19.40%', '1:30.30%', '2:32.60%', '3:3.00%', '4:0.00%', '5:20.70%', '6:74.50%', '7:10.70%', '8:50.70%', '9:52.20%']
                                                                                              <-> Client 0, global : from 29.41% to 10.00%, local : from 30.20% to 95.00%, training time : 8200msec
                                                     Cluster 35, round 1, loss : 4.10, accuracy 10.00% <-
                                                     Time past : 8200msec
                                                     ['0:0.00%', '1:100.00%', '2:0.00%', '3:0.00%', '4:0.00%', '5:0.00%', '6:0.00%', '7:0.00%', '8:0.00%', '9:0.00%']
                                          0msec<-
                                          ->0msec
                                                     -> Cluster 61, loss : 1.96, accuracy 29.41%, model from round 48
                                                     ['0:19.40%', '1:30.30%', '2:32.60%', '3:3.00%', '4:0.00%', '5:20.70%', '6:74.50%', '7:10.70%', '8:50.70%', '9:52.20%']
                                                                                              <-> Client 0, global : from 29.41% to 13.00%, local : from 53.09% to 95.21%, training time : 16200msec
                                                     Cluster 61, round 1, loss : 3.34, accuracy 13.00% <-
                                                     Time past : 16200msec
                                                     ['0:0.00%', '1:0.00%', '2:0.00%', '3:0.10%', '4:27.50%', '5:2.50%', '6:0.00%', '7:0.00%', '8:99.90%', '9:0.00%']
                                          0msec<-
                                          ->0msec
                                                     -> Cluster 58, loss : 1.96, accuracy 29.41%, model from round 48
                                                     ['0:19.40%', '1:30.30%', '2:32.60%', '3:3.00%', '4:0.00%', '5:20.70%', '6:74.50%', '7:10.70%', '8:50.70%', '9:52.20%']
                                                                                              <-> Client 0, global : from 29.41% to 11.74%, local : from 9.00% to 95.20%, training time : 16200msec
                                                     Cluster 58, round 1, loss : 3.68, accuracy 11.74% <-
                                                     Time past : 16200msec
                                                     ['0:0.00%', '1:0.10%', '2:0.00%', '3:0.00%', '4:0.00%', '5:0.00%', '6:0.00%', '7:99.50%', '8:17.80%', '9:0.00%']
                                          0msec<-
                                          ->0msec
                                                     -> Cluster 46, loss : 1.96, accuracy 29.41%, model from round 48
                                                     ['0:19.40%', '1:30.30%', '2:32.60%', '3:3.00%', '4:0.00%', '5:20.70%', '6:74.50%', '7:10.70%', '8:50.70%', '9:52.20%']
                                                                                              <-> Client 0, global : from 29.41% to 11.03%, local : from 33.80% to 95.00%, training time : 8200msec
                                                     Cluster 46, round 1, loss : 3.28, accuracy 11.03% <-
                                                     Time past : 8200msec
                                                     ['0:5.40%', '1:0.00%', '2:99.40%', '3:0.00%', '4:0.00%', '5:0.00%', '6:0.00%', '7:0.00%', '8:5.40%', '9:0.10%']
                                          0msec<-
                                          ->0msec
                                                     -> Cluster 94, loss : 1.96, accuracy 29.41%, model from round 48
                                                     ['0:19.40%', '1:30.30%', '2:32.60%', '3:3.00%', '4:0.00%', '5:20.70%', '6:74.50%', '7:10.70%', '8:50.70%', '9:52.20%']
                                                                                              <-> Client 0, global : from 29.41% to 10.00%, local : from 21.44% to 95.19%, training time : 16200msec
                                                     Cluster 94, round 1, loss : 3.99, accuracy 10.00% <-
                                                     Time past : 16200msec
                                                     ['0:100.00%', '1:0.00%', '2:0.00%', '3:0.00%', '4:0.00%', '5:0.00%', '6:0.00%', '7:0.00%', '8:0.00%', '9:0.00%']
                                          0msec<-
                                          ->0msec
                                                     -> Cluster 48, loss : 1.96, accuracy 29.41%, model from round 48
                                                     ['0:19.40%', '1:30.30%', '2:32.60%', '3:3.00%', '4:0.00%', '5:20.70%', '6:74.50%', '7:10.70%', '8:50.70%', '9:52.20%']
                                                                                              <-> Client 0, global : from 29.41% to 10.00%, local : from 29.60% to 95.00%, training time : 8200msec
                                                     Cluster 48, round 1, loss : 4.02, accuracy 10.00% <-
                                                     Time past : 8200msec
                                                     ['0:0.00%', '1:0.00%', '2:100.00%', '3:0.00%', '4:0.00%', '5:0.00%', '6:0.00%', '7:0.00%', '8:0.00%', '9:0.00%']
                                          0msec<-
                                          ->0msec
                                                     -> Cluster 10, loss : 1.96, accuracy 29.41%, model from round 48
                                                     ['0:19.40%', '1:30.30%', '2:32.60%', '3:3.00%', '4:0.00%', '5:20.70%', '6:74.50%', '7:10.70%', '8:50.70%', '9:52.20%']
                                                                                              <-> Client 0, global : from 29.41% to 10.01%, local : from 50.30% to 94.81%, training time : 8200msec
                                                     Cluster 10, round 1, loss : 3.18, accuracy 10.01% <-
                                                     Time past : 8200msec
                                                     ['0:0.00%', '1:0.00%', '2:0.10%', '3:0.00%', '4:0.00%', '5:0.00%', '6:0.00%', '7:0.00%', '8:0.00%', '9:100.00%']
                                          0msec<-
                                          ->0msec
                                                     -> Cluster 74, loss : 1.96, accuracy 29.41%, model from round 48
                                                     ['0:19.40%', '1:30.30%', '2:32.60%', '3:3.00%', '4:0.00%', '5:20.70%', '6:74.50%', '7:10.70%', '8:50.70%', '9:52.20%']
                                                                                              <-> Client 0, global : from 29.41% to 10.35%, local : from 4.40% to 95.20%, training time : 16200msec
                                                     Cluster 74, round 1, loss : 4.41, accuracy 10.35% <-
                                                     Time past : 16200msec
                                                     ['0:0.00%', '1:0.00%', '2:0.00%', '3:100.00%', '4:0.00%', '5:0.00%', '6:0.00%', '7:0.00%', '8:3.50%', '9:0.00%']
                                          0msec<-
                                          ->0msec
                                                     -> Cluster 7, loss : 1.96, accuracy 29.41%, model from round 48
                                                     ['0:19.40%', '1:30.30%', '2:32.60%', '3:3.00%', '4:0.00%', '5:20.70%', '6:74.50%', '7:10.70%', '8:50.70%', '9:52.20%']
                                                                                              <-> Client 0, global : from 29.41% to 13.91%, local : from 69.00% to 95.40%, training time : 8200msec
                                                     Cluster 7, round 1, loss : 3.55, accuracy 13.91% <-
                                                     Time past : 8200msec
                                                     ['0:0.50%', '1:0.30%', '2:0.00%', '3:0.00%', '4:0.00%', '5:0.00%', '6:99.80%', '7:0.00%', '8:36.80%', '9:1.70%']
                                          0msec<-
                                          ->0msec
                                                     -> Cluster 17, loss : 1.96, accuracy 29.41%, model from round 48
                                                     ['0:19.40%', '1:30.30%', '2:32.60%', '3:3.00%', '4:0.00%', '5:20.70%', '6:74.50%', '7:10.70%', '8:50.70%', '9:52.20%']
                                                                                              <-> Client 0, global : from 29.41% to 10.17%, local : from 52.20% to 95.00%, training time : 8200msec
                                                     Cluster 17, round 1, loss : 3.80, accuracy 10.17% <-
                                                     Time past : 8200msec
                                                     ['0:0.20%', '1:0.00%', '2:0.00%', '3:1.60%', '4:0.00%', '5:0.00%', '6:0.00%', '7:0.00%', '8:0.00%', '9:99.90%']
                                          0msec<-
Central server round 48, loss : 1.94, accuracy :30.37%
Time past: 777600msec
['0:35.60%', '1:26.50%', '2:44.60%', '3:19.60%', '4:0.00%', '5:0.60%', '6:45.10%', '7:25.40%', '8:41.40%', '9:64.90%']
                                          ->0msec
                                                     -> Cluster 76, loss : 1.94, accuracy 30.37%, model from round 49
                                                     ['0:35.60%', '1:26.50%', '2:44.60%', '3:19.60%', '4:0.00%', '5:0.60%', '6:45.10%', '7:25.40%', '8:41.40%', '9:64.90%']
                                                                                              <-> Client 0, global : from 30.37% to 11.71%, local : from 22.40% to 95.40%, training time : 16200msec
                                                     Cluster 76, round 1, loss : 3.90, accuracy 11.71% <-
                                                     Time past : 16200msec
                                                     ['0:0.00%', '1:0.00%', '2:0.00%', '3:99.80%', '4:0.00%', '5:0.00%', '6:0.00%', '7:0.00%', '8:17.00%', '9:0.30%']
                                          0msec<-
                                          ->0msec
                                                     -> Cluster 43, loss : 1.94, accuracy 30.37%, model from round 49
                                                     ['0:35.60%', '1:26.50%', '2:44.60%', '3:19.60%', '4:0.00%', '5:0.60%', '6:45.10%', '7:25.40%', '8:41.40%', '9:64.90%']
                                                                                              <-> Client 0, global : from 30.37% to 10.19%, local : from 44.20% to 95.20%, training time : 8200msec
                                                     Cluster 43, round 1, loss : 4.32, accuracy 10.19% <-
                                                     Time past : 8200msec
                                                     ['0:0.00%', '1:0.00%', '2:100.00%', '3:0.00%', '4:0.00%', '5:0.00%', '6:0.00%', '7:0.00%', '8:1.90%', '9:0.00%']
                                          0msec<-
                                          ->0msec
                                                     -> Cluster 68, loss : 1.94, accuracy 30.37%, model from round 49
                                                     ['0:35.60%', '1:26.50%', '2:44.60%', '3:19.60%', '4:0.00%', '5:0.60%', '6:45.10%', '7:25.40%', '8:41.40%', '9:64.90%']
                                                                                              <-> Client 0, global : from 30.37% to 13.72%, local : from 43.60% to 95.00%, training time : 16200msec
                                                     Cluster 68, round 1, loss : 3.24, accuracy 13.72% <-
                                                     Time past : 16200msec
                                                     ['0:0.00%', '1:0.00%', '2:0.00%', '3:0.00%', '4:0.00%', '5:0.00%', '6:32.40%', '7:5.00%', '8:99.80%', '9:0.00%']
                                          0msec<-
                                          ->0msec
                                                     -> Cluster 64, loss : 1.94, accuracy 30.37%, model from round 49
                                                     ['0:35.60%', '1:26.50%', '2:44.60%', '3:19.60%', '4:0.00%', '5:0.60%', '6:45.10%', '7:25.40%', '8:41.40%', '9:64.90%']
                                                                                              <-> Client 0, global : from 30.37% to 11.03%, local : from 44.20% to 95.00%, training time : 16200msec
                                                     Cluster 64, round 1, loss : 4.17, accuracy 11.03% <-
                                                     Time past : 16200msec
                                                     ['0:0.00%', '1:0.00%', '2:0.00%', '3:0.00%', '4:6.60%', '5:0.00%', '6:1.40%', '7:2.30%', '8:100.00%', '9:0.00%']
                                          0msec<-
                                          ->0msec
                                                     -> Cluster 21, loss : 1.94, accuracy 30.37%, model from round 49
                                                     ['0:35.60%', '1:26.50%', '2:44.60%', '3:19.60%', '4:0.00%', '5:0.60%', '6:45.10%', '7:25.40%', '8:41.40%', '9:64.90%']
                                                                                              <-> Client 0, global : from 30.37% to 10.12%, local : from 1.40% to 94.81%, training time : 8200msec
                                                     Cluster 21, round 1, loss : 4.34, accuracy 10.12% <-
                                                     Time past : 8200msec
                                                     ['0:0.00%', '1:0.00%', '2:0.00%', '3:0.00%', '4:100.00%', '5:0.00%', '6:0.00%', '7:0.00%', '8:1.20%', '9:0.00%']
                                          0msec<-
                                          ->0msec
                                                     -> Cluster 3, loss : 1.94, accuracy 30.37%, model from round 49
                                                     ['0:35.60%', '1:26.50%', '2:44.60%', '3:19.60%', '4:0.00%', '5:0.60%', '6:45.10%', '7:25.40%', '8:41.40%', '9:64.90%']
                                                                                              <-> Client 0, global : from 30.37% to 16.99%, local : from 42.60% to 95.20%, training time : 8200msec
                                                     Cluster 3, round 1, loss : 3.01, accuracy 16.99% <-
                                                     Time past : 8200msec
                                                     ['0:20.40%', '1:2.10%', '2:0.00%', '3:0.00%', '4:0.00%', '5:0.00%', '6:99.70%', '7:0.30%', '8:47.00%', '9:0.40%']
                                          0msec<-
                                          ->0msec
                                                     -> Cluster 18, loss : 1.94, accuracy 30.37%, model from round 49
                                                     ['0:35.60%', '1:26.50%', '2:44.60%', '3:19.60%', '4:0.00%', '5:0.60%', '6:45.10%', '7:25.40%', '8:41.40%', '9:64.90%']
                                                                                              <-> Client 0, global : from 30.37% to 10.01%, local : from 64.00% to 95.00%, training time : 8200msec
                                                     Cluster 18, round 1, loss : 4.24, accuracy 10.01% <-
                                                     Time past : 8200msec
                                                     ['0:0.00%', '1:0.00%', '2:0.00%', '3:0.00%', '4:0.00%', '5:0.10%', '6:0.00%', '7:0.00%', '8:0.00%', '9:100.00%']
                                          0msec<-
                                          ->0msec
                                                     -> Cluster 32, loss : 1.94, accuracy 30.37%, model from round 49
                                                     ['0:35.60%', '1:26.50%', '2:44.60%', '3:19.60%', '4:0.00%', '5:0.60%', '6:45.10%', '7:25.40%', '8:41.40%', '9:64.90%']
                                                                                              <-> Client 0, global : from 30.37% to 10.00%, local : from 26.20% to 95.00%, training time : 8200msec
                                                     Cluster 32, round 1, loss : 3.56, accuracy 10.00% <-
                                                     Time past : 8200msec
                                                     ['0:0.00%', '1:100.00%', '2:0.00%', '3:0.00%', '4:0.00%', '5:0.00%', '6:0.00%', '7:0.00%', '8:0.00%', '9:0.00%']
                                          0msec<-
                                          ->0msec
                                                     -> Cluster 87, loss : 1.94, accuracy 30.37%, model from round 49
                                                     ['0:35.60%', '1:26.50%', '2:44.60%', '3:19.60%', '4:0.00%', '5:0.60%', '6:45.10%', '7:25.40%', '8:41.40%', '9:64.90%']
                                                                                              <-> Client 0, global : from 30.37% to 11.78%, local : from 1.60% to 95.39%, training time : 16200msec
                                                     Cluster 87, round 1, loss : 3.96, accuracy 11.78% <-
                                                     Time past : 16200msec
                                                     ['0:6.20%', '1:0.00%', '2:0.00%', '3:0.00%', '4:0.00%', '5:99.90%', '6:0.00%', '7:0.00%', '8:7.80%', '9:3.90%']
                                          0msec<-
                                          ->0msec
                                                     -> Cluster 28, loss : 1.94, accuracy 30.37%, model from round 49
                                                     ['0:35.60%', '1:26.50%', '2:44.60%', '3:19.60%', '4:0.00%', '5:0.60%', '6:45.10%', '7:25.40%', '8:41.40%', '9:64.90%']
                                                                                              <-> Client 0, global : from 30.37% to 10.30%, local : from 2.40% to 94.80%, training time : 8200msec
                                                     Cluster 28, round 1, loss : 4.50, accuracy 10.30% <-
                                                     Time past : 8200msec
                                                     ['0:0.00%', '1:0.00%', '2:0.00%', '3:0.00%', '4:99.90%', '5:0.00%', '6:0.00%', '7:0.00%', '8:3.10%', '9:0.00%']
                                          0msec<-
Central server round 49, loss : 1.93, accuracy :26.62%
Time past: 793800msec
['0:2.90%', '1:18.60%', '2:10.50%', '3:7.00%', '4:75.10%', '5:12.20%', '6:6.30%', '7:20.20%', '8:79.20%', '9:34.20%']
                                          ->0msec
                                                     -> Cluster 8, loss : 1.93, accuracy 26.62%, model from round 50
                                                     ['0:2.90%', '1:18.60%', '2:10.50%', '3:7.00%', '4:75.10%', '5:12.20%', '6:6.30%', '7:20.20%', '8:79.20%', '9:34.20%']
                                                                                              <-> Client 0, global : from 26.62% to 12.36%, local : from 7.40% to 95.20%, training time : 8200msec
                                                     Cluster 8, round 1, loss : 3.80, accuracy 12.36% <-
                                                     Time past : 8200msec
                                                     ['0:2.70%', '1:0.40%', '2:0.00%', '3:0.00%', '4:0.00%', '5:0.00%', '6:100.00%', '7:0.00%', '8:15.30%', '9:5.20%']
                                          0msec<-
                                          ->0msec
                                                     -> Cluster 80, loss : 1.93, accuracy 26.62%, model from round 50
                                                     ['0:2.90%', '1:18.60%', '2:10.50%', '3:7.00%', '4:75.10%', '5:12.20%', '6:6.30%', '7:20.20%', '8:79.20%', '9:34.20%']
                                                                                              <-> Client 0, global : from 26.62% to 12.15%, local : from 12.00% to 95.20%, training time : 16200msec
                                                     Cluster 80, round 1, loss : 4.00, accuracy 12.15% <-
                                                     Time past : 16200msec
                                                     ['0:0.00%', '1:3.20%', '2:0.00%', '3:0.00%', '4:0.00%', '5:99.70%', '6:0.00%', '7:0.00%', '8:14.60%', '9:4.00%']
                                          0msec<-
                                          ->0msec
                                                     -> Cluster 73, loss : 1.93, accuracy 26.62%, model from round 50
                                                     ['0:2.90%', '1:18.60%', '2:10.50%', '3:7.00%', '4:75.10%', '5:12.20%', '6:6.30%', '7:20.20%', '8:79.20%', '9:34.20%']
                                                                                              <-> Client 0, global : from 26.62% to 10.95%, local : from 9.40% to 95.20%, training time : 16200msec
                                                     Cluster 73, round 1, loss : 3.95, accuracy 10.95% <-
                                                     Time past : 16200msec
                                                     ['0:9.50%', '1:0.00%', '2:0.00%', '3:100.00%', '4:0.00%', '5:0.00%', '6:0.00%', '7:0.00%', '8:0.00%', '9:0.00%']
                                          0msec<-
                                          ->0msec
                                                     -> Cluster 67, loss : 1.93, accuracy 26.62%, model from round 50
                                                     ['0:2.90%', '1:18.60%', '2:10.50%', '3:7.00%', '4:75.10%', '5:12.20%', '6:6.30%', '7:20.20%', '8:79.20%', '9:34.20%']
                                                                                              <-> Client 0, global : from 26.62% to 10.78%, local : from 74.80% to 95.00%, training time : 16200msec
                                                     Cluster 67, round 1, loss : 4.56, accuracy 10.78% <-
                                                     Time past : 16200msec
                                                     ['0:0.00%', '1:0.00%', '2:0.00%', '3:0.00%', '4:0.00%', '5:0.00%', '6:7.60%', '7:0.20%', '8:100.00%', '9:0.00%']
                                          0msec<-
                                          ->0msec
                                                     -> Cluster 82, loss : 1.93, accuracy 26.62%, model from round 50
                                                     ['0:2.90%', '1:18.60%', '2:10.50%', '3:7.00%', '4:75.10%', '5:12.20%', '6:6.30%', '7:20.20%', '8:79.20%', '9:34.20%']
                                                                                              <-> Client 0, global : from 26.62% to 11.42%, local : from 13.20% to 95.00%, training time : 16200msec
                                                     Cluster 82, round 1, loss : 4.20, accuracy 11.42% <-
                                                     Time past : 16200msec
                                                     ['0:1.80%', '1:0.00%', '2:0.00%', '3:0.00%', '4:0.00%', '5:99.90%', '6:0.00%', '7:0.00%', '8:12.50%', '9:0.00%']
                                          0msec<-
                                          ->0msec
                                                     -> Cluster 10, loss : 1.93, accuracy 26.62%, model from round 50
                                                     ['0:2.90%', '1:18.60%', '2:10.50%', '3:7.00%', '4:75.10%', '5:12.20%', '6:6.30%', '7:20.20%', '8:79.20%', '9:34.20%']
                                                                                              <-> Client 0, global : from 26.62% to 10.00%, local : from 30.94% to 94.81%, training time : 8200msec
                                                     Cluster 10, round 1, loss : 4.06, accuracy 10.00% <-
                                                     Time past : 8200msec
                                                     ['0:0.00%', '1:0.00%', '2:0.00%', '3:0.00%', '4:0.00%', '5:0.00%', '6:0.00%', '7:0.00%', '8:0.00%', '9:100.00%']
                                          0msec<-
                                          ->0msec
                                                     -> Cluster 9, loss : 1.93, accuracy 26.62%, model from round 50
                                                     ['0:2.90%', '1:18.60%', '2:10.50%', '3:7.00%', '4:75.10%', '5:12.20%', '6:6.30%', '7:20.20%', '8:79.20%', '9:34.20%']
                                                                                              <-> Client 0, global : from 26.62% to 13.27%, local : from 6.20% to 95.20%, training time : 8200msec
                                                     Cluster 9, round 1, loss : 3.96, accuracy 13.27% <-
                                                     Time past : 8200msec
                                                     ['0:26.50%', '1:0.90%', '2:0.00%', '3:0.00%', '4:0.00%', '5:0.00%', '6:99.90%', '7:0.00%', '8:3.60%', '9:1.80%']
                                          0msec<-
                                          ->0msec
                                                     -> Cluster 27, loss : 1.93, accuracy 26.62%, model from round 50
                                                     ['0:2.90%', '1:18.60%', '2:10.50%', '3:7.00%', '4:75.10%', '5:12.20%', '6:6.30%', '7:20.20%', '8:79.20%', '9:34.20%']
                                                                                              <-> Client 0, global : from 26.62% to 10.23%, local : from 71.00% to 95.00%, training time : 8200msec
                                                     Cluster 27, round 1, loss : 3.95, accuracy 10.23% <-
                                                     Time past : 8200msec
                                                     ['0:0.00%', '1:0.20%', '2:0.00%', '3:0.00%', '4:100.00%', '5:0.00%', '6:0.00%', '7:0.00%', '8:1.90%', '9:0.20%']
                                          0msec<-
                                          ->0msec
                                                     -> Cluster 22, loss : 1.93, accuracy 26.62%, model from round 50
                                                     ['0:2.90%', '1:18.60%', '2:10.50%', '3:7.00%', '4:75.10%', '5:12.20%', '6:6.30%', '7:20.20%', '8:79.20%', '9:34.20%']
                                                                                              <-> Client 0, global : from 26.62% to 10.52%, local : from 68.40% to 94.80%, training time : 8200msec
                                                     Cluster 22, round 1, loss : 4.20, accuracy 10.52% <-
                                                     Time past : 8200msec
                                                     ['0:0.00%', '1:0.00%', '2:0.00%', '3:0.00%', '4:99.80%', '5:0.00%', '6:0.00%', '7:0.00%', '8:5.40%', '9:0.00%']
                                          0msec<-
                                          ->0msec
                                                     -> Cluster 65, loss : 1.93, accuracy 26.62%, model from round 50
                                                     ['0:2.90%', '1:18.60%', '2:10.50%', '3:7.00%', '4:75.10%', '5:12.20%', '6:6.30%', '7:20.20%', '8:79.20%', '9:34.20%']
                                                                                              <-> Client 0, global : from 26.62% to 12.69%, local : from 75.40% to 95.20%, training time : 16200msec
                                                     Cluster 65, round 1, loss : 3.69, accuracy 12.69% <-
                                                     Time past : 16200msec
                                                     ['0:0.00%', '1:0.00%', '2:0.00%', '3:0.00%', '4:0.10%', '5:6.90%', '6:12.20%', '7:7.70%', '8:100.00%', '9:0.00%']
                                          0msec<-
Central server round 50, loss : 1.96, accuracy :27.97%
Time past: 810000msec
['0:4.80%', '1:13.50%', '2:0.00%', '3:0.60%', '4:7.80%', '5:52.60%', '6:72.50%', '7:9.20%', '8:74.10%', '9:44.60%']
                                          ->0msec
                                                     -> Cluster 57, loss : 1.96, accuracy 27.97%, model from round 51
                                                     ['0:4.80%', '1:13.50%', '2:0.00%', '3:0.60%', '4:7.80%', '5:52.60%', '6:72.50%', '7:9.20%', '8:74.10%', '9:44.60%']
                                                                                              <-> Client 0, global : from 27.97% to 11.56%, local : from 8.00% to 95.00%, training time : 16200msec
                                                     Cluster 57, round 1, loss : 4.27, accuracy 11.56% <-
                                                     Time past : 16200msec
                                                     ['0:13.20%', '1:0.10%', '2:0.00%', '3:0.00%', '4:0.00%', '5:0.00%', '6:0.00%', '7:99.90%', '8:2.40%', '9:0.00%']
                                          0msec<-
                                          ->0msec
                                                     -> Cluster 86, loss : 1.96, accuracy 27.97%, model from round 51
                                                     ['0:4.80%', '1:13.50%', '2:0.00%', '3:0.60%', '4:7.80%', '5:52.60%', '6:72.50%', '7:9.20%', '8:74.10%', '9:44.60%']
                                                                                              <-> Client 0, global : from 27.97% to 11.55%, local : from 50.30% to 95.19%, training time : 16200msec
                                                     Cluster 86, round 1, loss : 4.12, accuracy 11.55% <-
                                                     Time past : 16200msec
                                                     ['0:0.00%', '1:0.00%', '2:0.00%', '3:0.00%', '4:0.00%', '5:99.90%', '6:0.00%', '7:0.00%', '8:10.00%', '9:5.60%']
                                          0msec<-
                                          ->0msec
                                                     -> Cluster 46, loss : 1.96, accuracy 27.97%, model from round 51
                                                     ['0:4.80%', '1:13.50%', '2:0.00%', '3:0.60%', '4:7.80%', '5:52.60%', '6:72.50%', '7:9.20%', '8:74.10%', '9:44.60%']
                                                                                              <-> Client 0, global : from 27.97% to 10.00%, local : from 1.40% to 95.00%, training time : 8200msec
                                                     Cluster 46, round 1, loss : 4.21, accuracy 10.00% <-
                                                     Time past : 8200msec
                                                     ['0:0.00%', '1:0.00%', '2:100.00%', '3:0.00%', '4:0.00%', '5:0.00%', '6:0.00%', '7:0.00%', '8:0.00%', '9:0.00%']
                                          0msec<-
                                          ->0msec
                                                     -> Cluster 69, loss : 1.96, accuracy 27.97%, model from round 51
                                                     ['0:4.80%', '1:13.50%', '2:0.00%', '3:0.60%', '4:7.80%', '5:52.60%', '6:72.50%', '7:9.20%', '8:74.10%', '9:44.60%']
                                                                                              <-> Client 0, global : from 27.97% to 13.65%, local : from 71.40% to 96.20%, training time : 16200msec
                                                     Cluster 69, round 1, loss : 3.76, accuracy 13.65% <-
                                                     Time past : 16200msec
                                                     ['0:0.00%', '1:0.00%', '2:0.00%', '3:0.00%', '4:11.30%', '5:0.00%', '6:24.30%', '7:0.90%', '8:100.00%', '9:0.00%']
                                          0msec<-
                                          ->0msec
                                                     -> Cluster 24, loss : 1.96, accuracy 27.97%, model from round 51
                                                     ['0:4.80%', '1:13.50%', '2:0.00%', '3:0.60%', '4:7.80%', '5:52.60%', '6:72.50%', '7:9.20%', '8:74.10%', '9:44.60%']
                                                                                              <-> Client 0, global : from 27.97% to 11.13%, local : from 8.00% to 94.80%, training time : 8200msec
                                                     Cluster 24, round 1, loss : 4.09, accuracy 11.13% <-
                                                     Time past : 8200msec
                                                     ['0:11.50%', '1:0.00%', '2:0.00%', '3:0.00%', '4:99.80%', '5:0.00%', '6:0.00%', '7:0.00%', '8:0.00%', '9:0.00%']
                                          0msec<-
                                          ->0msec
                                                     -> Cluster 61, loss : 1.96, accuracy 27.97%, model from round 51
                                                     ['0:4.80%', '1:13.50%', '2:0.00%', '3:0.60%', '4:7.80%', '5:52.60%', '6:72.50%', '7:9.20%', '8:74.10%', '9:44.60%']
                                                                                              <-> Client 0, global : from 27.97% to 12.23%, local : from 70.66% to 95.21%, training time : 16200msec
                                                     Cluster 61, round 1, loss : 3.81, accuracy 12.23% <-
                                                     Time past : 16200msec
                                                     ['0:0.00%', '1:0.00%', '2:0.00%', '3:0.40%', '4:21.70%', '5:0.20%', '6:0.00%', '7:0.00%', '8:100.00%', '9:0.00%']
                                          0msec<-
                                          ->0msec
                                                     -> Cluster 92, loss : 1.96, accuracy 27.97%, model from round 51
                                                     ['0:4.80%', '1:13.50%', '2:0.00%', '3:0.60%', '4:7.80%', '5:52.60%', '6:72.50%', '7:9.20%', '8:74.10%', '9:44.60%']
                                                                                              <-> Client 0, global : from 27.97% to 10.00%, local : from 7.40% to 95.00%, training time : 16200msec
                                                     Cluster 92, round 1, loss : 4.45, accuracy 10.00% <-
                                                     Time past : 16200msec
                                                     ['0:100.00%', '1:0.00%', '2:0.00%', '3:0.00%', '4:0.00%', '5:0.00%', '6:0.00%', '7:0.00%', '8:0.00%', '9:0.00%']
                                          0msec<-
                                          ->0msec
                                                     -> Cluster 9, loss : 1.96, accuracy 27.97%, model from round 51
                                                     ['0:4.80%', '1:13.50%', '2:0.00%', '3:0.60%', '4:7.80%', '5:52.60%', '6:72.50%', '7:9.20%', '8:74.10%', '9:44.60%']
                                                                                              <-> Client 0, global : from 27.97% to 12.00%, local : from 69.40% to 95.20%, training time : 8200msec
                                                     Cluster 9, round 1, loss : 4.77, accuracy 12.00% <-
                                                     Time past : 8200msec
                                                     ['0:12.10%', '1:0.60%', '2:0.00%', '3:0.00%', '4:0.00%', '5:0.00%', '6:100.00%', '7:0.00%', '8:6.00%', '9:1.30%']
                                          0msec<-
                                          ->0msec
                                                     -> Cluster 32, loss : 1.96, accuracy 27.97%, model from round 51
                                                     ['0:4.80%', '1:13.50%', '2:0.00%', '3:0.60%', '4:7.80%', '5:52.60%', '6:72.50%', '7:9.20%', '8:74.10%', '9:44.60%']
                                                                                              <-> Client 0, global : from 27.97% to 10.00%, local : from 13.00% to 95.00%, training time : 8200msec
                                                     Cluster 32, round 1, loss : 4.13, accuracy 10.00% <-
                                                     Time past : 8200msec
                                                     ['0:0.00%', '1:100.00%', '2:0.00%', '3:0.00%', '4:0.00%', '5:0.00%', '6:0.00%', '7:0.00%', '8:0.00%', '9:0.00%']
                                          0msec<-
                                          ->0msec
                                                     -> Cluster 52, loss : 1.96, accuracy 27.97%, model from round 51
                                                     ['0:4.80%', '1:13.50%', '2:0.00%', '3:0.60%', '4:7.80%', '5:52.60%', '6:72.50%', '7:9.20%', '8:74.10%', '9:44.60%']
                                                                                              <-> Client 0, global : from 27.97% to 10.78%, local : from 10.00% to 95.00%, training time : 16200msec
                                                     Cluster 52, round 1, loss : 4.45, accuracy 10.78% <-
                                                     Time past : 16200msec
                                                     ['0:0.00%', '1:0.00%', '2:0.00%', '3:0.00%', '4:0.00%', '5:0.00%', '6:0.00%', '7:100.00%', '8:7.80%', '9:0.00%']
                                          0msec<-
Central server round 51, loss : 1.93, accuracy :30.91%
Time past: 826200msec
['0:37.10%', '1:29.40%', '2:2.60%', '3:0.10%', '4:57.20%', '5:22.40%', '6:28.50%', '7:45.60%', '8:67.20%', '9:19.00%']
                                          ->0msec
                                                     -> Cluster 0, loss : 1.93, accuracy 30.91%, model from round 52
                                                     ['0:37.10%', '1:29.40%', '2:2.60%', '3:0.10%', '4:57.20%', '5:22.40%', '6:28.50%', '7:45.60%', '8:67.20%', '9:19.00%']
                                                                                              <-> Client 0, global : from 30.91% to 12.25%, local : from 27.74% to 94.81%, training time : 8200msec
                                                     Cluster 0, round 1, loss : 3.61, accuracy 12.25% <-
                                                     Time past : 8200msec
                                                     ['0:7.60%', '1:0.30%', '2:0.00%', '3:0.00%', '4:0.00%', '5:0.00%', '6:100.00%', '7:0.00%', '8:14.30%', '9:0.30%']
                                          0msec<-
                                          ->0msec
                                                     -> Cluster 24, loss : 1.93, accuracy 30.91%, model from round 52
                                                     ['0:37.10%', '1:29.40%', '2:2.60%', '3:0.10%', '4:57.20%', '5:22.40%', '6:28.50%', '7:45.60%', '8:67.20%', '9:19.00%']
                                                                                              <-> Client 0, global : from 30.91% to 10.26%, local : from 51.20% to 95.00%, training time : 8200msec
                                                     Cluster 24, round 1, loss : 4.69, accuracy 10.26% <-
                                                     Time past : 8200msec
                                                     ['0:2.30%', '1:0.00%', '2:0.00%', '3:0.00%', '4:100.00%', '5:0.00%', '6:0.00%', '7:0.00%', '8:0.10%', '9:0.20%']
                                          0msec<-
                                          ->0msec
                                                     -> Cluster 38, loss : 1.93, accuracy 30.91%, model from round 52
                                                     ['0:37.10%', '1:29.40%', '2:2.60%', '3:0.10%', '4:57.20%', '5:22.40%', '6:28.50%', '7:45.60%', '8:67.20%', '9:19.00%']
                                                                                              <-> Client 0, global : from 30.91% to 10.06%, local : from 29.80% to 95.20%, training time : 8200msec
                                                     Cluster 38, round 1, loss : 3.92, accuracy 10.06% <-
                                                     Time past : 8200msec
                                                     ['0:0.00%', '1:100.00%', '2:0.00%', '3:0.00%', '4:0.00%', '5:0.60%', '6:0.00%', '7:0.00%', '8:0.00%', '9:0.00%']
                                          0msec<-
                                          ->0msec
                                                     -> Cluster 89, loss : 1.93, accuracy 30.91%, model from round 52
                                                     ['0:37.10%', '1:29.40%', '2:2.60%', '3:0.10%', '4:57.20%', '5:22.40%', '6:28.50%', '7:45.60%', '8:67.20%', '9:19.00%']
                                                                                              <-> Client 0, global : from 30.91% to 11.46%, local : from 21.44% to 95.79%, training time : 16200msec
                                                     Cluster 89, round 1, loss : 3.56, accuracy 11.46% <-
                                                     Time past : 16200msec
                                                     ['0:0.20%', '1:0.00%', '2:0.00%', '3:0.00%', '4:0.00%', '5:99.90%', '6:0.00%', '7:2.50%', '8:4.80%', '9:7.20%']
                                          0msec<-
                                          ->0msec
                                                     -> Cluster 88, loss : 1.93, accuracy 30.91%, model from round 52
                                                     ['0:37.10%', '1:29.40%', '2:2.60%', '3:0.10%', '4:57.20%', '5:22.40%', '6:28.50%', '7:45.60%', '8:67.20%', '9:19.00%']
                                                                                              <-> Client 0, global : from 30.91% to 14.87%, local : from 21.24% to 96.19%, training time : 16200msec
                                                     Cluster 88, round 1, loss : 3.37, accuracy 14.87% <-
                                                     Time past : 16200msec
                                                     ['0:4.50%', '1:0.50%', '2:0.00%', '3:0.00%', '4:0.00%', '5:99.00%', '6:0.00%', '7:3.40%', '8:33.00%', '9:8.30%']
                                          0msec<-
                                          ->0msec
                                                     -> Cluster 82, loss : 1.93, accuracy 30.91%, model from round 52
                                                     ['0:37.10%', '1:29.40%', '2:2.60%', '3:0.10%', '4:57.20%', '5:22.40%', '6:28.50%', '7:45.60%', '8:67.20%', '9:19.00%']
                                                                                              <-> Client 0, global : from 30.91% to 12.00%, local : from 23.40% to 95.20%, training time : 16200msec
                                                     Cluster 82, round 1, loss : 4.03, accuracy 12.00% <-
                                                     Time past : 16200msec
                                                     ['0:9.30%', '1:0.00%', '2:0.00%', '3:0.00%', '4:0.00%', '5:99.90%', '6:0.00%', '7:0.00%', '8:10.80%', '9:0.00%']
                                          0msec<-
                                          ->0msec
                                                     -> Cluster 69, loss : 1.93, accuracy 30.91%, model from round 52
                                                     ['0:37.10%', '1:29.40%', '2:2.60%', '3:0.10%', '4:57.20%', '5:22.40%', '6:28.50%', '7:45.60%', '8:67.20%', '9:19.00%']
                                                                                              <-> Client 0, global : from 30.91% to 12.53%, local : from 69.00% to 96.00%, training time : 16200msec
                                                     Cluster 69, round 1, loss : 4.19, accuracy 12.53% <-
                                                     Time past : 16200msec
                                                     ['0:0.00%', '1:0.00%', '2:0.00%', '3:0.00%', '4:1.80%', '5:0.00%', '6:23.00%', '7:0.50%', '8:100.00%', '9:0.00%']
                                          0msec<-
                                          ->0msec
                                                     -> Cluster 15, loss : 1.93, accuracy 30.91%, model from round 52
                                                     ['0:37.10%', '1:29.40%', '2:2.60%', '3:0.10%', '4:57.20%', '5:22.40%', '6:28.50%', '7:45.60%', '8:67.20%', '9:19.00%']
                                                                                              <-> Client 0, global : from 30.91% to 11.56%, local : from 23.80% to 95.20%, training time : 8200msec
                                                     Cluster 15, round 1, loss : 3.21, accuracy 11.56% <-
                                                     Time past : 8200msec
                                                     ['0:0.20%', '1:0.00%', '2:0.00%', '3:0.10%', '4:3.80%', '5:3.10%', '6:8.60%', '7:0.10%', '8:0.00%', '9:99.70%']
                                          0msec<-
                                          ->0msec
                                                     -> Cluster 65, loss : 1.93, accuracy 30.91%, model from round 52
                                                     ['0:37.10%', '1:29.40%', '2:2.60%', '3:0.10%', '4:57.20%', '5:22.40%', '6:28.50%', '7:45.60%', '8:67.20%', '9:19.00%']
                                                                                              <-> Client 0, global : from 30.91% to 12.15%, local : from 65.00% to 95.20%, training time : 16200msec
                                                     Cluster 65, round 1, loss : 3.92, accuracy 12.15% <-
                                                     Time past : 16200msec
                                                     ['0:0.00%', '1:0.00%', '2:0.00%', '3:0.00%', '4:0.20%', '5:3.60%', '6:13.90%', '7:3.80%', '8:100.00%', '9:0.00%']
                                          0msec<-
                                          ->0msec
                                                     -> Cluster 95, loss : 1.93, accuracy 30.91%, model from round 52
                                                     ['0:37.10%', '1:29.40%', '2:2.60%', '3:0.10%', '4:57.20%', '5:22.40%', '6:28.50%', '7:45.60%', '8:67.20%', '9:19.00%']
                                                                                              <-> Client 0, global : from 30.91% to 10.03%, local : from 41.48% to 95.19%, training time : 16200msec
                                                     Cluster 95, round 1, loss : 4.32, accuracy 10.03% <-
                                                     Time past : 16200msec
                                                     ['0:100.00%', '1:0.00%', '2:0.00%', '3:0.00%', '4:0.00%', '5:0.00%', '6:0.30%', '7:0.00%', '8:0.00%', '9:0.00%']
                                          0msec<-
Central server round 52, loss : 2.02, accuracy :27.06%
Time past: 842400msec
['0:24.80%', '1:16.90%', '2:0.00%', '3:0.00%', '4:1.60%', '5:84.80%', '6:23.20%', '7:14.50%', '8:69.40%', '9:35.40%']
                                          ->0msec
                                                     -> Cluster 70, loss : 2.02, accuracy 27.06%, model from round 53
                                                     ['0:24.80%', '1:16.90%', '2:0.00%', '3:0.00%', '4:1.60%', '5:84.80%', '6:23.20%', '7:14.50%', '8:69.40%', '9:35.40%']
                                                                                              <-> Client 0, global : from 27.06% to 10.03%, local : from 1.40% to 95.00%, training time : 16200msec
                                                     Cluster 70, round 1, loss : 4.60, accuracy 10.03% <-
                                                     Time past : 16200msec
                                                     ['0:0.00%', '1:0.00%', '2:0.00%', '3:100.00%', '4:0.00%', '5:0.00%', '6:0.00%', '7:0.00%', '8:0.30%', '9:0.00%']
                                          0msec<-
                                          ->0msec
                                                     -> Cluster 98, loss : 2.02, accuracy 27.06%, model from round 53
                                                     ['0:24.80%', '1:16.90%', '2:0.00%', '3:0.00%', '4:1.60%', '5:84.80%', '6:23.20%', '7:14.50%', '8:69.40%', '9:35.40%']
                                                                                              <-> Client 0, global : from 27.06% to 10.00%, local : from 25.25% to 95.19%, training time : 16200msec
                                                     Cluster 98, round 1, loss : 3.52, accuracy 10.00% <-
                                                     Time past : 16200msec
                                                     ['0:100.00%', '1:0.00%', '2:0.00%', '3:0.00%', '4:0.00%', '5:0.00%', '6:0.00%', '7:0.00%', '8:0.00%', '9:0.00%']
                                          0msec<-
                                          ->0msec
                                                     -> Cluster 20, loss : 2.02, accuracy 27.06%, model from round 53
                                                     ['0:24.80%', '1:16.90%', '2:0.00%', '3:0.00%', '4:1.60%', '5:84.80%', '6:23.20%', '7:14.50%', '8:69.40%', '9:35.40%']
                                                                                              <-> Client 0, global : from 27.06% to 11.20%, local : from 3.99% to 95.21%, training time : 8200msec
                                                     Cluster 20, round 1, loss : 3.87, accuracy 11.20% <-
                                                     Time past : 8200msec
                                                     ['0:0.20%', '1:0.00%', '2:0.00%', '3:0.00%', '4:99.60%', '5:0.00%', '6:0.00%', '7:0.00%', '8:12.20%', '9:0.00%']
                                          0msec<-
                                          ->0msec
                                                     -> Cluster 32, loss : 2.02, accuracy 27.06%, model from round 53
                                                     ['0:24.80%', '1:16.90%', '2:0.00%', '3:0.00%', '4:1.60%', '5:84.80%', '6:23.20%', '7:14.50%', '8:69.40%', '9:35.40%']
                                                                                              <-> Client 0, global : from 27.06% to 10.00%, local : from 16.00% to 95.00%, training time : 8200msec
                                                     Cluster 32, round 1, loss : 3.59, accuracy 10.00% <-
                                                     Time past : 8200msec
                                                     ['0:0.00%', '1:100.00%', '2:0.00%', '3:0.00%', '4:0.00%', '5:0.00%', '6:0.00%', '7:0.00%', '8:0.00%', '9:0.00%']
                                          0msec<-
                                          ->0msec
                                                     -> Cluster 81, loss : 2.02, accuracy 27.06%, model from round 53
                                                     ['0:24.80%', '1:16.90%', '2:0.00%', '3:0.00%', '4:1.60%', '5:84.80%', '6:23.20%', '7:14.50%', '8:69.40%', '9:35.40%']
                                                                                              <-> Client 0, global : from 27.06% to 10.13%, local : from 80.40% to 95.00%, training time : 16200msec
                                                     Cluster 81, round 1, loss : 3.77, accuracy 10.13% <-
                                                     Time past : 16200msec
                                                     ['0:0.30%', '1:0.00%', '2:0.00%', '3:0.00%', '4:0.00%', '5:100.00%', '6:0.00%', '7:0.00%', '8:0.70%', '9:0.30%']
                                          0msec<-
                                          ->0msec
                                                     -> Cluster 1, loss : 2.02, accuracy 27.06%, model from round 53
                                                     ['0:24.80%', '1:16.90%', '2:0.00%', '3:0.00%', '4:1.60%', '5:84.80%', '6:23.20%', '7:14.50%', '8:69.40%', '9:35.40%']
                                                                                              <-> Client 0, global : from 27.06% to 13.78%, local : from 20.16% to 94.81%, training time : 8200msec
                                                     Cluster 1, round 1, loss : 3.74, accuracy 13.78% <-
                                                     Time past : 8200msec
                                                     ['0:3.60%', '1:0.20%', '2:0.00%', '3:0.00%', '4:0.00%', '5:0.00%', '6:100.00%', '7:0.00%', '8:33.30%', '9:0.70%']
                                          0msec<-
                                          ->0msec
                                                     -> Cluster 54, loss : 2.02, accuracy 27.06%, model from round 53
                                                     ['0:24.80%', '1:16.90%', '2:0.00%', '3:0.00%', '4:1.60%', '5:84.80%', '6:23.20%', '7:14.50%', '8:69.40%', '9:35.40%']
                                                                                              <-> Client 0, global : from 27.06% to 12.37%, local : from 12.80% to 95.20%, training time : 16200msec
                                                     Cluster 54, round 1, loss : 3.39, accuracy 12.37% <-
                                                     Time past : 16200msec
                                                     ['0:11.00%', '1:0.00%', '2:0.00%', '3:0.00%', '4:0.00%', '5:0.00%', '6:0.10%', '7:99.60%', '8:13.00%', '9:0.00%']
                                          0msec<-
                                          ->0msec
                                                     -> Cluster 94, loss : 2.02, accuracy 27.06%, model from round 53
                                                     ['0:24.80%', '1:16.90%', '2:0.00%', '3:0.00%', '4:1.60%', '5:84.80%', '6:23.20%', '7:14.50%', '8:69.40%', '9:35.40%']
                                                                                              <-> Client 0, global : from 27.06% to 10.00%, local : from 26.05% to 95.19%, training time : 16200msec
                                                     Cluster 94, round 1, loss : 3.94, accuracy 10.00% <-
                                                     Time past : 16200msec
                                                     ['0:100.00%', '1:0.00%', '2:0.00%', '3:0.00%', '4:0.00%', '5:0.00%', '6:0.00%', '7:0.00%', '8:0.00%', '9:0.00%']
                                          0msec<-
                                          ->0msec
                                                     -> Cluster 84, loss : 2.02, accuracy 27.06%, model from round 53
                                                     ['0:24.80%', '1:16.90%', '2:0.00%', '3:0.00%', '4:1.60%', '5:84.80%', '6:23.20%', '7:14.50%', '8:69.40%', '9:35.40%']
                                                                                              <-> Client 0, global : from 27.06% to 10.69%, local : from 81.76% to 95.39%, training time : 16200msec
                                                     Cluster 84, round 1, loss : 4.06, accuracy 10.69% <-
                                                     Time past : 16200msec
                                                     ['0:0.40%', '1:0.00%', '2:0.00%', '3:0.00%', '4:0.00%', '5:100.00%', '6:0.00%', '7:0.00%', '8:5.40%', '9:1.10%']
                                          0msec<-
                                          ->0msec
                                                     -> Cluster 72, loss : 2.02, accuracy 27.06%, model from round 53
                                                     ['0:24.80%', '1:16.90%', '2:0.00%', '3:0.00%', '4:1.60%', '5:84.80%', '6:23.20%', '7:14.50%', '8:69.40%', '9:35.40%']
                                                                                              <-> Client 0, global : from 27.06% to 10.19%, local : from 1.40% to 95.00%, training time : 16200msec
                                                     Cluster 72, round 1, loss : 4.37, accuracy 10.19% <-
                                                     Time past : 16200msec
                                                     ['0:0.00%', '1:0.00%', '2:0.00%', '3:100.00%', '4:0.00%', '5:0.00%', '6:0.00%', '7:0.00%', '8:1.80%', '9:0.10%']
                                          0msec<-
Central server round 53, loss : 1.96, accuracy :28.70%
Time past: 858600msec
['0:77.30%', '1:28.50%', '2:0.00%', '3:30.50%', '4:17.70%', '5:41.80%', '6:46.80%', '7:27.90%', '8:2.70%', '9:13.80%']
                                          ->0msec
                                                     -> Cluster 34, loss : 1.96, accuracy 28.70%, model from round 54
                                                     ['0:77.30%', '1:28.50%', '2:0.00%', '3:30.50%', '4:17.70%', '5:41.80%', '6:46.80%', '7:27.90%', '8:2.70%', '9:13.80%']
                                                                                              <-> Client 0, global : from 28.70% to 10.00%, local : from 26.60% to 95.00%, training time : 8200msec
                                                     Cluster 34, round 1, loss : 3.65, accuracy 10.00% <-
                                                     Time past : 8200msec
                                                     ['0:0.00%', '1:100.00%', '2:0.00%', '3:0.00%', '4:0.00%', '5:0.00%', '6:0.00%', '7:0.00%', '8:0.00%', '9:0.00%']
                                          0msec<-
                                          ->0msec
                                                     -> Cluster 59, loss : 1.96, accuracy 28.70%, model from round 54
                                                     ['0:77.30%', '1:28.50%', '2:0.00%', '3:30.50%', '4:17.70%', '5:41.80%', '6:46.80%', '7:27.90%', '8:2.70%', '9:13.80%']
                                                                                              <-> Client 0, global : from 28.70% to 10.95%, local : from 27.60% to 95.20%, training time : 16200msec
                                                     Cluster 59, round 1, loss : 4.31, accuracy 10.95% <-
                                                     Time past : 16200msec
                                                     ['0:3.00%', '1:0.10%', '2:0.00%', '3:0.00%', '4:0.00%', '5:0.00%', '6:0.00%', '7:100.00%', '8:6.40%', '9:0.00%']
                                          0msec<-
                                          ->0msec
                                                     -> Cluster 47, loss : 1.96, accuracy 28.70%, model from round 54
                                                     ['0:77.30%', '1:28.50%', '2:0.00%', '3:30.50%', '4:17.70%', '5:41.80%', '6:46.80%', '7:27.90%', '8:2.70%', '9:13.80%']
                                                                                              <-> Client 0, global : from 28.70% to 10.00%, local : from 2.40% to 95.00%, training time : 8200msec
                                                     Cluster 47, round 1, loss : 4.71, accuracy 10.00% <-
                                                     Time past : 8200msec
                                                     ['0:0.00%', '1:0.00%', '2:100.00%', '3:0.00%', '4:0.00%', '5:0.00%', '6:0.00%', '7:0.00%', '8:0.00%', '9:0.00%']
                                          0msec<-
                                          ->0msec
                                                     -> Cluster 81, loss : 1.96, accuracy 28.70%, model from round 54
                                                     ['0:77.30%', '1:28.50%', '2:0.00%', '3:30.50%', '4:17.70%', '5:41.80%', '6:46.80%', '7:27.90%', '8:2.70%', '9:13.80%']
                                                                                              <-> Client 0, global : from 28.70% to 10.09%, local : from 42.80% to 95.00%, training time : 16200msec
                                                     Cluster 81, round 1, loss : 3.93, accuracy 10.09% <-
                                                     Time past : 16200msec
                                                     ['0:0.10%', '1:0.00%', '2:0.00%', '3:0.00%', '4:0.00%', '5:100.00%', '6:0.00%', '7:0.00%', '8:0.60%', '9:0.20%']
                                          0msec<-
                                          ->0msec
                                                     -> Cluster 95, loss : 1.96, accuracy 28.70%, model from round 54
                                                     ['0:77.30%', '1:28.50%', '2:0.00%', '3:30.50%', '4:17.70%', '5:41.80%', '6:46.80%', '7:27.90%', '8:2.70%', '9:13.80%']
                                                                                              <-> Client 0, global : from 28.70% to 10.24%, local : from 75.15% to 95.39%, training time : 16200msec
                                                     Cluster 95, round 1, loss : 3.64, accuracy 10.24% <-
                                                     Time past : 16200msec
                                                     ['0:100.00%', '1:0.00%', '2:0.00%', '3:0.00%', '4:0.00%', '5:0.00%', '6:2.40%', '7:0.00%', '8:0.00%', '9:0.00%']
                                          0msec<-
                                          ->0msec
                                                     -> Cluster 61, loss : 1.96, accuracy 28.70%, model from round 54
                                                     ['0:77.30%', '1:28.50%', '2:0.00%', '3:30.50%', '4:17.70%', '5:41.80%', '6:46.80%', '7:27.90%', '8:2.70%', '9:13.80%']
                                                                                              <-> Client 0, global : from 28.70% to 13.64%, local : from 3.99% to 95.21%, training time : 16200msec
                                                     Cluster 61, round 1, loss : 3.27, accuracy 13.64% <-
                                                     Time past : 16200msec
                                                     ['0:0.00%', '1:0.00%', '2:0.00%', '3:0.40%', '4:30.90%', '5:4.80%', '6:0.00%', '7:0.50%', '8:99.80%', '9:0.00%']
                                          0msec<-
                                          ->0msec
                                                     -> Cluster 98, loss : 1.96, accuracy 28.70%, model from round 54
                                                     ['0:77.30%', '1:28.50%', '2:0.00%', '3:30.50%', '4:17.70%', '5:41.80%', '6:46.80%', '7:27.90%', '8:2.70%', '9:13.80%']
                                                                                              <-> Client 0, global : from 28.70% to 10.00%, local : from 75.35% to 95.19%, training time : 16200msec
                                                     Cluster 98, round 1, loss : 4.16, accuracy 10.00% <-
                                                     Time past : 16200msec
                                                     ['0:100.00%', '1:0.00%', '2:0.00%', '3:0.00%', '4:0.00%', '5:0.00%', '6:0.00%', '7:0.00%', '8:0.00%', '9:0.00%']
                                          0msec<-
                                          ->0msec
                                                     -> Cluster 43, loss : 1.96, accuracy 28.70%, model from round 54
                                                     ['0:77.30%', '1:28.50%', '2:0.00%', '3:30.50%', '4:17.70%', '5:41.80%', '6:46.80%', '7:27.90%', '8:2.70%', '9:13.80%']
                                                                                              <-> Client 0, global : from 28.70% to 10.86%, local : from 0.60% to 95.20%, training time : 8200msec
                                                     Cluster 43, round 1, loss : 3.90, accuracy 10.86% <-
                                                     Time past : 8200msec
                                                     ['0:0.00%', '1:0.00%', '2:99.80%', '3:0.00%', '4:0.00%', '5:0.00%', '6:0.00%', '7:0.00%', '8:8.80%', '9:0.00%']
                                          0msec<-
                                          ->0msec
                                                     -> Cluster 49, loss : 1.96, accuracy 28.70%, model from round 54
                                                     ['0:77.30%', '1:28.50%', '2:0.00%', '3:30.50%', '4:17.70%', '5:41.80%', '6:46.80%', '7:27.90%', '8:2.70%', '9:13.80%']
                                                                                              <-> Client 0, global : from 28.70% to 10.43%, local : from 1.00% to 95.00%, training time : 8200msec
                                                     Cluster 49, round 1, loss : 4.07, accuracy 10.43% <-
                                                     Time past : 8200msec
                                                     ['0:0.00%', '1:0.00%', '2:99.80%', '3:0.00%', '4:0.00%', '5:0.00%', '6:0.00%', '7:0.00%', '8:1.00%', '9:3.50%']
                                          0msec<-
                                          ->0msec
                                                     -> Cluster 58, loss : 1.96, accuracy 28.70%, model from round 54
                                                     ['0:77.30%', '1:28.50%', '2:0.00%', '3:30.50%', '4:17.70%', '5:41.80%', '6:46.80%', '7:27.90%', '8:2.70%', '9:13.80%']
                                                                                              <-> Client 0, global : from 28.70% to 11.39%, local : from 26.00% to 95.20%, training time : 16200msec
                                                     Cluster 58, round 1, loss : 3.96, accuracy 11.39% <-
                                                     Time past : 16200msec
                                                     ['0:0.00%', '1:0.10%', '2:0.00%', '3:0.00%', '4:0.00%', '5:0.00%', '6:0.00%', '7:99.70%', '8:14.10%', '9:0.00%']
                                          0msec<-
Central server round 54, loss : 2.03, accuracy :24.10%
Time past: 874800msec
['0:59.40%', '1:29.20%', '2:76.70%', '3:0.00%', '4:0.00%', '5:1.50%', '6:1.70%', '7:31.60%', '8:31.50%', '9:9.40%']
                                          ->0msec
                                                     -> Cluster 16, loss : 2.03, accuracy 24.10%, model from round 55
                                                     ['0:59.40%', '1:29.20%', '2:76.70%', '3:0.00%', '4:0.00%', '5:1.50%', '6:1.70%', '7:31.60%', '8:31.50%', '9:9.40%']
                                                                                              <-> Client 0, global : from 24.10% to 10.13%, local : from 9.00% to 95.00%, training time : 8200msec
                                                     Cluster 16, round 1, loss : 4.12, accuracy 10.13% <-
                                                     Time past : 8200msec
                                                     ['0:0.00%', '1:0.00%', '2:0.00%', '3:0.20%', '4:0.00%', '5:0.00%', '6:1.10%', '7:0.00%', '8:0.00%', '9:100.00%']
                                          0msec<-
                                          ->0msec
                                                     -> Cluster 75, loss : 2.03, accuracy 24.10%, model from round 55
                                                     ['0:59.40%', '1:29.20%', '2:76.70%', '3:0.00%', '4:0.00%', '5:1.50%', '6:1.70%', '7:31.60%', '8:31.50%', '9:9.40%']
                                                                                              <-> Client 0, global : from 24.10% to 10.11%, local : from 1.60% to 95.00%, training time : 16200msec
                                                     Cluster 75, round 1, loss : 4.49, accuracy 10.11% <-
                                                     Time past : 16200msec
                                                     ['0:0.00%', '1:0.00%', '2:0.00%', '3:100.00%', '4:0.00%', '5:0.00%', '6:0.00%', '7:0.00%', '8:1.10%', '9:0.00%']
                                          0msec<-
                                          ->0msec
                                                     -> Cluster 36, loss : 2.03, accuracy 24.10%, model from round 55
                                                     ['0:59.40%', '1:29.20%', '2:76.70%', '3:0.00%', '4:0.00%', '5:1.50%', '6:1.70%', '7:31.60%', '8:31.50%', '9:9.40%']
                                                                                              <-> Client 0, global : from 24.10% to 10.01%, local : from 26.60% to 95.00%, training time : 8200msec
                                                     Cluster 36, round 1, loss : 3.37, accuracy 10.01% <-
                                                     Time past : 8200msec
                                                     ['0:0.00%', '1:100.00%', '2:0.00%', '3:0.00%', '4:0.00%', '5:0.00%', '6:0.00%', '7:0.10%', '8:0.00%', '9:0.00%']
                                          0msec<-
                                          ->0msec
                                                     -> Cluster 52, loss : 2.03, accuracy 24.10%, model from round 55
                                                     ['0:59.40%', '1:29.20%', '2:76.70%', '3:0.00%', '4:0.00%', '5:1.50%', '6:1.70%', '7:31.60%', '8:31.50%', '9:9.40%']
                                                                                              <-> Client 0, global : from 24.10% to 11.29%, local : from 28.20% to 95.20%, training time : 16200msec
                                                     Cluster 52, round 1, loss : 4.17, accuracy 11.29% <-
                                                     Time past : 16200msec
                                                     ['0:0.40%', '1:0.00%', '2:0.00%', '3:0.00%', '4:0.00%', '5:0.00%', '6:0.00%', '7:99.60%', '8:12.90%', '9:0.00%']
                                          0msec<-
                                          ->0msec
                                                     -> Cluster 33, loss : 2.03, accuracy 24.10%, model from round 55
                                                     ['0:59.40%', '1:29.20%', '2:76.70%', '3:0.00%', '4:0.00%', '5:1.50%', '6:1.70%', '7:31.60%', '8:31.50%', '9:9.40%']
                                                                                              <-> Client 0, global : from 24.10% to 10.00%, local : from 23.60% to 95.00%, training time : 8200msec
                                                     Cluster 33, round 1, loss : 3.77, accuracy 10.00% <-
                                                     Time past : 8200msec
                                                     ['0:0.00%', '1:100.00%', '2:0.00%', '3:0.00%', '4:0.00%', '5:0.00%', '6:0.00%', '7:0.00%', '8:0.00%', '9:0.00%']
                                          0msec<-
                                          ->0msec
                                                     -> Cluster 65, loss : 2.03, accuracy 24.10%, model from round 55
                                                     ['0:59.40%', '1:29.20%', '2:76.70%', '3:0.00%', '4:0.00%', '5:1.50%', '6:1.70%', '7:31.60%', '8:31.50%', '9:9.40%']
                                                                                              <-> Client 0, global : from 24.10% to 12.10%, local : from 28.80% to 95.20%, training time : 16200msec
                                                     Cluster 65, round 1, loss : 3.91, accuracy 12.10% <-
                                                     Time past : 16200msec
                                                     ['0:0.00%', '1:0.00%', '2:0.00%', '3:0.00%', '4:0.00%', '5:5.50%', '6:11.50%', '7:4.00%', '8:100.00%', '9:0.00%']
                                          0msec<-
                                          ->0msec
                                                     -> Cluster 94, loss : 2.03, accuracy 24.10%, model from round 55
                                                     ['0:59.40%', '1:29.20%', '2:76.70%', '3:0.00%', '4:0.00%', '5:1.50%', '6:1.70%', '7:31.60%', '8:31.50%', '9:9.40%']
                                                                                              <-> Client 0, global : from 24.10% to 10.01%, local : from 57.72% to 95.19%, training time : 16200msec
                                                     Cluster 94, round 1, loss : 4.02, accuracy 10.01% <-
                                                     Time past : 16200msec
                                                     ['0:100.00%', '1:0.00%', '2:0.00%', '3:0.00%', '4:0.00%', '5:0.00%', '6:0.10%', '7:0.00%', '8:0.00%', '9:0.00%']
                                          0msec<-
                                          ->0msec
                                                     -> Cluster 53, loss : 2.03, accuracy 24.10%, model from round 55
                                                     ['0:59.40%', '1:29.20%', '2:76.70%', '3:0.00%', '4:0.00%', '5:1.50%', '6:1.70%', '7:31.60%', '8:31.50%', '9:9.40%']
                                                                                              <-> Client 0, global : from 24.10% to 10.88%, local : from 29.60% to 95.00%, training time : 16200msec
                                                     Cluster 53, round 1, loss : 4.11, accuracy 10.88% <-
                                                     Time past : 16200msec
                                                     ['0:5.80%', '1:0.20%', '2:0.00%', '3:0.00%', '4:0.00%', '5:0.00%', '6:0.00%', '7:100.00%', '8:2.80%', '9:0.00%']
                                          0msec<-
                                          ->0msec
                                                     -> Cluster 88, loss : 2.03, accuracy 24.10%, model from round 55
                                                     ['0:59.40%', '1:29.20%', '2:76.70%', '3:0.00%', '4:0.00%', '5:1.50%', '6:1.70%', '7:31.60%', '8:31.50%', '9:9.40%']
                                                                                              <-> Client 0, global : from 24.10% to 12.33%, local : from 2.81% to 95.99%, training time : 16200msec
                                                     Cluster 88, round 1, loss : 4.00, accuracy 12.33% <-
                                                     Time past : 16200msec
                                                     ['0:1.90%', '1:0.00%', '2:0.00%', '3:0.00%', '4:0.00%', '5:99.70%', '6:0.00%', '7:0.70%', '8:19.40%', '9:1.60%']
                                          0msec<-
                                          ->0msec
                                                     -> Cluster 35, loss : 2.03, accuracy 24.10%, model from round 55
                                                     ['0:59.40%', '1:29.20%', '2:76.70%', '3:0.00%', '4:0.00%', '5:1.50%', '6:1.70%', '7:31.60%', '8:31.50%', '9:9.40%']
                                                                                              <-> Client 0, global : from 24.10% to 10.00%, local : from 29.80% to 95.00%, training time : 8200msec
                                                     Cluster 35, round 1, loss : 3.58, accuracy 10.00% <-
                                                     Time past : 8200msec
                                                     ['0:0.00%', '1:100.00%', '2:0.00%', '3:0.00%', '4:0.00%', '5:0.00%', '6:0.00%', '7:0.00%', '8:0.00%', '9:0.00%']
                                          0msec<-
Central server round 55, loss : 1.94, accuracy :29.41%
Time past: 891000msec
['0:42.40%', '1:76.20%', '2:0.00%', '3:13.30%', '4:0.10%', '5:27.30%', '6:28.10%', '7:53.80%', '8:31.80%', '9:21.10%']
                                          ->0msec
                                                     -> Cluster 26, loss : 1.94, accuracy 29.41%, model from round 56
                                                     ['0:42.40%', '1:76.20%', '2:0.00%', '3:13.30%', '4:0.10%', '5:27.30%', '6:28.10%', '7:53.80%', '8:31.80%', '9:21.10%']
                                                                                              <-> Client 0, global : from 29.41% to 10.05%, local : from 1.80% to 95.00%, training time : 8200msec
                                                     Cluster 26, round 1, loss : 4.28, accuracy 10.05% <-
                                                     Time past : 8200msec
                                                     ['0:0.00%', '1:0.00%', '2:0.00%', '3:0.00%', '4:100.00%', '5:0.00%', '6:0.00%', '7:0.00%', '8:0.50%', '9:0.00%']
                                          0msec<-
                                          ->0msec
                                                     -> Cluster 19, loss : 1.94, accuracy 29.41%, model from round 56
                                                     ['0:42.40%', '1:76.20%', '2:0.00%', '3:13.30%', '4:0.10%', '5:27.30%', '6:28.10%', '7:53.80%', '8:31.80%', '9:21.10%']
                                                                                              <-> Client 0, global : from 29.41% to 10.29%, local : from 20.60% to 95.00%, training time : 8200msec
                                                     Cluster 19, round 1, loss : 3.26, accuracy 10.29% <-
                                                     Time past : 8200msec
                                                     ['0:0.20%', '1:0.00%', '2:0.00%', '3:0.00%', '4:0.00%', '5:2.50%', '6:0.30%', '7:0.00%', '8:0.00%', '9:99.90%']
                                          0msec<-
                                          ->0msec
                                                     -> Cluster 29, loss : 1.94, accuracy 29.41%, model from round 56
                                                     ['0:42.40%', '1:76.20%', '2:0.00%', '3:13.30%', '4:0.10%', '5:27.30%', '6:28.10%', '7:53.80%', '8:31.80%', '9:21.10%']
                                                                                              <-> Client 0, global : from 29.41% to 10.14%, local : from 2.00% to 95.00%, training time : 8200msec
                                                     Cluster 29, round 1, loss : 4.68, accuracy 10.14% <-
                                                     Time past : 8200msec
                                                     ['0:0.00%', '1:0.10%', '2:0.00%', '3:0.00%', '4:100.00%', '5:0.00%', '6:0.00%', '7:0.00%', '8:1.30%', '9:0.00%']
                                          0msec<-
                                          ->0msec
                                                     -> Cluster 93, loss : 1.94, accuracy 29.41%, model from round 56
                                                     ['0:42.40%', '1:76.20%', '2:0.00%', '3:13.30%', '4:0.10%', '5:27.30%', '6:28.10%', '7:53.80%', '8:31.80%', '9:21.10%']
                                                                                              <-> Client 0, global : from 29.41% to 10.00%, local : from 40.08% to 95.19%, training time : 16200msec
                                                     Cluster 93, round 1, loss : 3.55, accuracy 10.00% <-
                                                     Time past : 16200msec
                                                     ['0:100.00%', '1:0.00%', '2:0.00%', '3:0.00%', '4:0.00%', '5:0.00%', '6:0.00%', '7:0.00%', '8:0.00%', '9:0.00%']
                                          0msec<-
                                          ->0msec
                                                     -> Cluster 3, loss : 1.94, accuracy 29.41%, model from round 56
                                                     ['0:42.40%', '1:76.20%', '2:0.00%', '3:13.30%', '4:0.10%', '5:27.30%', '6:28.10%', '7:53.80%', '8:31.80%', '9:21.10%']
                                                                                              <-> Client 0, global : from 29.41% to 16.51%, local : from 27.80% to 95.40%, training time : 8200msec
                                                     Cluster 3, round 1, loss : 3.21, accuracy 16.51% <-
                                                     Time past : 8200msec
                                                     ['0:10.20%', '1:6.10%', '2:0.00%', '3:0.00%', '4:0.00%', '5:0.00%', '6:99.70%', '7:0.20%', '8:48.80%', '9:0.10%']
                                          0msec<-
                                          ->0msec
                                                     -> Cluster 13, loss : 1.94, accuracy 29.41%, model from round 56
                                                     ['0:42.40%', '1:76.20%', '2:0.00%', '3:13.30%', '4:0.10%', '5:27.30%', '6:28.10%', '7:53.80%', '8:31.80%', '9:21.10%']
                                                                                              <-> Client 0, global : from 29.41% to 11.85%, local : from 20.00% to 95.40%, training time : 8200msec
                                                     Cluster 13, round 1, loss : 2.98, accuracy 11.85% <-
                                                     Time past : 8200msec
                                                     ['0:0.10%', '1:0.00%', '2:0.00%', '3:0.00%', '4:1.10%', '5:14.70%', '6:2.90%', '7:0.20%', '8:0.00%', '9:99.50%']
                                          0msec<-
                                          ->0msec
                                                     -> Cluster 32, loss : 1.94, accuracy 29.41%, model from round 56
                                                     ['0:42.40%', '1:76.20%', '2:0.00%', '3:13.30%', '4:0.10%', '5:27.30%', '6:28.10%', '7:53.80%', '8:31.80%', '9:21.10%']
                                                                                              <-> Client 0, global : from 29.41% to 10.00%, local : from 73.80% to 95.00%, training time : 8200msec
                                                     Cluster 32, round 1, loss : 3.88, accuracy 10.00% <-
                                                     Time past : 8200msec
                                                     ['0:0.00%', '1:100.00%', '2:0.00%', '3:0.00%', '4:0.00%', '5:0.00%', '6:0.00%', '7:0.00%', '8:0.00%', '9:0.00%']
                                          0msec<-
                                          ->0msec
                                                     -> Cluster 61, loss : 1.94, accuracy 29.41%, model from round 56
                                                     ['0:42.40%', '1:76.20%', '2:0.00%', '3:13.30%', '4:0.10%', '5:27.30%', '6:28.10%', '7:53.80%', '8:31.80%', '9:21.10%']
                                                                                              <-> Client 0, global : from 29.41% to 11.25%, local : from 32.53% to 95.01%, training time : 16200msec
                                                     Cluster 61, round 1, loss : 4.33, accuracy 11.25% <-
                                                     Time past : 16200msec
                                                     ['0:0.00%', '1:0.00%', '2:0.00%', '3:0.20%', '4:11.50%', '5:0.60%', '6:0.00%', '7:0.20%', '8:100.00%', '9:0.00%']
                                          0msec<-
                                          ->0msec
                                                     -> Cluster 99, loss : 1.94, accuracy 29.41%, model from round 56
                                                     ['0:42.40%', '1:76.20%', '2:0.00%', '3:13.30%', '4:0.10%', '5:27.30%', '6:28.10%', '7:53.80%', '8:31.80%', '9:21.10%']
                                                                                              <-> Client 0, global : from 29.41% to 10.02%, local : from 40.28% to 95.19%, training time : 16200msec
                                                     Cluster 99, round 1, loss : 3.75, accuracy 10.02% <-
                                                     Time past : 16200msec
                                                     ['0:100.00%', '1:0.00%', '2:0.00%', '3:0.00%', '4:0.00%', '5:0.20%', '6:0.00%', '7:0.00%', '8:0.00%', '9:0.00%']
                                          0msec<-
                                          ->0msec
                                                     -> Cluster 12, loss : 1.94, accuracy 29.41%, model from round 56
                                                     ['0:42.40%', '1:76.20%', '2:0.00%', '3:13.30%', '4:0.10%', '5:27.30%', '6:28.10%', '7:53.80%', '8:31.80%', '9:21.10%']
                                                                                              <-> Client 0, global : from 29.41% to 10.01%, local : from 20.80% to 95.00%, training time : 8200msec
                                                     Cluster 12, round 1, loss : 4.63, accuracy 10.01% <-
                                                     Time past : 8200msec
                                                     ['0:0.00%', '1:0.00%', '2:0.00%', '3:0.00%', '4:0.10%', '5:0.00%', '6:0.00%', '7:0.00%', '8:0.00%', '9:100.00%']
                                          0msec<-
Central server round 56, loss : 1.96, accuracy :27.34%
Time past: 907200msec
['0:49.30%', '1:19.80%', '2:0.00%', '3:0.50%', '4:76.20%', '5:14.10%', '6:9.00%', '7:1.90%', '8:30.60%', '9:72.00%']
                                          ->0msec
                                                     -> Cluster 83, loss : 1.96, accuracy 27.34%, model from round 57
                                                     ['0:49.30%', '1:19.80%', '2:0.00%', '3:0.50%', '4:76.20%', '5:14.10%', '6:9.00%', '7:1.90%', '8:30.60%', '9:72.00%']
                                                                                              <-> Client 0, global : from 27.34% to 10.22%, local : from 12.83% to 95.19%, training time : 16200msec
                                                     Cluster 83, round 1, loss : 4.53, accuracy 10.22% <-
                                                     Time past : 16200msec
                                                     ['0:0.10%', '1:0.00%', '2:0.00%', '3:0.00%', '4:0.00%', '5:100.00%', '6:0.00%', '7:0.00%', '8:2.10%', '9:0.00%']
                                          0msec<-
                                          ->0msec
                                                     -> Cluster 13, loss : 1.96, accuracy 27.34%, model from round 57
                                                     ['0:49.30%', '1:19.80%', '2:0.00%', '3:0.50%', '4:76.20%', '5:14.10%', '6:9.00%', '7:1.90%', '8:30.60%', '9:72.00%']
                                                                                              <-> Client 0, global : from 27.34% to 10.48%, local : from 70.20% to 95.00%, training time : 8200msec
                                                     Cluster 13, round 1, loss : 3.36, accuracy 10.48% <-
                                                     Time past : 8200msec
                                                     ['0:0.00%', '1:0.00%', '2:0.00%', '3:0.10%', '4:0.50%', '5:4.30%', '6:0.00%', '7:0.00%', '8:0.00%', '9:99.90%']
                                          0msec<-
                                          ->0msec
                                                     -> Cluster 94, loss : 1.96, accuracy 27.34%, model from round 57
                                                     ['0:49.30%', '1:19.80%', '2:0.00%', '3:0.50%', '4:76.20%', '5:14.10%', '6:9.00%', '7:1.90%', '8:30.60%', '9:72.00%']
                                                                                              <-> Client 0, global : from 27.34% to 10.01%, local : from 48.30% to 95.19%, training time : 16200msec
                                                     Cluster 94, round 1, loss : 4.04, accuracy 10.01% <-
                                                     Time past : 16200msec
                                                     ['0:100.00%', '1:0.00%', '2:0.00%', '3:0.00%', '4:0.00%', '5:0.00%', '6:0.10%', '7:0.00%', '8:0.00%', '9:0.00%']
                                          0msec<-
                                          ->0msec
                                                     -> Cluster 70, loss : 1.96, accuracy 27.34%, model from round 57
                                                     ['0:49.30%', '1:19.80%', '2:0.00%', '3:0.50%', '4:76.20%', '5:14.10%', '6:9.00%', '7:1.90%', '8:30.60%', '9:72.00%']
                                                                                              <-> Client 0, global : from 27.34% to 10.09%, local : from 1.80% to 95.00%, training time : 16200msec
                                                     Cluster 70, round 1, loss : 4.45, accuracy 10.09% <-
                                                     Time past : 16200msec
                                                     ['0:0.00%', '1:0.00%', '2:0.00%', '3:100.00%', '4:0.00%', '5:0.00%', '6:0.00%', '7:0.00%', '8:0.90%', '9:0.00%']
                                          0msec<-
                                          ->0msec
                                                     -> Cluster 86, loss : 1.96, accuracy 27.34%, model from round 57
                                                     ['0:49.30%', '1:19.80%', '2:0.00%', '3:0.50%', '4:76.20%', '5:14.10%', '6:9.00%', '7:1.90%', '8:30.60%', '9:72.00%']
                                                                                              <-> Client 0, global : from 27.34% to 11.57%, local : from 14.23% to 95.39%, training time : 16200msec
                                                     Cluster 86, round 1, loss : 4.22, accuracy 11.57% <-
                                                     Time past : 16200msec
                                                     ['0:0.00%', '1:0.00%', '2:0.00%', '3:0.00%', '4:0.00%', '5:99.90%', '6:0.00%', '7:0.00%', '8:11.50%', '9:4.30%']
                                          0msec<-
                                          ->0msec
                                                     -> Cluster 53, loss : 1.96, accuracy 27.34%, model from round 57
                                                     ['0:49.30%', '1:19.80%', '2:0.00%', '3:0.50%', '4:76.20%', '5:14.10%', '6:9.00%', '7:1.90%', '8:30.60%', '9:72.00%']
                                                                                              <-> Client 0, global : from 27.34% to 10.59%, local : from 2.40% to 95.00%, training time : 16200msec
                                                     Cluster 53, round 1, loss : 4.35, accuracy 10.59% <-
                                                     Time past : 16200msec
                                                     ['0:2.80%', '1:0.20%', '2:0.00%', '3:0.00%', '4:0.00%', '5:0.00%', '6:0.00%', '7:100.00%', '8:2.90%', '9:0.00%']
                                          0msec<-
                                          ->0msec
                                                     -> Cluster 85, loss : 1.96, accuracy 27.34%, model from round 57
                                                     ['0:49.30%', '1:19.80%', '2:0.00%', '3:0.50%', '4:76.20%', '5:14.10%', '6:9.00%', '7:1.90%', '8:30.60%', '9:72.00%']
                                                                                              <-> Client 0, global : from 27.34% to 13.66%, local : from 12.83% to 95.99%, training time : 16200msec
                                                     Cluster 85, round 1, loss : 4.06, accuracy 13.66% <-
                                                     Time past : 16200msec
                                                     ['0:19.70%', '1:0.00%', '2:0.00%', '3:0.00%', '4:0.00%', '5:99.70%', '6:0.00%', '7:0.00%', '8:12.40%', '9:4.80%']
                                          0msec<-
                                          ->0msec
                                                     -> Cluster 15, loss : 1.96, accuracy 27.34%, model from round 57
                                                     ['0:49.30%', '1:19.80%', '2:0.00%', '3:0.50%', '4:76.20%', '5:14.10%', '6:9.00%', '7:1.90%', '8:30.60%', '9:72.00%']
                                                                                              <-> Client 0, global : from 27.34% to 12.78%, local : from 74.40% to 95.20%, training time : 8200msec
                                                     Cluster 15, round 1, loss : 3.17, accuracy 12.78% <-
                                                     Time past : 8200msec
                                                     ['0:0.20%', '1:0.00%', '2:0.00%', '3:0.00%', '4:9.80%', '5:5.30%', '6:12.80%', '7:0.10%', '8:0.00%', '9:99.60%']
                                          0msec<-
                                          ->0msec
                                                     -> Cluster 33, loss : 1.96, accuracy 27.34%, model from round 57
                                                     ['0:49.30%', '1:19.80%', '2:0.00%', '3:0.50%', '4:76.20%', '5:14.10%', '6:9.00%', '7:1.90%', '8:30.60%', '9:72.00%']
                                                                                              <-> Client 0, global : from 27.34% to 10.00%, local : from 17.40% to 95.00%, training time : 8200msec
                                                     Cluster 33, round 1, loss : 4.49, accuracy 10.00% <-
                                                     Time past : 8200msec
                                                     ['0:0.00%', '1:100.00%', '2:0.00%', '3:0.00%', '4:0.00%', '5:0.00%', '6:0.00%', '7:0.00%', '8:0.00%', '9:0.00%']
                                          0msec<-
                                          ->0msec
                                                     -> Cluster 87, loss : 1.96, accuracy 27.34%, model from round 57
                                                     ['0:49.30%', '1:19.80%', '2:0.00%', '3:0.50%', '4:76.20%', '5:14.10%', '6:9.00%', '7:1.90%', '8:30.60%', '9:72.00%']
                                                                                              <-> Client 0, global : from 27.34% to 11.28%, local : from 16.83% to 95.39%, training time : 16200msec
                                                     Cluster 87, round 1, loss : 4.36, accuracy 11.28% <-
                                                     Time past : 16200msec
                                                     ['0:2.10%', '1:0.10%', '2:0.00%', '3:0.00%', '4:0.00%', '5:99.90%', '6:0.00%', '7:0.00%', '8:7.30%', '9:3.40%']
                                          0msec<-
Central server round 57, loss : 2.09, accuracy :24.37%
Time past: 923400msec
['0:45.30%', '1:19.00%', '2:0.00%', '3:0.00%', '4:1.60%', '5:94.30%', '6:1.60%', '7:11.70%', '8:14.10%', '9:56.10%']
                                          ->0msec
                                                     -> Cluster 87, loss : 2.09, accuracy 24.37%, model from round 58
                                                     ['0:45.30%', '1:19.00%', '2:0.00%', '3:0.00%', '4:1.60%', '5:94.30%', '6:1.60%', '7:11.70%', '8:14.10%', '9:56.10%']
                                                                                              <-> Client 0, global : from 24.37% to 15.47%, local : from 92.18% to 95.99%, training time : 16200msec
                                                     Cluster 87, round 1, loss : 3.53, accuracy 15.47% <-
                                                     Time past : 16200msec
                                                     ['0:17.10%', '1:2.20%', '2:0.00%', '3:0.00%', '4:0.00%', '5:99.20%', '6:0.00%', '7:1.30%', '8:22.20%', '9:12.70%']
                                          0msec<-
                                          ->0msec
                                                     -> Cluster 65, loss : 2.09, accuracy 24.37%, model from round 58
                                                     ['0:45.30%', '1:19.00%', '2:0.00%', '3:0.00%', '4:1.60%', '5:94.30%', '6:1.60%', '7:11.70%', '8:14.10%', '9:56.10%']
                                                                                              <-> Client 0, global : from 24.37% to 11.63%, local : from 14.20% to 95.20%, training time : 16200msec
                                                     Cluster 65, round 1, loss : 4.19, accuracy 11.63% <-
                                                     Time past : 16200msec
                                                     ['0:0.00%', '1:0.00%', '2:0.00%', '3:0.00%', '4:0.20%', '5:3.40%', '6:9.90%', '7:2.80%', '8:100.00%', '9:0.00%']
                                          0msec<-
                                          ->0msec
                                                     -> Cluster 63, loss : 2.09, accuracy 24.37%, model from round 58
                                                     ['0:45.30%', '1:19.00%', '2:0.00%', '3:0.00%', '4:1.60%', '5:94.30%', '6:1.60%', '7:11.70%', '8:14.10%', '9:56.10%']
                                                                                              <-> Client 0, global : from 24.37% to 12.21%, local : from 14.00% to 95.60%, training time : 16200msec
                                                     Cluster 63, round 1, loss : 4.38, accuracy 12.21% <-
                                                     Time past : 16200msec
                                                     ['0:0.00%', '1:0.00%', '2:0.00%', '3:0.00%', '4:11.60%', '5:0.50%', '6:10.00%', '7:0.00%', '8:100.00%', '9:0.00%']
                                          0msec<-
                                          ->0msec
                                                     -> Cluster 50, loss : 2.09, accuracy 24.37%, model from round 58
                                                     ['0:45.30%', '1:19.00%', '2:0.00%', '3:0.00%', '4:1.60%', '5:94.30%', '6:1.60%', '7:11.70%', '8:14.10%', '9:56.10%']
                                                                                              <-> Client 0, global : from 24.37% to 12.44%, local : from 12.77% to 95.21%, training time : 16200msec
                                                     Cluster 50, round 1, loss : 3.30, accuracy 12.44% <-
                                                     Time past : 16200msec
                                                     ['0:16.70%', '1:2.20%', '2:0.00%', '3:0.00%', '4:0.00%', '5:0.40%', '6:0.00%', '7:99.80%', '8:0.00%', '9:5.30%']
                                          0msec<-
                                          ->0msec
                                                     -> Cluster 14, loss : 2.09, accuracy 24.37%, model from round 58
                                                     ['0:45.30%', '1:19.00%', '2:0.00%', '3:0.00%', '4:1.60%', '5:94.30%', '6:1.60%', '7:11.70%', '8:14.10%', '9:56.10%']
                                                                                              <-> Client 0, global : from 24.37% to 10.24%, local : from 49.80% to 95.00%, training time : 8200msec
                                                     Cluster 14, round 1, loss : 4.23, accuracy 10.24% <-
                                                     Time past : 8200msec
                                                     ['0:0.00%', '1:0.00%', '2:0.00%', '3:0.00%', '4:0.90%', '5:1.60%', '6:0.00%', '7:0.00%', '8:0.00%', '9:99.90%']
                                          0msec<-
                                          ->0msec
                                                     -> Cluster 77, loss : 2.09, accuracy 24.37%, model from round 58
                                                     ['0:45.30%', '1:19.00%', '2:0.00%', '3:0.00%', '4:1.60%', '5:94.30%', '6:1.60%', '7:11.70%', '8:14.10%', '9:56.10%']
                                                                                              <-> Client 0, global : from 24.37% to 11.59%, local : from 1.60% to 95.40%, training time : 16200msec
                                                     Cluster 77, round 1, loss : 4.34, accuracy 11.59% <-
                                                     Time past : 16200msec
                                                     ['0:0.00%', '1:0.20%', '2:0.00%', '3:99.80%', '4:0.00%', '5:0.00%', '6:0.00%', '7:0.00%', '8:15.90%', '9:0.00%']
                                          0msec<-
                                          ->0msec
                                                     -> Cluster 61, loss : 2.09, accuracy 24.37%, model from round 58
                                                     ['0:45.30%', '1:19.00%', '2:0.00%', '3:0.00%', '4:1.60%', '5:94.30%', '6:1.60%', '7:11.70%', '8:14.10%', '9:56.10%']
                                                                                              <-> Client 0, global : from 24.37% to 13.38%, local : from 15.17% to 95.21%, training time : 16200msec
                                                     Cluster 61, round 1, loss : 3.50, accuracy 13.38% <-
                                                     Time past : 16200msec
                                                     ['0:0.00%', '1:0.00%', '2:0.00%', '3:0.50%', '4:29.60%', '5:3.40%', '6:0.00%', '7:0.50%', '8:99.80%', '9:0.00%']
                                          0msec<-
                                          ->0msec
                                                     -> Cluster 13, loss : 2.09, accuracy 24.37%, model from round 58
                                                     ['0:45.30%', '1:19.00%', '2:0.00%', '3:0.00%', '4:1.60%', '5:94.30%', '6:1.60%', '7:11.70%', '8:14.10%', '9:56.10%']
                                                                                              <-> Client 0, global : from 24.37% to 10.06%, local : from 54.00% to 95.00%, training time : 8200msec
                                                     Cluster 13, round 1, loss : 4.35, accuracy 10.06% <-
                                                     Time past : 8200msec
                                                     ['0:0.00%', '1:0.00%', '2:0.00%', '3:0.00%', '4:0.00%', '5:0.60%', '6:0.00%', '7:0.00%', '8:0.00%', '9:100.00%']
                                          0msec<-
                                          ->0msec
                                                     -> Cluster 19, loss : 2.09, accuracy 24.37%, model from round 58
                                                     ['0:45.30%', '1:19.00%', '2:0.00%', '3:0.00%', '4:1.60%', '5:94.30%', '6:1.60%', '7:11.70%', '8:14.10%', '9:56.10%']
                                                                                              <-> Client 0, global : from 24.37% to 10.14%, local : from 56.60% to 95.00%, training time : 8200msec
                                                     Cluster 19, round 1, loss : 3.80, accuracy 10.14% <-
                                                     Time past : 8200msec
                                                     ['0:0.00%', '1:0.00%', '2:0.00%', '3:0.00%', '4:0.00%', '5:0.80%', '6:0.60%', '7:0.00%', '8:0.00%', '9:100.00%']
                                          0msec<-
                                          ->0msec
                                                     -> Cluster 49, loss : 2.09, accuracy 24.37%, model from round 58
                                                     ['0:45.30%', '1:19.00%', '2:0.00%', '3:0.00%', '4:1.60%', '5:94.30%', '6:1.60%', '7:11.70%', '8:14.10%', '9:56.10%']
                                                                                              <-> Client 0, global : from 24.37% to 10.16%, local : from 1.00% to 95.00%, training time : 8200msec
                                                     Cluster 49, round 1, loss : 4.35, accuracy 10.16% <-
                                                     Time past : 8200msec
                                                     ['0:0.00%', '1:0.00%', '2:99.80%', '3:0.00%', '4:0.00%', '5:0.00%', '6:0.00%', '7:0.00%', '8:0.70%', '9:1.10%']
                                          0msec<-
Central server round 58, loss : 2.04, accuracy :25.80%
Time past: 939600msec
['0:2.50%', '1:3.70%', '2:1.60%', '3:4.20%', '4:20.80%', '5:52.90%', '6:21.30%', '7:12.90%', '8:72.20%', '9:65.90%']
                                          ->0msec
                                                     -> Cluster 1, loss : 2.04, accuracy 25.80%, model from round 59
                                                     ['0:2.50%', '1:3.70%', '2:1.60%', '3:4.20%', '4:20.80%', '5:52.90%', '6:21.30%', '7:12.90%', '8:72.20%', '9:65.90%']
                                                                                              <-> Client 0, global : from 25.80% to 13.38%, local : from 18.96% to 94.81%, training time : 8200msec
                                                     Cluster 1, round 1, loss : 3.85, accuracy 13.38% <-
                                                     Time past : 8200msec
                                                     ['0:1.10%', '1:0.20%', '2:0.00%', '3:0.00%', '4:0.00%', '5:0.00%', '6:100.00%', '7:0.00%', '8:30.40%', '9:2.10%']
                                          0msec<-
                                          ->0msec
                                                     -> Cluster 96, loss : 2.04, accuracy 25.80%, model from round 59
                                                     ['0:2.50%', '1:3.70%', '2:1.60%', '3:4.20%', '4:20.80%', '5:52.90%', '6:21.30%', '7:12.90%', '8:72.20%', '9:65.90%']
                                                                                              <-> Client 0, global : from 25.80% to 10.00%, local : from 3.21% to 95.19%, training time : 16200msec
                                                     Cluster 96, round 1, loss : 4.30, accuracy 10.00% <-
                                                     Time past : 16200msec
                                                     ['0:100.00%', '1:0.00%', '2:0.00%', '3:0.00%', '4:0.00%', '5:0.00%', '6:0.00%', '7:0.00%', '8:0.00%', '9:0.00%']
                                          0msec<-
                                          ->0msec
                                                     -> Cluster 93, loss : 2.04, accuracy 25.80%, model from round 59
                                                     ['0:2.50%', '1:3.70%', '2:1.60%', '3:4.20%', '4:20.80%', '5:52.90%', '6:21.30%', '7:12.90%', '8:72.20%', '9:65.90%']
                                                                                              <-> Client 0, global : from 25.80% to 10.00%, local : from 2.61% to 95.19%, training time : 16200msec
                                                     Cluster 93, round 1, loss : 4.44, accuracy 10.00% <-
                                                     Time past : 16200msec
                                                     ['0:100.00%', '1:0.00%', '2:0.00%', '3:0.00%', '4:0.00%', '5:0.00%', '6:0.00%', '7:0.00%', '8:0.00%', '9:0.00%']
                                          0msec<-
                                          ->0msec
                                                     -> Cluster 84, loss : 2.04, accuracy 25.80%, model from round 59
                                                     ['0:2.50%', '1:3.70%', '2:1.60%', '3:4.20%', '4:20.80%', '5:52.90%', '6:21.30%', '7:12.90%', '8:72.20%', '9:65.90%']
                                                                                              <-> Client 0, global : from 25.80% to 11.00%, local : from 52.51% to 95.39%, training time : 16200msec
                                                     Cluster 84, round 1, loss : 4.12, accuracy 11.00% <-
                                                     Time past : 16200msec
                                                     ['0:0.40%', '1:0.00%', '2:0.00%', '3:0.00%', '4:0.00%', '5:100.00%', '6:0.00%', '7:0.00%', '8:6.50%', '9:3.10%']
                                          0msec<-
                                          ->0msec
                                                     -> Cluster 44, loss : 2.04, accuracy 25.80%, model from round 59
                                                     ['0:2.50%', '1:3.70%', '2:1.60%', '3:4.20%', '4:20.80%', '5:52.90%', '6:21.30%', '7:12.90%', '8:72.20%', '9:65.90%']
                                                                                              <-> Client 0, global : from 25.80% to 10.04%, local : from 3.80% to 95.00%, training time : 8200msec
                                                     Cluster 44, round 1, loss : 4.96, accuracy 10.04% <-
                                                     Time past : 8200msec
                                                     ['0:0.00%', '1:0.00%', '2:100.00%', '3:0.00%', '4:0.00%', '5:0.00%', '6:0.00%', '7:0.00%', '8:0.40%', '9:0.00%']
                                          0msec<-
                                          ->0msec
                                                     -> Cluster 90, loss : 2.04, accuracy 25.80%, model from round 59
                                                     ['0:2.50%', '1:3.70%', '2:1.60%', '3:4.20%', '4:20.80%', '5:52.90%', '6:21.30%', '7:12.90%', '8:72.20%', '9:65.90%']
                                                                                              <-> Client 0, global : from 25.80% to 10.22%, local : from 4.20% to 95.20%, training time : 16200msec
                                                     Cluster 90, round 1, loss : 3.52, accuracy 10.22% <-
                                                     Time past : 16200msec
                                                     ['0:100.00%', '1:0.00%', '2:0.00%', '3:0.00%', '4:0.00%', '5:0.00%', '6:2.20%', '7:0.00%', '8:0.00%', '9:0.00%']
                                          0msec<-
                                          ->0msec
                                                     -> Cluster 34, loss : 2.04, accuracy 25.80%, model from round 59
                                                     ['0:2.50%', '1:3.70%', '2:1.60%', '3:4.20%', '4:20.80%', '5:52.90%', '6:21.30%', '7:12.90%', '8:72.20%', '9:65.90%']
                                                                                              <-> Client 0, global : from 25.80% to 10.00%, local : from 5.60% to 95.00%, training time : 8200msec
                                                     Cluster 34, round 1, loss : 3.62, accuracy 10.00% <-
                                                     Time past : 8200msec
                                                     ['0:0.00%', '1:100.00%', '2:0.00%', '3:0.00%', '4:0.00%', '5:0.00%', '6:0.00%', '7:0.00%', '8:0.00%', '9:0.00%']
                                          0msec<-
                                          ->0msec
                                                     -> Cluster 7, loss : 2.04, accuracy 25.80%, model from round 59
                                                     ['0:2.50%', '1:3.70%', '2:1.60%', '3:4.20%', '4:20.80%', '5:52.90%', '6:21.30%', '7:12.90%', '8:72.20%', '9:65.90%']
                                                                                              <-> Client 0, global : from 25.80% to 13.03%, local : from 19.00% to 95.60%, training time : 8200msec
                                                     Cluster 7, round 1, loss : 3.78, accuracy 13.03% <-
                                                     Time past : 8200msec
                                                     ['0:1.30%', '1:3.70%', '2:0.00%', '3:0.00%', '4:0.00%', '5:0.00%', '6:100.00%', '7:0.10%', '8:23.40%', '9:1.80%']
                                          0msec<-
                                          ->0msec
                                                     -> Cluster 69, loss : 2.04, accuracy 25.80%, model from round 59
                                                     ['0:2.50%', '1:3.70%', '2:1.60%', '3:4.20%', '4:20.80%', '5:52.90%', '6:21.30%', '7:12.90%', '8:72.20%', '9:65.90%']
                                                                                              <-> Client 0, global : from 25.80% to 14.36%, local : from 69.80% to 95.80%, training time : 16200msec
                                                     Cluster 69, round 1, loss : 3.67, accuracy 14.36% <-
                                                     Time past : 16200msec
                                                     ['0:0.00%', '1:0.00%', '2:0.20%', '3:0.00%', '4:8.80%', '5:0.00%', '6:33.60%', '7:1.00%', '8:100.00%', '9:0.00%']
                                          0msec<-
                                          ->0msec
                                                     -> Cluster 80, loss : 2.04, accuracy 25.80%, model from round 59
                                                     ['0:2.50%', '1:3.70%', '2:1.60%', '3:4.20%', '4:20.80%', '5:52.90%', '6:21.30%', '7:12.90%', '8:72.20%', '9:65.90%']
                                                                                              <-> Client 0, global : from 25.80% to 13.07%, local : from 54.40% to 95.60%, training time : 16200msec
                                                     Cluster 80, round 1, loss : 3.82, accuracy 13.07% <-
                                                     Time past : 16200msec
                                                     ['0:0.00%', '1:12.60%', '2:0.00%', '3:0.00%', '4:0.00%', '5:99.60%', '6:0.00%', '7:0.00%', '8:14.00%', '9:4.50%']
                                          0msec<-
Central server round 59, loss : 1.96, accuracy :27.65%
Time past: 955800msec
['0:77.90%', '1:23.00%', '2:0.20%', '3:0.10%', '4:0.10%', '5:46.00%', '6:77.60%', '7:13.00%', '8:22.10%', '9:16.50%']
                                          ->0msec
                                                     -> Cluster 32, loss : 1.96, accuracy 27.65%, model from round 60
                                                     ['0:77.90%', '1:23.00%', '2:0.20%', '3:0.10%', '4:0.10%', '5:46.00%', '6:77.60%', '7:13.00%', '8:22.10%', '9:16.50%']
                                                                                              <-> Client 0, global : from 27.65% to 10.48%, local : from 21.40% to 94.80%, training time : 8200msec
                                                     Cluster 32, round 1, loss : 2.76, accuracy 10.48% <-
                                                     Time past : 8200msec
                                                     ['0:0.00%', '1:99.90%', '2:0.10%', '3:0.00%', '4:1.40%', '5:0.90%', '6:0.30%', '7:2.10%', '8:0.10%', '9:0.00%']
                                          0msec<-
                                          ->0msec
                                                     -> Cluster 24, loss : 1.96, accuracy 27.65%, model from round 60
                                                     ['0:77.90%', '1:23.00%', '2:0.20%', '3:0.10%', '4:0.10%', '5:46.00%', '6:77.60%', '7:13.00%', '8:22.10%', '9:16.50%']
                                                                                              <-> Client 0, global : from 27.65% to 12.38%, local : from 1.60% to 95.00%, training time : 8200msec
                                                     Cluster 24, round 1, loss : 3.58, accuracy 12.38% <-
                                                     Time past : 8200msec
                                                     ['0:13.10%', '1:3.70%', '2:0.00%', '3:0.00%', '4:99.50%', '5:0.00%', '6:0.00%', '7:0.00%', '8:1.60%', '9:5.90%']
                                          0msec<-
                                          ->0msec
                                                     -> Cluster 52, loss : 1.96, accuracy 27.65%, model from round 60
                                                     ['0:77.90%', '1:23.00%', '2:0.20%', '3:0.10%', '4:0.10%', '5:46.00%', '6:77.60%', '7:13.00%', '8:22.10%', '9:16.50%']
                                                                                              <-> Client 0, global : from 27.65% to 11.39%, local : from 11.60% to 95.20%, training time : 16200msec
                                                     Cluster 52, round 1, loss : 4.19, accuracy 11.39% <-
                                                     Time past : 16200msec
                                                     ['0:4.10%', '1:0.00%', '2:0.00%', '3:0.00%', '4:0.00%', '5:0.00%', '6:0.00%', '7:100.00%', '8:9.80%', '9:0.00%']
                                          0msec<-
                                          ->0msec
                                                     -> Cluster 71, loss : 1.96, accuracy 27.65%, model from round 60
                                                     ['0:77.90%', '1:23.00%', '2:0.20%', '3:0.10%', '4:0.10%', '5:46.00%', '6:77.60%', '7:13.00%', '8:22.10%', '9:16.50%']
                                                                                              <-> Client 0, global : from 27.65% to 10.65%, local : from 2.20% to 95.40%, training time : 16200msec
                                                     Cluster 71, round 1, loss : 4.37, accuracy 10.65% <-
                                                     Time past : 16200msec
                                                     ['0:0.50%', '1:0.10%', '2:0.00%', '3:100.00%', '4:0.00%', '5:0.00%', '6:0.00%', '7:0.00%', '8:3.60%', '9:2.30%']
                                          0msec<-
                                          ->0msec
                                                     -> Cluster 80, loss : 1.96, accuracy 27.65%, model from round 60
                                                     ['0:77.90%', '1:23.00%', '2:0.20%', '3:0.10%', '4:0.10%', '5:46.00%', '6:77.60%', '7:13.00%', '8:22.10%', '9:16.50%']
                                                                                              <-> Client 0, global : from 27.65% to 11.49%, local : from 46.80% to 95.00%, training time : 16200msec
                                                     Cluster 80, round 1, loss : 4.37, accuracy 11.49% <-
                                                     Time past : 16200msec
                                                     ['0:0.10%', '1:4.00%', '2:0.00%', '3:0.00%', '4:0.00%', '5:99.80%', '6:0.00%', '7:0.00%', '8:9.80%', '9:1.20%']
                                          0msec<-
                                          ->0msec
                                                     -> Cluster 76, loss : 1.96, accuracy 27.65%, model from round 60
                                                     ['0:77.90%', '1:23.00%', '2:0.20%', '3:0.10%', '4:0.10%', '5:46.00%', '6:77.60%', '7:13.00%', '8:22.10%', '9:16.50%']
                                                                                              <-> Client 0, global : from 27.65% to 11.22%, local : from 1.40% to 95.60%, training time : 16200msec
                                                     Cluster 76, round 1, loss : 4.43, accuracy 11.22% <-
                                                     Time past : 16200msec
                                                     ['0:0.10%', '1:0.20%', '2:0.00%', '3:99.90%', '4:0.00%', '5:0.00%', '6:0.00%', '7:0.00%', '8:11.70%', '9:0.30%']
                                          0msec<-
                                          ->0msec
                                                     -> Cluster 7, loss : 1.96, accuracy 27.65%, model from round 60
                                                     ['0:77.90%', '1:23.00%', '2:0.20%', '3:0.10%', '4:0.10%', '5:46.00%', '6:77.60%', '7:13.00%', '8:22.10%', '9:16.50%']
                                                                                              <-> Client 0, global : from 27.65% to 14.02%, local : from 70.40% to 95.60%, training time : 8200msec
                                                     Cluster 7, round 1, loss : 3.74, accuracy 14.02% <-
                                                     Time past : 8200msec
                                                     ['0:6.00%', '1:4.50%', '2:0.00%', '3:0.00%', '4:0.00%', '5:0.00%', '6:100.00%', '7:0.10%', '8:28.20%', '9:1.40%']
                                          0msec<-
                                          ->0msec
                                                     -> Cluster 68, loss : 1.96, accuracy 27.65%, model from round 60
                                                     ['0:77.90%', '1:23.00%', '2:0.20%', '3:0.10%', '4:0.10%', '5:46.00%', '6:77.60%', '7:13.00%', '8:22.10%', '9:16.50%']
                                                                                              <-> Client 0, global : from 27.65% to 12.02%, local : from 22.20% to 95.20%, training time : 16200msec
                                                     Cluster 68, round 1, loss : 3.64, accuracy 12.02% <-
                                                     Time past : 16200msec
                                                     ['0:0.00%', '1:0.00%', '2:0.00%', '3:0.00%', '4:0.00%', '5:0.00%', '6:17.30%', '7:3.00%', '8:99.90%', '9:0.00%']
                                          0msec<-
                                          ->0msec
                                                     -> Cluster 77, loss : 1.96, accuracy 27.65%, model from round 60
                                                     ['0:77.90%', '1:23.00%', '2:0.20%', '3:0.10%', '4:0.10%', '5:46.00%', '6:77.60%', '7:13.00%', '8:22.10%', '9:16.50%']
                                                                                              <-> Client 0, global : from 27.65% to 11.15%, local : from 1.80% to 95.40%, training time : 16200msec
                                                     Cluster 77, round 1, loss : 4.59, accuracy 11.15% <-
                                                     Time past : 16200msec
                                                     ['0:0.00%', '1:0.20%', '2:0.00%', '3:100.00%', '4:0.00%', '5:0.00%', '6:0.00%', '7:0.00%', '8:11.30%', '9:0.00%']
                                          0msec<-
                                          ->0msec
                                                     -> Cluster 65, loss : 1.96, accuracy 27.65%, model from round 60
                                                     ['0:77.90%', '1:23.00%', '2:0.20%', '3:0.10%', '4:0.10%', '5:46.00%', '6:77.60%', '7:13.00%', '8:22.10%', '9:16.50%']
                                                                                              <-> Client 0, global : from 27.65% to 12.71%, local : from 23.80% to 95.20%, training time : 16200msec
                                                     Cluster 65, round 1, loss : 3.82, accuracy 12.71% <-
                                                     Time past : 16200msec
                                                     ['0:0.00%', '1:0.00%', '2:0.00%', '3:0.00%', '4:0.20%', '5:5.20%', '6:14.70%', '7:7.00%', '8:100.00%', '9:0.00%']
                                          0msec<-
Central server round 60, loss : 1.97, accuracy :25.95%
Time past: 972000msec
['0:4.90%', '1:32.90%', '2:0.00%', '3:87.80%', '4:6.30%', '5:3.40%', '6:13.10%', '7:31.20%', '8:66.90%', '9:13.00%']
                                          ->0msec
                                                     -> Cluster 47, loss : 1.97, accuracy 25.95%, model from round 61
                                                     ['0:4.90%', '1:32.90%', '2:0.00%', '3:87.80%', '4:6.30%', '5:3.40%', '6:13.10%', '7:31.20%', '8:66.90%', '9:13.00%']
                                                                                              <-> Client 0, global : from 25.95% to 10.04%, local : from 1.60% to 95.00%, training time : 8200msec
                                                     Cluster 47, round 1, loss : 3.89, accuracy 10.04% <-
                                                     Time past : 8200msec
                                                     ['0:0.00%', '1:0.10%', '2:100.00%', '3:0.00%', '4:0.00%', '5:0.00%', '6:0.00%', '7:0.00%', '8:0.30%', '9:0.00%']
                                          0msec<-
                                          ->0msec
                                                     -> Cluster 76, loss : 1.97, accuracy 25.95%, model from round 61
                                                     ['0:4.90%', '1:32.90%', '2:0.00%', '3:87.80%', '4:6.30%', '5:3.40%', '6:13.10%', '7:31.20%', '8:66.90%', '9:13.00%']
                                                                                              <-> Client 0, global : from 25.95% to 13.13%, local : from 83.40% to 95.40%, training time : 16200msec
                                                     Cluster 76, round 1, loss : 3.96, accuracy 13.13% <-
                                                     Time past : 16200msec
                                                     ['0:0.10%', '1:3.80%', '2:0.00%', '3:99.70%', '4:0.00%', '5:0.00%', '6:0.00%', '7:0.10%', '8:25.90%', '9:1.70%']
                                          0msec<-
                                          ->0msec
                                                     -> Cluster 60, loss : 1.97, accuracy 25.95%, model from round 61
                                                     ['0:4.90%', '1:32.90%', '2:0.00%', '3:87.80%', '4:6.30%', '5:3.40%', '6:13.10%', '7:31.20%', '8:66.90%', '9:13.00%']
                                                                                              <-> Client 0, global : from 25.95% to 11.14%, local : from 64.07% to 94.81%, training time : 16200msec
                                                     Cluster 60, round 1, loss : 3.45, accuracy 11.14% <-
                                                     Time past : 16200msec
                                                     ['0:0.00%', '1:0.00%', '2:0.00%', '3:0.00%', '4:0.00%', '5:0.00%', '6:6.60%', '7:4.80%', '8:100.00%', '9:0.00%']
                                          0msec<-
                                          ->0msec
                                                     -> Cluster 30, loss : 1.97, accuracy 25.95%, model from round 61
                                                     ['0:4.90%', '1:32.90%', '2:0.00%', '3:87.80%', '4:6.30%', '5:3.40%', '6:13.10%', '7:31.20%', '8:66.90%', '9:13.00%']
                                                                                              <-> Client 0, global : from 25.95% to 10.03%, local : from 31.14% to 94.81%, training time : 8200msec
                                                     Cluster 30, round 1, loss : 3.84, accuracy 10.03% <-
                                                     Time past : 8200msec
                                                     ['0:0.00%', '1:100.00%', '2:0.00%', '3:0.00%', '4:0.00%', '5:0.30%', '6:0.00%', '7:0.00%', '8:0.00%', '9:0.00%']
                                          0msec<-
                                          ->0msec
                                                     -> Cluster 43, loss : 1.97, accuracy 25.95%, model from round 61
                                                     ['0:4.90%', '1:32.90%', '2:0.00%', '3:87.80%', '4:6.30%', '5:3.40%', '6:13.10%', '7:31.20%', '8:66.90%', '9:13.00%']
                                                                                              <-> Client 0, global : from 25.95% to 13.15%, local : from 1.20% to 94.60%, training time : 8200msec
                                                     Cluster 43, round 1, loss : 3.59, accuracy 13.15% <-
                                                     Time past : 8200msec
                                                     ['0:0.00%', '1:0.30%', '2:99.20%', '3:0.00%', '4:0.00%', '5:0.00%', '6:0.00%', '7:0.00%', '8:32.00%', '9:0.00%']
                                          0msec<-
                                          ->0msec
                                                     -> Cluster 22, loss : 1.97, accuracy 25.95%, model from round 61
                                                     ['0:4.90%', '1:32.90%', '2:0.00%', '3:87.80%', '4:6.30%', '5:3.40%', '6:13.10%', '7:31.20%', '8:66.90%', '9:13.00%']
                                                                                              <-> Client 0, global : from 25.95% to 11.97%, local : from 5.80% to 94.40%, training time : 8200msec
                                                     Cluster 22, round 1, loss : 3.58, accuracy 11.97% <-
                                                     Time past : 8200msec
                                                     ['0:0.90%', '1:0.30%', '2:0.00%', '3:0.00%', '4:99.40%', '5:0.00%', '6:0.00%', '7:0.00%', '8:16.00%', '9:3.10%']
                                          0msec<-
                                          ->0msec
                                                     -> Cluster 77, loss : 1.97, accuracy 25.95%, model from round 61
                                                     ['0:4.90%', '1:32.90%', '2:0.00%', '3:87.80%', '4:6.30%', '5:3.40%', '6:13.10%', '7:31.20%', '8:66.90%', '9:13.00%']
                                                                                              <-> Client 0, global : from 25.95% to 12.04%, local : from 83.60% to 95.80%, training time : 16200msec
                                                     Cluster 77, round 1, loss : 4.24, accuracy 12.04% <-
                                                     Time past : 16200msec
                                                     ['0:0.10%', '1:0.30%', '2:0.00%', '3:99.70%', '4:0.00%', '5:0.00%', '6:0.00%', '7:0.10%', '8:20.20%', '9:0.00%']
                                          0msec<-
                                          ->0msec
                                                     -> Cluster 97, loss : 1.97, accuracy 25.95%, model from round 61
                                                     ['0:4.90%', '1:32.90%', '2:0.00%', '3:87.80%', '4:6.30%', '5:3.40%', '6:13.10%', '7:31.20%', '8:66.90%', '9:13.00%']
                                                                                              <-> Client 0, global : from 25.95% to 10.25%, local : from 5.61% to 95.19%, training time : 16200msec
                                                     Cluster 97, round 1, loss : 3.47, accuracy 10.25% <-
                                                     Time past : 16200msec
                                                     ['0:100.00%', '1:0.00%', '2:0.00%', '3:0.00%', '4:2.50%', '5:0.00%', '6:0.00%', '7:0.00%', '8:0.00%', '9:0.00%']
                                          0msec<-
                                          ->0msec
                                                     -> Cluster 23, loss : 1.97, accuracy 25.95%, model from round 61
                                                     ['0:4.90%', '1:32.90%', '2:0.00%', '3:87.80%', '4:6.30%', '5:3.40%', '6:13.10%', '7:31.20%', '8:66.90%', '9:13.00%']
                                                                                              <-> Client 0, global : from 25.95% to 11.05%, local : from 7.80% to 95.00%, training time : 8200msec
                                                     Cluster 23, round 1, loss : 4.10, accuracy 11.05% <-
                                                     Time past : 8200msec
                                                     ['0:4.50%', '1:0.70%', '2:0.00%', '3:0.00%', '4:99.90%', '5:0.00%', '6:0.00%', '7:0.00%', '8:5.40%', '9:0.00%']
                                          0msec<-
                                          ->0msec
                                                     -> Cluster 94, loss : 1.97, accuracy 25.95%, model from round 61
                                                     ['0:4.90%', '1:32.90%', '2:0.00%', '3:87.80%', '4:6.30%', '5:3.40%', '6:13.10%', '7:31.20%', '8:66.90%', '9:13.00%']
                                                                                              <-> Client 0, global : from 25.95% to 10.00%, local : from 8.42% to 95.19%, training time : 16200msec
                                                     Cluster 94, round 1, loss : 4.36, accuracy 10.00% <-
                                                     Time past : 16200msec
                                                     ['0:100.00%', '1:0.00%', '2:0.00%', '3:0.00%', '4:0.00%', '5:0.00%', '6:0.00%', '7:0.00%', '8:0.00%', '9:0.00%']
                                          0msec<-
Central server round 61, loss : 1.93, accuracy :29.08%
Time past: 988200msec
['0:65.40%', '1:48.70%', '2:1.60%', '3:40.60%', '4:66.00%', '5:5.10%', '6:2.60%', '7:16.60%', '8:36.60%', '9:7.60%']
                                          ->0msec
                                                     -> Cluster 15, loss : 1.93, accuracy 29.08%, model from round 62
                                                     ['0:65.40%', '1:48.70%', '2:1.60%', '3:40.60%', '4:66.00%', '5:5.10%', '6:2.60%', '7:16.60%', '8:36.60%', '9:7.60%']
                                                                                              <-> Client 0, global : from 29.08% to 11.27%, local : from 11.40% to 95.20%, training time : 8200msec
                                                     Cluster 15, round 1, loss : 3.60, accuracy 11.27% <-
                                                     Time past : 8200msec
                                                     ['0:0.20%', '1:0.00%', '2:0.00%', '3:0.10%', '4:1.50%', '5:2.80%', '6:8.10%', '7:0.30%', '8:0.00%', '9:99.70%']
                                          0msec<-
                                          ->0msec
                                                     -> Cluster 16, loss : 1.93, accuracy 29.08%, model from round 62
                                                     ['0:65.40%', '1:48.70%', '2:1.60%', '3:40.60%', '4:66.00%', '5:5.10%', '6:2.60%', '7:16.60%', '8:36.60%', '9:7.60%']
                                                                                              <-> Client 0, global : from 29.08% to 11.41%, local : from 9.20% to 95.00%, training time : 8200msec
                                                     Cluster 16, round 1, loss : 3.11, accuracy 11.41% <-
                                                     Time past : 8200msec
                                                     ['0:0.10%', '1:0.00%', '2:0.00%', '3:5.10%', '4:2.00%', '5:0.90%', '6:6.10%', '7:0.00%', '8:0.50%', '9:99.40%']
                                          0msec<-
                                          ->0msec
                                                     -> Cluster 17, loss : 1.93, accuracy 29.08%, model from round 62
                                                     ['0:65.40%', '1:48.70%', '2:1.60%', '3:40.60%', '4:66.00%', '5:5.10%', '6:2.60%', '7:16.60%', '8:36.60%', '9:7.60%']
                                                                                              <-> Client 0, global : from 29.08% to 10.35%, local : from 9.80% to 95.00%, training time : 8200msec
                                                     Cluster 17, round 1, loss : 3.56, accuracy 10.35% <-
                                                     Time past : 8200msec
                                                     ['0:0.60%', '1:0.00%', '2:0.00%', '3:3.00%', '4:0.00%', '5:0.00%', '6:0.00%', '7:0.10%', '8:0.00%', '9:99.80%']
                                          0msec<-
                                          ->0msec
                                                     -> Cluster 89, loss : 1.93, accuracy 29.08%, model from round 62
                                                     ['0:65.40%', '1:48.70%', '2:1.60%', '3:40.60%', '4:66.00%', '5:5.10%', '6:2.60%', '7:16.60%', '8:36.60%', '9:7.60%']
                                                                                              <-> Client 0, global : from 29.08% to 10.41%, local : from 5.81% to 95.39%, training time : 16200msec
                                                     Cluster 89, round 1, loss : 4.51, accuracy 10.41% <-
                                                     Time past : 16200msec
                                                     ['0:0.00%', '1:0.00%', '2:0.00%', '3:0.00%', '4:0.00%', '5:100.00%', '6:0.00%', '7:0.00%', '8:2.80%', '9:1.30%']
                                          0msec<-
                                          ->0msec
                                                     -> Cluster 32, loss : 1.93, accuracy 29.08%, model from round 62
                                                     ['0:65.40%', '1:48.70%', '2:1.60%', '3:40.60%', '4:66.00%', '5:5.10%', '6:2.60%', '7:16.60%', '8:36.60%', '9:7.60%']
                                                                                              <-> Client 0, global : from 29.08% to 10.03%, local : from 51.00% to 95.00%, training time : 8200msec
                                                     Cluster 32, round 1, loss : 3.57, accuracy 10.03% <-
                                                     Time past : 8200msec
                                                     ['0:0.00%', '1:99.90%', '2:0.00%', '3:0.00%', '4:0.00%', '5:0.00%', '6:0.00%', '7:0.40%', '8:0.00%', '9:0.00%']
                                          0msec<-
                                          ->0msec
                                                     -> Cluster 28, loss : 1.93, accuracy 29.08%, model from round 62
                                                     ['0:65.40%', '1:48.70%', '2:1.60%', '3:40.60%', '4:66.00%', '5:5.10%', '6:2.60%', '7:16.60%', '8:36.60%', '9:7.60%']
                                                                                              <-> Client 0, global : from 29.08% to 11.24%, local : from 67.40% to 94.80%, training time : 8200msec
                                                     Cluster 28, round 1, loss : 3.93, accuracy 11.24% <-
                                                     Time past : 8200msec
                                                     ['0:0.00%', '1:0.10%', '2:0.00%', '3:0.00%', '4:99.90%', '5:0.00%', '6:0.00%', '7:0.00%', '8:12.30%', '9:0.10%']
                                          0msec<-
                                          ->0msec
                                                     -> Cluster 11, loss : 1.93, accuracy 29.08%, model from round 62
                                                     ['0:65.40%', '1:48.70%', '2:1.60%', '3:40.60%', '4:66.00%', '5:5.10%', '6:2.60%', '7:16.60%', '8:36.60%', '9:7.60%']
                                                                                              <-> Client 0, global : from 29.08% to 11.43%, local : from 7.78% to 95.21%, training time : 8200msec
                                                     Cluster 11, round 1, loss : 3.25, accuracy 11.43% <-
                                                     Time past : 8200msec
                                                     ['0:0.00%', '1:0.00%', '2:0.00%', '3:0.90%', '4:0.00%', '5:0.10%', '6:10.30%', '7:3.30%', '8:0.00%', '9:99.70%']
                                          0msec<-
                                          ->0msec
                                                     -> Cluster 81, loss : 1.93, accuracy 29.08%, model from round 62
                                                     ['0:65.40%', '1:48.70%', '2:1.60%', '3:40.60%', '4:66.00%', '5:5.10%', '6:2.60%', '7:16.60%', '8:36.60%', '9:7.60%']
                                                                                              <-> Client 0, global : from 29.08% to 10.11%, local : from 5.60% to 95.00%, training time : 16200msec
                                                     Cluster 81, round 1, loss : 4.32, accuracy 10.11% <-
                                                     Time past : 16200msec
                                                     ['0:0.10%', '1:0.00%', '2:0.00%', '3:0.00%', '4:0.00%', '5:100.00%', '6:0.00%', '7:0.00%', '8:0.70%', '9:0.30%']
                                          0msec<-
                                          ->0msec
                                                     -> Cluster 68, loss : 1.93, accuracy 29.08%, model from round 62
                                                     ['0:65.40%', '1:48.70%', '2:1.60%', '3:40.60%', '4:66.00%', '5:5.10%', '6:2.60%', '7:16.60%', '8:36.60%', '9:7.60%']
                                                                                              <-> Client 0, global : from 29.08% to 12.25%, local : from 37.40% to 95.20%, training time : 16200msec
                                                     Cluster 68, round 1, loss : 3.47, accuracy 12.25% <-
                                                     Time past : 16200msec
                                                     ['0:0.00%', '1:0.00%', '2:0.00%', '3:0.20%', '4:0.00%', '5:0.00%', '6:18.70%', '7:3.70%', '8:99.90%', '9:0.00%']
                                          0msec<-
                                          ->0msec
                                                     -> Cluster 6, loss : 1.93, accuracy 29.08%, model from round 62
                                                     ['0:65.40%', '1:48.70%', '2:1.60%', '3:40.60%', '4:66.00%', '5:5.10%', '6:2.60%', '7:16.60%', '8:36.60%', '9:7.60%']
                                                                                              <-> Client 0, global : from 29.08% to 13.27%, local : from 4.80% to 94.80%, training time : 8200msec
                                                     Cluster 6, round 1, loss : 3.69, accuracy 13.27% <-
                                                     Time past : 8200msec
                                                     ['0:18.90%', '1:3.10%', '2:0.00%', '3:0.00%', '4:0.00%', '5:0.00%', '6:100.00%', '7:0.20%', '8:6.80%', '9:3.70%']
                                          0msec<-
Central server round 62, loss : 1.96, accuracy :26.89%
Time past: 1004400msec
['0:18.60%', '1:12.30%', '2:0.10%', '3:1.20%', '4:12.30%', '5:47.30%', '6:56.10%', '7:10.00%', '8:25.70%', '9:85.30%']
                                          ->0msec
                                                     -> Cluster 78, loss : 1.96, accuracy 26.89%, model from round 63
                                                     ['0:18.60%', '1:12.30%', '2:0.10%', '3:1.20%', '4:12.30%', '5:47.30%', '6:56.10%', '7:10.00%', '8:25.70%', '9:85.30%']
                                                                                              <-> Client 0, global : from 26.89% to 11.27%, local : from 1.80% to 95.00%, training time : 16200msec
                                                     Cluster 78, round 1, loss : 4.61, accuracy 11.27% <-
                                                     Time past : 16200msec
                                                     ['0:2.00%', '1:0.00%', '2:0.00%', '3:100.00%', '4:0.00%', '5:0.00%', '6:0.00%', '7:0.00%', '8:8.00%', '9:2.70%']
                                          0msec<-
                                          ->0msec
                                                     -> Cluster 28, loss : 1.96, accuracy 26.89%, model from round 63
                                                     ['0:18.60%', '1:12.30%', '2:0.10%', '3:1.20%', '4:12.30%', '5:47.30%', '6:56.10%', '7:10.00%', '8:25.70%', '9:85.30%']
                                                                                              <-> Client 0, global : from 26.89% to 10.48%, local : from 14.60% to 94.80%, training time : 8200msec
                                                     Cluster 28, round 1, loss : 4.45, accuracy 10.48% <-
                                                     Time past : 8200msec
                                                     ['0:0.00%', '1:0.00%', '2:0.00%', '3:0.00%', '4:99.90%', '5:0.00%', '6:0.00%', '7:0.00%', '8:4.70%', '9:0.20%']
                                          0msec<-
                                          ->0msec
                                                     -> Cluster 10, loss : 1.96, accuracy 26.89%, model from round 63
                                                     ['0:18.60%', '1:12.30%', '2:0.10%', '3:1.20%', '4:12.30%', '5:47.30%', '6:56.10%', '7:10.00%', '8:25.70%', '9:85.30%']
                                                                                              <-> Client 0, global : from 26.89% to 10.00%, local : from 80.04% to 94.81%, training time : 8200msec
                                                     Cluster 10, round 1, loss : 3.84, accuracy 10.00% <-
                                                     Time past : 8200msec
                                                     ['0:0.00%', '1:0.00%', '2:0.00%', '3:0.00%', '4:0.00%', '5:0.00%', '6:0.00%', '7:0.00%', '8:0.00%', '9:100.00%']
                                          0msec<-
                                          ->0msec
                                                     -> Cluster 95, loss : 1.96, accuracy 26.89%, model from round 63
                                                     ['0:18.60%', '1:12.30%', '2:0.10%', '3:1.20%', '4:12.30%', '5:47.30%', '6:56.10%', '7:10.00%', '8:25.70%', '9:85.30%']
                                                                                              <-> Client 0, global : from 26.89% to 10.69%, local : from 20.44% to 95.39%, training time : 16200msec
                                                     Cluster 95, round 1, loss : 3.02, accuracy 10.69% <-
                                                     Time past : 16200msec
                                                     ['0:99.90%', '1:0.00%', '2:0.00%', '3:0.00%', '4:0.00%', '5:0.10%', '6:6.80%', '7:0.00%', '8:0.00%', '9:0.10%']
                                          0msec<-
                                          ->0msec
                                                     -> Cluster 35, loss : 1.96, accuracy 26.89%, model from round 63
                                                     ['0:18.60%', '1:12.30%', '2:0.10%', '3:1.20%', '4:12.30%', '5:47.30%', '6:56.10%', '7:10.00%', '8:25.70%', '9:85.30%']
                                                                                              <-> Client 0, global : from 26.89% to 10.00%, local : from 14.20% to 95.00%, training time : 8200msec
                                                     Cluster 35, round 1, loss : 3.73, accuracy 10.00% <-
                                                     Time past : 8200msec
                                                     ['0:0.00%', '1:100.00%', '2:0.00%', '3:0.00%', '4:0.00%', '5:0.00%', '6:0.00%', '7:0.00%', '8:0.00%', '9:0.00%']
                                          0msec<-
                                          ->0msec
                                                     -> Cluster 87, loss : 1.96, accuracy 26.89%, model from round 63
                                                     ['0:18.60%', '1:12.30%', '2:0.10%', '3:1.20%', '4:12.30%', '5:47.30%', '6:56.10%', '7:10.00%', '8:25.70%', '9:85.30%']
                                                                                              <-> Client 0, global : from 26.89% to 13.92%, local : from 50.50% to 95.59%, training time : 16200msec
                                                     Cluster 87, round 1, loss : 4.07, accuracy 13.92% <-
                                                     Time past : 16200msec
                                                     ['0:14.40%', '1:1.50%', '2:0.00%', '3:0.00%', '4:0.00%', '5:99.70%', '6:0.00%', '7:0.50%', '8:14.10%', '9:9.00%']
                                          0msec<-
                                          ->0msec
                                                     -> Cluster 80, loss : 1.96, accuracy 26.89%, model from round 63
                                                     ['0:18.60%', '1:12.30%', '2:0.10%', '3:1.20%', '4:12.30%', '5:47.30%', '6:56.10%', '7:10.00%', '8:25.70%', '9:85.30%']
                                                                                              <-> Client 0, global : from 26.89% to 11.86%, local : from 49.00% to 95.20%, training time : 16200msec
                                                     Cluster 80, round 1, loss : 4.38, accuracy 11.86% <-
                                                     Time past : 16200msec
                                                     ['0:0.00%', '1:5.90%', '2:0.00%', '3:0.00%', '4:0.00%', '5:99.80%', '6:0.00%', '7:0.00%', '8:8.70%', '9:4.20%']
                                          0msec<-
                                          ->0msec
                                                     -> Cluster 43, loss : 1.96, accuracy 26.89%, model from round 63
                                                     ['0:18.60%', '1:12.30%', '2:0.10%', '3:1.20%', '4:12.30%', '5:47.30%', '6:56.10%', '7:10.00%', '8:25.70%', '9:85.30%']
                                                                                              <-> Client 0, global : from 26.89% to 10.52%, local : from 1.20% to 95.20%, training time : 8200msec
                                                     Cluster 43, round 1, loss : 3.89, accuracy 10.52% <-
                                                     Time past : 8200msec
                                                     ['0:0.00%', '1:0.00%', '2:99.90%', '3:0.00%', '4:0.00%', '5:0.00%', '6:0.00%', '7:0.00%', '8:5.30%', '9:0.00%']
                                          0msec<-
                                          ->0msec
                                                     -> Cluster 34, loss : 1.96, accuracy 26.89%, model from round 63
                                                     ['0:18.60%', '1:12.30%', '2:0.10%', '3:1.20%', '4:12.30%', '5:47.30%', '6:56.10%', '7:10.00%', '8:25.70%', '9:85.30%']
                                                                                              <-> Client 0, global : from 26.89% to 10.16%, local : from 15.80% to 95.00%, training time : 8200msec
                                                     Cluster 34, round 1, loss : 3.36, accuracy 10.16% <-
                                                     Time past : 8200msec
                                                     ['0:0.00%', '1:99.90%', '2:0.00%', '3:0.00%', '4:1.10%', '5:0.40%', '6:0.10%', '7:0.10%', '8:0.00%', '9:0.00%']
                                          0msec<-
                                          ->0msec
                                                     -> Cluster 76, loss : 1.96, accuracy 26.89%, model from round 63
                                                     ['0:18.60%', '1:12.30%', '2:0.10%', '3:1.20%', '4:12.30%', '5:47.30%', '6:56.10%', '7:10.00%', '8:25.70%', '9:85.30%']
                                                                                              <-> Client 0, global : from 26.89% to 12.85%, local : from 1.80% to 95.40%, training time : 16200msec
                                                     Cluster 76, round 1, loss : 3.97, accuracy 12.85% <-
                                                     Time past : 16200msec
                                                     ['0:0.00%', '1:1.70%', '2:0.00%', '3:99.70%', '4:0.00%', '5:0.00%', '6:0.00%', '7:0.10%', '8:24.80%', '9:2.20%']
                                          0msec<-
Central server round 63, loss : 1.87, accuracy :32.34%
Time past: 1020600msec
['0:45.70%', '1:53.40%', '2:1.30%', '3:44.90%', '4:35.00%', '5:41.10%', '6:9.00%', '7:17.10%', '8:28.40%', '9:47.50%']
                                          ->0msec
                                                     -> Cluster 44, loss : 1.87, accuracy 32.34%, model from round 64
                                                     ['0:45.70%', '1:53.40%', '2:1.30%', '3:44.90%', '4:35.00%', '5:41.10%', '6:9.00%', '7:17.10%', '8:28.40%', '9:47.50%']
                                                                                              <-> Client 0, global : from 32.34% to 10.04%, local : from 3.00% to 95.00%, training time : 8200msec
                                                     Cluster 44, round 1, loss : 4.35, accuracy 10.04% <-
                                                     Time past : 8200msec
                                                     ['0:0.00%', '1:0.00%', '2:100.00%', '3:0.00%', '4:0.00%', '5:0.00%', '6:0.00%', '7:0.00%', '8:0.40%', '9:0.00%']
                                          0msec<-
                                          ->0msec
                                                     -> Cluster 9, loss : 1.87, accuracy 32.34%, model from round 64
                                                     ['0:45.70%', '1:53.40%', '2:1.30%', '3:44.90%', '4:35.00%', '5:41.10%', '6:9.00%', '7:17.10%', '8:28.40%', '9:47.50%']
                                                                                              <-> Client 0, global : from 32.34% to 13.18%, local : from 10.60% to 95.40%, training time : 8200msec
                                                     Cluster 9, round 1, loss : 4.46, accuracy 13.18% <-
                                                     Time past : 8200msec
                                                     ['0:18.60%', '1:3.00%', '2:0.00%', '3:0.00%', '4:0.00%', '5:0.00%', '6:99.90%', '7:0.00%', '8:7.80%', '9:2.50%']
                                          0msec<-
                                          ->0msec
                                                     -> Cluster 11, loss : 1.87, accuracy 32.34%, model from round 64
                                                     ['0:45.70%', '1:53.40%', '2:1.30%', '3:44.90%', '4:35.00%', '5:41.10%', '6:9.00%', '7:17.10%', '8:28.40%', '9:47.50%']
                                                                                              <-> Client 0, global : from 32.34% to 10.14%, local : from 41.32% to 94.81%, training time : 8200msec
                                                     Cluster 11, round 1, loss : 4.25, accuracy 10.14% <-
                                                     Time past : 8200msec
                                                     ['0:0.00%', '1:0.00%', '2:0.00%', '3:0.10%', '4:0.00%', '5:0.00%', '6:1.20%', '7:0.10%', '8:0.00%', '9:100.00%']
                                          0msec<-
                                          ->0msec
                                                     -> Cluster 92, loss : 1.87, accuracy 32.34%, model from round 64
                                                     ['0:45.70%', '1:53.40%', '2:1.30%', '3:44.90%', '4:35.00%', '5:41.10%', '6:9.00%', '7:17.10%', '8:28.40%', '9:47.50%']
                                                                                              <-> Client 0, global : from 32.34% to 10.23%, local : from 40.00% to 95.00%, training time : 16200msec
                                                     Cluster 92, round 1, loss : 3.99, accuracy 10.23% <-
                                                     Time past : 16200msec
                                                     ['0:100.00%', '1:0.00%', '2:0.00%', '3:0.00%', '4:0.00%', '5:0.00%', '6:2.30%', '7:0.00%', '8:0.00%', '9:0.00%']
                                          0msec<-
                                          ->0msec
                                                     -> Cluster 13, loss : 1.87, accuracy 32.34%, model from round 64
                                                     ['0:45.70%', '1:53.40%', '2:1.30%', '3:44.90%', '4:35.00%', '5:41.10%', '6:9.00%', '7:17.10%', '8:28.40%', '9:47.50%']
                                                                                              <-> Client 0, global : from 32.34% to 10.23%, local : from 46.40% to 95.00%, training time : 8200msec
                                                     Cluster 13, round 1, loss : 3.96, accuracy 10.23% <-
                                                     Time past : 8200msec
                                                     ['0:0.00%', '1:0.00%', '2:0.00%', '3:0.20%', '4:0.00%', '5:2.20%', '6:0.00%', '7:0.00%', '8:0.00%', '9:99.90%']
                                          0msec<-
                                          ->0msec
                                                     -> Cluster 38, loss : 1.87, accuracy 32.34%, model from round 64
                                                     ['0:45.70%', '1:53.40%', '2:1.30%', '3:44.90%', '4:35.00%', '5:41.10%', '6:9.00%', '7:17.10%', '8:28.40%', '9:47.50%']
                                                                                              <-> Client 0, global : from 32.34% to 10.10%, local : from 51.00% to 95.20%, training time : 8200msec
                                                     Cluster 38, round 1, loss : 4.29, accuracy 10.10% <-
                                                     Time past : 8200msec
                                                     ['0:0.00%', '1:100.00%', '2:0.00%', '3:0.00%', '4:0.00%', '5:1.00%', '6:0.00%', '7:0.00%', '8:0.00%', '9:0.00%']
                                          0msec<-
                                          ->0msec
                                                     -> Cluster 40, loss : 1.87, accuracy 32.34%, model from round 64
                                                     ['0:45.70%', '1:53.40%', '2:1.30%', '3:44.90%', '4:35.00%', '5:41.10%', '6:9.00%', '7:17.10%', '8:28.40%', '9:47.50%']
                                                                                              <-> Client 0, global : from 32.34% to 10.01%, local : from 2.00% to 94.81%, training time : 8200msec
                                                     Cluster 40, round 1, loss : 3.76, accuracy 10.01% <-
                                                     Time past : 8200msec
                                                     ['0:0.00%', '1:0.00%', '2:100.00%', '3:0.00%', '4:0.00%', '5:0.00%', '6:0.00%', '7:0.00%', '8:0.00%', '9:0.10%']
                                          0msec<-
                                          ->0msec
                                                     -> Cluster 31, loss : 1.87, accuracy 32.34%, model from round 64
                                                     ['0:45.70%', '1:53.40%', '2:1.30%', '3:44.90%', '4:35.00%', '5:41.10%', '6:9.00%', '7:17.10%', '8:28.40%', '9:47.50%']
                                                                                              <-> Client 0, global : from 32.34% to 10.06%, local : from 51.70% to 94.81%, training time : 8200msec
                                                     Cluster 31, round 1, loss : 4.23, accuracy 10.06% <-
                                                     Time past : 8200msec
                                                     ['0:0.00%', '1:99.90%', '2:0.00%', '3:0.00%', '4:0.00%', '5:0.00%', '6:0.00%', '7:0.70%', '8:0.00%', '9:0.00%']
                                          0msec<-
                                          ->0msec
                                                     -> Cluster 34, loss : 1.87, accuracy 32.34%, model from round 64
                                                     ['0:45.70%', '1:53.40%', '2:1.30%', '3:44.90%', '4:35.00%', '5:41.10%', '6:9.00%', '7:17.10%', '8:28.40%', '9:47.50%']
                                                                                              <-> Client 0, global : from 32.34% to 10.00%, local : from 50.80% to 95.00%, training time : 8200msec
                                                     Cluster 34, round 1, loss : 4.28, accuracy 10.00% <-
                                                     Time past : 8200msec
                                                     ['0:0.00%', '1:100.00%', '2:0.00%', '3:0.00%', '4:0.00%', '5:0.00%', '6:0.00%', '7:0.00%', '8:0.00%', '9:0.00%']
                                          0msec<-
                                          ->0msec
                                                     -> Cluster 67, loss : 1.87, accuracy 32.34%, model from round 64
                                                     ['0:45.70%', '1:53.40%', '2:1.30%', '3:44.90%', '4:35.00%', '5:41.10%', '6:9.00%', '7:17.10%', '8:28.40%', '9:47.50%']
                                                                                              <-> Client 0, global : from 32.34% to 12.95%, local : from 32.60% to 95.20%, training time : 16200msec
                                                     Cluster 67, round 1, loss : 3.64, accuracy 12.95% <-
                                                     Time past : 16200msec
                                                     ['0:0.00%', '1:0.60%', '2:1.20%', '3:0.60%', '4:0.00%', '5:0.00%', '6:24.10%', '7:3.00%', '8:100.00%', '9:0.00%']
                                          0msec<-
Central server round 64, loss : 1.90, accuracy :31.44%
Time past: 1036800msec
['0:34.50%', '1:64.10%', '2:40.10%', '3:5.10%', '4:0.10%', '5:8.60%', '6:63.40%', '7:14.50%', '8:36.50%', '9:47.50%']
                                          ->0msec
                                                     -> Cluster 35, loss : 1.90, accuracy 31.44%, model from round 65
                                                     ['0:34.50%', '1:64.10%', '2:40.10%', '3:5.10%', '4:0.10%', '5:8.60%', '6:63.40%', '7:14.50%', '8:36.50%', '9:47.50%']
                                                                                              <-> Client 0, global : from 31.44% to 10.61%, local : from 59.20% to 94.80%, training time : 8200msec
                                                     Cluster 35, round 1, loss : 3.10, accuracy 10.61% <-
                                                     Time past : 8200msec
                                                     ['0:0.10%', '1:99.80%', '2:0.00%', '3:0.00%', '4:6.10%', '5:0.00%', '6:0.10%', '7:0.00%', '8:0.00%', '9:0.00%']
                                          0msec<-
                                          ->0msec
                                                     -> Cluster 1, loss : 1.90, accuracy 31.44%, model from round 65
                                                     ['0:34.50%', '1:64.10%', '2:40.10%', '3:5.10%', '4:0.10%', '5:8.60%', '6:63.40%', '7:14.50%', '8:36.50%', '9:47.50%']
                                                                                              <-> Client 0, global : from 31.44% to 13.41%, local : from 61.08% to 95.21%, training time : 8200msec
                                                     Cluster 1, round 1, loss : 4.14, accuracy 13.41% <-
                                                     Time past : 8200msec
                                                     ['0:2.90%', '1:1.40%', '2:0.00%', '3:0.00%', '4:0.00%', '5:0.00%', '6:100.00%', '7:0.00%', '8:27.50%', '9:2.30%']
                                          0msec<-
                                          ->0msec
                                                     -> Cluster 65, loss : 1.90, accuracy 31.44%, model from round 65
                                                     ['0:34.50%', '1:64.10%', '2:40.10%', '3:5.10%', '4:0.10%', '5:8.60%', '6:63.40%', '7:14.50%', '8:36.50%', '9:47.50%']
                                                                                              <-> Client 0, global : from 31.44% to 13.22%, local : from 35.80% to 95.40%, training time : 16200msec
                                                     Cluster 65, round 1, loss : 3.71, accuracy 13.22% <-
                                                     Time past : 16200msec
                                                     ['0:0.00%', '1:0.00%', '2:0.00%', '3:0.00%', '4:0.00%', '5:3.90%', '6:17.40%', '7:10.90%', '8:100.00%', '9:0.00%']
                                          0msec<-
                                          ->0msec
                                                     -> Cluster 41, loss : 1.90, accuracy 31.44%, model from round 65
                                                     ['0:34.50%', '1:64.10%', '2:40.10%', '3:5.10%', '4:0.10%', '5:8.60%', '6:63.40%', '7:14.50%', '8:36.50%', '9:47.50%']
                                                                                              <-> Client 0, global : from 31.44% to 11.10%, local : from 38.92% to 94.61%, training time : 8200msec
                                                     Cluster 41, round 1, loss : 3.52, accuracy 11.10% <-
                                                     Time past : 8200msec
                                                     ['0:0.00%', '1:0.00%', '2:99.80%', '3:0.00%', '4:0.00%', '5:0.00%', '6:0.00%', '7:0.00%', '8:10.30%', '9:0.90%']
                                          0msec<-
                                          ->0msec
                                                     -> Cluster 14, loss : 1.90, accuracy 31.44%, model from round 65
                                                     ['0:34.50%', '1:64.10%', '2:40.10%', '3:5.10%', '4:0.10%', '5:8.60%', '6:63.40%', '7:14.50%', '8:36.50%', '9:47.50%']
                                                                                              <-> Client 0, global : from 31.44% to 10.26%, local : from 43.60% to 95.00%, training time : 8200msec
                                                     Cluster 14, round 1, loss : 4.27, accuracy 10.26% <-
                                                     Time past : 8200msec
                                                     ['0:0.10%', '1:0.00%', '2:0.00%', '3:0.00%', '4:1.90%', '5:0.60%', '6:0.00%', '7:0.00%', '8:0.00%', '9:100.00%']
                                          0msec<-
                                          ->0msec
                                                     -> Cluster 45, loss : 1.90, accuracy 31.44%, model from round 65
                                                     ['0:34.50%', '1:64.10%', '2:40.10%', '3:5.10%', '4:0.10%', '5:8.60%', '6:63.40%', '7:14.50%', '8:36.50%', '9:47.50%']
                                                                                              <-> Client 0, global : from 31.44% to 10.25%, local : from 40.20% to 95.20%, training time : 8200msec
                                                     Cluster 45, round 1, loss : 3.76, accuracy 10.25% <-
                                                     Time past : 8200msec
                                                     ['0:0.00%', '1:2.70%', '2:99.80%', '3:0.00%', '4:0.00%', '5:0.00%', '6:0.00%', '7:0.00%', '8:0.00%', '9:0.00%']
                                          0msec<-
                                          ->0msec
                                                     -> Cluster 82, loss : 1.90, accuracy 31.44%, model from round 65
                                                     ['0:34.50%', '1:64.10%', '2:40.10%', '3:5.10%', '4:0.10%', '5:8.60%', '6:63.40%', '7:14.50%', '8:36.50%', '9:47.50%']
                                                                                              <-> Client 0, global : from 31.44% to 13.06%, local : from 8.20% to 95.40%, training time : 16200msec
                                                     Cluster 82, round 1, loss : 3.88, accuracy 13.06% <-
                                                     Time past : 16200msec
                                                     ['0:7.70%', '1:0.00%', '2:0.00%', '3:0.00%', '4:0.00%', '5:99.90%', '6:0.00%', '7:0.20%', '8:22.60%', '9:0.20%']
                                          0msec<-
                                          ->0msec
                                                     -> Cluster 92, loss : 1.90, accuracy 31.44%, model from round 65
                                                     ['0:34.50%', '1:64.10%', '2:40.10%', '3:5.10%', '4:0.10%', '5:8.60%', '6:63.40%', '7:14.50%', '8:36.50%', '9:47.50%']
                                                                                              <-> Client 0, global : from 31.44% to 10.48%, local : from 30.00% to 95.20%, training time : 16200msec
                                                     Cluster 92, round 1, loss : 3.89, accuracy 10.48% <-
                                                     Time past : 16200msec
                                                     ['0:99.80%', '1:0.00%', '2:0.00%', '3:0.00%', '4:0.40%', '5:0.00%', '6:4.60%', '7:0.00%', '8:0.00%', '9:0.00%']
                                          0msec<-
                                          ->0msec
                                                     -> Cluster 16, loss : 1.90, accuracy 31.44%, model from round 65
                                                     ['0:34.50%', '1:64.10%', '2:40.10%', '3:5.10%', '4:0.10%', '5:8.60%', '6:63.40%', '7:14.50%', '8:36.50%', '9:47.50%']
                                                                                              <-> Client 0, global : from 31.44% to 10.21%, local : from 48.00% to 95.00%, training time : 8200msec
                                                     Cluster 16, round 1, loss : 3.89, accuracy 10.21% <-
                                                     Time past : 8200msec
                                                     ['0:0.00%', '1:0.00%', '2:0.00%', '3:0.80%', '4:0.00%', '5:0.20%', '6:1.20%', '7:0.00%', '8:0.00%', '9:99.90%']
                                          0msec<-
                                          ->0msec
                                                     -> Cluster 77, loss : 1.90, accuracy 31.44%, model from round 65
                                                     ['0:34.50%', '1:64.10%', '2:40.10%', '3:5.10%', '4:0.10%', '5:8.60%', '6:63.40%', '7:14.50%', '8:36.50%', '9:47.50%']
                                                                                              <-> Client 0, global : from 31.44% to 11.41%, local : from 7.00% to 95.40%, training time : 16200msec
                                                     Cluster 77, round 1, loss : 4.56, accuracy 11.41% <-
                                                     Time past : 16200msec
                                                     ['0:0.10%', '1:0.50%', '2:0.00%', '3:99.90%', '4:0.00%', '5:0.00%', '6:0.00%', '7:0.00%', '8:13.60%', '9:0.00%']
                                          0msec<-
Central server round 65, loss : 1.87, accuracy :33.51%
Time past: 1053000msec
['0:45.70%', '1:29.40%', '2:38.10%', '3:4.90%', '4:0.90%', '5:26.20%', '6:66.20%', '7:10.30%', '8:57.00%', '9:56.40%']
                                          ->0msec
                                                     -> Cluster 6, loss : 1.87, accuracy 33.51%, model from round 66
                                                     ['0:45.70%', '1:29.40%', '2:38.10%', '3:4.90%', '4:0.90%', '5:26.20%', '6:66.20%', '7:10.30%', '8:57.00%', '9:56.40%']
                                                                                              <-> Client 0, global : from 33.51% to 18.15%, local : from 61.00% to 95.60%, training time : 8200msec
                                                     Cluster 6, round 1, loss : 2.75, accuracy 18.15% <-
                                                     Time past : 8200msec
                                                     ['0:42.50%', '1:14.00%', '2:0.00%', '3:0.00%', '4:0.00%', '5:1.00%', '6:99.90%', '7:3.50%', '8:7.10%', '9:13.50%']
                                          0msec<-
                                          ->0msec
                                                     -> Cluster 76, loss : 1.87, accuracy 33.51%, model from round 66
                                                     ['0:45.70%', '1:29.40%', '2:38.10%', '3:4.90%', '4:0.90%', '5:26.20%', '6:66.20%', '7:10.30%', '8:57.00%', '9:56.40%']
                                                                                              <-> Client 0, global : from 33.51% to 14.45%, local : from 5.80% to 95.40%, training time : 16200msec
                                                     Cluster 76, round 1, loss : 3.48, accuracy 14.45% <-
                                                     Time past : 16200msec
                                                     ['0:0.20%', '1:4.90%', '2:0.00%', '3:99.30%', '4:0.00%', '5:0.00%', '6:0.00%', '7:0.60%', '8:36.10%', '9:3.40%']
                                          0msec<-
                                          ->0msec
                                                     -> Cluster 65, loss : 1.87, accuracy 33.51%, model from round 66
                                                     ['0:45.70%', '1:29.40%', '2:38.10%', '3:4.90%', '4:0.90%', '5:26.20%', '6:66.20%', '7:10.30%', '8:57.00%', '9:56.40%']
                                                                                              <-> Client 0, global : from 33.51% to 13.26%, local : from 53.60% to 95.40%, training time : 16200msec
                                                     Cluster 65, round 1, loss : 3.85, accuracy 13.26% <-
                                                     Time past : 16200msec
                                                     ['0:0.00%', '1:0.00%', '2:0.10%', '3:0.00%', '4:0.70%', '5:8.30%', '6:15.80%', '7:7.70%', '8:100.00%', '9:0.00%']
                                          0msec<-
                                          ->0msec
                                                     -> Cluster 14, loss : 1.87, accuracy 33.51%, model from round 66
                                                     ['0:45.70%', '1:29.40%', '2:38.10%', '3:4.90%', '4:0.90%', '5:26.20%', '6:66.20%', '7:10.30%', '8:57.00%', '9:56.40%']
                                                                                              <-> Client 0, global : from 33.51% to 10.28%, local : from 52.00% to 95.00%, training time : 8200msec
                                                     Cluster 14, round 1, loss : 4.24, accuracy 10.28% <-
                                                     Time past : 8200msec
                                                     ['0:0.00%', '1:0.00%', '2:0.00%', '3:0.00%', '4:1.60%', '5:1.20%', '6:0.00%', '7:0.00%', '8:0.00%', '9:100.00%']
                                          0msec<-
                                          ->0msec
                                                     -> Cluster 22, loss : 1.87, accuracy 33.51%, model from round 66
                                                     ['0:45.70%', '1:29.40%', '2:38.10%', '3:4.90%', '4:0.90%', '5:26.20%', '6:66.20%', '7:10.30%', '8:57.00%', '9:56.40%']
                                                                                              <-> Client 0, global : from 33.51% to 11.55%, local : from 4.00% to 94.80%, training time : 8200msec
                                                     Cluster 22, round 1, loss : 3.70, accuracy 11.55% <-
                                                     Time past : 8200msec
                                                     ['0:0.00%', '1:0.30%', '2:0.00%', '3:0.00%', '4:99.90%', '5:0.00%', '6:0.00%', '7:0.00%', '8:11.10%', '9:4.20%']
                                          0msec<-
                                          ->0msec
                                                     -> Cluster 30, loss : 1.87, accuracy 33.51%, model from round 66
                                                     ['0:45.70%', '1:29.40%', '2:38.10%', '3:4.90%', '4:0.90%', '5:26.20%', '6:66.20%', '7:10.30%', '8:57.00%', '9:56.40%']
                                                                                              <-> Client 0, global : from 33.51% to 10.06%, local : from 30.74% to 94.81%, training time : 8200msec
                                                     Cluster 30, round 1, loss : 3.53, accuracy 10.06% <-
                                                     Time past : 8200msec
                                                     ['0:0.00%', '1:100.00%', '2:0.00%', '3:0.00%', '4:0.00%', '5:0.50%', '6:0.00%', '7:0.10%', '8:0.00%', '9:0.00%']
                                          0msec<-
                                          ->0msec
                                                     -> Cluster 27, loss : 1.87, accuracy 33.51%, model from round 66
                                                     ['0:45.70%', '1:29.40%', '2:38.10%', '3:4.90%', '4:0.90%', '5:26.20%', '6:66.20%', '7:10.30%', '8:57.00%', '9:56.40%']
                                                                                              <-> Client 0, global : from 33.51% to 11.33%, local : from 3.40% to 95.00%, training time : 8200msec
                                                     Cluster 27, round 1, loss : 3.51, accuracy 11.33% <-
                                                     Time past : 8200msec
                                                     ['0:0.00%', '1:4.70%', '2:0.00%', '3:0.00%', '4:99.90%', '5:0.00%', '6:0.00%', '7:0.00%', '8:3.60%', '9:5.10%']
                                          0msec<-
                                          ->0msec
                                                     -> Cluster 55, loss : 1.87, accuracy 33.51%, model from round 66
                                                     ['0:45.70%', '1:29.40%', '2:38.10%', '3:4.90%', '4:0.90%', '5:26.20%', '6:66.20%', '7:10.30%', '8:57.00%', '9:56.40%']
                                                                                              <-> Client 0, global : from 33.51% to 10.17%, local : from 11.80% to 95.20%, training time : 16200msec
                                                     Cluster 55, round 1, loss : 4.80, accuracy 10.17% <-
                                                     Time past : 16200msec
                                                     ['0:0.40%', '1:0.30%', '2:0.00%', '3:0.00%', '4:0.00%', '5:0.00%', '6:0.00%', '7:100.00%', '8:0.50%', '9:0.50%']
                                          0msec<-
                                          ->0msec
                                                     -> Cluster 35, loss : 1.87, accuracy 33.51%, model from round 66
                                                     ['0:45.70%', '1:29.40%', '2:38.10%', '3:4.90%', '4:0.90%', '5:26.20%', '6:66.20%', '7:10.30%', '8:57.00%', '9:56.40%']
                                                                                              <-> Client 0, global : from 33.51% to 10.00%, local : from 29.80% to 95.00%, training time : 8200msec
                                                     Cluster 35, round 1, loss : 4.39, accuracy 10.00% <-
                                                     Time past : 8200msec
                                                     ['0:0.00%', '1:100.00%', '2:0.00%', '3:0.00%', '4:0.00%', '5:0.00%', '6:0.00%', '7:0.00%', '8:0.00%', '9:0.00%']
                                          0msec<-
                                          ->0msec
                                                     -> Cluster 69, loss : 1.87, accuracy 33.51%, model from round 66
                                                     ['0:45.70%', '1:29.40%', '2:38.10%', '3:4.90%', '4:0.90%', '5:26.20%', '6:66.20%', '7:10.30%', '8:57.00%', '9:56.40%']
                                                                                              <-> Client 0, global : from 33.51% to 13.89%, local : from 58.40% to 96.20%, training time : 16200msec
                                                     Cluster 69, round 1, loss : 3.89, accuracy 13.89% <-
                                                     Time past : 16200msec
                                                     ['0:0.00%', '1:0.00%', '2:2.10%', '3:0.10%', '4:8.30%', '5:0.00%', '6:26.90%', '7:1.50%', '8:100.00%', '9:0.00%']
                                          0msec<-
Central server round 66, loss : 1.87, accuracy :32.33%
Time past: 1069200msec
['0:15.30%', '1:53.70%', '2:0.30%', '3:9.50%', '4:59.60%', '5:14.90%', '6:30.80%', '7:30.40%', '8:66.40%', '9:42.40%']
                                          ->0msec
                                                     -> Cluster 83, loss : 1.87, accuracy 32.33%, model from round 67
                                                     ['0:15.30%', '1:53.70%', '2:0.30%', '3:9.50%', '4:59.60%', '5:14.90%', '6:30.80%', '7:30.40%', '8:66.40%', '9:42.40%']
                                                                                              <-> Client 0, global : from 32.33% to 11.43%, local : from 15.43% to 95.19%, training time : 16200msec
                                                     Cluster 83, round 1, loss : 3.81, accuracy 11.43% <-
                                                     Time past : 16200msec
                                                     ['0:3.40%', '1:1.50%', '2:0.00%', '3:0.00%', '4:0.00%', '5:100.00%', '6:0.00%', '7:0.00%', '8:9.40%', '9:0.00%']
                                          0msec<-
                                          ->0msec
                                                     -> Cluster 69, loss : 1.87, accuracy 32.33%, model from round 67
                                                     ['0:15.30%', '1:53.70%', '2:0.30%', '3:9.50%', '4:59.60%', '5:14.90%', '6:30.80%', '7:30.40%', '8:66.40%', '9:42.40%']
                                                                                              <-> Client 0, global : from 32.33% to 15.52%, local : from 67.80% to 95.80%, training time : 16200msec
                                                     Cluster 69, round 1, loss : 3.38, accuracy 15.52% <-
                                                     Time past : 16200msec
                                                     ['0:0.00%', '1:0.10%', '2:0.40%', '3:0.00%', '4:12.80%', '5:0.00%', '6:39.20%', '7:3.10%', '8:99.50%', '9:0.10%']
                                          0msec<-
                                          ->0msec
                                                     -> Cluster 46, loss : 1.87, accuracy 32.33%, model from round 67
                                                     ['0:15.30%', '1:53.70%', '2:0.30%', '3:9.50%', '4:59.60%', '5:14.90%', '6:30.80%', '7:30.40%', '8:66.40%', '9:42.40%']
                                                                                              <-> Client 0, global : from 32.33% to 10.05%, local : from 1.80% to 95.00%, training time : 8200msec
                                                     Cluster 46, round 1, loss : 4.06, accuracy 10.05% <-
                                                     Time past : 8200msec
                                                     ['0:0.00%', '1:0.00%', '2:100.00%', '3:0.00%', '4:0.00%', '5:0.00%', '6:0.00%', '7:0.00%', '8:0.30%', '9:0.20%']
                                          0msec<-
                                          ->0msec
                                                     -> Cluster 71, loss : 1.87, accuracy 32.33%, model from round 67
                                                     ['0:15.30%', '1:53.70%', '2:0.30%', '3:9.50%', '4:59.60%', '5:14.90%', '6:30.80%', '7:30.40%', '8:66.40%', '9:42.40%']
                                                                                              <-> Client 0, global : from 32.33% to 13.67%, local : from 12.80% to 96.00%, training time : 16200msec
                                                     Cluster 71, round 1, loss : 3.65, accuracy 13.67% <-
                                                     Time past : 16200msec
                                                     ['0:1.50%', '1:4.40%', '2:0.00%', '3:99.70%', '4:0.00%', '5:0.00%', '6:0.00%', '7:0.10%', '8:11.80%', '9:19.20%']
                                          0msec<-
                                          ->0msec
                                                     -> Cluster 92, loss : 1.87, accuracy 32.33%, model from round 67
                                                     ['0:15.30%', '1:53.70%', '2:0.30%', '3:9.50%', '4:59.60%', '5:14.90%', '6:30.80%', '7:30.40%', '8:66.40%', '9:42.40%']
                                                                                              <-> Client 0, global : from 32.33% to 11.10%, local : from 15.80% to 95.20%, training time : 16200msec
                                                     Cluster 92, round 1, loss : 3.65, accuracy 11.10% <-
                                                     Time past : 16200msec
                                                     ['0:99.70%', '1:0.00%', '2:0.00%', '3:0.00%', '4:0.40%', '5:0.00%', '6:10.90%', '7:0.00%', '8:0.00%', '9:0.00%']
                                          0msec<-
                                          ->0msec
                                                     -> Cluster 64, loss : 1.87, accuracy 32.33%, model from round 67
                                                     ['0:15.30%', '1:53.70%', '2:0.30%', '3:9.50%', '4:59.60%', '5:14.90%', '6:30.80%', '7:30.40%', '8:66.40%', '9:42.40%']
                                                                                              <-> Client 0, global : from 32.33% to 11.98%, local : from 69.20% to 95.40%, training time : 16200msec
                                                     Cluster 64, round 1, loss : 3.66, accuracy 11.98% <-
                                                     Time past : 16200msec
                                                     ['0:0.00%', '1:0.00%', '2:0.00%', '3:0.00%', '4:11.60%', '5:0.00%', '6:1.10%', '7:7.10%', '8:100.00%', '9:0.00%']
                                          0msec<-
                                          ->0msec
                                                     -> Cluster 87, loss : 1.87, accuracy 32.33%, model from round 67
                                                     ['0:15.30%', '1:53.70%', '2:0.30%', '3:9.50%', '4:59.60%', '5:14.90%', '6:30.80%', '7:30.40%', '8:66.40%', '9:42.40%']
                                                                                              <-> Client 0, global : from 32.33% to 15.74%, local : from 17.23% to 96.39%, training time : 16200msec
                                                     Cluster 87, round 1, loss : 3.71, accuracy 15.74% <-
                                                     Time past : 16200msec
                                                     ['0:18.20%', '1:3.20%', '2:0.00%', '3:0.00%', '4:0.00%', '5:99.20%', '6:0.00%', '7:2.00%', '8:19.90%', '9:14.90%']
                                          0msec<-
                                          ->0msec
                                                     -> Cluster 74, loss : 1.87, accuracy 32.33%, model from round 67
                                                     ['0:15.30%', '1:53.70%', '2:0.30%', '3:9.50%', '4:59.60%', '5:14.90%', '6:30.80%', '7:30.40%', '8:66.40%', '9:42.40%']
                                                                                              <-> Client 0, global : from 32.33% to 10.62%, local : from 8.80% to 95.20%, training time : 16200msec
                                                     Cluster 74, round 1, loss : 4.38, accuracy 10.62% <-
                                                     Time past : 16200msec
                                                     ['0:0.00%', '1:0.00%', '2:0.00%', '3:100.00%', '4:0.00%', '5:0.00%', '6:0.00%', '7:0.00%', '8:6.10%', '9:0.10%']
                                          0msec<-
                                          ->0msec
                                                     -> Cluster 3, loss : 1.87, accuracy 32.33%, model from round 67
                                                     ['0:15.30%', '1:53.70%', '2:0.30%', '3:9.50%', '4:59.60%', '5:14.90%', '6:30.80%', '7:30.40%', '8:66.40%', '9:42.40%']
                                                                                              <-> Client 0, global : from 32.33% to 18.52%, local : from 30.60% to 95.20%, training time : 8200msec
                                                     Cluster 3, round 1, loss : 3.03, accuracy 18.52% <-
                                                     Time past : 8200msec
                                                     ['0:9.00%', '1:13.90%', '2:0.00%', '3:0.00%', '4:0.00%', '5:0.40%', '6:99.60%', '7:0.60%', '8:57.70%', '9:4.00%']
                                          0msec<-
                                          ->0msec
                                                     -> Cluster 79, loss : 1.87, accuracy 32.33%, model from round 67
                                                     ['0:15.30%', '1:53.70%', '2:0.30%', '3:9.50%', '4:59.60%', '5:14.90%', '6:30.80%', '7:30.40%', '8:66.40%', '9:42.40%']
                                                                                              <-> Client 0, global : from 32.33% to 11.45%, local : from 8.60% to 95.20%, training time : 16200msec
                                                     Cluster 79, round 1, loss : 3.91, accuracy 11.45% <-
                                                     Time past : 16200msec
                                                     ['0:4.80%', '1:2.20%', '2:0.00%', '3:99.90%', '4:0.00%', '5:0.00%', '6:0.00%', '7:0.10%', '8:7.50%', '9:0.00%']
                                          0msec<-
Central server round 67, loss : 1.89, accuracy :30.99%
Time past: 1085400msec
['0:42.80%', '1:22.80%', '2:1.60%', '3:62.80%', '4:5.20%', '5:14.50%', '6:41.50%', '7:22.10%', '8:73.90%', '9:22.70%']
                                          ->0msec
                                                     -> Cluster 37, loss : 1.89, accuracy 30.99%, model from round 68
                                                     ['0:42.80%', '1:22.80%', '2:1.60%', '3:62.80%', '4:5.20%', '5:14.50%', '6:41.50%', '7:22.10%', '8:73.90%', '9:22.70%']
                                                                                              <-> Client 0, global : from 30.99% to 10.10%, local : from 21.40% to 95.20%, training time : 8200msec
                                                     Cluster 37, round 1, loss : 3.67, accuracy 10.10% <-
                                                     Time past : 8200msec
                                                     ['0:0.00%', '1:100.00%', '2:0.00%', '3:0.00%', '4:0.10%', '5:0.70%', '6:0.00%', '7:0.20%', '8:0.00%', '9:0.00%']
                                          0msec<-
                                          ->0msec
                                                     -> Cluster 20, loss : 1.89, accuracy 30.99%, model from round 68
                                                     ['0:42.80%', '1:22.80%', '2:1.60%', '3:62.80%', '4:5.20%', '5:14.50%', '6:41.50%', '7:22.10%', '8:73.90%', '9:22.70%']
                                                                                              <-> Client 0, global : from 30.99% to 12.33%, local : from 5.79% to 95.21%, training time : 8200msec
                                                     Cluster 20, round 1, loss : 3.70, accuracy 12.33% <-
                                                     Time past : 8200msec
                                                     ['0:0.00%', '1:0.40%', '2:0.00%', '3:0.00%', '4:99.40%', '5:0.10%', '6:0.00%', '7:0.00%', '8:23.20%', '9:0.20%']
                                          0msec<-
                                          ->0msec
                                                     -> Cluster 19, loss : 1.89, accuracy 30.99%, model from round 68
                                                     ['0:42.80%', '1:22.80%', '2:1.60%', '3:62.80%', '4:5.20%', '5:14.50%', '6:41.50%', '7:22.10%', '8:73.90%', '9:22.70%']
                                                                                              <-> Client 0, global : from 30.99% to 10.14%, local : from 23.80% to 95.00%, training time : 8200msec
                                                     Cluster 19, round 1, loss : 3.90, accuracy 10.14% <-
                                                     Time past : 8200msec
                                                     ['0:0.10%', '1:0.00%', '2:0.00%', '3:0.20%', '4:0.00%', '5:1.10%', '6:0.00%', '7:0.00%', '8:0.00%', '9:100.00%']
                                          0msec<-
                                          ->0msec
                                                     -> Cluster 48, loss : 1.89, accuracy 30.99%, model from round 68
                                                     ['0:42.80%', '1:22.80%', '2:1.60%', '3:62.80%', '4:5.20%', '5:14.50%', '6:41.50%', '7:22.10%', '8:73.90%', '9:22.70%']
                                                                                              <-> Client 0, global : from 30.99% to 10.03%, local : from 3.40% to 95.00%, training time : 8200msec
                                                     Cluster 48, round 1, loss : 4.12, accuracy 10.03% <-
                                                     Time past : 8200msec
                                                     ['0:0.00%', '1:0.10%', '2:99.90%', '3:0.00%', '4:0.00%', '5:0.00%', '6:0.00%', '7:0.00%', '8:0.00%', '9:0.30%']
                                          0msec<-
                                          ->0msec
                                                     -> Cluster 56, loss : 1.89, accuracy 30.99%, model from round 68
                                                     ['0:42.80%', '1:22.80%', '2:1.60%', '3:62.80%', '4:5.20%', '5:14.50%', '6:41.50%', '7:22.10%', '8:73.90%', '9:22.70%']
                                                                                              <-> Client 0, global : from 30.99% to 11.56%, local : from 18.40% to 95.20%, training time : 16200msec
                                                     Cluster 56, round 1, loss : 4.12, accuracy 11.56% <-
                                                     Time past : 16200msec
                                                     ['0:0.00%', '1:0.10%', '2:0.00%', '3:0.00%', '4:0.00%', '5:0.00%', '6:0.00%', '7:99.50%', '8:15.70%', '9:0.30%']
                                          0msec<-
                                          ->0msec
                                                     -> Cluster 51, loss : 1.89, accuracy 30.99%, model from round 68
                                                     ['0:42.80%', '1:22.80%', '2:1.60%', '3:62.80%', '4:5.20%', '5:14.50%', '6:41.50%', '7:22.10%', '8:73.90%', '9:22.70%']
                                                                                              <-> Client 0, global : from 30.99% to 12.41%, local : from 20.36% to 95.01%, training time : 16200msec
                                                     Cluster 51, round 1, loss : 4.16, accuracy 12.41% <-
                                                     Time past : 16200msec
                                                     ['0:5.60%', '1:0.60%', '2:0.00%', '3:0.10%', '4:0.00%', '5:0.00%', '6:0.00%', '7:99.40%', '8:18.40%', '9:0.00%']
                                          0msec<-
                                          ->0msec
                                                     -> Cluster 15, loss : 1.89, accuracy 30.99%, model from round 68
                                                     ['0:42.80%', '1:22.80%', '2:1.60%', '3:62.80%', '4:5.20%', '5:14.50%', '6:41.50%', '7:22.10%', '8:73.90%', '9:22.70%']
                                                                                              <-> Client 0, global : from 30.99% to 13.54%, local : from 26.40% to 95.60%, training time : 8200msec
                                                     Cluster 15, round 1, loss : 3.10, accuracy 13.54% <-
                                                     Time past : 8200msec
                                                     ['0:0.30%', '1:0.00%', '2:0.00%', '3:0.30%', '4:7.90%', '5:10.00%', '6:15.90%', '7:1.40%', '8:0.00%', '9:99.60%']
                                          0msec<-
                                          ->0msec
                                                     -> Cluster 76, loss : 1.89, accuracy 30.99%, model from round 68
                                                     ['0:42.80%', '1:22.80%', '2:1.60%', '3:62.80%', '4:5.20%', '5:14.50%', '6:41.50%', '7:22.10%', '8:73.90%', '9:22.70%']
                                                                                              <-> Client 0, global : from 30.99% to 12.56%, local : from 60.40% to 95.60%, training time : 16200msec
                                                     Cluster 76, round 1, loss : 3.98, accuracy 12.56% <-
                                                     Time past : 16200msec
                                                     ['0:0.20%', '1:2.10%', '2:0.00%', '3:99.70%', '4:0.00%', '5:0.00%', '6:0.00%', '7:0.20%', '8:21.50%', '9:1.90%']
                                          0msec<-
                                          ->0msec
                                                     -> Cluster 18, loss : 1.89, accuracy 30.99%, model from round 68
                                                     ['0:42.80%', '1:22.80%', '2:1.60%', '3:62.80%', '4:5.20%', '5:14.50%', '6:41.50%', '7:22.10%', '8:73.90%', '9:22.70%']
                                                                                              <-> Client 0, global : from 30.99% to 10.63%, local : from 21.60% to 95.00%, training time : 8200msec
                                                     Cluster 18, round 1, loss : 3.52, accuracy 10.63% <-
                                                     Time past : 8200msec
                                                     ['0:0.00%', '1:0.00%', '2:0.40%', '3:1.90%', '4:1.00%', '5:2.70%', '6:0.00%', '7:0.50%', '8:0.00%', '9:99.80%']
                                          0msec<-
                                          ->0msec
                                                     -> Cluster 34, loss : 1.89, accuracy 30.99%, model from round 68
                                                     ['0:42.80%', '1:22.80%', '2:1.60%', '3:62.80%', '4:5.20%', '5:14.50%', '6:41.50%', '7:22.10%', '8:73.90%', '9:22.70%']
                                                                                              <-> Client 0, global : from 30.99% to 10.07%, local : from 25.80% to 95.00%, training time : 8200msec
                                                     Cluster 34, round 1, loss : 3.58, accuracy 10.07% <-
                                                     Time past : 8200msec
                                                     ['0:0.00%', '1:100.00%', '2:0.00%', '3:0.00%', '4:0.30%', '5:0.30%', '6:0.00%', '7:0.10%', '8:0.00%', '9:0.00%']
                                          0msec<-
Central server round 68, loss : 1.88, accuracy :31.03%
Time past: 1101600msec
['0:25.20%', '1:40.70%', '2:3.20%', '3:24.80%', '4:10.60%', '5:13.10%', '6:27.90%', '7:64.30%', '8:31.80%', '9:68.70%']
                                          ->0msec
                                                     -> Cluster 35, loss : 1.88, accuracy 31.03%, model from round 69
                                                     ['0:25.20%', '1:40.70%', '2:3.20%', '3:24.80%', '4:10.60%', '5:13.10%', '6:27.90%', '7:64.30%', '8:31.80%', '9:68.70%']
                                                                                              <-> Client 0, global : from 31.03% to 10.35%, local : from 41.00% to 95.00%, training time : 8200msec
                                                     Cluster 35, round 1, loss : 3.23, accuracy 10.35% <-
                                                     Time past : 8200msec
                                                     ['0:0.10%', '1:99.90%', '2:0.00%', '3:0.00%', '4:2.10%', '5:0.00%', '6:1.40%', '7:0.00%', '8:0.00%', '9:0.00%']
                                          0msec<-
                                          ->0msec
                                                     -> Cluster 47, loss : 1.88, accuracy 31.03%, model from round 69
                                                     ['0:25.20%', '1:40.70%', '2:3.20%', '3:24.80%', '4:10.60%', '5:13.10%', '6:27.90%', '7:64.30%', '8:31.80%', '9:68.70%']
                                                                                              <-> Client 0, global : from 31.03% to 10.06%, local : from 4.80% to 95.00%, training time : 8200msec
                                                     Cluster 47, round 1, loss : 3.83, accuracy 10.06% <-
                                                     Time past : 8200msec
                                                     ['0:0.00%', '1:0.60%', '2:99.90%', '3:0.00%', '4:0.00%', '5:0.00%', '6:0.00%', '7:0.00%', '8:0.00%', '9:0.10%']
                                          0msec<-
                                          ->0msec
                                                     -> Cluster 52, loss : 1.88, accuracy 31.03%, model from round 69
                                                     ['0:25.20%', '1:40.70%', '2:3.20%', '3:24.80%', '4:10.60%', '5:13.10%', '6:27.90%', '7:64.30%', '8:31.80%', '9:68.70%']
                                                                                              <-> Client 0, global : from 31.03% to 12.81%, local : from 63.40% to 95.20%, training time : 16200msec
                                                     Cluster 52, round 1, loss : 3.79, accuracy 12.81% <-
                                                     Time past : 16200msec
                                                     ['0:11.40%', '1:0.70%', '2:0.00%', '3:0.10%', '4:0.00%', '5:0.00%', '6:0.00%', '7:99.80%', '8:15.70%', '9:0.40%']
                                          0msec<-
                                          ->0msec
                                                     -> Cluster 51, loss : 1.88, accuracy 31.03%, model from round 69
                                                     ['0:25.20%', '1:40.70%', '2:3.20%', '3:24.80%', '4:10.60%', '5:13.10%', '6:27.90%', '7:64.30%', '8:31.80%', '9:68.70%']
                                                                                              <-> Client 0, global : from 31.03% to 13.48%, local : from 61.88% to 95.21%, training time : 16200msec
                                                     Cluster 51, round 1, loss : 3.78, accuracy 13.48% <-
                                                     Time past : 16200msec
                                                     ['0:7.30%', '1:2.50%', '2:0.00%', '3:0.10%', '4:0.00%', '5:0.00%', '6:0.00%', '7:99.20%', '8:25.40%', '9:0.30%']
                                          0msec<-
                                          ->0msec
                                                     -> Cluster 77, loss : 1.88, accuracy 31.03%, model from round 69
                                                     ['0:25.20%', '1:40.70%', '2:3.20%', '3:24.80%', '4:10.60%', '5:13.10%', '6:27.90%', '7:64.30%', '8:31.80%', '9:68.70%']
                                                                                              <-> Client 0, global : from 31.03% to 13.80%, local : from 24.80% to 96.00%, training time : 16200msec
                                                     Cluster 77, round 1, loss : 3.67, accuracy 13.80% <-
                                                     Time past : 16200msec
                                                     ['0:0.50%', '1:5.40%', '2:0.00%', '3:99.40%', '4:0.10%', '5:0.00%', '6:0.00%', '7:0.60%', '8:32.00%', '9:0.00%']
                                          0msec<-
                                          ->0msec
                                                     -> Cluster 59, loss : 1.88, accuracy 31.03%, model from round 69
                                                     ['0:25.20%', '1:40.70%', '2:3.20%', '3:24.80%', '4:10.60%', '5:13.10%', '6:27.90%', '7:64.30%', '8:31.80%', '9:68.70%']
                                                                                              <-> Client 0, global : from 31.03% to 11.99%, local : from 62.20% to 95.20%, training time : 16200msec
                                                     Cluster 59, round 1, loss : 3.94, accuracy 11.99% <-
                                                     Time past : 16200msec
                                                     ['0:7.60%', '1:1.10%', '2:0.00%', '3:0.10%', '4:0.00%', '5:0.00%', '6:0.00%', '7:99.90%', '8:11.20%', '9:0.00%']
                                          0msec<-
                                          ->0msec
                                                     -> Cluster 6, loss : 1.88, accuracy 31.03%, model from round 69
                                                     ['0:25.20%', '1:40.70%', '2:3.20%', '3:24.80%', '4:10.60%', '5:13.10%', '6:27.90%', '7:64.30%', '8:31.80%', '9:68.70%']
                                                                                              <-> Client 0, global : from 31.03% to 14.41%, local : from 26.60% to 94.80%, training time : 8200msec
                                                     Cluster 6, round 1, loss : 3.56, accuracy 14.41% <-
                                                     Time past : 8200msec
                                                     ['0:23.30%', '1:4.80%', '2:0.00%', '3:0.00%', '4:0.00%', '5:0.00%', '6:100.00%', '7:0.40%', '8:6.20%', '9:9.40%']
                                          0msec<-
                                          ->0msec
                                                     -> Cluster 12, loss : 1.88, accuracy 31.03%, model from round 69
                                                     ['0:25.20%', '1:40.70%', '2:3.20%', '3:24.80%', '4:10.60%', '5:13.10%', '6:27.90%', '7:64.30%', '8:31.80%', '9:68.70%']
                                                                                              <-> Client 0, global : from 31.03% to 11.42%, local : from 68.60% to 95.60%, training time : 8200msec
                                                     Cluster 12, round 1, loss : 3.38, accuracy 11.42% <-
                                                     Time past : 8200msec
                                                     ['0:2.40%', '1:0.00%', '2:0.00%', '3:0.00%', '4:5.90%', '5:5.70%', '6:0.00%', '7:0.50%', '8:0.00%', '9:99.70%']
                                          0msec<-
                                          ->0msec
                                                     -> Cluster 60, loss : 1.88, accuracy 31.03%, model from round 69
                                                     ['0:25.20%', '1:40.70%', '2:3.20%', '3:24.80%', '4:10.60%', '5:13.10%', '6:27.90%', '7:64.30%', '8:31.80%', '9:68.70%']
                                                                                              <-> Client 0, global : from 31.03% to 10.71%, local : from 28.34% to 94.81%, training time : 16200msec
                                                     Cluster 60, round 1, loss : 3.84, accuracy 10.71% <-
                                                     Time past : 16200msec
                                                     ['0:0.00%', '1:0.00%', '2:0.00%', '3:0.00%', '4:0.00%', '5:0.00%', '6:2.20%', '7:4.90%', '8:100.00%', '9:0.00%']
                                          0msec<-
                                          ->0msec
                                                     -> Cluster 99, loss : 1.88, accuracy 31.03%, model from round 69
                                                     ['0:25.20%', '1:40.70%', '2:3.20%', '3:24.80%', '4:10.60%', '5:13.10%', '6:27.90%', '7:64.30%', '8:31.80%', '9:68.70%']
                                                                                              <-> Client 0, global : from 31.03% to 10.03%, local : from 27.25% to 95.19%, training time : 16200msec
                                                     Cluster 99, round 1, loss : 3.99, accuracy 10.03% <-
                                                     Time past : 16200msec
                                                     ['0:100.00%', '1:0.00%', '2:0.00%', '3:0.00%', '4:0.00%', '5:0.30%', '6:0.00%', '7:0.00%', '8:0.00%', '9:0.00%']
                                          0msec<-
Central server round 69, loss : 1.92, accuracy :28.41%
Time past: 1117800msec
['0:52.30%', '1:44.20%', '2:0.30%', '3:13.60%', '4:0.00%', '5:3.20%', '6:20.40%', '7:85.20%', '8:40.70%', '9:24.20%']
                                          ->0msec
                                                     -> Cluster 79, loss : 1.92, accuracy 28.41%, model from round 70
                                                     ['0:52.30%', '1:44.20%', '2:0.30%', '3:13.60%', '4:0.00%', '5:3.20%', '6:20.40%', '7:85.20%', '8:40.70%', '9:24.20%']
                                                                                              <-> Client 0, global : from 28.41% to 10.56%, local : from 15.40% to 95.40%, training time : 16200msec
                                                     Cluster 79, round 1, loss : 4.00, accuracy 10.56% <-
                                                     Time past : 16200msec
                                                     ['0:1.60%', '1:2.20%', '2:0.00%', '3:100.00%', '4:0.00%', '5:0.00%', '6:0.00%', '7:0.10%', '8:1.70%', '9:0.00%']
                                          0msec<-
                                          ->0msec
                                                     -> Cluster 30, loss : 1.92, accuracy 28.41%, model from round 70
                                                     ['0:52.30%', '1:44.20%', '2:0.30%', '3:13.60%', '4:0.00%', '5:3.20%', '6:20.40%', '7:85.20%', '8:40.70%', '9:24.20%']
                                                                                              <-> Client 0, global : from 28.41% to 10.10%, local : from 44.31% to 95.01%, training time : 8200msec
                                                     Cluster 30, round 1, loss : 3.68, accuracy 10.10% <-
                                                     Time past : 8200msec
                                                     ['0:0.00%', '1:100.00%', '2:0.00%', '3:0.00%', '4:0.00%', '5:0.90%', '6:0.00%', '7:0.10%', '8:0.00%', '9:0.00%']
                                          0msec<-
                                          ->0msec
                                                     -> Cluster 13, loss : 1.92, accuracy 28.41%, model from round 70
                                                     ['0:52.30%', '1:44.20%', '2:0.30%', '3:13.60%', '4:0.00%', '5:3.20%', '6:20.40%', '7:85.20%', '8:40.70%', '9:24.20%']
                                                                                              <-> Client 0, global : from 28.41% to 10.91%, local : from 24.20% to 95.00%, training time : 8200msec
                                                     Cluster 13, round 1, loss : 3.49, accuracy 10.91% <-
                                                     Time past : 8200msec
                                                     ['0:0.10%', '1:0.00%', '2:0.00%', '3:0.50%', '4:1.40%', '5:6.80%', '6:0.10%', '7:0.40%', '8:0.00%', '9:99.80%']
                                          0msec<-
                                          ->0msec
                                                     -> Cluster 71, loss : 1.92, accuracy 28.41%, model from round 70
                                                     ['0:52.30%', '1:44.20%', '2:0.30%', '3:13.60%', '4:0.00%', '5:3.20%', '6:20.40%', '7:85.20%', '8:40.70%', '9:24.20%']
                                                                                              <-> Client 0, global : from 28.41% to 12.52%, local : from 18.40% to 95.80%, training time : 16200msec
                                                     Cluster 71, round 1, loss : 4.03, accuracy 12.52% <-
                                                     Time past : 16200msec
                                                     ['0:1.20%', '1:1.60%', '2:0.00%', '3:99.80%', '4:0.00%', '5:0.00%', '6:0.00%', '7:0.10%', '8:7.90%', '9:14.60%']
                                          0msec<-
                                          ->0msec
                                                     -> Cluster 45, loss : 1.92, accuracy 28.41%, model from round 70
                                                     ['0:52.30%', '1:44.20%', '2:0.30%', '3:13.60%', '4:0.00%', '5:3.20%', '6:20.40%', '7:85.20%', '8:40.70%', '9:24.20%']
                                                                                              <-> Client 0, global : from 28.41% to 10.09%, local : from 1.40% to 95.20%, training time : 8200msec
                                                     Cluster 45, round 1, loss : 4.19, accuracy 10.09% <-
                                                     Time past : 8200msec
                                                     ['0:0.00%', '1:1.00%', '2:99.90%', '3:0.00%', '4:0.00%', '5:0.00%', '6:0.00%', '7:0.00%', '8:0.00%', '9:0.00%']
                                          0msec<-
                                          ->0msec
                                                     -> Cluster 20, loss : 1.92, accuracy 28.41%, model from round 70
                                                     ['0:52.30%', '1:44.20%', '2:0.30%', '3:13.60%', '4:0.00%', '5:3.20%', '6:20.40%', '7:85.20%', '8:40.70%', '9:24.20%']
                                                                                              <-> Client 0, global : from 28.41% to 10.87%, local : from 2.59% to 95.21%, training time : 8200msec
                                                     Cluster 20, round 1, loss : 4.01, accuracy 10.87% <-
                                                     Time past : 8200msec
                                                     ['0:0.00%', '1:0.40%', '2:0.00%', '3:0.00%', '4:99.90%', '5:0.00%', '6:0.00%', '7:0.00%', '8:8.00%', '9:0.40%']
                                          0msec<-
                                          ->0msec
                                                     -> Cluster 14, loss : 1.92, accuracy 28.41%, model from round 70
                                                     ['0:52.30%', '1:44.20%', '2:0.30%', '3:13.60%', '4:0.00%', '5:3.20%', '6:20.40%', '7:85.20%', '8:40.70%', '9:24.20%']
                                                                                              <-> Client 0, global : from 28.41% to 12.66%, local : from 21.60% to 95.60%, training time : 8200msec
                                                     Cluster 14, round 1, loss : 3.56, accuracy 12.66% <-
                                                     Time past : 8200msec
                                                     ['0:0.20%', '1:0.00%', '2:0.00%', '3:0.10%', '4:21.50%', '5:4.90%', '6:0.20%', '7:0.00%', '8:0.00%', '9:99.70%']
                                          0msec<-
                                          ->0msec
                                                     -> Cluster 99, loss : 1.92, accuracy 28.41%, model from round 70
                                                     ['0:52.30%', '1:44.20%', '2:0.30%', '3:13.60%', '4:0.00%', '5:3.20%', '6:20.40%', '7:85.20%', '8:40.70%', '9:24.20%']
                                                                                              <-> Client 0, global : from 28.41% to 10.07%, local : from 49.30% to 95.39%, training time : 16200msec
                                                     Cluster 99, round 1, loss : 3.92, accuracy 10.07% <-
                                                     Time past : 16200msec
                                                     ['0:100.00%', '1:0.00%', '2:0.00%', '3:0.00%', '4:0.00%', '5:0.70%', '6:0.00%', '7:0.00%', '8:0.00%', '9:0.00%']
                                          0msec<-
                                          ->0msec
                                                     -> Cluster 5, loss : 1.92, accuracy 28.41%, model from round 70
                                                     ['0:52.30%', '1:44.20%', '2:0.30%', '3:13.60%', '4:0.00%', '5:3.20%', '6:20.40%', '7:85.20%', '8:40.70%', '9:24.20%']
                                                                                              <-> Client 0, global : from 28.41% to 15.00%, local : from 19.00% to 95.20%, training time : 8200msec
                                                     Cluster 5, round 1, loss : 3.67, accuracy 15.00% <-
                                                     Time past : 8200msec
                                                     ['0:9.00%', '1:4.50%', '2:0.00%', '3:0.00%', '4:0.00%', '5:0.00%', '6:99.90%', '7:0.30%', '8:24.40%', '9:11.90%']
                                          0msec<-
                                          ->0msec
                                                     -> Cluster 90, loss : 1.92, accuracy 28.41%, model from round 70
                                                     ['0:52.30%', '1:44.20%', '2:0.30%', '3:13.60%', '4:0.00%', '5:3.20%', '6:20.40%', '7:85.20%', '8:40.70%', '9:24.20%']
                                                                                              <-> Client 0, global : from 28.41% to 10.46%, local : from 53.40% to 95.20%, training time : 16200msec
                                                     Cluster 90, round 1, loss : 3.95, accuracy 10.46% <-
                                                     Time past : 16200msec
                                                     ['0:100.00%', '1:0.00%', '2:0.00%', '3:0.00%', '4:0.00%', '5:0.00%', '6:4.20%', '7:0.00%', '8:0.00%', '9:0.40%']
                                          0msec<-
Central server round 70, loss : 1.84, accuracy :32.83%
Time past: 1134000msec
['0:68.40%', '1:34.20%', '2:8.30%', '3:47.20%', '4:16.60%', '5:12.60%', '6:54.10%', '7:16.90%', '8:11.60%', '9:58.40%']
                                          ->0msec
                                                     -> Cluster 96, loss : 1.84, accuracy 32.83%, model from round 71
                                                     ['0:68.40%', '1:34.20%', '2:8.30%', '3:47.20%', '4:16.60%', '5:12.60%', '6:54.10%', '7:16.90%', '8:11.60%', '9:58.40%']
                                                                                              <-> Client 0, global : from 32.83% to 10.36%, local : from 60.32% to 95.19%, training time : 16200msec
                                                     Cluster 96, round 1, loss : 3.56, accuracy 10.36% <-
                                                     Time past : 16200msec
                                                     ['0:99.90%', '1:0.30%', '2:0.00%', '3:0.00%', '4:0.00%', '5:2.70%', '6:0.00%', '7:0.00%', '8:0.00%', '9:0.70%']
                                          0msec<-
                                          ->0msec
                                                     -> Cluster 43, loss : 1.84, accuracy 32.83%, model from round 71
                                                     ['0:68.40%', '1:34.20%', '2:8.30%', '3:47.20%', '4:16.60%', '5:12.60%', '6:54.10%', '7:16.90%', '8:11.60%', '9:58.40%']
                                                                                              <-> Client 0, global : from 32.83% to 10.09%, local : from 10.80% to 95.00%, training time : 8200msec
                                                     Cluster 43, round 1, loss : 4.70, accuracy 10.09% <-
                                                     Time past : 8200msec
                                                     ['0:0.00%', '1:0.00%', '2:100.00%', '3:0.00%', '4:0.00%', '5:0.00%', '6:0.00%', '7:0.00%', '8:0.90%', '9:0.00%']
                                          0msec<-
                                          ->0msec
                                                     -> Cluster 56, loss : 1.84, accuracy 32.83%, model from round 71
                                                     ['0:68.40%', '1:34.20%', '2:8.30%', '3:47.20%', '4:16.60%', '5:12.60%', '6:54.10%', '7:16.90%', '8:11.60%', '9:58.40%']
                                                                                              <-> Client 0, global : from 32.83% to 13.13%, local : from 17.40% to 95.80%, training time : 16200msec
                                                     Cluster 56, round 1, loss : 3.56, accuracy 13.13% <-
                                                     Time past : 16200msec
                                                     ['0:0.00%', '1:1.00%', '2:0.00%', '3:0.10%', '4:0.00%', '5:0.00%', '6:0.00%', '7:99.10%', '8:28.70%', '9:2.40%']
                                          0msec<-
                                          ->0msec
                                                     -> Cluster 89, loss : 1.84, accuracy 32.83%, model from round 71
                                                     ['0:68.40%', '1:34.20%', '2:8.30%', '3:47.20%', '4:16.60%', '5:12.60%', '6:54.10%', '7:16.90%', '8:11.60%', '9:58.40%']
                                                                                              <-> Client 0, global : from 32.83% to 10.73%, local : from 13.23% to 95.59%, training time : 16200msec
                                                     Cluster 89, round 1, loss : 4.36, accuracy 10.73% <-
                                                     Time past : 16200msec
                                                     ['0:0.30%', '1:0.20%', '2:0.00%', '3:0.00%', '4:0.00%', '5:100.00%', '6:0.00%', '7:0.40%', '8:3.50%', '9:2.90%']
                                          0msec<-
                                          ->0msec
                                                     -> Cluster 30, loss : 1.84, accuracy 32.83%, model from round 71
                                                     ['0:68.40%', '1:34.20%', '2:8.30%', '3:47.20%', '4:16.60%', '5:12.60%', '6:54.10%', '7:16.90%', '8:11.60%', '9:58.40%']
                                                                                              <-> Client 0, global : from 32.83% to 10.15%, local : from 34.13% to 95.01%, training time : 8200msec
                                                     Cluster 30, round 1, loss : 3.59, accuracy 10.15% <-
                                                     Time past : 8200msec
                                                     ['0:0.00%', '1:100.00%', '2:0.00%', '3:0.00%', '4:0.00%', '5:1.10%', '6:0.00%', '7:0.40%', '8:0.00%', '9:0.00%']
                                          0msec<-
                                          ->0msec
                                                     -> Cluster 81, loss : 1.84, accuracy 32.83%, model from round 71
                                                     ['0:68.40%', '1:34.20%', '2:8.30%', '3:47.20%', '4:16.60%', '5:12.60%', '6:54.10%', '7:16.90%', '8:11.60%', '9:58.40%']
                                                                                              <-> Client 0, global : from 32.83% to 10.23%, local : from 14.20% to 95.20%, training time : 16200msec
                                                     Cluster 81, round 1, loss : 3.99, accuracy 10.23% <-
                                                     Time past : 16200msec
                                                     ['0:0.50%', '1:0.00%', '2:0.00%', '3:0.00%', '4:0.00%', '5:100.00%', '6:0.00%', '7:0.00%', '8:0.50%', '9:1.30%']
                                          0msec<-
                                          ->0msec
                                                     -> Cluster 78, loss : 1.84, accuracy 32.83%, model from round 71
                                                     ['0:68.40%', '1:34.20%', '2:8.30%', '3:47.20%', '4:16.60%', '5:12.60%', '6:54.10%', '7:16.90%', '8:11.60%', '9:58.40%']
                                                                                              <-> Client 0, global : from 32.83% to 11.77%, local : from 46.40% to 95.20%, training time : 16200msec
                                                     Cluster 78, round 1, loss : 4.28, accuracy 11.77% <-
                                                     Time past : 16200msec
                                                     ['0:4.10%', '1:0.00%', '2:0.00%', '3:99.90%', '4:0.00%', '5:0.00%', '6:0.00%', '7:0.10%', '8:9.20%', '9:4.40%']
                                          0msec<-
                                          ->0msec
                                                     -> Cluster 66, loss : 1.84, accuracy 32.83%, model from round 71
                                                     ['0:68.40%', '1:34.20%', '2:8.30%', '3:47.20%', '4:16.60%', '5:12.60%', '6:54.10%', '7:16.90%', '8:11.60%', '9:58.40%']
                                                                                              <-> Client 0, global : from 32.83% to 12.46%, local : from 13.00% to 95.60%, training time : 16200msec
                                                     Cluster 66, round 1, loss : 3.34, accuracy 12.46% <-
                                                     Time past : 16200msec
                                                     ['0:0.00%', '1:0.00%', '2:0.00%', '3:1.10%', '4:4.00%', '5:3.50%', '6:8.80%', '7:7.10%', '8:99.80%', '9:0.30%']
                                          0msec<-
                                          ->0msec
                                                     -> Cluster 18, loss : 1.84, accuracy 32.83%, model from round 71
                                                     ['0:68.40%', '1:34.20%', '2:8.30%', '3:47.20%', '4:16.60%', '5:12.60%', '6:54.10%', '7:16.90%', '8:11.60%', '9:58.40%']
                                                                                              <-> Client 0, global : from 32.83% to 10.55%, local : from 58.40% to 95.20%, training time : 8200msec
                                                     Cluster 18, round 1, loss : 3.65, accuracy 10.55% <-
                                                     Time past : 8200msec
                                                     ['0:0.00%', '1:0.00%', '2:0.20%', '3:1.30%', '4:1.00%', '5:2.60%', '6:0.00%', '7:0.60%', '8:0.00%', '9:99.80%']
                                          0msec<-
                                          ->0msec
                                                     -> Cluster 7, loss : 1.84, accuracy 32.83%, model from round 71
                                                     ['0:68.40%', '1:34.20%', '2:8.30%', '3:47.20%', '4:16.60%', '5:12.60%', '6:54.10%', '7:16.90%', '8:11.60%', '9:58.40%']
                                                                                              <-> Client 0, global : from 32.83% to 16.12%, local : from 49.60% to 95.60%, training time : 8200msec
                                                     Cluster 7, round 1, loss : 3.50, accuracy 16.12% <-
                                                     Time past : 8200msec
                                                     ['0:12.40%', '1:9.50%', '2:0.00%', '3:0.00%', '4:0.00%', '5:0.00%', '6:99.90%', '7:0.10%', '8:34.60%', '9:4.70%']
                                          0msec<-
Central server round 71, loss : 1.80, accuracy :34.48%
Time past: 1150200msec
['0:45.70%', '1:34.50%', '2:6.10%', '3:7.10%', '4:0.30%', '5:54.80%', '6:52.70%', '7:40.60%', '8:48.70%', '9:54.30%']
                                          ->0msec
                                                     -> Cluster 80, loss : 1.80, accuracy 34.48%, model from round 72
                                                     ['0:45.70%', '1:34.50%', '2:6.10%', '3:7.10%', '4:0.30%', '5:54.80%', '6:52.70%', '7:40.60%', '8:48.70%', '9:54.30%']
                                                                                              <-> Client 0, global : from 34.48% to 12.24%, local : from 59.20% to 95.40%, training time : 16200msec
                                                     Cluster 80, round 1, loss : 4.21, accuracy 12.24% <-
                                                     Time past : 16200msec
                                                     ['0:0.50%', '1:8.20%', '2:0.00%', '3:0.00%', '4:0.00%', '5:99.80%', '6:0.00%', '7:0.30%', '8:7.70%', '9:5.90%']
                                          0msec<-
                                          ->0msec
                                                     -> Cluster 22, loss : 1.80, accuracy 34.48%, model from round 72
                                                     ['0:45.70%', '1:34.50%', '2:6.10%', '3:7.10%', '4:0.30%', '5:54.80%', '6:52.70%', '7:40.60%', '8:48.70%', '9:54.30%']
                                                                                              <-> Client 0, global : from 34.48% to 11.68%, local : from 2.20% to 94.80%, training time : 8200msec
                                                     Cluster 22, round 1, loss : 3.55, accuracy 11.68% <-
                                                     Time past : 8200msec
                                                     ['0:0.10%', '1:0.80%', '2:0.00%', '3:0.00%', '4:99.80%', '5:0.00%', '6:0.00%', '7:0.00%', '8:10.20%', '9:5.90%']
                                          0msec<-
                                          ->0msec
                                                     -> Cluster 50, loss : 1.80, accuracy 34.48%, model from round 72
                                                     ['0:45.70%', '1:34.50%', '2:6.10%', '3:7.10%', '4:0.30%', '5:54.80%', '6:52.70%', '7:40.60%', '8:48.70%', '9:54.30%']
                                                                                              <-> Client 0, global : from 34.48% to 11.58%, local : from 42.32% to 95.21%, training time : 16200msec
                                                     Cluster 50, round 1, loss : 4.14, accuracy 11.58% <-
                                                     Time past : 16200msec
                                                     ['0:10.70%', '1:1.50%', '2:0.00%', '3:0.00%', '4:0.00%', '5:0.20%', '6:0.00%', '7:100.00%', '8:0.00%', '9:3.40%']
                                          0msec<-
                                          ->0msec
                                                     -> Cluster 91, loss : 1.80, accuracy 34.48%, model from round 72
                                                     ['0:45.70%', '1:34.50%', '2:6.10%', '3:7.10%', '4:0.30%', '5:54.80%', '6:52.70%', '7:40.60%', '8:48.70%', '9:54.30%']
                                                                                              <-> Client 0, global : from 34.48% to 10.01%, local : from 43.80% to 95.00%, training time : 16200msec
                                                     Cluster 91, round 1, loss : 4.55, accuracy 10.01% <-
                                                     Time past : 16200msec
                                                     ['0:100.00%', '1:0.10%', '2:0.00%', '3:0.00%', '4:0.00%', '5:0.00%', '6:0.00%', '7:0.00%', '8:0.00%', '9:0.00%']
                                          0msec<-
                                          ->0msec
                                                     -> Cluster 29, loss : 1.80, accuracy 34.48%, model from round 72
                                                     ['0:45.70%', '1:34.50%', '2:6.10%', '3:7.10%', '4:0.30%', '5:54.80%', '6:52.70%', '7:40.60%', '8:48.70%', '9:54.30%']
                                                                                              <-> Client 0, global : from 34.48% to 11.42%, local : from 2.00% to 95.00%, training time : 8200msec
                                                     Cluster 29, round 1, loss : 3.97, accuracy 11.42% <-
                                                     Time past : 8200msec
                                                     ['0:0.00%', '1:6.60%', '2:0.00%', '3:0.00%', '4:99.70%', '5:0.00%', '6:0.00%', '7:0.00%', '8:7.20%', '9:0.70%']
                                          0msec<-
                                          ->0msec
                                                     -> Cluster 12, loss : 1.80, accuracy 34.48%, model from round 72
                                                     ['0:45.70%', '1:34.50%', '2:6.10%', '3:7.10%', '4:0.30%', '5:54.80%', '6:52.70%', '7:40.60%', '8:48.70%', '9:54.30%']
                                                                                              <-> Client 0, global : from 34.48% to 10.43%, local : from 55.00% to 95.20%, training time : 8200msec
                                                     Cluster 12, round 1, loss : 4.00, accuracy 10.43% <-
                                                     Time past : 8200msec
                                                     ['0:0.10%', '1:0.00%', '2:0.00%', '3:0.00%', '4:1.30%', '5:2.90%', '6:0.00%', '7:0.20%', '8:0.00%', '9:99.80%']
                                          0msec<-
                                          ->0msec
                                                     -> Cluster 31, loss : 1.80, accuracy 34.48%, model from round 72
                                                     ['0:45.70%', '1:34.50%', '2:6.10%', '3:7.10%', '4:0.30%', '5:54.80%', '6:52.70%', '7:40.60%', '8:48.70%', '9:54.30%']
                                                                                              <-> Client 0, global : from 34.48% to 10.79%, local : from 32.53% to 95.41%, training time : 8200msec
                                                     Cluster 31, round 1, loss : 3.73, accuracy 10.79% <-
                                                     Time past : 8200msec
                                                     ['0:0.10%', '1:99.80%', '2:0.00%', '3:0.00%', '4:0.00%', '5:0.00%', '6:0.20%', '7:6.10%', '8:1.70%', '9:0.00%']
                                          0msec<-
                                          ->0msec
                                                     -> Cluster 42, loss : 1.80, accuracy 34.48%, model from round 72
                                                     ['0:45.70%', '1:34.50%', '2:6.10%', '3:7.10%', '4:0.30%', '5:54.80%', '6:52.70%', '7:40.60%', '8:48.70%', '9:54.30%']
                                                                                              <-> Client 0, global : from 34.48% to 10.24%, local : from 6.80% to 95.20%, training time : 8200msec
                                                     Cluster 42, round 1, loss : 4.50, accuracy 10.24% <-
                                                     Time past : 8200msec
                                                     ['0:0.00%', '1:0.00%', '2:99.90%', '3:0.00%', '4:0.00%', '5:0.00%', '6:0.00%', '7:0.00%', '8:0.00%', '9:2.50%']
                                          0msec<-
                                          ->0msec
                                                     -> Cluster 84, loss : 1.80, accuracy 34.48%, model from round 72
                                                     ['0:45.70%', '1:34.50%', '2:6.10%', '3:7.10%', '4:0.30%', '5:54.80%', '6:52.70%', '7:40.60%', '8:48.70%', '9:54.30%']
                                                                                              <-> Client 0, global : from 34.48% to 11.12%, local : from 57.92% to 95.39%, training time : 16200msec
                                                     Cluster 84, round 1, loss : 4.36, accuracy 11.12% <-
                                                     Time past : 16200msec
                                                     ['0:1.60%', '1:0.50%', '2:0.00%', '3:0.00%', '4:0.00%', '5:100.00%', '6:0.00%', '7:0.00%', '8:5.00%', '9:4.10%']
                                          0msec<-
                                          ->0msec
                                                     -> Cluster 86, loss : 1.80, accuracy 34.48%, model from round 72
                                                     ['0:45.70%', '1:34.50%', '2:6.10%', '3:7.10%', '4:0.30%', '5:54.80%', '6:52.70%', '7:40.60%', '8:48.70%', '9:54.30%']
                                                                                              <-> Client 0, global : from 34.48% to 13.96%, local : from 57.52% to 95.79%, training time : 16200msec
                                                     Cluster 86, round 1, loss : 3.59, accuracy 13.96% <-
                                                     Time past : 16200msec
                                                     ['0:0.80%', '1:4.20%', '2:0.00%', '3:0.00%', '4:0.00%', '5:99.70%', '6:0.00%', '7:0.20%', '8:18.60%', '9:16.10%']
                                          0msec<-
Central server round 72, loss : 1.91, accuracy :30.91%
Time past: 1166400msec
['0:44.00%', '1:47.20%', '2:0.00%', '3:0.00%', '4:35.00%', '5:77.90%', '6:7.60%', '7:27.60%', '8:17.50%', '9:52.30%']
                                          ->0msec
                                                     -> Cluster 34, loss : 1.91, accuracy 30.91%, model from round 73
                                                     ['0:44.00%', '1:47.20%', '2:0.00%', '3:0.00%', '4:35.00%', '5:77.90%', '6:7.60%', '7:27.60%', '8:17.50%', '9:52.30%']
                                                                                              <-> Client 0, global : from 30.91% to 10.07%, local : from 43.40% to 95.00%, training time : 8200msec
                                                     Cluster 34, round 1, loss : 3.91, accuracy 10.07% <-
                                                     Time past : 8200msec
                                                     ['0:0.00%', '1:100.00%', '2:0.00%', '3:0.00%', '4:0.30%', '5:0.40%', '6:0.00%', '7:0.00%', '8:0.00%', '9:0.00%']
                                          0msec<-
                                          ->0msec
                                                     -> Cluster 16, loss : 1.91, accuracy 30.91%, model from round 73
                                                     ['0:44.00%', '1:47.20%', '2:0.00%', '3:0.00%', '4:35.00%', '5:77.90%', '6:7.60%', '7:27.60%', '8:17.50%', '9:52.30%']
                                                                                              <-> Client 0, global : from 30.91% to 12.19%, local : from 54.60% to 95.00%, training time : 8200msec
                                                     Cluster 16, round 1, loss : 3.31, accuracy 12.19% <-
                                                     Time past : 8200msec
                                                     ['0:0.10%', '1:0.00%', '2:0.00%', '3:2.60%', '4:1.10%', '5:1.80%', '6:15.60%', '7:0.00%', '8:1.10%', '9:99.60%']
                                          0msec<-
                                          ->0msec
                                                     -> Cluster 19, loss : 1.91, accuracy 30.91%, model from round 73
                                                     ['0:44.00%', '1:47.20%', '2:0.00%', '3:0.00%', '4:35.00%', '5:77.90%', '6:7.60%', '7:27.60%', '8:17.50%', '9:52.30%']
                                                                                              <-> Client 0, global : from 30.91% to 10.43%, local : from 52.80% to 95.00%, training time : 8200msec
                                                     Cluster 19, round 1, loss : 3.67, accuracy 10.43% <-
                                                     Time past : 8200msec
                                                     ['0:0.20%', '1:0.00%', '2:0.00%', '3:0.20%', '4:0.00%', '5:3.60%', '6:0.40%', '7:0.00%', '8:0.10%', '9:99.80%']
                                          0msec<-
                                          ->0msec
                                                     -> Cluster 1, loss : 1.91, accuracy 30.91%, model from round 73
                                                     ['0:44.00%', '1:47.20%', '2:0.00%', '3:0.00%', '4:35.00%', '5:77.90%', '6:7.60%', '7:27.60%', '8:17.50%', '9:52.30%']
                                                                                              <-> Client 0, global : from 30.91% to 15.70%, local : from 7.98% to 95.61%, training time : 8200msec
                                                     Cluster 1, round 1, loss : 3.69, accuracy 15.70% <-
                                                     Time past : 8200msec
                                                     ['0:8.10%', '1:3.60%', '2:0.00%', '3:0.00%', '4:0.00%', '5:1.00%', '6:100.00%', '7:0.00%', '8:39.00%', '9:5.30%']
                                          0msec<-
                                          ->0msec
                                                     -> Cluster 48, loss : 1.91, accuracy 30.91%, model from round 73
                                                     ['0:44.00%', '1:47.20%', '2:0.00%', '3:0.00%', '4:35.00%', '5:77.90%', '6:7.60%', '7:27.60%', '8:17.50%', '9:52.30%']
                                                                                              <-> Client 0, global : from 30.91% to 10.02%, local : from 1.60% to 95.00%, training time : 8200msec
                                                     Cluster 48, round 1, loss : 4.62, accuracy 10.02% <-
                                                     Time past : 8200msec
                                                     ['0:0.00%', '1:0.10%', '2:99.90%', '3:0.00%', '4:0.00%', '5:0.00%', '6:0.00%', '7:0.00%', '8:0.00%', '9:0.20%']
                                          0msec<-
                                          ->0msec
                                                     -> Cluster 53, loss : 1.91, accuracy 30.91%, model from round 73
                                                     ['0:44.00%', '1:47.20%', '2:0.00%', '3:0.00%', '4:35.00%', '5:77.90%', '6:7.60%', '7:27.60%', '8:17.50%', '9:52.30%']
                                                                                              <-> Client 0, global : from 30.91% to 12.81%, local : from 28.60% to 95.60%, training time : 16200msec
                                                     Cluster 53, round 1, loss : 3.64, accuracy 12.81% <-
                                                     Time past : 16200msec
                                                     ['0:14.80%', '1:3.40%', '2:0.00%', '3:0.10%', '4:0.00%', '5:0.00%', '6:0.00%', '7:99.90%', '8:8.40%', '9:1.50%']
                                          0msec<-
                                          ->0msec
                                                     -> Cluster 13, loss : 1.91, accuracy 30.91%, model from round 73
                                                     ['0:44.00%', '1:47.20%', '2:0.00%', '3:0.00%', '4:35.00%', '5:77.90%', '6:7.60%', '7:27.60%', '8:17.50%', '9:52.30%']
                                                                                              <-> Client 0, global : from 30.91% to 11.27%, local : from 52.20% to 95.20%, training time : 8200msec
                                                     Cluster 13, round 1, loss : 3.25, accuracy 11.27% <-
                                                     Time past : 8200msec
                                                     ['0:0.80%', '1:0.00%', '2:0.10%', '3:0.40%', '4:3.10%', '5:7.90%', '6:0.30%', '7:0.40%', '8:0.00%', '9:99.70%']
                                          0msec<-
                                          ->0msec
                                                     -> Cluster 3, loss : 1.91, accuracy 30.91%, model from round 73
                                                     ['0:44.00%', '1:47.20%', '2:0.00%', '3:0.00%', '4:35.00%', '5:77.90%', '6:7.60%', '7:27.60%', '8:17.50%', '9:52.30%']
                                                                                              <-> Client 0, global : from 30.91% to 18.21%, local : from 8.40% to 95.60%, training time : 8200msec
                                                     Cluster 3, round 1, loss : 3.25, accuracy 18.21% <-
                                                     Time past : 8200msec
                                                     ['0:19.00%', '1:13.50%', '2:0.00%', '3:0.00%', '4:0.00%', '5:0.70%', '6:99.70%', '7:0.90%', '8:44.50%', '9:3.80%']
                                          0msec<-
                                          ->0msec
                                                     -> Cluster 83, loss : 1.91, accuracy 30.91%, model from round 73
                                                     ['0:44.00%', '1:47.20%', '2:0.00%', '3:0.00%', '4:35.00%', '5:77.90%', '6:7.60%', '7:27.60%', '8:17.50%', '9:52.30%']
                                                                                              <-> Client 0, global : from 30.91% to 10.64%, local : from 75.35% to 95.19%, training time : 16200msec
                                                     Cluster 83, round 1, loss : 4.32, accuracy 10.64% <-
                                                     Time past : 16200msec
                                                     ['0:2.30%', '1:1.40%', '2:0.00%', '3:0.00%', '4:0.00%', '5:100.00%', '6:0.00%', '7:0.00%', '8:2.70%', '9:0.00%']
                                          0msec<-
                                          ->0msec
                                                     -> Cluster 9, loss : 1.91, accuracy 30.91%, model from round 73
                                                     ['0:44.00%', '1:47.20%', '2:0.00%', '3:0.00%', '4:35.00%', '5:77.90%', '6:7.60%', '7:27.60%', '8:17.50%', '9:52.30%']
                                                                                              <-> Client 0, global : from 30.91% to 15.76%, local : from 9.60% to 96.60%, training time : 8200msec
                                                     Cluster 9, round 1, loss : 3.76, accuracy 15.76% <-
                                                     Time past : 8200msec
                                                     ['0:28.00%', '1:6.80%', '2:0.00%', '3:0.00%', '4:0.00%', '5:0.00%', '6:99.90%', '7:0.00%', '8:13.70%', '9:9.20%']
                                          0msec<-
Central server round 73, loss : 1.93, accuracy :30.74%
Time past: 1182600msec
['0:39.30%', '1:24.20%', '2:2.70%', '3:0.80%', '4:0.10%', '5:34.00%', '6:85.80%', '7:16.50%', '8:30.60%', '9:73.40%']
                                          ->0msec
                                                     -> Cluster 50, loss : 1.93, accuracy 30.74%, model from round 74
                                                     ['0:39.30%', '1:24.20%', '2:2.70%', '3:0.80%', '4:0.10%', '5:34.00%', '6:85.80%', '7:16.50%', '8:30.60%', '9:73.40%']
                                                                                              <-> Client 0, global : from 30.74% to 10.97%, local : from 15.97% to 95.01%, training time : 16200msec
                                                     Cluster 50, round 1, loss : 4.39, accuracy 10.97% <-
                                                     Time past : 16200msec
                                                     ['0:5.00%', '1:1.20%', '2:0.00%', '3:0.00%', '4:0.00%', '5:0.10%', '6:0.00%', '7:100.00%', '8:0.00%', '9:3.40%']
                                          0msec<-
                                          ->0msec
                                                     -> Cluster 81, loss : 1.93, accuracy 30.74%, model from round 74
                                                     ['0:39.30%', '1:24.20%', '2:2.70%', '3:0.80%', '4:0.10%', '5:34.00%', '6:85.80%', '7:16.50%', '8:30.60%', '9:73.40%']
                                                                                              <-> Client 0, global : from 30.74% to 10.15%, local : from 35.00% to 95.20%, training time : 16200msec
                                                     Cluster 81, round 1, loss : 4.38, accuracy 10.15% <-
                                                     Time past : 16200msec
                                                     ['0:0.10%', '1:0.10%', '2:0.00%', '3:0.00%', '4:0.00%', '5:100.00%', '6:0.00%', '7:0.00%', '8:0.00%', '9:1.30%']
                                          0msec<-
                                          ->0msec
                                                     -> Cluster 90, loss : 1.93, accuracy 30.74%, model from round 74
                                                     ['0:39.30%', '1:24.20%', '2:2.70%', '3:0.80%', '4:0.10%', '5:34.00%', '6:85.80%', '7:16.50%', '8:30.60%', '9:73.40%']
                                                                                              <-> Client 0, global : from 30.74% to 11.47%, local : from 42.00% to 95.40%, training time : 16200msec
                                                     Cluster 90, round 1, loss : 3.46, accuracy 11.47% <-
                                                     Time past : 16200msec
                                                     ['0:99.90%', '1:0.00%', '2:0.00%', '3:0.00%', '4:0.00%', '5:0.00%', '6:12.10%', '7:0.60%', '8:0.00%', '9:2.10%']
                                          0msec<-
                                          ->0msec
                                                     -> Cluster 94, loss : 1.93, accuracy 30.74%, model from round 74
                                                     ['0:39.30%', '1:24.20%', '2:2.70%', '3:0.80%', '4:0.10%', '5:34.00%', '6:85.80%', '7:16.50%', '8:30.60%', '9:73.40%']
                                                                                              <-> Client 0, global : from 30.74% to 10.08%, local : from 36.87% to 95.19%, training time : 16200msec
                                                     Cluster 94, round 1, loss : 3.69, accuracy 10.08% <-
                                                     Time past : 16200msec
                                                     ['0:100.00%', '1:0.00%', '2:0.00%', '3:0.00%', '4:0.00%', '5:0.40%', '6:0.30%', '7:0.10%', '8:0.00%', '9:0.00%']
                                          0msec<-
                                          ->0msec
                                                     -> Cluster 29, loss : 1.93, accuracy 30.74%, model from round 74
                                                     ['0:39.30%', '1:24.20%', '2:2.70%', '3:0.80%', '4:0.10%', '5:34.00%', '6:85.80%', '7:16.50%', '8:30.60%', '9:73.40%']
                                                                                              <-> Client 0, global : from 30.74% to 13.17%, local : from 1.60% to 95.00%, training time : 8200msec
                                                     Cluster 29, round 1, loss : 3.65, accuracy 13.17% <-
                                                     Time past : 8200msec
                                                     ['0:0.00%', '1:9.90%', '2:0.00%', '3:0.00%', '4:99.50%', '5:0.00%', '6:0.00%', '7:0.00%', '8:21.50%', '9:0.80%']
                                          0msec<-
                                          ->0msec
                                                     -> Cluster 68, loss : 1.93, accuracy 30.74%, model from round 74
                                                     ['0:39.30%', '1:24.20%', '2:2.70%', '3:0.80%', '4:0.10%', '5:34.00%', '6:85.80%', '7:16.50%', '8:30.60%', '9:73.40%']
                                                                                              <-> Client 0, global : from 30.74% to 12.68%, local : from 33.00% to 95.40%, training time : 16200msec
                                                     Cluster 68, round 1, loss : 3.53, accuracy 12.68% <-
                                                     Time past : 16200msec
                                                     ['0:0.00%', '1:0.00%', '2:0.00%', '3:0.10%', '4:0.00%', '5:0.00%', '6:22.10%', '7:4.70%', '8:99.90%', '9:0.00%']
                                          0msec<-
                                          ->0msec
                                                     -> Cluster 89, loss : 1.93, accuracy 30.74%, model from round 74
                                                     ['0:39.30%', '1:24.20%', '2:2.70%', '3:0.80%', '4:0.10%', '5:34.00%', '6:85.80%', '7:16.50%', '8:30.60%', '9:73.40%']
                                                                                              <-> Client 0, global : from 30.74% to 11.41%, local : from 32.06% to 95.99%, training time : 16200msec
                                                     Cluster 89, round 1, loss : 3.97, accuracy 11.41% <-
                                                     Time past : 16200msec
                                                     ['0:0.20%', '1:0.40%', '2:0.00%', '3:0.00%', '4:0.00%', '5:100.00%', '6:0.00%', '7:1.70%', '8:3.30%', '9:8.50%']
                                          0msec<-
                                          ->0msec
                                                     -> Cluster 0, loss : 1.93, accuracy 30.74%, model from round 74
                                                     ['0:39.30%', '1:24.20%', '2:2.70%', '3:0.80%', '4:0.10%', '5:34.00%', '6:85.80%', '7:16.50%', '8:30.60%', '9:73.40%']
                                                                                              <-> Client 0, global : from 30.74% to 15.82%, local : from 84.03% to 94.81%, training time : 8200msec
                                                     Cluster 0, round 1, loss : 3.11, accuracy 15.82% <-
                                                     Time past : 8200msec
                                                     ['0:14.50%', '1:11.80%', '2:0.00%', '3:0.00%', '4:0.00%', '5:1.50%', '6:99.90%', '7:0.00%', '8:21.10%', '9:9.40%']
                                          0msec<-
                                          ->0msec
                                                     -> Cluster 69, loss : 1.93, accuracy 30.74%, model from round 74
                                                     ['0:39.30%', '1:24.20%', '2:2.70%', '3:0.80%', '4:0.10%', '5:34.00%', '6:85.80%', '7:16.50%', '8:30.60%', '9:73.40%']
                                                                                              <-> Client 0, global : from 30.74% to 15.54%, local : from 33.20% to 96.40%, training time : 16200msec
                                                     Cluster 69, round 1, loss : 3.49, accuracy 15.54% <-
                                                     Time past : 16200msec
                                                     ['0:0.00%', '1:0.10%', '2:1.00%', '3:0.00%', '4:10.10%', '5:0.00%', '6:39.30%', '7:5.10%', '8:99.70%', '9:0.10%']
                                          0msec<-
                                          ->0msec
                                                     -> Cluster 31, loss : 1.93, accuracy 30.74%, model from round 74
                                                     ['0:39.30%', '1:24.20%', '2:2.70%', '3:0.80%', '4:0.10%', '5:34.00%', '6:85.80%', '7:16.50%', '8:30.60%', '9:73.40%']
                                                                                              <-> Client 0, global : from 30.74% to 11.45%, local : from 22.16% to 95.41%, training time : 8200msec
                                                     Cluster 31, round 1, loss : 3.62, accuracy 11.45% <-
                                                     Time past : 8200msec
                                                     ['0:2.10%', '1:99.80%', '2:0.00%', '3:0.10%', '4:0.00%', '5:0.00%', '6:1.10%', '7:6.80%', '8:4.60%', '9:0.00%']
                                          0msec<-
Central server round 74, loss : 1.84, accuracy :34.21%
Time past: 1198800msec
['0:53.30%', '1:37.20%', '2:0.20%', '3:0.00%', '4:5.80%', '5:53.90%', '6:59.10%', '7:43.40%', '8:63.40%', '9:25.80%']
                                          ->0msec
                                                     -> Cluster 65, loss : 1.84, accuracy 34.21%, model from round 75
                                                     ['0:53.30%', '1:37.20%', '2:0.20%', '3:0.00%', '4:5.80%', '5:53.90%', '6:59.10%', '7:43.40%', '8:63.40%', '9:25.80%']
                                                                                              <-> Client 0, global : from 34.21% to 16.79%, local : from 59.60% to 96.40%, training time : 16200msec
                                                     Cluster 65, round 1, loss : 3.15, accuracy 16.79% <-
                                                     Time past : 16200msec
                                                     ['0:0.00%', '1:0.00%', '2:0.10%', '3:0.00%', '4:11.50%', '5:13.20%', '6:21.70%', '7:21.40%', '8:99.70%', '9:0.30%']
                                          0msec<-
                                          ->0msec
                                                     -> Cluster 27, loss : 1.84, accuracy 34.21%, model from round 75
                                                     ['0:53.30%', '1:37.20%', '2:0.20%', '3:0.00%', '4:5.80%', '5:53.90%', '6:59.10%', '7:43.40%', '8:63.40%', '9:25.80%']
                                                                                              <-> Client 0, global : from 34.21% to 10.16%, local : from 6.80% to 95.00%, training time : 8200msec
                                                     Cluster 27, round 1, loss : 4.82, accuracy 10.16% <-
                                                     Time past : 8200msec
                                                     ['0:0.00%', '1:0.80%', '2:0.00%', '3:0.00%', '4:100.00%', '5:0.00%', '6:0.00%', '7:0.00%', '8:0.00%', '9:0.80%']
                                          0msec<-
                                          ->0msec
                                                     -> Cluster 54, loss : 1.84, accuracy 34.21%, model from round 75
                                                     ['0:53.30%', '1:37.20%', '2:0.20%', '3:0.00%', '4:5.80%', '5:53.90%', '6:59.10%', '7:43.40%', '8:63.40%', '9:25.80%']
                                                                                              <-> Client 0, global : from 34.21% to 12.48%, local : from 41.80% to 95.20%, training time : 16200msec
                                                     Cluster 54, round 1, loss : 3.61, accuracy 12.48% <-
                                                     Time past : 16200msec
                                                     ['0:10.90%', '1:0.90%', '2:0.00%', '3:0.10%', '4:0.00%', '5:0.30%', '6:1.10%', '7:100.00%', '8:11.50%', '9:0.00%']
                                          0msec<-
                                          ->0msec
                                                     -> Cluster 30, loss : 1.84, accuracy 34.21%, model from round 75
                                                     ['0:53.30%', '1:37.20%', '2:0.20%', '3:0.00%', '4:5.80%', '5:53.90%', '6:59.10%', '7:43.40%', '8:63.40%', '9:25.80%']
                                                                                              <-> Client 0, global : from 34.21% to 10.65%, local : from 37.72% to 95.21%, training time : 8200msec
                                                     Cluster 30, round 1, loss : 3.05, accuracy 10.65% <-
                                                     Time past : 8200msec
                                                     ['0:0.40%', '1:99.90%', '2:0.00%', '3:0.00%', '4:0.00%', '5:5.40%', '6:0.10%', '7:0.60%', '8:0.10%', '9:0.00%']
                                          0msec<-
                                          ->0msec
                                                     -> Cluster 5, loss : 1.84, accuracy 34.21%, model from round 75
                                                     ['0:53.30%', '1:37.20%', '2:0.20%', '3:0.00%', '4:5.80%', '5:53.90%', '6:59.10%', '7:43.40%', '8:63.40%', '9:25.80%']
                                                                                              <-> Client 0, global : from 34.21% to 13.83%, local : from 53.80% to 95.40%, training time : 8200msec
                                                     Cluster 5, round 1, loss : 3.94, accuracy 13.83% <-
                                                     Time past : 8200msec
                                                     ['0:6.60%', '1:3.30%', '2:0.00%', '3:0.00%', '4:0.00%', '5:0.00%', '6:100.00%', '7:0.00%', '8:18.40%', '9:10.00%']
                                          0msec<-
                                          ->0msec
                                                     -> Cluster 66, loss : 1.84, accuracy 34.21%, model from round 75
                                                     ['0:53.30%', '1:37.20%', '2:0.20%', '3:0.00%', '4:5.80%', '5:53.90%', '6:59.10%', '7:43.40%', '8:63.40%', '9:25.80%']
                                                                                              <-> Client 0, global : from 34.21% to 16.90%, local : from 64.20% to 96.00%, training time : 16200msec
                                                     Cluster 66, round 1, loss : 2.84, accuracy 16.90% <-
                                                     Time past : 16200msec
                                                     ['0:0.00%', '1:0.20%', '2:0.00%', '3:1.40%', '4:5.80%', '5:6.30%', '6:34.20%', '7:21.20%', '8:99.10%', '9:0.80%']
                                          0msec<-
                                          ->0msec
                                                     -> Cluster 92, loss : 1.84, accuracy 34.21%, model from round 75
                                                     ['0:53.30%', '1:37.20%', '2:0.20%', '3:0.00%', '4:5.80%', '5:53.90%', '6:59.10%', '7:43.40%', '8:63.40%', '9:25.80%']
                                                                                              <-> Client 0, global : from 34.21% to 10.08%, local : from 46.40% to 95.00%, training time : 16200msec
                                                     Cluster 92, round 1, loss : 4.35, accuracy 10.08% <-
                                                     Time past : 16200msec
                                                     ['0:100.00%', '1:0.00%', '2:0.00%', '3:0.00%', '4:0.10%', '5:0.00%', '6:0.70%', '7:0.00%', '8:0.00%', '9:0.00%']
                                          0msec<-
                                          ->0msec
                                                     -> Cluster 24, loss : 1.84, accuracy 34.21%, model from round 75
                                                     ['0:53.30%', '1:37.20%', '2:0.20%', '3:0.00%', '4:5.80%', '5:53.90%', '6:59.10%', '7:43.40%', '8:63.40%', '9:25.80%']
                                                                                              <-> Client 0, global : from 34.21% to 10.26%, local : from 6.20% to 95.00%, training time : 8200msec
                                                     Cluster 24, round 1, loss : 5.02, accuracy 10.26% <-
                                                     Time past : 8200msec
                                                     ['0:0.00%', '1:1.90%', '2:0.00%', '3:0.00%', '4:100.00%', '5:0.00%', '6:0.00%', '7:0.00%', '8:0.00%', '9:0.70%']
                                          0msec<-
                                          ->0msec
                                                     -> Cluster 89, loss : 1.84, accuracy 34.21%, model from round 75
                                                     ['0:53.30%', '1:37.20%', '2:0.20%', '3:0.00%', '4:5.80%', '5:53.90%', '6:59.10%', '7:43.40%', '8:63.40%', '9:25.80%']
                                                                                              <-> Client 0, global : from 34.21% to 12.40%, local : from 54.51% to 95.99%, training time : 16200msec
                                                     Cluster 89, round 1, loss : 3.83, accuracy 12.40% <-
                                                     Time past : 16200msec
                                                     ['0:2.70%', '1:0.80%', '2:0.00%', '3:0.00%', '4:0.00%', '5:99.90%', '6:0.00%', '7:1.50%', '8:8.70%', '9:10.40%']
                                          0msec<-
                                          ->0msec
                                                     -> Cluster 64, loss : 1.84, accuracy 34.21%, model from round 75
                                                     ['0:53.30%', '1:37.20%', '2:0.20%', '3:0.00%', '4:5.80%', '5:53.90%', '6:59.10%', '7:43.40%', '8:63.40%', '9:25.80%']
                                                                                              <-> Client 0, global : from 34.21% to 12.99%, local : from 61.20% to 96.00%, training time : 16200msec
                                                     Cluster 64, round 1, loss : 3.35, accuracy 12.99% <-
                                                     Time past : 16200msec
                                                     ['0:0.30%', '1:0.10%', '2:0.10%', '3:0.00%', '4:13.50%', '5:0.00%', '6:2.40%', '7:13.40%', '8:99.90%', '9:0.20%']
                                          0msec<-
Central server round 75, loss : 1.84, accuracy :34.99%
Time past: 1215000msec
['0:38.50%', '1:29.00%', '2:0.10%', '3:0.20%', '4:60.80%', '5:33.00%', '6:43.90%', '7:37.80%', '8:74.20%', '9:32.40%']
                                          ->0msec
                                                     -> Cluster 5, loss : 1.84, accuracy 34.99%, model from round 76
                                                     ['0:38.50%', '1:29.00%', '2:0.10%', '3:0.20%', '4:60.80%', '5:33.00%', '6:43.90%', '7:37.80%', '8:74.20%', '9:32.40%']
                                                                                              <-> Client 0, global : from 34.99% to 18.61%, local : from 39.40% to 95.40%, training time : 8200msec
                                                     Cluster 5, round 1, loss : 2.97, accuracy 18.61% <-
                                                     Time past : 8200msec
                                                     ['0:16.10%', '1:7.40%', '2:0.00%', '3:0.00%', '4:0.00%', '5:0.60%', '6:99.80%', '7:4.50%', '8:34.10%', '9:23.60%']
                                          0msec<-
                                          ->0msec
                                                     -> Cluster 66, loss : 1.84, accuracy 34.99%, model from round 76
                                                     ['0:38.50%', '1:29.00%', '2:0.10%', '3:0.20%', '4:60.80%', '5:33.00%', '6:43.90%', '7:37.80%', '8:74.20%', '9:32.40%']
                                                                                              <-> Client 0, global : from 34.99% to 10.92%, local : from 75.60% to 95.60%, training time : 16200msec
                                                     Cluster 66, round 1, loss : 3.92, accuracy 10.92% <-
                                                     Time past : 16200msec
                                                     ['0:0.00%', '1:0.00%', '2:0.00%', '3:0.30%', '4:1.90%', '5:1.70%', '6:0.50%', '7:4.70%', '8:100.00%', '9:0.10%']
                                          0msec<-
                                          ->0msec
                                                     -> Cluster 30, loss : 1.84, accuracy 34.99%, model from round 76
                                                     ['0:38.50%', '1:29.00%', '2:0.10%', '3:0.20%', '4:60.80%', '5:33.00%', '6:43.90%', '7:37.80%', '8:74.20%', '9:32.40%']
                                                                                              <-> Client 0, global : from 34.99% to 10.33%, local : from 31.54% to 95.21%, training time : 8200msec
                                                     Cluster 30, round 1, loss : 3.45, accuracy 10.33% <-
                                                     Time past : 8200msec
                                                     ['0:0.00%', '1:100.00%', '2:0.00%', '3:0.00%', '4:0.00%', '5:2.90%', '6:0.00%', '7:0.40%', '8:0.00%', '9:0.00%']
                                          0msec<-
                                          ->0msec
                                                     -> Cluster 99, loss : 1.84, accuracy 34.99%, model from round 76
                                                     ['0:38.50%', '1:29.00%', '2:0.10%', '3:0.20%', '4:60.80%', '5:33.00%', '6:43.90%', '7:37.80%', '8:74.20%', '9:32.40%']
                                                                                              <-> Client 0, global : from 34.99% to 10.29%, local : from 36.07% to 95.39%, training time : 16200msec
                                                     Cluster 99, round 1, loss : 3.68, accuracy 10.29% <-
                                                     Time past : 16200msec
                                                     ['0:100.00%', '1:0.00%', '2:0.00%', '3:0.00%', '4:0.00%', '5:2.70%', '6:0.20%', '7:0.00%', '8:0.00%', '9:0.00%']
                                          0msec<-
                                          ->0msec
                                                     -> Cluster 1, loss : 1.84, accuracy 34.99%, model from round 76
                                                     ['0:38.50%', '1:29.00%', '2:0.10%', '3:0.20%', '4:60.80%', '5:33.00%', '6:43.90%', '7:37.80%', '8:74.20%', '9:32.40%']
                                                                                              <-> Client 0, global : from 34.99% to 15.87%, local : from 42.32% to 95.61%, training time : 8200msec
                                                     Cluster 1, round 1, loss : 3.86, accuracy 15.87% <-
                                                     Time past : 8200msec
                                                     ['0:13.50%', '1:2.30%', '2:0.00%', '3:0.00%', '4:0.00%', '5:0.50%', '6:100.00%', '7:0.00%', '8:38.00%', '9:4.40%']
                                          0msec<-
                                          ->0msec
                                                     -> Cluster 2, loss : 1.84, accuracy 34.99%, model from round 76
                                                     ['0:38.50%', '1:29.00%', '2:0.10%', '3:0.20%', '4:60.80%', '5:33.00%', '6:43.90%', '7:37.80%', '8:74.20%', '9:32.40%']
                                                                                              <-> Client 0, global : from 34.99% to 18.45%, local : from 41.40% to 96.00%, training time : 8200msec
                                                     Cluster 2, round 1, loss : 3.39, accuracy 18.45% <-
                                                     Time past : 8200msec
                                                     ['0:21.00%', '1:5.80%', '2:0.00%', '3:0.00%', '4:0.00%', '5:0.40%', '6:99.80%', '7:0.80%', '8:49.10%', '9:7.60%']
                                          0msec<-
                                          ->0msec
                                                     -> Cluster 39, loss : 1.84, accuracy 34.99%, model from round 76
                                                     ['0:38.50%', '1:29.00%', '2:0.10%', '3:0.20%', '4:60.80%', '5:33.00%', '6:43.90%', '7:37.80%', '8:74.20%', '9:32.40%']
                                                                                              <-> Client 0, global : from 34.99% to 12.54%, local : from 31.20% to 95.60%, training time : 8200msec
                                                     Cluster 39, round 1, loss : 3.32, accuracy 12.54% <-
                                                     Time past : 8200msec
                                                     ['0:15.90%', '1:99.90%', '2:0.00%', '3:0.50%', '4:2.70%', '5:2.30%', '6:0.00%', '7:3.20%', '8:0.90%', '9:0.00%']
                                          0msec<-
                                          ->0msec
                                                     -> Cluster 59, loss : 1.84, accuracy 34.99%, model from round 76
                                                     ['0:38.50%', '1:29.00%', '2:0.10%', '3:0.20%', '4:60.80%', '5:33.00%', '6:43.90%', '7:37.80%', '8:74.20%', '9:32.40%']
                                                                                              <-> Client 0, global : from 34.99% to 10.85%, local : from 38.40% to 95.20%, training time : 16200msec
                                                     Cluster 59, round 1, loss : 4.68, accuracy 10.85% <-
                                                     Time past : 16200msec
                                                     ['0:2.60%', '1:0.60%', '2:0.00%', '3:0.00%', '4:0.00%', '5:0.00%', '6:0.00%', '7:100.00%', '8:5.30%', '9:0.00%']
                                          0msec<-
                                          ->0msec
                                                     -> Cluster 35, loss : 1.84, accuracy 34.99%, model from round 76
                                                     ['0:38.50%', '1:29.00%', '2:0.10%', '3:0.20%', '4:60.80%', '5:33.00%', '6:43.90%', '7:37.80%', '8:74.20%', '9:32.40%']
                                                                                              <-> Client 0, global : from 34.99% to 12.32%, local : from 31.80% to 95.20%, training time : 8200msec
                                                     Cluster 35, round 1, loss : 2.97, accuracy 12.32% <-
                                                     Time past : 8200msec
                                                     ['0:6.20%', '1:99.70%', '2:0.70%', '3:0.00%', '4:12.50%', '5:0.30%', '6:3.70%', '7:0.10%', '8:0.00%', '9:0.00%']
                                          0msec<-
                                          ->0msec
                                                     -> Cluster 92, loss : 1.84, accuracy 34.99%, model from round 76
                                                     ['0:38.50%', '1:29.00%', '2:0.10%', '3:0.20%', '4:60.80%', '5:33.00%', '6:43.90%', '7:37.80%', '8:74.20%', '9:32.40%']
                                                                                              <-> Client 0, global : from 34.99% to 10.16%, local : from 34.80% to 95.00%, training time : 16200msec
                                                     Cluster 92, round 1, loss : 4.41, accuracy 10.16% <-
                                                     Time past : 16200msec
                                                     ['0:100.00%', '1:0.00%', '2:0.00%', '3:0.00%', '4:0.40%', '5:0.00%', '6:1.20%', '7:0.00%', '8:0.00%', '9:0.00%']
                                          0msec<-
Central server round 76, loss : 1.95, accuracy :31.66%
Time past: 1231200msec
['0:67.50%', '1:59.10%', '2:0.10%', '3:0.60%', '4:0.20%', '5:12.40%', '6:87.60%', '7:36.80%', '8:35.40%', '9:16.90%']
                                          ->0msec
                                                     -> Cluster 63, loss : 1.95, accuracy 31.66%, model from round 77
                                                     ['0:67.50%', '1:59.10%', '2:0.10%', '3:0.60%', '4:0.20%', '5:12.40%', '6:87.60%', '7:36.80%', '8:35.40%', '9:16.90%']
                                                                                              <-> Client 0, global : from 31.66% to 13.32%, local : from 34.60% to 96.00%, training time : 16200msec
                                                     Cluster 63, round 1, loss : 4.34, accuracy 13.32% <-
                                                     Time past : 16200msec
                                                     ['0:0.00%', '1:0.00%', '2:0.00%', '3:0.10%', '4:19.40%', '5:1.10%', '6:12.60%', '7:0.00%', '8:100.00%', '9:0.00%']
                                          0msec<-
                                          ->0msec
                                                     -> Cluster 35, loss : 1.95, accuracy 31.66%, model from round 77
                                                     ['0:67.50%', '1:59.10%', '2:0.10%', '3:0.60%', '4:0.20%', '5:12.40%', '6:87.60%', '7:36.80%', '8:35.40%', '9:16.90%']
                                                                                              <-> Client 0, global : from 31.66% to 13.19%, local : from 59.60% to 95.20%, training time : 8200msec
                                                     Cluster 35, round 1, loss : 2.80, accuracy 13.19% <-
                                                     Time past : 8200msec
                                                     ['0:9.50%', '1:99.70%', '2:2.10%', '3:0.00%', '4:16.00%', '5:0.60%', '6:3.80%', '7:0.20%', '8:0.00%', '9:0.00%']
                                          0msec<-
                                          ->0msec
                                                     -> Cluster 46, loss : 1.95, accuracy 31.66%, model from round 77
                                                     ['0:67.50%', '1:59.10%', '2:0.10%', '3:0.60%', '4:0.20%', '5:12.40%', '6:87.60%', '7:36.80%', '8:35.40%', '9:16.90%']
                                                                                              <-> Client 0, global : from 31.66% to 13.97%, local : from 2.40% to 95.00%, training time : 8200msec
                                                     Cluster 46, round 1, loss : 2.90, accuracy 13.97% <-
                                                     Time past : 8200msec
                                                     ['0:4.10%', '1:14.10%', '2:98.10%', '3:0.00%', '4:0.00%', '5:0.00%', '6:0.00%', '7:0.00%', '8:12.70%', '9:10.70%']
                                          0msec<-
                                          ->0msec
                                                     -> Cluster 19, loss : 1.95, accuracy 31.66%, model from round 77
                                                     ['0:67.50%', '1:59.10%', '2:0.10%', '3:0.60%', '4:0.20%', '5:12.40%', '6:87.60%', '7:36.80%', '8:35.40%', '9:16.90%']
                                                                                              <-> Client 0, global : from 31.66% to 10.26%, local : from 18.60% to 95.00%, training time : 8200msec
                                                     Cluster 19, round 1, loss : 3.85, accuracy 10.26% <-
                                                     Time past : 8200msec
                                                     ['0:0.10%', '1:0.00%', '2:0.00%', '3:0.00%', '4:0.00%', '5:2.20%', '6:0.40%', '7:0.00%', '8:0.00%', '9:99.90%']
                                          0msec<-
                                          ->0msec
                                                     -> Cluster 33, loss : 1.95, accuracy 31.66%, model from round 77
                                                     ['0:67.50%', '1:59.10%', '2:0.10%', '3:0.60%', '4:0.20%', '5:12.40%', '6:87.60%', '7:36.80%', '8:35.40%', '9:16.90%']
                                                                                              <-> Client 0, global : from 31.66% to 10.44%, local : from 57.60% to 95.20%, training time : 8200msec
                                                     Cluster 33, round 1, loss : 3.37, accuracy 10.44% <-
                                                     Time past : 8200msec
                                                     ['0:0.10%', '1:100.00%', '2:0.00%', '3:0.80%', '4:2.10%', '5:1.00%', '6:0.20%', '7:0.20%', '8:0.00%', '9:0.00%']
                                          0msec<-
                                          ->0msec
                                                     -> Cluster 72, loss : 1.95, accuracy 31.66%, model from round 77
                                                     ['0:67.50%', '1:59.10%', '2:0.10%', '3:0.60%', '4:0.20%', '5:12.40%', '6:87.60%', '7:36.80%', '8:35.40%', '9:16.90%']
                                                                                              <-> Client 0, global : from 31.66% to 11.51%, local : from 1.60% to 95.40%, training time : 16200msec
                                                     Cluster 72, round 1, loss : 3.82, accuracy 11.51% <-
                                                     Time past : 16200msec
                                                     ['0:1.20%', '1:0.50%', '2:0.00%', '3:100.00%', '4:0.00%', '5:0.00%', '6:0.00%', '7:0.10%', '8:7.80%', '9:5.50%']
                                          0msec<-
                                          ->0msec
                                                     -> Cluster 22, loss : 1.95, accuracy 31.66%, model from round 77
                                                     ['0:67.50%', '1:59.10%', '2:0.10%', '3:0.60%', '4:0.20%', '5:12.40%', '6:87.60%', '7:36.80%', '8:35.40%', '9:16.90%']
                                                                                              <-> Client 0, global : from 31.66% to 10.73%, local : from 2.00% to 95.00%, training time : 8200msec
                                                     Cluster 22, round 1, loss : 4.36, accuracy 10.73% <-
                                                     Time past : 8200msec
                                                     ['0:0.70%', '1:1.00%', '2:0.00%', '3:0.00%', '4:99.90%', '5:0.00%', '6:0.00%', '7:0.00%', '8:2.90%', '9:2.80%']
                                          0msec<-
                                          ->0msec
                                                     -> Cluster 99, loss : 1.95, accuracy 31.66%, model from round 77
                                                     ['0:67.50%', '1:59.10%', '2:0.10%', '3:0.60%', '4:0.20%', '5:12.40%', '6:87.60%', '7:36.80%', '8:35.40%', '9:16.90%']
                                                                                              <-> Client 0, global : from 31.66% to 10.57%, local : from 60.72% to 95.59%, training time : 16200msec
                                                     Cluster 99, round 1, loss : 3.44, accuracy 10.57% <-
                                                     Time past : 16200msec
                                                     ['0:100.00%', '1:0.00%', '2:0.00%', '3:0.10%', '4:0.00%', '5:5.20%', '6:0.40%', '7:0.00%', '8:0.00%', '9:0.00%']
                                          0msec<-
                                          ->0msec
                                                     -> Cluster 92, loss : 1.95, accuracy 31.66%, model from round 77
                                                     ['0:67.50%', '1:59.10%', '2:0.10%', '3:0.60%', '4:0.20%', '5:12.40%', '6:87.60%', '7:36.80%', '8:35.40%', '9:16.90%']
                                                                                              <-> Client 0, global : from 31.66% to 10.27%, local : from 64.20% to 95.00%, training time : 16200msec
                                                     Cluster 92, round 1, loss : 4.31, accuracy 10.27% <-
                                                     Time past : 16200msec
                                                     ['0:100.00%', '1:0.00%', '2:0.00%', '3:0.00%', '4:0.80%', '5:0.00%', '6:1.90%', '7:0.00%', '8:0.00%', '9:0.00%']
                                          0msec<-
                                          ->0msec
                                                     -> Cluster 79, loss : 1.95, accuracy 31.66%, model from round 77
                                                     ['0:67.50%', '1:59.10%', '2:0.10%', '3:0.60%', '4:0.20%', '5:12.40%', '6:87.60%', '7:36.80%', '8:35.40%', '9:16.90%']
                                                                                              <-> Client 0, global : from 31.66% to 10.68%, local : from 2.80% to 95.80%, training time : 16200msec
                                                     Cluster 79, round 1, loss : 4.04, accuracy 10.68% <-
                                                     Time past : 16200msec
                                                     ['0:0.80%', '1:4.50%', '2:0.00%', '3:99.90%', '4:0.00%', '5:0.00%', '6:0.00%', '7:0.20%', '8:1.40%', '9:0.00%']
                                          0msec<-
Central server round 77, loss : 1.83, accuracy :34.35%
Time past: 1247400msec
['0:68.90%', '1:50.90%', '2:1.20%', '3:41.60%', '4:55.00%', '5:5.80%', '6:33.30%', '7:15.60%', '8:35.10%', '9:36.10%']
                                          ->0msec
                                                     -> Cluster 72, loss : 1.83, accuracy 34.35%, model from round 78
                                                     ['0:68.90%', '1:50.90%', '2:1.20%', '3:41.60%', '4:55.00%', '5:5.80%', '6:33.30%', '7:15.60%', '8:35.10%', '9:36.10%']
                                                                                              <-> Client 0, global : from 34.35% to 12.18%, local : from 43.40% to 95.80%, training time : 16200msec
                                                     Cluster 72, round 1, loss : 3.85, accuracy 12.18% <-
                                                     Time past : 16200msec
                                                     ['0:1.40%', '1:1.10%', '2:0.00%', '3:100.00%', '4:0.00%', '5:0.00%', '6:0.00%', '7:0.10%', '8:11.20%', '9:8.00%']
                                          0msec<-
                                          ->0msec
                                                     -> Cluster 59, loss : 1.83, accuracy 34.35%, model from round 78
                                                     ['0:68.90%', '1:50.90%', '2:1.20%', '3:41.60%', '4:55.00%', '5:5.80%', '6:33.30%', '7:15.60%', '8:35.10%', '9:36.10%']
                                                                                              <-> Client 0, global : from 34.35% to 12.78%, local : from 16.60% to 95.20%, training time : 16200msec
                                                     Cluster 59, round 1, loss : 3.97, accuracy 12.78% <-
                                                     Time past : 16200msec
                                                     ['0:14.00%', '1:4.10%', '2:0.00%', '3:0.10%', '4:0.00%', '5:0.00%', '6:0.00%', '7:99.90%', '8:9.70%', '9:0.00%']
                                          0msec<-
                                          ->0msec
                                                     -> Cluster 1, loss : 1.83, accuracy 34.35%, model from round 78
                                                     ['0:68.90%', '1:50.90%', '2:1.20%', '3:41.60%', '4:55.00%', '5:5.80%', '6:33.30%', '7:15.60%', '8:35.10%', '9:36.10%']
                                                                                              <-> Client 0, global : from 34.35% to 15.66%, local : from 34.13% to 95.81%, training time : 8200msec
                                                     Cluster 1, round 1, loss : 3.79, accuracy 15.66% <-
                                                     Time past : 8200msec
                                                     ['0:12.80%', '1:4.30%', '2:0.00%', '3:0.00%', '4:0.20%', '5:1.00%', '6:100.00%', '7:0.00%', '8:31.60%', '9:6.70%']
                                          0msec<-
                                          ->0msec
                                                     -> Cluster 19, loss : 1.83, accuracy 34.35%, model from round 78
                                                     ['0:68.90%', '1:50.90%', '2:1.20%', '3:41.60%', '4:55.00%', '5:5.80%', '6:33.30%', '7:15.60%', '8:35.10%', '9:36.10%']
                                                                                              <-> Client 0, global : from 34.35% to 11.05%, local : from 37.00% to 95.00%, training time : 8200msec
                                                     Cluster 19, round 1, loss : 3.45, accuracy 11.05% <-
                                                     Time past : 8200msec
                                                     ['0:5.60%', '1:0.00%', '2:0.00%', '3:0.50%', '4:0.00%', '5:4.20%', '6:0.20%', '7:0.10%', '8:0.20%', '9:99.70%']
                                          0msec<-
                                          ->0msec
                                                     -> Cluster 16, loss : 1.83, accuracy 34.35%, model from round 78
                                                     ['0:68.90%', '1:50.90%', '2:1.20%', '3:41.60%', '4:55.00%', '5:5.80%', '6:33.30%', '7:15.60%', '8:35.10%', '9:36.10%']
                                                                                              <-> Client 0, global : from 34.35% to 11.64%, local : from 38.80% to 95.00%, training time : 8200msec
                                                     Cluster 16, round 1, loss : 3.44, accuracy 11.64% <-
                                                     Time past : 8200msec
                                                     ['0:0.20%', '1:0.00%', '2:0.00%', '3:2.90%', '4:2.30%', '5:1.70%', '6:9.00%', '7:0.00%', '8:0.50%', '9:99.80%']
                                          0msec<-
                                          ->0msec
                                                     -> Cluster 32, loss : 1.83, accuracy 34.35%, model from round 78
                                                     ['0:68.90%', '1:50.90%', '2:1.20%', '3:41.60%', '4:55.00%', '5:5.80%', '6:33.30%', '7:15.60%', '8:35.10%', '9:36.10%']
                                                                                              <-> Client 0, global : from 34.35% to 10.55%, local : from 52.80% to 95.20%, training time : 8200msec
                                                     Cluster 32, round 1, loss : 3.18, accuracy 10.55% <-
                                                     Time past : 8200msec
                                                     ['0:0.00%', '1:99.90%', '2:0.10%', '3:0.00%', '4:1.30%', '5:1.20%', '6:0.50%', '7:2.40%', '8:0.10%', '9:0.00%']
                                          0msec<-
                                          ->0msec
                                                     -> Cluster 28, loss : 1.83, accuracy 34.35%, model from round 78
                                                     ['0:68.90%', '1:50.90%', '2:1.20%', '3:41.60%', '4:55.00%', '5:5.80%', '6:33.30%', '7:15.60%', '8:35.10%', '9:36.10%']
                                                                                              <-> Client 0, global : from 34.35% to 10.91%, local : from 56.60% to 95.00%, training time : 8200msec
                                                     Cluster 28, round 1, loss : 4.21, accuracy 10.91% <-
                                                     Time past : 8200msec
                                                     ['0:0.00%', '1:0.40%', '2:0.00%', '3:0.10%', '4:99.90%', '5:0.00%', '6:0.00%', '7:0.00%', '8:4.40%', '9:4.30%']
                                          0msec<-
                                          ->0msec
                                                     -> Cluster 25, loss : 1.83, accuracy 34.35%, model from round 78
                                                     ['0:68.90%', '1:50.90%', '2:1.20%', '3:41.60%', '4:55.00%', '5:5.80%', '6:33.30%', '7:15.60%', '8:35.10%', '9:36.10%']
                                                                                              <-> Client 0, global : from 34.35% to 11.36%, local : from 52.60% to 95.20%, training time : 8200msec
                                                     Cluster 25, round 1, loss : 3.98, accuracy 11.36% <-
                                                     Time past : 8200msec
                                                     ['0:0.70%', '1:8.00%', '2:0.00%', '3:0.00%', '4:99.90%', '5:0.00%', '6:0.00%', '7:0.00%', '8:5.00%', '9:0.00%']
                                          0msec<-
                                          ->0msec
                                                     -> Cluster 9, loss : 1.83, accuracy 34.35%, model from round 78
                                                     ['0:68.90%', '1:50.90%', '2:1.20%', '3:41.60%', '4:55.00%', '5:5.80%', '6:33.30%', '7:15.60%', '8:35.10%', '9:36.10%']
                                                                                              <-> Client 0, global : from 34.35% to 16.74%, local : from 32.00% to 96.80%, training time : 8200msec
                                                     Cluster 9, round 1, loss : 3.66, accuracy 16.74% <-
                                                     Time past : 8200msec
                                                     ['0:31.70%', '1:12.50%', '2:0.00%', '3:0.00%', '4:0.00%', '5:0.00%', '6:99.90%', '7:0.00%', '8:11.80%', '9:11.50%']
                                          0msec<-
                                          ->0msec
                                                     -> Cluster 74, loss : 1.83, accuracy 34.35%, model from round 78
                                                     ['0:68.90%', '1:50.90%', '2:1.20%', '3:41.60%', '4:55.00%', '5:5.80%', '6:33.30%', '7:15.60%', '8:35.10%', '9:36.10%']
                                                                                              <-> Client 0, global : from 34.35% to 11.13%, local : from 39.20% to 95.20%, training time : 16200msec
                                                     Cluster 74, round 1, loss : 3.81, accuracy 11.13% <-
                                                     Time past : 16200msec
                                                     ['0:1.20%', '1:0.80%', '2:0.00%', '3:100.00%', '4:0.00%', '5:0.00%', '6:0.00%', '7:0.70%', '8:7.70%', '9:0.90%']
                                          0msec<-
Central server round 78, loss : 1.86, accuracy :34.40%
Time past: 1263600msec
['0:37.30%', '1:30.90%', '2:0.00%', '3:39.60%', '4:36.00%', '5:2.90%', '6:68.10%', '7:23.60%', '8:39.30%', '9:66.30%']
                                          ->0msec
                                                     -> Cluster 85, loss : 1.86, accuracy 34.40%, model from round 79
                                                     ['0:37.30%', '1:30.90%', '2:0.00%', '3:39.60%', '4:36.00%', '5:2.90%', '6:68.10%', '7:23.60%', '8:39.30%', '9:66.30%']
                                                                                              <-> Client 0, global : from 34.40% to 15.41%, local : from 4.41% to 96.59%, training time : 16200msec
                                                     Cluster 85, round 1, loss : 3.98, accuracy 15.41% <-
                                                     Time past : 16200msec
                                                     ['0:22.00%', '1:1.40%', '2:0.00%', '3:0.00%', '4:0.00%', '5:99.70%', '6:0.00%', '7:0.00%', '8:19.60%', '9:11.40%']
                                          0msec<-
                                          ->0msec
                                                     -> Cluster 7, loss : 1.86, accuracy 34.40%, model from round 79
                                                     ['0:37.30%', '1:30.90%', '2:0.00%', '3:39.60%', '4:36.00%', '5:2.90%', '6:68.10%', '7:23.60%', '8:39.30%', '9:66.30%']
                                                                                              <-> Client 0, global : from 34.40% to 14.85%, local : from 63.20% to 95.60%, training time : 8200msec
                                                     Cluster 7, round 1, loss : 3.89, accuracy 14.85% <-
                                                     Time past : 8200msec
                                                     ['0:11.00%', '1:7.30%', '2:0.00%', '3:0.00%', '4:0.00%', '5:0.00%', '6:99.90%', '7:0.20%', '8:25.90%', '9:4.20%']
                                          0msec<-
                                          ->0msec
                                                     -> Cluster 3, loss : 1.86, accuracy 34.40%, model from round 79
                                                     ['0:37.30%', '1:30.90%', '2:0.00%', '3:39.60%', '4:36.00%', '5:2.90%', '6:68.10%', '7:23.60%', '8:39.30%', '9:66.30%']
                                                                                              <-> Client 0, global : from 34.40% to 16.06%, local : from 65.00% to 95.40%, training time : 8200msec
                                                     Cluster 3, round 1, loss : 3.81, accuracy 16.06% <-
                                                     Time past : 8200msec
                                                     ['0:15.40%', '1:9.10%', '2:0.00%', '3:0.00%', '4:0.00%', '5:0.00%', '6:99.90%', '7:0.40%', '8:33.60%', '9:2.20%']
                                          0msec<-
                                          ->0msec
                                                     -> Cluster 95, loss : 1.86, accuracy 34.40%, model from round 79
                                                     ['0:37.30%', '1:30.90%', '2:0.00%', '3:39.60%', '4:36.00%', '5:2.90%', '6:68.10%', '7:23.60%', '8:39.30%', '9:66.30%']
                                                                                              <-> Client 0, global : from 34.40% to 10.30%, local : from 36.87% to 95.39%, training time : 16200msec
                                                     Cluster 95, round 1, loss : 3.57, accuracy 10.30% <-
                                                     Time past : 16200msec
                                                     ['0:100.00%', '1:0.10%', '2:0.00%', '3:0.00%', '4:0.00%', '5:0.00%', '6:2.80%', '7:0.00%', '8:0.00%', '9:0.10%']
                                          0msec<-
                                          ->0msec
                                                     -> Cluster 51, loss : 1.86, accuracy 34.40%, model from round 79
                                                     ['0:37.30%', '1:30.90%', '2:0.00%', '3:39.60%', '4:36.00%', '5:2.90%', '6:68.10%', '7:23.60%', '8:39.30%', '9:66.30%']
                                                                                              <-> Client 0, global : from 34.40% to 13.57%, local : from 23.95% to 95.01%, training time : 16200msec
                                                     Cluster 51, round 1, loss : 3.94, accuracy 13.57% <-
                                                     Time past : 16200msec
                                                     ['0:12.50%', '1:2.10%', '2:0.00%', '3:0.10%', '4:0.00%', '5:0.00%', '6:0.00%', '7:99.40%', '8:21.60%', '9:0.00%']
                                          0msec<-
                                          ->0msec
                                                     -> Cluster 48, loss : 1.86, accuracy 34.40%, model from round 79
                                                     ['0:37.30%', '1:30.90%', '2:0.00%', '3:39.60%', '4:36.00%', '5:2.90%', '6:68.10%', '7:23.60%', '8:39.30%', '9:66.30%']
                                                                                              <-> Client 0, global : from 34.40% to 10.05%, local : from 1.40% to 95.00%, training time : 8200msec
                                                     Cluster 48, round 1, loss : 4.15, accuracy 10.05% <-
                                                     Time past : 8200msec
                                                     ['0:0.00%', '1:0.20%', '2:99.90%', '3:0.00%', '4:0.00%', '5:0.00%', '6:0.00%', '7:0.00%', '8:0.00%', '9:0.40%']
                                          0msec<-
                                          ->0msec
                                                     -> Cluster 53, loss : 1.86, accuracy 34.40%, model from round 79
                                                     ['0:37.30%', '1:30.90%', '2:0.00%', '3:39.60%', '4:36.00%', '5:2.90%', '6:68.10%', '7:23.60%', '8:39.30%', '9:66.30%']
                                                                                              <-> Client 0, global : from 34.40% to 11.83%, local : from 25.00% to 95.40%, training time : 16200msec
                                                     Cluster 53, round 1, loss : 4.06, accuracy 11.83% <-
                                                     Time past : 16200msec
                                                     ['0:12.00%', '1:2.60%', '2:0.00%', '3:0.10%', '4:0.00%', '5:0.00%', '6:0.00%', '7:100.00%', '8:3.00%', '9:0.60%']
                                          0msec<-
                                          ->0msec
                                                     -> Cluster 87, loss : 1.86, accuracy 34.40%, model from round 79
                                                     ['0:37.30%', '1:30.90%', '2:0.00%', '3:39.60%', '4:36.00%', '5:2.90%', '6:68.10%', '7:23.60%', '8:39.30%', '9:66.30%']
                                                                                              <-> Client 0, global : from 34.40% to 13.27%, local : from 3.21% to 95.79%, training time : 16200msec
                                                     Cluster 87, round 1, loss : 4.06, accuracy 13.27% <-
                                                     Time past : 16200msec
                                                     ['0:6.80%', '1:4.10%', '2:0.00%', '3:0.00%', '4:0.00%', '5:99.70%', '6:0.00%', '7:0.90%', '8:11.50%', '9:9.70%']
                                          0msec<-
                                          ->0msec
                                                     -> Cluster 17, loss : 1.86, accuracy 34.40%, model from round 79
                                                     ['0:37.30%', '1:30.90%', '2:0.00%', '3:39.60%', '4:36.00%', '5:2.90%', '6:68.10%', '7:23.60%', '8:39.30%', '9:66.30%']
                                                                                              <-> Client 0, global : from 34.40% to 11.77%, local : from 66.80% to 95.20%, training time : 8200msec
                                                     Cluster 17, round 1, loss : 3.42, accuracy 11.77% <-
                                                     Time past : 8200msec
                                                     ['0:12.70%', '1:0.00%', '2:0.00%', '3:4.40%', '4:0.00%', '5:0.00%', '6:0.30%', '7:0.80%', '8:0.00%', '9:99.50%']
                                          0msec<-
                                          ->0msec
                                                     -> Cluster 75, loss : 1.86, accuracy 34.40%, model from round 79
                                                     ['0:37.30%', '1:30.90%', '2:0.00%', '3:39.60%', '4:36.00%', '5:2.90%', '6:68.10%', '7:23.60%', '8:39.30%', '9:66.30%']
                                                                                              <-> Client 0, global : from 34.40% to 11.39%, local : from 43.40% to 95.00%, training time : 16200msec
                                                     Cluster 75, round 1, loss : 3.65, accuracy 11.39% <-
                                                     Time past : 16200msec
                                                     ['0:2.40%', '1:2.30%', '2:0.00%', '3:100.00%', '4:0.00%', '5:0.00%', '6:0.00%', '7:0.00%', '8:7.60%', '9:1.60%']
                                          0msec<-
Central server round 79, loss : 1.78, accuracy :35.04%
Time past: 1279800msec
['0:55.00%', '1:26.60%', '2:3.90%', '3:13.50%', '4:0.80%', '5:34.10%', '6:73.70%', '7:58.40%', '8:34.50%', '9:49.90%']
                                          ->0msec
                                                     -> Cluster 28, loss : 1.78, accuracy 35.04%, model from round 80
                                                     ['0:55.00%', '1:26.60%', '2:3.90%', '3:13.50%', '4:0.80%', '5:34.10%', '6:73.70%', '7:58.40%', '8:34.50%', '9:49.90%']
                                                                                              <-> Client 0, global : from 35.04% to 10.72%, local : from 2.80% to 95.00%, training time : 8200msec
                                                     Cluster 28, round 1, loss : 4.17, accuracy 10.72% <-
                                                     Time past : 8200msec
                                                     ['0:0.00%', '1:0.30%', '2:0.00%', '3:0.10%', '4:99.90%', '5:0.00%', '6:0.00%', '7:0.00%', '8:2.50%', '9:4.40%']
                                          0msec<-
                                          ->0msec
                                                     -> Cluster 38, loss : 1.78, accuracy 35.04%, model from round 80
                                                     ['0:55.00%', '1:26.60%', '2:3.90%', '3:13.50%', '4:0.80%', '5:34.10%', '6:73.70%', '7:58.40%', '8:34.50%', '9:49.90%']
                                                                                              <-> Client 0, global : from 35.04% to 10.81%, local : from 27.00% to 95.40%, training time : 8200msec
                                                     Cluster 38, round 1, loss : 3.57, accuracy 10.81% <-
                                                     Time past : 8200msec
                                                     ['0:0.00%', '1:99.90%', '2:0.00%', '3:0.10%', '4:0.20%', '5:7.80%', '6:0.10%', '7:0.00%', '8:0.00%', '9:0.00%']
                                          0msec<-
                                          ->0msec
                                                     -> Cluster 90, loss : 1.78, accuracy 35.04%, model from round 80
                                                     ['0:55.00%', '1:26.60%', '2:3.90%', '3:13.50%', '4:0.80%', '5:34.10%', '6:73.70%', '7:58.40%', '8:34.50%', '9:49.90%']
                                                                                              <-> Client 0, global : from 35.04% to 10.54%, local : from 57.00% to 95.60%, training time : 16200msec
                                                     Cluster 90, round 1, loss : 3.72, accuracy 10.54% <-
                                                     Time past : 16200msec
                                                     ['0:100.00%', '1:0.00%', '2:0.00%', '3:0.00%', '4:0.00%', '5:0.20%', '6:3.90%', '7:0.40%', '8:0.10%', '9:0.80%']
                                          0msec<-
                                          ->0msec
                                                     -> Cluster 18, loss : 1.78, accuracy 35.04%, model from round 80
                                                     ['0:55.00%', '1:26.60%', '2:3.90%', '3:13.50%', '4:0.80%', '5:34.10%', '6:73.70%', '7:58.40%', '8:34.50%', '9:49.90%']
                                                                                              <-> Client 0, global : from 35.04% to 11.03%, local : from 51.60% to 95.20%, training time : 8200msec
                                                     Cluster 18, round 1, loss : 3.41, accuracy 11.03% <-
                                                     Time past : 8200msec
                                                     ['0:0.00%', '1:0.00%', '2:1.90%', '3:1.10%', '4:1.30%', '5:4.60%', '6:0.10%', '7:1.50%', '8:0.10%', '9:99.70%']
                                          0msec<-
                                          ->0msec
                                                     -> Cluster 44, loss : 1.78, accuracy 35.04%, model from round 80
                                                     ['0:55.00%', '1:26.60%', '2:3.90%', '3:13.50%', '4:0.80%', '5:34.10%', '6:73.70%', '7:58.40%', '8:34.50%', '9:49.90%']
                                                                                              <-> Client 0, global : from 35.04% to 10.12%, local : from 6.40% to 95.00%, training time : 8200msec
                                                     Cluster 44, round 1, loss : 4.10, accuracy 10.12% <-
                                                     Time past : 8200msec
                                                     ['0:0.00%', '1:0.00%', '2:100.00%', '3:0.00%', '4:0.00%', '5:0.00%', '6:0.00%', '7:0.00%', '8:1.20%', '9:0.00%']
                                          0msec<-
                                          ->0msec
                                                     -> Cluster 62, loss : 1.78, accuracy 35.04%, model from round 80
                                                     ['0:55.00%', '1:26.60%', '2:3.90%', '3:13.50%', '4:0.80%', '5:34.10%', '6:73.70%', '7:58.40%', '8:34.50%', '9:49.90%']
                                                                                              <-> Client 0, global : from 35.04% to 10.83%, local : from 37.40% to 95.20%, training time : 16200msec
                                                     Cluster 62, round 1, loss : 3.58, accuracy 10.83% <-
                                                     Time past : 16200msec
                                                     ['0:0.00%', '1:0.00%', '2:0.20%', '3:0.50%', '4:1.40%', '5:0.60%', '6:2.70%', '7:2.80%', '8:100.00%', '9:0.10%']
                                          0msec<-
                                          ->0msec
                                                     -> Cluster 68, loss : 1.78, accuracy 35.04%, model from round 80
                                                     ['0:55.00%', '1:26.60%', '2:3.90%', '3:13.50%', '4:0.80%', '5:34.10%', '6:73.70%', '7:58.40%', '8:34.50%', '9:49.90%']
                                                                                              <-> Client 0, global : from 35.04% to 11.67%, local : from 36.40% to 95.60%, training time : 16200msec
                                                     Cluster 68, round 1, loss : 3.87, accuracy 11.67% <-
                                                     Time past : 16200msec
                                                     ['0:0.00%', '1:0.00%', '2:0.00%', '3:0.10%', '4:0.00%', '5:0.00%', '6:11.30%', '7:5.40%', '8:99.90%', '9:0.00%']
                                          0msec<-
                                          ->0msec
                                                     -> Cluster 37, loss : 1.78, accuracy 35.04%, model from round 80
                                                     ['0:55.00%', '1:26.60%', '2:3.90%', '3:13.50%', '4:0.80%', '5:34.10%', '6:73.70%', '7:58.40%', '8:34.50%', '9:49.90%']
                                                                                              <-> Client 0, global : from 35.04% to 10.17%, local : from 24.40% to 95.20%, training time : 8200msec
                                                     Cluster 37, round 1, loss : 3.86, accuracy 10.17% <-
                                                     Time past : 8200msec
                                                     ['0:0.00%', '1:100.00%', '2:0.00%', '3:0.00%', '4:0.20%', '5:1.30%', '6:0.00%', '7:0.20%', '8:0.00%', '9:0.00%']
                                          0msec<-
                                          ->0msec
                                                     -> Cluster 11, loss : 1.78, accuracy 35.04%, model from round 80
                                                     ['0:55.00%', '1:26.60%', '2:3.90%', '3:13.50%', '4:0.80%', '5:34.10%', '6:73.70%', '7:58.40%', '8:34.50%', '9:49.90%']
                                                                                              <-> Client 0, global : from 35.04% to 10.39%, local : from 50.70% to 94.81%, training time : 8200msec
                                                     Cluster 11, round 1, loss : 4.32, accuracy 10.39% <-
                                                     Time past : 8200msec
                                                     ['0:0.00%', '1:0.00%', '2:0.00%', '3:0.10%', '4:0.00%', '5:0.00%', '6:3.30%', '7:0.50%', '8:0.00%', '9:100.00%']
                                          0msec<-
                                          ->0msec
                                                     -> Cluster 65, loss : 1.78, accuracy 35.04%, model from round 80
                                                     ['0:55.00%', '1:26.60%', '2:3.90%', '3:13.50%', '4:0.80%', '5:34.10%', '6:73.70%', '7:58.40%', '8:34.50%', '9:49.90%']
                                                                                              <-> Client 0, global : from 35.04% to 13.55%, local : from 34.20% to 95.60%, training time : 16200msec
                                                     Cluster 65, round 1, loss : 3.84, accuracy 13.55% <-
                                                     Time past : 16200msec
                                                     ['0:0.00%', '1:0.00%', '2:0.10%', '3:0.00%', '4:2.30%', '5:7.80%', '6:14.20%', '7:11.10%', '8:100.00%', '9:0.00%']
                                          0msec<-
Central server round 80, loss : 1.83, accuracy :33.72%
Time past: 1296000msec
['0:4.80%', '1:35.40%', '2:17.30%', '3:10.90%', '4:36.40%', '5:24.50%', '6:44.20%', '7:33.10%', '8:84.80%', '9:45.80%']
                                          ->0msec
                                                     -> Cluster 6, loss : 1.83, accuracy 33.72%, model from round 81
                                                     ['0:4.80%', '1:35.40%', '2:17.30%', '3:10.90%', '4:36.40%', '5:24.50%', '6:44.20%', '7:33.10%', '8:84.80%', '9:45.80%']
                                                                                              <-> Client 0, global : from 33.72% to 15.95%, local : from 42.40% to 95.20%, training time : 8200msec
                                                     Cluster 6, round 1, loss : 3.35, accuracy 15.95% <-
                                                     Time past : 8200msec
                                                     ['0:26.90%', '1:7.50%', '2:0.00%', '3:0.00%', '4:0.00%', '5:0.00%', '6:99.80%', '7:6.10%', '8:8.80%', '9:10.40%']
                                          0msec<-
                                          ->0msec
                                                     -> Cluster 40, loss : 1.83, accuracy 33.72%, model from round 81
                                                     ['0:4.80%', '1:35.40%', '2:17.30%', '3:10.90%', '4:36.40%', '5:24.50%', '6:44.20%', '7:33.10%', '8:84.80%', '9:45.80%']
                                                                                              <-> Client 0, global : from 33.72% to 10.07%, local : from 18.16% to 94.81%, training time : 8200msec
                                                     Cluster 40, round 1, loss : 3.95, accuracy 10.07% <-
                                                     Time past : 8200msec
                                                     ['0:0.00%', '1:0.00%', '2:99.90%', '3:0.00%', '4:0.00%', '5:0.00%', '6:0.00%', '7:0.00%', '8:0.00%', '9:0.80%']
                                          0msec<-
                                          ->0msec
                                                     -> Cluster 20, loss : 1.83, accuracy 33.72%, model from round 81
                                                     ['0:4.80%', '1:35.40%', '2:17.30%', '3:10.90%', '4:36.40%', '5:24.50%', '6:44.20%', '7:33.10%', '8:84.80%', '9:45.80%']
                                                                                              <-> Client 0, global : from 33.72% to 11.55%, local : from 32.53% to 95.61%, training time : 8200msec
                                                     Cluster 20, round 1, loss : 4.28, accuracy 11.55% <-
                                                     Time past : 8200msec
                                                     ['0:0.20%', '1:1.50%', '2:0.00%', '3:0.00%', '4:99.90%', '5:0.10%', '6:0.00%', '7:0.00%', '8:13.30%', '9:0.50%']
                                          0msec<-
                                          ->0msec
                                                     -> Cluster 16, loss : 1.83, accuracy 33.72%, model from round 81
                                                     ['0:4.80%', '1:35.40%', '2:17.30%', '3:10.90%', '4:36.40%', '5:24.50%', '6:44.20%', '7:33.10%', '8:84.80%', '9:45.80%']
                                                                                              <-> Client 0, global : from 33.72% to 12.77%, local : from 48.80% to 95.20%, training time : 8200msec
                                                     Cluster 16, round 1, loss : 3.27, accuracy 12.77% <-
                                                     Time past : 8200msec
                                                     ['0:0.00%', '1:0.00%', '2:0.00%', '3:5.80%', '4:4.10%', '5:1.30%', '6:15.50%', '7:0.00%', '8:1.50%', '9:99.50%']
                                          0msec<-
                                          ->0msec
                                                     -> Cluster 80, loss : 1.83, accuracy 33.72%, model from round 81
                                                     ['0:4.80%', '1:35.40%', '2:17.30%', '3:10.90%', '4:36.40%', '5:24.50%', '6:44.20%', '7:33.10%', '8:84.80%', '9:45.80%']
                                                                                              <-> Client 0, global : from 33.72% to 17.07%, local : from 28.00% to 95.80%, training time : 16200msec
                                                     Cluster 80, round 1, loss : 3.20, accuracy 17.07% <-
                                                     Time past : 16200msec
                                                     ['0:2.20%', '1:36.90%', '2:0.00%', '3:0.00%', '4:0.00%', '5:99.00%', '6:0.30%', '7:2.30%', '8:21.70%', '9:8.30%']
                                          0msec<-
                                          ->0msec
                                                     -> Cluster 13, loss : 1.83, accuracy 33.72%, model from round 81
                                                     ['0:4.80%', '1:35.40%', '2:17.30%', '3:10.90%', '4:36.40%', '5:24.50%', '6:44.20%', '7:33.10%', '8:84.80%', '9:45.80%']
                                                                                              <-> Client 0, global : from 33.72% to 10.46%, local : from 46.40% to 95.00%, training time : 8200msec
                                                     Cluster 13, round 1, loss : 3.94, accuracy 10.46% <-
                                                     Time past : 8200msec
                                                     ['0:0.00%', '1:0.00%', '2:0.00%', '3:0.60%', '4:0.40%', '5:3.80%', '6:0.00%', '7:0.00%', '8:0.00%', '9:99.80%']
                                          0msec<-
                                          ->0msec
                                                     -> Cluster 14, loss : 1.83, accuracy 33.72%, model from round 81
                                                     ['0:4.80%', '1:35.40%', '2:17.30%', '3:10.90%', '4:36.40%', '5:24.50%', '6:44.20%', '7:33.10%', '8:84.80%', '9:45.80%']
                                                                                              <-> Client 0, global : from 33.72% to 13.41%, local : from 47.60% to 95.80%, training time : 8200msec
                                                     Cluster 14, round 1, loss : 3.27, accuracy 13.41% <-
                                                     Time past : 8200msec
                                                     ['0:0.70%', '1:0.00%', '2:0.00%', '3:0.10%', '4:25.70%', '5:6.90%', '6:0.70%', '7:0.00%', '8:0.30%', '9:99.70%']
                                          0msec<-
                                          ->0msec
                                                     -> Cluster 55, loss : 1.83, accuracy 33.72%, model from round 81
                                                     ['0:4.80%', '1:35.40%', '2:17.30%', '3:10.90%', '4:36.40%', '5:24.50%', '6:44.20%', '7:33.10%', '8:84.80%', '9:45.80%']
                                                                                              <-> Client 0, global : from 33.72% to 12.88%, local : from 34.20% to 95.60%, training time : 16200msec
                                                     Cluster 55, round 1, loss : 3.67, accuracy 12.88% <-
                                                     Time past : 16200msec
                                                     ['0:6.60%', '1:13.50%', '2:0.00%', '3:0.00%', '4:0.00%', '5:0.00%', '6:0.70%', '7:99.90%', '8:2.90%', '9:5.20%']
                                          0msec<-
                                          ->0msec
                                                     -> Cluster 81, loss : 1.83, accuracy 33.72%, model from round 81
                                                     ['0:4.80%', '1:35.40%', '2:17.30%', '3:10.90%', '4:36.40%', '5:24.50%', '6:44.20%', '7:33.10%', '8:84.80%', '9:45.80%']
                                                                                              <-> Client 0, global : from 33.72% to 10.18%, local : from 28.40% to 95.20%, training time : 16200msec
                                                     Cluster 81, round 1, loss : 4.15, accuracy 10.18% <-
                                                     Time past : 16200msec
                                                     ['0:0.30%', '1:0.50%', '2:0.00%', '3:0.00%', '4:0.00%', '5:100.00%', '6:0.00%', '7:0.00%', '8:0.00%', '9:1.00%']
                                          0msec<-
                                          ->0msec
                                                     -> Cluster 75, loss : 1.83, accuracy 33.72%, model from round 81
                                                     ['0:4.80%', '1:35.40%', '2:17.30%', '3:10.90%', '4:36.40%', '5:24.50%', '6:44.20%', '7:33.10%', '8:84.80%', '9:45.80%']
                                                                                              <-> Client 0, global : from 33.72% to 11.26%, local : from 10.00% to 95.60%, training time : 16200msec
                                                     Cluster 75, round 1, loss : 3.78, accuracy 11.26% <-
                                                     Time past : 16200msec
                                                     ['0:0.80%', '1:2.70%', '2:0.00%', '3:100.00%', '4:0.00%', '5:0.00%', '6:0.00%', '7:0.00%', '8:7.60%', '9:1.50%']
                                          0msec<-
Central server round 81, loss : 1.84, accuracy :31.80%
Time past: 1312200msec
['0:38.20%', '1:12.00%', '2:2.70%', '3:8.40%', '4:20.30%', '5:58.80%', '6:51.40%', '7:18.50%', '8:25.80%', '9:81.90%']
                                          ->0msec
                                                     -> Cluster 25, loss : 1.84, accuracy 31.80%, model from round 82
                                                     ['0:38.20%', '1:12.00%', '2:2.70%', '3:8.40%', '4:20.30%', '5:58.80%', '6:51.40%', '7:18.50%', '8:25.80%', '9:81.90%']
                                                                                              <-> Client 0, global : from 31.80% to 10.62%, local : from 20.40% to 95.00%, training time : 8200msec
                                                     Cluster 25, round 1, loss : 4.05, accuracy 10.62% <-
                                                     Time past : 8200msec
                                                     ['0:0.00%', '1:3.20%', '2:0.00%', '3:0.00%', '4:100.00%', '5:0.00%', '6:0.00%', '7:0.00%', '8:3.00%', '9:0.00%']
                                          0msec<-
                                          ->0msec
                                                     -> Cluster 97, loss : 1.84, accuracy 31.80%, model from round 82
                                                     ['0:38.20%', '1:12.00%', '2:2.70%', '3:8.40%', '4:20.30%', '5:58.80%', '6:51.40%', '7:18.50%', '8:25.80%', '9:81.90%']
                                                                                              <-> Client 0, global : from 31.80% to 10.28%, local : from 37.47% to 95.39%, training time : 16200msec
                                                     Cluster 97, round 1, loss : 3.87, accuracy 10.28% <-
                                                     Time past : 16200msec
                                                     ['0:100.00%', '1:0.00%', '2:0.00%', '3:0.20%', '4:2.40%', '5:0.10%', '6:0.10%', '7:0.00%', '8:0.00%', '9:0.00%']
                                          0msec<-
                                          ->0msec
                                                     -> Cluster 72, loss : 1.84, accuracy 31.80%, model from round 82
                                                     ['0:38.20%', '1:12.00%', '2:2.70%', '3:8.40%', '4:20.30%', '5:58.80%', '6:51.40%', '7:18.50%', '8:25.80%', '9:81.90%']
                                                                                              <-> Client 0, global : from 31.80% to 14.47%, local : from 11.80% to 96.00%, training time : 16200msec
                                                     Cluster 72, round 1, loss : 3.47, accuracy 14.47% <-
                                                     Time past : 16200msec
                                                     ['0:2.00%', '1:3.20%', '2:0.00%', '3:99.80%', '4:0.00%', '5:0.00%', '6:0.00%', '7:0.20%', '8:28.70%', '9:10.80%']
                                          0msec<-
                                          ->0msec
                                                     -> Cluster 48, loss : 1.84, accuracy 31.80%, model from round 82
                                                     ['0:38.20%', '1:12.00%', '2:2.70%', '3:8.40%', '4:20.30%', '5:58.80%', '6:51.40%', '7:18.50%', '8:25.80%', '9:81.90%']
                                                                                              <-> Client 0, global : from 31.80% to 10.10%, local : from 2.60% to 95.20%, training time : 8200msec
                                                     Cluster 48, round 1, loss : 4.18, accuracy 10.10% <-
                                                     Time past : 8200msec
                                                     ['0:0.00%', '1:0.20%', '2:99.90%', '3:0.00%', '4:0.00%', '5:0.00%', '6:0.00%', '7:0.00%', '8:0.00%', '9:0.90%']
                                          0msec<-
                                          ->0msec
                                                     -> Cluster 84, loss : 1.84, accuracy 31.80%, model from round 82
                                                     ['0:38.20%', '1:12.00%', '2:2.70%', '3:8.40%', '4:20.30%', '5:58.80%', '6:51.40%', '7:18.50%', '8:25.80%', '9:81.90%']
                                                                                              <-> Client 0, global : from 31.80% to 13.54%, local : from 61.52% to 95.79%, training time : 16200msec
                                                     Cluster 84, round 1, loss : 3.71, accuracy 13.54% <-
                                                     Time past : 16200msec
                                                     ['0:6.30%', '1:3.30%', '2:0.00%', '3:0.00%', '4:0.00%', '5:99.90%', '6:0.00%', '7:0.10%', '8:8.90%', '9:16.90%']
                                          0msec<-
                                          ->0msec
                                                     -> Cluster 61, loss : 1.84, accuracy 31.80%, model from round 82
                                                     ['0:38.20%', '1:12.00%', '2:2.70%', '3:8.40%', '4:20.30%', '5:58.80%', '6:51.40%', '7:18.50%', '8:25.80%', '9:81.90%']
                                                                                              <-> Client 0, global : from 31.80% to 14.82%, local : from 27.54% to 95.61%, training time : 16200msec
                                                     Cluster 61, round 1, loss : 3.46, accuracy 14.82% <-
                                                     Time past : 16200msec
                                                     ['0:0.00%', '1:0.30%', '2:0.00%', '3:3.20%', '4:31.00%', '5:7.70%', '6:0.10%', '7:5.80%', '8:99.70%', '9:0.40%']
                                          0msec<-
                                          ->0msec
                                                     -> Cluster 69, loss : 1.84, accuracy 31.80%, model from round 82
                                                     ['0:38.20%', '1:12.00%', '2:2.70%', '3:8.40%', '4:20.30%', '5:58.80%', '6:51.40%', '7:18.50%', '8:25.80%', '9:81.90%']
                                                                                              <-> Client 0, global : from 31.80% to 15.79%, local : from 27.20% to 96.40%, training time : 16200msec
                                                     Cluster 69, round 1, loss : 3.57, accuracy 15.79% <-
                                                     Time past : 16200msec
                                                     ['0:0.00%', '1:0.10%', '2:2.00%', '3:0.10%', '4:18.40%', '5:0.00%', '6:32.40%', '7:4.80%', '8:99.80%', '9:0.30%']
                                          0msec<-
                                          ->0msec
                                                     -> Cluster 78, loss : 1.84, accuracy 31.80%, model from round 82
                                                     ['0:38.20%', '1:12.00%', '2:2.70%', '3:8.40%', '4:20.30%', '5:58.80%', '6:51.40%', '7:18.50%', '8:25.80%', '9:81.90%']
                                                                                              <-> Client 0, global : from 31.80% to 12.87%, local : from 10.20% to 95.60%, training time : 16200msec
                                                     Cluster 78, round 1, loss : 4.00, accuracy 12.87% <-
                                                     Time past : 16200msec
                                                     ['0:4.50%', '1:0.20%', '2:0.00%', '3:99.90%', '4:0.00%', '5:0.00%', '6:0.00%', '7:0.10%', '8:12.90%', '9:11.10%']
                                          0msec<-
                                          ->0msec
                                                     -> Cluster 29, loss : 1.84, accuracy 31.80%, model from round 82
                                                     ['0:38.20%', '1:12.00%', '2:2.70%', '3:8.40%', '4:20.30%', '5:58.80%', '6:51.40%', '7:18.50%', '8:25.80%', '9:81.90%']
                                                                                              <-> Client 0, global : from 31.80% to 11.69%, local : from 22.00% to 95.00%, training time : 8200msec
                                                     Cluster 29, round 1, loss : 4.28, accuracy 11.69% <-
                                                     Time past : 8200msec
                                                     ['0:0.00%', '1:6.30%', '2:0.00%', '3:0.00%', '4:99.70%', '5:0.00%', '6:0.00%', '7:0.00%', '8:9.90%', '9:1.00%']
                                          0msec<-
                                          ->0msec
                                                     -> Cluster 34, loss : 1.84, accuracy 31.80%, model from round 82
                                                     ['0:38.20%', '1:12.00%', '2:2.70%', '3:8.40%', '4:20.30%', '5:58.80%', '6:51.40%', '7:18.50%', '8:25.80%', '9:81.90%']
                                                                                              <-> Client 0, global : from 31.80% to 10.67%, local : from 14.80% to 95.00%, training time : 8200msec
                                                     Cluster 34, round 1, loss : 3.49, accuracy 10.67% <-
                                                     Time past : 8200msec
                                                     ['0:0.00%', '1:99.90%', '2:0.00%', '3:0.00%', '4:4.60%', '5:1.10%', '6:0.90%', '7:0.20%', '8:0.00%', '9:0.00%']
                                          0msec<-
Central server round 82, loss : 1.83, accuracy :31.89%
Time past: 1328400msec
['0:25.40%', '1:38.30%', '2:0.90%', '3:44.30%', '4:71.00%', '5:15.60%', '6:3.20%', '7:14.80%', '8:76.10%', '9:29.30%']
                                          ->0msec
                                                     -> Cluster 85, loss : 1.83, accuracy 31.89%, model from round 83
                                                     ['0:25.40%', '1:38.30%', '2:0.90%', '3:44.30%', '4:71.00%', '5:15.60%', '6:3.20%', '7:14.80%', '8:76.10%', '9:29.30%']
                                                                                              <-> Client 0, global : from 31.89% to 14.21%, local : from 12.42% to 96.39%, training time : 16200msec
                                                     Cluster 85, round 1, loss : 4.29, accuracy 14.21% <-
                                                     Time past : 16200msec
                                                     ['0:17.70%', '1:0.80%', '2:0.00%', '3:0.00%', '4:0.00%', '5:99.80%', '6:0.00%', '7:0.00%', '8:16.30%', '9:7.50%']
                                          0msec<-
                                          ->0msec
                                                     -> Cluster 16, loss : 1.83, accuracy 31.89%, model from round 83
                                                     ['0:25.40%', '1:38.30%', '2:0.90%', '3:44.30%', '4:71.00%', '5:15.60%', '6:3.20%', '7:14.80%', '8:76.10%', '9:29.30%']
                                                                                              <-> Client 0, global : from 31.89% to 11.89%, local : from 32.00% to 95.00%, training time : 8200msec
                                                     Cluster 16, round 1, loss : 3.54, accuracy 11.89% <-
                                                     Time past : 8200msec
                                                     ['0:0.00%', '1:0.00%', '2:0.00%', '3:2.50%', '4:2.80%', '5:1.10%', '6:12.30%', '7:0.00%', '8:0.50%', '9:99.70%']
                                          0msec<-
                                          ->0msec
                                                     -> Cluster 23, loss : 1.83, accuracy 31.89%, model from round 83
                                                     ['0:25.40%', '1:38.30%', '2:0.90%', '3:44.30%', '4:71.00%', '5:15.60%', '6:3.20%', '7:14.80%', '8:76.10%', '9:29.30%']
                                                                                              <-> Client 0, global : from 31.89% to 10.82%, local : from 68.20% to 95.00%, training time : 8200msec
                                                     Cluster 23, round 1, loss : 4.63, accuracy 10.82% <-
                                                     Time past : 8200msec
                                                     ['0:2.20%', '1:3.00%', '2:0.00%', '3:0.00%', '4:100.00%', '5:0.00%', '6:0.00%', '7:0.00%', '8:3.00%', '9:0.00%']
                                          0msec<-
                                          ->0msec
                                                     -> Cluster 71, loss : 1.83, accuracy 31.89%, model from round 83
                                                     ['0:25.40%', '1:38.30%', '2:0.90%', '3:44.30%', '4:71.00%', '5:15.60%', '6:3.20%', '7:14.80%', '8:76.10%', '9:29.30%']
                                                                                              <-> Client 0, global : from 31.89% to 13.01%, local : from 47.80% to 96.00%, training time : 16200msec
                                                     Cluster 71, round 1, loss : 4.03, accuracy 13.01% <-
                                                     Time past : 16200msec
                                                     ['0:1.80%', '1:5.10%', '2:0.00%', '3:99.90%', '4:0.00%', '5:0.00%', '6:0.00%', '7:0.10%', '8:9.00%', '9:14.20%']
                                          0msec<-
                                          ->0msec
                                                     -> Cluster 2, loss : 1.83, accuracy 31.89%, model from round 83
                                                     ['0:25.40%', '1:38.30%', '2:0.90%', '3:44.30%', '4:71.00%', '5:15.60%', '6:3.20%', '7:14.80%', '8:76.10%', '9:29.30%']
                                                                                              <-> Client 0, global : from 31.89% to 13.25%, local : from 5.40% to 95.40%, training time : 8200msec
                                                     Cluster 2, round 1, loss : 4.31, accuracy 13.25% <-
                                                     Time past : 8200msec
                                                     ['0:9.30%', '1:3.30%', '2:0.00%', '3:0.00%', '4:0.00%', '5:0.00%', '6:100.00%', '7:0.30%', '8:17.80%', '9:1.80%']
                                          0msec<-
                                          ->0msec
                                                     -> Cluster 58, loss : 1.83, accuracy 31.89%, model from round 83
                                                     ['0:25.40%', '1:38.30%', '2:0.90%', '3:44.30%', '4:71.00%', '5:15.60%', '6:3.20%', '7:14.80%', '8:76.10%', '9:29.30%']
                                                                                              <-> Client 0, global : from 31.89% to 13.14%, local : from 14.60% to 95.60%, training time : 16200msec
                                                     Cluster 58, round 1, loss : 3.80, accuracy 13.14% <-
                                                     Time past : 16200msec
                                                     ['0:0.00%', '1:7.30%', '2:0.00%', '3:0.00%', '4:0.00%', '5:0.00%', '6:0.00%', '7:99.50%', '8:24.60%', '9:0.00%']
                                          0msec<-
                                          ->0msec
                                                     -> Cluster 96, loss : 1.83, accuracy 31.89%, model from round 83
                                                     ['0:25.40%', '1:38.30%', '2:0.90%', '3:44.30%', '4:71.00%', '5:15.60%', '6:3.20%', '7:14.80%', '8:76.10%', '9:29.30%']
                                                                                              <-> Client 0, global : from 31.89% to 12.60%, local : from 23.65% to 96.39%, training time : 16200msec
                                                     Cluster 96, round 1, loss : 3.05, accuracy 12.60% <-
                                                     Time past : 16200msec
                                                     ['0:99.60%', '1:4.10%', '2:0.00%', '3:2.30%', '4:1.10%', '5:10.20%', '6:2.30%', '7:0.90%', '8:0.00%', '9:5.50%']
                                          0msec<-
                                          ->0msec
                                                     -> Cluster 5, loss : 1.83, accuracy 31.89%, model from round 83
                                                     ['0:25.40%', '1:38.30%', '2:0.90%', '3:44.30%', '4:71.00%', '5:15.60%', '6:3.20%', '7:14.80%', '8:76.10%', '9:29.30%']
                                                                                              <-> Client 0, global : from 31.89% to 16.56%, local : from 4.80% to 95.20%, training time : 8200msec
                                                     Cluster 5, round 1, loss : 3.47, accuracy 16.56% <-
                                                     Time past : 8200msec
                                                     ['0:7.20%', '1:6.00%', '2:0.00%', '3:0.00%', '4:0.00%', '5:0.00%', '6:99.90%', '7:0.40%', '8:35.40%', '9:16.70%']
                                          0msec<-
                                          ->0msec
                                                     -> Cluster 62, loss : 1.83, accuracy 31.89%, model from round 83
                                                     ['0:25.40%', '1:38.30%', '2:0.90%', '3:44.30%', '4:71.00%', '5:15.60%', '6:3.20%', '7:14.80%', '8:76.10%', '9:29.30%']
                                                                                              <-> Client 0, global : from 31.89% to 10.44%, local : from 75.80% to 95.20%, training time : 16200msec
                                                     Cluster 62, round 1, loss : 3.93, accuracy 10.44% <-
                                                     Time past : 16200msec
                                                     ['0:0.00%', '1:0.20%', '2:0.00%', '3:0.20%', '4:2.10%', '5:0.80%', '6:0.20%', '7:0.80%', '8:100.00%', '9:0.10%']
                                          0msec<-
                                          ->0msec
                                                     -> Cluster 27, loss : 1.83, accuracy 31.89%, model from round 83
                                                     ['0:25.40%', '1:38.30%', '2:0.90%', '3:44.30%', '4:71.00%', '5:15.60%', '6:3.20%', '7:14.80%', '8:76.10%', '9:29.30%']
                                                                                              <-> Client 0, global : from 31.89% to 11.11%, local : from 66.60% to 95.00%, training time : 8200msec
                                                     Cluster 27, round 1, loss : 3.96, accuracy 11.11% <-
                                                     Time past : 8200msec
                                                     ['0:0.00%', '1:6.60%', '2:0.00%', '3:0.00%', '4:100.00%', '5:0.00%', '6:0.00%', '7:0.00%', '8:0.60%', '9:3.90%']
                                          0msec<-
Central server round 83, loss : 1.76, accuracy :37.73%
Time past: 1344600msec
['0:41.20%', '1:28.70%', '2:0.20%', '3:16.20%', '4:45.70%', '5:36.40%', '6:65.00%', '7:31.90%', '8:58.00%', '9:54.00%']
                                          ->0msec
                                                     -> Cluster 76, loss : 1.76, accuracy 37.73%, model from round 84
                                                     ['0:41.20%', '1:28.70%', '2:0.20%', '3:16.20%', '4:45.70%', '5:36.40%', '6:65.00%', '7:31.90%', '8:58.00%', '9:54.00%']
                                                                                              <-> Client 0, global : from 37.73% to 12.01%, local : from 17.20% to 95.80%, training time : 16200msec
                                                     Cluster 76, round 1, loss : 4.67, accuracy 12.01% <-
                                                     Time past : 16200msec
                                                     ['0:0.30%', '1:3.90%', '2:0.00%', '3:99.90%', '4:0.00%', '5:0.00%', '6:0.00%', '7:0.10%', '8:13.60%', '9:2.30%']
                                          0msec<-
                                          ->0msec
                                                     -> Cluster 64, loss : 1.76, accuracy 37.73%, model from round 84
                                                     ['0:41.20%', '1:28.70%', '2:0.20%', '3:16.20%', '4:45.70%', '5:36.40%', '6:65.00%', '7:31.90%', '8:58.00%', '9:54.00%']
                                                                                              <-> Client 0, global : from 37.73% to 11.45%, local : from 58.60% to 95.60%, training time : 16200msec
                                                     Cluster 64, round 1, loss : 4.16, accuracy 11.45% <-
                                                     Time past : 16200msec
                                                     ['0:0.10%', '1:0.00%', '2:0.10%', '3:0.00%', '4:7.80%', '5:0.00%', '6:0.50%', '7:6.00%', '8:100.00%', '9:0.00%']
                                          0msec<-
                                          ->0msec
                                                     -> Cluster 24, loss : 1.76, accuracy 37.73%, model from round 84
                                                     ['0:41.20%', '1:28.70%', '2:0.20%', '3:16.20%', '4:45.70%', '5:36.40%', '6:65.00%', '7:31.90%', '8:58.00%', '9:54.00%']
                                                                                              <-> Client 0, global : from 37.73% to 16.42%, local : from 43.20% to 95.40%, training time : 8200msec
                                                     Cluster 24, round 1, loss : 3.37, accuracy 16.42% <-
                                                     Time past : 8200msec
                                                     ['0:20.30%', '1:21.20%', '2:0.00%', '3:0.10%', '4:99.10%', '5:3.10%', '6:0.00%', '7:0.00%', '8:2.20%', '9:18.20%']
                                          0msec<-
                                          ->0msec
                                                     -> Cluster 65, loss : 1.76, accuracy 37.73%, model from round 84
                                                     ['0:41.20%', '1:28.70%', '2:0.20%', '3:16.20%', '4:45.70%', '5:36.40%', '6:65.00%', '7:31.90%', '8:58.00%', '9:54.00%']
                                                                                              <-> Client 0, global : from 37.73% to 15.28%, local : from 56.40% to 96.40%, training time : 16200msec
                                                     Cluster 65, round 1, loss : 3.51, accuracy 15.28% <-
                                                     Time past : 16200msec
                                                     ['0:0.00%', '1:0.00%', '2:0.30%', '3:0.00%', '4:6.30%', '5:9.80%', '6:19.00%', '7:17.40%', '8:100.00%', '9:0.00%']
                                          0msec<-
                                          ->0msec
                                                     -> Cluster 49, loss : 1.76, accuracy 37.73%, model from round 84
                                                     ['0:41.20%', '1:28.70%', '2:0.20%', '3:16.20%', '4:45.70%', '5:36.40%', '6:65.00%', '7:31.90%', '8:58.00%', '9:54.00%']
                                                                                              <-> Client 0, global : from 37.73% to 11.44%, local : from 2.60% to 95.40%, training time : 8200msec
                                                     Cluster 49, round 1, loss : 4.13, accuracy 11.44% <-
                                                     Time past : 8200msec
                                                     ['0:0.00%', '1:0.00%', '2:99.80%', '3:0.00%', '4:0.00%', '5:0.00%', '6:0.00%', '7:0.00%', '8:1.10%', '9:13.50%']
                                          0msec<-
                                          ->0msec
                                                     -> Cluster 66, loss : 1.76, accuracy 37.73%, model from round 84
                                                     ['0:41.20%', '1:28.70%', '2:0.20%', '3:16.20%', '4:45.70%', '5:36.40%', '6:65.00%', '7:31.90%', '8:58.00%', '9:54.00%']
                                                                                              <-> Client 0, global : from 37.73% to 16.57%, local : from 60.40% to 96.20%, training time : 16200msec
                                                     Cluster 66, round 1, loss : 2.78, accuracy 16.57% <-
                                                     Time past : 16200msec
                                                     ['0:0.00%', '1:0.50%', '2:0.00%', '3:2.60%', '4:8.70%', '5:9.60%', '6:16.60%', '7:21.10%', '8:99.20%', '9:7.40%']
                                          0msec<-
                                          ->0msec
                                                     -> Cluster 46, loss : 1.76, accuracy 37.73%, model from round 84
                                                     ['0:41.20%', '1:28.70%', '2:0.20%', '3:16.20%', '4:45.70%', '5:36.40%', '6:65.00%', '7:31.90%', '8:58.00%', '9:54.00%']
                                                                                              <-> Client 0, global : from 37.73% to 10.04%, local : from 2.20% to 95.00%, training time : 8200msec
                                                     Cluster 46, round 1, loss : 4.57, accuracy 10.04% <-
                                                     Time past : 8200msec
                                                     ['0:0.00%', '1:0.20%', '2:99.90%', '3:0.00%', '4:0.00%', '5:0.00%', '6:0.00%', '7:0.00%', '8:0.20%', '9:0.10%']
                                          0msec<-
                                          ->0msec
                                                     -> Cluster 25, loss : 1.76, accuracy 37.73%, model from round 84
                                                     ['0:41.20%', '1:28.70%', '2:0.20%', '3:16.20%', '4:45.70%', '5:36.40%', '6:65.00%', '7:31.90%', '8:58.00%', '9:54.00%']
                                                                                              <-> Client 0, global : from 37.73% to 10.45%, local : from 40.60% to 95.00%, training time : 8200msec
                                                     Cluster 25, round 1, loss : 4.51, accuracy 10.45% <-
                                                     Time past : 8200msec
                                                     ['0:0.00%', '1:2.40%', '2:0.00%', '3:0.00%', '4:100.00%', '5:0.00%', '6:0.00%', '7:0.00%', '8:2.10%', '9:0.00%']
                                          0msec<-
                                          ->0msec
                                                     -> Cluster 29, loss : 1.76, accuracy 37.73%, model from round 84
                                                     ['0:41.20%', '1:28.70%', '2:0.20%', '3:16.20%', '4:45.70%', '5:36.40%', '6:65.00%', '7:31.90%', '8:58.00%', '9:54.00%']
                                                                                              <-> Client 0, global : from 37.73% to 14.08%, local : from 45.80% to 95.40%, training time : 8200msec
                                                     Cluster 29, round 1, loss : 3.64, accuracy 14.08% <-
                                                     Time past : 8200msec
                                                     ['0:0.00%', '1:14.60%', '2:0.00%', '3:0.00%', '4:99.50%', '5:0.00%', '6:0.00%', '7:0.00%', '8:22.80%', '9:3.90%']
                                          0msec<-
                                          ->0msec
                                                     -> Cluster 84, loss : 1.76, accuracy 37.73%, model from round 84
                                                     ['0:41.20%', '1:28.70%', '2:0.20%', '3:16.20%', '4:45.70%', '5:36.40%', '6:65.00%', '7:31.90%', '8:58.00%', '9:54.00%']
                                                                                              <-> Client 0, global : from 37.73% to 15.49%, local : from 38.88% to 95.79%, training time : 16200msec
                                                     Cluster 84, round 1, loss : 3.38, accuracy 15.49% <-
                                                     Time past : 16200msec
                                                     ['0:14.00%', '1:7.70%', '2:0.00%', '3:0.00%', '4:0.00%', '5:99.90%', '6:0.00%', '7:0.30%', '8:13.20%', '9:19.80%']
                                          0msec<-
Central server round 84, loss : 1.88, accuracy :29.00%
Time past: 1360800msec
['0:8.70%', '1:28.90%', '2:7.30%', '3:10.00%', '4:80.50%', '5:21.70%', '6:3.90%', '7:14.30%', '8:82.90%', '9:31.80%']
                                          ->0msec
                                                     -> Cluster 74, loss : 1.88, accuracy 29.00%, model from round 85
                                                     ['0:8.70%', '1:28.90%', '2:7.30%', '3:10.00%', '4:80.50%', '5:21.70%', '6:3.90%', '7:14.30%', '8:82.90%', '9:31.80%']
                                                                                              <-> Client 0, global : from 29.00% to 12.06%, local : from 10.80% to 95.60%, training time : 16200msec
                                                     Cluster 74, round 1, loss : 3.90, accuracy 12.06% <-
                                                     Time past : 16200msec
                                                     ['0:0.70%', '1:1.10%', '2:0.00%', '3:100.00%', '4:0.00%', '5:0.00%', '6:0.00%', '7:1.20%', '8:16.30%', '9:1.30%']
                                          0msec<-
                                          ->0msec
                                                     -> Cluster 64, loss : 1.88, accuracy 29.00%, model from round 85
                                                     ['0:8.70%', '1:28.90%', '2:7.30%', '3:10.00%', '4:80.50%', '5:21.70%', '6:3.90%', '7:14.30%', '8:82.90%', '9:31.80%']
                                                                                              <-> Client 0, global : from 29.00% to 13.82%, local : from 81.60% to 96.00%, training time : 16200msec
                                                     Cluster 64, round 1, loss : 3.35, accuracy 13.82% <-
                                                     Time past : 16200msec
                                                     ['0:1.20%', '1:1.10%', '2:0.40%', '3:0.10%', '4:18.00%', '5:0.00%', '6:3.30%', '7:13.70%', '8:99.80%', '9:0.60%']
                                          0msec<-
                                          ->0msec
                                                     -> Cluster 8, loss : 1.88, accuracy 29.00%, model from round 85
                                                     ['0:8.70%', '1:28.90%', '2:7.30%', '3:10.00%', '4:80.50%', '5:21.70%', '6:3.90%', '7:14.30%', '8:82.90%', '9:31.80%']
                                                                                              <-> Client 0, global : from 29.00% to 15.99%, local : from 5.40% to 95.40%, training time : 8200msec
                                                     Cluster 8, round 1, loss : 3.69, accuracy 15.99% <-
                                                     Time past : 8200msec
                                                     ['0:10.60%', '1:7.50%', '2:0.10%', '3:0.00%', '4:0.00%', '5:0.00%', '6:99.80%', '7:0.00%', '8:21.60%', '9:20.30%']
                                          0msec<-
                                          ->0msec
                                                     -> Cluster 72, loss : 1.88, accuracy 29.00%, model from round 85
                                                     ['0:8.70%', '1:28.90%', '2:7.30%', '3:10.00%', '4:80.50%', '5:21.70%', '6:3.90%', '7:14.30%', '8:82.90%', '9:31.80%']
                                                                                              <-> Client 0, global : from 29.00% to 12.94%, local : from 13.80% to 95.80%, training time : 16200msec
                                                     Cluster 72, round 1, loss : 3.59, accuracy 12.94% <-
                                                     Time past : 16200msec
                                                     ['0:2.10%', '1:2.10%', '2:0.00%', '3:100.00%', '4:0.00%', '5:0.00%', '6:0.00%', '7:0.10%', '8:16.30%', '9:8.80%']
                                          0msec<-
                                          ->0msec
                                                     -> Cluster 50, loss : 1.88, accuracy 29.00%, model from round 85
                                                     ['0:8.70%', '1:28.90%', '2:7.30%', '3:10.00%', '4:80.50%', '5:21.70%', '6:3.90%', '7:14.30%', '8:82.90%', '9:31.80%']
                                                                                              <-> Client 0, global : from 29.00% to 12.49%, local : from 12.97% to 95.41%, training time : 16200msec
                                                     Cluster 50, round 1, loss : 3.80, accuracy 12.49% <-
                                                     Time past : 16200msec
                                                     ['0:12.80%', '1:5.50%', '2:0.00%', '3:0.00%', '4:0.00%', '5:0.20%', '6:0.00%', '7:100.00%', '8:0.00%', '9:6.40%']
                                          0msec<-
                                          ->0msec
                                                     -> Cluster 11, loss : 1.88, accuracy 29.00%, model from round 85
                                                     ['0:8.70%', '1:28.90%', '2:7.30%', '3:10.00%', '4:80.50%', '5:21.70%', '6:3.90%', '7:14.30%', '8:82.90%', '9:31.80%']
                                                                                              <-> Client 0, global : from 29.00% to 14.06%, local : from 33.53% to 95.61%, training time : 8200msec
                                                     Cluster 11, round 1, loss : 3.30, accuracy 14.06% <-
                                                     Time past : 8200msec
                                                     ['0:0.00%', '1:0.00%', '2:0.10%', '3:2.00%', '4:6.60%', '5:1.10%', '6:26.60%', '7:4.60%', '8:0.00%', '9:99.60%']
                                          0msec<-
                                          ->0msec
                                                     -> Cluster 51, loss : 1.88, accuracy 29.00%, model from round 85
                                                     ['0:8.70%', '1:28.90%', '2:7.30%', '3:10.00%', '4:80.50%', '5:21.70%', '6:3.90%', '7:14.30%', '8:82.90%', '9:31.80%']
                                                                                              <-> Client 0, global : from 29.00% to 12.97%, local : from 13.37% to 95.01%, training time : 16200msec
                                                     Cluster 51, round 1, loss : 4.20, accuracy 12.97% <-
                                                     Time past : 16200msec
                                                     ['0:10.50%', '1:2.40%', '2:0.00%', '3:0.00%', '4:0.00%', '5:0.00%', '6:0.00%', '7:99.50%', '8:17.30%', '9:0.00%']
                                          0msec<-
                                          ->0msec
                                                     -> Cluster 65, loss : 1.88, accuracy 29.00%, model from round 85
                                                     ['0:8.70%', '1:28.90%', '2:7.30%', '3:10.00%', '4:80.50%', '5:21.70%', '6:3.90%', '7:14.30%', '8:82.90%', '9:31.80%']
                                                                                              <-> Client 0, global : from 29.00% to 13.13%, local : from 77.80% to 95.60%, training time : 16200msec
                                                     Cluster 65, round 1, loss : 3.95, accuracy 13.13% <-
                                                     Time past : 16200msec
                                                     ['0:0.00%', '1:0.00%', '2:0.10%', '3:0.00%', '4:4.30%', '5:6.20%', '6:9.30%', '7:11.30%', '8:100.00%', '9:0.10%']
                                          0msec<-
                                          ->0msec
                                                     -> Cluster 73, loss : 1.88, accuracy 29.00%, model from round 85
                                                     ['0:8.70%', '1:28.90%', '2:7.30%', '3:10.00%', '4:80.50%', '5:21.70%', '6:3.90%', '7:14.30%', '8:82.90%', '9:31.80%']
                                                                                              <-> Client 0, global : from 29.00% to 11.42%, local : from 12.60% to 95.00%, training time : 16200msec
                                                     Cluster 73, round 1, loss : 4.47, accuracy 11.42% <-
                                                     Time past : 16200msec
                                                     ['0:10.00%', '1:1.80%', '2:0.00%', '3:99.90%', '4:0.00%', '5:0.00%', '6:0.00%', '7:0.10%', '8:1.80%', '9:0.60%']
                                          0msec<-
                                          ->0msec
                                                     -> Cluster 82, loss : 1.88, accuracy 29.00%, model from round 85
                                                     ['0:8.70%', '1:28.90%', '2:7.30%', '3:10.00%', '4:80.50%', '5:21.70%', '6:3.90%', '7:14.30%', '8:82.90%', '9:31.80%']
                                                                                              <-> Client 0, global : from 29.00% to 14.01%, local : from 22.60% to 95.60%, training time : 16200msec
                                                     Cluster 82, round 1, loss : 4.10, accuracy 14.01% <-
                                                     Time past : 16200msec
                                                     ['0:9.70%', '1:0.80%', '2:0.00%', '3:0.00%', '4:0.00%', '5:99.90%', '6:0.00%', '7:0.30%', '8:27.90%', '9:1.50%']
                                          0msec<-
Central server round 85, loss : 1.83, accuracy :34.19%
Time past: 1377000msec
['0:27.80%', '1:20.20%', '2:0.40%', '3:64.20%', '4:0.50%', '5:6.00%', '6:49.80%', '7:57.50%', '8:69.10%', '9:46.40%']
                                          ->0msec
                                                     -> Cluster 75, loss : 1.83, accuracy 34.19%, model from round 86
                                                     ['0:27.80%', '1:20.20%', '2:0.40%', '3:64.20%', '4:0.50%', '5:6.00%', '6:49.80%', '7:57.50%', '8:69.10%', '9:46.40%']
                                                                                              <-> Client 0, global : from 34.19% to 10.44%, local : from 61.60% to 95.00%, training time : 16200msec
                                                     Cluster 75, round 1, loss : 4.41, accuracy 10.44% <-
                                                     Time past : 16200msec
                                                     ['0:0.40%', '1:0.70%', '2:0.00%', '3:100.00%', '4:0.00%', '5:0.00%', '6:0.00%', '7:0.00%', '8:2.90%', '9:0.40%']
                                          0msec<-
                                          ->0msec
                                                     -> Cluster 95, loss : 1.83, accuracy 34.19%, model from round 86
                                                     ['0:27.80%', '1:20.20%', '2:0.40%', '3:64.20%', '4:0.50%', '5:6.00%', '6:49.80%', '7:57.50%', '8:69.10%', '9:46.40%']
                                                                                              <-> Client 0, global : from 34.19% to 10.62%, local : from 29.26% to 95.59%, training time : 16200msec
                                                     Cluster 95, round 1, loss : 3.69, accuracy 10.62% <-
                                                     Time past : 16200msec
                                                     ['0:100.00%', '1:0.30%', '2:0.00%', '3:0.00%', '4:0.00%', '5:0.20%', '6:5.40%', '7:0.00%', '8:0.00%', '9:0.30%']
                                          0msec<-
                                          ->0msec
                                                     -> Cluster 40, loss : 1.83, accuracy 34.19%, model from round 86
                                                     ['0:27.80%', '1:20.20%', '2:0.40%', '3:64.20%', '4:0.50%', '5:6.00%', '6:49.80%', '7:57.50%', '8:69.10%', '9:46.40%']
                                                                                              <-> Client 0, global : from 34.19% to 10.33%, local : from 1.80% to 94.81%, training time : 8200msec
                                                     Cluster 40, round 1, loss : 3.89, accuracy 10.33% <-
                                                     Time past : 8200msec
                                                     ['0:0.00%', '1:0.00%', '2:99.90%', '3:0.00%', '4:0.00%', '5:0.00%', '6:0.00%', '7:0.00%', '8:0.10%', '9:3.30%']
                                          0msec<-
                                          ->0msec
                                                     -> Cluster 19, loss : 1.83, accuracy 34.19%, model from round 86
                                                     ['0:27.80%', '1:20.20%', '2:0.40%', '3:64.20%', '4:0.50%', '5:6.00%', '6:49.80%', '7:57.50%', '8:69.10%', '9:46.40%']
                                                                                              <-> Client 0, global : from 34.19% to 11.25%, local : from 44.80% to 95.00%, training time : 8200msec
                                                     Cluster 19, round 1, loss : 3.43, accuracy 11.25% <-
                                                     Time past : 8200msec
                                                     ['0:5.30%', '1:0.00%', '2:0.00%', '3:0.40%', '4:0.10%', '5:5.30%', '6:0.90%', '7:0.30%', '8:0.50%', '9:99.70%']
                                          0msec<-
                                          ->0msec
                                                     -> Cluster 76, loss : 1.83, accuracy 34.19%, model from round 86
                                                     ['0:27.80%', '1:20.20%', '2:0.40%', '3:64.20%', '4:0.50%', '5:6.00%', '6:49.80%', '7:57.50%', '8:69.10%', '9:46.40%']
                                                                                              <-> Client 0, global : from 34.19% to 16.32%, local : from 62.00% to 96.40%, training time : 16200msec
                                                     Cluster 76, round 1, loss : 3.59, accuracy 16.32% <-
                                                     Time past : 16200msec
                                                     ['0:3.00%', '1:17.90%', '2:0.00%', '3:99.60%', '4:0.00%', '5:0.00%', '6:0.00%', '7:1.50%', '8:29.40%', '9:11.80%']
                                          0msec<-
                                          ->0msec
                                                     -> Cluster 71, loss : 1.83, accuracy 34.19%, model from round 86
                                                     ['0:27.80%', '1:20.20%', '2:0.40%', '3:64.20%', '4:0.50%', '5:6.00%', '6:49.80%', '7:57.50%', '8:69.10%', '9:46.40%']
                                                                                              <-> Client 0, global : from 34.19% to 13.46%, local : from 64.00% to 96.00%, training time : 16200msec
                                                     Cluster 71, round 1, loss : 3.93, accuracy 13.46% <-
                                                     Time past : 16200msec
                                                     ['0:2.50%', '1:5.20%', '2:0.00%', '3:99.90%', '4:0.00%', '5:0.00%', '6:0.00%', '7:0.30%', '8:8.60%', '9:18.10%']
                                          0msec<-
                                          ->0msec
                                                     -> Cluster 35, loss : 1.83, accuracy 34.19%, model from round 86
                                                     ['0:27.80%', '1:20.20%', '2:0.40%', '3:64.20%', '4:0.50%', '5:6.00%', '6:49.80%', '7:57.50%', '8:69.10%', '9:46.40%']
                                                                                              <-> Client 0, global : from 34.19% to 10.19%, local : from 23.00% to 95.00%, training time : 8200msec
                                                     Cluster 35, round 1, loss : 3.67, accuracy 10.19% <-
                                                     Time past : 8200msec
                                                     ['0:0.20%', '1:100.00%', '2:0.10%', '3:0.00%', '4:1.30%', '5:0.00%', '6:0.30%', '7:0.00%', '8:0.00%', '9:0.00%']
                                          0msec<-
                                          ->0msec
                                                     -> Cluster 8, loss : 1.83, accuracy 34.19%, model from round 86
                                                     ['0:27.80%', '1:20.20%', '2:0.40%', '3:64.20%', '4:0.50%', '5:6.00%', '6:49.80%', '7:57.50%', '8:69.10%', '9:46.40%']
                                                                                              <-> Client 0, global : from 34.19% to 16.53%, local : from 49.00% to 95.60%, training time : 8200msec
                                                     Cluster 8, round 1, loss : 3.48, accuracy 16.53% <-
                                                     Time past : 8200msec
                                                     ['0:13.50%', '1:6.60%', '2:0.10%', '3:0.00%', '4:0.00%', '5:0.00%', '6:99.80%', '7:0.00%', '8:23.30%', '9:22.00%']
                                          0msec<-
                                          ->0msec
                                                     -> Cluster 77, loss : 1.83, accuracy 34.19%, model from round 86
                                                     ['0:27.80%', '1:20.20%', '2:0.40%', '3:64.20%', '4:0.50%', '5:6.00%', '6:49.80%', '7:57.50%', '8:69.10%', '9:46.40%']
                                                                                              <-> Client 0, global : from 34.19% to 12.93%, local : from 59.60% to 96.00%, training time : 16200msec
                                                     Cluster 77, round 1, loss : 4.25, accuracy 12.93% <-
                                                     Time past : 16200msec
                                                     ['0:0.90%', '1:5.70%', '2:0.00%', '3:99.70%', '4:0.30%', '5:0.00%', '6:0.00%', '7:0.20%', '8:22.50%', '9:0.00%']
                                          0msec<-
                                          ->0msec
                                                     -> Cluster 99, loss : 1.83, accuracy 34.19%, model from round 86
                                                     ['0:27.80%', '1:20.20%', '2:0.40%', '3:64.20%', '4:0.50%', '5:6.00%', '6:49.80%', '7:57.50%', '8:69.10%', '9:46.40%']
                                                                                              <-> Client 0, global : from 34.19% to 10.61%, local : from 27.05% to 95.59%, training time : 16200msec
                                                     Cluster 99, round 1, loss : 3.69, accuracy 10.61% <-
                                                     Time past : 16200msec
                                                     ['0:100.00%', '1:0.40%', '2:0.00%', '3:0.00%', '4:0.00%', '5:4.30%', '6:1.40%', '7:0.00%', '8:0.00%', '9:0.00%']
                                          0msec<-
Central server round 86, loss : 1.93, accuracy :29.18%
Time past: 1393200msec
['0:61.00%', '1:33.20%', '2:2.50%', '3:88.80%', '4:2.70%', '5:0.00%', '6:19.90%', '7:14.70%', '8:21.80%', '9:47.20%']
                                          ->0msec
                                                     -> Cluster 47, loss : 1.93, accuracy 29.18%, model from round 87
                                                     ['0:61.00%', '1:33.20%', '2:2.50%', '3:88.80%', '4:2.70%', '5:0.00%', '6:19.90%', '7:14.70%', '8:21.80%', '9:47.20%']
                                                                                              <-> Client 0, global : from 29.18% to 10.62%, local : from 4.00% to 95.20%, training time : 8200msec
                                                     Cluster 47, round 1, loss : 3.82, accuracy 10.62% <-
                                                     Time past : 8200msec
                                                     ['0:0.00%', '1:4.00%', '2:99.80%', '3:0.00%', '4:0.00%', '5:0.00%', '6:0.00%', '7:0.20%', '8:1.70%', '9:0.50%']
                                          0msec<-
                                          ->0msec
                                                     -> Cluster 96, loss : 1.93, accuracy 29.18%, model from round 87
                                                     ['0:61.00%', '1:33.20%', '2:2.50%', '3:88.80%', '4:2.70%', '5:0.00%', '6:19.90%', '7:14.70%', '8:21.80%', '9:47.20%']
                                                                                              <-> Client 0, global : from 29.18% to 10.44%, local : from 58.52% to 95.19%, training time : 16200msec
                                                     Cluster 96, round 1, loss : 4.15, accuracy 10.44% <-
                                                     Time past : 16200msec
                                                     ['0:99.90%', '1:0.20%', '2:0.00%', '3:0.30%', '4:0.00%', '5:1.90%', '6:0.40%', '7:0.00%', '8:0.00%', '9:1.70%']
                                          0msec<-
                                          ->0msec
                                                     -> Cluster 70, loss : 1.93, accuracy 29.18%, model from round 87
                                                     ['0:61.00%', '1:33.20%', '2:2.50%', '3:88.80%', '4:2.70%', '5:0.00%', '6:19.90%', '7:14.70%', '8:21.80%', '9:47.20%']
                                                                                              <-> Client 0, global : from 29.18% to 10.25%, local : from 85.00% to 95.20%, training time : 16200msec
                                                     Cluster 70, round 1, loss : 4.56, accuracy 10.25% <-
                                                     Time past : 16200msec
                                                     ['0:0.30%', '1:0.10%', '2:0.00%', '3:100.00%', '4:0.00%', '5:0.00%', '6:0.00%', '7:0.00%', '8:1.80%', '9:0.30%']
                                          0msec<-
                                          ->0msec
                                                     -> Cluster 4, loss : 1.93, accuracy 29.18%, model from round 87
                                                     ['0:61.00%', '1:33.20%', '2:2.50%', '3:88.80%', '4:2.70%', '5:0.00%', '6:19.90%', '7:14.70%', '8:21.80%', '9:47.20%']
                                                                                              <-> Client 0, global : from 29.18% to 16.30%, local : from 19.80% to 95.60%, training time : 8200msec
                                                     Cluster 4, round 1, loss : 3.62, accuracy 16.30% <-
                                                     Time past : 8200msec
                                                     ['0:40.80%', '1:4.80%', '2:0.00%', '3:0.00%', '4:0.00%', '5:0.00%', '6:99.80%', '7:0.50%', '8:13.20%', '9:3.90%']
                                          0msec<-
                                          ->0msec
                                                     -> Cluster 81, loss : 1.93, accuracy 29.18%, model from round 87
                                                     ['0:61.00%', '1:33.20%', '2:2.50%', '3:88.80%', '4:2.70%', '5:0.00%', '6:19.90%', '7:14.70%', '8:21.80%', '9:47.20%']
                                                                                              <-> Client 0, global : from 29.18% to 10.60%, local : from 1.20% to 95.20%, training time : 16200msec
                                                     Cluster 81, round 1, loss : 4.09, accuracy 10.60% <-
                                                     Time past : 16200msec
                                                     ['0:1.60%', '1:1.90%', '2:0.00%', '3:0.00%', '4:0.00%', '5:100.00%', '6:0.00%', '7:0.00%', '8:0.00%', '9:2.50%']
                                          0msec<-
                                          ->0msec
                                                     -> Cluster 74, loss : 1.93, accuracy 29.18%, model from round 87
                                                     ['0:61.00%', '1:33.20%', '2:2.50%', '3:88.80%', '4:2.70%', '5:0.00%', '6:19.90%', '7:14.70%', '8:21.80%', '9:47.20%']
                                                                                              <-> Client 0, global : from 29.18% to 10.75%, local : from 85.20% to 95.20%, training time : 16200msec
                                                     Cluster 74, round 1, loss : 4.61, accuracy 10.75% <-
                                                     Time past : 16200msec
                                                     ['0:0.50%', '1:0.30%', '2:0.00%', '3:100.00%', '4:0.00%', '5:0.00%', '6:0.00%', '7:0.30%', '8:5.40%', '9:1.00%']
                                          0msec<-
                                          ->0msec
                                                     -> Cluster 9, loss : 1.93, accuracy 29.18%, model from round 87
                                                     ['0:61.00%', '1:33.20%', '2:2.50%', '3:88.80%', '4:2.70%', '5:0.00%', '6:19.90%', '7:14.70%', '8:21.80%', '9:47.20%']
                                                                                              <-> Client 0, global : from 29.18% to 16.57%, local : from 18.60% to 96.60%, training time : 8200msec
                                                     Cluster 9, round 1, loss : 3.74, accuracy 16.57% <-
                                                     Time past : 8200msec
                                                     ['0:30.70%', '1:9.40%', '2:0.00%', '3:0.00%', '4:0.00%', '5:0.00%', '6:99.80%', '7:0.00%', '8:15.60%', '9:10.20%']
                                          0msec<-
                                          ->0msec
                                                     -> Cluster 62, loss : 1.93, accuracy 29.18%, model from round 87
                                                     ['0:61.00%', '1:33.20%', '2:2.50%', '3:88.80%', '4:2.70%', '5:0.00%', '6:19.90%', '7:14.70%', '8:21.80%', '9:47.20%']
                                                                                              <-> Client 0, global : from 29.18% to 10.41%, local : from 21.00% to 95.20%, training time : 16200msec
                                                     Cluster 62, round 1, loss : 3.84, accuracy 10.41% <-
                                                     Time past : 16200msec
                                                     ['0:0.00%', '1:0.40%', '2:0.10%', '3:0.50%', '4:1.00%', '5:0.60%', '6:0.70%', '7:0.70%', '8:100.00%', '9:0.10%']
                                          0msec<-
                                          ->0msec
                                                     -> Cluster 10, loss : 1.93, accuracy 29.18%, model from round 87
                                                     ['0:61.00%', '1:33.20%', '2:2.50%', '3:88.80%', '4:2.70%', '5:0.00%', '6:19.90%', '7:14.70%', '8:21.80%', '9:47.20%']
                                                                                              <-> Client 0, global : from 29.18% to 10.17%, local : from 44.91% to 94.81%, training time : 8200msec
                                                     Cluster 10, round 1, loss : 3.45, accuracy 10.17% <-
                                                     Time past : 8200msec
                                                     ['0:0.00%', '1:0.00%', '2:1.70%', '3:0.00%', '4:0.00%', '5:0.00%', '6:0.00%', '7:0.00%', '8:0.00%', '9:100.00%']
                                          0msec<-
                                          ->0msec
                                                     -> Cluster 69, loss : 1.93, accuracy 29.18%, model from round 87
                                                     ['0:61.00%', '1:33.20%', '2:2.50%', '3:88.80%', '4:2.70%', '5:0.00%', '6:19.90%', '7:14.70%', '8:21.80%', '9:47.20%']
                                                                                              <-> Client 0, global : from 29.18% to 15.72%, local : from 19.60% to 96.40%, training time : 16200msec
                                                     Cluster 69, round 1, loss : 3.85, accuracy 15.72% <-
                                                     Time past : 16200msec
                                                     ['0:0.00%', '1:0.30%', '2:2.70%', '3:0.30%', '4:16.10%', '5:0.00%', '6:32.30%', '7:5.40%', '8:100.00%', '9:0.10%']
                                          0msec<-
Central server round 87, loss : 1.78, accuracy :35.92%
Time past: 1409400msec
['0:49.10%', '1:23.70%', '2:14.00%', '3:37.30%', '4:1.10%', '5:15.40%', '6:73.40%', '7:27.30%', '8:67.20%', '9:50.70%']
                                          ->0msec
                                                     -> Cluster 51, loss : 1.78, accuracy 35.92%, model from round 88
                                                     ['0:49.10%', '1:23.70%', '2:14.00%', '3:37.30%', '4:1.10%', '5:15.40%', '6:73.40%', '7:27.30%', '8:67.20%', '9:50.70%']
                                                                                              <-> Client 0, global : from 35.92% to 15.80%, local : from 26.75% to 95.61%, training time : 16200msec
                                                     Cluster 51, round 1, loss : 3.18, accuracy 15.80% <-
                                                     Time past : 16200msec
                                                     ['0:18.20%', '1:9.00%', '2:0.00%', '3:0.10%', '4:0.00%', '5:0.00%', '6:1.20%', '7:99.00%', '8:28.80%', '9:1.70%']
                                          0msec<-
                                          ->0msec
                                                     -> Cluster 40, loss : 1.78, accuracy 35.92%, model from round 88
                                                     ['0:49.10%', '1:23.70%', '2:14.00%', '3:37.30%', '4:1.10%', '5:15.40%', '6:73.40%', '7:27.30%', '8:67.20%', '9:50.70%']
                                                                                              <-> Client 0, global : from 35.92% to 11.14%, local : from 12.77% to 94.81%, training time : 8200msec
                                                     Cluster 40, round 1, loss : 3.44, accuracy 11.14% <-
                                                     Time past : 8200msec
                                                     ['0:0.00%', '1:0.20%', '2:99.80%', '3:0.00%', '4:0.00%', '5:0.00%', '6:0.00%', '7:0.00%', '8:0.10%', '9:11.30%']
                                          0msec<-
                                          ->0msec
                                                     -> Cluster 65, loss : 1.78, accuracy 35.92%, model from round 88
                                                     ['0:49.10%', '1:23.70%', '2:14.00%', '3:37.30%', '4:1.10%', '5:15.40%', '6:73.40%', '7:27.30%', '8:67.20%', '9:50.70%']
                                                                                              <-> Client 0, global : from 35.92% to 15.31%, local : from 65.00% to 96.60%, training time : 16200msec
                                                     Cluster 65, round 1, loss : 3.40, accuracy 15.31% <-
                                                     Time past : 16200msec
                                                     ['0:0.00%', '1:0.00%', '2:1.20%', '3:0.00%', '4:4.00%', '5:7.30%', '6:21.00%', '7:18.40%', '8:100.00%', '9:1.20%']
                                          0msec<-
                                          ->0msec
                                                     -> Cluster 53, loss : 1.78, accuracy 35.92%, model from round 88
                                                     ['0:49.10%', '1:23.70%', '2:14.00%', '3:37.30%', '4:1.10%', '5:15.40%', '6:73.40%', '7:27.30%', '8:67.20%', '9:50.70%']
                                                                                              <-> Client 0, global : from 35.92% to 11.83%, local : from 26.80% to 95.80%, training time : 16200msec
                                                     Cluster 53, round 1, loss : 4.13, accuracy 11.83% <-
                                                     Time past : 16200msec
                                                     ['0:11.60%', '1:3.20%', '2:0.00%', '3:0.00%', '4:0.00%', '5:0.00%', '6:0.00%', '7:100.00%', '8:2.60%', '9:0.90%']
                                          0msec<-
                                          ->0msec
                                                     -> Cluster 46, loss : 1.78, accuracy 35.92%, model from round 88
                                                     ['0:49.10%', '1:23.70%', '2:14.00%', '3:37.30%', '4:1.10%', '5:15.40%', '6:73.40%', '7:27.30%', '8:67.20%', '9:50.70%']
                                                                                              <-> Client 0, global : from 35.92% to 10.09%, local : from 17.60% to 95.00%, training time : 8200msec
                                                     Cluster 46, round 1, loss : 4.63, accuracy 10.09% <-
                                                     Time past : 8200msec
                                                     ['0:0.00%', '1:0.30%', '2:99.90%', '3:0.00%', '4:0.00%', '5:0.00%', '6:0.00%', '7:0.00%', '8:0.50%', '9:0.20%']
                                          0msec<-
                                          ->0msec
                                                     -> Cluster 43, loss : 1.78, accuracy 35.92%, model from round 88
                                                     ['0:49.10%', '1:23.70%', '2:14.00%', '3:37.30%', '4:1.10%', '5:15.40%', '6:73.40%', '7:27.30%', '8:67.20%', '9:50.70%']
                                                                                              <-> Client 0, global : from 35.92% to 10.63%, local : from 17.40% to 95.00%, training time : 8200msec
                                                     Cluster 43, round 1, loss : 4.65, accuracy 10.63% <-
                                                     Time past : 8200msec
                                                     ['0:0.00%', '1:0.80%', '2:99.90%', '3:0.00%', '4:0.00%', '5:0.00%', '6:0.00%', '7:0.00%', '8:5.60%', '9:0.00%']
                                          0msec<-
                                          ->0msec
                                                     -> Cluster 33, loss : 1.78, accuracy 35.92%, model from round 88
                                                     ['0:49.10%', '1:23.70%', '2:14.00%', '3:37.30%', '4:1.10%', '5:15.40%', '6:73.40%', '7:27.30%', '8:67.20%', '9:50.70%']
                                                                                              <-> Client 0, global : from 35.92% to 12.26%, local : from 23.60% to 95.40%, training time : 8200msec
                                                     Cluster 33, round 1, loss : 3.20, accuracy 12.26% <-
                                                     Time past : 8200msec
                                                     ['0:5.80%', '1:99.80%', '2:0.00%', '3:2.10%', '4:10.90%', '5:2.50%', '6:1.10%', '7:0.40%', '8:0.00%', '9:0.00%']
                                          0msec<-
                                          ->0msec
                                                     -> Cluster 77, loss : 1.78, accuracy 35.92%, model from round 88
                                                     ['0:49.10%', '1:23.70%', '2:14.00%', '3:37.30%', '4:1.10%', '5:15.40%', '6:73.40%', '7:27.30%', '8:67.20%', '9:50.70%']
                                                                                              <-> Client 0, global : from 35.92% to 12.59%, local : from 39.20% to 96.20%, training time : 16200msec
                                                     Cluster 77, round 1, loss : 4.29, accuracy 12.59% <-
                                                     Time past : 16200msec
                                                     ['0:0.90%', '1:5.40%', '2:0.00%', '3:99.80%', '4:0.60%', '5:0.00%', '6:0.00%', '7:0.20%', '8:19.00%', '9:0.00%']
                                          0msec<-
                                          ->0msec
                                                     -> Cluster 47, loss : 1.78, accuracy 35.92%, model from round 88
                                                     ['0:49.10%', '1:23.70%', '2:14.00%', '3:37.30%', '4:1.10%', '5:15.40%', '6:73.40%', '7:27.30%', '8:67.20%', '9:50.70%']
                                                                                              <-> Client 0, global : from 35.92% to 10.67%, local : from 17.60% to 95.20%, training time : 8200msec
                                                     Cluster 47, round 1, loss : 3.73, accuracy 10.67% <-
                                                     Time past : 8200msec
                                                     ['0:0.00%', '1:4.50%', '2:99.80%', '3:0.00%', '4:0.00%', '5:0.00%', '6:0.00%', '7:0.60%', '8:1.20%', '9:0.60%']
                                          0msec<-
                                          ->0msec
                                                     -> Cluster 4, loss : 1.78, accuracy 35.92%, model from round 88
                                                     ['0:49.10%', '1:23.70%', '2:14.00%', '3:37.30%', '4:1.10%', '5:15.40%', '6:73.40%', '7:27.30%', '8:67.20%', '9:50.70%']
                                                                                              <-> Client 0, global : from 35.92% to 15.92%, local : from 69.60% to 96.00%, training time : 8200msec
                                                     Cluster 4, round 1, loss : 3.58, accuracy 15.92% <-
                                                     Time past : 8200msec
                                                     ['0:30.60%', '1:5.00%', '2:0.00%', '3:0.00%', '4:0.00%', '5:0.20%', '6:99.80%', '7:0.60%', '8:17.60%', '9:5.40%']
                                          0msec<-
Central server round 88, loss : 1.92, accuracy :29.12%
Time past: 1425600msec
['0:23.50%', '1:37.80%', '2:83.20%', '3:4.20%', '4:0.00%', '5:3.90%', '6:20.70%', '7:42.10%', '8:52.80%', '9:23.00%']
                                          ->0msec
                                                     -> Cluster 10, loss : 1.92, accuracy 29.12%, model from round 89
                                                     ['0:23.50%', '1:37.80%', '2:83.20%', '3:4.20%', '4:0.00%', '5:3.90%', '6:20.70%', '7:42.10%', '8:52.80%', '9:23.00%']
                                                                                              <-> Client 0, global : from 29.12% to 12.44%, local : from 23.15% to 95.41%, training time : 8200msec
                                                     Cluster 10, round 1, loss : 2.81, accuracy 12.44% <-
                                                     Time past : 8200msec
                                                     ['0:0.60%', '1:0.00%', '2:17.80%', '3:0.30%', '4:0.00%', '5:1.60%', '6:4.00%', '7:0.20%', '8:0.00%', '9:99.90%']
                                          0msec<-
                                          ->0msec
                                                     -> Cluster 16, loss : 1.92, accuracy 29.12%, model from round 89
                                                     ['0:23.50%', '1:37.80%', '2:83.20%', '3:4.20%', '4:0.00%', '5:3.90%', '6:20.70%', '7:42.10%', '8:52.80%', '9:23.00%']
                                                                                              <-> Client 0, global : from 29.12% to 12.30%, local : from 23.80% to 95.00%, training time : 8200msec
                                                     Cluster 16, round 1, loss : 3.39, accuracy 12.30% <-
                                                     Time past : 8200msec
                                                     ['0:0.20%', '1:0.00%', '2:0.20%', '3:2.30%', '4:1.10%', '5:0.70%', '6:18.10%', '7:0.00%', '8:0.70%', '9:99.70%']
                                          0msec<-
                                          ->0msec
                                                     -> Cluster 36, loss : 1.92, accuracy 29.12%, model from round 89
                                                     ['0:23.50%', '1:37.80%', '2:83.20%', '3:4.20%', '4:0.00%', '5:3.90%', '6:20.70%', '7:42.10%', '8:52.80%', '9:23.00%']
                                                                                              <-> Client 0, global : from 29.12% to 10.12%, local : from 37.00% to 95.20%, training time : 8200msec
                                                     Cluster 36, round 1, loss : 4.13, accuracy 10.12% <-
                                                     Time past : 8200msec
                                                     ['0:0.00%', '1:99.90%', '2:0.00%', '3:0.10%', '4:0.00%', '5:0.20%', '6:0.00%', '7:1.00%', '8:0.00%', '9:0.00%']
                                          0msec<-
                                          ->0msec
                                                     -> Cluster 70, loss : 1.92, accuracy 29.12%, model from round 89
                                                     ['0:23.50%', '1:37.80%', '2:83.20%', '3:4.20%', '4:0.00%', '5:3.90%', '6:20.70%', '7:42.10%', '8:52.80%', '9:23.00%']
                                                                                              <-> Client 0, global : from 29.12% to 11.68%, local : from 6.60% to 95.20%, training time : 16200msec
                                                     Cluster 70, round 1, loss : 3.89, accuracy 11.68% <-
                                                     Time past : 16200msec
                                                     ['0:3.20%', '1:0.70%', '2:0.10%', '3:100.00%', '4:0.00%', '5:0.00%', '6:0.00%', '7:0.10%', '8:11.40%', '9:1.30%']
                                          0msec<-
                                          ->0msec
                                                     -> Cluster 92, loss : 1.92, accuracy 29.12%, model from round 89
                                                     ['0:23.50%', '1:37.80%', '2:83.20%', '3:4.20%', '4:0.00%', '5:3.90%', '6:20.70%', '7:42.10%', '8:52.80%', '9:23.00%']
                                                                                              <-> Client 0, global : from 29.12% to 10.35%, local : from 21.40% to 95.00%, training time : 16200msec
                                                     Cluster 92, round 1, loss : 4.34, accuracy 10.35% <-
                                                     Time past : 16200msec
                                                     ['0:100.00%', '1:0.00%', '2:0.00%', '3:0.00%', '4:0.70%', '5:0.00%', '6:2.50%', '7:0.00%', '8:0.00%', '9:0.30%']
                                          0msec<-
                                          ->0msec
                                                     -> Cluster 82, loss : 1.92, accuracy 29.12%, model from round 89
                                                     ['0:23.50%', '1:37.80%', '2:83.20%', '3:4.20%', '4:0.00%', '5:3.90%', '6:20.70%', '7:42.10%', '8:52.80%', '9:23.00%']
                                                                                              <-> Client 0, global : from 29.12% to 15.47%, local : from 5.40% to 95.60%, training time : 16200msec
                                                     Cluster 82, round 1, loss : 3.83, accuracy 15.47% <-
                                                     Time past : 16200msec
                                                     ['0:19.80%', '1:1.80%', '2:0.00%', '3:0.00%', '4:0.00%', '5:99.60%', '6:0.00%', '7:0.80%', '8:31.20%', '9:1.50%']
                                          0msec<-
                                          ->0msec
                                                     -> Cluster 33, loss : 1.92, accuracy 29.12%, model from round 89
                                                     ['0:23.50%', '1:37.80%', '2:83.20%', '3:4.20%', '4:0.00%', '5:3.90%', '6:20.70%', '7:42.10%', '8:52.80%', '9:23.00%']
                                                                                              <-> Client 0, global : from 29.12% to 12.65%, local : from 36.20% to 95.40%, training time : 8200msec
                                                     Cluster 33, round 1, loss : 3.12, accuracy 12.65% <-
                                                     Time past : 8200msec
                                                     ['0:6.80%', '1:99.80%', '2:0.00%', '3:2.70%', '4:11.80%', '5:2.90%', '6:1.20%', '7:1.30%', '8:0.00%', '9:0.00%']
                                          0msec<-
                                          ->0msec
                                                     -> Cluster 30, loss : 1.92, accuracy 29.12%, model from round 89
                                                     ['0:23.50%', '1:37.80%', '2:83.20%', '3:4.20%', '4:0.00%', '5:3.90%', '6:20.70%', '7:42.10%', '8:52.80%', '9:23.00%']
                                                                                              <-> Client 0, global : from 29.12% to 10.14%, local : from 35.33% to 95.21%, training time : 8200msec
                                                     Cluster 30, round 1, loss : 4.07, accuracy 10.14% <-
                                                     Time past : 8200msec
                                                     ['0:0.00%', '1:100.00%', '2:0.00%', '3:0.00%', '4:0.00%', '5:1.30%', '6:0.00%', '7:0.10%', '8:0.00%', '9:0.00%']
                                          0msec<-
                                          ->0msec
                                                     -> Cluster 26, loss : 1.92, accuracy 29.12%, model from round 89
                                                     ['0:23.50%', '1:37.80%', '2:83.20%', '3:4.20%', '4:0.00%', '5:3.90%', '6:20.70%', '7:42.10%', '8:52.80%', '9:23.00%']
                                                                                              <-> Client 0, global : from 29.12% to 11.62%, local : from 1.80% to 95.20%, training time : 8200msec
                                                     Cluster 26, round 1, loss : 4.17, accuracy 11.62% <-
                                                     Time past : 8200msec
                                                     ['0:0.00%', '1:8.70%', '2:0.00%', '3:0.00%', '4:99.90%', '5:0.00%', '6:0.00%', '7:0.00%', '8:3.40%', '9:4.20%']
                                          0msec<-
                                          ->0msec
                                                     -> Cluster 12, loss : 1.92, accuracy 29.12%, model from round 89
                                                     ['0:23.50%', '1:37.80%', '2:83.20%', '3:4.20%', '4:0.00%', '5:3.90%', '6:20.70%', '7:42.10%', '8:52.80%', '9:23.00%']
                                                                                              <-> Client 0, global : from 29.12% to 14.84%, local : from 21.60% to 95.60%, training time : 8200msec
                                                     Cluster 12, round 1, loss : 3.13, accuracy 14.84% <-
                                                     Time past : 8200msec
                                                     ['0:1.60%', '1:0.10%', '2:0.00%', '3:0.10%', '4:33.70%', '5:12.00%', '6:0.00%', '7:1.60%', '8:0.00%', '9:99.30%']
                                          0msec<-
Central server round 89, loss : 1.85, accuracy :34.64%
Time past: 1441800msec
['0:52.20%', '1:65.20%', '2:4.10%', '3:22.20%', '4:42.90%', '5:21.90%', '6:39.50%', '7:16.10%', '8:18.10%', '9:64.20%']
                                          ->0msec
                                                     -> Cluster 4, loss : 1.85, accuracy 34.64%, model from round 90
                                                     ['0:52.20%', '1:65.20%', '2:4.10%', '3:22.20%', '4:42.90%', '5:21.90%', '6:39.50%', '7:16.10%', '8:18.10%', '9:64.20%']
                                                                                              <-> Client 0, global : from 34.64% to 15.06%, local : from 37.20% to 95.60%, training time : 8200msec
                                                     Cluster 4, round 1, loss : 3.67, accuracy 15.06% <-
                                                     Time past : 8200msec
                                                     ['0:29.50%', '1:6.90%', '2:0.00%', '3:0.00%', '4:0.00%', '5:0.90%', '6:99.80%', '7:0.60%', '8:9.50%', '9:3.40%']
                                          0msec<-
                                          ->0msec
                                                     -> Cluster 56, loss : 1.85, accuracy 34.64%, model from round 90
                                                     ['0:52.20%', '1:65.20%', '2:4.10%', '3:22.20%', '4:42.90%', '5:21.90%', '6:39.50%', '7:16.10%', '8:18.10%', '9:64.20%']
                                                                                              <-> Client 0, global : from 34.64% to 12.21%, local : from 16.80% to 95.60%, training time : 16200msec
                                                     Cluster 56, round 1, loss : 4.40, accuracy 12.21% <-
                                                     Time past : 16200msec
                                                     ['0:0.00%', '1:0.70%', '2:0.00%', '3:0.10%', '4:0.00%', '5:0.00%', '6:0.00%', '7:99.50%', '8:21.30%', '9:0.50%']
                                          0msec<-
                                          ->0msec
                                                     -> Cluster 46, loss : 1.85, accuracy 34.64%, model from round 90
                                                     ['0:52.20%', '1:65.20%', '2:4.10%', '3:22.20%', '4:42.90%', '5:21.90%', '6:39.50%', '7:16.10%', '8:18.10%', '9:64.20%']
                                                                                              <-> Client 0, global : from 34.64% to 10.20%, local : from 5.00% to 95.00%, training time : 8200msec
                                                     Cluster 46, round 1, loss : 4.11, accuracy 10.20% <-
                                                     Time past : 8200msec
                                                     ['0:0.00%', '1:0.50%', '2:99.80%', '3:0.00%', '4:0.00%', '5:0.00%', '6:0.00%', '7:0.00%', '8:0.90%', '9:0.80%']
                                          0msec<-
                                          ->0msec
                                                     -> Cluster 95, loss : 1.85, accuracy 34.64%, model from round 90
                                                     ['0:52.20%', '1:65.20%', '2:4.10%', '3:22.20%', '4:42.90%', '5:21.90%', '6:39.50%', '7:16.10%', '8:18.10%', '9:64.20%']
                                                                                              <-> Client 0, global : from 34.64% to 11.26%, local : from 53.71% to 95.99%, training time : 16200msec
                                                     Cluster 95, round 1, loss : 3.45, accuracy 11.26% <-
                                                     Time past : 16200msec
                                                     ['0:100.00%', '1:0.80%', '2:0.00%', '3:0.00%', '4:0.10%', '5:0.40%', '6:10.80%', '7:0.20%', '8:0.00%', '9:0.30%']
                                          0msec<-
                                          ->0msec
                                                     -> Cluster 3, loss : 1.85, accuracy 34.64%, model from round 90
                                                     ['0:52.20%', '1:65.20%', '2:4.10%', '3:22.20%', '4:42.90%', '5:21.90%', '6:39.50%', '7:16.10%', '8:18.10%', '9:64.20%']
                                                                                              <-> Client 0, global : from 34.64% to 19.42%, local : from 39.60% to 95.60%, training time : 8200msec
                                                     Cluster 3, round 1, loss : 3.17, accuracy 19.42% <-
                                                     Time past : 8200msec
                                                     ['0:25.20%', '1:18.80%', '2:0.10%', '3:0.10%', '4:0.00%', '5:1.60%', '6:99.80%', '7:1.80%', '8:40.80%', '9:6.00%']
                                          0msec<-
                                          ->0msec
                                                     -> Cluster 40, loss : 1.85, accuracy 34.64%, model from round 90
                                                     ['0:52.20%', '1:65.20%', '2:4.10%', '3:22.20%', '4:42.90%', '5:21.90%', '6:39.50%', '7:16.10%', '8:18.10%', '9:64.20%']
                                                                                              <-> Client 0, global : from 34.64% to 10.05%, local : from 4.79% to 94.81%, training time : 8200msec
                                                     Cluster 40, round 1, loss : 4.17, accuracy 10.05% <-
                                                     Time past : 8200msec
                                                     ['0:0.00%', '1:0.00%', '2:99.90%', '3:0.00%', '4:0.00%', '5:0.00%', '6:0.00%', '7:0.00%', '8:0.00%', '9:0.60%']
                                          0msec<-
                                          ->0msec
                                                     -> Cluster 53, loss : 1.85, accuracy 34.64%, model from round 90
                                                     ['0:52.20%', '1:65.20%', '2:4.10%', '3:22.20%', '4:42.90%', '5:21.90%', '6:39.50%', '7:16.10%', '8:18.10%', '9:64.20%']
                                                                                              <-> Client 0, global : from 34.64% to 14.73%, local : from 16.60% to 96.00%, training time : 16200msec
                                                     Cluster 53, round 1, loss : 3.45, accuracy 14.73% <-
                                                     Time past : 16200msec
                                                     ['0:20.70%', '1:6.20%', '2:0.00%', '3:0.00%', '4:0.00%', '5:0.00%', '6:0.30%', '7:99.60%', '8:16.50%', '9:4.00%']
                                          0msec<-
                                          ->0msec
                                                     -> Cluster 20, loss : 1.85, accuracy 34.64%, model from round 90
                                                     ['0:52.20%', '1:65.20%', '2:4.10%', '3:22.20%', '4:42.90%', '5:21.90%', '6:39.50%', '7:16.10%', '8:18.10%', '9:64.20%']
                                                                                              <-> Client 0, global : from 34.64% to 11.83%, local : from 39.32% to 95.61%, training time : 8200msec
                                                     Cluster 20, round 1, loss : 4.10, accuracy 11.83% <-
                                                     Time past : 8200msec
                                                     ['0:0.00%', '1:3.20%', '2:0.00%', '3:0.10%', '4:99.90%', '5:0.70%', '6:0.00%', '7:0.00%', '8:13.10%', '9:1.30%']
                                          0msec<-
                                          ->0msec
                                                     -> Cluster 71, loss : 1.85, accuracy 34.64%, model from round 90
                                                     ['0:52.20%', '1:65.20%', '2:4.10%', '3:22.20%', '4:42.90%', '5:21.90%', '6:39.50%', '7:16.10%', '8:18.10%', '9:64.20%']
                                                                                              <-> Client 0, global : from 34.64% to 14.26%, local : from 25.60% to 96.60%, training time : 16200msec
                                                     Cluster 71, round 1, loss : 3.82, accuracy 14.26% <-
                                                     Time past : 16200msec
                                                     ['0:1.80%', '1:9.20%', '2:0.00%', '3:99.90%', '4:0.00%', '5:0.00%', '6:0.00%', '7:0.30%', '8:12.10%', '9:19.30%']
                                          0msec<-
                                          ->0msec
                                                     -> Cluster 5, loss : 1.85, accuracy 34.64%, model from round 90
                                                     ['0:52.20%', '1:65.20%', '2:4.10%', '3:22.20%', '4:42.90%', '5:21.90%', '6:39.50%', '7:16.10%', '8:18.10%', '9:64.20%']
                                                                                              <-> Client 0, global : from 34.64% to 16.56%, local : from 36.60% to 95.40%, training time : 8200msec
                                                     Cluster 5, round 1, loss : 3.39, accuracy 16.56% <-
                                                     Time past : 8200msec
                                                     ['0:12.80%', '1:6.40%', '2:0.00%', '3:0.00%', '4:0.00%', '5:0.40%', '6:99.90%', '7:0.70%', '8:27.00%', '9:18.40%']
                                          0msec<-
Central server round 90, loss : 1.82, accuracy :34.80%
Time past: 1458000msec
['0:52.20%', '1:26.10%', '2:21.90%', '3:7.10%', '4:0.50%', '5:13.20%', '6:85.00%', '7:59.70%', '8:42.20%', '9:40.10%']
                                          ->0msec
                                                     -> Cluster 7, loss : 1.82, accuracy 34.80%, model from round 91
                                                     ['0:52.20%', '1:26.10%', '2:21.90%', '3:7.10%', '4:0.50%', '5:13.20%', '6:85.00%', '7:59.70%', '8:42.20%', '9:40.10%']
                                                                                              <-> Client 0, global : from 34.80% to 13.80%, local : from 78.00% to 95.40%, training time : 8200msec
                                                     Cluster 7, round 1, loss : 4.32, accuracy 13.80% <-
                                                     Time past : 8200msec
                                                     ['0:9.90%', '1:5.60%', '2:0.00%', '3:0.00%', '4:0.00%', '5:0.00%', '6:99.80%', '7:0.20%', '8:19.60%', '9:2.90%']
                                          0msec<-
                                          ->0msec
                                                     -> Cluster 46, loss : 1.82, accuracy 34.80%, model from round 91
                                                     ['0:52.20%', '1:26.10%', '2:21.90%', '3:7.10%', '4:0.50%', '5:13.20%', '6:85.00%', '7:59.70%', '8:42.20%', '9:40.10%']
                                                                                              <-> Client 0, global : from 34.80% to 10.92%, local : from 26.40% to 95.00%, training time : 8200msec
                                                     Cluster 46, round 1, loss : 4.05, accuracy 10.92% <-
                                                     Time past : 8200msec
                                                     ['0:0.00%', '1:3.60%', '2:99.80%', '3:0.00%', '4:0.00%', '5:0.00%', '6:0.00%', '7:0.00%', '8:2.40%', '9:3.40%']
                                          0msec<-
                                          ->0msec
                                                     -> Cluster 58, loss : 1.82, accuracy 34.80%, model from round 91
                                                     ['0:52.20%', '1:26.10%', '2:21.90%', '3:7.10%', '4:0.50%', '5:13.20%', '6:85.00%', '7:59.70%', '8:42.20%', '9:40.10%']
                                                                                              <-> Client 0, global : from 34.80% to 13.96%, local : from 57.60% to 95.80%, training time : 16200msec
                                                     Cluster 58, round 1, loss : 3.73, accuracy 13.96% <-
                                                     Time past : 16200msec
                                                     ['0:0.30%', '1:8.60%', '2:0.00%', '3:0.10%', '4:0.00%', '5:0.00%', '6:0.10%', '7:99.20%', '8:31.20%', '9:0.10%']
                                          0msec<-
                                          ->0msec
                                                     -> Cluster 42, loss : 1.82, accuracy 34.80%, model from round 91
                                                     ['0:52.20%', '1:26.10%', '2:21.90%', '3:7.10%', '4:0.50%', '5:13.20%', '6:85.00%', '7:59.70%', '8:42.20%', '9:40.10%']
                                                                                              <-> Client 0, global : from 34.80% to 10.96%, local : from 21.60% to 95.20%, training time : 8200msec
                                                     Cluster 42, round 1, loss : 4.22, accuracy 10.96% <-
                                                     Time past : 8200msec
                                                     ['0:0.00%', '1:0.80%', '2:99.90%', '3:0.00%', '4:0.00%', '5:0.00%', '6:0.00%', '7:0.00%', '8:2.40%', '9:6.50%']
                                          0msec<-
                                          ->0msec
                                                     -> Cluster 78, loss : 1.82, accuracy 34.80%, model from round 91
                                                     ['0:52.20%', '1:26.10%', '2:21.90%', '3:7.10%', '4:0.50%', '5:13.20%', '6:85.00%', '7:59.70%', '8:42.20%', '9:40.10%']
                                                                                              <-> Client 0, global : from 34.80% to 15.35%, local : from 6.40% to 96.40%, training time : 16200msec
                                                     Cluster 78, round 1, loss : 3.36, accuracy 15.35% <-
                                                     Time past : 16200msec
                                                     ['0:10.60%', '1:1.30%', '2:0.00%', '3:99.70%', '4:1.20%', '5:0.00%', '6:0.00%', '7:0.70%', '8:22.40%', '9:17.60%']
                                          0msec<-
                                          ->0msec
                                                     -> Cluster 92, loss : 1.82, accuracy 34.80%, model from round 91
                                                     ['0:52.20%', '1:26.10%', '2:21.90%', '3:7.10%', '4:0.50%', '5:13.20%', '6:85.00%', '7:59.70%', '8:42.20%', '9:40.10%']
                                                                                              <-> Client 0, global : from 34.80% to 11.73%, local : from 49.40% to 95.40%, training time : 16200msec
                                                     Cluster 92, round 1, loss : 4.11, accuracy 11.73% <-
                                                     Time past : 16200msec
                                                     ['0:99.80%', '1:0.10%', '2:0.70%', '3:0.10%', '4:4.60%', '5:0.00%', '6:11.70%', '7:0.00%', '8:0.00%', '9:0.30%']
                                          0msec<-
                                          ->0msec
                                                     -> Cluster 45, loss : 1.82, accuracy 34.80%, model from round 91
                                                     ['0:52.20%', '1:26.10%', '2:21.90%', '3:7.10%', '4:0.50%', '5:13.20%', '6:85.00%', '7:59.70%', '8:42.20%', '9:40.10%']
                                                                                              <-> Client 0, global : from 34.80% to 11.11%, local : from 24.80% to 95.20%, training time : 8200msec
                                                     Cluster 45, round 1, loss : 4.19, accuracy 11.11% <-
                                                     Time past : 8200msec
                                                     ['0:0.00%', '1:11.60%', '2:99.50%', '3:0.00%', '4:0.00%', '5:0.00%', '6:0.00%', '7:0.00%', '8:0.00%', '9:0.00%']
                                          0msec<-
                                          ->0msec
                                                     -> Cluster 28, loss : 1.82, accuracy 34.80%, model from round 91
                                                     ['0:52.20%', '1:26.10%', '2:21.90%', '3:7.10%', '4:0.50%', '5:13.20%', '6:85.00%', '7:59.70%', '8:42.20%', '9:40.10%']
                                                                                              <-> Client 0, global : from 34.80% to 12.33%, local : from 3.40% to 95.40%, training time : 8200msec
                                                     Cluster 28, round 1, loss : 4.21, accuracy 12.33% <-
                                                     Time past : 8200msec
                                                     ['0:0.00%', '1:0.70%', '2:0.00%', '3:0.30%', '4:99.90%', '5:0.00%', '6:0.00%', '7:0.00%', '8:11.70%', '9:10.70%']
                                          0msec<-
                                          ->0msec
                                                     -> Cluster 81, loss : 1.82, accuracy 34.80%, model from round 91
                                                     ['0:52.20%', '1:26.10%', '2:21.90%', '3:7.10%', '4:0.50%', '5:13.20%', '6:85.00%', '7:59.70%', '8:42.20%', '9:40.10%']
                                                                                              <-> Client 0, global : from 34.80% to 10.57%, local : from 14.80% to 95.20%, training time : 16200msec
                                                     Cluster 81, round 1, loss : 4.32, accuracy 10.57% <-
                                                     Time past : 16200msec
                                                     ['0:0.50%', '1:2.30%', '2:0.00%', '3:0.00%', '4:0.00%', '5:100.00%', '6:0.00%', '7:0.00%', '8:0.00%', '9:2.90%']
                                          0msec<-
                                          ->0msec
                                                     -> Cluster 1, loss : 1.82, accuracy 34.80%, model from round 91
                                                     ['0:52.20%', '1:26.10%', '2:21.90%', '3:7.10%', '4:0.50%', '5:13.20%', '6:85.00%', '7:59.70%', '8:42.20%', '9:40.10%']
                                                                                              <-> Client 0, global : from 34.80% to 17.96%, local : from 80.24% to 95.81%, training time : 8200msec
                                                     Cluster 1, round 1, loss : 3.45, accuracy 17.96% <-
                                                     Time past : 8200msec
                                                     ['0:22.10%', '1:6.50%', '2:0.00%', '3:0.60%', '4:0.30%', '5:2.70%', '6:99.90%', '7:0.10%', '8:34.10%', '9:13.30%']
                                          0msec<-
Central server round 91, loss : 1.81, accuracy :34.70%
Time past: 1474200msec
['0:53.30%', '1:27.10%', '2:65.00%', '3:8.60%', '4:6.00%', '5:11.00%', '6:61.50%', '7:28.10%', '8:42.00%', '9:44.40%']
                                          ->0msec
                                                     -> Cluster 4, loss : 1.81, accuracy 34.70%, model from round 92
                                                     ['0:53.30%', '1:27.10%', '2:65.00%', '3:8.60%', '4:6.00%', '5:11.00%', '6:61.50%', '7:28.10%', '8:42.00%', '9:44.40%']
                                                                                              <-> Client 0, global : from 34.70% to 16.30%, local : from 56.40% to 96.00%, training time : 8200msec
                                                     Cluster 4, round 1, loss : 3.57, accuracy 16.30% <-
                                                     Time past : 8200msec
                                                     ['0:37.20%', '1:7.60%', '2:0.00%', '3:0.00%', '4:0.00%', '5:0.40%', '6:99.80%', '7:0.70%', '8:11.70%', '9:5.60%']
                                          0msec<-
                                          ->0msec
                                                     -> Cluster 67, loss : 1.81, accuracy 34.70%, model from round 92
                                                     ['0:53.30%', '1:27.10%', '2:65.00%', '3:8.60%', '4:6.00%', '5:11.00%', '6:61.50%', '7:28.10%', '8:42.00%', '9:44.40%']
                                                                                              <-> Client 0, global : from 34.70% to 13.96%, local : from 43.00% to 96.00%, training time : 16200msec
                                                     Cluster 67, round 1, loss : 3.85, accuracy 13.96% <-
                                                     Time past : 16200msec
                                                     ['0:0.00%', '1:5.20%', '2:6.00%', '3:1.00%', '4:0.00%', '5:0.50%', '6:19.40%', '7:7.50%', '8:100.00%', '9:0.00%']
                                          0msec<-
                                          ->0msec
                                                     -> Cluster 25, loss : 1.81, accuracy 34.70%, model from round 92
                                                     ['0:53.30%', '1:27.10%', '2:65.00%', '3:8.60%', '4:6.00%', '5:11.00%', '6:61.50%', '7:28.10%', '8:42.00%', '9:44.40%']
                                                                                              <-> Client 0, global : from 34.70% to 11.32%, local : from 7.60% to 95.20%, training time : 8200msec
                                                     Cluster 25, round 1, loss : 3.97, accuracy 11.32% <-
                                                     Time past : 8200msec
                                                     ['0:1.00%', '1:7.90%', '2:0.00%', '3:0.00%', '4:99.90%', '5:0.00%', '6:0.00%', '7:0.00%', '8:4.40%', '9:0.00%']
                                          0msec<-
                                          ->0msec
                                                     -> Cluster 26, loss : 1.81, accuracy 34.70%, model from round 92
                                                     ['0:53.30%', '1:27.10%', '2:65.00%', '3:8.60%', '4:6.00%', '5:11.00%', '6:61.50%', '7:28.10%', '8:42.00%', '9:44.40%']
                                                                                              <-> Client 0, global : from 34.70% to 11.14%, local : from 9.00% to 95.00%, training time : 8200msec
                                                     Cluster 26, round 1, loss : 4.17, accuracy 11.14% <-
                                                     Time past : 8200msec
                                                     ['0:0.00%', '1:6.90%', '2:0.00%', '3:0.00%', '4:100.00%', '5:0.00%', '6:0.00%', '7:0.00%', '8:1.20%', '9:3.30%']
                                          0msec<-
                                          ->0msec
                                                     -> Cluster 56, loss : 1.81, accuracy 34.70%, model from round 92
                                                     ['0:53.30%', '1:27.10%', '2:65.00%', '3:8.60%', '4:6.00%', '5:11.00%', '6:61.50%', '7:28.10%', '8:42.00%', '9:44.40%']
                                                                                              <-> Client 0, global : from 34.70% to 12.87%, local : from 28.40% to 96.20%, training time : 16200msec
                                                     Cluster 56, round 1, loss : 3.92, accuracy 12.87% <-
                                                     Time past : 16200msec
                                                     ['0:0.00%', '1:1.40%', '2:0.10%', '3:0.10%', '4:0.00%', '5:0.10%', '6:0.50%', '7:99.30%', '8:24.70%', '9:2.50%']
                                          0msec<-
                                          ->0msec
                                                     -> Cluster 36, loss : 1.81, accuracy 34.70%, model from round 92
                                                     ['0:53.30%', '1:27.10%', '2:65.00%', '3:8.60%', '4:6.00%', '5:11.00%', '6:61.50%', '7:28.10%', '8:42.00%', '9:44.40%']
                                                                                              <-> Client 0, global : from 34.70% to 10.31%, local : from 28.80% to 95.20%, training time : 8200msec
                                                     Cluster 36, round 1, loss : 3.93, accuracy 10.31% <-
                                                     Time past : 8200msec
                                                     ['0:0.10%', '1:99.90%', '2:0.20%', '3:0.70%', '4:0.00%', '5:0.70%', '6:0.30%', '7:1.20%', '8:0.00%', '9:0.00%']
                                          0msec<-
                                          ->0msec
                                                     -> Cluster 31, loss : 1.81, accuracy 34.70%, model from round 92
                                                     ['0:53.30%', '1:27.10%', '2:65.00%', '3:8.60%', '4:6.00%', '5:11.00%', '6:61.50%', '7:28.10%', '8:42.00%', '9:44.40%']
                                                                                              <-> Client 0, global : from 34.70% to 21.03%, local : from 27.94% to 96.01%, training time : 8200msec
                                                     Cluster 31, round 1, loss : 2.67, accuracy 21.03% <-
                                                     Time past : 8200msec
                                                     ['0:6.30%', '1:98.40%', '2:0.90%', '3:5.60%', '4:0.10%', '5:0.20%', '6:39.30%', '7:32.20%', '8:27.30%', '9:0.00%']
                                          0msec<-
                                          ->0msec
                                                     -> Cluster 62, loss : 1.81, accuracy 34.70%, model from round 92
                                                     ['0:53.30%', '1:27.10%', '2:65.00%', '3:8.60%', '4:6.00%', '5:11.00%', '6:61.50%', '7:28.10%', '8:42.00%', '9:44.40%']
                                                                                              <-> Client 0, global : from 34.70% to 12.08%, local : from 43.60% to 96.00%, training time : 16200msec
                                                     Cluster 62, round 1, loss : 3.27, accuracy 12.08% <-
                                                     Time past : 16200msec
                                                     ['0:0.00%', '1:2.40%', '2:2.50%', '3:0.70%', '4:2.30%', '5:5.10%', '6:3.00%', '7:4.60%', '8:100.00%', '9:0.20%']
                                          0msec<-
                                          ->0msec
                                                     -> Cluster 64, loss : 1.81, accuracy 34.70%, model from round 92
                                                     ['0:53.30%', '1:27.10%', '2:65.00%', '3:8.60%', '4:6.00%', '5:11.00%', '6:61.50%', '7:28.10%', '8:42.00%', '9:44.40%']
                                                                                              <-> Client 0, global : from 34.70% to 13.66%, local : from 43.20% to 96.00%, training time : 16200msec
                                                     Cluster 64, round 1, loss : 3.72, accuracy 13.66% <-
                                                     Time past : 16200msec
                                                     ['0:0.10%', '1:0.40%', '2:0.90%', '3:0.30%', '4:15.50%', '5:0.00%', '6:5.70%', '7:13.20%', '8:100.00%', '9:0.50%']
                                          0msec<-
                                          ->0msec
                                                     -> Cluster 47, loss : 1.81, accuracy 34.70%, model from round 92
                                                     ['0:53.30%', '1:27.10%', '2:65.00%', '3:8.60%', '4:6.00%', '5:11.00%', '6:61.50%', '7:28.10%', '8:42.00%', '9:44.40%']
                                                                                              <-> Client 0, global : from 34.70% to 10.13%, local : from 67.80% to 95.00%, training time : 8200msec
                                                     Cluster 47, round 1, loss : 4.56, accuracy 10.13% <-
                                                     Time past : 8200msec
                                                     ['0:0.00%', '1:1.10%', '2:99.90%', '3:0.00%', '4:0.00%', '5:0.00%', '6:0.00%', '7:0.00%', '8:0.20%', '9:0.10%']
                                          0msec<-
Central server round 92, loss : 1.87, accuracy :33.25%
Time past: 1490400msec
['0:6.00%', '1:59.30%', '2:22.80%', '3:7.60%', '4:21.80%', '5:7.40%', '6:67.20%', '7:47.50%', '8:82.20%', '9:10.70%']
                                          ->0msec
                                                     -> Cluster 2, loss : 1.87, accuracy 33.25%, model from round 93
                                                     ['0:6.00%', '1:59.30%', '2:22.80%', '3:7.60%', '4:21.80%', '5:7.40%', '6:67.20%', '7:47.50%', '8:82.20%', '9:10.70%']
                                                                                              <-> Client 0, global : from 33.25% to 19.40%, local : from 59.40% to 96.40%, training time : 8200msec
                                                     Cluster 2, round 1, loss : 3.36, accuracy 19.40% <-
                                                     Time past : 8200msec
                                                     ['0:23.90%', '1:13.60%', '2:1.30%', '3:0.00%', '4:0.00%', '5:0.60%', '6:99.80%', '7:4.00%', '8:36.20%', '9:14.60%']
                                          0msec<-
                                          ->0msec
                                                     -> Cluster 62, loss : 1.87, accuracy 33.25%, model from round 93
                                                     ['0:6.00%', '1:59.30%', '2:22.80%', '3:7.60%', '4:21.80%', '5:7.40%', '6:67.20%', '7:47.50%', '8:82.20%', '9:10.70%']
                                                                                              <-> Client 0, global : from 33.25% to 11.32%, local : from 81.40% to 96.00%, training time : 16200msec
                                                     Cluster 62, round 1, loss : 3.57, accuracy 11.32% <-
                                                     Time past : 16200msec
                                                     ['0:0.00%', '1:2.20%', '2:0.90%', '3:0.90%', '4:1.40%', '5:2.90%', '6:1.30%', '7:3.30%', '8:100.00%', '9:0.30%']
                                          0msec<-
                                          ->0msec
                                                     -> Cluster 13, loss : 1.87, accuracy 33.25%, model from round 93
                                                     ['0:6.00%', '1:59.30%', '2:22.80%', '3:7.60%', '4:21.80%', '5:7.40%', '6:67.20%', '7:47.50%', '8:82.20%', '9:10.70%']
                                                                                              <-> Client 0, global : from 33.25% to 11.76%, local : from 13.00% to 95.40%, training time : 8200msec
                                                     Cluster 13, round 1, loss : 3.25, accuracy 11.76% <-
                                                     Time past : 8200msec
                                                     ['0:1.00%', '1:0.00%', '2:0.60%', '3:1.10%', '4:4.20%', '5:8.80%', '6:1.00%', '7:0.90%', '8:0.20%', '9:99.80%']
                                          0msec<-
                                          ->0msec
                                                     -> Cluster 84, loss : 1.87, accuracy 33.25%, model from round 93
                                                     ['0:6.00%', '1:59.30%', '2:22.80%', '3:7.60%', '4:21.80%', '5:7.40%', '6:67.20%', '7:47.50%', '8:82.20%', '9:10.70%']
                                                                                              <-> Client 0, global : from 33.25% to 16.98%, local : from 11.62% to 96.19%, training time : 16200msec
                                                     Cluster 84, round 1, loss : 3.51, accuracy 16.98% <-
                                                     Time past : 16200msec
                                                     ['0:11.50%', '1:10.50%', '2:0.00%', '3:0.00%', '4:0.00%', '5:99.90%', '6:0.00%', '7:0.00%', '8:16.50%', '9:31.40%']
                                          0msec<-
                                          ->0msec
                                                     -> Cluster 80, loss : 1.87, accuracy 33.25%, model from round 93
                                                     ['0:6.00%', '1:59.30%', '2:22.80%', '3:7.60%', '4:21.80%', '5:7.40%', '6:67.20%', '7:47.50%', '8:82.20%', '9:10.70%']
                                                                                              <-> Client 0, global : from 33.25% to 13.67%, local : from 10.40% to 95.80%, training time : 16200msec
                                                     Cluster 80, round 1, loss : 3.98, accuracy 13.67% <-
                                                     Time past : 16200msec
                                                     ['0:0.20%', '1:17.50%', '2:0.00%', '3:0.00%', '4:0.00%', '5:99.80%', '6:0.00%', '7:0.40%', '8:14.30%', '9:4.50%']
                                          0msec<-
                                          ->0msec
                                                     -> Cluster 73, loss : 1.87, accuracy 33.25%, model from round 93
                                                     ['0:6.00%', '1:59.30%', '2:22.80%', '3:7.60%', '4:21.80%', '5:7.40%', '6:67.20%', '7:47.50%', '8:82.20%', '9:10.70%']
                                                                                              <-> Client 0, global : from 33.25% to 11.17%, local : from 9.20% to 95.20%, training time : 16200msec
                                                     Cluster 73, round 1, loss : 4.35, accuracy 11.17% <-
                                                     Time past : 16200msec
                                                     ['0:5.50%', '1:2.90%', '2:0.00%', '3:99.90%', '4:0.00%', '5:0.00%', '6:0.00%', '7:0.10%', '8:2.10%', '9:1.20%']
                                          0msec<-
                                          ->0msec
                                                     -> Cluster 85, loss : 1.87, accuracy 33.25%, model from round 93
                                                     ['0:6.00%', '1:59.30%', '2:22.80%', '3:7.60%', '4:21.80%', '5:7.40%', '6:67.20%', '7:47.50%', '8:82.20%', '9:10.70%']
                                                                                              <-> Client 0, global : from 33.25% to 16.98%, local : from 9.62% to 96.99%, training time : 16200msec
                                                     Cluster 85, round 1, loss : 3.91, accuracy 16.98% <-
                                                     Time past : 16200msec
                                                     ['0:29.70%', '1:4.00%', '2:0.00%', '3:0.00%', '4:0.00%', '5:99.50%', '6:0.00%', '7:0.00%', '8:20.50%', '9:16.10%']
                                          0msec<-
                                          ->0msec
                                                     -> Cluster 79, loss : 1.87, accuracy 33.25%, model from round 93
                                                     ['0:6.00%', '1:59.30%', '2:22.80%', '3:7.60%', '4:21.80%', '5:7.40%', '6:67.20%', '7:47.50%', '8:82.20%', '9:10.70%']
                                                                                              <-> Client 0, global : from 33.25% to 10.65%, local : from 8.00% to 95.40%, training time : 16200msec
                                                     Cluster 79, round 1, loss : 4.46, accuracy 10.65% <-
                                                     Time past : 16200msec
                                                     ['0:1.10%', '1:2.40%', '2:0.00%', '3:100.00%', '4:0.00%', '5:0.00%', '6:0.00%', '7:0.30%', '8:2.60%', '9:0.10%']
                                          0msec<-
                                          ->0msec
                                                     -> Cluster 55, loss : 1.87, accuracy 33.25%, model from round 93
                                                     ['0:6.00%', '1:59.30%', '2:22.80%', '3:7.60%', '4:21.80%', '5:7.40%', '6:67.20%', '7:47.50%', '8:82.20%', '9:10.70%']
                                                                                              <-> Client 0, global : from 33.25% to 10.53%, local : from 51.40% to 95.20%, training time : 16200msec
                                                     Cluster 55, round 1, loss : 4.58, accuracy 10.53% <-
                                                     Time past : 16200msec
                                                     ['0:1.00%', '1:2.60%', '2:0.00%', '3:0.00%', '4:0.00%', '5:0.00%', '6:0.20%', '7:100.00%', '8:0.30%', '9:1.20%']
                                          0msec<-
                                          ->0msec
                                                     -> Cluster 90, loss : 1.87, accuracy 33.25%, model from round 93
                                                     ['0:6.00%', '1:59.30%', '2:22.80%', '3:7.60%', '4:21.80%', '5:7.40%', '6:67.20%', '7:47.50%', '8:82.20%', '9:10.70%']
                                                                                              <-> Client 0, global : from 33.25% to 13.32%, local : from 10.80% to 96.00%, training time : 16200msec
                                                     Cluster 90, round 1, loss : 3.42, accuracy 13.32% <-
                                                     Time past : 16200msec
                                                     ['0:99.70%', '1:0.40%', '2:0.00%', '3:0.30%', '4:0.30%', '5:0.30%', '6:25.60%', '7:1.70%', '8:0.10%', '9:4.80%']
                                          0msec<-
Central server round 93, loss : 1.80, accuracy :35.71%
Time past: 1506600msec
['0:53.20%', '1:33.20%', '2:0.20%', '3:18.60%', '4:2.00%', '5:73.10%', '6:43.40%', '7:32.40%', '8:48.30%', '9:52.70%']
                                          ->0msec
                                                     -> Cluster 34, loss : 1.80, accuracy 35.71%, model from round 94
                                                     ['0:53.20%', '1:33.20%', '2:0.20%', '3:18.60%', '4:2.00%', '5:73.10%', '6:43.40%', '7:32.40%', '8:48.30%', '9:52.70%']
                                                                                              <-> Client 0, global : from 35.71% to 18.10%, local : from 33.60% to 96.20%, training time : 8200msec
                                                     Cluster 34, round 1, loss : 2.59, accuracy 18.10% <-
                                                     Time past : 8200msec
                                                     ['0:7.40%', '1:99.30%', '2:0.80%', '3:4.60%', '4:39.00%', '5:8.00%', '6:13.10%', '7:8.30%', '8:0.50%', '9:0.00%']
                                          0msec<-
                                          ->0msec
                                                     -> Cluster 86, loss : 1.80, accuracy 35.71%, model from round 94
                                                     ['0:53.20%', '1:33.20%', '2:0.20%', '3:18.60%', '4:2.00%', '5:73.10%', '6:43.40%', '7:32.40%', '8:48.30%', '9:52.70%']
                                                                                              <-> Client 0, global : from 35.71% to 17.38%, local : from 72.75% to 96.39%, training time : 16200msec
                                                     Cluster 86, round 1, loss : 3.62, accuracy 17.38% <-
                                                     Time past : 16200msec
                                                     ['0:4.90%', '1:6.70%', '2:0.00%', '3:0.00%', '4:0.10%', '5:99.30%', '6:0.10%', '7:0.40%', '8:35.30%', '9:27.00%']
                                          0msec<-
                                          ->0msec
                                                     -> Cluster 67, loss : 1.80, accuracy 35.71%, model from round 94
                                                     ['0:53.20%', '1:33.20%', '2:0.20%', '3:18.60%', '4:2.00%', '5:73.10%', '6:43.40%', '7:32.40%', '8:48.30%', '9:52.70%']
                                                                                              <-> Client 0, global : from 35.71% to 18.35%, local : from 47.20% to 97.00%, training time : 16200msec
                                                     Cluster 67, round 1, loss : 3.00, accuracy 18.35% <-
                                                     Time past : 16200msec
                                                     ['0:0.10%', '1:10.50%', '2:6.60%', '3:4.90%', '4:0.00%', '5:3.80%', '6:36.30%', '7:21.90%', '8:99.10%', '9:0.30%']
                                          0msec<-
                                          ->0msec
                                                     -> Cluster 38, loss : 1.80, accuracy 35.71%, model from round 94
                                                     ['0:53.20%', '1:33.20%', '2:0.20%', '3:18.60%', '4:2.00%', '5:73.10%', '6:43.40%', '7:32.40%', '8:48.30%', '9:52.70%']
                                                                                              <-> Client 0, global : from 35.71% to 10.67%, local : from 35.20% to 95.40%, training time : 8200msec
                                                     Cluster 38, round 1, loss : 3.89, accuracy 10.67% <-
                                                     Time past : 8200msec
                                                     ['0:0.00%', '1:100.00%', '2:0.00%', '3:0.10%', '4:0.60%', '5:5.90%', '6:0.10%', '7:0.00%', '8:0.00%', '9:0.00%']
                                          0msec<-
                                          ->0msec
                                                     -> Cluster 72, loss : 1.80, accuracy 35.71%, model from round 94
                                                     ['0:53.20%', '1:33.20%', '2:0.20%', '3:18.60%', '4:2.00%', '5:73.10%', '6:43.40%', '7:32.40%', '8:48.30%', '9:52.70%']
                                                                                              <-> Client 0, global : from 35.71% to 16.95%, local : from 19.40% to 96.80%, training time : 16200msec
                                                     Cluster 72, round 1, loss : 3.03, accuracy 16.95% <-
                                                     Time past : 16200msec
                                                     ['0:4.10%', '1:9.50%', '2:0.00%', '3:99.70%', '4:1.00%', '5:0.00%', '6:0.00%', '7:1.50%', '8:33.70%', '9:20.00%']
                                          0msec<-
                                          ->0msec
                                                     -> Cluster 97, loss : 1.80, accuracy 35.71%, model from round 94
                                                     ['0:53.20%', '1:33.20%', '2:0.20%', '3:18.60%', '4:2.00%', '5:73.10%', '6:43.40%', '7:32.40%', '8:48.30%', '9:52.70%']
                                                                                              <-> Client 0, global : from 35.71% to 11.14%, local : from 49.50% to 95.79%, training time : 16200msec
                                                     Cluster 97, round 1, loss : 3.68, accuracy 11.14% <-
                                                     Time past : 16200msec
                                                     ['0:100.00%', '1:0.20%', '2:0.00%', '3:0.60%', '4:7.70%', '5:1.10%', '6:1.00%', '7:0.00%', '8:0.00%', '9:0.80%']
                                          0msec<-
                                          ->0msec
                                                     -> Cluster 50, loss : 1.80, accuracy 35.71%, model from round 94
                                                     ['0:53.20%', '1:33.20%', '2:0.20%', '3:18.60%', '4:2.00%', '5:73.10%', '6:43.40%', '7:32.40%', '8:48.30%', '9:52.70%']
                                                                                              <-> Client 0, global : from 35.71% to 12.40%, local : from 35.73% to 95.41%, training time : 16200msec
                                                     Cluster 50, round 1, loss : 3.92, accuracy 12.40% <-
                                                     Time past : 16200msec
                                                     ['0:12.20%', '1:6.90%', '2:0.00%', '3:0.00%', '4:0.00%', '5:0.50%', '6:0.00%', '7:100.00%', '8:0.00%', '9:4.40%']
                                          0msec<-
                                          ->0msec
                                                     -> Cluster 77, loss : 1.80, accuracy 35.71%, model from round 94
                                                     ['0:53.20%', '1:33.20%', '2:0.20%', '3:18.60%', '4:2.00%', '5:73.10%', '6:43.40%', '7:32.40%', '8:48.30%', '9:52.70%']
                                                                                              <-> Client 0, global : from 35.71% to 14.75%, local : from 18.80% to 96.40%, training time : 16200msec
                                                     Cluster 77, round 1, loss : 3.73, accuracy 14.75% <-
                                                     Time past : 16200msec
                                                     ['0:5.30%', '1:13.00%', '2:0.00%', '3:99.70%', '4:0.30%', '5:0.00%', '6:0.00%', '7:1.50%', '8:27.70%', '9:0.00%']
                                          0msec<-
                                          ->0msec
                                                     -> Cluster 69, loss : 1.80, accuracy 35.71%, model from round 94
                                                     ['0:53.20%', '1:33.20%', '2:0.20%', '3:18.60%', '4:2.00%', '5:73.10%', '6:43.40%', '7:32.40%', '8:48.30%', '9:52.70%']
                                                                                              <-> Client 0, global : from 35.71% to 15.41%, local : from 48.60% to 96.40%, training time : 16200msec
                                                     Cluster 69, round 1, loss : 3.89, accuracy 15.41% <-
                                                     Time past : 16200msec
                                                     ['0:0.00%', '1:0.40%', '2:2.70%', '3:0.20%', '4:13.10%', '5:0.00%', '6:31.80%', '7:5.80%', '8:100.00%', '9:0.10%']
                                          0msec<-
                                          ->0msec
                                                     -> Cluster 33, loss : 1.80, accuracy 35.71%, model from round 94
                                                     ['0:53.20%', '1:33.20%', '2:0.20%', '3:18.60%', '4:2.00%', '5:73.10%', '6:43.40%', '7:32.40%', '8:48.30%', '9:52.70%']
                                                                                              <-> Client 0, global : from 35.71% to 10.71%, local : from 32.00% to 95.00%, training time : 8200msec
                                                     Cluster 33, round 1, loss : 3.93, accuracy 10.71% <-
                                                     Time past : 8200msec
                                                     ['0:0.00%', '1:100.00%', '2:0.00%', '3:0.80%', '4:4.90%', '5:0.90%', '6:0.40%', '7:0.10%', '8:0.00%', '9:0.00%']
                                          0msec<-
Central server round 94, loss : 1.77, accuracy :36.89%
Time past: 1522800msec
['0:42.90%', '1:78.20%', '2:1.90%', '3:50.20%', '4:22.40%', '5:26.80%', '6:39.60%', '7:41.10%', '8:53.60%', '9:12.20%']
                                          ->0msec
                                                     -> Cluster 89, loss : 1.77, accuracy 36.89%, model from round 95
                                                     ['0:42.90%', '1:78.20%', '2:1.90%', '3:50.20%', '4:22.40%', '5:26.80%', '6:39.60%', '7:41.10%', '8:53.60%', '9:12.20%']
                                                                                              <-> Client 0, global : from 36.89% to 11.44%, local : from 31.86% to 95.99%, training time : 16200msec
                                                     Cluster 89, round 1, loss : 4.28, accuracy 11.44% <-
                                                     Time past : 16200msec
                                                     ['0:0.90%', '1:1.90%', '2:0.00%', '3:0.00%', '4:0.00%', '5:100.00%', '6:0.00%', '7:1.10%', '8:3.60%', '9:6.90%']
                                          0msec<-
                                          ->0msec
                                                     -> Cluster 60, loss : 1.77, accuracy 36.89%, model from round 95
                                                     ['0:42.90%', '1:78.20%', '2:1.90%', '3:50.20%', '4:22.40%', '5:26.80%', '6:39.60%', '7:41.10%', '8:53.60%', '9:12.20%']
                                                                                              <-> Client 0, global : from 36.89% to 13.74%, local : from 53.09% to 95.81%, training time : 16200msec
                                                     Cluster 60, round 1, loss : 3.49, accuracy 13.74% <-
                                                     Time past : 16200msec
                                                     ['0:0.00%', '1:1.60%', '2:3.30%', '3:0.50%', '4:0.80%', '5:1.30%', '6:14.40%', '7:15.50%', '8:100.00%', '9:0.00%']
                                          0msec<-
                                          ->0msec
                                                     -> Cluster 42, loss : 1.77, accuracy 36.89%, model from round 95
                                                     ['0:42.90%', '1:78.20%', '2:1.90%', '3:50.20%', '4:22.40%', '5:26.80%', '6:39.60%', '7:41.10%', '8:53.60%', '9:12.20%']
                                                                                              <-> Client 0, global : from 36.89% to 11.36%, local : from 2.00% to 95.20%, training time : 8200msec
                                                     Cluster 42, round 1, loss : 4.02, accuracy 11.36% <-
                                                     Time past : 8200msec
                                                     ['0:0.00%', '1:1.00%', '2:99.90%', '3:0.00%', '4:0.00%', '5:0.00%', '6:0.00%', '7:0.00%', '8:6.00%', '9:6.70%']
                                          0msec<-
                                          ->0msec
                                                     -> Cluster 80, loss : 1.77, accuracy 36.89%, model from round 95
                                                     ['0:42.90%', '1:78.20%', '2:1.90%', '3:50.20%', '4:22.40%', '5:26.80%', '6:39.60%', '7:41.10%', '8:53.60%', '9:12.20%']
                                                                                              <-> Client 0, global : from 36.89% to 13.17%, local : from 28.20% to 95.80%, training time : 16200msec
                                                     Cluster 80, round 1, loss : 4.31, accuracy 13.17% <-
                                                     Time past : 16200msec
                                                     ['0:1.00%', '1:13.00%', '2:0.00%', '3:0.00%', '4:0.00%', '5:99.80%', '6:0.00%', '7:0.30%', '8:12.80%', '9:4.80%']
                                          0msec<-
                                          ->0msec
                                                     -> Cluster 18, loss : 1.77, accuracy 36.89%, model from round 95
                                                     ['0:42.90%', '1:78.20%', '2:1.90%', '3:50.20%', '4:22.40%', '5:26.80%', '6:39.60%', '7:41.10%', '8:53.60%', '9:12.20%']
                                                                                              <-> Client 0, global : from 36.89% to 13.86%, local : from 14.00% to 96.00%, training time : 8200msec
                                                     Cluster 18, round 1, loss : 3.11, accuracy 13.86% <-
                                                     Time past : 8200msec
                                                     ['0:0.00%', '1:0.00%', '2:11.20%', '3:1.70%', '4:10.90%', '5:7.20%', '6:3.00%', '7:4.20%', '8:0.70%', '9:99.70%']
                                          0msec<-
                                          ->0msec
                                                     -> Cluster 49, loss : 1.77, accuracy 36.89%, model from round 95
                                                     ['0:42.90%', '1:78.20%', '2:1.90%', '3:50.20%', '4:22.40%', '5:26.80%', '6:39.60%', '7:41.10%', '8:53.60%', '9:12.20%']
                                                                                              <-> Client 0, global : from 36.89% to 12.42%, local : from 3.00% to 95.60%, training time : 8200msec
                                                     Cluster 49, round 1, loss : 4.20, accuracy 12.42% <-
                                                     Time past : 8200msec
                                                     ['0:0.00%', '1:3.20%', '2:99.80%', '3:0.00%', '4:0.00%', '5:0.00%', '6:0.00%', '7:0.00%', '8:3.50%', '9:17.70%']
                                          0msec<-
                                          ->0msec
                                                     -> Cluster 55, loss : 1.77, accuracy 36.89%, model from round 95
                                                     ['0:42.90%', '1:78.20%', '2:1.90%', '3:50.20%', '4:22.40%', '5:26.80%', '6:39.60%', '7:41.10%', '8:53.60%', '9:12.20%']
                                                                                              <-> Client 0, global : from 36.89% to 12.26%, local : from 43.60% to 96.20%, training time : 16200msec
                                                     Cluster 55, round 1, loss : 3.92, accuracy 12.26% <-
                                                     Time past : 16200msec
                                                     ['0:5.10%', '1:8.10%', '2:0.00%', '3:0.00%', '4:0.00%', '5:0.00%', '6:1.30%', '7:99.90%', '8:1.70%', '9:6.50%']
                                          0msec<-
                                          ->0msec
                                                     -> Cluster 6, loss : 1.77, accuracy 36.89%, model from round 95
                                                     ['0:42.90%', '1:78.20%', '2:1.90%', '3:50.20%', '4:22.40%', '5:26.80%', '6:39.60%', '7:41.10%', '8:53.60%', '9:12.20%']
                                                                                              <-> Client 0, global : from 36.89% to 22.08%, local : from 35.40% to 96.40%, training time : 8200msec
                                                     Cluster 6, round 1, loss : 2.81, accuracy 22.08% <-
                                                     Time past : 8200msec
                                                     ['0:40.70%', '1:19.90%', '2:0.00%', '3:0.00%', '4:0.00%', '5:3.20%', '6:99.40%', '7:24.90%', '8:9.50%', '9:23.20%']
                                          0msec<-
                                          ->0msec
                                                     -> Cluster 82, loss : 1.77, accuracy 36.89%, model from round 95
                                                     ['0:42.90%', '1:78.20%', '2:1.90%', '3:50.20%', '4:22.40%', '5:26.80%', '6:39.60%', '7:41.10%', '8:53.60%', '9:12.20%']
                                                                                              <-> Client 0, global : from 36.89% to 14.01%, local : from 26.80% to 95.60%, training time : 16200msec
                                                     Cluster 82, round 1, loss : 4.21, accuracy 14.01% <-
                                                     Time past : 16200msec
                                                     ['0:17.10%', '1:1.30%', '2:0.00%', '3:0.00%', '4:0.00%', '5:99.80%', '6:0.00%', '7:0.30%', '8:20.80%', '9:0.80%']
                                          0msec<-
                                          ->0msec
                                                     -> Cluster 14, loss : 1.77, accuracy 36.89%, model from round 95
                                                     ['0:42.90%', '1:78.20%', '2:1.90%', '3:50.20%', '4:22.40%', '5:26.80%', '6:39.60%', '7:41.10%', '8:53.60%', '9:12.20%']
                                                                                              <-> Client 0, global : from 36.89% to 13.01%, local : from 16.80% to 95.40%, training time : 8200msec
                                                     Cluster 14, round 1, loss : 3.66, accuracy 13.01% <-
                                                     Time past : 8200msec
                                                     ['0:4.70%', '1:0.00%', '2:0.80%', '3:0.30%', '4:18.40%', '5:5.60%', '6:0.30%', '7:0.00%', '8:0.20%', '9:99.80%']
                                          0msec<-
Central server round 95, loss : 1.84, accuracy :34.49%
Time past: 1539000msec
['0:39.50%', '1:22.90%', '2:19.50%', '3:0.10%', '4:3.30%', '5:79.80%', '6:31.70%', '7:29.40%', '8:50.90%', '9:67.80%']
                                          ->0msec
                                                     -> Cluster 75, loss : 1.84, accuracy 34.49%, model from round 96
                                                     ['0:39.50%', '1:22.90%', '2:19.50%', '3:0.10%', '4:3.30%', '5:79.80%', '6:31.70%', '7:29.40%', '8:50.90%', '9:67.80%']
                                                                                              <-> Client 0, global : from 34.49% to 12.23%, local : from 1.60% to 95.40%, training time : 16200msec
                                                     Cluster 75, round 1, loss : 3.57, accuracy 12.23% <-
                                                     Time past : 16200msec
                                                     ['0:4.00%', '1:3.90%', '2:0.00%', '3:100.00%', '4:0.00%', '5:0.00%', '6:0.00%', '7:0.00%', '8:10.50%', '9:3.90%']
                                          0msec<-
                                          ->0msec
                                                     -> Cluster 6, loss : 1.84, accuracy 34.49%, model from round 96
                                                     ['0:39.50%', '1:22.90%', '2:19.50%', '3:0.10%', '4:3.30%', '5:79.80%', '6:31.70%', '7:29.40%', '8:50.90%', '9:67.80%']
                                                                                              <-> Client 0, global : from 34.49% to 19.22%, local : from 29.20% to 96.00%, training time : 8200msec
                                                     Cluster 6, round 1, loss : 3.17, accuracy 19.22% <-
                                                     Time past : 8200msec
                                                     ['0:38.00%', '1:20.30%', '2:0.00%', '3:0.00%', '4:0.00%', '5:0.60%', '6:99.60%', '7:10.60%', '8:7.40%', '9:15.70%']
                                          0msec<-
                                          ->0msec
                                                     -> Cluster 26, loss : 1.84, accuracy 34.49%, model from round 96
                                                     ['0:39.50%', '1:22.90%', '2:19.50%', '3:0.10%', '4:3.30%', '5:79.80%', '6:31.70%', '7:29.40%', '8:50.90%', '9:67.80%']
                                                                                              <-> Client 0, global : from 34.49% to 10.79%, local : from 5.00% to 95.00%, training time : 8200msec
                                                     Cluster 26, round 1, loss : 4.49, accuracy 10.79% <-
                                                     Time past : 8200msec
                                                     ['0:0.00%', '1:4.10%', '2:0.00%', '3:0.00%', '4:100.00%', '5:0.00%', '6:0.00%', '7:0.00%', '8:0.30%', '9:3.50%']
                                          0msec<-
                                          ->0msec
                                                     -> Cluster 91, loss : 1.84, accuracy 34.49%, model from round 96
                                                     ['0:39.50%', '1:22.90%', '2:19.50%', '3:0.10%', '4:3.30%', '5:79.80%', '6:31.70%', '7:29.40%', '8:50.90%', '9:67.80%']
                                                                                              <-> Client 0, global : from 34.49% to 13.44%, local : from 36.20% to 96.60%, training time : 16200msec
                                                     Cluster 91, round 1, loss : 3.35, accuracy 13.44% <-
                                                     Time past : 16200msec
                                                     ['0:99.60%', '1:9.70%', '2:0.00%', '3:5.40%', '4:0.10%', '5:4.40%', '6:3.40%', '7:7.20%', '8:0.00%', '9:4.60%']
                                          0msec<-
                                          ->0msec
                                                     -> Cluster 10, loss : 1.84, accuracy 34.49%, model from round 96
                                                     ['0:39.50%', '1:22.90%', '2:19.50%', '3:0.10%', '4:3.30%', '5:79.80%', '6:31.70%', '7:29.40%', '8:50.90%', '9:67.80%']
                                                                                              <-> Client 0, global : from 34.49% to 10.73%, local : from 64.87% to 94.81%, training time : 8200msec
                                                     Cluster 10, round 1, loss : 3.40, accuracy 10.73% <-
                                                     Time past : 8200msec
                                                     ['0:0.20%', '1:0.00%', '2:6.60%', '3:0.20%', '4:0.00%', '5:0.20%', '6:0.10%', '7:0.00%', '8:0.00%', '9:100.00%']
                                          0msec<-
                                          ->0msec
                                                     -> Cluster 42, loss : 1.84, accuracy 34.49%, model from round 96
                                                     ['0:39.50%', '1:22.90%', '2:19.50%', '3:0.10%', '4:3.30%', '5:79.80%', '6:31.70%', '7:29.40%', '8:50.90%', '9:67.80%']
                                                                                              <-> Client 0, global : from 34.49% to 12.87%, local : from 19.40% to 95.60%, training time : 8200msec
                                                     Cluster 42, round 1, loss : 3.72, accuracy 12.87% <-
                                                     Time past : 8200msec
                                                     ['0:0.00%', '1:4.70%', '2:99.60%', '3:0.00%', '4:0.00%', '5:0.00%', '6:0.00%', '7:0.00%', '8:9.10%', '9:15.30%']
                                          0msec<-
                                          ->0msec
                                                     -> Cluster 15, loss : 1.84, accuracy 34.49%, model from round 96
                                                     ['0:39.50%', '1:22.90%', '2:19.50%', '3:0.10%', '4:3.30%', '5:79.80%', '6:31.70%', '7:29.40%', '8:50.90%', '9:67.80%']
                                                                                              <-> Client 0, global : from 34.49% to 15.22%, local : from 69.60% to 96.00%, training time : 8200msec
                                                     Cluster 15, round 1, loss : 3.38, accuracy 15.22% <-
                                                     Time past : 8200msec
                                                     ['0:2.30%', '1:0.00%', '2:0.00%', '3:0.30%', '4:12.20%', '5:8.20%', '6:26.60%', '7:2.10%', '8:0.80%', '9:99.70%']
                                          0msec<-
                                          ->0msec
                                                     -> Cluster 85, loss : 1.84, accuracy 34.49%, model from round 96
                                                     ['0:39.50%', '1:22.90%', '2:19.50%', '3:0.10%', '4:3.30%', '5:79.80%', '6:31.70%', '7:29.40%', '8:50.90%', '9:67.80%']
                                                                                              <-> Client 0, global : from 34.49% to 15.73%, local : from 76.55% to 96.99%, training time : 16200msec
                                                     Cluster 85, round 1, loss : 4.03, accuracy 15.73% <-
                                                     Time past : 16200msec
                                                     ['0:26.50%', '1:2.70%', '2:0.00%', '3:0.00%', '4:0.00%', '5:99.80%', '6:0.00%', '7:0.20%', '8:14.20%', '9:13.90%']
                                          0msec<-
                                          ->0msec
                                                     -> Cluster 82, loss : 1.84, accuracy 34.49%, model from round 96
                                                     ['0:39.50%', '1:22.90%', '2:19.50%', '3:0.10%', '4:3.30%', '5:79.80%', '6:31.70%', '7:29.40%', '8:50.90%', '9:67.80%']
                                                                                              <-> Client 0, global : from 34.49% to 16.07%, local : from 79.40% to 96.20%, training time : 16200msec
                                                     Cluster 82, round 1, loss : 3.73, accuracy 16.07% <-
                                                     Time past : 16200msec
                                                     ['0:19.80%', '1:3.40%', '2:0.00%', '3:0.00%', '4:0.00%', '5:99.40%', '6:0.10%', '7:0.90%', '8:34.40%', '9:2.70%']
                                          0msec<-
                                          ->0msec
                                                     -> Cluster 8, loss : 1.84, accuracy 34.49%, model from round 96
                                                     ['0:39.50%', '1:22.90%', '2:19.50%', '3:0.10%', '4:3.30%', '5:79.80%', '6:31.70%', '7:29.40%', '8:50.90%', '9:67.80%']
                                                                                              <-> Client 0, global : from 34.49% to 16.73%, local : from 33.00% to 95.80%, training time : 8200msec
                                                     Cluster 8, round 1, loss : 3.78, accuracy 16.73% <-
                                                     Time past : 8200msec
                                                     ['0:12.30%', '1:9.50%', '2:0.70%', '3:0.00%', '4:0.00%', '5:0.00%', '6:99.80%', '7:0.00%', '8:23.70%', '9:21.30%']
                                          0msec<-
Central server round 96, loss : 1.76, accuracy :35.44%
Time past: 1555200msec
['0:55.60%', '1:24.20%', '2:12.00%', '3:4.30%', '4:15.20%', '5:52.30%', '6:75.20%', '7:17.50%', '8:25.70%', '9:72.40%']
                                          ->0msec
                                                     -> Cluster 48, loss : 1.76, accuracy 35.44%, model from round 97
                                                     ['0:55.60%', '1:24.20%', '2:12.00%', '3:4.30%', '4:15.20%', '5:52.30%', '6:75.20%', '7:17.50%', '8:25.70%', '9:72.40%']
                                                                                              <-> Client 0, global : from 35.44% to 10.39%, local : from 12.00% to 95.20%, training time : 8200msec
                                                     Cluster 48, round 1, loss : 4.45, accuracy 10.39% <-
                                                     Time past : 8200msec
                                                     ['0:0.00%', '1:2.00%', '2:99.80%', '3:0.00%', '4:0.00%', '5:0.00%', '6:0.00%', '7:0.00%', '8:0.10%', '9:2.00%']
                                          0msec<-
                                          ->0msec
                                                     -> Cluster 53, loss : 1.76, accuracy 35.44%, model from round 97
                                                     ['0:55.60%', '1:24.20%', '2:12.00%', '3:4.30%', '4:15.20%', '5:52.30%', '6:75.20%', '7:17.50%', '8:25.70%', '9:72.40%']
                                                                                              <-> Client 0, global : from 35.44% to 14.36%, local : from 17.60% to 96.20%, training time : 16200msec
                                                     Cluster 53, round 1, loss : 3.66, accuracy 14.36% <-
                                                     Time past : 16200msec
                                                     ['0:18.90%', '1:6.90%', '2:0.00%', '3:0.00%', '4:0.00%', '5:0.00%', '6:1.20%', '7:99.70%', '8:12.90%', '9:4.00%']
                                          0msec<-
                                          ->0msec
                                                     -> Cluster 67, loss : 1.76, accuracy 35.44%, model from round 97
                                                     ['0:55.60%', '1:24.20%', '2:12.00%', '3:4.30%', '4:15.20%', '5:52.30%', '6:75.20%', '7:17.50%', '8:25.70%', '9:72.40%']
                                                                                              <-> Client 0, global : from 35.44% to 13.77%, local : from 28.40% to 95.60%, training time : 16200msec
                                                     Cluster 67, round 1, loss : 4.12, accuracy 13.77% <-
                                                     Time past : 16200msec
                                                     ['0:0.00%', '1:3.40%', '2:4.50%', '3:1.10%', '4:0.00%', '5:1.20%', '6:21.20%', '7:6.40%', '8:99.90%', '9:0.00%']
                                          0msec<-
                                          ->0msec
                                                     -> Cluster 59, loss : 1.76, accuracy 35.44%, model from round 97
                                                     ['0:55.60%', '1:24.20%', '2:12.00%', '3:4.30%', '4:15.20%', '5:52.30%', '6:75.20%', '7:17.50%', '8:25.70%', '9:72.40%']
                                                                                              <-> Client 0, global : from 35.44% to 13.39%, local : from 15.60% to 95.60%, training time : 16200msec
                                                     Cluster 59, round 1, loss : 4.10, accuracy 13.39% <-
                                                     Time past : 16200msec
                                                     ['0:11.90%', '1:5.20%', '2:0.00%', '3:0.00%', '4:0.00%', '5:0.00%', '6:0.10%', '7:100.00%', '8:16.20%', '9:0.50%']
                                          0msec<-
                                          ->0msec
                                                     -> Cluster 9, loss : 1.76, accuracy 35.44%, model from round 97
                                                     ['0:55.60%', '1:24.20%', '2:12.00%', '3:4.30%', '4:15.20%', '5:52.30%', '6:75.20%', '7:17.50%', '8:25.70%', '9:72.40%']
                                                                                              <-> Client 0, global : from 35.44% to 22.64%, local : from 72.40% to 96.80%, training time : 8200msec
                                                     Cluster 9, round 1, loss : 2.98, accuracy 22.64% <-
                                                     Time past : 8200msec
                                                     ['0:45.60%', '1:19.30%', '2:0.00%', '3:0.60%', '4:0.00%', '5:1.10%', '6:99.70%', '7:0.40%', '8:32.70%', '9:27.00%']
                                          0msec<-
                                          ->0msec
                                                     -> Cluster 25, loss : 1.76, accuracy 35.44%, model from round 97
                                                     ['0:55.60%', '1:24.20%', '2:12.00%', '3:4.30%', '4:15.20%', '5:52.30%', '6:75.20%', '7:17.50%', '8:25.70%', '9:72.40%']
                                                                                              <-> Client 0, global : from 35.44% to 14.07%, local : from 16.60% to 95.60%, training time : 8200msec
                                                     Cluster 25, round 1, loss : 3.66, accuracy 14.07% <-
                                                     Time past : 8200msec
                                                     ['0:8.30%', '1:15.70%', '2:0.00%', '3:0.00%', '4:99.60%', '5:0.00%', '6:0.00%', '7:0.00%', '8:16.60%', '9:0.50%']
                                          0msec<-
                                          ->0msec
                                                     -> Cluster 52, loss : 1.76, accuracy 35.44%, model from round 97
                                                     ['0:55.60%', '1:24.20%', '2:12.00%', '3:4.30%', '4:15.20%', '5:52.30%', '6:75.20%', '7:17.50%', '8:25.70%', '9:72.40%']
                                                                                              <-> Client 0, global : from 35.44% to 17.58%, local : from 17.60% to 96.00%, training time : 16200msec
                                                     Cluster 52, round 1, loss : 3.28, accuracy 17.58% <-
                                                     Time past : 16200msec
                                                     ['0:18.60%', '1:14.50%', '2:0.00%', '3:0.20%', '4:0.00%', '5:0.00%', '6:0.00%', '7:99.00%', '8:35.90%', '9:7.60%']
                                          0msec<-
                                          ->0msec
                                                     -> Cluster 29, loss : 1.76, accuracy 35.44%, model from round 97
                                                     ['0:55.60%', '1:24.20%', '2:12.00%', '3:4.30%', '4:15.20%', '5:52.30%', '6:75.20%', '7:17.50%', '8:25.70%', '9:72.40%']
                                                                                              <-> Client 0, global : from 35.44% to 11.69%, local : from 20.00% to 95.20%, training time : 8200msec
                                                     Cluster 29, round 1, loss : 4.29, accuracy 11.69% <-
                                                     Time past : 8200msec
                                                     ['0:0.00%', '1:11.40%', '2:0.00%', '3:0.00%', '4:99.90%', '5:0.00%', '6:0.00%', '7:0.00%', '8:3.70%', '9:1.90%']
                                          0msec<-
                                          ->0msec
                                                     -> Cluster 77, loss : 1.76, accuracy 35.44%, model from round 97
                                                     ['0:55.60%', '1:24.20%', '2:12.00%', '3:4.30%', '4:15.20%', '5:52.30%', '6:75.20%', '7:17.50%', '8:25.70%', '9:72.40%']
                                                                                              <-> Client 0, global : from 35.44% to 13.14%, local : from 6.80% to 96.20%, training time : 16200msec
                                                     Cluster 77, round 1, loss : 4.28, accuracy 13.14% <-
                                                     Time past : 16200msec
                                                     ['0:0.90%', '1:5.70%', '2:0.00%', '3:99.80%', '4:0.40%', '5:0.00%', '6:0.00%', '7:0.70%', '8:23.90%', '9:0.00%']
                                          0msec<-
                                          ->0msec
                                                     -> Cluster 5, loss : 1.76, accuracy 35.44%, model from round 97
                                                     ['0:55.60%', '1:24.20%', '2:12.00%', '3:4.30%', '4:15.20%', '5:52.30%', '6:75.20%', '7:17.50%', '8:25.70%', '9:72.40%']
                                                                                              <-> Client 0, global : from 35.44% to 15.68%, local : from 71.60% to 95.40%, training time : 8200msec
                                                     Cluster 5, round 1, loss : 3.85, accuracy 15.68% <-
                                                     Time past : 8200msec
                                                     ['0:12.20%', '1:6.50%', '2:0.00%', '3:0.00%', '4:0.00%', '5:0.20%', '6:99.90%', '7:0.60%', '8:26.40%', '9:11.00%']
                                          0msec<-
Central server round 97, loss : 1.76, accuracy :36.24%
Time past: 1571400msec
['0:31.80%', '1:42.30%', '2:4.40%', '3:20.30%', '4:38.50%', '5:7.20%', '6:49.30%', '7:73.90%', '8:69.30%', '9:25.40%']
                                          ->0msec
                                                     -> Cluster 91, loss : 1.76, accuracy 36.24%, model from round 98
                                                     ['0:31.80%', '1:42.30%', '2:4.40%', '3:20.30%', '4:38.50%', '5:7.20%', '6:49.30%', '7:73.90%', '8:69.30%', '9:25.40%']
                                                                                              <-> Client 0, global : from 36.24% to 10.65%, local : from 27.00% to 95.80%, training time : 16200msec
                                                     Cluster 91, round 1, loss : 4.23, accuracy 10.65% <-
                                                     Time past : 16200msec
                                                     ['0:99.90%', '1:5.00%', '2:0.00%', '3:0.10%', '4:0.00%', '5:0.00%', '6:0.20%', '7:0.10%', '8:0.00%', '9:1.20%']
                                          0msec<-
                                          ->0msec
                                                     -> Cluster 90, loss : 1.76, accuracy 36.24%, model from round 98
                                                     ['0:31.80%', '1:42.30%', '2:4.40%', '3:20.30%', '4:38.50%', '5:7.20%', '6:49.30%', '7:73.90%', '8:69.30%', '9:25.40%']
                                                                                              <-> Client 0, global : from 36.24% to 10.94%, local : from 34.00% to 95.80%, training time : 16200msec
                                                     Cluster 90, round 1, loss : 4.30, accuracy 10.94% <-
                                                     Time past : 16200msec
                                                     ['0:100.00%', '1:0.10%', '2:0.00%', '3:0.10%', '4:0.40%', '5:0.00%', '6:6.40%', '7:0.40%', '8:0.20%', '9:1.80%']
                                          0msec<-
                                          ->0msec
                                                     -> Cluster 87, loss : 1.76, accuracy 36.24%, model from round 98
                                                     ['0:31.80%', '1:42.30%', '2:4.40%', '3:20.30%', '4:38.50%', '5:7.20%', '6:49.30%', '7:73.90%', '8:69.30%', '9:25.40%']
                                                                                              <-> Client 0, global : from 36.24% to 22.78%, local : from 10.02% to 96.99%, training time : 16200msec
                                                     Cluster 87, round 1, loss : 3.15, accuracy 22.78% <-
                                                     Time past : 16200msec
                                                     ['0:39.10%', '1:17.90%', '2:0.00%', '3:0.00%', '4:0.30%', '5:98.60%', '6:0.00%', '7:7.80%', '8:36.80%', '9:27.30%']
                                          0msec<-
                                          ->0msec
                                                     -> Cluster 39, loss : 1.76, accuracy 36.24%, model from round 98
                                                     ['0:31.80%', '1:42.30%', '2:4.40%', '3:20.30%', '4:38.50%', '5:7.20%', '6:49.30%', '7:73.90%', '8:69.30%', '9:25.40%']
                                                                                              <-> Client 0, global : from 36.24% to 17.29%, local : from 40.20% to 96.20%, training time : 8200msec
                                                     Cluster 39, round 1, loss : 2.94, accuracy 17.29% <-
                                                     Time past : 8200msec
                                                     ['0:33.80%', '1:99.20%', '2:2.60%', '3:2.60%', '4:14.40%', '5:4.50%', '6:0.60%', '7:7.80%', '8:7.40%', '9:0.00%']
                                          0msec<-
                                          ->0msec
                                                     -> Cluster 56, loss : 1.76, accuracy 36.24%, model from round 98
                                                     ['0:31.80%', '1:42.30%', '2:4.40%', '3:20.30%', '4:38.50%', '5:7.20%', '6:49.30%', '7:73.90%', '8:69.30%', '9:25.40%']
                                                                                              <-> Client 0, global : from 36.24% to 13.20%, local : from 70.20% to 96.40%, training time : 16200msec
                                                     Cluster 56, round 1, loss : 4.01, accuracy 13.20% <-
                                                     Time past : 16200msec
                                                     ['0:0.00%', '1:3.40%', '2:0.00%', '3:0.40%', '4:0.00%', '5:0.20%', '6:0.20%', '7:99.20%', '8:25.90%', '9:2.70%']
                                          0msec<-
                                          ->0msec
                                                     -> Cluster 63, loss : 1.76, accuracy 36.24%, model from round 98
                                                     ['0:31.80%', '1:42.30%', '2:4.40%', '3:20.30%', '4:38.50%', '5:7.20%', '6:49.30%', '7:73.90%', '8:69.30%', '9:25.40%']
                                                                                              <-> Client 0, global : from 36.24% to 18.30%, local : from 66.80% to 96.20%, training time : 16200msec
                                                     Cluster 63, round 1, loss : 3.47, accuracy 18.30% <-
                                                     Time past : 16200msec
                                                     ['0:0.00%', '1:1.10%', '2:0.00%', '3:4.50%', '4:46.30%', '5:6.50%', '6:25.20%', '7:0.20%', '8:99.20%', '9:0.00%']
                                          0msec<-
                                          ->0msec
                                                     -> Cluster 21, loss : 1.76, accuracy 36.24%, model from round 98
                                                     ['0:31.80%', '1:42.30%', '2:4.40%', '3:20.30%', '4:38.50%', '5:7.20%', '6:49.30%', '7:73.90%', '8:69.30%', '9:25.40%']
                                                                                              <-> Client 0, global : from 36.24% to 10.71%, local : from 40.12% to 94.81%, training time : 8200msec
                                                     Cluster 21, round 1, loss : 4.08, accuracy 10.71% <-
                                                     Time past : 8200msec
                                                     ['0:0.10%', '1:0.70%', '2:0.00%', '3:0.10%', '4:100.00%', '5:0.10%', '6:0.00%', '7:0.00%', '8:0.00%', '9:6.10%']
                                          0msec<-
                                          ->0msec
                                                     -> Cluster 86, loss : 1.76, accuracy 36.24%, model from round 98
                                                     ['0:31.80%', '1:42.30%', '2:4.40%', '3:20.30%', '4:38.50%', '5:7.20%', '6:49.30%', '7:73.90%', '8:69.30%', '9:25.40%']
                                                                                              <-> Client 0, global : from 36.24% to 15.48%, local : from 8.22% to 96.19%, training time : 16200msec
                                                     Cluster 86, round 1, loss : 4.16, accuracy 15.48% <-
                                                     Time past : 16200msec
                                                     ['0:0.80%', '1:7.40%', '2:0.00%', '3:0.00%', '4:0.00%', '5:99.70%', '6:0.10%', '7:0.30%', '8:24.70%', '9:21.80%']
                                          0msec<-
                                          ->0msec
                                                     -> Cluster 18, loss : 1.76, accuracy 36.24%, model from round 98
                                                     ['0:31.80%', '1:42.30%', '2:4.40%', '3:20.30%', '4:38.50%', '5:7.20%', '6:49.30%', '7:73.90%', '8:69.30%', '9:25.40%']
                                                                                              <-> Client 0, global : from 36.24% to 12.27%, local : from 26.60% to 96.00%, training time : 8200msec
                                                     Cluster 18, round 1, loss : 3.42, accuracy 12.27% <-
                                                     Time past : 8200msec
                                                     ['0:0.00%', '1:0.00%', '2:7.30%', '3:1.50%', '4:5.40%', '5:5.10%', '6:1.40%', '7:1.30%', '8:1.00%', '9:99.70%']
                                          0msec<-
                                          ->0msec
                                                     -> Cluster 3, loss : 1.76, accuracy 36.24%, model from round 98
                                                     ['0:31.80%', '1:42.30%', '2:4.40%', '3:20.30%', '4:38.50%', '5:7.20%', '6:49.30%', '7:73.90%', '8:69.30%', '9:25.40%']
                                                                                              <-> Client 0, global : from 36.24% to 16.72%, local : from 46.00% to 95.40%, training time : 8200msec
                                                     Cluster 3, round 1, loss : 3.84, accuracy 16.72% <-
                                                     Time past : 8200msec
                                                     ['0:15.20%', '1:13.30%', '2:0.00%', '3:0.00%', '4:0.00%', '5:0.10%', '6:99.80%', '7:0.90%', '8:36.00%', '9:1.90%']
                                          0msec<-
Central server round 98, loss : 1.69, accuracy :39.27%
Time past: 1587600msec
['0:61.10%', '1:45.90%', '2:2.10%', '3:3.50%', '4:33.60%', '5:57.70%', '6:54.20%', '7:41.30%', '8:51.50%', '9:41.80%']
                                          ->0msec
                                                     -> Cluster 39, loss : 1.69, accuracy 39.27%, model from round 99
                                                     ['0:61.10%', '1:45.90%', '2:2.10%', '3:3.50%', '4:33.60%', '5:57.70%', '6:54.20%', '7:41.30%', '8:51.50%', '9:41.80%']
                                                                                              <-> Client 0, global : from 39.27% to 11.02%, local : from 45.80% to 95.40%, training time : 8200msec
                                                     Cluster 39, round 1, loss : 4.07, accuracy 11.02% <-
                                                     Time past : 8200msec
                                                     ['0:1.10%', '1:99.90%', '2:0.10%', '3:1.20%', '4:1.90%', '5:1.60%', '6:0.00%', '7:1.60%', '8:2.80%', '9:0.00%']
                                          0msec<-
                                          ->0msec
                                                     -> Cluster 96, loss : 1.69, accuracy 39.27%, model from round 99
                                                     ['0:61.10%', '1:45.90%', '2:2.10%', '3:3.50%', '4:33.60%', '5:57.70%', '6:54.20%', '7:41.30%', '8:51.50%', '9:41.80%']
                                                                                              <-> Client 0, global : from 39.27% to 12.21%, local : from 56.71% to 96.59%, training time : 16200msec
                                                     Cluster 96, round 1, loss : 3.64, accuracy 12.21% <-
                                                     Time past : 16200msec
                                                     ['0:99.80%', '1:2.50%', '2:0.00%', '3:0.60%', '4:0.00%', '5:12.60%', '6:1.70%', '7:1.40%', '8:0.00%', '9:3.50%']
                                          0msec<-
                                          ->0msec
                                                     -> Cluster 11, loss : 1.69, accuracy 39.27%, model from round 99
                                                     ['0:61.10%', '1:45.90%', '2:2.10%', '3:3.50%', '4:33.60%', '5:57.70%', '6:54.20%', '7:41.30%', '8:51.50%', '9:41.80%']
                                                                                              <-> Client 0, global : from 39.27% to 14.21%, local : from 40.32% to 95.81%, training time : 8200msec
                                                     Cluster 11, round 1, loss : 3.57, accuracy 14.21% <-
                                                     Time past : 8200msec
                                                     ['0:0.00%', '1:0.00%', '2:0.70%', '3:1.50%', '4:2.50%', '5:1.60%', '6:31.40%', '7:4.80%', '8:0.00%', '9:99.60%']
                                          0msec<-
                                          ->0msec
                                                     -> Cluster 81, loss : 1.69, accuracy 39.27%, model from round 99
                                                     ['0:61.10%', '1:45.90%', '2:2.10%', '3:3.50%', '4:33.60%', '5:57.70%', '6:54.20%', '7:41.30%', '8:51.50%', '9:41.80%']
                                                                                              <-> Client 0, global : from 39.27% to 10.70%, local : from 57.80% to 95.40%, training time : 16200msec
                                                     Cluster 81, round 1, loss : 4.26, accuracy 10.70% <-
                                                     Time past : 16200msec
                                                     ['0:1.40%', '1:2.80%', '2:0.00%', '3:0.00%', '4:0.10%', '5:99.90%', '6:0.00%', '7:0.00%', '8:0.00%', '9:2.80%']
                                          0msec<-
                                          ->0msec
                                                     -> Cluster 62, loss : 1.69, accuracy 39.27%, model from round 99
                                                     ['0:61.10%', '1:45.90%', '2:2.10%', '3:3.50%', '4:33.60%', '5:57.70%', '6:54.20%', '7:41.30%', '8:51.50%', '9:41.80%']
                                                                                              <-> Client 0, global : from 39.27% to 14.18%, local : from 52.80% to 96.40%, training time : 16200msec
                                                     Cluster 62, round 1, loss : 3.29, accuracy 14.18% <-
                                                     Time past : 16200msec
                                                     ['0:0.00%', '1:2.30%', '2:0.90%', '3:1.80%', '4:7.30%', '5:7.20%', '6:13.50%', '7:8.20%', '8:100.00%', '9:0.60%']
                                          0msec<-
                                          ->0msec
                                                     -> Cluster 14, loss : 1.69, accuracy 39.27%, model from round 99
                                                     ['0:61.10%', '1:45.90%', '2:2.10%', '3:3.50%', '4:33.60%', '5:57.70%', '6:54.20%', '7:41.30%', '8:51.50%', '9:41.80%']
                                                                                              <-> Client 0, global : from 39.27% to 13.54%, local : from 39.00% to 95.40%, training time : 8200msec
                                                     Cluster 14, round 1, loss : 3.66, accuracy 13.54% <-
                                                     Time past : 8200msec
                                                     ['0:5.90%', '1:0.00%', '2:2.10%', '3:0.00%', '4:19.10%', '5:6.40%', '6:2.00%', '7:0.00%', '8:0.20%', '9:99.70%']
                                          0msec<-
                                          ->0msec
                                                     -> Cluster 64, loss : 1.69, accuracy 39.27%, model from round 99
                                                     ['0:61.10%', '1:45.90%', '2:2.10%', '3:3.50%', '4:33.60%', '5:57.70%', '6:54.20%', '7:41.30%', '8:51.50%', '9:41.80%']
                                                                                              <-> Client 0, global : from 39.27% to 14.58%, local : from 49.00% to 96.40%, training time : 16200msec
                                                     Cluster 64, round 1, loss : 3.52, accuracy 14.58% <-
                                                     Time past : 16200msec
                                                     ['0:0.30%', '1:1.10%', '2:2.40%', '3:0.50%', '4:18.10%', '5:0.00%', '6:12.10%', '7:10.30%', '8:100.00%', '9:1.00%']
                                          0msec<-
                                          ->0msec
                                                     -> Cluster 28, loss : 1.69, accuracy 39.27%, model from round 99
                                                     ['0:61.10%', '1:45.90%', '2:2.10%', '3:3.50%', '4:33.60%', '5:57.70%', '6:54.20%', '7:41.30%', '8:51.50%', '9:41.80%']
                                                                                              <-> Client 0, global : from 39.27% to 15.82%, local : from 34.40% to 96.40%, training time : 8200msec
                                                     Cluster 28, round 1, loss : 3.48, accuracy 15.82% <-
                                                     Time past : 8200msec
                                                     ['0:0.00%', '1:2.80%', '2:0.00%', '3:2.60%', '4:99.30%', '5:0.00%', '6:0.00%', '7:0.80%', '8:33.00%', '9:19.70%']
                                          0msec<-
                                          ->0msec
                                                     -> Cluster 77, loss : 1.69, accuracy 39.27%, model from round 99
                                                     ['0:61.10%', '1:45.90%', '2:2.10%', '3:3.50%', '4:33.60%', '5:57.70%', '6:54.20%', '7:41.30%', '8:51.50%', '9:41.80%']
                                                                                              <-> Client 0, global : from 39.27% to 12.60%, local : from 5.40% to 96.40%, training time : 16200msec
                                                     Cluster 77, round 1, loss : 4.07, accuracy 12.60% <-
                                                     Time past : 16200msec
                                                     ['0:0.40%', '1:8.40%', '2:0.00%', '3:99.80%', '4:0.90%', '5:0.00%', '6:0.00%', '7:1.00%', '8:15.50%', '9:0.00%']
                                          0msec<-
                                          ->0msec
                                                     -> Cluster 95, loss : 1.69, accuracy 39.27%, model from round 99
                                                     ['0:61.10%', '1:45.90%', '2:2.10%', '3:3.50%', '4:33.60%', '5:57.70%', '6:54.20%', '7:41.30%', '8:51.50%', '9:41.80%']
                                                                                              <-> Client 0, global : from 39.27% to 10.58%, local : from 63.13% to 95.99%, training time : 16200msec
                                                     Cluster 95, round 1, loss : 4.13, accuracy 10.58% <-
                                                     Time past : 16200msec
                                                     ['0:100.00%', '1:0.50%', '2:0.00%', '3:0.00%', '4:0.00%', '5:0.20%', '6:4.50%', '7:0.00%', '8:0.00%', '9:0.60%']
                                          0msec<-
Central server round 99, loss : 1.71, accuracy :38.33%
Time past: 1603800msec
['0:54.40%', '1:31.60%', '2:3.40%', '3:22.50%', '4:50.00%', '5:36.50%', '6:30.80%', '7:27.70%', '8:65.50%', '9:60.90%']
                                          ->0msec
                                                     -> Cluster 8, loss : 1.71, accuracy 38.33%, model from round 100
                                                     ['0:54.40%', '1:31.60%', '2:3.40%', '3:22.50%', '4:50.00%', '5:36.50%', '6:30.80%', '7:27.70%', '8:65.50%', '9:60.90%']
                                                                                              <-> Client 0, global : from 38.33% to 19.48%, local : from 32.00% to 96.80%, training time : 8200msec
                                                     Cluster 8, round 1, loss : 3.27, accuracy 19.48% <-
                                                     Time past : 8200msec
                                                     ['0:16.30%', '1:16.90%', '2:0.80%', '3:0.20%', '4:0.00%', '5:0.00%', '6:99.80%', '7:0.00%', '8:31.50%', '9:29.30%']
                                          0msec<-
                                          ->0msec
                                                     -> Cluster 27, loss : 1.71, accuracy 38.33%, model from round 100
                                                     ['0:54.40%', '1:31.60%', '2:3.40%', '3:22.50%', '4:50.00%', '5:36.50%', '6:30.80%', '7:27.70%', '8:65.50%', '9:60.90%']
                                                                                              <-> Client 0, global : from 38.33% to 11.30%, local : from 46.20% to 95.40%, training time : 8200msec
                                                     Cluster 27, round 1, loss : 4.00, accuracy 11.30% <-
                                                     Time past : 8200msec
                                                     ['0:0.00%', '1:7.30%', '2:0.00%', '3:0.10%', '4:99.90%', '5:0.20%', '6:0.00%', '7:0.00%', '8:1.10%', '9:4.40%']
                                          0msec<-
                                          ->0msec
                                                     -> Cluster 0, loss : 1.71, accuracy 38.33%, model from round 100
                                                     ['0:54.40%', '1:31.60%', '2:3.40%', '3:22.50%', '4:50.00%', '5:36.50%', '6:30.80%', '7:27.70%', '8:65.50%', '9:60.90%']
                                                                                              <-> Client 0, global : from 38.33% to 15.18%, local : from 29.34% to 95.61%, training time : 8200msec
                                                     Cluster 0, round 1, loss : 3.56, accuracy 15.18% <-
                                                     Time past : 8200msec
                                                     ['0:12.50%', '1:8.60%', '2:0.00%', '3:0.40%', '4:0.00%', '5:2.00%', '6:99.90%', '7:0.10%', '8:21.70%', '9:6.60%']
                                          0msec<-
                                          ->0msec
                                                     -> Cluster 86, loss : 1.71, accuracy 38.33%, model from round 100
                                                     ['0:54.40%', '1:31.60%', '2:3.40%', '3:22.50%', '4:50.00%', '5:36.50%', '6:30.80%', '7:27.70%', '8:65.50%', '9:60.90%']
                                                                                              <-> Client 0, global : from 38.33% to 14.11%, local : from 38.88% to 95.79%, training time : 16200msec
                                                     Cluster 86, round 1, loss : 4.51, accuracy 14.11% <-
                                                     Time past : 16200msec
                                                     ['0:0.70%', '1:4.50%', '2:0.00%', '3:0.00%', '4:0.00%', '5:99.80%', '6:0.10%', '7:0.20%', '8:21.40%', '9:14.40%']
                                          0msec<-
                                          ->0msec
                                                     -> Cluster 7, loss : 1.71, accuracy 38.33%, model from round 100
                                                     ['0:54.40%', '1:31.60%', '2:3.40%', '3:22.50%', '4:50.00%', '5:36.50%', '6:30.80%', '7:27.70%', '8:65.50%', '9:60.90%']
                                                                                              <-> Client 0, global : from 38.33% to 16.08%, local : from 27.80% to 95.60%, training time : 8200msec
                                                     Cluster 7, round 1, loss : 3.84, accuracy 16.08% <-
                                                     Time past : 8200msec
                                                     ['0:16.90%', '1:10.10%', '2:0.00%', '3:0.00%', '4:0.00%', '5:0.00%', '6:99.80%', '7:1.70%', '8:25.00%', '9:7.30%']
                                          0msec<-
                                          ->0msec
                                                     -> Cluster 54, loss : 1.71, accuracy 38.33%, model from round 100
                                                     ['0:54.40%', '1:31.60%', '2:3.40%', '3:22.50%', '4:50.00%', '5:36.50%', '6:30.80%', '7:27.70%', '8:65.50%', '9:60.90%']
                                                                                              <-> Client 0, global : from 38.33% to 12.99%, local : from 26.80% to 95.60%, training time : 16200msec
                                                     Cluster 54, round 1, loss : 3.82, accuracy 12.99% <-
                                                     Time past : 16200msec
                                                     ['0:11.10%', '1:2.40%', '2:0.00%', '3:0.00%', '4:0.00%', '5:0.60%', '6:3.40%', '7:99.90%', '8:11.70%', '9:0.80%']
                                          0msec<-
                                          ->0msec
                                                     -> Cluster 93, loss : 1.71, accuracy 38.33%, model from round 100
                                                     ['0:54.40%', '1:31.60%', '2:3.40%', '3:22.50%', '4:50.00%', '5:36.50%', '6:30.80%', '7:27.70%', '8:65.50%', '9:60.90%']
                                                                                              <-> Client 0, global : from 38.33% to 10.28%, local : from 52.30% to 95.39%, training time : 16200msec
                                                     Cluster 93, round 1, loss : 3.80, accuracy 10.28% <-
                                                     Time past : 16200msec
                                                     ['0:100.00%', '1:0.10%', '2:0.00%', '3:0.00%', '4:0.30%', '5:1.00%', '6:1.30%', '7:0.00%', '8:0.00%', '9:0.10%']
                                          0msec<-
                                          ->0msec
                                                     -> Cluster 91, loss : 1.71, accuracy 38.33%, model from round 100
                                                     ['0:54.40%', '1:31.60%', '2:3.40%', '3:22.50%', '4:50.00%', '5:36.50%', '6:30.80%', '7:27.70%', '8:65.50%', '9:60.90%']
                                                                                              <-> Client 0, global : from 38.33% to 10.75%, local : from 52.00% to 96.20%, training time : 16200msec
                                                     Cluster 91, round 1, loss : 4.33, accuracy 10.75% <-
                                                     Time past : 16200msec
                                                     ['0:100.00%', '1:3.60%', '2:0.00%', '3:0.80%', '4:0.10%', '5:0.30%', '6:0.40%', '7:0.70%', '8:0.00%', '9:1.60%']
                                          0msec<-
                                          ->0msec
                                                     -> Cluster 2, loss : 1.71, accuracy 38.33%, model from round 100
                                                     ['0:54.40%', '1:31.60%', '2:3.40%', '3:22.50%', '4:50.00%', '5:36.50%', '6:30.80%', '7:27.70%', '8:65.50%', '9:60.90%']
                                                                                              <-> Client 0, global : from 38.33% to 15.04%, local : from 31.40% to 95.80%, training time : 8200msec
                                                     Cluster 2, round 1, loss : 4.12, accuracy 15.04% <-
                                                     Time past : 8200msec
                                                     ['0:12.10%', '1:4.60%', '2:0.80%', '3:0.00%', '4:0.00%', '5:0.40%', '6:99.90%', '7:1.80%', '8:25.10%', '9:5.70%']
                                          0msec<-
                                          ->0msec
                                                     -> Cluster 1, loss : 1.71, accuracy 38.33%, model from round 100
                                                     ['0:54.40%', '1:31.60%', '2:3.40%', '3:22.50%', '4:50.00%', '5:36.50%', '6:30.80%', '7:27.70%', '8:65.50%', '9:60.90%']
                                                                                              <-> Client 0, global : from 38.33% to 22.83%, local : from 32.53% to 96.41%, training time : 8200msec
                                                     Cluster 1, round 1, loss : 3.17, accuracy 22.83% <-
                                                     Time past : 8200msec
                                                     ['0:28.00%', '1:15.30%', '2:0.00%', '3:0.60%', '4:0.20%', '5:5.00%', '6:99.80%', '7:0.80%', '8:45.80%', '9:32.80%']
                                          0msec<-
Central server round 100, loss : 2.07, accuracy :31.27%
Time past: 1620000msec
['0:66.20%', '1:26.30%', '2:0.00%', '3:1.40%', '4:1.90%', '5:23.30%', '6:97.20%', '7:30.30%', '8:32.30%', '9:33.80%']
