{"centralservertimepast": [0, 900, 1800, 2700, 3600, 4500, 5400, 6300, 7200, 8100, 9000, 9900, 10800, 11700, 12600, 13500, 14400, 15300, 16200, 17100, 18000, 18900, 19800, 20700, 21600, 22500, 23400, 24300, 25200, 26100, 27000, 27900, 28800, 29700, 30600, 31500, 32400, 33300, 34200, 35100, 36000, 36900, 37800, 38700, 39600, 40500, 41400, 42300, 43200, 44100, 45000], "centralserveraccuracy": [0.0886, 0.2487, 0.3322, 0.36, 0.389, 0.4131, 0.4338, 0.4512, 0.4647, 0.4889, 0.5014, 0.5127, 0.5242, 0.5339, 0.5433, 0.5531, 0.5645, 0.5719, 0.582, 0.5898, 0.5957, 0.6019, 0.6097, 0.6176, 0.6213, 0.6231, 0.626, 0.6255, 0.6382, 0.639, 0.6424, 0.6453, 0.6482, 0.6527, 0.6536, 0.6547, 0.6551, 0.6593, 0.658, 0.6601, 0.6588, 0.6606, 0.6598, 0.6618, 0.6644, 0.6633, 0.6623, 0.6643, 0.6667, 0.6658, 0.667], "centralserverloss": [2.3058451583862305, 2.097603853225708, 1.9026503074645995, 1.8157679891586305, 1.7363756225585938, 1.66756178855896, 1.6047437314987183, 1.5474081413269043, 1.5003855781555175, 1.4469785194396974, 1.4079006206512452, 1.3730787498474122, 1.3427117185592652, 1.3112166090011597, 1.2856504735946654, 1.2582927436828613, 1.2291237649917603, 1.2112465511322021, 1.185444123840332, 1.1666998560905457, 1.1510468307495116, 1.1360175486564636, 1.1206924838066101, 1.107515289592743, 1.097607836818695, 1.0938531741142272, 1.092475699043274, 1.1015923053741454, 1.0869570281982421, 1.0886516733169556, 1.0933627069473266, 1.1016833559036254, 1.0989595821380616, 1.1009396869659425, 1.1138922138214111, 1.114597509765625, 1.1256386533737182, 1.130664800453186, 1.1347749574661254, 1.141876247024536, 1.1507192407608031, 1.1574454231262208, 1.163214612388611, 1.1688177816390992, 1.1746811136245727, 1.18383129196167, 1.187705013847351, 1.1920691705703734, 1.199511042022705, 1.2051207643508912, 1.2090680900573731], "centralserverround": [0, 1, 2, 3, 4, 5, 6, 7, 8, 9, 10, 11, 12, 13, 14, 15, 16, 17, 18, 19, 20, 21, 22, 23, 24, 25, 26, 27, 28, 29, 30, 31, 32, 33, 34, 35, 36, 37, 38, 39, 40, 41, 42, 43, 44, 45, 46, 47, 48, 49, 50], "clustertimepast": [[], [], [], [], []], "clusteraccuracy": [[], [], [], [], []], "clusterloss": [[], [], [], [], []], "clusterround": [[], [], [], [], []]}