{"centralservertimepast": [0, 10200, 20400, 36600, 52800, 63000, 79200, 89400, 99600, 115800, 126000, 142200, 158400, 168600, 184800, 201000, 211200, 220400, 230600, 240800, 257000, 273200, 289400, 305600, 321800, 332000, 342200, 352400, 368600, 378800, 389000, 405200, 415400, 425600, 435800, 452000, 468200, 478400, 494600, 504800, 521000, 537200, 547400, 563600, 579800, 590000, 606200, 616400, 632600, 642800, 653000, 669200, 679400, 695600, 711800, 722000, 738200, 748400, 758600, 774800, 791000, 807200, 817400, 833600, 849800, 860000, 870200, 886400, 902600, 918800, 935000, 951200, 961400, 977600, 987800, 998000, 1008200, 1018400, 1028600, 1038800, 1055000, 1065200, 1075400, 1085600, 1095800, 1112000, 1128200, 1144400, 1160600, 1170800, 1187000, 1203200, 1219400, 1229600, 1239800, 1256000, 1266200, 1282400, 1291600, 1301800, 1311000], "centralserveraccuracy": [0.1014, 0.1, 0.1, 0.1, 0.1, 0.1, 0.1, 0.1, 0.1, 0.1203, 0.1, 0.1, 0.1, 0.1, 0.1, 0.1, 0.1064, 0.1, 0.1, 0.1, 0.1462, 0.1, 0.1, 0.1004, 0.1472, 0.1, 0.1012, 0.1, 0.1, 0.1464, 0.1001, 0.1032, 0.1003, 0.1155, 0.1, 0.1, 0.11, 0.0999, 0.182, 0.1541, 0.1732, 0.1244, 0.1026, 0.1, 0.1, 0.1, 0.102, 0.1009, 0.1366, 0.1099, 0.1084, 0.1404, 0.1131, 0.1136, 0.1, 0.107, 0.1, 0.1, 0.1016, 0.1275, 0.1151, 0.1587, 0.114, 0.1565, 0.1, 0.1077, 0.1133, 0.1844, 0.134, 0.1477, 0.1544, 0.1087, 0.1, 0.1142, 0.1234, 0.1505, 0.1402, 0.1276, 0.1, 0.1022, 0.1057, 0.1005, 0.1001, 0.1003, 0.1257, 0.1304, 0.1603, 0.1017, 0.1299, 0.1209, 0.1002, 0.1006, 0.1071, 0.1107, 0.1491, 0.1055, 0.1006, 0.1457, 0.1002, 0.1158, 0.1315], "centralserverloss": [2.3040490173339845, 3.118552925491333, 3.1340137496948244, 2.7438041275024414, 3.0511791996002198, 3.042799498748779, 2.775237554931641, 3.1144968914031983, 3.5803835811614992, 2.5261658447265627, 2.842423588180542, 3.401634468460083, 3.2033150577545166, 3.688633899307251, 3.557310563278198, 2.9379262199401857, 2.8543035514831545, 2.9224612720489502, 2.857170372009277, 3.062588961791992, 3.173819072341919, 2.595245984649658, 2.865772412109375, 2.851608650970459, 2.6506883960723875, 2.750911162185669, 2.5624477127075194, 2.784112236022949, 2.8937645957946776, 2.6425425731658936, 2.8694865615844725, 2.4487835689544677, 3.006012353897095, 2.6240251117706297, 3.9867535736083983, 3.4798335216522216, 3.045938289260864, 2.75877306060791, 2.5314284858703613, 2.3653179862976073, 2.5290505081176757, 2.827185131072998, 2.71686891746521, 3.1865825218200685, 5.023085343170166, 3.5269441944122315, 2.828029076766968, 2.863304133987427, 2.5020192977905276, 2.6387450607299803, 3.22075099067688, 2.3556223098754883, 3.0513839992523195, 2.645955143737793, 4.320114483261109, 2.774718276977539, 2.9576656383514406, 3.8142285987854003, 3.5020350391387938, 2.7664689990997315, 2.5419440456390383, 2.5494973262786864, 2.34675279045105, 2.566768983840942, 3.3668460289001465, 2.9826177726745606, 2.9029174465179444, 2.654092234802246, 2.5179918655395506, 2.5478996433258057, 2.5002425262451173, 2.875112096786499, 2.724435934829712, 2.790416948699951, 2.4306529945373536, 2.3892652938842773, 2.955790954208374, 2.619888668823242, 3.3951481315612795, 2.997558958816528, 2.4794268981933594, 3.4656585887908937, 2.8244853439331057, 2.8037251907348635, 2.724670435333252, 2.6392211236953735, 2.654721025085449, 2.9524613883972166, 2.6186489315032957, 3.1461124889373777, 2.819131647491455, 3.0082618953704836, 2.4898519191741944, 3.012535382080078, 2.4455864345550538, 2.717445446395874, 2.8573872329711913, 2.324625373840332, 2.9989620639801027, 2.509225146484375, 2.545832492828369], "centralserverround": [0, 1, 2, 3, 4, 5, 6, 7, 8, 9, 10, 11, 12, 13, 14, 15, 16, 17, 18, 19, 20, 21, 22, 23, 24, 25, 26, 27, 28, 29, 30, 31, 32, 33, 34, 35, 36, 37, 38, 39, 40, 41, 42, 43, 44, 45, 46, 47, 48, 49, 50, 51, 52, 53, 54, 55, 56, 57, 58, 59, 60, 61, 62, 63, 64, 65, 66, 67, 68, 69, 70, 71, 72, 73, 74, 75, 76, 77, 78, 79, 80, 81, 82, 83, 84, 85, 86, 87, 88, 89, 90, 91, 92, 93, 94, 95, 96, 97, 98, 99, 100]}