{"centralservertimepast": [0, 3600, 10900, 14400, 25900, 31500, 37000, 40500, 47800, 52700, 56200, 60100, 63900, 72200, 77800, 83300, 88900, 95300, 99200, 104100, 107700, 111200, 116700, 120600, 126200, 129800, 133400, 139800, 148100, 151600, 157200, 163600, 170000, 176400, 182000, 186900, 194200, 199100, 204600, 208500, 215800, 224000, 227500, 233000, 238500, 243400, 246900, 253300, 260600, 264200, 272500, 280800, 289100, 292600, 304100, 312400, 323900, 332100, 333900, 337400, 345700, 354000, 358900, 364400, 367700, 371500, 379800, 388000, 391500, 403000, 410300, 413800, 417700, 421100, 427500, 433000, 439400, 442900, 447800, 455100, 457700, 463200, 467100, 475400, 486900, 491800, 500100, 506500, 510000, 513500, 519100, 522600, 530900, 534400, 542700, 546300, 557800, 563400, 569000, 574600, 580100], "centralserveraccuracy": [0.1126, 0.098, 0.098, 0.0961, 0.1765, 0.0982, 0.1999, 0.2394, 0.3065, 0.2919, 0.2585, 0.2187, 0.4774, 0.3545, 0.3017, 0.3717, 0.4004, 0.5115, 0.4574, 0.4054, 0.654, 0.6002, 0.5734, 0.4437, 0.7046, 0.6604, 0.649, 0.7229, 0.5963, 0.6496, 0.4842, 0.7106, 0.7837, 0.7682, 0.7698, 0.5942, 0.8004, 0.6752, 0.6802, 0.7317, 0.7833, 0.6896, 0.8289, 0.797, 0.7994, 0.835, 0.8348, 0.8378, 0.8207, 0.8428, 0.7916, 0.8433, 0.8234, 0.8311, 0.8044, 0.8212, 0.7667, 0.8432, 0.8666, 0.8515, 0.79, 0.8, 0.8649, 0.8826, 0.8826, 0.8744, 0.8279, 0.8017, 0.8345, 0.8481, 0.8787, 0.8733, 0.8837, 0.8818, 0.8901, 0.884, 0.8885, 0.8831, 0.8682, 0.8521, 0.8853, 0.886, 0.8588, 0.8945, 0.8034, 0.8983, 0.8798, 0.8762, 0.8976, 0.903, 0.8811, 0.8963, 0.8677, 0.8599, 0.8676, 0.8966, 0.8201, 0.8914, 0.8689, 0.8882, 0.9016], "centralserverloss": [2.3039933753967285, 2.3030095672607422, 2.3866193824768067, 2.4043621398925783, 2.6927982791900633, 2.4674303592681883, 2.5051702598571777, 2.264345969390869, 1.968222483444214, 1.976695937347412, 2.1700833503723143, 2.3497325748443605, 1.6727259757995605, 1.8338613220214843, 1.71439522190094, 1.6885215803146363, 1.6252852466583252, 1.3259262058258057, 1.3387304136276246, 1.5595980833053589, 1.1553953092575073, 1.113357737159729, 1.2111731428146362, 1.3691579610824585, 0.9477569261550903, 0.9644418154716492, 0.9935765767097473, 0.8369897018432617, 1.0542228403091431, 0.9278639050483704, 1.3391206745147706, 0.8222297163963318, 0.7221901262283326, 0.6983833690166473, 0.6816278044700622, 1.0200467383384704, 0.6532566875457764, 0.8475240711212159, 0.8711580219268799, 0.7782331736564636, 0.6570792060852051, 0.8570302784919739, 0.5498013985633851, 0.5704633930683136, 0.5482943338394165, 0.4897210105895996, 0.5110679543972015, 0.5223039827346802, 0.5449297243595124, 0.48324393949508665, 0.5675766934394837, 0.4939937963962555, 0.49118237109184265, 0.4876383199691772, 0.5499283071994782, 0.5321380360603333, 0.6406503889083862, 0.4803241597175598, 0.4186256177425384, 0.43306066884994504, 0.5722033973693847, 0.5438460023880005, 0.4303287808418274, 0.38884973707199094, 0.38383421545028684, 0.4052423385620117, 0.49089752888679505, 0.5738898020744324, 0.49663119249343873, 0.45959153561592103, 0.38415336360931396, 0.38058150634765625, 0.3725380052566528, 0.37341489200592043, 0.3580187562227249, 0.3665441788196564, 0.35880863442420957, 0.37718365716934205, 0.3965928828954697, 0.4083270302772522, 0.36430035877227784, 0.3478399924993515, 0.39160515885353087, 0.32624257905483245, 0.5795022185325622, 0.3325782913684845, 0.36382163944244383, 0.4031116164922714, 0.321356517124176, 0.31256422560214997, 0.36377292923927307, 0.3340944361925125, 0.37941128556728365, 0.39984310970306397, 0.40310890822410583, 0.3158377434015274, 0.5128639731407165, 0.3420403925418854, 0.38851716928482055, 0.3457613517999649, 0.3113594726085663], "centralserverround": [0, 1, 2, 3, 4, 5, 6, 7, 8, 9, 10, 11, 12, 13, 14, 15, 16, 17, 18, 19, 20, 21, 22, 23, 24, 25, 26, 27, 28, 29, 30, 31, 32, 33, 34, 35, 36, 37, 38, 39, 40, 41, 42, 43, 44, 45, 46, 47, 48, 49, 50, 51, 52, 53, 54, 55, 56, 57, 58, 59, 60, 61, 62, 63, 64, 65, 66, 67, 68, 69, 70, 71, 72, 73, 74, 75, 76, 77, 78, 79, 80, 81, 82, 83, 84, 85, 86, 87, 88, 89, 90, 91, 92, 93, 94, 95, 96, 97, 98, 99, 100]}