{"centralservertimepast": [0, 800600, 1601200, 2401800, 3202400, 4003000, 4803600, 5604200, 6404800, 7205400, 8006000, 8806600, 9607200, 10407800, 11208400, 12009000, 12809600, 13610200, 14410800, 15211400, 16012000, 16812600, 17613200, 18413800, 19214400, 20015000, 20815600, 21616200, 22416800, 23217400, 24018000, 24818600, 25539200, 26339800, 27140400, 27941000, 28741600, 29542200, 30342800, 31143400, 31944000, 32744600, 33545200, 34345800, 35146400, 35947000, 36747600, 37548200, 38348800, 39149400, 39950000, 40750600, 41551200, 42351800, 43152400, 43953000, 44753600, 45554200, 46354800, 47155400, 47956000, 48756600, 49557200, 50357800, 51158400, 51959000, 52759600, 53560200, 54360800, 55161400, 55962000, 56762600, 57563200, 58363800, 59164400, 59965000, 60765600, 61566200, 62366800, 63167400, 63888000, 64688600, 65489200, 66289800, 67090400, 67891000, 68691600, 69492200, 70292800, 71093400, 71894000, 72694600, 73495200, 74295800, 75096400, 75897000, 76697600, 77498200, 78218800, 79019400, 79820000], "centralserveraccuracy": [0.0791, 0.1562, 0.2226, 0.2551, 0.2575, 0.2757, 0.3033, 0.3409, 0.2511, 0.2688, 0.3023, 0.34, 0.3309, 0.2824, 0.3382, 0.3062, 0.3037, 0.2817, 0.3379, 0.3412, 0.3368, 0.3366, 0.3325, 0.3379, 0.3468, 0.3375, 0.3275, 0.3252, 0.3562, 0.3449, 0.3273, 0.3398, 0.3571, 0.3461, 0.3544, 0.3714, 0.3538, 0.3707, 0.3288, 0.366, 0.3343, 0.3571, 0.3584, 0.3588, 0.3489, 0.3535, 0.3563, 0.3673, 0.3435, 0.3703, 0.3377, 0.3652, 0.3638, 0.3516, 0.3656, 0.3817, 0.3785, 0.3711, 0.375, 0.3516, 0.3709, 0.3952, 0.3966, 0.3916, 0.3598, 0.3849, 0.3496, 0.3504, 0.3874, 0.374, 0.3691, 0.3455, 0.3849, 0.3812, 0.3651, 0.3522, 0.3514, 0.3586, 0.3521, 0.3778, 0.3843, 0.3803, 0.3982, 0.3891, 0.3743, 0.4025, 0.3899, 0.3714, 0.3763, 0.3719, 0.3263, 0.3848, 0.376, 0.394, 0.4139, 0.3628, 0.3907, 0.4079, 0.3793, 0.4047, 0.366], "centralserverloss": [2.304505443191528, 2.2239922172546387, 2.149978373336792, 2.1787906311035155, 2.3567153409957884, 2.3236400482177735, 2.2489836219787596, 2.203495680618286, 2.7308227451324463, 2.672103145980835, 2.3858401859283447, 2.401928889465332, 2.2596783143997192, 2.8734000129699706, 2.428125429534912, 2.570749870681763, 2.5234641525268553, 2.9279561084747314, 2.4558727714538575, 2.3968346660614013, 2.442090432357788, 2.3650373718261717, 2.7309674671173094, 2.5253337060928343, 2.3342924879074096, 2.538296081161499, 2.519453380203247, 2.670779389190674, 2.668919857788086, 2.308700799369812, 2.6688093048095705, 2.498920277404785, 2.4121393772125246, 2.4559236763000487, 2.370218795013428, 2.303662022972107, 2.5395035356521607, 2.3409214353561403, 2.6307283615112307, 2.2928016311645507, 2.646032466888428, 2.3977360759735107, 2.4783236984252928, 2.422286775970459, 2.502494659423828, 2.3740162338256834, 2.3685012691497804, 2.556871690368652, 2.593202214431763, 2.3742974689483645, 2.765216353225708, 2.4632540298461914, 2.5345979167938233, 2.6410666061401367, 2.5448718284606935, 2.4825474815368653, 2.3801262435913086, 2.4808656047821045, 2.3192808238983154, 2.6627562072753905, 2.469357078552246, 2.266302494430542, 2.395875145339966, 2.363352159690857, 2.6335730491638185, 2.3660069972991944, 2.840716700744629, 2.621130757904053, 2.3854434352874754, 2.5233510246276856, 2.556743737602234, 2.689396502685547, 2.5056890426635743, 2.566248932647705, 2.687290076828003, 2.732438143539429, 2.8811322818756104, 2.6985928089141846, 2.5841296752929686, 2.4261407203674317, 2.59247918548584, 2.4239395252227784, 2.305227091598511, 2.3250956949234007, 2.5860780681610107, 2.322193802070618, 2.4051407096862794, 2.6268007511138918, 2.7509355060577394, 2.4332864948272706, 3.016675355529785, 2.4828215423583986, 2.5214377813339235, 2.4030470016479493, 2.2468017017364503, 2.500712124824524, 2.404107110595703, 2.283352043533325, 2.315426895904541, 2.4002295337677, 2.722778468704224], "centralserverround": [0, 1, 2, 3, 4, 5, 6, 7, 8, 9, 10, 11, 12, 13, 14, 15, 16, 17, 18, 19, 20, 21, 22, 23, 24, 25, 26, 27, 28, 29, 30, 31, 32, 33, 34, 35, 36, 37, 38, 39, 40, 41, 42, 43, 44, 45, 46, 47, 48, 49, 50, 51, 52, 53, 54, 55, 56, 57, 58, 59, 60, 61, 62, 63, 64, 65, 66, 67, 68, 69, 70, 71, 72, 73, 74, 75, 76, 77, 78, 79, 80, 81, 82, 83, 84, 85, 86, 87, 88, 89, 90, 91, 92, 93, 94, 95, 96, 97, 98, 99, 100]}