{"centralservertimepast": [0, 110200, 215400, 315600, 420800, 521000, 626200, 726400, 826600, 931800, 1037000, 1137200, 1242400, 1352600, 1452800, 1553000, 1653200, 1758400, 1858600, 1958800, 2059000, 2164200, 2264400, 2364600, 2469800, 2575000, 2685200, 2785400, 2890600, 2990800, 3096000, 3201200, 3301400, 3406600, 3506800, 3612000, 3717200, 3822400, 3927600, 4032800, 4138000, 4243200, 4348400, 4453600, 4558800, 4669000, 4769200, 4869400, 4974600, 5074800, 5180000, 5285200, 5390400, 5500600, 5605800, 5711000, 5811200, 5911400, 6011600, 6111800, 6217000, 6322200, 6427400, 6532600, 6637800, 6743000, 6853200, 6963400, 7068600, 7168800, 7269000, 7374200, 7479400, 7589600, 7694800, 7805000, 7905200, 8005400, 8115600, 8215800, 8321000, 8421200, 8526400, 8636600, 8741800, 8847000, 8952200, 9057400, 9162600, 9262800, 9368000, 9473200, 9578400, 9683600, 9788800, 9894000, 9994200, 10099400, 10204600, 10309800, 10410000], "centralserveraccuracy": [0.1028, 0.3423, 0.7945, 0.8816, 0.8747, 0.8956, 0.9337, 0.9325, 0.916, 0.9418, 0.9562, 0.9379, 0.9492, 0.9591, 0.9425, 0.9543, 0.9616, 0.9567, 0.9572, 0.9412, 0.9569, 0.9594, 0.9663, 0.9515, 0.9632, 0.9684, 0.9689, 0.9735, 0.9687, 0.9648, 0.9689, 0.9559, 0.9619, 0.9677, 0.9677, 0.9704, 0.9729, 0.9716, 0.9704, 0.9733, 0.9742, 0.9716, 0.9721, 0.9727, 0.9679, 0.9739, 0.9614, 0.9679, 0.9738, 0.9667, 0.9774, 0.9759, 0.9754, 0.9778, 0.9749, 0.9781, 0.9739, 0.9773, 0.9767, 0.9774, 0.9723, 0.977, 0.9766, 0.978, 0.9789, 0.9778, 0.9791, 0.9775, 0.9785, 0.9783, 0.9776, 0.9774, 0.9776, 0.9791, 0.9789, 0.9817, 0.9793, 0.9787, 0.976, 0.9746, 0.9802, 0.9794, 0.9814, 0.9803, 0.9765, 0.9785, 0.9789, 0.9787, 0.9799, 0.9784, 0.9796, 0.9806, 0.9806, 0.9802, 0.9753, 0.9807, 0.9803, 0.9803, 0.9801, 0.9818, 0.9818], "centralserverloss": [2.3050214599609373, 1.8223689346313476, 0.616838587141037, 0.3761285452365875, 0.38946324355602263, 0.33462513495087626, 0.2170482698559761, 0.2290220124602318, 0.2864491069227457, 0.2049472749143839, 0.14923031387329103, 0.22080489745549858, 0.1700733945056796, 0.14385304058492185, 0.19232457979619502, 0.15780035751760005, 0.13389696506559848, 0.1511820473691914, 0.146707963578403, 0.2088886547446251, 0.15847565567269922, 0.14798895481247454, 0.12573212934201583, 0.1825215853959322, 0.1377042859774083, 0.11203393467785791, 0.11686984954630025, 0.09269123998932773, 0.11226825769282878, 0.12215517213530838, 0.1082518684656592, 0.16478083145339043, 0.13118037145528944, 0.11221373675833456, 0.11370722277662716, 0.10769612912042066, 0.09326132701344322, 0.09744658483564854, 0.1050645916045236, 0.1003427997738734, 0.09161037975318613, 0.10436255826636916, 0.10016922280832659, 0.09443034316399135, 0.12356469832863659, 0.09229601830581087, 0.12431113736601547, 0.11224019432445057, 0.09316842293376394, 0.119878282958013, 0.0848151261992869, 0.0857837898135127, 0.09107296141642146, 0.08004203036677209, 0.0867147247284127, 0.07961872997699539, 0.08657707720920443, 0.07939114451522473, 0.08372131709238165, 0.08012241118950188, 0.10254811283466406, 0.08720599441144732, 0.08921974781314493, 0.08405516089621815, 0.07707731507362332, 0.07883041854841431, 0.07951980034568114, 0.08243344251105446, 0.08121990259106387, 0.07984117944148603, 0.0853403183406801, 0.08302971318314085, 0.0866392880981497, 0.07787661547430508, 0.07973516083030263, 0.07294308021588077, 0.07820616419300495, 0.07686484809705871, 0.09412794178663753, 0.09329718591067358, 0.07626667150384456, 0.0788704729857156, 0.07027816650797468, 0.07309540504145552, 0.0908339625239605, 0.07668566280743253, 0.08381845988358837, 0.08509546925112808, 0.07399887308950275, 0.08002601512608817, 0.07521008417118573, 0.0802411803254392, 0.07526966132585367, 0.07413041291129775, 0.0924762174749747, 0.0730045452379869, 0.06938348189161916, 0.06981854854395787, 0.07408252054944751, 0.07001237070074276, 0.07049418969304388], "centralserverround": [0, 1, 2, 3, 4, 5, 6, 7, 8, 9, 10, 11, 12, 13, 14, 15, 16, 17, 18, 19, 20, 21, 22, 23, 24, 25, 26, 27, 28, 29, 30, 31, 32, 33, 34, 35, 36, 37, 38, 39, 40, 41, 42, 43, 44, 45, 46, 47, 48, 49, 50, 51, 52, 53, 54, 55, 56, 57, 58, 59, 60, 61, 62, 63, 64, 65, 66, 67, 68, 69, 70, 71, 72, 73, 74, 75, 76, 77, 78, 79, 80, 81, 82, 83, 84, 85, 86, 87, 88, 89, 90, 91, 92, 93, 94, 95, 96, 97, 98, 99, 100]}