{"centralservertimepast": [0, 21200, 40400, 60600, 79800, 100000, 118200, 138400, 158600, 178800, 198000, 216200, 234400, 254600, 275800, 295000, 314200, 334400, 354600, 375800, 397000, 414200, 432400, 451600, 470800, 492000, 512200, 533400, 553600, 572800, 593000, 611200, 632400, 650600, 670800, 692000, 712200, 730400, 750600, 769800, 789000, 807200, 825400, 845600, 866800, 887000, 907200, 928400, 946600, 967800, 987000, 1008200, 1027400, 1046600, 1064800, 1084000, 1103200, 1124400, 1143600, 1160800, 1180000, 1199200, 1220400, 1240600, 1259800, 1279000, 1299200, 1318400, 1338600, 1358800, 1377000, 1395200, 1415400, 1434600, 1455800, 1477000, 1496200, 1515400, 1535600, 1553800, 1573000, 1592200, 1612400, 1631600, 1648800, 1670000, 1690200, 1710400, 1730600, 1748800, 1769000, 1787200, 1807400, 1825600, 1844800, 1865000, 1884200, 1905400, 1923600, 1943800, 1963000], "centralserveraccuracy": [0.1039, 0.1, 0.1416, 0.2124, 0.1721, 0.1632, 0.2082, 0.2435, 0.2761, 0.2559, 0.1749, 0.2023, 0.2199, 0.2215, 0.1819, 0.1546, 0.2595, 0.2171, 0.3123, 0.3265, 0.3218, 0.3105, 0.2881, 0.3316, 0.3068, 0.349, 0.3479, 0.3661, 0.3408, 0.3125, 0.3122, 0.2848, 0.2391, 0.2637, 0.2849, 0.3921, 0.3149, 0.3233, 0.3812, 0.3203, 0.367, 0.3762, 0.3406, 0.4175, 0.4008, 0.3221, 0.374, 0.3674, 0.3581, 0.3448, 0.3361, 0.3662, 0.363, 0.4288, 0.374, 0.4396, 0.3354, 0.3495, 0.4162, 0.4692, 0.4636, 0.3731, 0.4022, 0.424, 0.4006, 0.4167, 0.4116, 0.454, 0.398, 0.4127, 0.3762, 0.3979, 0.4254, 0.4309, 0.4422, 0.4038, 0.4467, 0.4202, 0.4569, 0.4762, 0.3844, 0.5012, 0.4521, 0.4851, 0.4651, 0.4789, 0.407, 0.4868, 0.457, 0.4036, 0.4697, 0.4117, 0.474, 0.4206, 0.4442, 0.4016, 0.4256, 0.461, 0.4478, 0.4787, 0.4456], "centralserverloss": [2.303538857269287, 2.674686388015747, 2.6223812759399414, 2.321451617050171, 2.341866390609741, 2.559285125732422, 2.2588455352783203, 2.2308795314788816, 1.9871998462677003, 2.072379111862183, 2.356929571914673, 2.308340116882324, 2.288461450958252, 2.126583971595764, 2.336147960472107, 2.6001599033355713, 2.1917231384277343, 2.287013967514038, 1.870144186782837, 1.8513743453979492, 2.0161747272491457, 1.954147430038452, 2.0520679697036743, 1.9934508056640625, 2.0756067249298096, 1.918906423187256, 1.8139815729141235, 1.7462582622528076, 1.8436990301132201, 2.010738087463379, 2.0018295974731446, 1.9587012939453126, 2.47000573387146, 2.105071603012085, 2.3726889430999756, 1.6835311807632447, 1.9452619827270508, 1.9688377199172973, 1.8373385250091552, 2.2203261463165282, 1.7736381189346313, 1.7946549633026123, 1.9003553977966308, 1.6188722282409669, 1.62802664642334, 1.939152848815918, 1.7602535778045654, 1.9565330375671386, 1.9476825313568116, 1.9507615091323853, 1.8459347173690797, 1.9501940185546875, 1.9626559274673463, 1.623369386100769, 1.8206880195617676, 1.6014022274017334, 1.948854978942871, 2.072083631134033, 1.6336310958862306, 1.5219775987625122, 1.5317668237686157, 1.9012182872772216, 1.7168681755065918, 1.6989621017456056, 1.7775056324005127, 1.752885878944397, 1.9111302917480468, 1.6977681673049927, 1.897834428024292, 1.7455813831329345, 2.055285610961914, 1.7949141227722167, 1.7061858097076417, 1.723781563949585, 1.643322230911255, 1.8542066398620605, 1.643952827835083, 1.7289039266586304, 1.6248376739501953, 1.6379222953796386, 1.9736109912872315, 1.4583572971343994, 1.7490531383514405, 1.579884183883667, 1.6897219833374024, 1.5800876308441163, 2.0958465007781983, 1.5526229038238526, 1.6636078788757325, 1.9230081754684447, 1.5825173637390137, 1.9733520713806152, 1.6012239645004271, 1.8706260890960693, 1.7382562171936036, 2.1097050750732422, 1.9734145168304444, 1.710710160446167, 1.6614129697799682, 1.5579989963531493, 1.8032695461273194], "centralserverround": [0, 1, 2, 3, 4, 5, 6, 7, 8, 9, 10, 11, 12, 13, 14, 15, 16, 17, 18, 19, 20, 21, 22, 23, 24, 25, 26, 27, 28, 29, 30, 31, 32, 33, 34, 35, 36, 37, 38, 39, 40, 41, 42, 43, 44, 45, 46, 47, 48, 49, 50, 51, 52, 53, 54, 55, 56, 57, 58, 59, 60, 61, 62, 63, 64, 65, 66, 67, 68, 69, 70, 71, 72, 73, 74, 75, 76, 77, 78, 79, 80, 81, 82, 83, 84, 85, 86, 87, 88, 89, 90, 91, 92, 93, 94, 95, 96, 97, 98, 99, 100]}