{"centralservertimepast": [0, 5100, 10200, 15300, 20400, 25500, 30600, 35700, 40800, 45900, 51000, 56100, 61200, 66300, 71400, 76500, 81600, 86700, 91800, 96900, 102000, 107100, 112200, 117300, 122400, 127500, 132600, 137700, 142800, 147900, 153000, 158100, 163200, 168300, 173400, 178500, 183600, 188700, 193800, 198900, 204000, 209100, 214200, 219300, 224400, 229500, 234600, 239700, 244800, 249900, 255000, 260100, 265200, 270300, 275400, 280500, 285600, 290700, 295800, 300900, 306000, 311100, 316200, 321300, 326400, 331500, 336600, 341700, 346800, 351900, 357000, 362100, 367200, 372300, 377400, 382500, 387600, 392700, 397800, 402900, 408000, 413100, 418200, 423300, 428400, 433500, 438600, 443700, 448800, 453900, 459000, 464100, 469200, 474300, 479400, 484500, 489600, 494700, 499800, 504900, 510000], "centralserveraccuracy": [0.1191, 0.101, 0.1162, 0.3668, 0.5309, 0.6082, 0.6582, 0.7064, 0.7392, 0.7629, 0.7839, 0.8007, 0.812, 0.822, 0.8319, 0.8376, 0.8429, 0.8492, 0.8536, 0.8576, 0.8619, 0.8653, 0.8687, 0.8716, 0.873, 0.8752, 0.8792, 0.8818, 0.884, 0.8861, 0.8878, 0.8897, 0.8913, 0.8929, 0.8946, 0.8966, 0.8981, 0.8988, 0.8995, 0.9007, 0.9018, 0.9031, 0.9037, 0.9044, 0.9054, 0.9065, 0.9076, 0.9088, 0.9095, 0.9105, 0.9113, 0.912, 0.9127, 0.9134, 0.9139, 0.9144, 0.9148, 0.9154, 0.9159, 0.9159, 0.9162, 0.9172, 0.9176, 0.9187, 0.9195, 0.9199, 0.9201, 0.9203, 0.921, 0.9217, 0.9221, 0.9228, 0.9235, 0.9246, 0.9253, 0.9262, 0.9264, 0.9269, 0.9276, 0.9285, 0.929, 0.9295, 0.93, 0.9304, 0.9304, 0.9307, 0.9309, 0.9314, 0.9315, 0.932, 0.9324, 0.9327, 0.9329, 0.9329, 0.933, 0.9328, 0.933, 0.9334, 0.9339, 0.9342, 0.9349], "centralserverloss": [2.3048230407714843, 2.298817529678345, 2.22616065826416, 2.1124140060424805, 1.948263314819336, 1.7182239963531494, 1.4427420110702516, 1.1773325160980224, 0.9676013966560364, 0.8200017685890197, 0.7203535349845887, 0.652943056678772, 0.6043665371894836, 0.5678518048763275, 0.538484907913208, 0.5142786587715149, 0.4937886619567871, 0.47612553796768187, 0.46045293407440185, 0.4466442000389099, 0.43437193579673766, 0.42355736594200133, 0.4136868418693542, 0.4046659165859222, 0.3964675431728363, 0.3890625625133514, 0.3821628424167633, 0.3759611466884613, 0.37010130791664125, 0.36439904317855837, 0.35938032302856443, 0.35438822522163393, 0.3497979457855225, 0.34542657756805417, 0.3411598717689514, 0.3370794099807739, 0.3333165234088898, 0.32975013723373414, 0.32611188406944275, 0.32276369297504426, 0.3193924303293228, 0.3161466587781906, 0.31306671707630157, 0.3099745624065399, 0.30686791033744815, 0.30391949057579043, 0.30112267174720764, 0.2983595199108124, 0.2956904496192932, 0.2930431082725525, 0.29034176352024077, 0.28781594276428224, 0.2852694390296936, 0.2827679449796677, 0.2804770522236824, 0.27816246010065077, 0.276035908806324, 0.27391984775066375, 0.2719101704835892, 0.26996728446483614, 0.2679945363402367, 0.2661276822209358, 0.26428199235200883, 0.2625721887588501, 0.260815875017643, 0.2590926861524582, 0.2574509376168251, 0.2558474470973015, 0.25424417160749435, 0.2527266411542892, 0.2512216410815716, 0.24974324287176133, 0.2482452121555805, 0.2467457873225212, 0.24526762663125992, 0.24385033822059632, 0.24245928685069085, 0.241080857360363, 0.23968851114511489, 0.23831150360703468, 0.23702788092494012, 0.23572941979169845, 0.23463042929768563, 0.23339427837133409, 0.2321710529625416, 0.230999454331398, 0.22983233762383462, 0.22870218670368195, 0.22759241088628768, 0.22664958494603635, 0.22556046706438065, 0.22457130860686303, 0.2235397135466337, 0.22263913936018945, 0.22143893673717976, 0.2205645199149847, 0.21955673866569997, 0.21859152381122113, 0.2176117814719677, 0.21665068131685256, 0.21568900507092476], "centralserverround": [0, 1, 2, 3, 4, 5, 6, 7, 8, 9, 10, 11, 12, 13, 14, 15, 16, 17, 18, 19, 20, 21, 22, 23, 24, 25, 26, 27, 28, 29, 30, 31, 32, 33, 34, 35, 36, 37, 38, 39, 40, 41, 42, 43, 44, 45, 46, 47, 48, 49, 50, 51, 52, 53, 54, 55, 56, 57, 58, 59, 60, 61, 62, 63, 64, 65, 66, 67, 68, 69, 70, 71, 72, 73, 74, 75, 76, 77, 78, 79, 80, 81, 82, 83, 84, 85, 86, 87, 88, 89, 90, 91, 92, 93, 94, 95, 96, 97, 98, 99, 100], "clustertimepast": [[], [], [], [], [], [], [], [], [], []], "clusteraccuracy": [[], [], [], [], [], [], [], [], [], []], "clusterloss": [[], [], [], [], [], [], [], [], [], []], "clusterround": [[], [], [], [], [], [], [], [], [], []]}