{"centralservertimepast": [0, 158600, 317200, 475800, 634400, 793000, 951600, 1110200, 1268800, 1427400, 1586000, 1744600, 1903200, 2061800, 2220400, 2379000, 2537600, 2696200, 2854800, 3013400, 3172000, 3330600, 3489200, 3647800, 3806400, 3965000, 4123600, 4282200, 4440800, 4599400, 4758000, 4916600, 5075200, 5233800, 5392400, 5551000, 5709600, 5868200, 6026800, 6185400, 6344000, 6502600, 6661200, 6819800, 6978400, 7137000, 7295600, 7454200, 7612800, 7771400, 7930000, 8088600, 8247200, 8405800, 8564400, 8723000, 8881600, 9040200, 9198800, 9357400, 9516000, 9674600, 9833200, 9991800, 10150400, 10309000, 10467600, 10626200, 10784800, 10943400, 11102000, 11260600, 11419200, 11577800, 11736400, 11895000, 12053600, 12212200, 12370800, 12529400, 12688000, 12846600, 13005200, 13163800, 13322400, 13481000, 13639600, 13798200, 13956800, 14115400, 14274000, 14432600, 14591200, 14749800, 14908400, 15067000, 15225600, 15384200, 15542800, 15701400, 15860000], "centralserveraccuracy": [0.1005, 0.3776, 0.4664, 0.4903, 0.4986, 0.505, 0.5058, 0.5101, 0.5131, 0.5121, 0.5131, 0.5131, 0.5081, 0.5116, 0.5139, 0.5174, 0.5177, 0.5168, 0.5148, 0.5171, 0.5151, 0.5166, 0.5181, 0.5154, 0.515, 0.5118, 0.5175, 0.5022, 0.5192, 0.5177, 0.5191, 0.5188, 0.5169, 0.5101, 0.5166, 0.5157, 0.518, 0.5174, 0.5033, 0.5052, 0.5146, 0.5208, 0.5197, 0.5202, 0.5201, 0.5196, 0.5193, 0.5191, 0.5185, 0.5185, 0.5181, 0.5182, 0.5178, 0.5179, 0.5178, 0.5181, 0.5181, 0.5181, 0.5182, 0.5177, 0.5177, 0.5174, 0.5172, 0.5175, 0.5173, 0.5174, 0.5176, 0.5174, 0.5176, 0.5173, 0.5175, 0.5174, 0.5174, 0.5176, 0.5174, 0.5177, 0.5181, 0.5181, 0.5178, 0.5179, 0.5178, 0.5179, 0.5179, 0.5178, 0.5176, 0.5179, 0.5178, 0.5179, 0.5179, 0.518, 0.5179, 0.5178, 0.5179, 0.5173, 0.5174, 0.5174, 0.5175, 0.5177, 0.5176, 0.5174, 0.5175], "centralserverloss": [2.3034168884277344, 1.8170320310592651, 2.031305001449585, 1.9951618486404419, 2.0535510875701903, 2.0776620588302612, 2.1165352516174316, 2.1461137966156008, 2.1715279697418213, 2.2501758029937746, 2.296220812988281, 2.28867656211853, 2.3481842864990234, 2.3344939769744872, 2.386214221954346, 2.3780179878234864, 2.362662466049194, 2.4552630847930907, 2.479051389694214, 2.4784411376953126, 2.5011180980682375, 2.445751314544678, 2.584842589187622, 2.592315168762207, 2.631450640487671, 2.6744425968170167, 2.70867073097229, 2.5622228675842287, 2.6787961029052734, 2.7528940528869628, 2.7871222187042237, 2.8047946941375734, 2.799631965637207, 2.813597063064575, 2.7672872619628905, 2.839007839202881, 2.8587423252105713, 2.8517547088623045, 2.989846472930908, 3.0107119468688963, 2.7725962871551513, 2.8631058017730715, 2.9025299095153807, 2.949666631698608, 2.981485400772095, 3.0094079212188722, 3.0315004859924315, 3.050518097305298, 3.067721028518677, 3.08321166343689, 3.0975200435638426, 3.110995701599121, 3.1238300773620606, 3.1358617137908937, 3.147333615112305, 3.158651002883911, 3.169343974304199, 3.1797556468963624, 3.189850395965576, 3.1996889041900634, 3.2093400341033935, 3.2187733283996582, 3.2279086143493654, 3.2365857513427736, 3.245199206542969, 3.2536863719940183, 3.261875589752197, 3.269963041305542, 3.2777074073791503, 3.28554231338501, 3.2929817489624025, 3.3002559116363526, 3.307489052963257, 3.3143298042297364, 3.3211739879608153, 3.327909118270874, 3.3346067138671875, 3.341151936721802, 3.347703535079956, 3.3539992137908934, 3.3603679298400877, 3.3664803401947023, 3.372493041610718, 3.3784919757843017, 3.3845117961883546, 3.390208937072754, 3.396115232086182, 3.4016694847106934, 3.407358074951172, 3.4127114685058593, 3.418093463897705, 3.4235896850585936, 3.4290714698791502, 3.434085124588013, 3.4393558753967284, 3.444465422439575, 3.449324171066284, 3.4541114311218264, 3.4591589405059815, 3.4639234786987303, 3.4686988430023193], "centralserverround": [0, 1, 2, 3, 4, 5, 6, 7, 8, 9, 10, 11, 12, 13, 14, 15, 16, 17, 18, 19, 20, 21, 22, 23, 24, 25, 26, 27, 28, 29, 30, 31, 32, 33, 34, 35, 36, 37, 38, 39, 40, 41, 42, 43, 44, 45, 46, 47, 48, 49, 50, 51, 52, 53, 54, 55, 56, 57, 58, 59, 60, 61, 62, 63, 64, 65, 66, 67, 68, 69, 70, 71, 72, 73, 74, 75, 76, 77, 78, 79, 80, 81, 82, 83, 84, 85, 86, 87, 88, 89, 90, 91, 92, 93, 94, 95, 96, 97, 98, 99, 100]}