{"centralservertimepast": [0, 6400, 13100, 18200, 22900, 28000, 32400, 37500, 44600, 51000, 57700, 62200, 64800, 68100, 70300, 77000, 80200, 82500, 89600, 93400, 95300, 102400, 105700, 110400, 117500, 122600, 125000, 132100, 136500, 143600, 146300, 151000, 157700, 160000, 163300, 165700, 169500, 173000, 175900, 182300, 189000, 195400, 199800, 206900, 212300, 216800, 221900, 228600, 232100, 236600, 243700, 247000, 249700, 256400, 259900, 262200, 265400, 270500, 276900, 284000, 286900, 289800, 295200, 301600, 306000, 313100, 315600, 317800, 323200, 325500, 328700, 335800, 340300, 345000, 349400, 353900, 360600, 364400, 369800, 374500, 376700, 383100, 389800, 394200, 400600, 402900, 405800, 410500, 417200, 419800, 423600, 426800, 429500, 433300, 437700, 444800, 446700, 448700, 450900, 456000, 462700], "centralserveraccuracy": [0.1, 0.1047, 0.1197, 0.1, 0.1437, 0.1031, 0.1724, 0.1096, 0.1, 0.1539, 0.1459, 0.1381, 0.1643, 0.1, 0.1095, 0.1531, 0.1482, 0.1497, 0.2134, 0.129, 0.1554, 0.1512, 0.1069, 0.2262, 0.188, 0.1155, 0.189, 0.1386, 0.2127, 0.1806, 0.1856, 0.2177, 0.2002, 0.2524, 0.2349, 0.2619, 0.2175, 0.1901, 0.2857, 0.1883, 0.2102, 0.2299, 0.2268, 0.1968, 0.1405, 0.3291, 0.1548, 0.2169, 0.2678, 0.2422, 0.1773, 0.2063, 0.2477, 0.1999, 0.2661, 0.2347, 0.2511, 0.2386, 0.2335, 0.2446, 0.2936, 0.2317, 0.3225, 0.2981, 0.3021, 0.2543, 0.2628, 0.194, 0.182, 0.2982, 0.2787, 0.2497, 0.2772, 0.2795, 0.2883, 0.3012, 0.2236, 0.313, 0.3308, 0.282, 0.2929, 0.223, 0.2704, 0.3031, 0.2726, 0.2358, 0.2233, 0.2537, 0.301, 0.2705, 0.2318, 0.3274, 0.3081, 0.2164, 0.3303, 0.2247, 0.3011, 0.228, 0.3212, 0.2533, 0.2428], "centralserverloss": [2.3021467819213868, 2.463930796432495, 2.7057716438293458, 2.6145806880950926, 2.5024768856048585, 2.605926788711548, 2.383571976852417, 2.474337563323975, 2.7245596096038818, 2.3856816852569582, 2.5031171730041506, 2.2826781719207765, 2.3393601921081544, 3.118978031539917, 2.3192695053100585, 2.68717742729187, 2.3900103675842286, 2.298444153213501, 2.2903697555541993, 2.4967628662109376, 2.3628280395507812, 2.4197431926727293, 3.0258918964385986, 2.202970515823364, 2.188366652679443, 2.4050405338287355, 2.2685328311920165, 2.5389236808776854, 2.1785196311950683, 2.3031340045928954, 2.1790811294555663, 2.329877440261841, 2.182992338752747, 2.0615979621887206, 2.070182034111023, 2.052896235656738, 2.127149427032471, 2.161136102294922, 1.9728369445800782, 2.2209416389465333, 2.28078907623291, 2.230429177856445, 2.3198246963500977, 2.4934332027435304, 2.601788500213623, 1.9031097829818726, 2.3525998943328856, 2.1580804485321043, 1.9770180015563965, 2.176804017448425, 2.6995579635620115, 2.4571786693572997, 2.079052144241333, 2.3184691455841064, 2.0574821111679076, 2.0747255126953124, 2.1131022468566893, 2.074531156539917, 2.0523522401809693, 2.182080128479004, 2.083678130912781, 2.2384171255111696, 1.9031235906600952, 1.8958824527740479, 2.0151054000854494, 2.1753269622802733, 2.0107552223205567, 2.3000931844711303, 2.284885247039795, 1.9421496751785279, 2.017837436676025, 2.230123936843872, 2.1716058311462403, 1.9894543621063232, 1.9305438541412354, 1.950477041053772, 2.3490995056152344, 1.8841535552978517, 1.8688542089462281, 2.0138622520446776, 2.047950784111023, 2.2170156730651858, 2.017372397994995, 1.9391595401763917, 2.0393571937561035, 2.032992824745178, 2.1574146308898925, 2.03417234210968, 1.9495079113006593, 2.051376768493652, 2.2108570753097534, 1.898322848892212, 1.9145622537612914, 2.336833993911743, 1.8399408882141113, 2.304014547729492, 1.9007329399108888, 2.1345298734664917, 1.8572596429824828, 2.193466045951843, 2.1958089147567748], "centralserverround": [0, 1, 2, 3, 4, 5, 6, 7, 8, 9, 10, 11, 12, 13, 14, 15, 16, 17, 18, 19, 20, 21, 22, 23, 24, 25, 26, 27, 28, 29, 30, 31, 32, 33, 34, 35, 36, 37, 38, 39, 40, 41, 42, 43, 44, 45, 46, 47, 48, 49, 50, 51, 52, 53, 54, 55, 56, 57, 58, 59, 60, 61, 62, 63, 64, 65, 66, 67, 68, 69, 70, 71, 72, 73, 74, 75, 76, 77, 78, 79, 80, 81, 82, 83, 84, 85, 86, 87, 88, 89, 90, 91, 92, 93, 94, 95, 96, 97, 98, 99, 100]}