{"centralservertimepast": [0, 2300, 4600, 6900, 9200, 11500, 13800, 16100, 18400, 20700, 23000, 25300, 27600, 29900, 32200, 34500, 36800, 39100, 41400, 43700, 46000, 48300, 50600, 52900, 55200, 57500, 59800, 62100, 64400, 66700, 69000, 71300, 73600, 75900, 78200, 80500, 82800, 85100, 87400, 89700, 92000, 94300, 96600, 98900, 101200, 103500, 105800, 108100, 110400, 112700, 115000], "centralserveraccuracy": [0.0886, 0.3616, 0.4346, 0.4906, 0.5248, 0.5559, 0.5806, 0.6051, 0.6167, 0.6315, 0.6403, 0.6443, 0.6504, 0.654, 0.6569, 0.6579, 0.6587, 0.6612, 0.6642, 0.6628, 0.666, 0.6672, 0.6671, 0.6661, 0.6677, 0.6696, 0.6676, 0.6672, 0.6678, 0.667, 0.6679, 0.6668, 0.6674, 0.6667, 0.6686, 0.6663, 0.6665, 0.6662, 0.6659, 0.6682, 0.6681, 0.6669, 0.668, 0.6693, 0.6686, 0.6667, 0.6682, 0.6678, 0.6685, 0.6669, 0.6678], "centralserverloss": [2.3058451583862305, 1.8176157787322997, 1.5986588558197021, 1.4420303518295288, 1.3394161027908325, 1.253952089691162, 1.19354662027359, 1.1431259531974793, 1.1356456964492798, 1.1362720923423768, 1.1443766899108887, 1.1747877899169923, 1.1910024429321289, 1.217332628250122, 1.2311108423233033, 1.2459693281173707, 1.2603802610397339, 1.2751728536605835, 1.2886856592178344, 1.3039127557754517, 1.3201698114395142, 1.334365657234192, 1.3523505807876588, 1.3705613292694092, 1.386594692993164, 1.40418912525177, 1.4202047441482544, 1.43892958278656, 1.4597537368774414, 1.4763197481155395, 1.4921169931411744, 1.5066070152282716, 1.5266139362335205, 1.5401604299545288, 1.5556422271728516, 1.5645407614707947, 1.5899432264328004, 1.6000938690185547, 1.615168212890625, 1.631087960243225, 1.6467759553909302, 1.657185678100586, 1.6758629026412963, 1.6890964530944825, 1.7082456102371215, 1.7175677732467651, 1.7298212901115417, 1.7465605635643005, 1.7475833218574524, 1.7656051295280457, 1.7769907014846802], "centralserverround": [0, 1, 2, 3, 4, 5, 6, 7, 8, 9, 10, 11, 12, 13, 14, 15, 16, 17, 18, 19, 20, 21, 22, 23, 24, 25, 26, 27, 28, 29, 30, 31, 32, 33, 34, 35, 36, 37, 38, 39, 40, 41, 42, 43, 44, 45, 46, 47, 48, 49, 50], "clustertimepast": [[], [], [], [], []], "clusteraccuracy": [[], [], [], [], []], "clusterloss": [[], [], [], [], []], "clusterround": [[], [], [], [], []]}