{"centralservertimepast": [0, 1600, 3200, 4800, 6400, 8000, 9600, 11200, 12800, 14400, 16000, 17600, 19200, 20800, 22400, 24000, 25600, 27200, 28800, 30400, 32000, 33600, 35200, 36800, 38400, 40000, 41600, 43200, 44800, 46400, 48000, 49600, 51200, 52800, 54400, 56000, 57600, 59200, 60800, 62400, 64000, 65600, 67200, 68800, 70400, 72000, 73600, 75200, 76800, 78400, 80000, 81600, 83200, 84800, 86400, 88000, 89600, 91200, 92800, 94400, 96000, 97600, 99200, 100800, 102400, 104000, 105600, 107200, 108800, 110400, 112000, 113600, 115200, 116800, 118400, 120000, 121600, 123200, 124800, 126400, 128000, 129600, 131200, 132800, 134400, 136000, 137600, 139200, 140800, 142400, 144000, 145600, 147200, 148800, 150400, 152000, 153600, 155200, 156800, 158400, 160000], "centralserveraccuracy": [0.1191, 0.2132, 0.2687, 0.4532, 0.6333, 0.7336, 0.7938, 0.8225, 0.8414, 0.856, 0.8658, 0.8738, 0.8821, 0.887, 0.8915, 0.8952, 0.8984, 0.9021, 0.9053, 0.9094, 0.9119, 0.9141, 0.9167, 0.9192, 0.9218, 0.9247, 0.9266, 0.9287, 0.93, 0.9322, 0.9335, 0.9355, 0.9366, 0.9381, 0.94, 0.9412, 0.9429, 0.9441, 0.9448, 0.9458, 0.947, 0.9476, 0.9493, 0.9503, 0.9512, 0.9523, 0.9536, 0.9543, 0.9548, 0.9552, 0.9559, 0.9564, 0.9568, 0.9569, 0.9577, 0.9578, 0.9585, 0.9591, 0.9596, 0.9601, 0.9606, 0.9612, 0.9619, 0.9622, 0.9627, 0.9636, 0.964, 0.9644, 0.9644, 0.9646, 0.9649, 0.9651, 0.9657, 0.9658, 0.9657, 0.9661, 0.9665, 0.9668, 0.9669, 0.9675, 0.9678, 0.9681, 0.9684, 0.9684, 0.9685, 0.9686, 0.9688, 0.9688, 0.9689, 0.9691, 0.9692, 0.9695, 0.9697, 0.9698, 0.9699, 0.9702, 0.9704, 0.9707, 0.9709, 0.9712, 0.9714], "centralserverloss": [2.3048230407714843, 2.275690867996216, 2.245514998626709, 2.1858057746887205, 2.0365703365325927, 1.7066669944763184, 1.2629408172607421, 0.9147793697357178, 0.706746008682251, 0.5864123434066773, 0.5124374367713929, 0.4629832413673401, 0.42724094095230103, 0.39982560472488404, 0.3777768040180206, 0.35938651351928713, 0.34356999897956847, 0.3295984002828598, 0.3170357810735703, 0.3055621548652649, 0.2950030466794968, 0.2851403098106384, 0.27589645521640777, 0.26727033836841585, 0.2591042150497436, 0.25133915865421297, 0.24395105383396148, 0.23692316706180572, 0.23021976518630982, 0.22385145217180252, 0.21779503232240677, 0.21201326195001602, 0.20654327338933945, 0.20134265677928925, 0.19640324301719667, 0.1916898273229599, 0.18720562076568603, 0.18294165840148927, 0.1788905094563961, 0.17503607471585272, 0.17137175546884537, 0.16788114164471626, 0.16453665088415145, 0.16135618361234666, 0.15831565296649933, 0.15539713646173478, 0.15260563438534736, 0.1499290501356125, 0.1473552750647068, 0.14488865377008914, 0.1425141806304455, 0.14024055583178996, 0.1380491207689047, 0.13593820948302746, 0.13389911212325095, 0.13194060220718384, 0.1300547190397978, 0.12822814226448537, 0.12646648685634138, 0.12477028972804546, 0.12313669371306896, 0.12155302396714687, 0.12002301028072834, 0.11853721738755703, 0.11709549507498741, 0.11570264627188444, 0.1143618199840188, 0.11306262878328562, 0.1118054849550128, 0.11059022326469421, 0.10941668092608452, 0.10827477731853724, 0.10716433675438165, 0.10609755810499191, 0.10505706770718097, 0.10404347170591355, 0.10306475165635347, 0.1021127705052495, 0.10118029970824718, 0.1002713810056448, 0.09938385076522827, 0.09851915610283613, 0.09766999007612467, 0.09684317776858807, 0.09603496814966202, 0.09524960864335298, 0.0944876737833023, 0.09375062447488308, 0.09303611726984382, 0.09233581344857812, 0.09165716286748647, 0.09099699138104915, 0.09035201400369405, 0.08972004235908389, 0.08910543982088566, 0.08851001633554698, 0.08793205867558718, 0.08736749466061593, 0.08681631908491254, 0.08627855301573872, 0.08575156681463122], "centralserverround": [0, 1, 2, 3, 4, 5, 6, 7, 8, 9, 10, 11, 12, 13, 14, 15, 16, 17, 18, 19, 20, 21, 22, 23, 24, 25, 26, 27, 28, 29, 30, 31, 32, 33, 34, 35, 36, 37, 38, 39, 40, 41, 42, 43, 44, 45, 46, 47, 48, 49, 50, 51, 52, 53, 54, 55, 56, 57, 58, 59, 60, 61, 62, 63, 64, 65, 66, 67, 68, 69, 70, 71, 72, 73, 74, 75, 76, 77, 78, 79, 80, 81, 82, 83, 84, 85, 86, 87, 88, 89, 90, 91, 92, 93, 94, 95, 96, 97, 98, 99, 100], "clustertimepast": [[], [], [], [], [], [], [], [], [], []], "clusteraccuracy": [[], [], [], [], [], [], [], [], [], []], "clusterloss": [[], [], [], [], [], [], [], [], [], []], "clusterround": [[], [], [], [], [], [], [], [], [], []]}