{"centralservertimepast": [0, 11200, 21400, 32600, 42800, 54000, 65200, 76400, 86600, 96800, 108000, 118200, 129400, 139600, 149800, 160000, 171200, 182400, 193600, 204800, 214500, 224700, 235900, 247100, 257300, 267500, 278700, 289900, 301100, 312300, 323500, 333200, 344400, 355600, 366800, 378000, 389200, 400400, 411600, 422800, 434000, 445200, 455400, 466600, 476800, 488000, 499200, 510400, 521600, 531800, 543000, 553200, 564400, 575600, 585800, 597000, 608200, 619400, 630600, 641800, 652000, 663200, 674400, 685600, 696800, 708000, 718200, 729400, 740600, 751800, 763000, 774200, 785400, 796600, 807800, 819000, 830200, 841400, 852600, 862800, 874000, 885200, 896400, 907600, 917800, 929000, 940200, 951400, 962600, 973800, 985000, 995200, 1006400, 1017600, 1028800, 1039000, 1050200, 1061400, 1071600, 1082800, 1094000], "centralserveraccuracy": [0.0981, 0.1015, 0.0988, 0.0892, 0.1426, 0.1256, 0.0974, 0.1135, 0.1028, 0.101, 0.0958, 0.101, 0.0958, 0.096, 0.101, 0.1201, 0.0892, 0.1905, 0.1855, 0.1135, 0.1032, 0.1027, 0.2722, 0.1318, 0.0958, 0.0982, 0.2345, 0.2016, 0.1017, 0.3616, 0.2823, 0.1885, 0.207, 0.2717, 0.3109, 0.3724, 0.2468, 0.1881, 0.201, 0.3563, 0.3554, 0.3954, 0.2619, 0.3035, 0.4806, 0.4042, 0.2744, 0.3959, 0.4539, 0.4383, 0.606, 0.5174, 0.5354, 0.4906, 0.5508, 0.3893, 0.4957, 0.6214, 0.5763, 0.5611, 0.5656, 0.5646, 0.6052, 0.5343, 0.6137, 0.5899, 0.5838, 0.5712, 0.6811, 0.6155, 0.7173, 0.6714, 0.6396, 0.7221, 0.7217, 0.746, 0.6959, 0.6497, 0.712, 0.6946, 0.7198, 0.6703, 0.6484, 0.6968, 0.7011, 0.7105, 0.7153, 0.7269, 0.747, 0.7833, 0.6643, 0.6373, 0.6913, 0.6568, 0.773, 0.7203, 0.7802, 0.7429, 0.7387, 0.7223, 0.734], "centralserverloss": [2.3048316463470457, 2.320712147140503, 2.3485912326812746, 2.3037368423461912, 2.3856539180755614, 2.405773359680176, 2.3871475315093993, 2.754451523208618, 2.513641886520386, 2.504221071243286, 2.3483628997802732, 2.5046159240722656, 2.2796222106933595, 2.3283125312805177, 2.852988873291016, 2.622494605255127, 2.520646812057495, 2.3933118671417235, 2.295639489364624, 2.442772208404541, 2.3604191078186036, 2.445467886352539, 2.2730117656707765, 2.4294809997558593, 2.3914416172027586, 2.2594685840606687, 2.179318107223511, 2.2515012474060057, 2.144805103683472, 2.04828900680542, 2.1038871898651124, 2.2323874393463137, 2.0625213272094727, 2.079945505142212, 2.0501772087097168, 1.870551370048523, 1.9344559930801393, 2.2154862812042238, 2.105883125305176, 1.8209662565231324, 1.8440962713241578, 1.7494888874053955, 1.9332885665893556, 1.7942145841598511, 1.633361876296997, 1.6521714170455932, 1.8496791694641113, 1.6857661951065064, 1.6613422882080078, 1.6428491748809815, 1.410684769821167, 1.4588089017868042, 1.3817779132843018, 1.47437578125, 1.3982437925338744, 1.5010100141525269, 1.4671584232330321, 1.3040776153564453, 1.258120725440979, 1.2847384632110597, 1.2362989934921265, 1.2186050251007081, 1.1778502927780152, 1.2146397441864014, 1.1040616487503052, 1.148038990211487, 1.2083317073822022, 1.2164927101135254, 1.0374669845581055, 1.0668068711280823, 0.9460694520950318, 1.0291809944152832, 1.0843356777191162, 0.9178348123550415, 0.9168623036384582, 0.8808884049415588, 0.9055677813529969, 0.9511886951446533, 0.9021349743843079, 0.9014927576065064, 0.8643870684623718, 0.930229120349884, 0.9438916996955872, 0.8943126369476319, 0.8542064787864685, 0.8268037734031677, 0.8453395965576171, 0.8184540972709656, 0.781867119884491, 0.7194019870758057, 0.899220868587494, 0.9732322034835815, 0.8482992302894592, 0.9292502550125122, 0.7281128649234772, 0.7852131597518921, 0.6996578308582306, 0.7395678080558777, 0.7548134525299073, 0.7920656761169433, 0.7488499250411987], "centralserverround": [0, 1, 2, 3, 4, 5, 6, 7, 8, 9, 10, 11, 12, 13, 14, 15, 16, 17, 18, 19, 20, 21, 22, 23, 24, 25, 26, 27, 28, 29, 30, 31, 32, 33, 34, 35, 36, 37, 38, 39, 40, 41, 42, 43, 44, 45, 46, 47, 48, 49, 50, 51, 52, 53, 54, 55, 56, 57, 58, 59, 60, 61, 62, 63, 64, 65, 66, 67, 68, 69, 70, 71, 72, 73, 74, 75, 76, 77, 78, 79, 80, 81, 82, 83, 84, 85, 86, 87, 88, 89, 90, 91, 92, 93, 94, 95, 96, 97, 98, 99, 100]}