{"centralservertimepast": [0, 80400, 160800, 241200, 321600, 402000, 482400, 562800, 643200, 723600, 804000, 884400, 964800, 1045200, 1125600, 1206000, 1286400, 1366800, 1447200, 1527600, 1608000, 1688400, 1768800, 1849200, 1929600, 2010000, 2090400, 2170800, 2251200, 2331600, 2412000, 2492400, 2572800, 2653200, 2733600, 2814000, 2894400, 2974800, 3055200, 3135600, 3216000, 3296400, 3376800, 3457200, 3537600, 3618000, 3698400, 3778800, 3859200, 3939600, 4020000, 4100400, 4180800, 4261200, 4341600, 4422000, 4502400, 4582800, 4663200, 4743600, 4824000, 4904400, 4984800, 5065200, 5145600, 5226000, 5306400, 5386800, 5467200, 5547600, 5628000, 5708400, 5772800, 5853200, 5933600, 6014000, 6094400, 6174800, 6255200, 6335600, 6416000, 6480400, 6560800, 6641200, 6721600, 6802000, 6882400, 6962800, 7043200, 7123600, 7204000, 7284400, 7364800, 7445200, 7525600, 7606000, 7686400, 7766800, 7847200, 7927600, 8008000], "centralserveraccuracy": [0.0867, 0.1, 0.1385, 0.1007, 0.1055, 0.1, 0.1, 0.1419, 0.1464, 0.1446, 0.174, 0.156, 0.1482, 0.1633, 0.1546, 0.1989, 0.1938, 0.2276, 0.2106, 0.2445, 0.2136, 0.2011, 0.2795, 0.2701, 0.1911, 0.2357, 0.2655, 0.2755, 0.2675, 0.2729, 0.2651, 0.2108, 0.2645, 0.3013, 0.2809, 0.283, 0.2979, 0.2074, 0.2448, 0.2999, 0.2663, 0.302, 0.2944, 0.3259, 0.3307, 0.3012, 0.2612, 0.3274, 0.2955, 0.2769, 0.3178, 0.3166, 0.3505, 0.3155, 0.3165, 0.3064, 0.323, 0.3257, 0.3547, 0.3099, 0.3538, 0.3688, 0.3743, 0.3628, 0.3712, 0.3549, 0.3637, 0.3599, 0.3682, 0.3811, 0.3961, 0.3874, 0.377, 0.3794, 0.3817, 0.3819, 0.4, 0.3971, 0.3981, 0.3923, 0.399, 0.3766, 0.3951, 0.3825, 0.3896, 0.4123, 0.395, 0.375, 0.4151, 0.4223, 0.385, 0.3399, 0.3773, 0.3811, 0.4243, 0.3886, 0.3761, 0.4301, 0.3821, 0.4058, 0.398], "centralserverloss": [2.3042681762695314, 2.332306935501099, 2.3427879741668702, 2.3204998973846434, 2.3417123947143557, 2.295520603942871, 2.337296291732788, 2.3104205680847167, 2.3734485137939454, 2.32518160533905, 2.1920065158843993, 2.2681975387573243, 2.199008416557312, 2.252562419128418, 2.3134506759643556, 2.2225954895019533, 2.2261136157989503, 2.091766651535034, 2.203119334411621, 2.0719051900863645, 2.1372385416030886, 2.2824177883148193, 2.0334801319122313, 2.0152743871688843, 2.1416500831604, 2.0368992399215697, 2.0115060735702515, 1.9983327966690063, 2.0233088455200194, 1.976475783920288, 1.9791745111465453, 2.130037362289429, 1.9908204780578613, 1.9808505222320556, 2.0021717184066774, 1.9598248975753785, 1.9315960054397583, 2.1398091201782226, 2.1211040996551516, 1.9196302350997925, 1.9682683500289917, 1.951018551826477, 1.9560449815750123, 1.868230164718628, 1.849544653892517, 1.9499049211502075, 2.050626546287537, 1.8818007442474365, 1.952922163772583, 2.0752024969100953, 1.8465993545532227, 1.9035649253845215, 1.7942233518600463, 1.8855590841293335, 1.9530848299026489, 1.9573814918518067, 1.8559272481918334, 1.8683010774612427, 1.8189474227905273, 1.9045271854400634, 1.790291266822815, 1.7828121431350707, 1.7629582731246949, 1.8446346002578735, 1.7642223169326783, 1.8542058139801025, 1.808604730606079, 1.8641639324188233, 1.767046326637268, 1.7661171571731566, 1.6962472894668579, 1.7662011486053466, 1.7918408742904663, 1.7475679719924926, 1.7338083654403686, 1.744066665840149, 1.6938097126007081, 1.767843567276001, 1.7738534355163573, 1.7745693256378174, 1.7137979795455933, 1.7876052671432494, 1.7407164239883424, 1.8388378959655762, 1.7765883045196533, 1.6848722599029542, 1.7893279859542848, 1.8406964237213135, 1.698733198928833, 1.6564827453613282, 1.8501038066864013, 2.003507818222046, 1.7992839286804199, 1.8831808307647706, 1.68426090965271, 1.7760646465301513, 1.849211075592041, 1.6524779024124145, 1.868365879058838, 1.7772910247802733, 1.817345598220825], "centralserverround": [0, 1, 2, 3, 4, 5, 6, 7, 8, 9, 10, 11, 12, 13, 14, 15, 16, 17, 18, 19, 20, 21, 22, 23, 24, 25, 26, 27, 28, 29, 30, 31, 32, 33, 34, 35, 36, 37, 38, 39, 40, 41, 42, 43, 44, 45, 46, 47, 48, 49, 50, 51, 52, 53, 54, 55, 56, 57, 58, 59, 60, 61, 62, 63, 64, 65, 66, 67, 68, 69, 70, 71, 72, 73, 74, 75, 76, 77, 78, 79, 80, 81, 82, 83, 84, 85, 86, 87, 88, 89, 90, 91, 92, 93, 94, 95, 96, 97, 98, 99, 100]}