{"centralservertimepast": [0, 2650, 5300, 7950, 10600, 13250, 15900, 18550, 21200, 23850, 26500, 29150, 31800, 34450, 37100, 39750, 42400, 45050, 47700, 50350, 53000, 55650, 58300, 60950, 63600, 66250, 68900, 71550, 74200, 76850, 79500, 82150, 84800, 87450, 90100, 92750, 95400, 98050, 100700, 103350, 106000, 108650, 111300, 113950, 116600, 119250, 121900, 124550, 127200, 129850, 132500, 135150, 137800, 140450, 143100, 145750, 148400, 151050, 153700, 156350, 159000, 161650, 164300, 166950, 169600, 172250, 174900, 177550, 180200, 182850, 185500, 188150, 190800, 193450, 196100, 198750, 201400, 204050, 206700, 209350, 212000, 214650, 217300, 219950, 222600, 225250, 227900, 230550, 233200, 235850, 238500, 241150, 243800, 246450, 249100, 251750, 254400, 257050, 259700, 262350, 265000], "centralserveraccuracy": [0.092, 0.101, 0.1287, 0.1023, 0.2597, 0.3304, 0.3764, 0.3995, 0.4163, 0.4371, 0.4665, 0.4995, 0.5328, 0.5614, 0.5926, 0.6171, 0.6391, 0.6584, 0.6746, 0.694, 0.7095, 0.7269, 0.7394, 0.7523, 0.7637, 0.7731, 0.7816, 0.7884, 0.796, 0.8007, 0.8072, 0.811, 0.8147, 0.8184, 0.8222, 0.8255, 0.8284, 0.8309, 0.8335, 0.8355, 0.8391, 0.8413, 0.8421, 0.8447, 0.8458, 0.848, 0.85, 0.8518, 0.8547, 0.8552, 0.8566, 0.8581, 0.8592, 0.8605, 0.8625, 0.8637, 0.8646, 0.866, 0.8666, 0.8674, 0.8684, 0.8694, 0.8707, 0.8715, 0.8725, 0.8737, 0.8737, 0.8746, 0.8758, 0.8762, 0.877, 0.8783, 0.8784, 0.8787, 0.88, 0.8804, 0.8805, 0.8811, 0.8825, 0.883, 0.8834, 0.8838, 0.8849, 0.8853, 0.8858, 0.8864, 0.8869, 0.8871, 0.8874, 0.8875, 0.8881, 0.8887, 0.8889, 0.8895, 0.89, 0.891, 0.8918, 0.8925, 0.8929, 0.8935, 0.8933], "centralserverloss": [2.3050148765563967, 2.3040757225036623, 2.283868840408325, 2.2432236003875734, 2.2028072578430176, 2.15753782043457, 2.104531646728516, 2.0431732498168946, 1.9742961595535278, 1.898828744697571, 1.8180110134124756, 1.7329064613342284, 1.6444208532333373, 1.5539253770828247, 1.4623487077713013, 1.3693401609420777, 1.2784755849838256, 1.1915697637557983, 1.1090150674819945, 1.0317049124717712, 0.9631122702598571, 0.9017288415908814, 0.848292737865448, 0.800789952659607, 0.7591229599952698, 0.7228072679519654, 0.6910213641643524, 0.6630098217964172, 0.6389234488487243, 0.6199187566757202, 0.6001207743644714, 0.5852121045589447, 0.5701294321060181, 0.5567489292621612, 0.5449672107219696, 0.5336159861087799, 0.5239617847919464, 0.5143689178466797, 0.5062910213470458, 0.4985562990665436, 0.4909207458496094, 0.4838458700180054, 0.4778640326499939, 0.47184294838905333, 0.4662176284313202, 0.46015509037971497, 0.4554691628932953, 0.450709810256958, 0.44605055174827574, 0.44188538341522215, 0.4377614989280701, 0.43374921016693113, 0.42983017597198486, 0.42621577343940736, 0.4225325039386749, 0.4195161138534546, 0.4165154510974884, 0.4138081543445587, 0.41104662981033324, 0.4087372505664825, 0.4061085828781128, 0.40358434114456176, 0.4011860267162323, 0.39895752844810484, 0.3968675057888031, 0.3950578702926636, 0.3931218996047974, 0.39115286808013916, 0.38930341544151303, 0.3874510254383087, 0.38565038266181945, 0.3841750536441803, 0.3824125650882721, 0.3810751180171967, 0.3791187007427216, 0.3775468147754669, 0.3759305188655853, 0.37433812518119813, 0.37278315014839175, 0.37104278626441956, 0.3694152934551239, 0.36809633355140686, 0.3666183334827423, 0.3653030290126801, 0.3639306965827942, 0.36245384426116944, 0.36119883499145505, 0.3598259510040283, 0.35873044509887697, 0.3574102788925171, 0.35604707162380217, 0.3549256175041199, 0.3537039190292358, 0.3526516404390335, 0.3516218273878097, 0.35050684518814085, 0.34951002955436705, 0.34872069871425626, 0.3477984533548355, 0.3468389105796814, 0.346212774181366], "centralserverround": [0, 1, 2, 3, 4, 5, 6, 7, 8, 9, 10, 11, 12, 13, 14, 15, 16, 17, 18, 19, 20, 21, 22, 23, 24, 25, 26, 27, 28, 29, 30, 31, 32, 33, 34, 35, 36, 37, 38, 39, 40, 41, 42, 43, 44, 45, 46, 47, 48, 49, 50, 51, 52, 53, 54, 55, 56, 57, 58, 59, 60, 61, 62, 63, 64, 65, 66, 67, 68, 69, 70, 71, 72, 73, 74, 75, 76, 77, 78, 79, 80, 81, 82, 83, 84, 85, 86, 87, 88, 89, 90, 91, 92, 93, 94, 95, 96, 97, 98, 99, 100]}