{"centralservertimepast": [0, 105200, 200400, 300600, 395800, 496000, 586200, 686400, 786600, 886800, 982000, 1072200, 1162400, 1262600, 1367800, 1463000, 1558200, 1658400, 1758600, 1863800, 1969000, 2054200, 2144400, 2239600, 2334800, 2440000, 2540200, 2645400, 2745600, 2840800, 2941000, 3031200, 3136400, 3226600, 3326800, 3432000, 3532200, 3622400, 3722600, 3817800, 3913000, 4003200, 4093400, 4193600, 4298800, 4399000, 4499200, 4604400, 4694600, 4799800, 4895000, 5000200, 5095400, 5190600, 5280800, 5376000, 5471200, 5576400, 5671600, 5756800, 5852000, 5947200, 6052400, 6152600, 6247800, 6343000, 6443200, 6538400, 6638600, 6738800, 6829000, 6919200, 7019400, 7114600, 7219800, 7325000, 7420200, 7515400, 7615600, 7705800, 7801000, 7896200, 7996400, 8091600, 8176800, 8282000, 8382200, 8482400, 8582600, 8672800, 8773000, 8863200, 8963400, 9053600, 9148800, 9249000, 9344200, 9449400, 9539600, 9639800, 9735000], "centralserveraccuracy": [0.0968, 0.1162, 0.1883, 0.2715, 0.2002, 0.2074, 0.3353, 0.3315, 0.4069, 0.3583, 0.332, 0.334, 0.2912, 0.3672, 0.3945, 0.3502, 0.4118, 0.3844, 0.4428, 0.498, 0.4596, 0.4255, 0.4548, 0.4652, 0.4663, 0.4681, 0.5036, 0.5194, 0.4784, 0.417, 0.4304, 0.4774, 0.4024, 0.4406, 0.4211, 0.4949, 0.4519, 0.4427, 0.4765, 0.4301, 0.4562, 0.4985, 0.4729, 0.5203, 0.4993, 0.4479, 0.4979, 0.4713, 0.4547, 0.4598, 0.4878, 0.478, 0.4669, 0.4866, 0.4918, 0.5168, 0.4745, 0.4571, 0.4933, 0.5263, 0.5361, 0.4911, 0.4849, 0.5148, 0.4646, 0.4763, 0.4966, 0.5365, 0.4854, 0.4945, 0.4509, 0.4977, 0.5056, 0.5061, 0.5163, 0.474, 0.5188, 0.5005, 0.5229, 0.533, 0.4422, 0.5442, 0.5218, 0.5495, 0.5326, 0.5392, 0.475, 0.5424, 0.5247, 0.4887, 0.5366, 0.4915, 0.5163, 0.5063, 0.5271, 0.4731, 0.4836, 0.5328, 0.5012, 0.5482, 0.518], "centralserverloss": [2.3029035610198973, 2.694083793258667, 2.5699311386108397, 2.169561710739136, 2.370488152694702, 2.719316770553589, 2.139920967102051, 2.1708055501937866, 1.609955736541748, 1.8991401165008546, 2.2052023643493652, 2.478619891357422, 2.802020966720581, 2.244706078720093, 2.0592026782989503, 2.6247915573120117, 2.1193962902069092, 2.3448547298431395, 1.964956746482849, 1.7096240995407104, 2.059476571273804, 2.1042016803741457, 1.920914073562622, 1.9715986457824708, 2.0620545146942137, 1.9431258239746094, 1.7244677618026734, 1.5714545434951783, 1.8361780941009522, 2.2320255924224854, 2.175626529312134, 1.8269791704177856, 2.4551508708953858, 2.029776802444458, 2.467594563674927, 1.752031174468994, 2.13401525554657, 2.1538115238189697, 2.008685868835449, 2.5851058059692384, 1.9411781341552734, 1.80530597076416, 1.9575502262115478, 1.6566015161514283, 1.7359099250793457, 2.029747183799744, 1.7256299695968629, 2.122810169219971, 2.2716256664276124, 2.119693069076538, 1.9106091220855712, 2.1843738044738767, 2.079857760620117, 1.8860670318603516, 1.8067647340774535, 1.7399867050170899, 2.1377438426971436, 2.4155432300567625, 1.8531042694091797, 1.730232028579712, 1.7126752977371216, 1.96818297996521, 2.000486169433594, 1.87491125831604, 2.1328308979034425, 2.0976050704956055, 2.099354187011719, 1.7600506404876708, 2.0462990776062013, 1.9216949653625488, 2.2017591651916506, 1.8830450748443603, 1.8621529985427856, 1.9039410299301147, 1.878169143295288, 2.231333724975586, 1.8986012191772461, 2.0074846160888673, 1.8599369323730468, 1.8501029472351074, 2.340414111709595, 1.759108154296875, 1.957380188369751, 1.7781878919601442, 1.8350958168029785, 1.7855329341888428, 2.4046910640716552, 1.730771672821045, 1.9091469745635987, 2.073308619880676, 1.849515480041504, 2.2529313846588135, 1.8722371143341066, 1.9335762119293214, 1.8249146883010865, 2.292943088912964, 2.3483753704071044, 1.768582844543457, 1.9585065269470214, 1.6589682563781738, 1.9405050537109374], "centralserverround": [0, 1, 2, 3, 4, 5, 6, 7, 8, 9, 10, 11, 12, 13, 14, 15, 16, 17, 18, 19, 20, 21, 22, 23, 24, 25, 26, 27, 28, 29, 30, 31, 32, 33, 34, 35, 36, 37, 38, 39, 40, 41, 42, 43, 44, 45, 46, 47, 48, 49, 50, 51, 52, 53, 54, 55, 56, 57, 58, 59, 60, 61, 62, 63, 64, 65, 66, 67, 68, 69, 70, 71, 72, 73, 74, 75, 76, 77, 78, 79, 80, 81, 82, 83, 84, 85, 86, 87, 88, 89, 90, 91, 92, 93, 94, 95, 96, 97, 98, 99, 100]}