{"centralservertimepast": [0, 8400, 16800, 25200, 33600, 42000, 50400, 58800, 67200, 75600, 84000, 92400, 100800, 109200, 117600, 126000, 134400, 142800, 151200, 159600, 168000, 176400, 184800, 193200, 201600, 210000, 218400, 226800, 235200, 243600, 252000, 260400, 268800, 277200, 285600, 294000, 302400, 310800, 319200, 327600, 336000, 344400, 352800, 361200, 369600, 378000, 386400, 394800, 403200, 411600, 420000, 428400, 436800, 445200, 453600, 462000, 470400, 478800, 487200, 495600, 504000, 512400, 520800, 529200, 537600, 546000, 554400, 562800, 571200, 579600, 588000, 596400, 603200, 611600, 620000, 628400, 636800, 645200, 653600, 662000, 670400, 677200, 685600, 694000, 702400, 710800, 719200, 727600, 736000, 744400, 752800, 761200, 769600, 778000, 786400, 794800, 803200, 811600, 820000, 828400, 836800], "centralserveraccuracy": [0.0996, 0.1, 0.1003, 0.1, 0.1038, 0.0998, 0.1, 0.101, 0.1, 0.1067, 0.1, 0.1022, 0.1324, 0.1196, 0.1, 0.1128, 0.1, 0.1208, 0.1164, 0.1, 0.1, 0.1442, 0.136, 0.1014, 0.1091, 0.1, 0.1552, 0.1002, 0.1539, 0.1567, 0.1734, 0.1359, 0.1007, 0.1631, 0.1102, 0.1037, 0.1002, 0.1, 0.1305, 0.127, 0.1008, 0.1369, 0.1094, 0.1088, 0.1685, 0.1191, 0.1111, 0.1118, 0.1321, 0.1367, 0.1411, 0.116, 0.1402, 0.1022, 0.1144, 0.1068, 0.1092, 0.1079, 0.1435, 0.1002, 0.165, 0.2125, 0.1658, 0.1227, 0.1679, 0.1399, 0.1133, 0.157, 0.1711, 0.1962, 0.2627, 0.2116, 0.2117, 0.1993, 0.2216, 0.173, 0.189, 0.1118, 0.1759, 0.185, 0.1626, 0.1986, 0.2203, 0.1755, 0.2013, 0.1738, 0.1511, 0.1754, 0.1537, 0.2363, 0.167, 0.1441, 0.1809, 0.1765, 0.1249, 0.2016, 0.1417, 0.216, 0.1576, 0.1335, 0.2079], "centralserverloss": [2.3024982479095457, 2.321453184509277, 2.3739645957946776, 2.3498555854797365, 2.365161170959473, 2.379281957626343, 2.4261392223358156, 2.4665659297943114, 2.4227118045806884, 2.417504623031616, 2.341549593734741, 2.428119228363037, 2.342067477798462, 2.4562794597625732, 2.604200505065918, 2.5068714797973635, 2.569549932861328, 2.4152954582214354, 2.4276970508575437, 2.4288471462249754, 2.444531650161743, 2.4471930248260496, 2.339688566970825, 2.3897655864715577, 2.40719001083374, 2.3971580879211425, 2.3253782875061035, 2.3746573947906495, 2.3109389640808105, 2.303596667480469, 2.3790862255096434, 2.5169600608825684, 2.3767447467803957, 2.362258572387695, 2.375939205169678, 2.278788683319092, 2.3045447662353515, 2.4712360229492187, 2.521604801559448, 2.2990917747497557, 2.4008037578582764, 2.3472722774505614, 2.3458786209106446, 2.3409031639099123, 2.2616014541625975, 2.315093476486206, 2.4200709175109862, 2.3343507949829103, 2.351663845062256, 2.336239625167847, 2.2726491958618165, 2.3256694534301756, 2.226548221206665, 2.3516303630828856, 2.3308212802886965, 2.4394641845703124, 2.295180344390869, 2.360834320831299, 2.266560210800171, 2.5256149639129637, 2.2694910995483397, 2.202991003417969, 2.209389181137085, 2.2921592391967773, 2.1870654567718506, 2.251800683784485, 2.300179433822632, 2.289275332069397, 2.233116622161865, 2.241654025268555, 2.156162010192871, 2.1799898399353026, 2.246462570953369, 2.2201270961761477, 2.2121304359436036, 2.2444486461639404, 2.174898978805542, 2.2779790027618407, 2.2323246101379395, 2.2289504508972167, 2.1881158039093016, 2.207309273147583, 2.1902572118759154, 2.196874586486816, 2.152298929977417, 2.1618790763854983, 2.2300563957214354, 2.1840448890686037, 2.1605883655548097, 2.10744949054718, 2.1793862510681152, 2.35474038734436, 2.189664828681946, 2.3000116836547853, 2.2021084724426268, 2.215827905845642, 2.2449723823547365, 2.101229029083252, 2.294370774078369, 2.255740807342529, 2.1939510679244996], "centralserverround": [0, 1, 2, 3, 4, 5, 6, 7, 8, 9, 10, 11, 12, 13, 14, 15, 16, 17, 18, 19, 20, 21, 22, 23, 24, 25, 26, 27, 28, 29, 30, 31, 32, 33, 34, 35, 36, 37, 38, 39, 40, 41, 42, 43, 44, 45, 46, 47, 48, 49, 50, 51, 52, 53, 54, 55, 56, 57, 58, 59, 60, 61, 62, 63, 64, 65, 66, 67, 68, 69, 70, 71, 72, 73, 74, 75, 76, 77, 78, 79, 80, 81, 82, 83, 84, 85, 86, 87, 88, 89, 90, 91, 92, 93, 94, 95, 96, 97, 98, 99, 100]}