{"centralservertimepast": [0, 2300, 4600, 6900, 9200, 11500, 13800, 16100, 18400, 20700, 23000, 25300, 27600, 29900, 32200, 34500, 36800, 39100, 41400, 43700, 46000, 48300, 50600, 52900, 55200, 57500, 59800, 62100, 64400, 66700, 69000, 71300, 73600, 75900, 78200, 80500, 82800, 85100, 87400, 89700, 92000, 94300, 96600, 98900, 101200, 103500, 105800, 108100, 110400, 112700, 115000], "centralserveraccuracy": [0.1116, 0.8262, 0.9101, 0.9343, 0.9503, 0.9593, 0.9648, 0.969, 0.9723, 0.9747, 0.976, 0.9771, 0.9784, 0.9792, 0.9797, 0.9807, 0.9812, 0.9817, 0.9825, 0.9823, 0.9822, 0.9824, 0.9833, 0.9836, 0.9837, 0.9835, 0.984, 0.9837, 0.9847, 0.9844, 0.9845, 0.9848, 0.9848, 0.9847, 0.9849, 0.9851, 0.9859, 0.986, 0.9861, 0.9864, 0.9866, 0.9866, 0.9864, 0.9868, 0.9864, 0.9864, 0.9863, 0.9867, 0.9864, 0.9863, 0.9865], "centralserverloss": [2.306291827774048, 0.9133546882629394, 0.3073950364112854, 0.21669069180488587, 0.16717471358776093, 0.13679121810793876, 0.11712708075940609, 0.10255575045645236, 0.09260566344708204, 0.08489808767065406, 0.07826243180260062, 0.07325066386759281, 0.0685504439536482, 0.06520760722523555, 0.062612425825838, 0.06003546577356756, 0.05793531822161749, 0.056289224423281846, 0.0546556862099329, 0.05324504430696834, 0.05204921337044798, 0.05114700183933601, 0.05039220342994668, 0.049242391126044095, 0.04825727089487482, 0.0477729442981421, 0.04710591361254919, 0.046751314110483506, 0.046371402559243144, 0.0457677994953643, 0.045420534390234385, 0.04525993883359479, 0.0446318156749534, 0.044588611178321295, 0.04417836555854301, 0.04408164306197432, 0.04356857662092953, 0.04337791244543041, 0.04325857826325227, 0.04292351476041367, 0.0427592111052043, 0.04275441002221196, 0.04292844207208837, 0.042785488314856776, 0.042515114443968924, 0.04244224471022899, 0.04266132784091606, 0.04243256559189176, 0.04244452403625765, 0.04235363500584208, 0.042356393315702734], "centralserverround": [0, 1, 2, 3, 4, 5, 6, 7, 8, 9, 10, 11, 12, 13, 14, 15, 16, 17, 18, 19, 20, 21, 22, 23, 24, 25, 26, 27, 28, 29, 30, 31, 32, 33, 34, 35, 36, 37, 38, 39, 40, 41, 42, 43, 44, 45, 46, 47, 48, 49, 50], "clustertimepast": [[], [], [], [], []], "clusteraccuracy": [[], [], [], [], []], "clusterloss": [[], [], [], [], []], "clusterround": [[], [], [], [], []]}