{"centralservertimepast": [0, 10600, 21200, 31800, 42400, 53000, 63600, 74200, 84800, 95400, 106000, 116600, 127200, 137800, 148400, 159000, 169600, 180200, 190800, 201400, 212000, 222600, 233200, 243800, 254400, 265000, 275600, 286200, 296800, 307400, 318000, 328600, 339200, 349800, 360400, 371000, 381600, 392200, 402800, 413400, 424000, 434600, 445200, 455800, 466400, 477000, 487600, 498200, 508800, 519400, 530000, 540600, 551200, 561800, 572400, 583000, 593600, 604200, 614800, 625400, 636000, 646600, 657200, 667800, 678400, 689000, 699600, 710200, 720800, 731400, 742000, 752600, 763200, 773800, 784400, 795000, 805600, 816200, 826800, 837400, 848000, 858600, 869200, 879800, 890400, 901000, 911600, 922200, 932800, 943400, 954000, 964600, 975200, 985800, 996400, 1007000, 1017600, 1028200, 1038800, 1049400, 1060000], "centralserveraccuracy": [0.1191, 0.1017, 0.1517, 0.4954, 0.6096, 0.6553, 0.6802, 0.7103, 0.7413, 0.7623, 0.7842, 0.7987, 0.8109, 0.8203, 0.8273, 0.8351, 0.84, 0.8463, 0.8512, 0.8559, 0.8598, 0.8645, 0.868, 0.871, 0.8735, 0.8761, 0.8787, 0.881, 0.8832, 0.8851, 0.8871, 0.8892, 0.8911, 0.894, 0.8955, 0.8963, 0.898, 0.8995, 0.9004, 0.9011, 0.9023, 0.903, 0.9041, 0.905, 0.9056, 0.9066, 0.9079, 0.9091, 0.9095, 0.9115, 0.9134, 0.9139, 0.9156, 0.9163, 0.9173, 0.9181, 0.9191, 0.9202, 0.9214, 0.9215, 0.9223, 0.9237, 0.9243, 0.9249, 0.9256, 0.9266, 0.9271, 0.9277, 0.9279, 0.9283, 0.9295, 0.9304, 0.9308, 0.9312, 0.9313, 0.9314, 0.9321, 0.9326, 0.9331, 0.9335, 0.9339, 0.9345, 0.9349, 0.9352, 0.9359, 0.937, 0.9375, 0.9377, 0.9379, 0.9387, 0.9391, 0.9397, 0.9398, 0.9402, 0.9405, 0.941, 0.9416, 0.9416, 0.9419, 0.9424, 0.9428], "centralserverloss": [2.3048230407714843, 2.3018771572113037, 2.236339673614502, 2.1350216342926025, 1.9992035736083984, 1.8062110933303832, 1.5596783504486085, 1.2980975805282593, 1.0691299360275268, 0.8955993453979492, 0.7736814758300782, 0.6905785681724549, 0.6326693746566773, 0.590443996334076, 0.5579123118400574, 0.5315474230766296, 0.5094382789134979, 0.4901350363254547, 0.4733875841140747, 0.45840342388153077, 0.4449746460914612, 0.43251365914344786, 0.4213129634857178, 0.41095567622184753, 0.40132496342658996, 0.39251402859687806, 0.3843265940666199, 0.37660163412094116, 0.3693400395870209, 0.36253944537639615, 0.3561215437412262, 0.3499983924865723, 0.34429435606002806, 0.3387484013795853, 0.33354457557201383, 0.32857799394130704, 0.3238239689588547, 0.3191795513153076, 0.31482194154262544, 0.3104985584020615, 0.3063571141958237, 0.30230707321166994, 0.2983796063899994, 0.29457077260017395, 0.2908438854455948, 0.28734723885059354, 0.2837663680076599, 0.28023486473560333, 0.27689791905879974, 0.2736117212891579, 0.270403208732605, 0.2673429878354073, 0.26430134403705596, 0.26131289941072466, 0.2584382906675339, 0.2556438642501831, 0.25297238121032717, 0.25043014842271805, 0.24793943524360657, 0.24546514041423798, 0.24303048701286317, 0.2407122856259346, 0.238429356610775, 0.2362300191760063, 0.23404521132707595, 0.2319215037226677, 0.22987072051763535, 0.227833856266737, 0.22577156005501747, 0.22375914241671563, 0.22176164647936822, 0.21984841673970223, 0.2180196269750595, 0.21617528811097145, 0.2144390602827072, 0.21272643254399298, 0.21110709647536277, 0.20943624867200852, 0.20781087567210196, 0.20619364092350007, 0.20458606230020523, 0.20304999781847, 0.20153657718896867, 0.20004266018867492, 0.1986289672732353, 0.19720786371827126, 0.1958756589472294, 0.19451236337721348, 0.1932132920563221, 0.1919165293008089, 0.19064993563890456, 0.18941060233712195, 0.18821006264090537, 0.1869364970803261, 0.18573941885232925, 0.18458449274003505, 0.1834325700968504, 0.18231631923615932, 0.18123993977308273, 0.18011395066082478, 0.17904656546115874], "centralserverround": [0, 1, 2, 3, 4, 5, 6, 7, 8, 9, 10, 11, 12, 13, 14, 15, 16, 17, 18, 19, 20, 21, 22, 23, 24, 25, 26, 27, 28, 29, 30, 31, 32, 33, 34, 35, 36, 37, 38, 39, 40, 41, 42, 43, 44, 45, 46, 47, 48, 49, 50, 51, 52, 53, 54, 55, 56, 57, 58, 59, 60, 61, 62, 63, 64, 65, 66, 67, 68, 69, 70, 71, 72, 73, 74, 75, 76, 77, 78, 79, 80, 81, 82, 83, 84, 85, 86, 87, 88, 89, 90, 91, 92, 93, 94, 95, 96, 97, 98, 99, 100], "clustertimepast": [[], [], [], [], [], [], [], [], [], []], "clusteraccuracy": [[], [], [], [], [], [], [], [], [], []], "clusterloss": [[], [], [], [], [], [], [], [], [], []], "clusterround": [[], [], [], [], [], [], [], [], [], []]}