{"centralservertimepast": [0, 16200, 32400, 48600, 64800, 81000, 97200, 113400, 129600, 145800, 162000, 178200, 194400, 210600, 226800, 243000, 259200, 275400, 291600, 307800, 324000, 340200, 356400, 372600, 388800, 405000, 421200, 437400, 453600, 469800, 486000, 502200, 518400, 534600, 550800, 567000, 583200, 599400, 615600, 631800, 648000, 664200, 680400, 696600, 712800, 729000, 745200, 761400, 777600, 793800, 810000, 826200, 842400, 858600, 874800, 891000, 907200, 923400, 939600, 955800, 972000, 988200, 1004400, 1020600, 1036800, 1053000, 1069200, 1085400, 1101600, 1117800, 1134000, 1150200, 1166400, 1182600, 1198800, 1215000, 1231200, 1247400, 1263600, 1279800, 1296000, 1312200, 1328400, 1344600, 1360800, 1377000, 1393200, 1409400, 1425600, 1441800, 1458000, 1474200, 1490400, 1506600, 1522800, 1539000, 1555200, 1571400, 1587600, 1603800, 1620000], "centralserveraccuracy": [0.0974, 0.1, 0.1023, 0.1117, 0.1, 0.1008, 0.1, 0.1079, 0.1, 0.1, 0.1, 0.1018, 0.1146, 0.1, 0.1, 0.1003, 0.1, 0.1439, 0.1112, 0.1, 0.1, 0.1519, 0.1307, 0.1107, 0.1, 0.1095, 0.1465, 0.1049, 0.1448, 0.1371, 0.1718, 0.1442, 0.1, 0.1524, 0.115, 0.1513, 0.1642, 0.1, 0.1381, 0.1428, 0.1309, 0.1472, 0.1254, 0.1356, 0.1795, 0.1061, 0.101, 0.1513, 0.14, 0.1518, 0.1889, 0.1564, 0.1879, 0.1418, 0.1198, 0.1346, 0.1189, 0.1146, 0.1943, 0.1038, 0.1871, 0.2233, 0.1602, 0.1447, 0.2084, 0.155, 0.1427, 0.1621, 0.211, 0.193, 0.2083, 0.2676, 0.2022, 0.1788, 0.2259, 0.2174, 0.2755, 0.1429, 0.2336, 0.2171, 0.2143, 0.2102, 0.2401, 0.2133, 0.2202, 0.2144, 0.2147, 0.1997, 0.21, 0.2167, 0.2121, 0.1529, 0.1692, 0.1841, 0.1812, 0.2026, 0.1869, 0.2778, 0.2015, 0.2101, 0.2377], "centralserverloss": [2.3041695266723634, 2.3197472984313965, 2.3778340835571288, 2.3855966060638427, 2.510811321258545, 2.475223664474487, 2.5890033111572266, 2.9474115509033205, 2.6950247093200685, 2.644638642501831, 2.6626759185791014, 2.553043733215332, 2.377113617324829, 2.6551904273986815, 2.9131519702911377, 2.6559550930023192, 2.7076767192840574, 2.420603049468994, 2.4192171752929688, 2.603188451004028, 2.4950988845825197, 2.559831022644043, 2.3759751861572265, 2.5898575336456298, 2.6731805103302, 2.4779290618896486, 2.379557389831543, 2.4130043018341065, 2.3437899673461913, 2.3466508388519287, 2.4318357872009275, 2.648163963317871, 2.523273410797119, 2.4889894817352296, 2.3450777687072755, 2.303265843582153, 2.3588335983276365, 2.523968719100952, 2.490377099609375, 2.301294589996338, 2.4126841873168945, 2.3466954124450683, 2.5196453895568847, 2.3786095542907715, 2.342166565704346, 2.382453716659546, 2.76381491317749, 2.3722393135070803, 2.497545528411865, 2.3786267501831055, 2.310879256629944, 2.3806904941558837, 2.170952773475647, 2.395913599395752, 2.5933519611358644, 2.656540938949585, 2.40153422164917, 2.3412062450408935, 2.200035163116455, 2.571371142578125, 2.239167726135254, 2.1899490345001222, 2.260286813735962, 2.402542947769165, 2.1705073497772216, 2.345347413825989, 2.4219506956100463, 2.3882089813232423, 2.172541228675842, 2.2348348775863647, 2.145602323150635, 2.1433638259887697, 2.268648476028442, 2.286965871429443, 2.211886226272583, 2.1577239658355714, 2.041066180419922, 2.3267724185943606, 2.160589633178711, 2.211301782989502, 2.208148365211487, 2.3222819869995117, 2.2013195127487184, 2.2358270668029787, 2.218840295410156, 2.156414836502075, 2.158263845062256, 2.252177124786377, 2.136968937492371, 2.109938263511658, 2.2056473846435547, 2.7611725833892824, 2.3465739831924437, 2.522032577133179, 2.232068928718567, 2.2265536724090578, 2.2015667636871337, 2.0383944692611693, 2.4609504615783693, 2.1912879444122315, 2.2224698804855345], "centralserverround": [0, 1, 2, 3, 4, 5, 6, 7, 8, 9, 10, 11, 12, 13, 14, 15, 16, 17, 18, 19, 20, 21, 22, 23, 24, 25, 26, 27, 28, 29, 30, 31, 32, 33, 34, 35, 36, 37, 38, 39, 40, 41, 42, 43, 44, 45, 46, 47, 48, 49, 50, 51, 52, 53, 54, 55, 56, 57, 58, 59, 60, 61, 62, 63, 64, 65, 66, 67, 68, 69, 70, 71, 72, 73, 74, 75, 76, 77, 78, 79, 80, 81, 82, 83, 84, 85, 86, 87, 88, 89, 90, 91, 92, 93, 94, 95, 96, 97, 98, 99, 100]}