{"centralservertimepast": [0, 25200, 46400, 70600, 91800, 116000, 138200, 162400, 185600, 209800, 232000, 252200, 273400, 296600, 321800, 343000, 365200, 388400, 412600, 437800, 463000, 483200, 504400, 525600, 546800, 572000, 595200, 620400, 643600, 666800, 690000, 712200, 737400, 759600, 782800, 808000, 831200, 853400, 876600, 898800, 921000, 942200, 963400, 986600, 1011800, 1035000, 1059200, 1084400, 1106600, 1131800, 1154000, 1179200, 1201400, 1222600, 1244800, 1267000, 1289200, 1314400, 1337600, 1357800, 1380000, 1402200, 1427400, 1451600, 1472800, 1495000, 1518200, 1540400, 1563600, 1586800, 1609000, 1630200, 1653400, 1675600, 1700800, 1726000, 1747200, 1769400, 1792600, 1812800, 1834000, 1856200, 1879400, 1901600, 1921800, 1947000, 1970200, 1993400, 2017600, 2038800, 2062000, 2082200, 2105400, 2126600, 2148800, 2172000, 2193200, 2218400, 2240600, 2264800, 2287000], "centralserveraccuracy": [0.1135, 0.111, 0.2042, 0.3574, 0.3807, 0.3494, 0.4974, 0.5101, 0.6732, 0.6734, 0.5969, 0.6414, 0.6071, 0.705, 0.6737, 0.6707, 0.7353, 0.7415, 0.7993, 0.8554, 0.8105, 0.8367, 0.81, 0.7563, 0.7996, 0.8443, 0.8635, 0.8786, 0.8646, 0.8694, 0.8409, 0.8784, 0.7223, 0.8248, 0.7304, 0.8595, 0.8338, 0.8575, 0.8345, 0.8232, 0.8917, 0.8912, 0.8674, 0.9187, 0.9197, 0.9066, 0.9002, 0.8783, 0.888, 0.9174, 0.8972, 0.8986, 0.8621, 0.9265, 0.9218, 0.9178, 0.8812, 0.9187, 0.932, 0.9284, 0.9418, 0.9136, 0.9373, 0.9422, 0.9228, 0.923, 0.9377, 0.9395, 0.9152, 0.9284, 0.9197, 0.9206, 0.9263, 0.9339, 0.9201, 0.9238, 0.9388, 0.9347, 0.943, 0.9318, 0.9192, 0.9496, 0.9461, 0.9572, 0.9438, 0.9483, 0.9416, 0.9528, 0.9504, 0.9328, 0.9536, 0.9118, 0.9491, 0.9337, 0.9303, 0.8948, 0.9271, 0.9374, 0.949, 0.9461, 0.9553], "centralserverloss": [2.3037810501098632, 2.7324954307556153, 2.8243330352783205, 2.033610815811157, 1.9437829193115235, 1.85506866645813, 1.5506929893493653, 1.5008491361618042, 1.0129473298072815, 0.9679905882835388, 1.1947810333251954, 1.0524854331970215, 1.24966604347229, 0.8935813346862793, 0.857279674243927, 0.9528149797439576, 0.7707584626197815, 0.7060963820457459, 0.5966468626499176, 0.46564887704849245, 0.566398897075653, 0.5143254041671753, 0.5817983323097229, 0.6815530685424804, 0.6510250802993774, 0.4765159115791321, 0.4042539207458496, 0.3595301275730133, 0.41131389517784117, 0.398518355345726, 0.4545754782915115, 0.370569411444664, 0.785708263015747, 0.4702018983364105, 0.7974377183914184, 0.41117068061828616, 0.4551399300575256, 0.39759747886657715, 0.482120271396637, 0.5386473382949829, 0.3227594749927521, 0.3252909164428711, 0.37189733147621157, 0.26197050137519834, 0.25243807384967804, 0.2942546913385391, 0.31010159982442853, 0.347687051153183, 0.3170396280884743, 0.26278361375331877, 0.28360851027965545, 0.31222797649502754, 0.4006131819248199, 0.2245741758108139, 0.2509123101711273, 0.2526558266282082, 0.33317028850317, 0.2668953033685684, 0.20622830142974855, 0.22376461619138718, 0.18325846619606018, 0.2494874186873436, 0.2004413941860199, 0.19599326615333557, 0.22320208109021186, 0.22599220569133757, 0.19525908887982368, 0.19234979857206344, 0.2562757244348526, 0.21045424587726594, 0.2381409900724888, 0.22807967500686646, 0.22563767514228822, 0.21398132872581482, 0.2354801913022995, 0.2323878512620926, 0.1814780143380165, 0.19230360466837884, 0.1809224390029907, 0.19935161917209626, 0.23480253731608391, 0.1553599709123373, 0.17459988081157207, 0.13925328406095505, 0.17126277214288713, 0.15491321659684182, 0.18133424123525618, 0.1447577388346195, 0.15385938298404217, 0.21154930937290192, 0.14397996402978896, 0.2539917398691177, 0.15596667379140855, 0.19582552055120467, 0.20106650782823562, 0.3076536660194397, 0.21404545263051986, 0.18797157200574874, 0.15079311579465865, 0.16198357895612717, 0.14049492950439454], "centralserverround": [0, 1, 2, 3, 4, 5, 6, 7, 8, 9, 10, 11, 12, 13, 14, 15, 16, 17, 18, 19, 20, 21, 22, 23, 24, 25, 26, 27, 28, 29, 30, 31, 32, 33, 34, 35, 36, 37, 38, 39, 40, 41, 42, 43, 44, 45, 46, 47, 48, 49, 50, 51, 52, 53, 54, 55, 56, 57, 58, 59, 60, 61, 62, 63, 64, 65, 66, 67, 68, 69, 70, 71, 72, 73, 74, 75, 76, 77, 78, 79, 80, 81, 82, 83, 84, 85, 86, 87, 88, 89, 90, 91, 92, 93, 94, 95, 96, 97, 98, 99, 100]}