{"centralservertimepast": [0, 5100, 10200, 15300, 20400, 25500, 30600, 35700, 40800, 45900, 51000, 56100, 61200, 66300, 71400, 76500, 81600, 86700, 91800, 96900, 102000, 107100, 112200, 117300, 122400, 127500, 132600, 137700, 142800, 147900, 153000, 158100, 163200, 168300, 173400, 178500, 183600, 188700, 193800, 198900, 204000, 209100, 214200, 219300, 224400, 229500, 234600, 239700, 244800, 249900, 255000, 260100, 265200, 270300, 275400, 280500, 285600, 290700, 295800, 300900, 306000, 311100, 316200, 321300, 326400, 331500, 336600, 341700, 346800, 351900, 357000, 362100, 367200, 372300, 377400, 382500, 387600, 392700, 397800, 402900, 408000, 413100, 418200, 423300, 428400, 433500, 438600, 443700, 448800, 453900, 459000, 464100, 469200, 474300, 479400, 484500, 489600, 494700, 499800, 504900, 510000], "centralserveraccuracy": [0.1191, 0.1137, 0.124, 0.1647, 0.2023, 0.287, 0.363, 0.4129, 0.4753, 0.5459, 0.5869, 0.6193, 0.6459, 0.6678, 0.6869, 0.7051, 0.723, 0.7364, 0.7474, 0.7557, 0.7657, 0.7754, 0.7826, 0.7894, 0.7957, 0.8022, 0.8074, 0.8131, 0.8165, 0.8203, 0.824, 0.8265, 0.8308, 0.8327, 0.8365, 0.8393, 0.8412, 0.8443, 0.8464, 0.8473, 0.8486, 0.8505, 0.8533, 0.8557, 0.8575, 0.8593, 0.861, 0.8627, 0.8629, 0.8646, 0.866, 0.8672, 0.8686, 0.8699, 0.8712, 0.872, 0.873, 0.8734, 0.8745, 0.8754, 0.877, 0.8782, 0.8798, 0.8809, 0.8811, 0.8822, 0.8831, 0.8841, 0.8852, 0.8856, 0.8863, 0.8865, 0.8874, 0.8884, 0.8892, 0.8896, 0.8901, 0.8909, 0.8916, 0.892, 0.8927, 0.8936, 0.8939, 0.8944, 0.8946, 0.895, 0.8955, 0.8962, 0.8961, 0.8968, 0.8974, 0.8978, 0.8985, 0.8992, 0.8994, 0.8994, 0.8999, 0.9005, 0.9012, 0.9015, 0.9018], "centralserverloss": [2.3048230407714843, 2.303824080276489, 2.2839149501800535, 2.254324338531494, 2.2189304092407225, 2.1778368587493895, 2.1299709686279296, 2.07410952835083, 2.0083726463317872, 1.9315446647644043, 1.8436522439956664, 1.7454494113922119, 1.6389963985443115, 1.527443994140625, 1.4145585149765014, 1.30452862701416, 1.2009717891693115, 1.106441570854187, 1.0221843806266784, 0.9484741772651673, 0.8847044668197632, 0.8298209824562073, 0.7825112615585327, 0.7421168098449707, 0.7076357961654663, 0.6780547135353089, 0.652449547290802, 0.6299832988739014, 0.6103154746055603, 0.5929145668029785, 0.5773871688842773, 0.5634612201690674, 0.5507986033439636, 0.5392833585262299, 0.5287277208328247, 0.5189471299648285, 0.5098434830665588, 0.5013457644462586, 0.4933959195137024, 0.48594468693733217, 0.4788859619140625, 0.4721941926956177, 0.4658763788700104, 0.4598314820289612, 0.45411594228744506, 0.44864971599578857, 0.44339976692199706, 0.4384059024810791, 0.4335821392536163, 0.42903697366714477, 0.42472655301094053, 0.42064102268218995, 0.41679562067985537, 0.413061555147171, 0.4094166233539581, 0.405934810256958, 0.4026502380847931, 0.3994266355991363, 0.3962924668312073, 0.3933029577732086, 0.3903852466583252, 0.3875233001708984, 0.384788640165329, 0.3821383949279785, 0.37956608805656433, 0.3771285254478455, 0.37471748933792115, 0.3723046452522278, 0.37003148651123047, 0.3678066647052765, 0.3656791880607605, 0.3636150137424469, 0.3615899414539337, 0.35956433091163637, 0.35761439065933226, 0.3556859070301056, 0.353808860874176, 0.3519779475212097, 0.3501816694736481, 0.3484258975505829, 0.34670070066452024, 0.3449744022369385, 0.34331107153892515, 0.3417011736869812, 0.3400904154777527, 0.33849628915786745, 0.33692419385910033, 0.335375044965744, 0.333860396528244, 0.332349120426178, 0.33085390515327456, 0.32932567760944365, 0.3278302234888077, 0.326359225320816, 0.32492106449604036, 0.3235194789409637, 0.3221577284574509, 0.32079757854938507, 0.319451403927803, 0.31810753035545347, 0.31681000955104827], "centralserverround": [0, 1, 2, 3, 4, 5, 6, 7, 8, 9, 10, 11, 12, 13, 14, 15, 16, 17, 18, 19, 20, 21, 22, 23, 24, 25, 26, 27, 28, 29, 30, 31, 32, 33, 34, 35, 36, 37, 38, 39, 40, 41, 42, 43, 44, 45, 46, 47, 48, 49, 50, 51, 52, 53, 54, 55, 56, 57, 58, 59, 60, 61, 62, 63, 64, 65, 66, 67, 68, 69, 70, 71, 72, 73, 74, 75, 76, 77, 78, 79, 80, 81, 82, 83, 84, 85, 86, 87, 88, 89, 90, 91, 92, 93, 94, 95, 96, 97, 98, 99, 100], "clustertimepast": [[], [], [], [], [], [], [], [], [], []], "clusteraccuracy": [[], [], [], [], [], [], [], [], [], []], "clusterloss": [[], [], [], [], [], [], [], [], [], []], "clusterround": [[], [], [], [], [], [], [], [], [], []]}