{"centralservertimepast": [0, 12200, 27900, 46100, 59800, 68500, 78700, 88900, 98100, 116300, 133500, 144700, 157900, 170100, 179800, 192500, 209700, 226900, 242100, 260300, 276000, 288200, 301900, 319100, 336300, 352000, 367200, 382400, 391600, 408800, 423500, 440700, 457900, 476100, 493300, 511500, 526200, 540900, 554600, 569300, 584500, 601700, 618900, 637100, 651800, 667500, 683200, 700400, 714100, 728800, 743500, 760700, 777900, 791600, 808800, 821500, 838700, 854400, 868100, 882300, 899500, 917700, 934900, 949600, 962800, 980000, 994700, 1006900, 1024100, 1041300, 1052500, 1069700, 1086900, 1104100, 1117800, 1133500, 1150700, 1164900, 1183100, 1197300, 1212000, 1229200, 1245400, 1260100, 1271300, 1287500, 1303200, 1314400, 1328100, 1338800, 1351000, 1365700, 1376400, 1391600, 1405300, 1423500, 1438700, 1453400, 1468600, 1483800, 1496000], "centralserveraccuracy": [0.098, 0.1, 0.1398, 0.1808, 0.2372, 0.2526, 0.2158, 0.2443, 0.3022, 0.3298, 0.2545, 0.3354, 0.3206, 0.3382, 0.3636, 0.3663, 0.3596, 0.3841, 0.3749, 0.3719, 0.3622, 0.3845, 0.3689, 0.3432, 0.3956, 0.4089, 0.3916, 0.3984, 0.4384, 0.3821, 0.424, 0.4389, 0.3948, 0.4213, 0.4265, 0.474, 0.4718, 0.4626, 0.454, 0.4856, 0.4445, 0.4453, 0.5033, 0.4875, 0.4971, 0.4715, 0.5059, 0.5042, 0.4901, 0.5043, 0.4918, 0.4366, 0.4927, 0.5142, 0.5255, 0.5165, 0.5155, 0.5286, 0.5328, 0.5098, 0.5268, 0.5484, 0.5184, 0.4932, 0.5401, 0.5407, 0.5575, 0.5527, 0.5404, 0.5449, 0.5466, 0.5483, 0.5363, 0.5559, 0.5475, 0.5598, 0.5559, 0.5614, 0.5704, 0.572, 0.539, 0.5502, 0.5534, 0.5757, 0.5716, 0.5413, 0.5878, 0.578, 0.5828, 0.5765, 0.5639, 0.5854, 0.5953, 0.5889, 0.5803, 0.5942, 0.5741, 0.5898, 0.5686, 0.5755, 0.5797], "centralserverloss": [2.3029278762817382, 2.3594699508666994, 2.2721958381652834, 2.2506307514190675, 2.0730987771987914, 2.0362120841979983, 2.123071655845642, 2.0229942428588865, 1.9459441967010498, 1.8994029445648193, 2.0268551136016844, 1.8501685737609863, 1.9012308322906495, 1.8357712324142457, 1.8379503078460693, 1.8030956817626953, 1.7997726722717284, 1.7355014738082886, 1.763744392967224, 1.738865673828125, 1.7501373546600343, 1.7011300769805908, 1.7423360473632812, 1.7968207096099853, 1.6629104082107544, 1.63771146068573, 1.6863035219192506, 1.6731521507263183, 1.5647644304275512, 1.6690415307998656, 1.5877933847427368, 1.5670310192108154, 1.7149569332122803, 1.5914227170944213, 1.574968517112732, 1.4584653074264526, 1.517892160987854, 1.4679838382720947, 1.5224158950805664, 1.4204507192611695, 1.5347238639831542, 1.587777681350708, 1.3861074783325196, 1.4413568702697754, 1.4014648809432984, 1.4444393005371094, 1.3843171688079834, 1.365333275794983, 1.3876839694976806, 1.389443863105774, 1.4057720705032348, 1.595015810394287, 1.4022745674133301, 1.3441981126785278, 1.3345447416305543, 1.366898821258545, 1.3573599403381347, 1.3432340028762817, 1.3224715368270874, 1.379258886528015, 1.3360162204742432, 1.281141756439209, 1.364136399078369, 1.4479688623428344, 1.3136032108306885, 1.299744443511963, 1.2486243255615235, 1.285438294029236, 1.3016726427078247, 1.3094488761901855, 1.3029880100250244, 1.2863220308303833, 1.3241513805389404, 1.2635457777023316, 1.3101646991729736, 1.2593061393737792, 1.2843565696716308, 1.2721341218948363, 1.2260518508911133, 1.2075475982666015, 1.3314768745422363, 1.336292050552368, 1.2825330533981323, 1.213417607307434, 1.2467504777908325, 1.3461879892349242, 1.1894092178344726, 1.2575308671951293, 1.222088127231598, 1.2210566799163818, 1.2584186376571656, 1.210765611076355, 1.1842139387130737, 1.1894026096343995, 1.2181976517677306, 1.2028805316925049, 1.2850161045074462, 1.1994243129730224, 1.291203468132019, 1.2965449382781982, 1.2328507587432862], "centralserverround": [0, 1, 2, 3, 4, 5, 6, 7, 8, 9, 10, 11, 12, 13, 14, 15, 16, 17, 18, 19, 20, 21, 22, 23, 24, 25, 26, 27, 28, 29, 30, 31, 32, 33, 34, 35, 36, 37, 38, 39, 40, 41, 42, 43, 44, 45, 46, 47, 48, 49, 50, 51, 52, 53, 54, 55, 56, 57, 58, 59, 60, 61, 62, 63, 64, 65, 66, 67, 68, 69, 70, 71, 72, 73, 74, 75, 76, 77, 78, 79, 80, 81, 82, 83, 84, 85, 86, 87, 88, 89, 90, 91, 92, 93, 94, 95, 96, 97, 98, 99, 100]}