{"centralservertimepast": [0, 100200, 200400, 360600, 520800, 621000, 781200, 881400, 981600, 1141800, 1242000, 1402200, 1562400, 1662600, 1822800, 1983000, 2083200, 2173400, 2273600, 2373800, 2534000, 2694200, 2854400, 3014600, 3174800, 3275000, 3375200, 3475400, 3635600, 3735800, 3836000, 3996200, 4096400, 4196600, 4296800, 4457000, 4617200, 4717400, 4877600, 4977800, 5138000, 5298200, 5398400, 5558600, 5718800, 5819000, 5979200, 6079400, 6239600, 6339800, 6440000, 6600200, 6700400, 6860600, 7020800, 7121000, 7281200, 7381400, 7481600, 7641800, 7802000, 7962200, 8062400, 8222600, 8382800, 8483000, 8583200, 8743400, 8903600, 9063800, 9224000, 9384200, 9484400, 9644600, 9744800, 9845000, 9945200, 10045400, 10145600, 10245800, 10406000, 10506200, 10606400, 10706600, 10806800, 10967000, 11127200, 11287400, 11447600, 11547800, 11708000, 11868200, 12028400, 12128600, 12228800, 12389000, 12489200, 12649400, 12739600, 12839800, 12930000], "centralserveraccuracy": [0.1041, 0.1, 0.1, 0.1, 0.1, 0.1, 0.1, 0.1, 0.1, 0.1008, 0.1, 0.1, 0.1, 0.1, 0.1, 0.1, 0.1, 0.1, 0.1, 0.1005, 0.1255, 0.1, 0.1, 0.1, 0.1297, 0.1, 0.1234, 0.1, 0.1, 0.1299, 0.1013, 0.1, 0.1242, 0.1207, 0.1, 0.1, 0.1034, 0.1, 0.1568, 0.1412, 0.1414, 0.1115, 0.1001, 0.1, 0.1, 0.1, 0.1, 0.1002, 0.1225, 0.1003, 0.1, 0.1296, 0.1079, 0.12, 0.1, 0.1008, 0.1, 0.1, 0.1007, 0.114, 0.1006, 0.1299, 0.1319, 0.1571, 0.1, 0.0999, 0.1, 0.1662, 0.1115, 0.1107, 0.1158, 0.1, 0.1, 0.1063, 0.1024, 0.1672, 0.1178, 0.1127, 0.1, 0.1001, 0.1011, 0.1, 0.1, 0.1001, 0.1012, 0.1287, 0.1694, 0.0999, 0.1404, 0.1072, 0.1001, 0.1002, 0.1019, 0.1194, 0.112, 0.1006, 0.1, 0.124, 0.1019, 0.1017, 0.1475], "centralserverloss": [2.302303234863281, 3.7345117881774903, 3.8849741340637207, 3.1041889041900634, 3.8644452205657958, 4.125211827087402, 3.386369720458984, 3.781271227645874, 4.301625738525391, 2.948924919128418, 3.407744214630127, 3.803298705673218, 3.7952348190307617, 4.438424499511719, 3.9064439208984374, 3.0903152313232423, 3.1665267181396484, 3.3668670959472657, 3.2929426445007324, 3.4663904388427733, 3.7259302864074706, 2.988890222930908, 3.3904248973846434, 3.3557679527282716, 3.0102210693359375, 3.1371795597076417, 2.849966233062744, 2.963161622619629, 3.283642109680176, 2.862997160720825, 2.834524941253662, 2.6650470546722413, 3.073750129699707, 2.881437185668945, 4.3981681816101075, 4.114786936187744, 3.456283980178833, 3.1026917472839357, 2.6738993511199953, 2.360818260574341, 2.7012706050872803, 3.0574459312438966, 2.9679547714233396, 3.918994532394409, 6.4254163551330565, 3.9250075592041016, 3.1501941982269286, 3.2713919715881348, 2.7150174125671387, 2.9758145614624025, 3.7166015258789065, 2.480356207847595, 3.3721062412261964, 2.890565956878662, 5.230913627624512, 3.030498091506958, 3.4046308967590333, 4.547951448059082, 3.9798307395935058, 3.134833234786987, 2.777598059082031, 2.731987892913818, 2.375325528717041, 2.663957229232788, 3.702633390045166, 3.4506677543640136, 3.266228953933716, 2.813419875717163, 2.782586476135254, 2.669956981277466, 2.584049786376953, 3.1867841152191163, 3.1106881896972656, 3.1758515140533445, 2.5703996959686277, 2.4388545333862304, 3.186424021911621, 2.8851603549957274, 4.031735669708252, 3.449553450393677, 2.7070799125671385, 3.859758159637451, 3.1851740867614744, 3.13903443031311, 3.031939393234253, 2.920503442764282, 2.9793541259765624, 3.4109075889587404, 2.896701155090332, 3.8006453834533693, 2.9413240520477295, 3.4381444023132324, 2.7228399280548095, 3.3590905406951905, 2.61951741104126, 3.0076026473999025, 3.1596547275543214, 2.4881051803588865, 3.2919703498840334, 2.718441096496582, 2.778813869857788], "centralserverround": [0, 1, 2, 3, 4, 5, 6, 7, 8, 9, 10, 11, 12, 13, 14, 15, 16, 17, 18, 19, 20, 21, 22, 23, 24, 25, 26, 27, 28, 29, 30, 31, 32, 33, 34, 35, 36, 37, 38, 39, 40, 41, 42, 43, 44, 45, 46, 47, 48, 49, 50, 51, 52, 53, 54, 55, 56, 57, 58, 59, 60, 61, 62, 63, 64, 65, 66, 67, 68, 69, 70, 71, 72, 73, 74, 75, 76, 77, 78, 79, 80, 81, 82, 83, 84, 85, 86, 87, 88, 89, 90, 91, 92, 93, 94, 95, 96, 97, 98, 99, 100]}