Intraclustering type : sync
Interclustering type : sync
Model name : cnncifar10, Dataset name : cifar10
Client num : 100
Data heterogeneity type : onelabeldominant, Dominant percentage : 95
System heterogeneity : alltimesame
Clustering type : clusterbyclientorder, Cluster num : 100, Cluster size : 1
Cluster communication time : 0
Central server epoch : 100
Cluster epoch type : fixed,, Cluster epoch : 1
Local epoch type : custom,, local epoch : 5
Optimizer name : sgd, Lr : 0.01, Batch size : 32, Random seed : 3, Setting random seed :5, Device : cuda, Regularizationcoefficient : 0.01, Clusterparticipationratio : 10, Clientparticipationratio : 100

----------------------------------------------------------------------------------------------------

Central server round 0, loss : 2.30, accuracy :10.00%
['0:0.00%', '1:0.00%', '2:100.00%', '3:0.00%', '4:0.00%', '5:0.00%', '6:0.00%', '7:0.00%', '8:0.00%', '9:0.00%']
                                          ->0msec
                                                     -> Cluster 30, loss : 2.30, accuracy 10.00%, model from round 1
                                                     ['0:0.00%', '1:0.00%', '2:100.00%', '3:0.00%', '4:0.00%', '5:0.00%', '6:0.00%', '7:0.00%', '8:0.00%', '9:0.00%']
                                                                                              <-> Client 0, global : from 10.00% to 10.00%, local : from 0.20% to 94.81%, training time : 8200msec
                                                     Cluster 30, round 1, loss : 5.08, accuracy 10.00% <-
                                                     Time past : 8200msec
                                                     ['0:0.00%', '1:100.00%', '2:0.00%', '3:0.00%', '4:0.00%', '5:0.00%', '6:0.00%', '7:0.00%', '8:0.00%', '9:0.00%']
                                          0msec<-
                                          ->0msec
                                                     -> Cluster 75, loss : 2.30, accuracy 10.00%, model from round 1
                                                     ['0:0.00%', '1:0.00%', '2:100.00%', '3:0.00%', '4:0.00%', '5:0.00%', '6:0.00%', '7:0.00%', '8:0.00%', '9:0.00%']
                                                                                              <-> Client 0, global : from 10.00% to 10.00%, local : from 0.80% to 95.00%, training time : 16200msec
                                                     Cluster 75, round 1, loss : 4.82, accuracy 10.00% <-
                                                     Time past : 16200msec
                                                     ['0:0.00%', '1:0.00%', '2:0.00%', '3:100.00%', '4:0.00%', '5:0.00%', '6:0.00%', '7:0.00%', '8:0.00%', '9:0.00%']
                                          0msec<-
                                          ->0msec
                                                     -> Cluster 69, loss : 2.30, accuracy 10.00%, model from round 1
                                                     ['0:0.00%', '1:0.00%', '2:100.00%', '3:0.00%', '4:0.00%', '5:0.00%', '6:0.00%', '7:0.00%', '8:0.00%', '9:0.00%']
                                                                                              <-> Client 0, global : from 10.00% to 10.00%, local : from 0.80% to 95.00%, training time : 16200msec
                                                     Cluster 69, round 1, loss : 4.63, accuracy 10.00% <-
                                                     Time past : 16200msec
                                                     ['0:0.00%', '1:0.00%', '2:0.00%', '3:0.00%', '4:0.00%', '5:0.00%', '6:0.00%', '7:0.00%', '8:100.00%', '9:0.00%']
                                          0msec<-
                                          ->0msec
                                                     -> Cluster 16, loss : 2.30, accuracy 10.00%, model from round 1
                                                     ['0:0.00%', '1:0.00%', '2:100.00%', '3:0.00%', '4:0.00%', '5:0.00%', '6:0.00%', '7:0.00%', '8:0.00%', '9:0.00%']
                                                                                              <-> Client 0, global : from 10.00% to 10.00%, local : from 0.40% to 95.00%, training time : 8200msec
                                                     Cluster 16, round 1, loss : 4.76, accuracy 10.00% <-
                                                     Time past : 8200msec
                                                     ['0:0.00%', '1:0.00%', '2:0.00%', '3:0.00%', '4:0.00%', '5:0.00%', '6:0.00%', '7:0.00%', '8:0.00%', '9:100.00%']
                                          0msec<-
                                          ->0msec
                                                     -> Cluster 47, loss : 2.30, accuracy 10.00%, model from round 1
                                                     ['0:0.00%', '1:0.00%', '2:100.00%', '3:0.00%', '4:0.00%', '5:0.00%', '6:0.00%', '7:0.00%', '8:0.00%', '9:0.00%']
                                                                                              <-> Client 0, global : from 10.00% to 10.00%, local : from 95.00% to 95.00%, training time : 8200msec
                                                     Cluster 47, round 1, loss : 5.13, accuracy 10.00% <-
                                                     Time past : 8200msec
                                                     ['0:0.00%', '1:0.00%', '2:100.00%', '3:0.00%', '4:0.00%', '5:0.00%', '6:0.00%', '7:0.00%', '8:0.00%', '9:0.00%']
                                          0msec<-
                                          ->0msec
                                                     -> Cluster 77, loss : 2.30, accuracy 10.00%, model from round 1
                                                     ['0:0.00%', '1:0.00%', '2:100.00%', '3:0.00%', '4:0.00%', '5:0.00%', '6:0.00%', '7:0.00%', '8:0.00%', '9:0.00%']
                                                                                              <-> Client 0, global : from 10.00% to 10.00%, local : from 0.20% to 95.00%, training time : 16200msec
                                                     Cluster 77, round 1, loss : 5.45, accuracy 10.00% <-
                                                     Time past : 16200msec
                                                     ['0:0.00%', '1:0.00%', '2:0.00%', '3:100.00%', '4:0.00%', '5:0.00%', '6:0.00%', '7:0.00%', '8:0.00%', '9:0.00%']
                                          0msec<-
                                          ->0msec
                                                     -> Cluster 60, loss : 2.30, accuracy 10.00%, model from round 1
                                                     ['0:0.00%', '1:0.00%', '2:100.00%', '3:0.00%', '4:0.00%', '5:0.00%', '6:0.00%', '7:0.00%', '8:0.00%', '9:0.00%']
                                                                                              <-> Client 0, global : from 10.00% to 10.00%, local : from 0.60% to 94.81%, training time : 16200msec
                                                     Cluster 60, round 1, loss : 4.35, accuracy 10.00% <-
                                                     Time past : 16200msec
                                                     ['0:0.00%', '1:0.00%', '2:0.00%', '3:0.00%', '4:0.00%', '5:0.00%', '6:0.00%', '7:0.00%', '8:100.00%', '9:0.00%']
                                          0msec<-
                                          ->0msec
                                                     -> Cluster 80, loss : 2.30, accuracy 10.00%, model from round 1
                                                     ['0:0.00%', '1:0.00%', '2:100.00%', '3:0.00%', '4:0.00%', '5:0.00%', '6:0.00%', '7:0.00%', '8:0.00%', '9:0.00%']
                                                                                              <-> Client 0, global : from 10.00% to 10.00%, local : from 0.00% to 95.00%, training time : 16200msec
                                                     Cluster 80, round 1, loss : 4.83, accuracy 10.00% <-
                                                     Time past : 16200msec
                                                     ['0:0.00%', '1:0.00%', '2:0.00%', '3:0.00%', '4:0.00%', '5:100.00%', '6:0.00%', '7:0.00%', '8:0.00%', '9:0.00%']
                                          0msec<-
                                          ->0msec
                                                     -> Cluster 74, loss : 2.30, accuracy 10.00%, model from round 1
                                                     ['0:0.00%', '1:0.00%', '2:100.00%', '3:0.00%', '4:0.00%', '5:0.00%', '6:0.00%', '7:0.00%', '8:0.00%', '9:0.00%']
                                                                                              <-> Client 0, global : from 10.00% to 10.00%, local : from 0.00% to 95.00%, training time : 16200msec
                                                     Cluster 74, round 1, loss : 5.37, accuracy 10.00% <-
                                                     Time past : 16200msec
                                                     ['0:0.00%', '1:0.00%', '2:0.00%', '3:100.00%', '4:0.00%', '5:0.00%', '6:0.00%', '7:0.00%', '8:0.00%', '9:0.00%']
                                          0msec<-
                                          ->0msec
                                                     -> Cluster 8, loss : 2.30, accuracy 10.00%, model from round 1
                                                     ['0:0.00%', '1:0.00%', '2:100.00%', '3:0.00%', '4:0.00%', '5:0.00%', '6:0.00%', '7:0.00%', '8:0.00%', '9:0.00%']
                                                                                              <-> Client 0, global : from 10.00% to 10.00%, local : from 0.80% to 95.00%, training time : 8200msec
                                                     Cluster 8, round 1, loss : 5.07, accuracy 10.00% <-
                                                     Time past : 8200msec
                                                     ['0:0.00%', '1:0.00%', '2:0.00%', '3:0.00%', '4:0.00%', '5:0.00%', '6:100.00%', '7:0.00%', '8:0.00%', '9:0.00%']
                                          0msec<-
Central server round 1, loss : 2.43, accuracy :10.00%
Time past: 16200msec
['0:0.00%', '1:0.00%', '2:0.00%', '3:100.00%', '4:0.00%', '5:0.00%', '6:0.00%', '7:0.00%', '8:0.00%', '9:0.00%']
                                          ->0msec
                                                     -> Cluster 81, loss : 2.43, accuracy 10.00%, model from round 2
                                                     ['0:0.00%', '1:0.00%', '2:0.00%', '3:100.00%', '4:0.00%', '5:0.00%', '6:0.00%', '7:0.00%', '8:0.00%', '9:0.00%']
                                                                                              <-> Client 0, global : from 10.00% to 10.00%, local : from 0.20% to 95.00%, training time : 16200msec
                                                     Cluster 81, round 1, loss : 4.58, accuracy 10.00% <-
                                                     Time past : 16200msec
                                                     ['0:0.00%', '1:0.00%', '2:0.00%', '3:0.00%', '4:0.00%', '5:100.00%', '6:0.00%', '7:0.00%', '8:0.00%', '9:0.00%']
                                          0msec<-
                                          ->0msec
                                                     -> Cluster 19, loss : 2.43, accuracy 10.00%, model from round 2
                                                     ['0:0.00%', '1:0.00%', '2:0.00%', '3:100.00%', '4:0.00%', '5:0.00%', '6:0.00%', '7:0.00%', '8:0.00%', '9:0.00%']
                                                                                              <-> Client 0, global : from 10.00% to 10.00%, local : from 0.40% to 95.00%, training time : 8200msec
                                                     Cluster 19, round 1, loss : 4.28, accuracy 10.00% <-
                                                     Time past : 8200msec
                                                     ['0:0.00%', '1:0.00%', '2:0.00%', '3:0.00%', '4:0.00%', '5:0.00%', '6:0.00%', '7:0.00%', '8:0.00%', '9:100.00%']
                                          0msec<-
                                          ->0msec
                                                     -> Cluster 66, loss : 2.43, accuracy 10.00%, model from round 2
                                                     ['0:0.00%', '1:0.00%', '2:0.00%', '3:100.00%', '4:0.00%', '5:0.00%', '6:0.00%', '7:0.00%', '8:0.00%', '9:0.00%']
                                                                                              <-> Client 0, global : from 10.00% to 10.00%, local : from 0.40% to 95.00%, training time : 16200msec
                                                     Cluster 66, round 1, loss : 4.01, accuracy 10.00% <-
                                                     Time past : 16200msec
                                                     ['0:0.00%', '1:0.00%', '2:0.00%', '3:0.00%', '4:0.00%', '5:0.00%', '6:0.00%', '7:0.00%', '8:100.00%', '9:0.00%']
                                          0msec<-
                                          ->0msec
                                                     -> Cluster 49, loss : 2.43, accuracy 10.00%, model from round 2
                                                     ['0:0.00%', '1:0.00%', '2:0.00%', '3:100.00%', '4:0.00%', '5:0.00%', '6:0.00%', '7:0.00%', '8:0.00%', '9:0.00%']
                                                                                              <-> Client 0, global : from 10.00% to 10.00%, local : from 1.00% to 95.00%, training time : 8200msec
                                                     Cluster 49, round 1, loss : 5.25, accuracy 10.00% <-
                                                     Time past : 8200msec
                                                     ['0:0.00%', '1:0.00%', '2:100.00%', '3:0.00%', '4:0.00%', '5:0.00%', '6:0.00%', '7:0.00%', '8:0.00%', '9:0.00%']
                                          0msec<-
                                          ->0msec
                                                     -> Cluster 94, loss : 2.43, accuracy 10.00%, model from round 2
                                                     ['0:0.00%', '1:0.00%', '2:0.00%', '3:100.00%', '4:0.00%', '5:0.00%', '6:0.00%', '7:0.00%', '8:0.00%', '9:0.00%']
                                                                                              <-> Client 0, global : from 10.00% to 10.00%, local : from 0.20% to 95.19%, training time : 16200msec
                                                     Cluster 94, round 1, loss : 4.74, accuracy 10.00% <-
                                                     Time past : 16200msec
                                                     ['0:100.00%', '1:0.00%', '2:0.00%', '3:0.00%', '4:0.00%', '5:0.00%', '6:0.00%', '7:0.00%', '8:0.00%', '9:0.00%']
                                          0msec<-
                                          ->0msec
                                                     -> Cluster 1, loss : 2.43, accuracy 10.00%, model from round 2
                                                     ['0:0.00%', '1:0.00%', '2:0.00%', '3:100.00%', '4:0.00%', '5:0.00%', '6:0.00%', '7:0.00%', '8:0.00%', '9:0.00%']
                                                                                              <-> Client 0, global : from 10.00% to 10.00%, local : from 0.60% to 94.81%, training time : 8200msec
                                                     Cluster 1, round 1, loss : 4.64, accuracy 10.00% <-
                                                     Time past : 8200msec
                                                     ['0:0.00%', '1:0.00%', '2:0.00%', '3:0.00%', '4:0.00%', '5:0.00%', '6:100.00%', '7:0.00%', '8:0.00%', '9:0.00%']
                                          0msec<-
                                          ->0msec
                                                     -> Cluster 85, loss : 2.43, accuracy 10.00%, model from round 2
                                                     ['0:0.00%', '1:0.00%', '2:0.00%', '3:100.00%', '4:0.00%', '5:0.00%', '6:0.00%', '7:0.00%', '8:0.00%', '9:0.00%']
                                                                                              <-> Client 0, global : from 10.00% to 10.00%, local : from 0.40% to 95.19%, training time : 16200msec
                                                     Cluster 85, round 1, loss : 5.06, accuracy 10.00% <-
                                                     Time past : 16200msec
                                                     ['0:0.00%', '1:0.00%', '2:0.00%', '3:0.00%', '4:0.00%', '5:100.00%', '6:0.00%', '7:0.00%', '8:0.00%', '9:0.00%']
                                          0msec<-
                                          ->0msec
                                                     -> Cluster 99, loss : 2.43, accuracy 10.00%, model from round 2
                                                     ['0:0.00%', '1:0.00%', '2:0.00%', '3:100.00%', '4:0.00%', '5:0.00%', '6:0.00%', '7:0.00%', '8:0.00%', '9:0.00%']
                                                                                              <-> Client 0, global : from 10.00% to 10.00%, local : from 0.60% to 95.19%, training time : 16200msec
                                                     Cluster 99, round 1, loss : 4.15, accuracy 10.00% <-
                                                     Time past : 16200msec
                                                     ['0:100.00%', '1:0.00%', '2:0.00%', '3:0.00%', '4:0.00%', '5:0.00%', '6:0.00%', '7:0.00%', '8:0.00%', '9:0.00%']
                                          0msec<-
                                          ->0msec
                                                     -> Cluster 8, loss : 2.43, accuracy 10.00%, model from round 2
                                                     ['0:0.00%', '1:0.00%', '2:0.00%', '3:100.00%', '4:0.00%', '5:0.00%', '6:0.00%', '7:0.00%', '8:0.00%', '9:0.00%']
                                                                                              <-> Client 0, global : from 10.00% to 10.00%, local : from 0.60% to 95.00%, training time : 8200msec
                                                     Cluster 8, round 1, loss : 4.96, accuracy 10.00% <-
                                                     Time past : 8200msec
                                                     ['0:0.00%', '1:0.00%', '2:0.00%', '3:0.00%', '4:0.00%', '5:0.00%', '6:100.00%', '7:0.00%', '8:0.00%', '9:0.00%']
                                          0msec<-
                                          ->0msec
                                                     -> Cluster 20, loss : 2.43, accuracy 10.00%, model from round 2
                                                     ['0:0.00%', '1:0.00%', '2:0.00%', '3:100.00%', '4:0.00%', '5:0.00%', '6:0.00%', '7:0.00%', '8:0.00%', '9:0.00%']
                                                                                              <-> Client 0, global : from 10.00% to 10.00%, local : from 0.80% to 94.81%, training time : 8200msec
                                                     Cluster 20, round 1, loss : 5.40, accuracy 10.00% <-
                                                     Time past : 8200msec
                                                     ['0:0.00%', '1:0.00%', '2:0.00%', '3:0.00%', '4:100.00%', '5:0.00%', '6:0.00%', '7:0.00%', '8:0.00%', '9:0.00%']
                                          0msec<-
Central server round 2, loss : 2.37, accuracy :11.15%
Time past: 32400msec
['0:17.30%', '1:0.00%', '2:0.00%', '3:0.00%', '4:0.00%', '5:93.70%', '6:0.50%', '7:0.00%', '8:0.00%', '9:0.00%']
                                          ->0msec
                                                     -> Cluster 46, loss : 2.37, accuracy 11.15%, model from round 3
                                                     ['0:17.30%', '1:0.00%', '2:0.00%', '3:0.00%', '4:0.00%', '5:93.70%', '6:0.50%', '7:0.00%', '8:0.00%', '9:0.00%']
                                                                                              <-> Client 0, global : from 11.15% to 10.00%, local : from 0.80% to 95.00%, training time : 8200msec
                                                     Cluster 46, round 1, loss : 4.64, accuracy 10.00% <-
                                                     Time past : 8200msec
                                                     ['0:0.00%', '1:0.00%', '2:100.00%', '3:0.00%', '4:0.00%', '5:0.00%', '6:0.00%', '7:0.00%', '8:0.00%', '9:0.00%']
                                          0msec<-
                                          ->0msec
                                                     -> Cluster 12, loss : 2.37, accuracy 11.15%, model from round 3
                                                     ['0:17.30%', '1:0.00%', '2:0.00%', '3:0.00%', '4:0.00%', '5:93.70%', '6:0.50%', '7:0.00%', '8:0.00%', '9:0.00%']
                                                                                              <-> Client 0, global : from 11.15% to 10.00%, local : from 0.80% to 95.00%, training time : 8200msec
                                                     Cluster 12, round 1, loss : 4.85, accuracy 10.00% <-
                                                     Time past : 8200msec
                                                     ['0:0.00%', '1:0.00%', '2:0.00%', '3:0.00%', '4:0.00%', '5:0.00%', '6:0.00%', '7:0.00%', '8:0.00%', '9:100.00%']
                                          0msec<-
                                          ->0msec
                                                     -> Cluster 4, loss : 2.37, accuracy 11.15%, model from round 3
                                                     ['0:17.30%', '1:0.00%', '2:0.00%', '3:0.00%', '4:0.00%', '5:93.70%', '6:0.50%', '7:0.00%', '8:0.00%', '9:0.00%']
                                                                                              <-> Client 0, global : from 11.15% to 10.00%, local : from 1.40% to 95.00%, training time : 8200msec
                                                     Cluster 4, round 1, loss : 5.35, accuracy 10.00% <-
                                                     Time past : 8200msec
                                                     ['0:0.00%', '1:0.00%', '2:0.00%', '3:0.00%', '4:0.00%', '5:0.00%', '6:100.00%', '7:0.00%', '8:0.00%', '9:0.00%']
                                          0msec<-
                                          ->0msec
                                                     -> Cluster 17, loss : 2.37, accuracy 11.15%, model from round 3
                                                     ['0:17.30%', '1:0.00%', '2:0.00%', '3:0.00%', '4:0.00%', '5:93.70%', '6:0.50%', '7:0.00%', '8:0.00%', '9:0.00%']
                                                                                              <-> Client 0, global : from 11.15% to 10.00%, local : from 0.40% to 95.00%, training time : 8200msec
                                                     Cluster 17, round 1, loss : 3.63, accuracy 10.00% <-
                                                     Time past : 8200msec
                                                     ['0:0.00%', '1:0.00%', '2:0.00%', '3:0.00%', '4:0.00%', '5:0.00%', '6:0.00%', '7:0.00%', '8:0.00%', '9:100.00%']
                                          0msec<-
                                          ->0msec
                                                     -> Cluster 63, loss : 2.37, accuracy 11.15%, model from round 3
                                                     ['0:17.30%', '1:0.00%', '2:0.00%', '3:0.00%', '4:0.00%', '5:93.70%', '6:0.50%', '7:0.00%', '8:0.00%', '9:0.00%']
                                                                                              <-> Client 0, global : from 11.15% to 10.00%, local : from 1.00% to 95.00%, training time : 16200msec
                                                     Cluster 63, round 1, loss : 4.16, accuracy 10.00% <-
                                                     Time past : 16200msec
                                                     ['0:0.00%', '1:0.00%', '2:0.00%', '3:0.00%', '4:0.00%', '5:0.00%', '6:0.00%', '7:0.00%', '8:100.00%', '9:0.00%']
                                          0msec<-
                                          ->0msec
                                                     -> Cluster 27, loss : 2.37, accuracy 11.15%, model from round 3
                                                     ['0:17.30%', '1:0.00%', '2:0.00%', '3:0.00%', '4:0.00%', '5:93.70%', '6:0.50%', '7:0.00%', '8:0.00%', '9:0.00%']
                                                                                              <-> Client 0, global : from 11.15% to 10.00%, local : from 0.80% to 95.00%, training time : 8200msec
                                                     Cluster 27, round 1, loss : 5.21, accuracy 10.00% <-
                                                     Time past : 8200msec
                                                     ['0:0.00%', '1:0.00%', '2:0.00%', '3:0.00%', '4:100.00%', '5:0.00%', '6:0.00%', '7:0.00%', '8:0.00%', '9:0.00%']
                                          0msec<-
                                          ->0msec
                                                     -> Cluster 33, loss : 2.37, accuracy 11.15%, model from round 3
                                                     ['0:17.30%', '1:0.00%', '2:0.00%', '3:0.00%', '4:0.00%', '5:93.70%', '6:0.50%', '7:0.00%', '8:0.00%', '9:0.00%']
                                                                                              <-> Client 0, global : from 11.15% to 10.00%, local : from 0.60% to 95.00%, training time : 8200msec
                                                     Cluster 33, round 1, loss : 5.41, accuracy 10.00% <-
                                                     Time past : 8200msec
                                                     ['0:0.00%', '1:100.00%', '2:0.00%', '3:0.00%', '4:0.00%', '5:0.00%', '6:0.00%', '7:0.00%', '8:0.00%', '9:0.00%']
                                          0msec<-
                                          ->0msec
                                                     -> Cluster 86, loss : 2.37, accuracy 11.15%, model from round 3
                                                     ['0:17.30%', '1:0.00%', '2:0.00%', '3:0.00%', '4:0.00%', '5:93.70%', '6:0.50%', '7:0.00%', '8:0.00%', '9:0.00%']
                                                                                              <-> Client 0, global : from 11.15% to 10.00%, local : from 89.78% to 95.19%, training time : 16200msec
                                                     Cluster 86, round 1, loss : 4.80, accuracy 10.00% <-
                                                     Time past : 16200msec
                                                     ['0:0.00%', '1:0.00%', '2:0.00%', '3:0.00%', '4:0.00%', '5:100.00%', '6:0.00%', '7:0.00%', '8:0.00%', '9:0.00%']
                                          0msec<-
                                          ->0msec
                                                     -> Cluster 55, loss : 2.37, accuracy 11.15%, model from round 3
                                                     ['0:17.30%', '1:0.00%', '2:0.00%', '3:0.00%', '4:0.00%', '5:93.70%', '6:0.50%', '7:0.00%', '8:0.00%', '9:0.00%']
                                                                                              <-> Client 0, global : from 11.15% to 10.00%, local : from 0.60% to 95.00%, training time : 16200msec
                                                     Cluster 55, round 1, loss : 5.16, accuracy 10.00% <-
                                                     Time past : 16200msec
                                                     ['0:0.00%', '1:0.00%', '2:0.00%', '3:0.00%', '4:0.00%', '5:0.00%', '6:0.00%', '7:100.00%', '8:0.00%', '9:0.00%']
                                          0msec<-
                                          ->0msec
                                                     -> Cluster 99, loss : 2.37, accuracy 11.15%, model from round 3
                                                     ['0:17.30%', '1:0.00%', '2:0.00%', '3:0.00%', '4:0.00%', '5:93.70%', '6:0.50%', '7:0.00%', '8:0.00%', '9:0.00%']
                                                                                              <-> Client 0, global : from 11.15% to 10.00%, local : from 21.44% to 95.19%, training time : 16200msec
                                                     Cluster 99, round 1, loss : 4.15, accuracy 10.00% <-
                                                     Time past : 16200msec
                                                     ['0:100.00%', '1:0.00%', '2:0.00%', '3:0.00%', '4:0.00%', '5:0.00%', '6:0.00%', '7:0.00%', '8:0.00%', '9:0.00%']
                                          0msec<-
Central server round 3, loss : 2.29, accuracy :14.41%
Time past: 48600msec
['0:0.00%', '1:0.00%', '2:0.00%', '3:0.00%', '4:0.00%', '5:54.60%', '6:0.00%', '7:0.00%', '8:0.00%', '9:89.50%']
                                          ->0msec
                                                     -> Cluster 89, loss : 2.29, accuracy 14.41%, model from round 4
                                                     ['0:0.00%', '1:0.00%', '2:0.00%', '3:0.00%', '4:0.00%', '5:54.60%', '6:0.00%', '7:0.00%', '8:0.00%', '9:89.50%']
                                                                                              <-> Client 0, global : from 14.41% to 10.00%, local : from 56.31% to 95.19%, training time : 16200msec
                                                     Cluster 89, round 1, loss : 5.43, accuracy 10.00% <-
                                                     Time past : 16200msec
                                                     ['0:0.00%', '1:0.00%', '2:0.00%', '3:0.00%', '4:0.00%', '5:100.00%', '6:0.00%', '7:0.00%', '8:0.00%', '9:0.00%']
                                          0msec<-
                                          ->0msec
                                                     -> Cluster 41, loss : 2.29, accuracy 14.41%, model from round 4
                                                     ['0:0.00%', '1:0.00%', '2:0.00%', '3:0.00%', '4:0.00%', '5:54.60%', '6:0.00%', '7:0.00%', '8:0.00%', '9:89.50%']
                                                                                              <-> Client 0, global : from 14.41% to 10.00%, local : from 0.60% to 94.81%, training time : 8200msec
                                                     Cluster 41, round 1, loss : 5.75, accuracy 10.00% <-
                                                     Time past : 8200msec
                                                     ['0:0.00%', '1:0.00%', '2:100.00%', '3:0.00%', '4:0.00%', '5:0.00%', '6:0.00%', '7:0.00%', '8:0.00%', '9:0.00%']
                                          0msec<-
                                          ->0msec
                                                     -> Cluster 69, loss : 2.29, accuracy 14.41%, model from round 4
                                                     ['0:0.00%', '1:0.00%', '2:0.00%', '3:0.00%', '4:0.00%', '5:54.60%', '6:0.00%', '7:0.00%', '8:0.00%', '9:89.50%']
                                                                                              <-> Client 0, global : from 14.41% to 10.00%, local : from 0.40% to 95.00%, training time : 16200msec
                                                     Cluster 69, round 1, loss : 4.65, accuracy 10.00% <-
                                                     Time past : 16200msec
                                                     ['0:0.00%', '1:0.00%', '2:0.00%', '3:0.00%', '4:0.00%', '5:0.00%', '6:0.00%', '7:0.00%', '8:100.00%', '9:0.00%']
                                          0msec<-
                                          ->0msec
                                                     -> Cluster 73, loss : 2.29, accuracy 14.41%, model from round 4
                                                     ['0:0.00%', '1:0.00%', '2:0.00%', '3:0.00%', '4:0.00%', '5:54.60%', '6:0.00%', '7:0.00%', '8:0.00%', '9:89.50%']
                                                                                              <-> Client 0, global : from 14.41% to 10.00%, local : from 0.60% to 95.00%, training time : 16200msec
                                                     Cluster 73, round 1, loss : 4.87, accuracy 10.00% <-
                                                     Time past : 16200msec
                                                     ['0:0.00%', '1:0.00%', '2:0.00%', '3:100.00%', '4:0.00%', '5:0.00%', '6:0.00%', '7:0.00%', '8:0.00%', '9:0.00%']
                                          0msec<-
                                          ->0msec
                                                     -> Cluster 72, loss : 2.29, accuracy 14.41%, model from round 4
                                                     ['0:0.00%', '1:0.00%', '2:0.00%', '3:0.00%', '4:0.00%', '5:54.60%', '6:0.00%', '7:0.00%', '8:0.00%', '9:89.50%']
                                                                                              <-> Client 0, global : from 14.41% to 10.00%, local : from 0.80% to 95.00%, training time : 16200msec
                                                     Cluster 72, round 1, loss : 5.37, accuracy 10.00% <-
                                                     Time past : 16200msec
                                                     ['0:0.00%', '1:0.00%', '2:0.00%', '3:100.00%', '4:0.00%', '5:0.00%', '6:0.00%', '7:0.00%', '8:0.00%', '9:0.00%']
                                          0msec<-
                                          ->0msec
                                                     -> Cluster 13, loss : 2.29, accuracy 14.41%, model from round 4
                                                     ['0:0.00%', '1:0.00%', '2:0.00%', '3:0.00%', '4:0.00%', '5:54.60%', '6:0.00%', '7:0.00%', '8:0.00%', '9:89.50%']
                                                                                              <-> Client 0, global : from 14.41% to 10.00%, local : from 85.80% to 95.00%, training time : 8200msec
                                                     Cluster 13, round 1, loss : 4.77, accuracy 10.00% <-
                                                     Time past : 8200msec
                                                     ['0:0.00%', '1:0.00%', '2:0.00%', '3:0.00%', '4:0.00%', '5:0.00%', '6:0.00%', '7:0.00%', '8:0.00%', '9:100.00%']
                                          0msec<-
                                          ->0msec
                                                     -> Cluster 91, loss : 2.29, accuracy 14.41%, model from round 4
                                                     ['0:0.00%', '1:0.00%', '2:0.00%', '3:0.00%', '4:0.00%', '5:54.60%', '6:0.00%', '7:0.00%', '8:0.00%', '9:89.50%']
                                                                                              <-> Client 0, global : from 14.41% to 10.00%, local : from 0.80% to 95.00%, training time : 16200msec
                                                     Cluster 91, round 1, loss : 5.19, accuracy 10.00% <-
                                                     Time past : 16200msec
                                                     ['0:100.00%', '1:0.00%', '2:0.00%', '3:0.00%', '4:0.00%', '5:0.00%', '6:0.00%', '7:0.00%', '8:0.00%', '9:0.00%']
                                          0msec<-
                                          ->0msec
                                                     -> Cluster 83, loss : 2.29, accuracy 14.41%, model from round 4
                                                     ['0:0.00%', '1:0.00%', '2:0.00%', '3:0.00%', '4:0.00%', '5:54.60%', '6:0.00%', '7:0.00%', '8:0.00%', '9:89.50%']
                                                                                              <-> Client 0, global : from 14.41% to 10.00%, local : from 52.51% to 95.19%, training time : 16200msec
                                                     Cluster 83, round 1, loss : 4.60, accuracy 10.00% <-
                                                     Time past : 16200msec
                                                     ['0:0.00%', '1:0.00%', '2:0.00%', '3:0.00%', '4:0.00%', '5:100.00%', '6:0.00%', '7:0.00%', '8:0.00%', '9:0.00%']
                                          0msec<-
                                          ->0msec
                                                     -> Cluster 27, loss : 2.29, accuracy 14.41%, model from round 4
                                                     ['0:0.00%', '1:0.00%', '2:0.00%', '3:0.00%', '4:0.00%', '5:54.60%', '6:0.00%', '7:0.00%', '8:0.00%', '9:89.50%']
                                                                                              <-> Client 0, global : from 14.41% to 10.00%, local : from 1.40% to 95.00%, training time : 8200msec
                                                     Cluster 27, round 1, loss : 4.84, accuracy 10.00% <-
                                                     Time past : 8200msec
                                                     ['0:0.00%', '1:0.00%', '2:0.00%', '3:0.00%', '4:100.00%', '5:0.00%', '6:0.00%', '7:0.00%', '8:0.00%', '9:0.00%']
                                          0msec<-
                                          ->0msec
                                                     -> Cluster 81, loss : 2.29, accuracy 14.41%, model from round 4
                                                     ['0:0.00%', '1:0.00%', '2:0.00%', '3:0.00%', '4:0.00%', '5:54.60%', '6:0.00%', '7:0.00%', '8:0.00%', '9:89.50%']
                                                                                              <-> Client 0, global : from 14.41% to 10.00%, local : from 52.40% to 95.00%, training time : 16200msec
                                                     Cluster 81, round 1, loss : 5.04, accuracy 10.00% <-
                                                     Time past : 16200msec
                                                     ['0:0.00%', '1:0.00%', '2:0.00%', '3:0.00%', '4:0.00%', '5:100.00%', '6:0.00%', '7:0.00%', '8:0.00%', '9:0.00%']
                                          0msec<-
Central server round 4, loss : 2.39, accuracy :10.66%
Time past: 64800msec
['0:0.00%', '1:0.00%', '2:0.00%', '3:0.00%', '4:0.00%', '5:99.50%', '6:0.00%', '7:0.00%', '8:0.00%', '9:7.10%']
                                          ->0msec
                                                     -> Cluster 19, loss : 2.39, accuracy 10.66%, model from round 5
                                                     ['0:0.00%', '1:0.00%', '2:0.00%', '3:0.00%', '4:0.00%', '5:99.50%', '6:0.00%', '7:0.00%', '8:0.00%', '9:7.10%']
                                                                                              <-> Client 0, global : from 10.66% to 10.00%, local : from 10.60% to 95.00%, training time : 8200msec
                                                     Cluster 19, round 1, loss : 4.44, accuracy 10.00% <-
                                                     Time past : 8200msec
                                                     ['0:0.00%', '1:0.00%', '2:0.00%', '3:0.00%', '4:0.00%', '5:0.00%', '6:0.00%', '7:0.00%', '8:0.00%', '9:100.00%']
                                          0msec<-
                                          ->0msec
                                                     -> Cluster 2, loss : 2.39, accuracy 10.66%, model from round 5
                                                     ['0:0.00%', '1:0.00%', '2:0.00%', '3:0.00%', '4:0.00%', '5:99.50%', '6:0.00%', '7:0.00%', '8:0.00%', '9:7.10%']
                                                                                              <-> Client 0, global : from 10.66% to 10.00%, local : from 1.00% to 95.00%, training time : 8200msec
                                                     Cluster 2, round 1, loss : 5.47, accuracy 10.00% <-
                                                     Time past : 8200msec
                                                     ['0:0.00%', '1:0.00%', '2:0.00%', '3:0.00%', '4:0.00%', '5:0.00%', '6:100.00%', '7:0.00%', '8:0.00%', '9:0.00%']
                                          0msec<-
                                          ->0msec
                                                     -> Cluster 37, loss : 2.39, accuracy 10.66%, model from round 5
                                                     ['0:0.00%', '1:0.00%', '2:0.00%', '3:0.00%', '4:0.00%', '5:99.50%', '6:0.00%', '7:0.00%', '8:0.00%', '9:7.10%']
                                                                                              <-> Client 0, global : from 10.66% to 10.00%, local : from 1.00% to 95.00%, training time : 8200msec
                                                     Cluster 37, round 1, loss : 4.61, accuracy 10.00% <-
                                                     Time past : 8200msec
                                                     ['0:0.00%', '1:100.00%', '2:0.00%', '3:0.00%', '4:0.00%', '5:0.00%', '6:0.00%', '7:0.00%', '8:0.00%', '9:0.00%']
                                          0msec<-
                                          ->0msec
                                                     -> Cluster 54, loss : 2.39, accuracy 10.66%, model from round 5
                                                     ['0:0.00%', '1:0.00%', '2:0.00%', '3:0.00%', '4:0.00%', '5:99.50%', '6:0.00%', '7:0.00%', '8:0.00%', '9:7.10%']
                                                                                              <-> Client 0, global : from 10.66% to 10.00%, local : from 0.60% to 95.00%, training time : 16200msec
                                                     Cluster 54, round 1, loss : 4.61, accuracy 10.00% <-
                                                     Time past : 16200msec
                                                     ['0:0.00%', '1:0.00%', '2:0.00%', '3:0.00%', '4:0.00%', '5:0.00%', '6:0.00%', '7:100.00%', '8:0.00%', '9:0.00%']
                                          0msec<-
                                          ->0msec
                                                     -> Cluster 98, loss : 2.39, accuracy 10.66%, model from round 5
                                                     ['0:0.00%', '1:0.00%', '2:0.00%', '3:0.00%', '4:0.00%', '5:99.50%', '6:0.00%', '7:0.00%', '8:0.00%', '9:7.10%']
                                                                                              <-> Client 0, global : from 10.66% to 10.00%, local : from 0.40% to 95.19%, training time : 16200msec
                                                     Cluster 98, round 1, loss : 4.82, accuracy 10.00% <-
                                                     Time past : 16200msec
                                                     ['0:100.00%', '1:0.00%', '2:0.00%', '3:0.00%', '4:0.00%', '5:0.00%', '6:0.00%', '7:0.00%', '8:0.00%', '9:0.00%']
                                          0msec<-
                                          ->0msec
                                                     -> Cluster 53, loss : 2.39, accuracy 10.66%, model from round 5
                                                     ['0:0.00%', '1:0.00%', '2:0.00%', '3:0.00%', '4:0.00%', '5:99.50%', '6:0.00%', '7:0.00%', '8:0.00%', '9:7.10%']
                                                                                              <-> Client 0, global : from 10.66% to 10.00%, local : from 0.60% to 95.00%, training time : 16200msec
                                                     Cluster 53, round 1, loss : 4.85, accuracy 10.00% <-
                                                     Time past : 16200msec
                                                     ['0:0.00%', '1:0.00%', '2:0.00%', '3:0.00%', '4:0.00%', '5:0.00%', '6:0.00%', '7:100.00%', '8:0.00%', '9:0.00%']
                                          0msec<-
                                          ->0msec
                                                     -> Cluster 15, loss : 2.39, accuracy 10.66%, model from round 5
                                                     ['0:0.00%', '1:0.00%', '2:0.00%', '3:0.00%', '4:0.00%', '5:99.50%', '6:0.00%', '7:0.00%', '8:0.00%', '9:7.10%']
                                                                                              <-> Client 0, global : from 10.66% to 10.00%, local : from 8.80% to 95.00%, training time : 8200msec
                                                     Cluster 15, round 1, loss : 4.49, accuracy 10.00% <-
                                                     Time past : 8200msec
                                                     ['0:0.00%', '1:0.00%', '2:0.00%', '3:0.00%', '4:0.00%', '5:0.00%', '6:0.00%', '7:0.00%', '8:0.00%', '9:100.00%']
                                          0msec<-
                                          ->0msec
                                                     -> Cluster 5, loss : 2.39, accuracy 10.66%, model from round 5
                                                     ['0:0.00%', '1:0.00%', '2:0.00%', '3:0.00%', '4:0.00%', '5:99.50%', '6:0.00%', '7:0.00%', '8:0.00%', '9:7.10%']
                                                                                              <-> Client 0, global : from 10.66% to 10.00%, local : from 0.60% to 95.00%, training time : 8200msec
                                                     Cluster 5, round 1, loss : 5.36, accuracy 10.00% <-
                                                     Time past : 8200msec
                                                     ['0:0.00%', '1:0.00%', '2:0.00%', '3:0.00%', '4:0.00%', '5:0.00%', '6:100.00%', '7:0.00%', '8:0.00%', '9:0.00%']
                                          0msec<-
                                          ->0msec
                                                     -> Cluster 77, loss : 2.39, accuracy 10.66%, model from round 5
                                                     ['0:0.00%', '1:0.00%', '2:0.00%', '3:0.00%', '4:0.00%', '5:99.50%', '6:0.00%', '7:0.00%', '8:0.00%', '9:7.10%']
                                                                                              <-> Client 0, global : from 10.66% to 10.00%, local : from 0.80% to 95.00%, training time : 16200msec
                                                     Cluster 77, round 1, loss : 5.17, accuracy 10.00% <-
                                                     Time past : 16200msec
                                                     ['0:0.00%', '1:0.00%', '2:0.00%', '3:100.00%', '4:0.00%', '5:0.00%', '6:0.00%', '7:0.00%', '8:0.00%', '9:0.00%']
                                          0msec<-
                                          ->0msec
                                                     -> Cluster 78, loss : 2.39, accuracy 10.66%, model from round 5
                                                     ['0:0.00%', '1:0.00%', '2:0.00%', '3:0.00%', '4:0.00%', '5:99.50%', '6:0.00%', '7:0.00%', '8:0.00%', '9:7.10%']
                                                                                              <-> Client 0, global : from 10.66% to 10.00%, local : from 0.20% to 95.00%, training time : 16200msec
                                                     Cluster 78, round 1, loss : 5.42, accuracy 10.00% <-
                                                     Time past : 16200msec
                                                     ['0:0.00%', '1:0.00%', '2:0.00%', '3:100.00%', '4:0.00%', '5:0.00%', '6:0.00%', '7:0.00%', '8:0.00%', '9:0.00%']
                                          0msec<-
Central server round 5, loss : 2.37, accuracy :16.84%
Time past: 81000msec
['0:0.00%', '1:0.00%', '2:0.00%', '3:9.70%', '4:0.00%', '5:0.00%', '6:54.70%', '7:39.90%', '8:0.00%', '9:64.10%']
                                          ->0msec
                                                     -> Cluster 76, loss : 2.37, accuracy 16.84%, model from round 6
                                                     ['0:0.00%', '1:0.00%', '2:0.00%', '3:9.70%', '4:0.00%', '5:0.00%', '6:54.70%', '7:39.90%', '8:0.00%', '9:64.10%']
                                                                                              <-> Client 0, global : from 16.84% to 10.00%, local : from 10.60% to 95.00%, training time : 16200msec
                                                     Cluster 76, round 1, loss : 4.55, accuracy 10.00% <-
                                                     Time past : 16200msec
                                                     ['0:0.00%', '1:0.00%', '2:0.00%', '3:100.00%', '4:0.00%', '5:0.00%', '6:0.00%', '7:0.00%', '8:0.00%', '9:0.00%']
                                          0msec<-
                                          ->0msec
                                                     -> Cluster 68, loss : 2.37, accuracy 16.84%, model from round 6
                                                     ['0:0.00%', '1:0.00%', '2:0.00%', '3:9.70%', '4:0.00%', '5:0.00%', '6:54.70%', '7:39.90%', '8:0.00%', '9:64.10%']
                                                                                              <-> Client 0, global : from 16.84% to 10.00%, local : from 1.60% to 95.00%, training time : 16200msec
                                                     Cluster 68, round 1, loss : 4.62, accuracy 10.00% <-
                                                     Time past : 16200msec
                                                     ['0:0.00%', '1:0.00%', '2:0.00%', '3:0.00%', '4:0.00%', '5:0.00%', '6:0.00%', '7:0.00%', '8:100.00%', '9:0.00%']
                                          0msec<-
                                          ->0msec
                                                     -> Cluster 4, loss : 2.37, accuracy 16.84%, model from round 6
                                                     ['0:0.00%', '1:0.00%', '2:0.00%', '3:9.70%', '4:0.00%', '5:0.00%', '6:54.70%', '7:39.90%', '8:0.00%', '9:64.10%']
                                                                                              <-> Client 0, global : from 16.84% to 10.00%, local : from 53.80% to 95.00%, training time : 8200msec
                                                     Cluster 4, round 1, loss : 4.72, accuracy 10.00% <-
                                                     Time past : 8200msec
                                                     ['0:0.00%', '1:0.00%', '2:0.00%', '3:0.00%', '4:0.00%', '5:0.00%', '6:100.00%', '7:0.00%', '8:0.00%', '9:0.00%']
                                          0msec<-
                                          ->0msec
                                                     -> Cluster 25, loss : 2.37, accuracy 16.84%, model from round 6
                                                     ['0:0.00%', '1:0.00%', '2:0.00%', '3:9.70%', '4:0.00%', '5:0.00%', '6:54.70%', '7:39.90%', '8:0.00%', '9:64.10%']
                                                                                              <-> Client 0, global : from 16.84% to 10.00%, local : from 1.00% to 95.00%, training time : 8200msec
                                                     Cluster 25, round 1, loss : 4.54, accuracy 10.00% <-
                                                     Time past : 8200msec
                                                     ['0:0.00%', '1:0.00%', '2:0.00%', '3:0.00%', '4:100.00%', '5:0.00%', '6:0.00%', '7:0.00%', '8:0.00%', '9:0.00%']
                                          0msec<-
                                          ->0msec
                                                     -> Cluster 52, loss : 2.37, accuracy 16.84%, model from round 6
                                                     ['0:0.00%', '1:0.00%', '2:0.00%', '3:9.70%', '4:0.00%', '5:0.00%', '6:54.70%', '7:39.90%', '8:0.00%', '9:64.10%']
                                                                                              <-> Client 0, global : from 16.84% to 10.00%, local : from 39.20% to 95.00%, training time : 16200msec
                                                     Cluster 52, round 1, loss : 4.33, accuracy 10.00% <-
                                                     Time past : 16200msec
                                                     ['0:0.00%', '1:0.00%', '2:0.00%', '3:0.00%', '4:0.00%', '5:0.00%', '6:0.00%', '7:100.00%', '8:0.00%', '9:0.00%']
                                          0msec<-
                                          ->0msec
                                                     -> Cluster 37, loss : 2.37, accuracy 16.84%, model from round 6
                                                     ['0:0.00%', '1:0.00%', '2:0.00%', '3:9.70%', '4:0.00%', '5:0.00%', '6:54.70%', '7:39.90%', '8:0.00%', '9:64.10%']
                                                                                              <-> Client 0, global : from 16.84% to 10.00%, local : from 0.80% to 95.00%, training time : 8200msec
                                                     Cluster 37, round 1, loss : 4.59, accuracy 10.00% <-
                                                     Time past : 8200msec
                                                     ['0:0.00%', '1:100.00%', '2:0.00%', '3:0.00%', '4:0.00%', '5:0.00%', '6:0.00%', '7:0.00%', '8:0.00%', '9:0.00%']
                                          0msec<-
                                          ->0msec
                                                     -> Cluster 78, loss : 2.37, accuracy 16.84%, model from round 6
                                                     ['0:0.00%', '1:0.00%', '2:0.00%', '3:9.70%', '4:0.00%', '5:0.00%', '6:54.70%', '7:39.90%', '8:0.00%', '9:64.10%']
                                                                                              <-> Client 0, global : from 16.84% to 10.00%, local : from 11.60% to 95.00%, training time : 16200msec
                                                     Cluster 78, round 1, loss : 5.16, accuracy 10.00% <-
                                                     Time past : 16200msec
                                                     ['0:0.00%', '1:0.00%', '2:0.00%', '3:100.00%', '4:0.00%', '5:0.00%', '6:0.00%', '7:0.00%', '8:0.00%', '9:0.00%']
                                          0msec<-
                                          ->0msec
                                                     -> Cluster 33, loss : 2.37, accuracy 16.84%, model from round 6
                                                     ['0:0.00%', '1:0.00%', '2:0.00%', '3:9.70%', '4:0.00%', '5:0.00%', '6:54.70%', '7:39.90%', '8:0.00%', '9:64.10%']
                                                                                              <-> Client 0, global : from 16.84% to 10.00%, local : from 1.00% to 95.00%, training time : 8200msec
                                                     Cluster 33, round 1, loss : 4.95, accuracy 10.00% <-
                                                     Time past : 8200msec
                                                     ['0:0.00%', '1:100.00%', '2:0.00%', '3:0.00%', '4:0.00%', '5:0.00%', '6:0.00%', '7:0.00%', '8:0.00%', '9:0.00%']
                                          0msec<-
                                          ->0msec
                                                     -> Cluster 19, loss : 2.37, accuracy 16.84%, model from round 6
                                                     ['0:0.00%', '1:0.00%', '2:0.00%', '3:9.70%', '4:0.00%', '5:0.00%', '6:54.70%', '7:39.90%', '8:0.00%', '9:64.10%']
                                                                                              <-> Client 0, global : from 16.84% to 10.00%, local : from 64.60% to 95.00%, training time : 8200msec
                                                     Cluster 19, round 1, loss : 4.56, accuracy 10.00% <-
                                                     Time past : 8200msec
                                                     ['0:0.00%', '1:0.00%', '2:0.00%', '3:0.00%', '4:0.00%', '5:0.00%', '6:0.00%', '7:0.00%', '8:0.00%', '9:100.00%']
                                          0msec<-
                                          ->0msec
                                                     -> Cluster 88, loss : 2.37, accuracy 16.84%, model from round 6
                                                     ['0:0.00%', '1:0.00%', '2:0.00%', '3:9.70%', '4:0.00%', '5:0.00%', '6:54.70%', '7:39.90%', '8:0.00%', '9:64.10%']
                                                                                              <-> Client 0, global : from 16.84% to 10.00%, local : from 0.80% to 95.19%, training time : 16200msec
                                                     Cluster 88, round 1, loss : 5.07, accuracy 10.00% <-
                                                     Time past : 16200msec
                                                     ['0:0.00%', '1:0.00%', '2:0.00%', '3:0.00%', '4:0.00%', '5:100.00%', '6:0.00%', '7:0.00%', '8:0.00%', '9:0.00%']
                                          0msec<-
Central server round 6, loss : 2.28, accuracy :16.06%
Time past: 97200msec
['0:0.00%', '1:50.40%', '2:0.00%', '3:70.70%', '4:0.00%', '5:0.00%', '6:0.00%', '7:2.30%', '8:3.80%', '9:33.40%']
                                          ->0msec
                                                     -> Cluster 79, loss : 2.28, accuracy 16.06%, model from round 7
                                                     ['0:0.00%', '1:50.40%', '2:0.00%', '3:70.70%', '4:0.00%', '5:0.00%', '6:0.00%', '7:2.30%', '8:3.80%', '9:33.40%']
                                                                                              <-> Client 0, global : from 16.06% to 10.00%, local : from 65.80% to 95.00%, training time : 16200msec
                                                     Cluster 79, round 1, loss : 5.18, accuracy 10.00% <-
                                                     Time past : 16200msec
                                                     ['0:0.00%', '1:0.00%', '2:0.00%', '3:100.00%', '4:0.00%', '5:0.00%', '6:0.00%', '7:0.00%', '8:0.00%', '9:0.00%']
                                          0msec<-
                                          ->0msec
                                                     -> Cluster 64, loss : 2.28, accuracy 16.06%, model from round 7
                                                     ['0:0.00%', '1:50.40%', '2:0.00%', '3:70.70%', '4:0.00%', '5:0.00%', '6:0.00%', '7:2.30%', '8:3.80%', '9:33.40%']
                                                                                              <-> Client 0, global : from 16.06% to 10.00%, local : from 5.60% to 95.00%, training time : 16200msec
                                                     Cluster 64, round 1, loss : 4.40, accuracy 10.00% <-
                                                     Time past : 16200msec
                                                     ['0:0.00%', '1:0.00%', '2:0.00%', '3:0.00%', '4:0.00%', '5:0.00%', '6:0.00%', '7:0.00%', '8:100.00%', '9:0.00%']
                                          0msec<-
                                          ->0msec
                                                     -> Cluster 34, loss : 2.28, accuracy 16.06%, model from round 7
                                                     ['0:0.00%', '1:50.40%', '2:0.00%', '3:70.70%', '4:0.00%', '5:0.00%', '6:0.00%', '7:2.30%', '8:3.80%', '9:33.40%']
                                                                                              <-> Client 0, global : from 16.06% to 10.00%, local : from 47.00% to 95.00%, training time : 8200msec
                                                     Cluster 34, round 1, loss : 5.42, accuracy 10.00% <-
                                                     Time past : 8200msec
                                                     ['0:0.00%', '1:100.00%', '2:0.00%', '3:0.00%', '4:0.00%', '5:0.00%', '6:0.00%', '7:0.00%', '8:0.00%', '9:0.00%']
                                          0msec<-
                                          ->0msec
                                                     -> Cluster 55, loss : 2.28, accuracy 16.06%, model from round 7
                                                     ['0:0.00%', '1:50.40%', '2:0.00%', '3:70.70%', '4:0.00%', '5:0.00%', '6:0.00%', '7:2.30%', '8:3.80%', '9:33.40%']
                                                                                              <-> Client 0, global : from 16.06% to 10.00%, local : from 4.60% to 95.00%, training time : 16200msec
                                                     Cluster 55, round 1, loss : 4.37, accuracy 10.00% <-
                                                     Time past : 16200msec
                                                     ['0:0.00%', '1:0.00%', '2:0.00%', '3:0.00%', '4:0.00%', '5:0.00%', '6:0.00%', '7:100.00%', '8:0.00%', '9:0.00%']
                                          0msec<-
                                          ->0msec
                                                     -> Cluster 81, loss : 2.28, accuracy 16.06%, model from round 7
                                                     ['0:0.00%', '1:50.40%', '2:0.00%', '3:70.70%', '4:0.00%', '5:0.00%', '6:0.00%', '7:2.30%', '8:3.80%', '9:33.40%']
                                                                                              <-> Client 0, global : from 16.06% to 10.00%, local : from 0.40% to 95.00%, training time : 16200msec
                                                     Cluster 81, round 1, loss : 5.06, accuracy 10.00% <-
                                                     Time past : 16200msec
                                                     ['0:0.00%', '1:0.00%', '2:0.00%', '3:0.00%', '4:0.00%', '5:100.00%', '6:0.00%', '7:0.00%', '8:0.00%', '9:0.00%']
                                          0msec<-
                                          ->0msec
                                                     -> Cluster 92, loss : 2.28, accuracy 16.06%, model from round 7
                                                     ['0:0.00%', '1:50.40%', '2:0.00%', '3:70.70%', '4:0.00%', '5:0.00%', '6:0.00%', '7:2.30%', '8:3.80%', '9:33.40%']
                                                                                              <-> Client 0, global : from 16.06% to 10.00%, local : from 0.60% to 95.00%, training time : 16200msec
                                                     Cluster 92, round 1, loss : 4.77, accuracy 10.00% <-
                                                     Time past : 16200msec
                                                     ['0:100.00%', '1:0.00%', '2:0.00%', '3:0.00%', '4:0.00%', '5:0.00%', '6:0.00%', '7:0.00%', '8:0.00%', '9:0.00%']
                                          0msec<-
                                          ->0msec
                                                     -> Cluster 91, loss : 2.28, accuracy 16.06%, model from round 7
                                                     ['0:0.00%', '1:50.40%', '2:0.00%', '3:70.70%', '4:0.00%', '5:0.00%', '6:0.00%', '7:2.30%', '8:3.80%', '9:33.40%']
                                                                                              <-> Client 0, global : from 16.06% to 10.00%, local : from 1.20% to 95.00%, training time : 16200msec
                                                     Cluster 91, round 1, loss : 4.90, accuracy 10.00% <-
                                                     Time past : 16200msec
                                                     ['0:100.00%', '1:0.00%', '2:0.00%', '3:0.00%', '4:0.00%', '5:0.00%', '6:0.00%', '7:0.00%', '8:0.00%', '9:0.00%']
                                          0msec<-
                                          ->0msec
                                                     -> Cluster 30, loss : 2.28, accuracy 16.06%, model from round 7
                                                     ['0:0.00%', '1:50.40%', '2:0.00%', '3:70.70%', '4:0.00%', '5:0.00%', '6:0.00%', '7:2.30%', '8:3.80%', '9:33.40%']
                                                                                              <-> Client 0, global : from 16.06% to 10.00%, local : from 43.31% to 94.81%, training time : 8200msec
                                                     Cluster 30, round 1, loss : 5.05, accuracy 10.00% <-
                                                     Time past : 8200msec
                                                     ['0:0.00%', '1:100.00%', '2:0.00%', '3:0.00%', '4:0.00%', '5:0.00%', '6:0.00%', '7:0.00%', '8:0.00%', '9:0.00%']
                                          0msec<-
                                          ->0msec
                                                     -> Cluster 38, loss : 2.28, accuracy 16.06%, model from round 7
                                                     ['0:0.00%', '1:50.40%', '2:0.00%', '3:70.70%', '4:0.00%', '5:0.00%', '6:0.00%', '7:2.30%', '8:3.80%', '9:33.40%']
                                                                                              <-> Client 0, global : from 16.06% to 10.00%, local : from 47.00% to 95.00%, training time : 8200msec
                                                     Cluster 38, round 1, loss : 5.48, accuracy 10.00% <-
                                                     Time past : 8200msec
                                                     ['0:0.00%', '1:100.00%', '2:0.00%', '3:0.00%', '4:0.00%', '5:0.00%', '6:0.00%', '7:0.00%', '8:0.00%', '9:0.00%']
                                          0msec<-
                                          ->0msec
                                                     -> Cluster 33, loss : 2.28, accuracy 16.06%, model from round 7
                                                     ['0:0.00%', '1:50.40%', '2:0.00%', '3:70.70%', '4:0.00%', '5:0.00%', '6:0.00%', '7:2.30%', '8:3.80%', '9:33.40%']
                                                                                              <-> Client 0, global : from 16.06% to 10.00%, local : from 49.00% to 95.00%, training time : 8200msec
                                                     Cluster 33, round 1, loss : 5.14, accuracy 10.00% <-
                                                     Time past : 8200msec
                                                     ['0:0.00%', '1:100.00%', '2:0.00%', '3:0.00%', '4:0.00%', '5:0.00%', '6:0.00%', '7:0.00%', '8:0.00%', '9:0.00%']
                                          0msec<-
Central server round 7, loss : 2.67, accuracy :10.00%
Time past: 113400msec
['0:0.00%', '1:100.00%', '2:0.00%', '3:0.00%', '4:0.00%', '5:0.00%', '6:0.00%', '7:0.00%', '8:0.00%', '9:0.00%']
                                          ->0msec
                                                     -> Cluster 59, loss : 2.67, accuracy 10.00%, model from round 8
                                                     ['0:0.00%', '1:100.00%', '2:0.00%', '3:0.00%', '4:0.00%', '5:0.00%', '6:0.00%', '7:0.00%', '8:0.00%', '9:0.00%']
                                                                                              <-> Client 0, global : from 10.00% to 10.00%, local : from 0.60% to 95.00%, training time : 16200msec
                                                     Cluster 59, round 1, loss : 4.77, accuracy 10.00% <-
                                                     Time past : 16200msec
                                                     ['0:0.00%', '1:0.00%', '2:0.00%', '3:0.00%', '4:0.00%', '5:0.00%', '6:0.00%', '7:100.00%', '8:0.00%', '9:0.00%']
                                          0msec<-
                                          ->0msec
                                                     -> Cluster 45, loss : 2.67, accuracy 10.00%, model from round 8
                                                     ['0:0.00%', '1:100.00%', '2:0.00%', '3:0.00%', '4:0.00%', '5:0.00%', '6:0.00%', '7:0.00%', '8:0.00%', '9:0.00%']
                                                                                              <-> Client 0, global : from 10.00% to 10.00%, local : from 1.40% to 95.00%, training time : 8200msec
                                                     Cluster 45, round 1, loss : 5.08, accuracy 10.00% <-
                                                     Time past : 8200msec
                                                     ['0:0.00%', '1:0.00%', '2:100.00%', '3:0.00%', '4:0.00%', '5:0.00%', '6:0.00%', '7:0.00%', '8:0.00%', '9:0.00%']
                                          0msec<-
                                          ->0msec
                                                     -> Cluster 86, loss : 2.67, accuracy 10.00%, model from round 8
                                                     ['0:0.00%', '1:100.00%', '2:0.00%', '3:0.00%', '4:0.00%', '5:0.00%', '6:0.00%', '7:0.00%', '8:0.00%', '9:0.00%']
                                                                                              <-> Client 0, global : from 10.00% to 10.00%, local : from 0.40% to 95.19%, training time : 16200msec
                                                     Cluster 86, round 1, loss : 4.79, accuracy 10.00% <-
                                                     Time past : 16200msec
                                                     ['0:0.00%', '1:0.00%', '2:0.00%', '3:0.00%', '4:0.00%', '5:100.00%', '6:0.00%', '7:0.00%', '8:0.00%', '9:0.00%']
                                          0msec<-
                                          ->0msec
                                                     -> Cluster 77, loss : 2.67, accuracy 10.00%, model from round 8
                                                     ['0:0.00%', '1:100.00%', '2:0.00%', '3:0.00%', '4:0.00%', '5:0.00%', '6:0.00%', '7:0.00%', '8:0.00%', '9:0.00%']
                                                                                              <-> Client 0, global : from 10.00% to 10.00%, local : from 0.60% to 95.00%, training time : 16200msec
                                                     Cluster 77, round 1, loss : 5.21, accuracy 10.00% <-
                                                     Time past : 16200msec
                                                     ['0:0.00%', '1:0.00%', '2:0.00%', '3:100.00%', '4:0.00%', '5:0.00%', '6:0.00%', '7:0.00%', '8:0.00%', '9:0.00%']
                                          0msec<-
                                          ->0msec
                                                     -> Cluster 90, loss : 2.67, accuracy 10.00%, model from round 8
                                                     ['0:0.00%', '1:100.00%', '2:0.00%', '3:0.00%', '4:0.00%', '5:0.00%', '6:0.00%', '7:0.00%', '8:0.00%', '9:0.00%']
                                                                                              <-> Client 0, global : from 10.00% to 10.00%, local : from 0.20% to 95.00%, training time : 16200msec
                                                     Cluster 90, round 1, loss : 4.36, accuracy 10.00% <-
                                                     Time past : 16200msec
                                                     ['0:100.00%', '1:0.00%', '2:0.00%', '3:0.00%', '4:0.00%', '5:0.00%', '6:0.00%', '7:0.00%', '8:0.00%', '9:0.00%']
                                          0msec<-
                                          ->0msec
                                                     -> Cluster 35, loss : 2.67, accuracy 10.00%, model from round 8
                                                     ['0:0.00%', '1:100.00%', '2:0.00%', '3:0.00%', '4:0.00%', '5:0.00%', '6:0.00%', '7:0.00%', '8:0.00%', '9:0.00%']
                                                                                              <-> Client 0, global : from 10.00% to 10.00%, local : from 95.00% to 95.00%, training time : 8200msec
                                                     Cluster 35, round 1, loss : 5.47, accuracy 10.00% <-
                                                     Time past : 8200msec
                                                     ['0:0.00%', '1:100.00%', '2:0.00%', '3:0.00%', '4:0.00%', '5:0.00%', '6:0.00%', '7:0.00%', '8:0.00%', '9:0.00%']
                                          0msec<-
                                          ->0msec
                                                     -> Cluster 94, loss : 2.67, accuracy 10.00%, model from round 8
                                                     ['0:0.00%', '1:100.00%', '2:0.00%', '3:0.00%', '4:0.00%', '5:0.00%', '6:0.00%', '7:0.00%', '8:0.00%', '9:0.00%']
                                                                                              <-> Client 0, global : from 10.00% to 10.00%, local : from 0.80% to 95.19%, training time : 16200msec
                                                     Cluster 94, round 1, loss : 4.77, accuracy 10.00% <-
                                                     Time past : 16200msec
                                                     ['0:100.00%', '1:0.00%', '2:0.00%', '3:0.00%', '4:0.00%', '5:0.00%', '6:0.00%', '7:0.00%', '8:0.00%', '9:0.00%']
                                          0msec<-
                                          ->0msec
                                                     -> Cluster 62, loss : 2.67, accuracy 10.00%, model from round 8
                                                     ['0:0.00%', '1:100.00%', '2:0.00%', '3:0.00%', '4:0.00%', '5:0.00%', '6:0.00%', '7:0.00%', '8:0.00%', '9:0.00%']
                                                                                              <-> Client 0, global : from 10.00% to 10.00%, local : from 0.80% to 95.00%, training time : 16200msec
                                                     Cluster 62, round 1, loss : 4.70, accuracy 10.00% <-
                                                     Time past : 16200msec
                                                     ['0:0.00%', '1:0.00%', '2:0.00%', '3:0.00%', '4:0.00%', '5:0.00%', '6:0.00%', '7:0.00%', '8:100.00%', '9:0.00%']
                                          0msec<-
                                          ->0msec
                                                     -> Cluster 2, loss : 2.67, accuracy 10.00%, model from round 8
                                                     ['0:0.00%', '1:100.00%', '2:0.00%', '3:0.00%', '4:0.00%', '5:0.00%', '6:0.00%', '7:0.00%', '8:0.00%', '9:0.00%']
                                                                                              <-> Client 0, global : from 10.00% to 10.00%, local : from 0.40% to 95.00%, training time : 8200msec
                                                     Cluster 2, round 1, loss : 4.68, accuracy 10.00% <-
                                                     Time past : 8200msec
                                                     ['0:0.00%', '1:0.00%', '2:0.00%', '3:0.00%', '4:0.00%', '5:0.00%', '6:100.00%', '7:0.00%', '8:0.00%', '9:0.00%']
                                          0msec<-
                                          ->0msec
                                                     -> Cluster 75, loss : 2.67, accuracy 10.00%, model from round 8
                                                     ['0:0.00%', '1:100.00%', '2:0.00%', '3:0.00%', '4:0.00%', '5:0.00%', '6:0.00%', '7:0.00%', '8:0.00%', '9:0.00%']
                                                                                              <-> Client 0, global : from 10.00% to 10.00%, local : from 0.60% to 95.00%, training time : 16200msec
                                                     Cluster 75, round 1, loss : 4.47, accuracy 10.00% <-
                                                     Time past : 16200msec
                                                     ['0:0.00%', '1:0.00%', '2:0.00%', '3:100.00%', '4:0.00%', '5:0.00%', '6:0.00%', '7:0.00%', '8:0.00%', '9:0.00%']
                                          0msec<-
Central server round 8, loss : 2.28, accuracy :13.89%
Time past: 129600msec
['0:85.30%', '1:0.00%', '2:0.00%', '3:52.10%', '4:0.00%', '5:0.00%', '6:0.00%', '7:0.00%', '8:1.50%', '9:0.00%']
                                          ->0msec
                                                     -> Cluster 40, loss : 2.28, accuracy 13.89%, model from round 9
                                                     ['0:85.30%', '1:0.00%', '2:0.00%', '3:52.10%', '4:0.00%', '5:0.00%', '6:0.00%', '7:0.00%', '8:1.50%', '9:0.00%']
                                                                                              <-> Client 0, global : from 13.89% to 10.00%, local : from 1.00% to 94.81%, training time : 8200msec
                                                     Cluster 40, round 1, loss : 5.04, accuracy 10.00% <-
                                                     Time past : 8200msec
                                                     ['0:0.00%', '1:0.00%', '2:100.00%', '3:0.00%', '4:0.00%', '5:0.00%', '6:0.00%', '7:0.00%', '8:0.00%', '9:0.00%']
                                          0msec<-
                                          ->0msec
                                                     -> Cluster 97, loss : 2.28, accuracy 13.89%, model from round 9
                                                     ['0:85.30%', '1:0.00%', '2:0.00%', '3:52.10%', '4:0.00%', '5:0.00%', '6:0.00%', '7:0.00%', '8:1.50%', '9:0.00%']
                                                                                              <-> Client 0, global : from 13.89% to 10.00%, local : from 79.56% to 95.19%, training time : 16200msec
                                                     Cluster 97, round 1, loss : 4.88, accuracy 10.00% <-
                                                     Time past : 16200msec
                                                     ['0:100.00%', '1:0.00%', '2:0.00%', '3:0.00%', '4:0.00%', '5:0.00%', '6:0.00%', '7:0.00%', '8:0.00%', '9:0.00%']
                                          0msec<-
                                          ->0msec
                                                     -> Cluster 47, loss : 2.28, accuracy 13.89%, model from round 9
                                                     ['0:85.30%', '1:0.00%', '2:0.00%', '3:52.10%', '4:0.00%', '5:0.00%', '6:0.00%', '7:0.00%', '8:1.50%', '9:0.00%']
                                                                                              <-> Client 0, global : from 13.89% to 10.00%, local : from 0.80% to 95.00%, training time : 8200msec
                                                     Cluster 47, round 1, loss : 4.85, accuracy 10.00% <-
                                                     Time past : 8200msec
                                                     ['0:0.00%', '1:0.00%', '2:100.00%', '3:0.00%', '4:0.00%', '5:0.00%', '6:0.00%', '7:0.00%', '8:0.00%', '9:0.00%']
                                          0msec<-
                                          ->0msec
                                                     -> Cluster 76, loss : 2.28, accuracy 13.89%, model from round 9
                                                     ['0:85.30%', '1:0.00%', '2:0.00%', '3:52.10%', '4:0.00%', '5:0.00%', '6:0.00%', '7:0.00%', '8:1.50%', '9:0.00%']
                                                                                              <-> Client 0, global : from 13.89% to 10.00%, local : from 51.80% to 95.00%, training time : 16200msec
                                                     Cluster 76, round 1, loss : 4.21, accuracy 10.00% <-
                                                     Time past : 16200msec
                                                     ['0:0.00%', '1:0.00%', '2:0.00%', '3:100.00%', '4:0.00%', '5:0.00%', '6:0.00%', '7:0.00%', '8:0.00%', '9:0.00%']
                                          0msec<-
                                          ->0msec
                                                     -> Cluster 33, loss : 2.28, accuracy 13.89%, model from round 9
                                                     ['0:85.30%', '1:0.00%', '2:0.00%', '3:52.10%', '4:0.00%', '5:0.00%', '6:0.00%', '7:0.00%', '8:1.50%', '9:0.00%']
                                                                                              <-> Client 0, global : from 13.89% to 10.00%, local : from 1.60% to 95.00%, training time : 8200msec
                                                     Cluster 33, round 1, loss : 4.74, accuracy 10.00% <-
                                                     Time past : 8200msec
                                                     ['0:0.00%', '1:100.00%', '2:0.00%', '3:0.00%', '4:0.00%', '5:0.00%', '6:0.00%', '7:0.00%', '8:0.00%', '9:0.00%']
                                          0msec<-
                                          ->0msec
                                                     -> Cluster 38, loss : 2.28, accuracy 13.89%, model from round 9
                                                     ['0:85.30%', '1:0.00%', '2:0.00%', '3:52.10%', '4:0.00%', '5:0.00%', '6:0.00%', '7:0.00%', '8:1.50%', '9:0.00%']
                                                                                              <-> Client 0, global : from 13.89% to 10.00%, local : from 0.60% to 95.00%, training time : 8200msec
                                                     Cluster 38, round 1, loss : 5.23, accuracy 10.00% <-
                                                     Time past : 8200msec
                                                     ['0:0.00%', '1:100.00%', '2:0.00%', '3:0.00%', '4:0.00%', '5:0.00%', '6:0.00%', '7:0.00%', '8:0.00%', '9:0.00%']
                                          0msec<-
                                          ->0msec
                                                     -> Cluster 48, loss : 2.28, accuracy 13.89%, model from round 9
                                                     ['0:85.30%', '1:0.00%', '2:0.00%', '3:52.10%', '4:0.00%', '5:0.00%', '6:0.00%', '7:0.00%', '8:1.50%', '9:0.00%']
                                                                                              <-> Client 0, global : from 13.89% to 10.00%, local : from 0.60% to 95.00%, training time : 8200msec
                                                     Cluster 48, round 1, loss : 5.11, accuracy 10.00% <-
                                                     Time past : 8200msec
                                                     ['0:0.00%', '1:0.00%', '2:100.00%', '3:0.00%', '4:0.00%', '5:0.00%', '6:0.00%', '7:0.00%', '8:0.00%', '9:0.00%']
                                          0msec<-
                                          ->0msec
                                                     -> Cluster 13, loss : 2.28, accuracy 13.89%, model from round 9
                                                     ['0:85.30%', '1:0.00%', '2:0.00%', '3:52.10%', '4:0.00%', '5:0.00%', '6:0.00%', '7:0.00%', '8:1.50%', '9:0.00%']
                                                                                              <-> Client 0, global : from 13.89% to 10.00%, local : from 0.60% to 95.00%, training time : 8200msec
                                                     Cluster 13, round 1, loss : 3.58, accuracy 10.00% <-
                                                     Time past : 8200msec
                                                     ['0:0.00%', '1:0.00%', '2:0.00%', '3:0.00%', '4:0.00%', '5:0.00%', '6:0.00%', '7:0.00%', '8:0.00%', '9:100.00%']
                                          0msec<-
                                          ->0msec
                                                     -> Cluster 98, loss : 2.28, accuracy 13.89%, model from round 9
                                                     ['0:85.30%', '1:0.00%', '2:0.00%', '3:52.10%', '4:0.00%', '5:0.00%', '6:0.00%', '7:0.00%', '8:1.50%', '9:0.00%']
                                                                                              <-> Client 0, global : from 13.89% to 10.00%, local : from 80.96% to 95.19%, training time : 16200msec
                                                     Cluster 98, round 1, loss : 4.78, accuracy 10.00% <-
                                                     Time past : 16200msec
                                                     ['0:100.00%', '1:0.00%', '2:0.00%', '3:0.00%', '4:0.00%', '5:0.00%', '6:0.00%', '7:0.00%', '8:0.00%', '9:0.00%']
                                          0msec<-
                                          ->0msec
                                                     -> Cluster 3, loss : 2.28, accuracy 13.89%, model from round 9
                                                     ['0:85.30%', '1:0.00%', '2:0.00%', '3:52.10%', '4:0.00%', '5:0.00%', '6:0.00%', '7:0.00%', '8:1.50%', '9:0.00%']
                                                                                              <-> Client 0, global : from 13.89% to 10.00%, local : from 0.60% to 95.00%, training time : 8200msec
                                                     Cluster 3, round 1, loss : 4.97, accuracy 10.00% <-
                                                     Time past : 8200msec
                                                     ['0:0.00%', '1:0.00%', '2:0.00%', '3:0.00%', '4:0.00%', '5:0.00%', '6:100.00%', '7:0.00%', '8:0.00%', '9:0.00%']
                                          0msec<-
Central server round 9, loss : 2.41, accuracy :10.00%
Time past: 145800msec
['0:0.00%', '1:0.00%', '2:100.00%', '3:0.00%', '4:0.00%', '5:0.00%', '6:0.00%', '7:0.00%', '8:0.00%', '9:0.00%']
                                          ->0msec
                                                     -> Cluster 76, loss : 2.41, accuracy 10.00%, model from round 10
                                                     ['0:0.00%', '1:0.00%', '2:100.00%', '3:0.00%', '4:0.00%', '5:0.00%', '6:0.00%', '7:0.00%', '8:0.00%', '9:0.00%']
                                                                                              <-> Client 0, global : from 10.00% to 10.00%, local : from 0.40% to 95.00%, training time : 16200msec
                                                     Cluster 76, round 1, loss : 4.57, accuracy 10.00% <-
                                                     Time past : 16200msec
                                                     ['0:0.00%', '1:0.00%', '2:0.00%', '3:100.00%', '4:0.00%', '5:0.00%', '6:0.00%', '7:0.00%', '8:0.00%', '9:0.00%']
                                          0msec<-
                                          ->0msec
                                                     -> Cluster 41, loss : 2.41, accuracy 10.00%, model from round 10
                                                     ['0:0.00%', '1:0.00%', '2:100.00%', '3:0.00%', '4:0.00%', '5:0.00%', '6:0.00%', '7:0.00%', '8:0.00%', '9:0.00%']
                                                                                              <-> Client 0, global : from 10.00% to 10.00%, local : from 94.81% to 94.81%, training time : 8200msec
                                                     Cluster 41, round 1, loss : 5.10, accuracy 10.00% <-
                                                     Time past : 8200msec
                                                     ['0:0.00%', '1:0.00%', '2:100.00%', '3:0.00%', '4:0.00%', '5:0.00%', '6:0.00%', '7:0.00%', '8:0.00%', '9:0.00%']
                                          0msec<-
                                          ->0msec
                                                     -> Cluster 42, loss : 2.41, accuracy 10.00%, model from round 10
                                                     ['0:0.00%', '1:0.00%', '2:100.00%', '3:0.00%', '4:0.00%', '5:0.00%', '6:0.00%', '7:0.00%', '8:0.00%', '9:0.00%']
                                                                                              <-> Client 0, global : from 10.00% to 10.00%, local : from 95.00% to 95.00%, training time : 8200msec
                                                     Cluster 42, round 1, loss : 5.62, accuracy 10.00% <-
                                                     Time past : 8200msec
                                                     ['0:0.00%', '1:0.00%', '2:100.00%', '3:0.00%', '4:0.00%', '5:0.00%', '6:0.00%', '7:0.00%', '8:0.00%', '9:0.00%']
                                          0msec<-
                                          ->0msec
                                                     -> Cluster 86, loss : 2.41, accuracy 10.00%, model from round 10
                                                     ['0:0.00%', '1:0.00%', '2:100.00%', '3:0.00%', '4:0.00%', '5:0.00%', '6:0.00%', '7:0.00%', '8:0.00%', '9:0.00%']
                                                                                              <-> Client 0, global : from 10.00% to 10.00%, local : from 0.60% to 95.19%, training time : 16200msec
                                                     Cluster 86, round 1, loss : 4.45, accuracy 10.00% <-
                                                     Time past : 16200msec
                                                     ['0:0.00%', '1:0.00%', '2:0.00%', '3:0.00%', '4:0.00%', '5:100.00%', '6:0.00%', '7:0.00%', '8:0.00%', '9:0.00%']
                                          0msec<-
                                          ->0msec
                                                     -> Cluster 28, loss : 2.41, accuracy 10.00%, model from round 10
                                                     ['0:0.00%', '1:0.00%', '2:100.00%', '3:0.00%', '4:0.00%', '5:0.00%', '6:0.00%', '7:0.00%', '8:0.00%', '9:0.00%']
                                                                                              <-> Client 0, global : from 10.00% to 10.00%, local : from 0.80% to 95.00%, training time : 8200msec
                                                     Cluster 28, round 1, loss : 5.10, accuracy 10.00% <-
                                                     Time past : 8200msec
                                                     ['0:0.00%', '1:0.00%', '2:0.00%', '3:0.00%', '4:100.00%', '5:0.00%', '6:0.00%', '7:0.00%', '8:0.00%', '9:0.00%']
                                          0msec<-
                                          ->0msec
                                                     -> Cluster 56, loss : 2.41, accuracy 10.00%, model from round 10
                                                     ['0:0.00%', '1:0.00%', '2:100.00%', '3:0.00%', '4:0.00%', '5:0.00%', '6:0.00%', '7:0.00%', '8:0.00%', '9:0.00%']
                                                                                              <-> Client 0, global : from 10.00% to 10.00%, local : from 0.80% to 95.00%, training time : 16200msec
                                                     Cluster 56, round 1, loss : 5.01, accuracy 10.00% <-
                                                     Time past : 16200msec
                                                     ['0:0.00%', '1:0.00%', '2:0.00%', '3:0.00%', '4:0.00%', '5:0.00%', '6:0.00%', '7:100.00%', '8:0.00%', '9:0.00%']
                                          0msec<-
                                          ->0msec
                                                     -> Cluster 21, loss : 2.41, accuracy 10.00%, model from round 10
                                                     ['0:0.00%', '1:0.00%', '2:100.00%', '3:0.00%', '4:0.00%', '5:0.00%', '6:0.00%', '7:0.00%', '8:0.00%', '9:0.00%']
                                                                                              <-> Client 0, global : from 10.00% to 10.00%, local : from 1.00% to 94.81%, training time : 8200msec
                                                     Cluster 21, round 1, loss : 4.30, accuracy 10.00% <-
                                                     Time past : 8200msec
                                                     ['0:0.00%', '1:0.00%', '2:0.00%', '3:0.00%', '4:100.00%', '5:0.00%', '6:0.00%', '7:0.00%', '8:0.00%', '9:0.00%']
                                          0msec<-
                                          ->0msec
                                                     -> Cluster 10, loss : 2.41, accuracy 10.00%, model from round 10
                                                     ['0:0.00%', '1:0.00%', '2:100.00%', '3:0.00%', '4:0.00%', '5:0.00%', '6:0.00%', '7:0.00%', '8:0.00%', '9:0.00%']
                                                                                              <-> Client 0, global : from 10.00% to 10.00%, local : from 1.40% to 94.81%, training time : 8200msec
                                                     Cluster 10, round 1, loss : 4.93, accuracy 10.00% <-
                                                     Time past : 8200msec
                                                     ['0:0.00%', '1:0.00%', '2:0.00%', '3:0.00%', '4:0.00%', '5:0.00%', '6:0.00%', '7:0.00%', '8:0.00%', '9:100.00%']
                                          0msec<-
                                          ->0msec
                                                     -> Cluster 43, loss : 2.41, accuracy 10.00%, model from round 10
                                                     ['0:0.00%', '1:0.00%', '2:100.00%', '3:0.00%', '4:0.00%', '5:0.00%', '6:0.00%', '7:0.00%', '8:0.00%', '9:0.00%']
                                                                                              <-> Client 0, global : from 10.00% to 10.00%, local : from 95.00% to 95.00%, training time : 8200msec
                                                     Cluster 43, round 1, loss : 5.08, accuracy 10.00% <-
                                                     Time past : 8200msec
                                                     ['0:0.00%', '1:0.00%', '2:100.00%', '3:0.00%', '4:0.00%', '5:0.00%', '6:0.00%', '7:0.00%', '8:0.00%', '9:0.00%']
                                          0msec<-
                                          ->0msec
                                                     -> Cluster 94, loss : 2.41, accuracy 10.00%, model from round 10
                                                     ['0:0.00%', '1:0.00%', '2:100.00%', '3:0.00%', '4:0.00%', '5:0.00%', '6:0.00%', '7:0.00%', '8:0.00%', '9:0.00%']
                                                                                              <-> Client 0, global : from 10.00% to 10.00%, local : from 0.40% to 95.19%, training time : 16200msec
                                                     Cluster 94, round 1, loss : 4.81, accuracy 10.00% <-
                                                     Time past : 16200msec
                                                     ['0:100.00%', '1:0.00%', '2:0.00%', '3:0.00%', '4:0.00%', '5:0.00%', '6:0.00%', '7:0.00%', '8:0.00%', '9:0.00%']
                                          0msec<-
Central server round 10, loss : 2.41, accuracy :10.04%
Time past: 162000msec
['0:0.00%', '1:0.00%', '2:99.90%', '3:0.00%', '4:0.00%', '5:0.00%', '6:0.00%', '7:0.00%', '8:0.00%', '9:0.50%']
                                          ->0msec
                                                     -> Cluster 43, loss : 2.41, accuracy 10.04%, model from round 11
                                                     ['0:0.00%', '1:0.00%', '2:99.90%', '3:0.00%', '4:0.00%', '5:0.00%', '6:0.00%', '7:0.00%', '8:0.00%', '9:0.50%']
                                                                                              <-> Client 0, global : from 10.04% to 10.00%, local : from 95.00% to 95.00%, training time : 8200msec
                                                     Cluster 43, round 1, loss : 4.41, accuracy 10.00% <-
                                                     Time past : 8200msec
                                                     ['0:0.00%', '1:0.00%', '2:100.00%', '3:0.00%', '4:0.00%', '5:0.00%', '6:0.00%', '7:0.00%', '8:0.00%', '9:0.00%']
                                          0msec<-
                                          ->0msec
                                                     -> Cluster 82, loss : 2.41, accuracy 10.04%, model from round 11
                                                     ['0:0.00%', '1:0.00%', '2:99.90%', '3:0.00%', '4:0.00%', '5:0.00%', '6:0.00%', '7:0.00%', '8:0.00%', '9:0.50%']
                                                                                              <-> Client 0, global : from 10.04% to 10.00%, local : from 0.40% to 95.00%, training time : 16200msec
                                                     Cluster 82, round 1, loss : 4.31, accuracy 10.00% <-
                                                     Time past : 16200msec
                                                     ['0:0.00%', '1:0.00%', '2:0.00%', '3:0.00%', '4:0.00%', '5:100.00%', '6:0.00%', '7:0.00%', '8:0.00%', '9:0.00%']
                                          0msec<-
                                          ->0msec
                                                     -> Cluster 10, loss : 2.41, accuracy 10.04%, model from round 11
                                                     ['0:0.00%', '1:0.00%', '2:99.90%', '3:0.00%', '4:0.00%', '5:0.00%', '6:0.00%', '7:0.00%', '8:0.00%', '9:0.50%']
                                                                                              <-> Client 0, global : from 10.04% to 10.00%, local : from 2.00% to 94.81%, training time : 8200msec
                                                     Cluster 10, round 1, loss : 3.95, accuracy 10.00% <-
                                                     Time past : 8200msec
                                                     ['0:0.00%', '1:0.00%', '2:0.00%', '3:0.00%', '4:0.00%', '5:0.00%', '6:0.00%', '7:0.00%', '8:0.00%', '9:100.00%']
                                          0msec<-
                                          ->0msec
                                                     -> Cluster 79, loss : 2.41, accuracy 10.04%, model from round 11
                                                     ['0:0.00%', '1:0.00%', '2:99.90%', '3:0.00%', '4:0.00%', '5:0.00%', '6:0.00%', '7:0.00%', '8:0.00%', '9:0.50%']
                                                                                              <-> Client 0, global : from 10.04% to 10.00%, local : from 0.60% to 95.00%, training time : 16200msec
                                                     Cluster 79, round 1, loss : 5.44, accuracy 10.00% <-
                                                     Time past : 16200msec
                                                     ['0:0.00%', '1:0.00%', '2:0.00%', '3:100.00%', '4:0.00%', '5:0.00%', '6:0.00%', '7:0.00%', '8:0.00%', '9:0.00%']
                                          0msec<-
                                          ->0msec
                                                     -> Cluster 44, loss : 2.41, accuracy 10.04%, model from round 11
                                                     ['0:0.00%', '1:0.00%', '2:99.90%', '3:0.00%', '4:0.00%', '5:0.00%', '6:0.00%', '7:0.00%', '8:0.00%', '9:0.50%']
                                                                                              <-> Client 0, global : from 10.04% to 10.00%, local : from 94.80% to 95.00%, training time : 8200msec
                                                     Cluster 44, round 1, loss : 5.57, accuracy 10.00% <-
                                                     Time past : 8200msec
                                                     ['0:0.00%', '1:0.00%', '2:100.00%', '3:0.00%', '4:0.00%', '5:0.00%', '6:0.00%', '7:0.00%', '8:0.00%', '9:0.00%']
                                          0msec<-
                                          ->0msec
                                                     -> Cluster 75, loss : 2.41, accuracy 10.04%, model from round 11
                                                     ['0:0.00%', '1:0.00%', '2:99.90%', '3:0.00%', '4:0.00%', '5:0.00%', '6:0.00%', '7:0.00%', '8:0.00%', '9:0.50%']
                                                                                              <-> Client 0, global : from 10.04% to 10.00%, local : from 0.80% to 95.00%, training time : 16200msec
                                                     Cluster 75, round 1, loss : 4.80, accuracy 10.00% <-
                                                     Time past : 16200msec
                                                     ['0:0.00%', '1:0.00%', '2:0.00%', '3:100.00%', '4:0.00%', '5:0.00%', '6:0.00%', '7:0.00%', '8:0.00%', '9:0.00%']
                                          0msec<-
                                          ->0msec
                                                     -> Cluster 16, loss : 2.41, accuracy 10.04%, model from round 11
                                                     ['0:0.00%', '1:0.00%', '2:99.90%', '3:0.00%', '4:0.00%', '5:0.00%', '6:0.00%', '7:0.00%', '8:0.00%', '9:0.50%']
                                                                                              <-> Client 0, global : from 10.04% to 10.00%, local : from 2.00% to 95.00%, training time : 8200msec
                                                     Cluster 16, round 1, loss : 4.49, accuracy 10.00% <-
                                                     Time past : 8200msec
                                                     ['0:0.00%', '1:0.00%', '2:0.00%', '3:0.00%', '4:0.00%', '5:0.00%', '6:0.00%', '7:0.00%', '8:0.00%', '9:100.00%']
                                          0msec<-
                                          ->0msec
                                                     -> Cluster 53, loss : 2.41, accuracy 10.04%, model from round 11
                                                     ['0:0.00%', '1:0.00%', '2:99.90%', '3:0.00%', '4:0.00%', '5:0.00%', '6:0.00%', '7:0.00%', '8:0.00%', '9:0.50%']
                                                                                              <-> Client 0, global : from 10.04% to 10.00%, local : from 0.20% to 95.00%, training time : 16200msec
                                                     Cluster 53, round 1, loss : 4.34, accuracy 10.00% <-
                                                     Time past : 16200msec
                                                     ['0:0.00%', '1:0.00%', '2:0.00%', '3:0.00%', '4:0.00%', '5:0.00%', '6:0.00%', '7:100.00%', '8:0.00%', '9:0.00%']
                                          0msec<-
                                          ->0msec
                                                     -> Cluster 37, loss : 2.41, accuracy 10.04%, model from round 11
                                                     ['0:0.00%', '1:0.00%', '2:99.90%', '3:0.00%', '4:0.00%', '5:0.00%', '6:0.00%', '7:0.00%', '8:0.00%', '9:0.50%']
                                                                                              <-> Client 0, global : from 10.04% to 10.00%, local : from 0.60% to 95.00%, training time : 8200msec
                                                     Cluster 37, round 1, loss : 4.88, accuracy 10.00% <-
                                                     Time past : 8200msec
                                                     ['0:0.00%', '1:100.00%', '2:0.00%', '3:0.00%', '4:0.00%', '5:0.00%', '6:0.00%', '7:0.00%', '8:0.00%', '9:0.00%']
                                          0msec<-
                                          ->0msec
                                                     -> Cluster 66, loss : 2.41, accuracy 10.04%, model from round 11
                                                     ['0:0.00%', '1:0.00%', '2:99.90%', '3:0.00%', '4:0.00%', '5:0.00%', '6:0.00%', '7:0.00%', '8:0.00%', '9:0.50%']
                                                                                              <-> Client 0, global : from 10.04% to 10.00%, local : from 0.00% to 95.00%, training time : 16200msec
                                                     Cluster 66, round 1, loss : 4.18, accuracy 10.00% <-
                                                     Time past : 16200msec
                                                     ['0:0.00%', '1:0.00%', '2:0.00%', '3:0.00%', '4:0.00%', '5:0.00%', '6:0.00%', '7:0.00%', '8:100.00%', '9:0.00%']
                                          0msec<-
Central server round 11, loss : 2.26, accuracy :16.73%
Time past: 178200msec
['0:0.00%', '1:0.00%', '2:19.30%', '3:66.50%', '4:0.00%', '5:0.00%', '6:0.00%', '7:0.00%', '8:9.70%', '9:71.80%']
                                          ->0msec
                                                     -> Cluster 25, loss : 2.26, accuracy 16.73%, model from round 12
                                                     ['0:0.00%', '1:0.00%', '2:19.30%', '3:66.50%', '4:0.00%', '5:0.00%', '6:0.00%', '7:0.00%', '8:9.70%', '9:71.80%']
                                                                                              <-> Client 0, global : from 16.73% to 10.00%, local : from 0.60% to 95.00%, training time : 8200msec
                                                     Cluster 25, round 1, loss : 4.37, accuracy 10.00% <-
                                                     Time past : 8200msec
                                                     ['0:0.00%', '1:0.00%', '2:0.00%', '3:0.00%', '4:100.00%', '5:0.00%', '6:0.00%', '7:0.00%', '8:0.00%', '9:0.00%']
                                          0msec<-
                                          ->0msec
                                                     -> Cluster 0, loss : 2.26, accuracy 16.73%, model from round 12
                                                     ['0:0.00%', '1:0.00%', '2:19.30%', '3:66.50%', '4:0.00%', '5:0.00%', '6:0.00%', '7:0.00%', '8:9.70%', '9:71.80%']
                                                                                              <-> Client 0, global : from 16.73% to 10.00%, local : from 1.20% to 94.81%, training time : 8200msec
                                                     Cluster 0, round 1, loss : 4.76, accuracy 10.00% <-
                                                     Time past : 8200msec
                                                     ['0:0.00%', '1:0.00%', '2:0.00%', '3:0.00%', '4:0.00%', '5:0.00%', '6:100.00%', '7:0.00%', '8:0.00%', '9:0.00%']
                                          0msec<-
                                          ->0msec
                                                     -> Cluster 61, loss : 2.26, accuracy 16.73%, model from round 12
                                                     ['0:0.00%', '1:0.00%', '2:19.30%', '3:66.50%', '4:0.00%', '5:0.00%', '6:0.00%', '7:0.00%', '8:9.70%', '9:71.80%']
                                                                                              <-> Client 0, global : from 16.73% to 10.00%, local : from 10.98% to 94.81%, training time : 16200msec
                                                     Cluster 61, round 1, loss : 4.59, accuracy 10.00% <-
                                                     Time past : 16200msec
                                                     ['0:0.00%', '1:0.00%', '2:0.00%', '3:0.00%', '4:0.00%', '5:0.00%', '6:0.00%', '7:0.00%', '8:100.00%', '9:0.00%']
                                          0msec<-
                                          ->0msec
                                                     -> Cluster 79, loss : 2.26, accuracy 16.73%, model from round 12
                                                     ['0:0.00%', '1:0.00%', '2:19.30%', '3:66.50%', '4:0.00%', '5:0.00%', '6:0.00%', '7:0.00%', '8:9.70%', '9:71.80%']
                                                                                              <-> Client 0, global : from 16.73% to 10.00%, local : from 59.60% to 95.00%, training time : 16200msec
                                                     Cluster 79, round 1, loss : 4.74, accuracy 10.00% <-
                                                     Time past : 16200msec
                                                     ['0:0.00%', '1:0.00%', '2:0.00%', '3:100.00%', '4:0.00%', '5:0.00%', '6:0.00%', '7:0.00%', '8:0.00%', '9:0.00%']
                                          0msec<-
                                          ->0msec
                                                     -> Cluster 65, loss : 2.26, accuracy 16.73%, model from round 12
                                                     ['0:0.00%', '1:0.00%', '2:19.30%', '3:66.50%', '4:0.00%', '5:0.00%', '6:0.00%', '7:0.00%', '8:9.70%', '9:71.80%']
                                                                                              <-> Client 0, global : from 16.73% to 10.00%, local : from 7.20% to 95.00%, training time : 16200msec
                                                     Cluster 65, round 1, loss : 3.92, accuracy 10.00% <-
                                                     Time past : 16200msec
                                                     ['0:0.00%', '1:0.00%', '2:0.00%', '3:0.00%', '4:0.00%', '5:0.00%', '6:0.00%', '7:0.00%', '8:100.00%', '9:0.00%']
                                          0msec<-
                                          ->0msec
                                                     -> Cluster 55, loss : 2.26, accuracy 16.73%, model from round 12
                                                     ['0:0.00%', '1:0.00%', '2:19.30%', '3:66.50%', '4:0.00%', '5:0.00%', '6:0.00%', '7:0.00%', '8:9.70%', '9:71.80%']
                                                                                              <-> Client 0, global : from 16.73% to 10.00%, local : from 1.00% to 95.00%, training time : 16200msec
                                                     Cluster 55, round 1, loss : 4.38, accuracy 10.00% <-
                                                     Time past : 16200msec
                                                     ['0:0.00%', '1:0.00%', '2:0.00%', '3:0.00%', '4:0.00%', '5:0.00%', '6:0.00%', '7:100.00%', '8:0.00%', '9:0.00%']
                                          0msec<-
                                          ->0msec
                                                     -> Cluster 71, loss : 2.26, accuracy 16.73%, model from round 12
                                                     ['0:0.00%', '1:0.00%', '2:19.30%', '3:66.50%', '4:0.00%', '5:0.00%', '6:0.00%', '7:0.00%', '8:9.70%', '9:71.80%']
                                                                                              <-> Client 0, global : from 16.73% to 10.00%, local : from 69.40% to 95.00%, training time : 16200msec
                                                     Cluster 71, round 1, loss : 4.93, accuracy 10.00% <-
                                                     Time past : 16200msec
                                                     ['0:0.00%', '1:0.00%', '2:0.00%', '3:100.00%', '4:0.00%', '5:0.00%', '6:0.00%', '7:0.00%', '8:0.00%', '9:0.00%']
                                          0msec<-
                                          ->0msec
                                                     -> Cluster 91, loss : 2.26, accuracy 16.73%, model from round 12
                                                     ['0:0.00%', '1:0.00%', '2:19.30%', '3:66.50%', '4:0.00%', '5:0.00%', '6:0.00%', '7:0.00%', '8:9.70%', '9:71.80%']
                                                                                              <-> Client 0, global : from 16.73% to 10.00%, local : from 0.60% to 95.00%, training time : 16200msec
                                                     Cluster 91, round 1, loss : 4.45, accuracy 10.00% <-
                                                     Time past : 16200msec
                                                     ['0:100.00%', '1:0.00%', '2:0.00%', '3:0.00%', '4:0.00%', '5:0.00%', '6:0.00%', '7:0.00%', '8:0.00%', '9:0.00%']
                                          0msec<-
                                          ->0msec
                                                     -> Cluster 28, loss : 2.26, accuracy 16.73%, model from round 12
                                                     ['0:0.00%', '1:0.00%', '2:19.30%', '3:66.50%', '4:0.00%', '5:0.00%', '6:0.00%', '7:0.00%', '8:9.70%', '9:71.80%']
                                                                                              <-> Client 0, global : from 16.73% to 10.00%, local : from 1.40% to 95.00%, training time : 8200msec
                                                     Cluster 28, round 1, loss : 4.80, accuracy 10.00% <-
                                                     Time past : 8200msec
                                                     ['0:0.00%', '1:0.00%', '2:0.00%', '3:0.00%', '4:100.00%', '5:0.00%', '6:0.00%', '7:0.00%', '8:0.00%', '9:0.00%']
                                          0msec<-
                                          ->0msec
                                                     -> Cluster 4, loss : 2.26, accuracy 16.73%, model from round 12
                                                     ['0:0.00%', '1:0.00%', '2:19.30%', '3:66.50%', '4:0.00%', '5:0.00%', '6:0.00%', '7:0.00%', '8:9.70%', '9:71.80%']
                                                                                              <-> Client 0, global : from 16.73% to 10.00%, local : from 0.20% to 95.00%, training time : 8200msec
                                                     Cluster 4, round 1, loss : 4.98, accuracy 10.00% <-
                                                     Time past : 8200msec
                                                     ['0:0.00%', '1:0.00%', '2:0.00%', '3:0.00%', '4:0.00%', '5:0.00%', '6:100.00%', '7:0.00%', '8:0.00%', '9:0.00%']
                                          0msec<-
Central server round 12, loss : 2.25, accuracy :15.98%
Time past: 194400msec
['0:0.00%', '1:0.00%', '2:0.00%', '3:55.20%', '4:22.50%', '5:0.00%', '6:7.10%', '7:0.00%', '8:74.60%', '9:0.40%']
                                          ->0msec
                                                     -> Cluster 88, loss : 2.25, accuracy 15.98%, model from round 13
                                                     ['0:0.00%', '1:0.00%', '2:0.00%', '3:55.20%', '4:22.50%', '5:0.00%', '6:7.10%', '7:0.00%', '8:74.60%', '9:0.40%']
                                                                                              <-> Client 0, global : from 15.98% to 10.00%, local : from 1.40% to 95.19%, training time : 16200msec
                                                     Cluster 88, round 1, loss : 5.22, accuracy 10.00% <-
                                                     Time past : 16200msec
                                                     ['0:0.00%', '1:0.00%', '2:0.00%', '3:0.00%', '4:0.00%', '5:100.00%', '6:0.00%', '7:0.00%', '8:0.00%', '9:0.00%']
                                          0msec<-
                                          ->0msec
                                                     -> Cluster 65, loss : 2.25, accuracy 15.98%, model from round 13
                                                     ['0:0.00%', '1:0.00%', '2:0.00%', '3:55.20%', '4:22.50%', '5:0.00%', '6:7.10%', '7:0.00%', '8:74.60%', '9:0.40%']
                                                                                              <-> Client 0, global : from 15.98% to 10.00%, local : from 69.20% to 95.00%, training time : 16200msec
                                                     Cluster 65, round 1, loss : 3.95, accuracy 10.00% <-
                                                     Time past : 16200msec
                                                     ['0:0.00%', '1:0.00%', '2:0.00%', '3:0.00%', '4:0.00%', '5:0.00%', '6:0.00%', '7:0.00%', '8:100.00%', '9:0.00%']
                                          0msec<-
                                          ->0msec
                                                     -> Cluster 25, loss : 2.25, accuracy 15.98%, model from round 13
                                                     ['0:0.00%', '1:0.00%', '2:0.00%', '3:55.20%', '4:22.50%', '5:0.00%', '6:7.10%', '7:0.00%', '8:74.60%', '9:0.40%']
                                                                                              <-> Client 0, global : from 15.98% to 10.00%, local : from 19.80% to 95.00%, training time : 8200msec
                                                     Cluster 25, round 1, loss : 4.98, accuracy 10.00% <-
                                                     Time past : 8200msec
                                                     ['0:0.00%', '1:0.00%', '2:0.00%', '3:0.00%', '4:100.00%', '5:0.00%', '6:0.00%', '7:0.00%', '8:0.00%', '9:0.00%']
                                          0msec<-
                                          ->0msec
                                                     -> Cluster 55, loss : 2.25, accuracy 15.98%, model from round 13
                                                     ['0:0.00%', '1:0.00%', '2:0.00%', '3:55.20%', '4:22.50%', '5:0.00%', '6:7.10%', '7:0.00%', '8:74.60%', '9:0.40%']
                                                                                              <-> Client 0, global : from 15.98% to 10.00%, local : from 0.80% to 95.00%, training time : 16200msec
                                                     Cluster 55, round 1, loss : 4.74, accuracy 10.00% <-
                                                     Time past : 16200msec
                                                     ['0:0.00%', '1:0.00%', '2:0.00%', '3:0.00%', '4:0.00%', '5:0.00%', '6:0.00%', '7:100.00%', '8:0.00%', '9:0.00%']
                                          0msec<-
                                          ->0msec
                                                     -> Cluster 73, loss : 2.25, accuracy 15.98%, model from round 13
                                                     ['0:0.00%', '1:0.00%', '2:0.00%', '3:55.20%', '4:22.50%', '5:0.00%', '6:7.10%', '7:0.00%', '8:74.60%', '9:0.40%']
                                                                                              <-> Client 0, global : from 15.98% to 10.00%, local : from 52.80% to 95.00%, training time : 16200msec
                                                     Cluster 73, round 1, loss : 4.33, accuracy 10.00% <-
                                                     Time past : 16200msec
                                                     ['0:0.00%', '1:0.00%', '2:0.00%', '3:100.00%', '4:0.00%', '5:0.00%', '6:0.00%', '7:0.00%', '8:0.00%', '9:0.00%']
                                          0msec<-
                                          ->0msec
                                                     -> Cluster 6, loss : 2.25, accuracy 15.98%, model from round 13
                                                     ['0:0.00%', '1:0.00%', '2:0.00%', '3:55.20%', '4:22.50%', '5:0.00%', '6:7.10%', '7:0.00%', '8:74.60%', '9:0.40%']
                                                                                              <-> Client 0, global : from 15.98% to 10.00%, local : from 7.80% to 95.00%, training time : 8200msec
                                                     Cluster 6, round 1, loss : 5.26, accuracy 10.00% <-
                                                     Time past : 8200msec
                                                     ['0:0.00%', '1:0.00%', '2:0.00%', '3:0.00%', '4:0.00%', '5:0.00%', '6:100.00%', '7:0.00%', '8:0.00%', '9:0.00%']
                                          0msec<-
                                          ->0msec
                                                     -> Cluster 1, loss : 2.25, accuracy 15.98%, model from round 13
                                                     ['0:0.00%', '1:0.00%', '2:0.00%', '3:55.20%', '4:22.50%', '5:0.00%', '6:7.10%', '7:0.00%', '8:74.60%', '9:0.40%']
                                                                                              <-> Client 0, global : from 15.98% to 10.00%, local : from 8.98% to 94.81%, training time : 8200msec
                                                     Cluster 1, round 1, loss : 4.16, accuracy 10.00% <-
                                                     Time past : 8200msec
                                                     ['0:0.00%', '1:0.00%', '2:0.00%', '3:0.00%', '4:0.00%', '5:0.00%', '6:100.00%', '7:0.00%', '8:0.00%', '9:0.00%']
                                          0msec<-
                                          ->0msec
                                                     -> Cluster 61, loss : 2.25, accuracy 15.98%, model from round 13
                                                     ['0:0.00%', '1:0.00%', '2:0.00%', '3:55.20%', '4:22.50%', '5:0.00%', '6:7.10%', '7:0.00%', '8:74.60%', '9:0.40%']
                                                                                              <-> Client 0, global : from 15.98% to 10.00%, local : from 73.85% to 94.81%, training time : 16200msec
                                                     Cluster 61, round 1, loss : 4.16, accuracy 10.00% <-
                                                     Time past : 16200msec
                                                     ['0:0.00%', '1:0.00%', '2:0.00%', '3:0.00%', '4:0.00%', '5:0.00%', '6:0.00%', '7:0.00%', '8:100.00%', '9:0.00%']
                                          0msec<-
                                          ->0msec
                                                     -> Cluster 95, loss : 2.25, accuracy 15.98%, model from round 13
                                                     ['0:0.00%', '1:0.00%', '2:0.00%', '3:55.20%', '4:22.50%', '5:0.00%', '6:7.10%', '7:0.00%', '8:74.60%', '9:0.40%']
                                                                                              <-> Client 0, global : from 15.98% to 10.00%, local : from 0.80% to 95.19%, training time : 16200msec
                                                     Cluster 95, round 1, loss : 4.51, accuracy 10.00% <-
                                                     Time past : 16200msec
                                                     ['0:100.00%', '1:0.00%', '2:0.00%', '3:0.00%', '4:0.00%', '5:0.00%', '6:0.00%', '7:0.00%', '8:0.00%', '9:0.00%']
                                          0msec<-
                                          ->0msec
                                                     -> Cluster 15, loss : 2.25, accuracy 15.98%, model from round 13
                                                     ['0:0.00%', '1:0.00%', '2:0.00%', '3:55.20%', '4:22.50%', '5:0.00%', '6:7.10%', '7:0.00%', '8:74.60%', '9:0.40%']
                                                                                              <-> Client 0, global : from 15.98% to 10.00%, local : from 2.00% to 95.00%, training time : 8200msec
                                                     Cluster 15, round 1, loss : 4.26, accuracy 10.00% <-
                                                     Time past : 8200msec
                                                     ['0:0.00%', '1:0.00%', '2:0.00%', '3:0.00%', '4:0.00%', '5:0.00%', '6:0.00%', '7:0.00%', '8:0.00%', '9:100.00%']
                                          0msec<-
Central server round 13, loss : 2.22, accuracy :21.04%
Time past: 210600msec
['0:0.00%', '1:0.00%', '2:0.00%', '3:0.00%', '4:0.00%', '5:37.70%', '6:66.30%', '7:4.10%', '8:69.20%', '9:33.10%']
                                          ->0msec
                                                     -> Cluster 69, loss : 2.22, accuracy 21.04%, model from round 14
                                                     ['0:0.00%', '1:0.00%', '2:0.00%', '3:0.00%', '4:0.00%', '5:37.70%', '6:66.30%', '7:4.10%', '8:69.20%', '9:33.10%']
                                                                                              <-> Client 0, global : from 21.04% to 10.00%, local : from 69.40% to 95.00%, training time : 16200msec
                                                     Cluster 69, round 1, loss : 4.68, accuracy 10.00% <-
                                                     Time past : 16200msec
                                                     ['0:0.00%', '1:0.00%', '2:0.00%', '3:0.00%', '4:0.00%', '5:0.00%', '6:0.00%', '7:0.00%', '8:100.00%', '9:0.00%']
                                          0msec<-
                                          ->0msec
                                                     -> Cluster 61, loss : 2.22, accuracy 21.04%, model from round 14
                                                     ['0:0.00%', '1:0.00%', '2:0.00%', '3:0.00%', '4:0.00%', '5:37.70%', '6:66.30%', '7:4.10%', '8:69.20%', '9:33.10%']
                                                                                              <-> Client 0, global : from 21.04% to 10.00%, local : from 69.86% to 94.81%, training time : 16200msec
                                                     Cluster 61, round 1, loss : 3.99, accuracy 10.00% <-
                                                     Time past : 16200msec
                                                     ['0:0.00%', '1:0.00%', '2:0.00%', '3:0.00%', '4:0.00%', '5:0.00%', '6:0.00%', '7:0.00%', '8:100.00%', '9:0.00%']
                                          0msec<-
                                          ->0msec
                                                     -> Cluster 7, loss : 2.22, accuracy 21.04%, model from round 14
                                                     ['0:0.00%', '1:0.00%', '2:0.00%', '3:0.00%', '4:0.00%', '5:37.70%', '6:66.30%', '7:4.10%', '8:69.20%', '9:33.10%']
                                                                                              <-> Client 0, global : from 21.04% to 10.00%, local : from 59.80% to 95.00%, training time : 8200msec
                                                     Cluster 7, round 1, loss : 4.69, accuracy 10.00% <-
                                                     Time past : 8200msec
                                                     ['0:0.00%', '1:0.00%', '2:0.00%', '3:0.00%', '4:0.00%', '5:0.00%', '6:100.00%', '7:0.00%', '8:0.00%', '9:0.00%']
                                          0msec<-
                                          ->0msec
                                                     -> Cluster 45, loss : 2.22, accuracy 21.04%, model from round 14
                                                     ['0:0.00%', '1:0.00%', '2:0.00%', '3:0.00%', '4:0.00%', '5:37.70%', '6:66.30%', '7:4.10%', '8:69.20%', '9:33.10%']
                                                                                              <-> Client 0, global : from 21.04% to 10.00%, local : from 1.20% to 95.00%, training time : 8200msec
                                                     Cluster 45, round 1, loss : 4.90, accuracy 10.00% <-
                                                     Time past : 8200msec
                                                     ['0:0.00%', '1:0.00%', '2:100.00%', '3:0.00%', '4:0.00%', '5:0.00%', '6:0.00%', '7:0.00%', '8:0.00%', '9:0.00%']
                                          0msec<-
                                          ->0msec
                                                     -> Cluster 28, loss : 2.22, accuracy 21.04%, model from round 14
                                                     ['0:0.00%', '1:0.00%', '2:0.00%', '3:0.00%', '4:0.00%', '5:37.70%', '6:66.30%', '7:4.10%', '8:69.20%', '9:33.10%']
                                                                                              <-> Client 0, global : from 21.04% to 10.00%, local : from 1.60% to 95.00%, training time : 8200msec
                                                     Cluster 28, round 1, loss : 4.95, accuracy 10.00% <-
                                                     Time past : 8200msec
                                                     ['0:0.00%', '1:0.00%', '2:0.00%', '3:0.00%', '4:100.00%', '5:0.00%', '6:0.00%', '7:0.00%', '8:0.00%', '9:0.00%']
                                          0msec<-
                                          ->0msec
                                                     -> Cluster 25, loss : 2.22, accuracy 21.04%, model from round 14
                                                     ['0:0.00%', '1:0.00%', '2:0.00%', '3:0.00%', '4:0.00%', '5:37.70%', '6:66.30%', '7:4.10%', '8:69.20%', '9:33.10%']
                                                                                              <-> Client 0, global : from 21.04% to 10.00%, local : from 0.60% to 95.00%, training time : 8200msec
                                                     Cluster 25, round 1, loss : 4.71, accuracy 10.00% <-
                                                     Time past : 8200msec
                                                     ['0:0.00%', '1:0.00%', '2:0.00%', '3:0.00%', '4:100.00%', '5:0.00%', '6:0.00%', '7:0.00%', '8:0.00%', '9:0.00%']
                                          0msec<-
                                          ->0msec
                                                     -> Cluster 15, loss : 2.22, accuracy 21.04%, model from round 14
                                                     ['0:0.00%', '1:0.00%', '2:0.00%', '3:0.00%', '4:0.00%', '5:37.70%', '6:66.30%', '7:4.10%', '8:69.20%', '9:33.10%']
                                                                                              <-> Client 0, global : from 21.04% to 10.00%, local : from 34.80% to 95.00%, training time : 8200msec
                                                     Cluster 15, round 1, loss : 4.58, accuracy 10.00% <-
                                                     Time past : 8200msec
                                                     ['0:0.00%', '1:0.00%', '2:0.00%', '3:0.00%', '4:0.00%', '5:0.00%', '6:0.00%', '7:0.00%', '8:0.00%', '9:100.00%']
                                          0msec<-
                                          ->0msec
                                                     -> Cluster 68, loss : 2.22, accuracy 21.04%, model from round 14
                                                     ['0:0.00%', '1:0.00%', '2:0.00%', '3:0.00%', '4:0.00%', '5:37.70%', '6:66.30%', '7:4.10%', '8:69.20%', '9:33.10%']
                                                                                              <-> Client 0, global : from 21.04% to 10.00%, local : from 66.20% to 95.00%, training time : 16200msec
                                                     Cluster 68, round 1, loss : 3.96, accuracy 10.00% <-
                                                     Time past : 16200msec
                                                     ['0:0.00%', '1:0.00%', '2:0.00%', '3:0.00%', '4:0.00%', '5:0.00%', '6:0.00%', '7:0.00%', '8:100.00%', '9:0.00%']
                                          0msec<-
                                          ->0msec
                                                     -> Cluster 21, loss : 2.22, accuracy 21.04%, model from round 14
                                                     ['0:0.00%', '1:0.00%', '2:0.00%', '3:0.00%', '4:0.00%', '5:37.70%', '6:66.30%', '7:4.10%', '8:69.20%', '9:33.10%']
                                                                                              <-> Client 0, global : from 21.04% to 10.00%, local : from 1.20% to 94.81%, training time : 8200msec
                                                     Cluster 21, round 1, loss : 4.75, accuracy 10.00% <-
                                                     Time past : 8200msec
                                                     ['0:0.00%', '1:0.00%', '2:0.00%', '3:0.00%', '4:100.00%', '5:0.00%', '6:0.00%', '7:0.00%', '8:0.00%', '9:0.00%']
                                          0msec<-
                                          ->0msec
                                                     -> Cluster 30, loss : 2.22, accuracy 21.04%, model from round 14
                                                     ['0:0.00%', '1:0.00%', '2:0.00%', '3:0.00%', '4:0.00%', '5:37.70%', '6:66.30%', '7:4.10%', '8:69.20%', '9:33.10%']
                                                                                              <-> Client 0, global : from 21.04% to 10.00%, local : from 0.80% to 94.81%, training time : 8200msec
                                                     Cluster 30, round 1, loss : 4.86, accuracy 10.00% <-
                                                     Time past : 8200msec
                                                     ['0:0.00%', '1:100.00%', '2:0.00%', '3:0.00%', '4:0.00%', '5:0.00%', '6:0.00%', '7:0.00%', '8:0.00%', '9:0.00%']
                                          0msec<-
Central server round 14, loss : 2.39, accuracy :16.29%
Time past: 226800msec
['0:0.00%', '1:0.00%', '2:0.00%', '3:0.00%', '4:86.30%', '5:0.00%', '6:0.00%', '7:0.00%', '8:76.60%', '9:0.00%']
                                          ->0msec
                                                     -> Cluster 6, loss : 2.39, accuracy 16.29%, model from round 15
                                                     ['0:0.00%', '1:0.00%', '2:0.00%', '3:0.00%', '4:86.30%', '5:0.00%', '6:0.00%', '7:0.00%', '8:76.60%', '9:0.00%']
                                                                                              <-> Client 0, global : from 16.29% to 10.00%, local : from 0.60% to 95.00%, training time : 8200msec
                                                     Cluster 6, round 1, loss : 4.31, accuracy 10.00% <-
                                                     Time past : 8200msec
                                                     ['0:0.00%', '1:0.00%', '2:0.00%', '3:0.00%', '4:0.00%', '5:0.00%', '6:100.00%', '7:0.00%', '8:0.00%', '9:0.00%']
                                          0msec<-
                                          ->0msec
                                                     -> Cluster 60, loss : 2.39, accuracy 16.29%, model from round 15
                                                     ['0:0.00%', '1:0.00%', '2:0.00%', '3:0.00%', '4:86.30%', '5:0.00%', '6:0.00%', '7:0.00%', '8:76.60%', '9:0.00%']
                                                                                              <-> Client 0, global : from 16.29% to 10.00%, local : from 69.46% to 94.81%, training time : 16200msec
                                                     Cluster 60, round 1, loss : 4.59, accuracy 10.00% <-
                                                     Time past : 16200msec
                                                     ['0:0.00%', '1:0.00%', '2:0.00%', '3:0.00%', '4:0.00%', '5:0.00%', '6:0.00%', '7:0.00%', '8:100.00%', '9:0.00%']
                                          0msec<-
                                          ->0msec
                                                     -> Cluster 41, loss : 2.39, accuracy 16.29%, model from round 15
                                                     ['0:0.00%', '1:0.00%', '2:0.00%', '3:0.00%', '4:86.30%', '5:0.00%', '6:0.00%', '7:0.00%', '8:76.60%', '9:0.00%']
                                                                                              <-> Client 0, global : from 16.29% to 10.00%, local : from 0.80% to 94.81%, training time : 8200msec
                                                     Cluster 41, round 1, loss : 4.13, accuracy 10.00% <-
                                                     Time past : 8200msec
                                                     ['0:0.00%', '1:0.00%', '2:100.00%', '3:0.00%', '4:0.00%', '5:0.00%', '6:0.00%', '7:0.00%', '8:0.00%', '9:0.00%']
                                          0msec<-
                                          ->0msec
                                                     -> Cluster 99, loss : 2.39, accuracy 16.29%, model from round 15
                                                     ['0:0.00%', '1:0.00%', '2:0.00%', '3:0.00%', '4:86.30%', '5:0.00%', '6:0.00%', '7:0.00%', '8:76.60%', '9:0.00%']
                                                                                              <-> Client 0, global : from 16.29% to 10.00%, local : from 0.40% to 95.19%, training time : 16200msec
                                                     Cluster 99, round 1, loss : 4.44, accuracy 10.00% <-
                                                     Time past : 16200msec
                                                     ['0:100.00%', '1:0.00%', '2:0.00%', '3:0.00%', '4:0.00%', '5:0.00%', '6:0.00%', '7:0.00%', '8:0.00%', '9:0.00%']
                                          0msec<-
                                          ->0msec
                                                     -> Cluster 0, loss : 2.39, accuracy 16.29%, model from round 15
                                                     ['0:0.00%', '1:0.00%', '2:0.00%', '3:0.00%', '4:86.30%', '5:0.00%', '6:0.00%', '7:0.00%', '8:76.60%', '9:0.00%']
                                                                                              <-> Client 0, global : from 16.29% to 10.00%, local : from 0.80% to 94.81%, training time : 8200msec
                                                     Cluster 0, round 1, loss : 4.66, accuracy 10.00% <-
                                                     Time past : 8200msec
                                                     ['0:0.00%', '1:0.00%', '2:0.00%', '3:0.00%', '4:0.00%', '5:0.00%', '6:100.00%', '7:0.00%', '8:0.00%', '9:0.00%']
                                          0msec<-
                                          ->0msec
                                                     -> Cluster 7, loss : 2.39, accuracy 16.29%, model from round 15
                                                     ['0:0.00%', '1:0.00%', '2:0.00%', '3:0.00%', '4:86.30%', '5:0.00%', '6:0.00%', '7:0.00%', '8:76.60%', '9:0.00%']
                                                                                              <-> Client 0, global : from 16.29% to 10.00%, local : from 0.80% to 95.00%, training time : 8200msec
                                                     Cluster 7, round 1, loss : 4.83, accuracy 10.00% <-
                                                     Time past : 8200msec
                                                     ['0:0.00%', '1:0.00%', '2:0.00%', '3:0.00%', '4:0.00%', '5:0.00%', '6:100.00%', '7:0.00%', '8:0.00%', '9:0.00%']
                                          0msec<-
                                          ->0msec
                                                     -> Cluster 16, loss : 2.39, accuracy 16.29%, model from round 15
                                                     ['0:0.00%', '1:0.00%', '2:0.00%', '3:0.00%', '4:86.30%', '5:0.00%', '6:0.00%', '7:0.00%', '8:76.60%', '9:0.00%']
                                                                                              <-> Client 0, global : from 16.29% to 10.00%, local : from 1.00% to 95.00%, training time : 8200msec
                                                     Cluster 16, round 1, loss : 4.57, accuracy 10.00% <-
                                                     Time past : 8200msec
                                                     ['0:0.00%', '1:0.00%', '2:0.00%', '3:0.00%', '4:0.00%', '5:0.00%', '6:0.00%', '7:0.00%', '8:0.00%', '9:100.00%']
                                          0msec<-
                                          ->0msec
                                                     -> Cluster 5, loss : 2.39, accuracy 16.29%, model from round 15
                                                     ['0:0.00%', '1:0.00%', '2:0.00%', '3:0.00%', '4:86.30%', '5:0.00%', '6:0.00%', '7:0.00%', '8:76.60%', '9:0.00%']
                                                                                              <-> Client 0, global : from 16.29% to 10.00%, local : from 0.60% to 95.00%, training time : 8200msec
                                                     Cluster 5, round 1, loss : 5.30, accuracy 10.00% <-
                                                     Time past : 8200msec
                                                     ['0:0.00%', '1:0.00%', '2:0.00%', '3:0.00%', '4:0.00%', '5:0.00%', '6:100.00%', '7:0.00%', '8:0.00%', '9:0.00%']
                                          0msec<-
                                          ->0msec
                                                     -> Cluster 15, loss : 2.39, accuracy 16.29%, model from round 15
                                                     ['0:0.00%', '1:0.00%', '2:0.00%', '3:0.00%', '4:86.30%', '5:0.00%', '6:0.00%', '7:0.00%', '8:76.60%', '9:0.00%']
                                                                                              <-> Client 0, global : from 16.29% to 10.00%, local : from 1.40% to 95.00%, training time : 8200msec
                                                     Cluster 15, round 1, loss : 4.34, accuracy 10.00% <-
                                                     Time past : 8200msec
                                                     ['0:0.00%', '1:0.00%', '2:0.00%', '3:0.00%', '4:0.00%', '5:0.00%', '6:0.00%', '7:0.00%', '8:0.00%', '9:100.00%']
                                          0msec<-
                                          ->0msec
                                                     -> Cluster 8, loss : 2.39, accuracy 16.29%, model from round 15
                                                     ['0:0.00%', '1:0.00%', '2:0.00%', '3:0.00%', '4:86.30%', '5:0.00%', '6:0.00%', '7:0.00%', '8:76.60%', '9:0.00%']
                                                                                              <-> Client 0, global : from 16.29% to 10.00%, local : from 1.20% to 95.00%, training time : 8200msec
                                                     Cluster 8, round 1, loss : 4.90, accuracy 10.00% <-
                                                     Time past : 8200msec
                                                     ['0:0.00%', '1:0.00%', '2:0.00%', '3:0.00%', '4:0.00%', '5:0.00%', '6:100.00%', '7:0.00%', '8:0.00%', '9:0.00%']
                                          0msec<-
Central server round 15, loss : 2.72, accuracy :10.86%
Time past: 243000msec
['0:0.00%', '1:0.00%', '2:0.00%', '3:0.00%', '4:0.00%', '5:0.00%', '6:100.00%', '7:0.00%', '8:0.10%', '9:8.50%']
                                          ->0msec
                                                     -> Cluster 82, loss : 2.72, accuracy 10.86%, model from round 16
                                                     ['0:0.00%', '1:0.00%', '2:0.00%', '3:0.00%', '4:0.00%', '5:0.00%', '6:100.00%', '7:0.00%', '8:0.10%', '9:8.50%']
                                                                                              <-> Client 0, global : from 10.86% to 10.05%, local : from 0.80% to 95.00%, training time : 16200msec
                                                     Cluster 82, round 1, loss : 4.23, accuracy 10.05% <-
                                                     Time past : 16200msec
                                                     ['0:0.00%', '1:0.00%', '2:0.00%', '3:0.00%', '4:0.00%', '5:100.00%', '6:0.00%', '7:0.00%', '8:0.50%', '9:0.00%']
                                          0msec<-
                                          ->0msec
                                                     -> Cluster 49, loss : 2.72, accuracy 10.86%, model from round 16
                                                     ['0:0.00%', '1:0.00%', '2:0.00%', '3:0.00%', '4:0.00%', '5:0.00%', '6:100.00%', '7:0.00%', '8:0.10%', '9:8.50%']
                                                                                              <-> Client 0, global : from 10.86% to 10.00%, local : from 0.40% to 95.00%, training time : 8200msec
                                                     Cluster 49, round 1, loss : 4.09, accuracy 10.00% <-
                                                     Time past : 8200msec
                                                     ['0:0.00%', '1:0.00%', '2:100.00%', '3:0.00%', '4:0.00%', '5:0.00%', '6:0.00%', '7:0.00%', '8:0.00%', '9:0.00%']
                                          0msec<-
                                          ->0msec
                                                     -> Cluster 75, loss : 2.72, accuracy 10.86%, model from round 16
                                                     ['0:0.00%', '1:0.00%', '2:0.00%', '3:0.00%', '4:0.00%', '5:0.00%', '6:100.00%', '7:0.00%', '8:0.10%', '9:8.50%']
                                                                                              <-> Client 0, global : from 10.86% to 10.00%, local : from 0.80% to 95.00%, training time : 16200msec
                                                     Cluster 75, round 1, loss : 4.58, accuracy 10.00% <-
                                                     Time past : 16200msec
                                                     ['0:0.00%', '1:0.00%', '2:0.00%', '3:100.00%', '4:0.00%', '5:0.00%', '6:0.00%', '7:0.00%', '8:0.00%', '9:0.00%']
                                          0msec<-
                                          ->0msec
                                                     -> Cluster 38, loss : 2.72, accuracy 10.86%, model from round 16
                                                     ['0:0.00%', '1:0.00%', '2:0.00%', '3:0.00%', '4:0.00%', '5:0.00%', '6:100.00%', '7:0.00%', '8:0.10%', '9:8.50%']
                                                                                              <-> Client 0, global : from 10.86% to 10.00%, local : from 0.40% to 95.00%, training time : 8200msec
                                                     Cluster 38, round 1, loss : 4.32, accuracy 10.00% <-
                                                     Time past : 8200msec
                                                     ['0:0.00%', '1:100.00%', '2:0.00%', '3:0.00%', '4:0.00%', '5:0.00%', '6:0.00%', '7:0.00%', '8:0.00%', '9:0.00%']
                                          0msec<-
                                          ->0msec
                                                     -> Cluster 46, loss : 2.72, accuracy 10.86%, model from round 16
                                                     ['0:0.00%', '1:0.00%', '2:0.00%', '3:0.00%', '4:0.00%', '5:0.00%', '6:100.00%', '7:0.00%', '8:0.10%', '9:8.50%']
                                                                                              <-> Client 0, global : from 10.86% to 10.00%, local : from 0.40% to 95.00%, training time : 8200msec
                                                     Cluster 46, round 1, loss : 4.80, accuracy 10.00% <-
                                                     Time past : 8200msec
                                                     ['0:0.00%', '1:0.00%', '2:100.00%', '3:0.00%', '4:0.00%', '5:0.00%', '6:0.00%', '7:0.00%', '8:0.00%', '9:0.00%']
                                          0msec<-
                                          ->0msec
                                                     -> Cluster 33, loss : 2.72, accuracy 10.86%, model from round 16
                                                     ['0:0.00%', '1:0.00%', '2:0.00%', '3:0.00%', '4:0.00%', '5:0.00%', '6:100.00%', '7:0.00%', '8:0.10%', '9:8.50%']
                                                                                              <-> Client 0, global : from 10.86% to 10.00%, local : from 0.40% to 95.00%, training time : 8200msec
                                                     Cluster 33, round 1, loss : 4.53, accuracy 10.00% <-
                                                     Time past : 8200msec
                                                     ['0:0.00%', '1:100.00%', '2:0.00%', '3:0.00%', '4:0.00%', '5:0.00%', '6:0.00%', '7:0.00%', '8:0.00%', '9:0.00%']
                                          0msec<-
                                          ->0msec
                                                     -> Cluster 24, loss : 2.72, accuracy 10.86%, model from round 16
                                                     ['0:0.00%', '1:0.00%', '2:0.00%', '3:0.00%', '4:0.00%', '5:0.00%', '6:100.00%', '7:0.00%', '8:0.10%', '9:8.50%']
                                                                                              <-> Client 0, global : from 10.86% to 10.00%, local : from 0.20% to 95.00%, training time : 8200msec
                                                     Cluster 24, round 1, loss : 5.26, accuracy 10.00% <-
                                                     Time past : 8200msec
                                                     ['0:0.00%', '1:0.00%', '2:0.00%', '3:0.00%', '4:100.00%', '5:0.00%', '6:0.00%', '7:0.00%', '8:0.00%', '9:0.00%']
                                          0msec<-
                                          ->0msec
                                                     -> Cluster 42, loss : 2.72, accuracy 10.86%, model from round 16
                                                     ['0:0.00%', '1:0.00%', '2:0.00%', '3:0.00%', '4:0.00%', '5:0.00%', '6:100.00%', '7:0.00%', '8:0.10%', '9:8.50%']
                                                                                              <-> Client 0, global : from 10.86% to 10.00%, local : from 0.60% to 95.00%, training time : 8200msec
                                                     Cluster 42, round 1, loss : 4.59, accuracy 10.00% <-
                                                     Time past : 8200msec
                                                     ['0:0.00%', '1:0.00%', '2:100.00%', '3:0.00%', '4:0.00%', '5:0.00%', '6:0.00%', '7:0.00%', '8:0.00%', '9:0.00%']
                                          0msec<-
                                          ->0msec
                                                     -> Cluster 54, loss : 2.72, accuracy 10.86%, model from round 16
                                                     ['0:0.00%', '1:0.00%', '2:0.00%', '3:0.00%', '4:0.00%', '5:0.00%', '6:100.00%', '7:0.00%', '8:0.10%', '9:8.50%']
                                                                                              <-> Client 0, global : from 10.86% to 10.00%, local : from 1.00% to 95.00%, training time : 16200msec
                                                     Cluster 54, round 1, loss : 4.86, accuracy 10.00% <-
                                                     Time past : 16200msec
                                                     ['0:0.00%', '1:0.00%', '2:0.00%', '3:0.00%', '4:0.00%', '5:0.00%', '6:0.00%', '7:100.00%', '8:0.00%', '9:0.00%']
                                          0msec<-
                                          ->0msec
                                                     -> Cluster 15, loss : 2.72, accuracy 10.86%, model from round 16
                                                     ['0:0.00%', '1:0.00%', '2:0.00%', '3:0.00%', '4:0.00%', '5:0.00%', '6:100.00%', '7:0.00%', '8:0.10%', '9:8.50%']
                                                                                              <-> Client 0, global : from 10.86% to 10.00%, local : from 8.60% to 95.00%, training time : 8200msec
                                                     Cluster 15, round 1, loss : 3.84, accuracy 10.00% <-
                                                     Time past : 8200msec
                                                     ['0:0.00%', '1:0.00%', '2:0.00%', '3:0.00%', '4:0.00%', '5:0.00%', '6:0.00%', '7:0.00%', '8:0.00%', '9:100.00%']
                                          0msec<-
Central server round 16, loss : 2.27, accuracy :13.28%
Time past: 259200msec
['0:0.00%', '1:0.50%', '2:97.20%', '3:0.00%', '4:0.00%', '5:0.80%', '6:0.00%', '7:0.00%', '8:0.10%', '9:34.20%']
                                          ->0msec
                                                     -> Cluster 79, loss : 2.27, accuracy 13.28%, model from round 17
                                                     ['0:0.00%', '1:0.50%', '2:97.20%', '3:0.00%', '4:0.00%', '5:0.80%', '6:0.00%', '7:0.00%', '8:0.10%', '9:34.20%']
                                                                                              <-> Client 0, global : from 13.28% to 10.00%, local : from 0.80% to 95.00%, training time : 16200msec
                                                     Cluster 79, round 1, loss : 4.47, accuracy 10.00% <-
                                                     Time past : 16200msec
                                                     ['0:0.00%', '1:0.00%', '2:0.00%', '3:100.00%', '4:0.00%', '5:0.00%', '6:0.00%', '7:0.00%', '8:0.00%', '9:0.00%']
                                          0msec<-
                                          ->0msec
                                                     -> Cluster 55, loss : 2.27, accuracy 13.28%, model from round 17
                                                     ['0:0.00%', '1:0.50%', '2:97.20%', '3:0.00%', '4:0.00%', '5:0.80%', '6:0.00%', '7:0.00%', '8:0.10%', '9:34.20%']
                                                                                              <-> Client 0, global : from 13.28% to 10.00%, local : from 0.80% to 95.00%, training time : 16200msec
                                                     Cluster 55, round 1, loss : 3.74, accuracy 10.00% <-
                                                     Time past : 16200msec
                                                     ['0:0.00%', '1:0.00%', '2:0.00%', '3:0.00%', '4:0.00%', '5:0.00%', '6:0.00%', '7:100.00%', '8:0.00%', '9:0.00%']
                                          0msec<-
                                          ->0msec
                                                     -> Cluster 6, loss : 2.27, accuracy 13.28%, model from round 17
                                                     ['0:0.00%', '1:0.50%', '2:97.20%', '3:0.00%', '4:0.00%', '5:0.80%', '6:0.00%', '7:0.00%', '8:0.10%', '9:34.20%']
                                                                                              <-> Client 0, global : from 13.28% to 10.00%, local : from 0.60% to 95.00%, training time : 8200msec
                                                     Cluster 6, round 1, loss : 3.84, accuracy 10.00% <-
                                                     Time past : 8200msec
                                                     ['0:0.00%', '1:0.00%', '2:0.00%', '3:0.00%', '4:0.00%', '5:0.00%', '6:100.00%', '7:0.00%', '8:0.00%', '9:0.00%']
                                          0msec<-
                                          ->0msec
                                                     -> Cluster 47, loss : 2.27, accuracy 13.28%, model from round 17
                                                     ['0:0.00%', '1:0.50%', '2:97.20%', '3:0.00%', '4:0.00%', '5:0.80%', '6:0.00%', '7:0.00%', '8:0.10%', '9:34.20%']
                                                                                              <-> Client 0, global : from 13.28% to 10.00%, local : from 92.20% to 95.00%, training time : 8200msec
                                                     Cluster 47, round 1, loss : 4.58, accuracy 10.00% <-
                                                     Time past : 8200msec
                                                     ['0:0.00%', '1:0.00%', '2:100.00%', '3:0.00%', '4:0.00%', '5:0.00%', '6:0.00%', '7:0.00%', '8:0.00%', '9:0.00%']
                                          0msec<-
                                          ->0msec
                                                     -> Cluster 80, loss : 2.27, accuracy 13.28%, model from round 17
                                                     ['0:0.00%', '1:0.50%', '2:97.20%', '3:0.00%', '4:0.00%', '5:0.80%', '6:0.00%', '7:0.00%', '8:0.10%', '9:34.20%']
                                                                                              <-> Client 0, global : from 13.28% to 10.00%, local : from 1.20% to 95.00%, training time : 16200msec
                                                     Cluster 80, round 1, loss : 4.72, accuracy 10.00% <-
                                                     Time past : 16200msec
                                                     ['0:0.00%', '1:0.00%', '2:0.00%', '3:0.00%', '4:0.00%', '5:100.00%', '6:0.00%', '7:0.00%', '8:0.00%', '9:0.00%']
                                          0msec<-
                                          ->0msec
                                                     -> Cluster 63, loss : 2.27, accuracy 13.28%, model from round 17
                                                     ['0:0.00%', '1:0.50%', '2:97.20%', '3:0.00%', '4:0.00%', '5:0.80%', '6:0.00%', '7:0.00%', '8:0.10%', '9:34.20%']
                                                                                              <-> Client 0, global : from 13.28% to 10.00%, local : from 0.60% to 95.00%, training time : 16200msec
                                                     Cluster 63, round 1, loss : 4.69, accuracy 10.00% <-
                                                     Time past : 16200msec
                                                     ['0:0.00%', '1:0.00%', '2:0.00%', '3:0.00%', '4:0.00%', '5:0.00%', '6:0.00%', '7:0.00%', '8:100.00%', '9:0.00%']
                                          0msec<-
                                          ->0msec
                                                     -> Cluster 97, loss : 2.27, accuracy 13.28%, model from round 17
                                                     ['0:0.00%', '1:0.50%', '2:97.20%', '3:0.00%', '4:0.00%', '5:0.80%', '6:0.00%', '7:0.00%', '8:0.10%', '9:34.20%']
                                                                                              <-> Client 0, global : from 13.28% to 10.00%, local : from 0.80% to 95.19%, training time : 16200msec
                                                     Cluster 97, round 1, loss : 4.41, accuracy 10.00% <-
                                                     Time past : 16200msec
                                                     ['0:100.00%', '1:0.00%', '2:0.00%', '3:0.00%', '4:0.00%', '5:0.00%', '6:0.00%', '7:0.00%', '8:0.00%', '9:0.00%']
                                          0msec<-
                                          ->0msec
                                                     -> Cluster 89, loss : 2.27, accuracy 13.28%, model from round 17
                                                     ['0:0.00%', '1:0.50%', '2:97.20%', '3:0.00%', '4:0.00%', '5:0.80%', '6:0.00%', '7:0.00%', '8:0.10%', '9:34.20%']
                                                                                              <-> Client 0, global : from 13.28% to 10.00%, local : from 2.20% to 95.19%, training time : 16200msec
                                                     Cluster 89, round 1, loss : 4.89, accuracy 10.00% <-
                                                     Time past : 16200msec
                                                     ['0:0.00%', '1:0.00%', '2:0.00%', '3:0.00%', '4:0.00%', '5:100.00%', '6:0.00%', '7:0.00%', '8:0.00%', '9:0.00%']
                                          0msec<-
                                          ->0msec
                                                     -> Cluster 40, loss : 2.27, accuracy 13.28%, model from round 17
                                                     ['0:0.00%', '1:0.50%', '2:97.20%', '3:0.00%', '4:0.00%', '5:0.80%', '6:0.00%', '7:0.00%', '8:0.10%', '9:34.20%']
                                                                                              <-> Client 0, global : from 13.28% to 10.00%, local : from 91.02% to 94.81%, training time : 8200msec
                                                     Cluster 40, round 1, loss : 4.47, accuracy 10.00% <-
                                                     Time past : 8200msec
                                                     ['0:0.00%', '1:0.00%', '2:100.00%', '3:0.00%', '4:0.00%', '5:0.00%', '6:0.00%', '7:0.00%', '8:0.00%', '9:0.00%']
                                          0msec<-
                                          ->0msec
                                                     -> Cluster 53, loss : 2.27, accuracy 13.28%, model from round 17
                                                     ['0:0.00%', '1:0.50%', '2:97.20%', '3:0.00%', '4:0.00%', '5:0.80%', '6:0.00%', '7:0.00%', '8:0.10%', '9:34.20%']
                                                                                              <-> Client 0, global : from 13.28% to 10.00%, local : from 0.40% to 95.00%, training time : 16200msec
                                                     Cluster 53, round 1, loss : 4.03, accuracy 10.00% <-
                                                     Time past : 16200msec
                                                     ['0:0.00%', '1:0.00%', '2:0.00%', '3:0.00%', '4:0.00%', '5:0.00%', '6:0.00%', '7:100.00%', '8:0.00%', '9:0.00%']
                                          0msec<-
Central server round 17, loss : 2.20, accuracy :18.16%
Time past: 275400msec
['0:17.90%', '1:0.00%', '2:2.20%', '3:0.00%', '4:0.00%', '5:81.40%', '6:0.00%', '7:29.70%', '8:37.70%', '9:12.70%']
                                          ->0msec
                                                     -> Cluster 16, loss : 2.20, accuracy 18.16%, model from round 18
                                                     ['0:17.90%', '1:0.00%', '2:2.20%', '3:0.00%', '4:0.00%', '5:81.40%', '6:0.00%', '7:29.70%', '8:37.70%', '9:12.70%']
                                                                                              <-> Client 0, global : from 18.16% to 10.01%, local : from 14.00% to 95.00%, training time : 8200msec
                                                     Cluster 16, round 1, loss : 3.71, accuracy 10.01% <-
                                                     Time past : 8200msec
                                                     ['0:0.00%', '1:0.00%', '2:0.00%', '3:0.10%', '4:0.00%', '5:0.00%', '6:0.00%', '7:0.00%', '8:0.00%', '9:100.00%']
                                          0msec<-
                                          ->0msec
                                                     -> Cluster 3, loss : 2.20, accuracy 18.16%, model from round 18
                                                     ['0:17.90%', '1:0.00%', '2:2.20%', '3:0.00%', '4:0.00%', '5:81.40%', '6:0.00%', '7:29.70%', '8:37.70%', '9:12.70%']
                                                                                              <-> Client 0, global : from 18.16% to 10.00%, local : from 0.60% to 95.00%, training time : 8200msec
                                                     Cluster 3, round 1, loss : 4.63, accuracy 10.00% <-
                                                     Time past : 8200msec
                                                     ['0:0.00%', '1:0.00%', '2:0.00%', '3:0.00%', '4:0.00%', '5:0.00%', '6:100.00%', '7:0.00%', '8:0.00%', '9:0.00%']
                                          0msec<-
                                          ->0msec
                                                     -> Cluster 41, loss : 2.20, accuracy 18.16%, model from round 18
                                                     ['0:17.90%', '1:0.00%', '2:2.20%', '3:0.00%', '4:0.00%', '5:81.40%', '6:0.00%', '7:29.70%', '8:37.70%', '9:12.70%']
                                                                                              <-> Client 0, global : from 18.16% to 10.00%, local : from 2.79% to 94.81%, training time : 8200msec
                                                     Cluster 41, round 1, loss : 4.84, accuracy 10.00% <-
                                                     Time past : 8200msec
                                                     ['0:0.00%', '1:0.00%', '2:100.00%', '3:0.00%', '4:0.00%', '5:0.00%', '6:0.00%', '7:0.00%', '8:0.00%', '9:0.00%']
                                          0msec<-
                                          ->0msec
                                                     -> Cluster 47, loss : 2.20, accuracy 18.16%, model from round 18
                                                     ['0:17.90%', '1:0.00%', '2:2.20%', '3:0.00%', '4:0.00%', '5:81.40%', '6:0.00%', '7:29.70%', '8:37.70%', '9:12.70%']
                                                                                              <-> Client 0, global : from 18.16% to 10.00%, local : from 2.20% to 95.00%, training time : 8200msec
                                                     Cluster 47, round 1, loss : 4.60, accuracy 10.00% <-
                                                     Time past : 8200msec
                                                     ['0:0.00%', '1:0.00%', '2:100.00%', '3:0.00%', '4:0.00%', '5:0.00%', '6:0.00%', '7:0.00%', '8:0.00%', '9:0.00%']
                                          0msec<-
                                          ->0msec
                                                     -> Cluster 71, loss : 2.20, accuracy 18.16%, model from round 18
                                                     ['0:17.90%', '1:0.00%', '2:2.20%', '3:0.00%', '4:0.00%', '5:81.40%', '6:0.00%', '7:29.70%', '8:37.70%', '9:12.70%']
                                                                                              <-> Client 0, global : from 18.16% to 10.00%, local : from 0.80% to 95.00%, training time : 16200msec
                                                     Cluster 71, round 1, loss : 4.52, accuracy 10.00% <-
                                                     Time past : 16200msec
                                                     ['0:0.00%', '1:0.00%', '2:0.00%', '3:100.00%', '4:0.00%', '5:0.00%', '6:0.00%', '7:0.00%', '8:0.00%', '9:0.00%']
                                          0msec<-
                                          ->0msec
                                                     -> Cluster 33, loss : 2.20, accuracy 18.16%, model from round 18
                                                     ['0:17.90%', '1:0.00%', '2:2.20%', '3:0.00%', '4:0.00%', '5:81.40%', '6:0.00%', '7:29.70%', '8:37.70%', '9:12.70%']
                                                                                              <-> Client 0, global : from 18.16% to 10.00%, local : from 1.20% to 95.00%, training time : 8200msec
                                                     Cluster 33, round 1, loss : 5.01, accuracy 10.00% <-
                                                     Time past : 8200msec
                                                     ['0:0.00%', '1:100.00%', '2:0.00%', '3:0.00%', '4:0.00%', '5:0.00%', '6:0.00%', '7:0.00%', '8:0.00%', '9:0.00%']
                                          0msec<-
                                          ->0msec
                                                     -> Cluster 15, loss : 2.20, accuracy 18.16%, model from round 18
                                                     ['0:17.90%', '1:0.00%', '2:2.20%', '3:0.00%', '4:0.00%', '5:81.40%', '6:0.00%', '7:29.70%', '8:37.70%', '9:12.70%']
                                                                                              <-> Client 0, global : from 18.16% to 10.01%, local : from 15.20% to 95.00%, training time : 8200msec
                                                     Cluster 15, round 1, loss : 4.04, accuracy 10.01% <-
                                                     Time past : 8200msec
                                                     ['0:0.00%', '1:0.00%', '2:0.00%', '3:0.00%', '4:0.00%', '5:0.10%', '6:0.00%', '7:0.00%', '8:0.00%', '9:100.00%']
                                          0msec<-
                                          ->0msec
                                                     -> Cluster 59, loss : 2.20, accuracy 18.16%, model from round 18
                                                     ['0:17.90%', '1:0.00%', '2:2.20%', '3:0.00%', '4:0.00%', '5:81.40%', '6:0.00%', '7:29.70%', '8:37.70%', '9:12.70%']
                                                                                              <-> Client 0, global : from 18.16% to 10.00%, local : from 26.00% to 95.00%, training time : 16200msec
                                                     Cluster 59, round 1, loss : 4.18, accuracy 10.00% <-
                                                     Time past : 16200msec
                                                     ['0:0.00%', '1:0.00%', '2:0.00%', '3:0.00%', '4:0.00%', '5:0.00%', '6:0.00%', '7:100.00%', '8:0.00%', '9:0.00%']
                                          0msec<-
                                          ->0msec
                                                     -> Cluster 88, loss : 2.20, accuracy 18.16%, model from round 18
                                                     ['0:17.90%', '1:0.00%', '2:2.20%', '3:0.00%', '4:0.00%', '5:81.40%', '6:0.00%', '7:29.70%', '8:37.70%', '9:12.70%']
                                                                                              <-> Client 0, global : from 18.16% to 10.01%, local : from 79.16% to 95.19%, training time : 16200msec
                                                     Cluster 88, round 1, loss : 4.22, accuracy 10.01% <-
                                                     Time past : 16200msec
                                                     ['0:0.00%', '1:0.00%', '2:0.00%', '3:0.00%', '4:0.00%', '5:100.00%', '6:0.00%', '7:0.00%', '8:0.10%', '9:0.00%']
                                          0msec<-
                                          ->0msec
                                                     -> Cluster 93, loss : 2.20, accuracy 18.16%, model from round 18
                                                     ['0:17.90%', '1:0.00%', '2:2.20%', '3:0.00%', '4:0.00%', '5:81.40%', '6:0.00%', '7:29.70%', '8:37.70%', '9:12.70%']
                                                                                              <-> Client 0, global : from 18.16% to 10.00%, local : from 14.83% to 95.19%, training time : 16200msec
                                                     Cluster 93, round 1, loss : 4.69, accuracy 10.00% <-
                                                     Time past : 16200msec
                                                     ['0:100.00%', '1:0.00%', '2:0.00%', '3:0.00%', '4:0.00%', '5:0.00%', '6:0.00%', '7:0.00%', '8:0.00%', '9:0.00%']
                                          0msec<-
Central server round 18, loss : 2.16, accuracy :20.72%
Time past: 291600msec
['0:35.40%', '1:0.60%', '2:66.40%', '3:8.80%', '4:0.00%', '5:13.90%', '6:6.40%', '7:2.00%', '8:1.60%', '9:72.10%']
                                          ->0msec
                                                     -> Cluster 67, loss : 2.16, accuracy 20.72%, model from round 19
                                                     ['0:35.40%', '1:0.60%', '2:66.40%', '3:8.80%', '4:0.00%', '5:13.90%', '6:6.40%', '7:2.00%', '8:1.60%', '9:72.10%']
                                                                                              <-> Client 0, global : from 20.72% to 10.00%, local : from 2.80% to 95.00%, training time : 16200msec
                                                     Cluster 67, round 1, loss : 4.30, accuracy 10.00% <-
                                                     Time past : 16200msec
                                                     ['0:0.00%', '1:0.00%', '2:0.00%', '3:0.00%', '4:0.00%', '5:0.00%', '6:0.00%', '7:0.00%', '8:100.00%', '9:0.00%']
                                          0msec<-
                                          ->0msec
                                                     -> Cluster 11, loss : 2.16, accuracy 20.72%, model from round 19
                                                     ['0:35.40%', '1:0.60%', '2:66.40%', '3:8.80%', '4:0.00%', '5:13.90%', '6:6.40%', '7:2.00%', '8:1.60%', '9:72.10%']
                                                                                              <-> Client 0, global : from 20.72% to 10.00%, local : from 67.47% to 94.81%, training time : 8200msec
                                                     Cluster 11, round 1, loss : 4.64, accuracy 10.00% <-
                                                     Time past : 8200msec
                                                     ['0:0.00%', '1:0.00%', '2:0.00%', '3:0.00%', '4:0.00%', '5:0.00%', '6:0.00%', '7:0.00%', '8:0.00%', '9:100.00%']
                                          0msec<-
                                          ->0msec
                                                     -> Cluster 72, loss : 2.16, accuracy 20.72%, model from round 19
                                                     ['0:35.40%', '1:0.60%', '2:66.40%', '3:8.80%', '4:0.00%', '5:13.90%', '6:6.40%', '7:2.00%', '8:1.60%', '9:72.10%']
                                                                                              <-> Client 0, global : from 20.72% to 10.00%, local : from 10.20% to 95.00%, training time : 16200msec
                                                     Cluster 72, round 1, loss : 4.40, accuracy 10.00% <-
                                                     Time past : 16200msec
                                                     ['0:0.00%', '1:0.00%', '2:0.00%', '3:100.00%', '4:0.00%', '5:0.00%', '6:0.00%', '7:0.00%', '8:0.00%', '9:0.00%']
                                          0msec<-
                                          ->0msec
                                                     -> Cluster 12, loss : 2.16, accuracy 20.72%, model from round 19
                                                     ['0:35.40%', '1:0.60%', '2:66.40%', '3:8.80%', '4:0.00%', '5:13.90%', '6:6.40%', '7:2.00%', '8:1.60%', '9:72.10%']
                                                                                              <-> Client 0, global : from 20.72% to 10.00%, local : from 69.80% to 95.00%, training time : 8200msec
                                                     Cluster 12, round 1, loss : 4.69, accuracy 10.00% <-
                                                     Time past : 8200msec
                                                     ['0:0.00%', '1:0.00%', '2:0.00%', '3:0.00%', '4:0.00%', '5:0.00%', '6:0.00%', '7:0.00%', '8:0.00%', '9:100.00%']
                                          0msec<-
                                          ->0msec
                                                     -> Cluster 84, loss : 2.16, accuracy 20.72%, model from round 19
                                                     ['0:35.40%', '1:0.60%', '2:66.40%', '3:8.80%', '4:0.00%', '5:13.90%', '6:6.40%', '7:2.00%', '8:1.60%', '9:72.10%']
                                                                                              <-> Client 0, global : from 20.72% to 10.00%, local : from 14.43% to 95.19%, training time : 16200msec
                                                     Cluster 84, round 1, loss : 4.61, accuracy 10.00% <-
                                                     Time past : 16200msec
                                                     ['0:0.00%', '1:0.00%', '2:0.00%', '3:0.00%', '4:0.00%', '5:100.00%', '6:0.00%', '7:0.00%', '8:0.00%', '9:0.00%']
                                          0msec<-
                                          ->0msec
                                                     -> Cluster 48, loss : 2.16, accuracy 20.72%, model from round 19
                                                     ['0:35.40%', '1:0.60%', '2:66.40%', '3:8.80%', '4:0.00%', '5:13.90%', '6:6.40%', '7:2.00%', '8:1.60%', '9:72.10%']
                                                                                              <-> Client 0, global : from 20.72% to 10.00%, local : from 62.60% to 95.00%, training time : 8200msec
                                                     Cluster 48, round 1, loss : 5.16, accuracy 10.00% <-
                                                     Time past : 8200msec
                                                     ['0:0.00%', '1:0.00%', '2:100.00%', '3:0.00%', '4:0.00%', '5:0.00%', '6:0.00%', '7:0.00%', '8:0.00%', '9:0.00%']
                                          0msec<-
                                          ->0msec
                                                     -> Cluster 22, loss : 2.16, accuracy 20.72%, model from round 19
                                                     ['0:35.40%', '1:0.60%', '2:66.40%', '3:8.80%', '4:0.00%', '5:13.90%', '6:6.40%', '7:2.00%', '8:1.60%', '9:72.10%']
                                                                                              <-> Client 0, global : from 20.72% to 10.00%, local : from 1.00% to 95.00%, training time : 8200msec
                                                     Cluster 22, round 1, loss : 3.85, accuracy 10.00% <-
                                                     Time past : 8200msec
                                                     ['0:0.00%', '1:0.00%', '2:0.00%', '3:0.00%', '4:100.00%', '5:0.00%', '6:0.00%', '7:0.00%', '8:0.00%', '9:0.00%']
                                          0msec<-
                                          ->0msec
                                                     -> Cluster 3, loss : 2.16, accuracy 20.72%, model from round 19
                                                     ['0:35.40%', '1:0.60%', '2:66.40%', '3:8.80%', '4:0.00%', '5:13.90%', '6:6.40%', '7:2.00%', '8:1.60%', '9:72.10%']
                                                                                              <-> Client 0, global : from 20.72% to 10.00%, local : from 6.40% to 95.00%, training time : 8200msec
                                                     Cluster 3, round 1, loss : 4.42, accuracy 10.00% <-
                                                     Time past : 8200msec
                                                     ['0:0.00%', '1:0.00%', '2:0.00%', '3:0.00%', '4:0.00%', '5:0.00%', '6:100.00%', '7:0.00%', '8:0.00%', '9:0.00%']
                                          0msec<-
                                          ->0msec
                                                     -> Cluster 43, loss : 2.16, accuracy 20.72%, model from round 19
                                                     ['0:35.40%', '1:0.60%', '2:66.40%', '3:8.80%', '4:0.00%', '5:13.90%', '6:6.40%', '7:2.00%', '8:1.60%', '9:72.10%']
                                                                                              <-> Client 0, global : from 20.72% to 10.00%, local : from 64.00% to 95.00%, training time : 8200msec
                                                     Cluster 43, round 1, loss : 4.12, accuracy 10.00% <-
                                                     Time past : 8200msec
                                                     ['0:0.00%', '1:0.00%', '2:100.00%', '3:0.00%', '4:0.00%', '5:0.00%', '6:0.00%', '7:0.00%', '8:0.00%', '9:0.00%']
                                          0msec<-
                                          ->0msec
                                                     -> Cluster 15, loss : 2.16, accuracy 20.72%, model from round 19
                                                     ['0:35.40%', '1:0.60%', '2:66.40%', '3:8.80%', '4:0.00%', '5:13.90%', '6:6.40%', '7:2.00%', '8:1.60%', '9:72.10%']
                                                                                              <-> Client 0, global : from 20.72% to 10.04%, local : from 72.00% to 95.00%, training time : 8200msec
                                                     Cluster 15, round 1, loss : 4.06, accuracy 10.04% <-
                                                     Time past : 8200msec
                                                     ['0:0.00%', '1:0.00%', '2:0.00%', '3:0.00%', '4:0.00%', '5:0.40%', '6:0.00%', '7:0.00%', '8:0.00%', '9:100.00%']
                                          0msec<-
Central server round 19, loss : 2.26, accuracy :14.55%
Time past: 307800msec
['0:0.00%', '1:0.00%', '2:8.80%', '3:5.90%', '4:0.00%', '5:16.70%', '6:18.20%', '7:0.00%', '8:1.30%', '9:94.60%']
                                          ->0msec
                                                     -> Cluster 70, loss : 2.26, accuracy 14.55%, model from round 20
                                                     ['0:0.00%', '1:0.00%', '2:8.80%', '3:5.90%', '4:0.00%', '5:16.70%', '6:18.20%', '7:0.00%', '8:1.30%', '9:94.60%']
                                                                                              <-> Client 0, global : from 14.55% to 10.00%, local : from 5.20% to 95.00%, training time : 16200msec
                                                     Cluster 70, round 1, loss : 4.65, accuracy 10.00% <-
                                                     Time past : 16200msec
                                                     ['0:0.00%', '1:0.00%', '2:0.00%', '3:100.00%', '4:0.00%', '5:0.00%', '6:0.00%', '7:0.00%', '8:0.00%', '9:0.00%']
                                          0msec<-
                                          ->0msec
                                                     -> Cluster 7, loss : 2.26, accuracy 14.55%, model from round 20
                                                     ['0:0.00%', '1:0.00%', '2:8.80%', '3:5.90%', '4:0.00%', '5:16.70%', '6:18.20%', '7:0.00%', '8:1.30%', '9:94.60%']
                                                                                              <-> Client 0, global : from 14.55% to 10.00%, local : from 15.00% to 95.00%, training time : 8200msec
                                                     Cluster 7, round 1, loss : 4.70, accuracy 10.00% <-
                                                     Time past : 8200msec
                                                     ['0:0.00%', '1:0.00%', '2:0.00%', '3:0.00%', '4:0.00%', '5:0.00%', '6:100.00%', '7:0.00%', '8:0.00%', '9:0.00%']
                                          0msec<-
                                          ->0msec
                                                     -> Cluster 41, loss : 2.26, accuracy 14.55%, model from round 20
                                                     ['0:0.00%', '1:0.00%', '2:8.80%', '3:5.90%', '4:0.00%', '5:16.70%', '6:18.20%', '7:0.00%', '8:1.30%', '9:94.60%']
                                                                                              <-> Client 0, global : from 14.55% to 10.00%, local : from 9.38% to 94.81%, training time : 8200msec
                                                     Cluster 41, round 1, loss : 4.82, accuracy 10.00% <-
                                                     Time past : 8200msec
                                                     ['0:0.00%', '1:0.00%', '2:100.00%', '3:0.00%', '4:0.00%', '5:0.00%', '6:0.00%', '7:0.00%', '8:0.00%', '9:0.00%']
                                          0msec<-
                                          ->0msec
                                                     -> Cluster 72, loss : 2.26, accuracy 14.55%, model from round 20
                                                     ['0:0.00%', '1:0.00%', '2:8.80%', '3:5.90%', '4:0.00%', '5:16.70%', '6:18.20%', '7:0.00%', '8:1.30%', '9:94.60%']
                                                                                              <-> Client 0, global : from 14.55% to 10.00%, local : from 6.80% to 95.00%, training time : 16200msec
                                                     Cluster 72, round 1, loss : 4.45, accuracy 10.00% <-
                                                     Time past : 16200msec
                                                     ['0:0.00%', '1:0.00%', '2:0.00%', '3:100.00%', '4:0.00%', '5:0.00%', '6:0.00%', '7:0.00%', '8:0.00%', '9:0.00%']
                                          0msec<-
                                          ->0msec
                                                     -> Cluster 23, loss : 2.26, accuracy 14.55%, model from round 20
                                                     ['0:0.00%', '1:0.00%', '2:8.80%', '3:5.90%', '4:0.00%', '5:16.70%', '6:18.20%', '7:0.00%', '8:1.30%', '9:94.60%']
                                                                                              <-> Client 0, global : from 14.55% to 10.00%, local : from 0.40% to 95.00%, training time : 8200msec
                                                     Cluster 23, round 1, loss : 4.28, accuracy 10.00% <-
                                                     Time past : 8200msec
                                                     ['0:0.00%', '1:0.00%', '2:0.00%', '3:0.00%', '4:100.00%', '5:0.00%', '6:0.00%', '7:0.00%', '8:0.00%', '9:0.00%']
                                          0msec<-
                                          ->0msec
                                                     -> Cluster 9, loss : 2.26, accuracy 14.55%, model from round 20
                                                     ['0:0.00%', '1:0.00%', '2:8.80%', '3:5.90%', '4:0.00%', '5:16.70%', '6:18.20%', '7:0.00%', '8:1.30%', '9:94.60%']
                                                                                              <-> Client 0, global : from 14.55% to 10.00%, local : from 14.60% to 95.00%, training time : 8200msec
                                                     Cluster 9, round 1, loss : 4.17, accuracy 10.00% <-
                                                     Time past : 8200msec
                                                     ['0:0.00%', '1:0.00%', '2:0.00%', '3:0.00%', '4:0.00%', '5:0.00%', '6:100.00%', '7:0.00%', '8:0.00%', '9:0.00%']
                                          0msec<-
                                          ->0msec
                                                     -> Cluster 30, loss : 2.26, accuracy 14.55%, model from round 20
                                                     ['0:0.00%', '1:0.00%', '2:8.80%', '3:5.90%', '4:0.00%', '5:16.70%', '6:18.20%', '7:0.00%', '8:1.30%', '9:94.60%']
                                                                                              <-> Client 0, global : from 14.55% to 10.00%, local : from 1.60% to 94.81%, training time : 8200msec
                                                     Cluster 30, round 1, loss : 5.04, accuracy 10.00% <-
                                                     Time past : 8200msec
                                                     ['0:0.00%', '1:100.00%', '2:0.00%', '3:0.00%', '4:0.00%', '5:0.00%', '6:0.00%', '7:0.00%', '8:0.00%', '9:0.00%']
                                          0msec<-
                                          ->0msec
                                                     -> Cluster 82, loss : 2.26, accuracy 14.55%, model from round 20
                                                     ['0:0.00%', '1:0.00%', '2:8.80%', '3:5.90%', '4:0.00%', '5:16.70%', '6:18.20%', '7:0.00%', '8:1.30%', '9:94.60%']
                                                                                              <-> Client 0, global : from 14.55% to 10.23%, local : from 17.60% to 95.00%, training time : 16200msec
                                                     Cluster 82, round 1, loss : 4.01, accuracy 10.23% <-
                                                     Time past : 16200msec
                                                     ['0:0.00%', '1:0.00%', '2:0.00%', '3:0.00%', '4:0.00%', '5:100.00%', '6:0.00%', '7:0.00%', '8:2.30%', '9:0.00%']
                                          0msec<-
                                          ->0msec
                                                     -> Cluster 31, loss : 2.26, accuracy 14.55%, model from round 20
                                                     ['0:0.00%', '1:0.00%', '2:8.80%', '3:5.90%', '4:0.00%', '5:16.70%', '6:18.20%', '7:0.00%', '8:1.30%', '9:94.60%']
                                                                                              <-> Client 0, global : from 14.55% to 10.00%, local : from 0.40% to 94.81%, training time : 8200msec
                                                     Cluster 31, round 1, loss : 5.03, accuracy 10.00% <-
                                                     Time past : 8200msec
                                                     ['0:0.00%', '1:100.00%', '2:0.00%', '3:0.00%', '4:0.00%', '5:0.00%', '6:0.00%', '7:0.00%', '8:0.00%', '9:0.00%']
                                          0msec<-
                                          ->0msec
                                                     -> Cluster 58, loss : 2.26, accuracy 14.55%, model from round 20
                                                     ['0:0.00%', '1:0.00%', '2:8.80%', '3:5.90%', '4:0.00%', '5:16.70%', '6:18.20%', '7:0.00%', '8:1.30%', '9:94.60%']
                                                                                              <-> Client 0, global : from 14.55% to 10.00%, local : from 0.80% to 95.00%, training time : 16200msec
                                                     Cluster 58, round 1, loss : 5.20, accuracy 10.00% <-
                                                     Time past : 16200msec
                                                     ['0:0.00%', '1:0.00%', '2:0.00%', '3:0.00%', '4:0.00%', '5:0.00%', '6:0.00%', '7:100.00%', '8:0.00%', '9:0.00%']
                                          0msec<-
Central server round 20, loss : 2.17, accuracy :18.71%
Time past: 324000msec
['0:0.00%', '1:61.90%', '2:0.00%', '3:66.40%', '4:0.00%', '5:0.00%', '6:28.60%', '7:0.70%', '8:27.40%', '9:2.10%']
                                          ->0msec
                                                     -> Cluster 95, loss : 2.17, accuracy 18.71%, model from round 21
                                                     ['0:0.00%', '1:61.90%', '2:0.00%', '3:66.40%', '4:0.00%', '5:0.00%', '6:28.60%', '7:0.70%', '8:27.40%', '9:2.10%']
                                                                                              <-> Client 0, global : from 18.71% to 10.00%, local : from 0.80% to 95.19%, training time : 16200msec
                                                     Cluster 95, round 1, loss : 3.80, accuracy 10.00% <-
                                                     Time past : 16200msec
                                                     ['0:100.00%', '1:0.00%', '2:0.00%', '3:0.00%', '4:0.00%', '5:0.00%', '6:0.00%', '7:0.00%', '8:0.00%', '9:0.00%']
                                          0msec<-
                                          ->0msec
                                                     -> Cluster 20, loss : 2.17, accuracy 18.71%, model from round 21
                                                     ['0:0.00%', '1:61.90%', '2:0.00%', '3:66.40%', '4:0.00%', '5:0.00%', '6:28.60%', '7:0.70%', '8:27.40%', '9:2.10%']
                                                                                              <-> Client 0, global : from 18.71% to 10.00%, local : from 1.40% to 94.81%, training time : 8200msec
                                                     Cluster 20, round 1, loss : 4.58, accuracy 10.00% <-
                                                     Time past : 8200msec
                                                     ['0:0.00%', '1:0.00%', '2:0.00%', '3:0.00%', '4:100.00%', '5:0.00%', '6:0.00%', '7:0.00%', '8:0.00%', '9:0.00%']
                                          0msec<-
                                          ->0msec
                                                     -> Cluster 53, loss : 2.17, accuracy 18.71%, model from round 21
                                                     ['0:0.00%', '1:61.90%', '2:0.00%', '3:66.40%', '4:0.00%', '5:0.00%', '6:28.60%', '7:0.70%', '8:27.40%', '9:2.10%']
                                                                                              <-> Client 0, global : from 18.71% to 10.00%, local : from 0.80% to 95.00%, training time : 16200msec
                                                     Cluster 53, round 1, loss : 4.85, accuracy 10.00% <-
                                                     Time past : 16200msec
                                                     ['0:0.00%', '1:0.00%', '2:0.00%', '3:0.00%', '4:0.00%', '5:0.00%', '6:0.00%', '7:100.00%', '8:0.00%', '9:0.00%']
                                          0msec<-
                                          ->0msec
                                                     -> Cluster 88, loss : 2.17, accuracy 18.71%, model from round 21
                                                     ['0:0.00%', '1:61.90%', '2:0.00%', '3:66.40%', '4:0.00%', '5:0.00%', '6:28.60%', '7:0.70%', '8:27.40%', '9:2.10%']
                                                                                              <-> Client 0, global : from 18.71% to 10.03%, local : from 1.40% to 95.19%, training time : 16200msec
                                                     Cluster 88, round 1, loss : 4.31, accuracy 10.03% <-
                                                     Time past : 16200msec
                                                     ['0:0.00%', '1:0.00%', '2:0.00%', '3:0.00%', '4:0.00%', '5:100.00%', '6:0.00%', '7:0.00%', '8:0.30%', '9:0.00%']
                                          0msec<-
                                          ->0msec
                                                     -> Cluster 72, loss : 2.17, accuracy 18.71%, model from round 21
                                                     ['0:0.00%', '1:61.90%', '2:0.00%', '3:66.40%', '4:0.00%', '5:0.00%', '6:28.60%', '7:0.70%', '8:27.40%', '9:2.10%']
                                                                                              <-> Client 0, global : from 18.71% to 10.00%, local : from 60.00% to 95.00%, training time : 16200msec
                                                     Cluster 72, round 1, loss : 4.93, accuracy 10.00% <-
                                                     Time past : 16200msec
                                                     ['0:0.00%', '1:0.00%', '2:0.00%', '3:100.00%', '4:0.00%', '5:0.00%', '6:0.00%', '7:0.00%', '8:0.00%', '9:0.00%']
                                          0msec<-
                                          ->0msec
                                                     -> Cluster 96, loss : 2.17, accuracy 18.71%, model from round 21
                                                     ['0:0.00%', '1:61.90%', '2:0.00%', '3:66.40%', '4:0.00%', '5:0.00%', '6:28.60%', '7:0.70%', '8:27.40%', '9:2.10%']
                                                                                              <-> Client 0, global : from 18.71% to 10.00%, local : from 0.80% to 95.19%, training time : 16200msec
                                                     Cluster 96, round 1, loss : 4.88, accuracy 10.00% <-
                                                     Time past : 16200msec
                                                     ['0:100.00%', '1:0.00%', '2:0.00%', '3:0.00%', '4:0.00%', '5:0.00%', '6:0.00%', '7:0.00%', '8:0.00%', '9:0.00%']
                                          0msec<-
                                          ->0msec
                                                     -> Cluster 74, loss : 2.17, accuracy 18.71%, model from round 21
                                                     ['0:0.00%', '1:61.90%', '2:0.00%', '3:66.40%', '4:0.00%', '5:0.00%', '6:28.60%', '7:0.70%', '8:27.40%', '9:2.10%']
                                                                                              <-> Client 0, global : from 18.71% to 10.00%, local : from 60.40% to 95.00%, training time : 16200msec
                                                     Cluster 74, round 1, loss : 4.92, accuracy 10.00% <-
                                                     Time past : 16200msec
                                                     ['0:0.00%', '1:0.00%', '2:0.00%', '3:100.00%', '4:0.00%', '5:0.00%', '6:0.00%', '7:0.00%', '8:0.00%', '9:0.00%']
                                          0msec<-
                                          ->0msec
                                                     -> Cluster 86, loss : 2.17, accuracy 18.71%, model from round 21
                                                     ['0:0.00%', '1:61.90%', '2:0.00%', '3:66.40%', '4:0.00%', '5:0.00%', '6:28.60%', '7:0.70%', '8:27.40%', '9:2.10%']
                                                                                              <-> Client 0, global : from 18.71% to 10.00%, local : from 1.60% to 95.19%, training time : 16200msec
                                                     Cluster 86, round 1, loss : 4.44, accuracy 10.00% <-
                                                     Time past : 16200msec
                                                     ['0:0.00%', '1:0.00%', '2:0.00%', '3:0.00%', '4:0.00%', '5:100.00%', '6:0.00%', '7:0.00%', '8:0.00%', '9:0.00%']
                                          0msec<-
                                          ->0msec
                                                     -> Cluster 66, loss : 2.17, accuracy 18.71%, model from round 21
                                                     ['0:0.00%', '1:61.90%', '2:0.00%', '3:66.40%', '4:0.00%', '5:0.00%', '6:28.60%', '7:0.70%', '8:27.40%', '9:2.10%']
                                                                                              <-> Client 0, global : from 18.71% to 10.02%, local : from 28.00% to 95.00%, training time : 16200msec
                                                     Cluster 66, round 1, loss : 3.87, accuracy 10.02% <-
                                                     Time past : 16200msec
                                                     ['0:0.00%', '1:0.00%', '2:0.00%', '3:0.00%', '4:0.00%', '5:0.10%', '6:0.20%', '7:0.00%', '8:99.90%', '9:0.00%']
                                          0msec<-
                                          ->0msec
                                                     -> Cluster 87, loss : 2.17, accuracy 18.71%, model from round 21
                                                     ['0:0.00%', '1:61.90%', '2:0.00%', '3:66.40%', '4:0.00%', '5:0.00%', '6:28.60%', '7:0.70%', '8:27.40%', '9:2.10%']
                                                                                              <-> Client 0, global : from 18.71% to 10.00%, local : from 1.00% to 95.19%, training time : 16200msec
                                                     Cluster 87, round 1, loss : 4.09, accuracy 10.00% <-
                                                     Time past : 16200msec
                                                     ['0:0.00%', '1:0.00%', '2:0.00%', '3:0.00%', '4:0.00%', '5:100.00%', '6:0.00%', '7:0.00%', '8:0.00%', '9:0.00%']
                                          0msec<-
Central server round 21, loss : 2.27, accuracy :18.79%
Time past: 340200msec
['0:53.70%', '1:0.00%', '2:0.00%', '3:0.30%', '4:0.00%', '5:90.90%', '6:0.00%', '7:0.80%', '8:37.20%', '9:5.00%']
                                          ->0msec
                                                     -> Cluster 17, loss : 2.27, accuracy 18.79%, model from round 22
                                                     ['0:53.70%', '1:0.00%', '2:0.00%', '3:0.30%', '4:0.00%', '5:90.90%', '6:0.00%', '7:0.80%', '8:37.20%', '9:5.00%']
                                                                                              <-> Client 0, global : from 18.79% to 10.00%, local : from 7.80% to 95.00%, training time : 8200msec
                                                     Cluster 17, round 1, loss : 4.89, accuracy 10.00% <-
                                                     Time past : 8200msec
                                                     ['0:0.00%', '1:0.00%', '2:0.00%', '3:0.00%', '4:0.00%', '5:0.00%', '6:0.00%', '7:0.00%', '8:0.00%', '9:100.00%']
                                          0msec<-
                                          ->0msec
                                                     -> Cluster 34, loss : 2.27, accuracy 18.79%, model from round 22
                                                     ['0:53.70%', '1:0.00%', '2:0.00%', '3:0.30%', '4:0.00%', '5:90.90%', '6:0.00%', '7:0.80%', '8:37.20%', '9:5.00%']
                                                                                              <-> Client 0, global : from 18.79% to 10.00%, local : from 1.20% to 95.00%, training time : 8200msec
                                                     Cluster 34, round 1, loss : 4.68, accuracy 10.00% <-
                                                     Time past : 8200msec
                                                     ['0:0.00%', '1:100.00%', '2:0.00%', '3:0.00%', '4:0.00%', '5:0.00%', '6:0.00%', '7:0.00%', '8:0.00%', '9:0.00%']
                                          0msec<-
                                          ->0msec
                                                     -> Cluster 96, loss : 2.27, accuracy 18.79%, model from round 22
                                                     ['0:53.70%', '1:0.00%', '2:0.00%', '3:0.30%', '4:0.00%', '5:90.90%', '6:0.00%', '7:0.80%', '8:37.20%', '9:5.00%']
                                                                                              <-> Client 0, global : from 18.79% to 10.00%, local : from 45.89% to 95.19%, training time : 16200msec
                                                     Cluster 96, round 1, loss : 4.00, accuracy 10.00% <-
                                                     Time past : 16200msec
                                                     ['0:100.00%', '1:0.00%', '2:0.00%', '3:0.00%', '4:0.00%', '5:0.00%', '6:0.00%', '7:0.00%', '8:0.00%', '9:0.00%']
                                          0msec<-
                                          ->0msec
                                                     -> Cluster 25, loss : 2.27, accuracy 18.79%, model from round 22
                                                     ['0:53.70%', '1:0.00%', '2:0.00%', '3:0.30%', '4:0.00%', '5:90.90%', '6:0.00%', '7:0.80%', '8:37.20%', '9:5.00%']
                                                                                              <-> Client 0, global : from 18.79% to 10.00%, local : from 0.80% to 95.00%, training time : 8200msec
                                                     Cluster 25, round 1, loss : 4.92, accuracy 10.00% <-
                                                     Time past : 8200msec
                                                     ['0:0.00%', '1:0.00%', '2:0.00%', '3:0.00%', '4:100.00%', '5:0.00%', '6:0.00%', '7:0.00%', '8:0.00%', '9:0.00%']
                                          0msec<-
                                          ->0msec
                                                     -> Cluster 18, loss : 2.27, accuracy 18.79%, model from round 22
                                                     ['0:53.70%', '1:0.00%', '2:0.00%', '3:0.30%', '4:0.00%', '5:90.90%', '6:0.00%', '7:0.80%', '8:37.20%', '9:5.00%']
                                                                                              <-> Client 0, global : from 18.79% to 10.00%, local : from 8.20% to 95.00%, training time : 8200msec
                                                     Cluster 18, round 1, loss : 4.30, accuracy 10.00% <-
                                                     Time past : 8200msec
                                                     ['0:0.00%', '1:0.00%', '2:0.00%', '3:0.00%', '4:0.00%', '5:0.00%', '6:0.00%', '7:0.00%', '8:0.00%', '9:100.00%']
                                          0msec<-
                                          ->0msec
                                                     -> Cluster 74, loss : 2.27, accuracy 18.79%, model from round 22
                                                     ['0:53.70%', '1:0.00%', '2:0.00%', '3:0.30%', '4:0.00%', '5:90.90%', '6:0.00%', '7:0.80%', '8:37.20%', '9:5.00%']
                                                                                              <-> Client 0, global : from 18.79% to 10.03%, local : from 1.40% to 95.00%, training time : 16200msec
                                                     Cluster 74, round 1, loss : 4.33, accuracy 10.03% <-
                                                     Time past : 16200msec
                                                     ['0:0.00%', '1:0.00%', '2:0.00%', '3:100.00%', '4:0.00%', '5:0.00%', '6:0.00%', '7:0.00%', '8:0.30%', '9:0.00%']
                                          0msec<-
                                          ->0msec
                                                     -> Cluster 65, loss : 2.27, accuracy 18.79%, model from round 22
                                                     ['0:53.70%', '1:0.00%', '2:0.00%', '3:0.30%', '4:0.00%', '5:90.90%', '6:0.00%', '7:0.80%', '8:37.20%', '9:5.00%']
                                                                                              <-> Client 0, global : from 18.79% to 10.47%, local : from 33.60% to 95.00%, training time : 16200msec
                                                     Cluster 65, round 1, loss : 3.58, accuracy 10.47% <-
                                                     Time past : 16200msec
                                                     ['0:0.00%', '1:0.00%', '2:0.00%', '3:0.00%', '4:0.00%', '5:4.90%', '6:0.00%', '7:0.00%', '8:99.80%', '9:0.00%']
                                          0msec<-
                                          ->0msec
                                                     -> Cluster 40, loss : 2.27, accuracy 18.79%, model from round 22
                                                     ['0:53.70%', '1:0.00%', '2:0.00%', '3:0.30%', '4:0.00%', '5:90.90%', '6:0.00%', '7:0.80%', '8:37.20%', '9:5.00%']
                                                                                              <-> Client 0, global : from 18.79% to 10.00%, local : from 1.40% to 94.81%, training time : 8200msec
                                                     Cluster 40, round 1, loss : 4.79, accuracy 10.00% <-
                                                     Time past : 8200msec
                                                     ['0:0.00%', '1:0.00%', '2:100.00%', '3:0.00%', '4:0.00%', '5:0.00%', '6:0.00%', '7:0.00%', '8:0.00%', '9:0.00%']
                                          0msec<-
                                          ->0msec
                                                     -> Cluster 29, loss : 2.27, accuracy 18.79%, model from round 22
                                                     ['0:53.70%', '1:0.00%', '2:0.00%', '3:0.30%', '4:0.00%', '5:90.90%', '6:0.00%', '7:0.80%', '8:37.20%', '9:5.00%']
                                                                                              <-> Client 0, global : from 18.79% to 10.00%, local : from 1.00% to 95.00%, training time : 8200msec
                                                     Cluster 29, round 1, loss : 4.98, accuracy 10.00% <-
                                                     Time past : 8200msec
                                                     ['0:0.00%', '1:0.00%', '2:0.00%', '3:0.00%', '4:100.00%', '5:0.00%', '6:0.00%', '7:0.00%', '8:0.00%', '9:0.00%']
                                          0msec<-
                                          ->0msec
                                                     -> Cluster 88, loss : 2.27, accuracy 18.79%, model from round 22
                                                     ['0:53.70%', '1:0.00%', '2:0.00%', '3:0.30%', '4:0.00%', '5:90.90%', '6:0.00%', '7:0.80%', '8:37.20%', '9:5.00%']
                                                                                              <-> Client 0, global : from 18.79% to 10.04%, local : from 86.97% to 95.19%, training time : 16200msec
                                                     Cluster 88, round 1, loss : 4.47, accuracy 10.04% <-
                                                     Time past : 16200msec
                                                     ['0:0.00%', '1:0.00%', '2:0.00%', '3:0.00%', '4:0.00%', '5:100.00%', '6:0.00%', '7:0.00%', '8:0.40%', '9:0.00%']
                                          0msec<-
Central server round 22, loss : 2.12, accuracy :21.12%
Time past: 356400msec
['0:14.50%', '1:1.40%', '2:0.00%', '3:0.10%', '4:55.30%', '5:39.00%', '6:0.00%', '7:0.00%', '8:18.60%', '9:82.30%']
                                          ->0msec
                                                     -> Cluster 22, loss : 2.12, accuracy 21.12%, model from round 23
                                                     ['0:14.50%', '1:1.40%', '2:0.00%', '3:0.10%', '4:55.30%', '5:39.00%', '6:0.00%', '7:0.00%', '8:18.60%', '9:82.30%']
                                                                                              <-> Client 0, global : from 21.12% to 10.05%, local : from 49.80% to 95.00%, training time : 8200msec
                                                     Cluster 22, round 1, loss : 4.07, accuracy 10.05% <-
                                                     Time past : 8200msec
                                                     ['0:0.00%', '1:0.00%', '2:0.00%', '3:0.00%', '4:100.00%', '5:0.00%', '6:0.00%', '7:0.00%', '8:0.50%', '9:0.00%']
                                          0msec<-
                                          ->0msec
                                                     -> Cluster 72, loss : 2.12, accuracy 21.12%, model from round 23
                                                     ['0:14.50%', '1:1.40%', '2:0.00%', '3:0.10%', '4:55.30%', '5:39.00%', '6:0.00%', '7:0.00%', '8:18.60%', '9:82.30%']
                                                                                              <-> Client 0, global : from 21.12% to 10.02%, local : from 2.40% to 95.00%, training time : 16200msec
                                                     Cluster 72, round 1, loss : 4.21, accuracy 10.02% <-
                                                     Time past : 16200msec
                                                     ['0:0.00%', '1:0.00%', '2:0.00%', '3:100.00%', '4:0.00%', '5:0.00%', '6:0.00%', '7:0.00%', '8:0.20%', '9:0.00%']
                                          0msec<-
                                          ->0msec
                                                     -> Cluster 46, loss : 2.12, accuracy 21.12%, model from round 23
                                                     ['0:14.50%', '1:1.40%', '2:0.00%', '3:0.10%', '4:55.30%', '5:39.00%', '6:0.00%', '7:0.00%', '8:18.60%', '9:82.30%']
                                                                                              <-> Client 0, global : from 21.12% to 10.00%, local : from 0.60% to 95.00%, training time : 8200msec
                                                     Cluster 46, round 1, loss : 4.01, accuracy 10.00% <-
                                                     Time past : 8200msec
                                                     ['0:0.00%', '1:0.00%', '2:100.00%', '3:0.00%', '4:0.00%', '5:0.00%', '6:0.00%', '7:0.00%', '8:0.00%', '9:0.00%']
                                          0msec<-
                                          ->0msec
                                                     -> Cluster 30, loss : 2.12, accuracy 21.12%, model from round 23
                                                     ['0:14.50%', '1:1.40%', '2:0.00%', '3:0.10%', '4:55.30%', '5:39.00%', '6:0.00%', '7:0.00%', '8:18.60%', '9:82.30%']
                                                                                              <-> Client 0, global : from 21.12% to 10.00%, local : from 2.99% to 94.81%, training time : 8200msec
                                                     Cluster 30, round 1, loss : 4.68, accuracy 10.00% <-
                                                     Time past : 8200msec
                                                     ['0:0.00%', '1:100.00%', '2:0.00%', '3:0.00%', '4:0.00%', '5:0.00%', '6:0.00%', '7:0.00%', '8:0.00%', '9:0.00%']
                                          0msec<-
                                          ->0msec
                                                     -> Cluster 41, loss : 2.12, accuracy 21.12%, model from round 23
                                                     ['0:14.50%', '1:1.40%', '2:0.00%', '3:0.10%', '4:55.30%', '5:39.00%', '6:0.00%', '7:0.00%', '8:18.60%', '9:82.30%']
                                                                                              <-> Client 0, global : from 21.12% to 10.00%, local : from 1.00% to 94.81%, training time : 8200msec
                                                     Cluster 41, round 1, loss : 3.93, accuracy 10.00% <-
                                                     Time past : 8200msec
                                                     ['0:0.00%', '1:0.00%', '2:100.00%', '3:0.00%', '4:0.00%', '5:0.00%', '6:0.00%', '7:0.00%', '8:0.00%', '9:0.00%']
                                          0msec<-
                                          ->0msec
                                                     -> Cluster 61, loss : 2.12, accuracy 21.12%, model from round 23
                                                     ['0:14.50%', '1:1.40%', '2:0.00%', '3:0.10%', '4:55.30%', '5:39.00%', '6:0.00%', '7:0.00%', '8:18.60%', '9:82.30%']
                                                                                              <-> Client 0, global : from 21.12% to 10.13%, local : from 20.96% to 94.81%, training time : 16200msec
                                                     Cluster 61, round 1, loss : 4.15, accuracy 10.13% <-
                                                     Time past : 16200msec
                                                     ['0:0.00%', '1:0.00%', '2:0.00%', '3:0.00%', '4:1.30%', '5:0.00%', '6:0.00%', '7:0.00%', '8:100.00%', '9:0.00%']
                                          0msec<-
                                          ->0msec
                                                     -> Cluster 99, loss : 2.12, accuracy 21.12%, model from round 23
                                                     ['0:14.50%', '1:1.40%', '2:0.00%', '3:0.10%', '4:55.30%', '5:39.00%', '6:0.00%', '7:0.00%', '8:18.60%', '9:82.30%']
                                                                                              <-> Client 0, global : from 21.12% to 10.00%, local : from 15.43% to 95.19%, training time : 16200msec
                                                     Cluster 99, round 1, loss : 4.37, accuracy 10.00% <-
                                                     Time past : 16200msec
                                                     ['0:100.00%', '1:0.00%', '2:0.00%', '3:0.00%', '4:0.00%', '5:0.00%', '6:0.00%', '7:0.00%', '8:0.00%', '9:0.00%']
                                          0msec<-
                                          ->0msec
                                                     -> Cluster 18, loss : 2.12, accuracy 21.12%, model from round 23
                                                     ['0:14.50%', '1:1.40%', '2:0.00%', '3:0.10%', '4:55.30%', '5:39.00%', '6:0.00%', '7:0.00%', '8:18.60%', '9:82.30%']
                                                                                              <-> Client 0, global : from 21.12% to 10.01%, local : from 78.60% to 95.00%, training time : 8200msec
                                                     Cluster 18, round 1, loss : 4.18, accuracy 10.01% <-
                                                     Time past : 8200msec
                                                     ['0:0.00%', '1:0.00%', '2:0.00%', '3:0.00%', '4:0.00%', '5:0.10%', '6:0.00%', '7:0.00%', '8:0.00%', '9:100.00%']
                                          0msec<-
                                          ->0msec
                                                     -> Cluster 53, loss : 2.12, accuracy 21.12%, model from round 23
                                                     ['0:14.50%', '1:1.40%', '2:0.00%', '3:0.10%', '4:55.30%', '5:39.00%', '6:0.00%', '7:0.00%', '8:18.60%', '9:82.30%']
                                                                                              <-> Client 0, global : from 21.12% to 10.00%, local : from 1.40% to 95.00%, training time : 16200msec
                                                     Cluster 53, round 1, loss : 4.35, accuracy 10.00% <-
                                                     Time past : 16200msec
                                                     ['0:0.00%', '1:0.00%', '2:0.00%', '3:0.00%', '4:0.00%', '5:0.00%', '6:0.00%', '7:100.00%', '8:0.00%', '9:0.00%']
                                          0msec<-
                                          ->0msec
                                                     -> Cluster 89, loss : 2.12, accuracy 21.12%, model from round 23
                                                     ['0:14.50%', '1:1.40%', '2:0.00%', '3:0.10%', '4:55.30%', '5:39.00%', '6:0.00%', '7:0.00%', '8:18.60%', '9:82.30%']
                                                                                              <-> Client 0, global : from 21.12% to 10.00%, local : from 42.48% to 95.19%, training time : 16200msec
                                                     Cluster 89, round 1, loss : 4.39, accuracy 10.00% <-
                                                     Time past : 16200msec
                                                     ['0:0.00%', '1:0.00%', '2:0.00%', '3:0.00%', '4:0.00%', '5:100.00%', '6:0.00%', '7:0.00%', '8:0.00%', '9:0.00%']
                                          0msec<-
Central server round 23, loss : 2.12, accuracy :23.57%
Time past: 372600msec
['0:24.10%', '1:1.90%', '2:44.50%', '3:0.20%', '4:5.30%', '5:30.10%', '6:0.00%', '7:10.10%', '8:59.60%', '9:59.90%']
                                          ->0msec
                                                     -> Cluster 30, loss : 2.12, accuracy 23.57%, model from round 24
                                                     ['0:24.10%', '1:1.90%', '2:44.50%', '3:0.20%', '4:5.30%', '5:30.10%', '6:0.00%', '7:10.10%', '8:59.60%', '9:59.90%']
                                                                                              <-> Client 0, global : from 23.57% to 10.00%, local : from 2.79% to 94.81%, training time : 8200msec
                                                     Cluster 30, round 1, loss : 4.42, accuracy 10.00% <-
                                                     Time past : 8200msec
                                                     ['0:0.00%', '1:100.00%', '2:0.00%', '3:0.00%', '4:0.00%', '5:0.00%', '6:0.00%', '7:0.00%', '8:0.00%', '9:0.00%']
                                          0msec<-
                                          ->0msec
                                                     -> Cluster 82, loss : 2.12, accuracy 23.57%, model from round 24
                                                     ['0:24.10%', '1:1.90%', '2:44.50%', '3:0.20%', '4:5.30%', '5:30.10%', '6:0.00%', '7:10.10%', '8:59.60%', '9:59.90%']
                                                                                              <-> Client 0, global : from 23.57% to 11.73%, local : from 31.60% to 94.80%, training time : 16200msec
                                                     Cluster 82, round 1, loss : 4.14, accuracy 11.73% <-
                                                     Time past : 16200msec
                                                     ['0:0.00%', '1:0.00%', '2:0.00%', '3:0.00%', '4:0.00%', '5:100.00%', '6:0.00%', '7:0.00%', '8:17.30%', '9:0.00%']
                                          0msec<-
                                          ->0msec
                                                     -> Cluster 91, loss : 2.12, accuracy 23.57%, model from round 24
                                                     ['0:24.10%', '1:1.90%', '2:44.50%', '3:0.20%', '4:5.30%', '5:30.10%', '6:0.00%', '7:10.10%', '8:59.60%', '9:59.90%']
                                                                                              <-> Client 0, global : from 23.57% to 10.00%, local : from 21.20% to 95.00%, training time : 16200msec
                                                     Cluster 91, round 1, loss : 4.60, accuracy 10.00% <-
                                                     Time past : 16200msec
                                                     ['0:100.00%', '1:0.00%', '2:0.00%', '3:0.00%', '4:0.00%', '5:0.00%', '6:0.00%', '7:0.00%', '8:0.00%', '9:0.00%']
                                          0msec<-
                                          ->0msec
                                                     -> Cluster 99, loss : 2.12, accuracy 23.57%, model from round 24
                                                     ['0:24.10%', '1:1.90%', '2:44.50%', '3:0.20%', '4:5.30%', '5:30.10%', '6:0.00%', '7:10.10%', '8:59.60%', '9:59.90%']
                                                                                              <-> Client 0, global : from 23.57% to 10.00%, local : from 23.85% to 95.19%, training time : 16200msec
                                                     Cluster 99, round 1, loss : 4.35, accuracy 10.00% <-
                                                     Time past : 16200msec
                                                     ['0:100.00%', '1:0.00%', '2:0.00%', '3:0.00%', '4:0.00%', '5:0.00%', '6:0.00%', '7:0.00%', '8:0.00%', '9:0.00%']
                                          0msec<-
                                          ->0msec
                                                     -> Cluster 86, loss : 2.12, accuracy 23.57%, model from round 24
                                                     ['0:24.10%', '1:1.90%', '2:44.50%', '3:0.20%', '4:5.30%', '5:30.10%', '6:0.00%', '7:10.10%', '8:59.60%', '9:59.90%']
                                                                                              <-> Client 0, global : from 23.57% to 10.05%, local : from 29.66% to 95.19%, training time : 16200msec
                                                     Cluster 86, round 1, loss : 4.46, accuracy 10.05% <-
                                                     Time past : 16200msec
                                                     ['0:0.00%', '1:0.00%', '2:0.00%', '3:0.00%', '4:0.00%', '5:100.00%', '6:0.00%', '7:0.00%', '8:0.50%', '9:0.00%']
                                          0msec<-
                                          ->0msec
                                                     -> Cluster 8, loss : 2.12, accuracy 23.57%, model from round 24
                                                     ['0:24.10%', '1:1.90%', '2:44.50%', '3:0.20%', '4:5.30%', '5:30.10%', '6:0.00%', '7:10.10%', '8:59.60%', '9:59.90%']
                                                                                              <-> Client 0, global : from 23.57% to 10.01%, local : from 1.20% to 95.00%, training time : 8200msec
                                                     Cluster 8, round 1, loss : 4.70, accuracy 10.01% <-
                                                     Time past : 8200msec
                                                     ['0:0.00%', '1:0.00%', '2:0.00%', '3:0.00%', '4:0.00%', '5:0.00%', '6:100.00%', '7:0.00%', '8:0.10%', '9:0.00%']
                                          0msec<-
                                          ->0msec
                                                     -> Cluster 27, loss : 2.12, accuracy 23.57%, model from round 24
                                                     ['0:24.10%', '1:1.90%', '2:44.50%', '3:0.20%', '4:5.30%', '5:30.10%', '6:0.00%', '7:10.10%', '8:59.60%', '9:59.90%']
                                                                                              <-> Client 0, global : from 23.57% to 10.00%, local : from 5.60% to 95.00%, training time : 8200msec
                                                     Cluster 27, round 1, loss : 4.35, accuracy 10.00% <-
                                                     Time past : 8200msec
                                                     ['0:0.00%', '1:0.00%', '2:0.00%', '3:0.00%', '4:100.00%', '5:0.00%', '6:0.00%', '7:0.00%', '8:0.00%', '9:0.00%']
                                          0msec<-
                                          ->0msec
                                                     -> Cluster 32, loss : 2.12, accuracy 23.57%, model from round 24
                                                     ['0:24.10%', '1:1.90%', '2:44.50%', '3:0.20%', '4:5.30%', '5:30.10%', '6:0.00%', '7:10.10%', '8:59.60%', '9:59.90%']
                                                                                              <-> Client 0, global : from 23.57% to 10.00%, local : from 2.00% to 95.00%, training time : 8200msec
                                                     Cluster 32, round 1, loss : 4.74, accuracy 10.00% <-
                                                     Time past : 8200msec
                                                     ['0:0.00%', '1:100.00%', '2:0.00%', '3:0.00%', '4:0.00%', '5:0.00%', '6:0.00%', '7:0.00%', '8:0.00%', '9:0.00%']
                                          0msec<-
                                          ->0msec
                                                     -> Cluster 24, loss : 2.12, accuracy 23.57%, model from round 24
                                                     ['0:24.10%', '1:1.90%', '2:44.50%', '3:0.20%', '4:5.30%', '5:30.10%', '6:0.00%', '7:10.10%', '8:59.60%', '9:59.90%']
                                                                                              <-> Client 0, global : from 23.57% to 10.08%, local : from 4.20% to 95.00%, training time : 8200msec
                                                     Cluster 24, round 1, loss : 3.77, accuracy 10.08% <-
                                                     Time past : 8200msec
                                                     ['0:0.80%', '1:0.00%', '2:0.00%', '3:0.00%', '4:100.00%', '5:0.00%', '6:0.00%', '7:0.00%', '8:0.00%', '9:0.00%']
                                          0msec<-
                                          ->0msec
                                                     -> Cluster 33, loss : 2.12, accuracy 23.57%, model from round 24
                                                     ['0:24.10%', '1:1.90%', '2:44.50%', '3:0.20%', '4:5.30%', '5:30.10%', '6:0.00%', '7:10.10%', '8:59.60%', '9:59.90%']
                                                                                              <-> Client 0, global : from 23.57% to 10.00%, local : from 1.40% to 95.00%, training time : 8200msec
                                                     Cluster 33, round 1, loss : 4.50, accuracy 10.00% <-
                                                     Time past : 8200msec
                                                     ['0:0.00%', '1:100.00%', '2:0.00%', '3:0.00%', '4:0.00%', '5:0.00%', '6:0.00%', '7:0.00%', '8:0.00%', '9:0.00%']
                                          0msec<-
Central server round 24, loss : 2.31, accuracy :16.25%
Time past: 388800msec
['0:29.70%', '1:90.80%', '2:0.00%', '3:0.00%', '4:8.00%', '5:34.00%', '6:0.00%', '7:0.00%', '8:0.00%', '9:0.00%']
                                          ->0msec
                                                     -> Cluster 93, loss : 2.31, accuracy 16.25%, model from round 25
                                                     ['0:29.70%', '1:90.80%', '2:0.00%', '3:0.00%', '4:8.00%', '5:34.00%', '6:0.00%', '7:0.00%', '8:0.00%', '9:0.00%']
                                                                                              <-> Client 0, global : from 16.25% to 10.00%, local : from 26.65% to 95.19%, training time : 16200msec
                                                     Cluster 93, round 1, loss : 4.31, accuracy 10.00% <-
                                                     Time past : 16200msec
                                                     ['0:100.00%', '1:0.00%', '2:0.00%', '3:0.00%', '4:0.00%', '5:0.00%', '6:0.00%', '7:0.00%', '8:0.00%', '9:0.00%']
                                          0msec<-
                                          ->0msec
                                                     -> Cluster 10, loss : 2.31, accuracy 16.25%, model from round 25
                                                     ['0:29.70%', '1:90.80%', '2:0.00%', '3:0.00%', '4:8.00%', '5:34.00%', '6:0.00%', '7:0.00%', '8:0.00%', '9:0.00%']
                                                                                              <-> Client 0, global : from 16.25% to 10.00%, local : from 0.80% to 94.81%, training time : 8200msec
                                                     Cluster 10, round 1, loss : 4.04, accuracy 10.00% <-
                                                     Time past : 8200msec
                                                     ['0:0.00%', '1:0.00%', '2:0.00%', '3:0.00%', '4:0.00%', '5:0.00%', '6:0.00%', '7:0.00%', '8:0.00%', '9:100.00%']
                                          0msec<-
                                          ->0msec
                                                     -> Cluster 15, loss : 2.31, accuracy 16.25%, model from round 25
                                                     ['0:29.70%', '1:90.80%', '2:0.00%', '3:0.00%', '4:8.00%', '5:34.00%', '6:0.00%', '7:0.00%', '8:0.00%', '9:0.00%']
                                                                                              <-> Client 0, global : from 16.25% to 10.04%, local : from 0.60% to 95.00%, training time : 8200msec
                                                     Cluster 15, round 1, loss : 4.08, accuracy 10.04% <-
                                                     Time past : 8200msec
                                                     ['0:0.00%', '1:0.00%', '2:0.00%', '3:0.00%', '4:0.00%', '5:0.40%', '6:0.00%', '7:0.00%', '8:0.00%', '9:100.00%']
                                          0msec<-
                                          ->0msec
                                                     -> Cluster 11, loss : 2.31, accuracy 16.25%, model from round 25
                                                     ['0:29.70%', '1:90.80%', '2:0.00%', '3:0.00%', '4:8.00%', '5:34.00%', '6:0.00%', '7:0.00%', '8:0.00%', '9:0.00%']
                                                                                              <-> Client 0, global : from 16.25% to 10.00%, local : from 0.40% to 94.81%, training time : 8200msec
                                                     Cluster 11, round 1, loss : 4.29, accuracy 10.00% <-
                                                     Time past : 8200msec
                                                     ['0:0.00%', '1:0.00%', '2:0.00%', '3:0.00%', '4:0.00%', '5:0.00%', '6:0.00%', '7:0.00%', '8:0.00%', '9:100.00%']
                                          0msec<-
                                          ->0msec
                                                     -> Cluster 33, loss : 2.31, accuracy 16.25%, model from round 25
                                                     ['0:29.70%', '1:90.80%', '2:0.00%', '3:0.00%', '4:8.00%', '5:34.00%', '6:0.00%', '7:0.00%', '8:0.00%', '9:0.00%']
                                                                                              <-> Client 0, global : from 16.25% to 10.00%, local : from 87.00% to 95.00%, training time : 8200msec
                                                     Cluster 33, round 1, loss : 4.25, accuracy 10.00% <-
                                                     Time past : 8200msec
                                                     ['0:0.00%', '1:100.00%', '2:0.00%', '3:0.00%', '4:0.00%', '5:0.00%', '6:0.00%', '7:0.00%', '8:0.00%', '9:0.00%']
                                          0msec<-
                                          ->0msec
                                                     -> Cluster 37, loss : 2.31, accuracy 16.25%, model from round 25
                                                     ['0:29.70%', '1:90.80%', '2:0.00%', '3:0.00%', '4:8.00%', '5:34.00%', '6:0.00%', '7:0.00%', '8:0.00%', '9:0.00%']
                                                                                              <-> Client 0, global : from 16.25% to 10.00%, local : from 87.20% to 95.00%, training time : 8200msec
                                                     Cluster 37, round 1, loss : 4.64, accuracy 10.00% <-
                                                     Time past : 8200msec
                                                     ['0:0.00%', '1:100.00%', '2:0.00%', '3:0.00%', '4:0.00%', '5:0.00%', '6:0.00%', '7:0.00%', '8:0.00%', '9:0.00%']
                                          0msec<-
                                          ->0msec
                                                     -> Cluster 4, loss : 2.31, accuracy 16.25%, model from round 25
                                                     ['0:29.70%', '1:90.80%', '2:0.00%', '3:0.00%', '4:8.00%', '5:34.00%', '6:0.00%', '7:0.00%', '8:0.00%', '9:0.00%']
                                                                                              <-> Client 0, global : from 16.25% to 11.33%, local : from 0.80% to 95.00%, training time : 8200msec
                                                     Cluster 4, round 1, loss : 3.69, accuracy 11.33% <-
                                                     Time past : 8200msec
                                                     ['0:8.90%', '1:0.00%', '2:0.00%', '3:0.00%', '4:0.00%', '5:0.00%', '6:100.00%', '7:0.00%', '8:4.40%', '9:0.00%']
                                          0msec<-
                                          ->0msec
                                                     -> Cluster 45, loss : 2.31, accuracy 16.25%, model from round 25
                                                     ['0:29.70%', '1:90.80%', '2:0.00%', '3:0.00%', '4:8.00%', '5:34.00%', '6:0.00%', '7:0.00%', '8:0.00%', '9:0.00%']
                                                                                              <-> Client 0, global : from 16.25% to 10.00%, local : from 2.00% to 95.00%, training time : 8200msec
                                                     Cluster 45, round 1, loss : 4.98, accuracy 10.00% <-
                                                     Time past : 8200msec
                                                     ['0:0.00%', '1:0.00%', '2:100.00%', '3:0.00%', '4:0.00%', '5:0.00%', '6:0.00%', '7:0.00%', '8:0.00%', '9:0.00%']
                                          0msec<-
                                          ->0msec
                                                     -> Cluster 57, loss : 2.31, accuracy 16.25%, model from round 25
                                                     ['0:29.70%', '1:90.80%', '2:0.00%', '3:0.00%', '4:8.00%', '5:34.00%', '6:0.00%', '7:0.00%', '8:0.00%', '9:0.00%']
                                                                                              <-> Client 0, global : from 16.25% to 10.01%, local : from 1.00% to 95.00%, training time : 16200msec
                                                     Cluster 57, round 1, loss : 4.38, accuracy 10.01% <-
                                                     Time past : 16200msec
                                                     ['0:0.10%', '1:0.00%', '2:0.00%', '3:0.00%', '4:0.00%', '5:0.00%', '6:0.00%', '7:100.00%', '8:0.00%', '9:0.00%']
                                          0msec<-
                                          ->0msec
                                                     -> Cluster 74, loss : 2.31, accuracy 16.25%, model from round 25
                                                     ['0:29.70%', '1:90.80%', '2:0.00%', '3:0.00%', '4:8.00%', '5:34.00%', '6:0.00%', '7:0.00%', '8:0.00%', '9:0.00%']
                                                                                              <-> Client 0, global : from 16.25% to 10.05%, local : from 0.40% to 95.00%, training time : 16200msec
                                                     Cluster 74, round 1, loss : 4.29, accuracy 10.05% <-
                                                     Time past : 16200msec
                                                     ['0:0.00%', '1:0.00%', '2:0.00%', '3:100.00%', '4:0.00%', '5:0.00%', '6:0.00%', '7:0.00%', '8:0.50%', '9:0.00%']
                                          0msec<-
Central server round 25, loss : 2.16, accuracy :19.97%
Time past: 405000msec
['0:27.10%', '1:13.00%', '2:0.00%', '3:0.20%', '4:0.00%', '5:9.60%', '6:52.10%', '7:9.00%', '8:0.30%', '9:88.40%']
                                          ->0msec
                                                     -> Cluster 82, loss : 2.16, accuracy 19.97%, model from round 26
                                                     ['0:27.10%', '1:13.00%', '2:0.00%', '3:0.20%', '4:0.00%', '5:9.60%', '6:52.10%', '7:9.00%', '8:0.30%', '9:88.40%']
                                                                                              <-> Client 0, global : from 19.97% to 11.20%, local : from 9.00% to 94.80%, training time : 16200msec
                                                     Cluster 82, round 1, loss : 4.18, accuracy 11.20% <-
                                                     Time past : 16200msec
                                                     ['0:0.00%', '1:0.00%', '2:0.00%', '3:0.00%', '4:0.00%', '5:100.00%', '6:0.00%', '7:0.00%', '8:12.00%', '9:0.00%']
                                          0msec<-
                                          ->0msec
                                                     -> Cluster 74, loss : 2.16, accuracy 19.97%, model from round 26
                                                     ['0:27.10%', '1:13.00%', '2:0.00%', '3:0.20%', '4:0.00%', '5:9.60%', '6:52.10%', '7:9.00%', '8:0.30%', '9:88.40%']
                                                                                              <-> Client 0, global : from 19.97% to 10.04%, local : from 1.20% to 95.00%, training time : 16200msec
                                                     Cluster 74, round 1, loss : 4.41, accuracy 10.04% <-
                                                     Time past : 16200msec
                                                     ['0:0.00%', '1:0.00%', '2:0.00%', '3:100.00%', '4:0.00%', '5:0.00%', '6:0.00%', '7:0.00%', '8:0.40%', '9:0.00%']
                                          0msec<-
                                          ->0msec
                                                     -> Cluster 95, loss : 2.16, accuracy 19.97%, model from round 26
                                                     ['0:27.10%', '1:13.00%', '2:0.00%', '3:0.20%', '4:0.00%', '5:9.60%', '6:52.10%', '7:9.00%', '8:0.30%', '9:88.40%']
                                                                                              <-> Client 0, global : from 19.97% to 10.00%, local : from 26.85% to 95.19%, training time : 16200msec
                                                     Cluster 95, round 1, loss : 4.24, accuracy 10.00% <-
                                                     Time past : 16200msec
                                                     ['0:100.00%', '1:0.00%', '2:0.00%', '3:0.00%', '4:0.00%', '5:0.00%', '6:0.00%', '7:0.00%', '8:0.00%', '9:0.00%']
                                          0msec<-
                                          ->0msec
                                                     -> Cluster 62, loss : 2.16, accuracy 19.97%, model from round 26
                                                     ['0:27.10%', '1:13.00%', '2:0.00%', '3:0.20%', '4:0.00%', '5:9.60%', '6:52.10%', '7:9.00%', '8:0.30%', '9:88.40%']
                                                                                              <-> Client 0, global : from 19.97% to 10.29%, local : from 1.00% to 95.00%, training time : 16200msec
                                                     Cluster 62, round 1, loss : 3.43, accuracy 10.29% <-
                                                     Time past : 16200msec
                                                     ['0:0.00%', '1:0.00%', '2:0.00%', '3:0.60%', '4:0.00%', '5:0.00%', '6:2.30%', '7:0.00%', '8:100.00%', '9:0.00%']
                                          0msec<-
                                          ->0msec
                                                     -> Cluster 50, loss : 2.16, accuracy 19.97%, model from round 26
                                                     ['0:27.10%', '1:13.00%', '2:0.00%', '3:0.20%', '4:0.00%', '5:9.60%', '6:52.10%', '7:9.00%', '8:0.30%', '9:88.40%']
                                                                                              <-> Client 0, global : from 19.97% to 10.00%, local : from 9.98% to 94.81%, training time : 16200msec
                                                     Cluster 50, round 1, loss : 4.28, accuracy 10.00% <-
                                                     Time past : 16200msec
                                                     ['0:0.00%', '1:0.00%', '2:0.00%', '3:0.00%', '4:0.00%', '5:0.00%', '6:0.00%', '7:100.00%', '8:0.00%', '9:0.00%']
                                          0msec<-
                                          ->0msec
                                                     -> Cluster 16, loss : 2.16, accuracy 19.97%, model from round 26
                                                     ['0:27.10%', '1:13.00%', '2:0.00%', '3:0.20%', '4:0.00%', '5:9.60%', '6:52.10%', '7:9.00%', '8:0.30%', '9:88.40%']
                                                                                              <-> Client 0, global : from 19.97% to 10.37%, local : from 86.40% to 95.00%, training time : 8200msec
                                                     Cluster 16, round 1, loss : 3.50, accuracy 10.37% <-
                                                     Time past : 8200msec
                                                     ['0:0.00%', '1:0.00%', '2:0.00%', '3:0.70%', '4:0.00%', '5:0.20%', '6:2.90%', '7:0.00%', '8:0.00%', '9:99.90%']
                                          0msec<-
                                          ->0msec
                                                     -> Cluster 69, loss : 2.16, accuracy 19.97%, model from round 26
                                                     ['0:27.10%', '1:13.00%', '2:0.00%', '3:0.20%', '4:0.00%', '5:9.60%', '6:52.10%', '7:9.00%', '8:0.30%', '9:88.40%']
                                                                                              <-> Client 0, global : from 19.97% to 11.91%, local : from 2.40% to 95.60%, training time : 16200msec
                                                     Cluster 69, round 1, loss : 3.77, accuracy 11.91% <-
                                                     Time past : 16200msec
                                                     ['0:0.00%', '1:0.00%', '2:0.00%', '3:0.00%', '4:0.10%', '5:0.00%', '6:19.00%', '7:0.00%', '8:100.00%', '9:0.00%']
                                          0msec<-
                                          ->0msec
                                                     -> Cluster 40, loss : 2.16, accuracy 19.97%, model from round 26
                                                     ['0:27.10%', '1:13.00%', '2:0.00%', '3:0.20%', '4:0.00%', '5:9.60%', '6:52.10%', '7:9.00%', '8:0.30%', '9:88.40%']
                                                                                              <-> Client 0, global : from 19.97% to 10.00%, local : from 1.40% to 94.81%, training time : 8200msec
                                                     Cluster 40, round 1, loss : 4.50, accuracy 10.00% <-
                                                     Time past : 8200msec
                                                     ['0:0.00%', '1:0.00%', '2:100.00%', '3:0.00%', '4:0.00%', '5:0.00%', '6:0.00%', '7:0.00%', '8:0.00%', '9:0.00%']
                                          0msec<-
                                          ->0msec
                                                     -> Cluster 15, loss : 2.16, accuracy 19.97%, model from round 26
                                                     ['0:27.10%', '1:13.00%', '2:0.00%', '3:0.20%', '4:0.00%', '5:9.60%', '6:52.10%', '7:9.00%', '8:0.30%', '9:88.40%']
                                                                                              <-> Client 0, global : from 19.97% to 10.06%, local : from 88.40% to 95.00%, training time : 8200msec
                                                     Cluster 15, round 1, loss : 4.21, accuracy 10.06% <-
                                                     Time past : 8200msec
                                                     ['0:0.00%', '1:0.00%', '2:0.00%', '3:0.00%', '4:0.00%', '5:0.40%', '6:0.20%', '7:0.00%', '8:0.00%', '9:100.00%']
                                          0msec<-
                                          ->0msec
                                                     -> Cluster 35, loss : 2.16, accuracy 19.97%, model from round 26
                                                     ['0:27.10%', '1:13.00%', '2:0.00%', '3:0.20%', '4:0.00%', '5:9.60%', '6:52.10%', '7:9.00%', '8:0.30%', '9:88.40%']
                                                                                              <-> Client 0, global : from 19.97% to 10.00%, local : from 12.00% to 95.00%, training time : 8200msec
                                                     Cluster 35, round 1, loss : 4.72, accuracy 10.00% <-
                                                     Time past : 8200msec
                                                     ['0:0.00%', '1:100.00%', '2:0.00%', '3:0.00%', '4:0.00%', '5:0.00%', '6:0.00%', '7:0.00%', '8:0.00%', '9:0.00%']
                                          0msec<-
Central server round 26, loss : 2.07, accuracy :24.06%
Time past: 421200msec
['0:10.50%', '1:6.70%', '2:1.00%', '3:4.10%', '4:0.00%', '5:42.70%', '6:41.80%', '7:5.10%', '8:61.80%', '9:66.90%']
                                          ->0msec
                                                     -> Cluster 84, loss : 2.07, accuracy 24.06%, model from round 27
                                                     ['0:10.50%', '1:6.70%', '2:1.00%', '3:4.10%', '4:0.00%', '5:42.70%', '6:41.80%', '7:5.10%', '8:61.80%', '9:66.90%']
                                                                                              <-> Client 0, global : from 24.06% to 10.06%, local : from 45.29% to 95.19%, training time : 16200msec
                                                     Cluster 84, round 1, loss : 4.37, accuracy 10.06% <-
                                                     Time past : 16200msec
                                                     ['0:0.00%', '1:0.00%', '2:0.00%', '3:0.00%', '4:0.00%', '5:100.00%', '6:0.00%', '7:0.00%', '8:0.60%', '9:0.00%']
                                          0msec<-
                                          ->0msec
                                                     -> Cluster 86, loss : 2.07, accuracy 24.06%, model from round 27
                                                     ['0:10.50%', '1:6.70%', '2:1.00%', '3:4.10%', '4:0.00%', '5:42.70%', '6:41.80%', '7:5.10%', '8:61.80%', '9:66.90%']
                                                                                              <-> Client 0, global : from 24.06% to 10.42%, local : from 42.89% to 95.19%, training time : 16200msec
                                                     Cluster 86, round 1, loss : 4.04, accuracy 10.42% <-
                                                     Time past : 16200msec
                                                     ['0:0.00%', '1:0.00%', '2:0.00%', '3:0.00%', '4:0.00%', '5:100.00%', '6:0.00%', '7:0.00%', '8:3.30%', '9:0.90%']
                                          0msec<-
                                          ->0msec
                                                     -> Cluster 85, loss : 2.07, accuracy 24.06%, model from round 27
                                                     ['0:10.50%', '1:6.70%', '2:1.00%', '3:4.10%', '4:0.00%', '5:42.70%', '6:41.80%', '7:5.10%', '8:61.80%', '9:66.90%']
                                                                                              <-> Client 0, global : from 24.06% to 10.42%, local : from 42.28% to 95.19%, training time : 16200msec
                                                     Cluster 85, round 1, loss : 4.59, accuracy 10.42% <-
                                                     Time past : 16200msec
                                                     ['0:0.20%', '1:0.00%', '2:0.00%', '3:0.00%', '4:0.00%', '5:100.00%', '6:0.00%', '7:0.00%', '8:4.00%', '9:0.00%']
                                          0msec<-
                                          ->0msec
                                                     -> Cluster 83, loss : 2.07, accuracy 24.06%, model from round 27
                                                     ['0:10.50%', '1:6.70%', '2:1.00%', '3:4.10%', '4:0.00%', '5:42.70%', '6:41.80%', '7:5.10%', '8:61.80%', '9:66.90%']
                                                                                              <-> Client 0, global : from 24.06% to 10.01%, local : from 41.08% to 95.19%, training time : 16200msec
                                                     Cluster 83, round 1, loss : 4.50, accuracy 10.01% <-
                                                     Time past : 16200msec
                                                     ['0:0.00%', '1:0.00%', '2:0.00%', '3:0.00%', '4:0.00%', '5:100.00%', '6:0.00%', '7:0.00%', '8:0.10%', '9:0.00%']
                                          0msec<-
                                          ->0msec
                                                     -> Cluster 33, loss : 2.07, accuracy 24.06%, model from round 27
                                                     ['0:10.50%', '1:6.70%', '2:1.00%', '3:4.10%', '4:0.00%', '5:42.70%', '6:41.80%', '7:5.10%', '8:61.80%', '9:66.90%']
                                                                                              <-> Client 0, global : from 24.06% to 10.00%, local : from 6.80% to 95.00%, training time : 8200msec
                                                     Cluster 33, round 1, loss : 4.56, accuracy 10.00% <-
                                                     Time past : 8200msec
                                                     ['0:0.00%', '1:100.00%', '2:0.00%', '3:0.00%', '4:0.00%', '5:0.00%', '6:0.00%', '7:0.00%', '8:0.00%', '9:0.00%']
                                          0msec<-
                                          ->0msec
                                                     -> Cluster 13, loss : 2.07, accuracy 24.06%, model from round 27
                                                     ['0:10.50%', '1:6.70%', '2:1.00%', '3:4.10%', '4:0.00%', '5:42.70%', '6:41.80%', '7:5.10%', '8:61.80%', '9:66.90%']
                                                                                              <-> Client 0, global : from 24.06% to 10.03%, local : from 67.40% to 95.00%, training time : 8200msec
                                                     Cluster 13, round 1, loss : 3.95, accuracy 10.03% <-
                                                     Time past : 8200msec
                                                     ['0:0.00%', '1:0.00%', '2:0.00%', '3:0.00%', '4:0.00%', '5:0.30%', '6:0.00%', '7:0.00%', '8:0.00%', '9:100.00%']
                                          0msec<-
                                          ->0msec
                                                     -> Cluster 96, loss : 2.07, accuracy 24.06%, model from round 27
                                                     ['0:10.50%', '1:6.70%', '2:1.00%', '3:4.10%', '4:0.00%', '5:42.70%', '6:41.80%', '7:5.10%', '8:61.80%', '9:66.90%']
                                                                                              <-> Client 0, global : from 24.06% to 10.00%, local : from 10.62% to 95.19%, training time : 16200msec
                                                     Cluster 96, round 1, loss : 4.35, accuracy 10.00% <-
                                                     Time past : 16200msec
                                                     ['0:100.00%', '1:0.00%', '2:0.00%', '3:0.00%', '4:0.00%', '5:0.00%', '6:0.00%', '7:0.00%', '8:0.00%', '9:0.00%']
                                          0msec<-
                                          ->0msec
                                                     -> Cluster 43, loss : 2.07, accuracy 24.06%, model from round 27
                                                     ['0:10.50%', '1:6.70%', '2:1.00%', '3:4.10%', '4:0.00%', '5:42.70%', '6:41.80%', '7:5.10%', '8:61.80%', '9:66.90%']
                                                                                              <-> Client 0, global : from 24.06% to 10.00%, local : from 2.40% to 95.00%, training time : 8200msec
                                                     Cluster 43, round 1, loss : 4.70, accuracy 10.00% <-
                                                     Time past : 8200msec
                                                     ['0:0.00%', '1:0.00%', '2:100.00%', '3:0.00%', '4:0.00%', '5:0.00%', '6:0.00%', '7:0.00%', '8:0.00%', '9:0.00%']
                                          0msec<-
                                          ->0msec
                                                     -> Cluster 72, loss : 2.07, accuracy 24.06%, model from round 27
                                                     ['0:10.50%', '1:6.70%', '2:1.00%', '3:4.10%', '4:0.00%', '5:42.70%', '6:41.80%', '7:5.10%', '8:61.80%', '9:66.90%']
                                                                                              <-> Client 0, global : from 24.06% to 10.00%, local : from 6.20% to 95.00%, training time : 16200msec
                                                     Cluster 72, round 1, loss : 4.93, accuracy 10.00% <-
                                                     Time past : 16200msec
                                                     ['0:0.00%', '1:0.00%', '2:0.00%', '3:100.00%', '4:0.00%', '5:0.00%', '6:0.00%', '7:0.00%', '8:0.00%', '9:0.00%']
                                          0msec<-
                                          ->0msec
                                                     -> Cluster 68, loss : 2.07, accuracy 24.06%, model from round 27
                                                     ['0:10.50%', '1:6.70%', '2:1.00%', '3:4.10%', '4:0.00%', '5:42.70%', '6:41.80%', '7:5.10%', '8:61.80%', '9:66.90%']
                                                                                              <-> Client 0, global : from 24.06% to 10.14%, local : from 62.40% to 95.00%, training time : 16200msec
                                                     Cluster 68, round 1, loss : 4.55, accuracy 10.14% <-
                                                     Time past : 16200msec
                                                     ['0:0.00%', '1:0.00%', '2:0.00%', '3:0.00%', '4:0.00%', '5:0.00%', '6:1.40%', '7:0.00%', '8:100.00%', '9:0.00%']
                                          0msec<-
Central server round 27, loss : 2.28, accuracy :17.76%
Time past: 437400msec
['0:12.30%', '1:0.00%', '2:0.00%', '3:0.00%', '4:0.00%', '5:97.70%', '6:0.00%', '7:0.00%', '8:39.40%', '9:28.20%']
                                          ->0msec
                                                     -> Cluster 15, loss : 2.28, accuracy 17.76%, model from round 28
                                                     ['0:12.30%', '1:0.00%', '2:0.00%', '3:0.00%', '4:0.00%', '5:97.70%', '6:0.00%', '7:0.00%', '8:39.40%', '9:28.20%']
                                                                                              <-> Client 0, global : from 17.76% to 10.26%, local : from 31.00% to 95.00%, training time : 8200msec
                                                     Cluster 15, round 1, loss : 3.64, accuracy 10.26% <-
                                                     Time past : 8200msec
                                                     ['0:0.00%', '1:0.00%', '2:0.00%', '3:0.00%', '4:0.00%', '5:1.30%', '6:1.40%', '7:0.00%', '8:0.00%', '9:99.90%']
                                          0msec<-
                                          ->0msec
                                                     -> Cluster 13, loss : 2.28, accuracy 17.76%, model from round 28
                                                     ['0:12.30%', '1:0.00%', '2:0.00%', '3:0.00%', '4:0.00%', '5:97.70%', '6:0.00%', '7:0.00%', '8:39.40%', '9:28.20%']
                                                                                              <-> Client 0, global : from 17.76% to 10.03%, local : from 29.60% to 95.00%, training time : 8200msec
                                                     Cluster 13, round 1, loss : 3.93, accuracy 10.03% <-
                                                     Time past : 8200msec
                                                     ['0:0.00%', '1:0.00%', '2:0.00%', '3:0.00%', '4:0.00%', '5:0.30%', '6:0.00%', '7:0.00%', '8:0.00%', '9:100.00%']
                                          0msec<-
                                          ->0msec
                                                     -> Cluster 71, loss : 2.28, accuracy 17.76%, model from round 28
                                                     ['0:12.30%', '1:0.00%', '2:0.00%', '3:0.00%', '4:0.00%', '5:97.70%', '6:0.00%', '7:0.00%', '8:39.40%', '9:28.20%']
                                                                                              <-> Client 0, global : from 17.76% to 10.05%, local : from 1.40% to 95.00%, training time : 16200msec
                                                     Cluster 71, round 1, loss : 4.88, accuracy 10.05% <-
                                                     Time past : 16200msec
                                                     ['0:0.00%', '1:0.00%', '2:0.00%', '3:100.00%', '4:0.00%', '5:0.00%', '6:0.00%', '7:0.00%', '8:0.40%', '9:0.10%']
                                          0msec<-
                                          ->0msec
                                                     -> Cluster 18, loss : 2.28, accuracy 17.76%, model from round 28
                                                     ['0:12.30%', '1:0.00%', '2:0.00%', '3:0.00%', '4:0.00%', '5:97.70%', '6:0.00%', '7:0.00%', '8:39.40%', '9:28.20%']
                                                                                              <-> Client 0, global : from 17.76% to 10.00%, local : from 31.00% to 95.00%, training time : 8200msec
                                                     Cluster 18, round 1, loss : 4.48, accuracy 10.00% <-
                                                     Time past : 8200msec
                                                     ['0:0.00%', '1:0.00%', '2:0.00%', '3:0.00%', '4:0.00%', '5:0.00%', '6:0.00%', '7:0.00%', '8:0.00%', '9:100.00%']
                                          0msec<-
                                          ->0msec
                                                     -> Cluster 42, loss : 2.28, accuracy 17.76%, model from round 28
                                                     ['0:12.30%', '1:0.00%', '2:0.00%', '3:0.00%', '4:0.00%', '5:97.70%', '6:0.00%', '7:0.00%', '8:39.40%', '9:28.20%']
                                                                                              <-> Client 0, global : from 17.76% to 10.02%, local : from 1.80% to 95.00%, training time : 8200msec
                                                     Cluster 42, round 1, loss : 3.98, accuracy 10.02% <-
                                                     Time past : 8200msec
                                                     ['0:0.00%', '1:0.00%', '2:100.00%', '3:0.00%', '4:0.00%', '5:0.00%', '6:0.00%', '7:0.00%', '8:0.20%', '9:0.00%']
                                          0msec<-
                                          ->0msec
                                                     -> Cluster 82, loss : 2.28, accuracy 17.76%, model from round 28
                                                     ['0:12.30%', '1:0.00%', '2:0.00%', '3:0.00%', '4:0.00%', '5:97.70%', '6:0.00%', '7:0.00%', '8:39.40%', '9:28.20%']
                                                                                              <-> Client 0, global : from 17.76% to 10.25%, local : from 93.60% to 95.00%, training time : 16200msec
                                                     Cluster 82, round 1, loss : 4.97, accuracy 10.25% <-
                                                     Time past : 16200msec
                                                     ['0:0.00%', '1:0.00%', '2:0.00%', '3:0.00%', '4:0.00%', '5:100.00%', '6:0.00%', '7:0.00%', '8:2.50%', '9:0.00%']
                                          0msec<-
                                          ->0msec
                                                     -> Cluster 92, loss : 2.28, accuracy 17.76%, model from round 28
                                                     ['0:12.30%', '1:0.00%', '2:0.00%', '3:0.00%', '4:0.00%', '5:97.70%', '6:0.00%', '7:0.00%', '8:39.40%', '9:28.20%']
                                                                                              <-> Client 0, global : from 17.76% to 10.00%, local : from 8.60% to 95.00%, training time : 16200msec
                                                     Cluster 92, round 1, loss : 4.75, accuracy 10.00% <-
                                                     Time past : 16200msec
                                                     ['0:100.00%', '1:0.00%', '2:0.00%', '3:0.00%', '4:0.00%', '5:0.00%', '6:0.00%', '7:0.00%', '8:0.00%', '9:0.00%']
                                          0msec<-
                                          ->0msec
                                                     -> Cluster 83, loss : 2.28, accuracy 17.76%, model from round 28
                                                     ['0:12.30%', '1:0.00%', '2:0.00%', '3:0.00%', '4:0.00%', '5:97.70%', '6:0.00%', '7:0.00%', '8:39.40%', '9:28.20%']
                                                                                              <-> Client 0, global : from 17.76% to 10.04%, local : from 93.79% to 95.19%, training time : 16200msec
                                                     Cluster 83, round 1, loss : 4.39, accuracy 10.04% <-
                                                     Time past : 16200msec
                                                     ['0:0.00%', '1:0.00%', '2:0.00%', '3:0.00%', '4:0.00%', '5:100.00%', '6:0.00%', '7:0.00%', '8:0.40%', '9:0.00%']
                                          0msec<-
                                          ->0msec
                                                     -> Cluster 76, loss : 2.28, accuracy 17.76%, model from round 28
                                                     ['0:12.30%', '1:0.00%', '2:0.00%', '3:0.00%', '4:0.00%', '5:97.70%', '6:0.00%', '7:0.00%', '8:39.40%', '9:28.20%']
                                                                                              <-> Client 0, global : from 17.76% to 10.47%, local : from 1.40% to 95.00%, training time : 16200msec
                                                     Cluster 76, round 1, loss : 4.45, accuracy 10.47% <-
                                                     Time past : 16200msec
                                                     ['0:0.00%', '1:0.00%', '2:0.00%', '3:99.90%', '4:0.00%', '5:0.00%', '6:0.00%', '7:0.00%', '8:4.80%', '9:0.00%']
                                          0msec<-
                                          ->0msec
                                                     -> Cluster 53, loss : 2.28, accuracy 17.76%, model from round 28
                                                     ['0:12.30%', '1:0.00%', '2:0.00%', '3:0.00%', '4:0.00%', '5:97.70%', '6:0.00%', '7:0.00%', '8:39.40%', '9:28.20%']
                                                                                              <-> Client 0, global : from 17.76% to 10.33%, local : from 1.00% to 95.00%, training time : 16200msec
                                                     Cluster 53, round 1, loss : 3.66, accuracy 10.33% <-
                                                     Time past : 16200msec
                                                     ['0:0.00%', '1:0.00%', '2:0.00%', '3:0.00%', '4:0.00%', '5:0.00%', '6:0.00%', '7:100.00%', '8:3.30%', '9:0.00%']
                                          0msec<-
Central server round 28, loss : 2.17, accuracy :18.44%
Time past: 453600msec
['0:22.60%', '1:0.10%', '2:0.00%', '3:5.70%', '4:0.00%', '5:56.20%', '6:1.10%', '7:0.10%', '8:8.90%', '9:89.70%']
                                          ->0msec
                                                     -> Cluster 45, loss : 2.17, accuracy 18.44%, model from round 29
                                                     ['0:22.60%', '1:0.10%', '2:0.00%', '3:5.70%', '4:0.00%', '5:56.20%', '6:1.10%', '7:0.10%', '8:8.90%', '9:89.70%']
                                                                                              <-> Client 0, global : from 18.44% to 10.00%, local : from 1.00% to 95.00%, training time : 8200msec
                                                     Cluster 45, round 1, loss : 3.91, accuracy 10.00% <-
                                                     Time past : 8200msec
                                                     ['0:0.00%', '1:0.00%', '2:100.00%', '3:0.00%', '4:0.00%', '5:0.00%', '6:0.00%', '7:0.00%', '8:0.00%', '9:0.00%']
                                          0msec<-
                                          ->0msec
                                                     -> Cluster 12, loss : 2.17, accuracy 18.44%, model from round 29
                                                     ['0:22.60%', '1:0.10%', '2:0.00%', '3:5.70%', '4:0.00%', '5:56.20%', '6:1.10%', '7:0.10%', '8:8.90%', '9:89.70%']
                                                                                              <-> Client 0, global : from 18.44% to 10.01%, local : from 86.20% to 95.00%, training time : 8200msec
                                                     Cluster 12, round 1, loss : 4.31, accuracy 10.01% <-
                                                     Time past : 8200msec
                                                     ['0:0.00%', '1:0.00%', '2:0.00%', '3:0.00%', '4:0.00%', '5:0.10%', '6:0.00%', '7:0.00%', '8:0.00%', '9:100.00%']
                                          0msec<-
                                          ->0msec
                                                     -> Cluster 34, loss : 2.17, accuracy 18.44%, model from round 29
                                                     ['0:22.60%', '1:0.10%', '2:0.00%', '3:5.70%', '4:0.00%', '5:56.20%', '6:1.10%', '7:0.10%', '8:8.90%', '9:89.70%']
                                                                                              <-> Client 0, global : from 18.44% to 10.00%, local : from 0.40% to 95.00%, training time : 8200msec
                                                     Cluster 34, round 1, loss : 5.05, accuracy 10.00% <-
                                                     Time past : 8200msec
                                                     ['0:0.00%', '1:100.00%', '2:0.00%', '3:0.00%', '4:0.00%', '5:0.00%', '6:0.00%', '7:0.00%', '8:0.00%', '9:0.00%']
                                          0msec<-
                                          ->0msec
                                                     -> Cluster 49, loss : 2.17, accuracy 18.44%, model from round 29
                                                     ['0:22.60%', '1:0.10%', '2:0.00%', '3:5.70%', '4:0.00%', '5:56.20%', '6:1.10%', '7:0.10%', '8:8.90%', '9:89.70%']
                                                                                              <-> Client 0, global : from 18.44% to 10.03%, local : from 1.00% to 95.00%, training time : 8200msec
                                                     Cluster 49, round 1, loss : 4.33, accuracy 10.03% <-
                                                     Time past : 8200msec
                                                     ['0:0.00%', '1:0.00%', '2:100.00%', '3:0.00%', '4:0.00%', '5:0.00%', '6:0.00%', '7:0.00%', '8:0.30%', '9:0.00%']
                                          0msec<-
                                          ->0msec
                                                     -> Cluster 6, loss : 2.17, accuracy 18.44%, model from round 29
                                                     ['0:22.60%', '1:0.10%', '2:0.00%', '3:5.70%', '4:0.00%', '5:56.20%', '6:1.10%', '7:0.10%', '8:8.90%', '9:89.70%']
                                                                                              <-> Client 0, global : from 18.44% to 10.35%, local : from 2.20% to 95.00%, training time : 8200msec
                                                     Cluster 6, round 1, loss : 4.38, accuracy 10.35% <-
                                                     Time past : 8200msec
                                                     ['0:3.40%', '1:0.00%', '2:0.00%', '3:0.00%', '4:0.00%', '5:0.00%', '6:100.00%', '7:0.00%', '8:0.10%', '9:0.00%']
                                          0msec<-
                                          ->0msec
                                                     -> Cluster 17, loss : 2.17, accuracy 18.44%, model from round 29
                                                     ['0:22.60%', '1:0.10%', '2:0.00%', '3:5.70%', '4:0.00%', '5:56.20%', '6:1.10%', '7:0.10%', '8:8.90%', '9:89.70%']
                                                                                              <-> Client 0, global : from 18.44% to 10.09%, local : from 87.40% to 95.00%, training time : 8200msec
                                                     Cluster 17, round 1, loss : 4.05, accuracy 10.09% <-
                                                     Time past : 8200msec
                                                     ['0:0.00%', '1:0.00%', '2:0.00%', '3:0.90%', '4:0.00%', '5:0.00%', '6:0.00%', '7:0.00%', '8:0.00%', '9:100.00%']
                                          0msec<-
                                          ->0msec
                                                     -> Cluster 5, loss : 2.17, accuracy 18.44%, model from round 29
                                                     ['0:22.60%', '1:0.10%', '2:0.00%', '3:5.70%', '4:0.00%', '5:56.20%', '6:1.10%', '7:0.10%', '8:8.90%', '9:89.70%']
                                                                                              <-> Client 0, global : from 18.44% to 11.01%, local : from 2.60% to 95.00%, training time : 8200msec
                                                     Cluster 5, round 1, loss : 4.04, accuracy 11.01% <-
                                                     Time past : 8200msec
                                                     ['0:0.00%', '1:0.00%', '2:0.00%', '3:0.00%', '4:0.00%', '5:0.00%', '6:100.00%', '7:0.00%', '8:8.20%', '9:1.90%']
                                          0msec<-
                                          ->0msec
                                                     -> Cluster 61, loss : 2.17, accuracy 18.44%, model from round 29
                                                     ['0:22.60%', '1:0.10%', '2:0.00%', '3:5.70%', '4:0.00%', '5:56.20%', '6:1.10%', '7:0.10%', '8:8.90%', '9:89.70%']
                                                                                              <-> Client 0, global : from 18.44% to 10.41%, local : from 9.78% to 95.01%, training time : 16200msec
                                                     Cluster 61, round 1, loss : 4.28, accuracy 10.41% <-
                                                     Time past : 16200msec
                                                     ['0:0.00%', '1:0.00%', '2:0.00%', '3:0.00%', '4:4.00%', '5:0.10%', '6:0.00%', '7:0.00%', '8:100.00%', '9:0.00%']
                                          0msec<-
                                          ->0msec
                                                     -> Cluster 64, loss : 2.17, accuracy 18.44%, model from round 29
                                                     ['0:22.60%', '1:0.10%', '2:0.00%', '3:5.70%', '4:0.00%', '5:56.20%', '6:1.10%', '7:0.10%', '8:8.90%', '9:89.70%']
                                                                                              <-> Client 0, global : from 18.44% to 10.86%, local : from 8.20% to 95.00%, training time : 16200msec
                                                     Cluster 64, round 1, loss : 3.47, accuracy 10.86% <-
                                                     Time past : 16200msec
                                                     ['0:0.00%', '1:0.00%', '2:0.00%', '3:0.00%', '4:5.80%', '5:0.00%', '6:2.30%', '7:0.50%', '8:100.00%', '9:0.00%']
                                          0msec<-
                                          ->0msec
                                                     -> Cluster 31, loss : 2.17, accuracy 18.44%, model from round 29
                                                     ['0:22.60%', '1:0.10%', '2:0.00%', '3:5.70%', '4:0.00%', '5:56.20%', '6:1.10%', '7:0.10%', '8:8.90%', '9:89.70%']
                                                                                              <-> Client 0, global : from 18.44% to 10.00%, local : from 0.40% to 94.81%, training time : 8200msec
                                                     Cluster 31, round 1, loss : 4.94, accuracy 10.00% <-
                                                     Time past : 8200msec
                                                     ['0:0.00%', '1:100.00%', '2:0.00%', '3:0.00%', '4:0.00%', '5:0.00%', '6:0.00%', '7:0.00%', '8:0.00%', '9:0.00%']
                                          0msec<-
Central server round 29, loss : 2.15, accuracy :22.80%
Time past: 469800msec
['0:0.60%', '1:33.80%', '2:25.10%', '3:0.00%', '4:0.00%', '5:0.00%', '6:50.90%', '7:0.00%', '8:60.60%', '9:57.00%']
                                          ->0msec
                                                     -> Cluster 75, loss : 2.15, accuracy 22.80%, model from round 30
                                                     ['0:0.60%', '1:33.80%', '2:25.10%', '3:0.00%', '4:0.00%', '5:0.00%', '6:50.90%', '7:0.00%', '8:60.60%', '9:57.00%']
                                                                                              <-> Client 0, global : from 22.80% to 10.03%, local : from 1.80% to 95.00%, training time : 16200msec
                                                     Cluster 75, round 1, loss : 4.05, accuracy 10.03% <-
                                                     Time past : 16200msec
                                                     ['0:0.00%', '1:0.00%', '2:0.00%', '3:100.00%', '4:0.00%', '5:0.00%', '6:0.00%', '7:0.00%', '8:0.30%', '9:0.00%']
                                          0msec<-
                                          ->0msec
                                                     -> Cluster 12, loss : 2.15, accuracy 22.80%, model from round 30
                                                     ['0:0.60%', '1:33.80%', '2:25.10%', '3:0.00%', '4:0.00%', '5:0.00%', '6:50.90%', '7:0.00%', '8:60.60%', '9:57.00%']
                                                                                              <-> Client 0, global : from 22.80% to 10.00%, local : from 55.00% to 95.00%, training time : 8200msec
                                                     Cluster 12, round 1, loss : 4.44, accuracy 10.00% <-
                                                     Time past : 8200msec
                                                     ['0:0.00%', '1:0.00%', '2:0.00%', '3:0.00%', '4:0.00%', '5:0.00%', '6:0.00%', '7:0.00%', '8:0.00%', '9:100.00%']
                                          0msec<-
                                          ->0msec
                                                     -> Cluster 87, loss : 2.15, accuracy 22.80%, model from round 30
                                                     ['0:0.60%', '1:33.80%', '2:25.10%', '3:0.00%', '4:0.00%', '5:0.00%', '6:50.90%', '7:0.00%', '8:60.60%', '9:57.00%']
                                                                                              <-> Client 0, global : from 22.80% to 10.65%, local : from 1.00% to 95.39%, training time : 16200msec
                                                     Cluster 87, round 1, loss : 4.01, accuracy 10.65% <-
                                                     Time past : 16200msec
                                                     ['0:1.70%', '1:0.00%', '2:0.00%', '3:0.00%', '4:0.00%', '5:100.00%', '6:0.00%', '7:0.00%', '8:4.30%', '9:0.50%']
                                          0msec<-
                                          ->0msec
                                                     -> Cluster 14, loss : 2.15, accuracy 22.80%, model from round 30
                                                     ['0:0.60%', '1:33.80%', '2:25.10%', '3:0.00%', '4:0.00%', '5:0.00%', '6:50.90%', '7:0.00%', '8:60.60%', '9:57.00%']
                                                                                              <-> Client 0, global : from 22.80% to 10.00%, local : from 54.80% to 95.00%, training time : 8200msec
                                                     Cluster 14, round 1, loss : 4.81, accuracy 10.00% <-
                                                     Time past : 8200msec
                                                     ['0:0.00%', '1:0.00%', '2:0.00%', '3:0.00%', '4:0.00%', '5:0.00%', '6:0.00%', '7:0.00%', '8:0.00%', '9:100.00%']
                                          0msec<-
                                          ->0msec
                                                     -> Cluster 72, loss : 2.15, accuracy 22.80%, model from round 30
                                                     ['0:0.60%', '1:33.80%', '2:25.10%', '3:0.00%', '4:0.00%', '5:0.00%', '6:50.90%', '7:0.00%', '8:60.60%', '9:57.00%']
                                                                                              <-> Client 0, global : from 22.80% to 10.01%, local : from 0.80% to 95.00%, training time : 16200msec
                                                     Cluster 72, round 1, loss : 4.56, accuracy 10.01% <-
                                                     Time past : 16200msec
                                                     ['0:0.00%', '1:0.00%', '2:0.00%', '3:100.00%', '4:0.00%', '5:0.00%', '6:0.00%', '7:0.00%', '8:0.10%', '9:0.00%']
                                          0msec<-
                                          ->0msec
                                                     -> Cluster 99, loss : 2.15, accuracy 22.80%, model from round 30
                                                     ['0:0.60%', '1:33.80%', '2:25.10%', '3:0.00%', '4:0.00%', '5:0.00%', '6:50.90%', '7:0.00%', '8:60.60%', '9:57.00%']
                                                                                              <-> Client 0, global : from 22.80% to 10.00%, local : from 1.40% to 95.19%, training time : 16200msec
                                                     Cluster 99, round 1, loss : 4.09, accuracy 10.00% <-
                                                     Time past : 16200msec
                                                     ['0:100.00%', '1:0.00%', '2:0.00%', '3:0.00%', '4:0.00%', '5:0.00%', '6:0.00%', '7:0.00%', '8:0.00%', '9:0.00%']
                                          0msec<-
                                          ->0msec
                                                     -> Cluster 93, loss : 2.15, accuracy 22.80%, model from round 30
                                                     ['0:0.60%', '1:33.80%', '2:25.10%', '3:0.00%', '4:0.00%', '5:0.00%', '6:50.90%', '7:0.00%', '8:60.60%', '9:57.00%']
                                                                                              <-> Client 0, global : from 22.80% to 10.00%, local : from 2.20% to 95.19%, training time : 16200msec
                                                     Cluster 93, round 1, loss : 4.75, accuracy 10.00% <-
                                                     Time past : 16200msec
                                                     ['0:100.00%', '1:0.00%', '2:0.00%', '3:0.00%', '4:0.00%', '5:0.00%', '6:0.00%', '7:0.00%', '8:0.00%', '9:0.00%']
                                          0msec<-
                                          ->0msec
                                                     -> Cluster 23, loss : 2.15, accuracy 22.80%, model from round 30
                                                     ['0:0.60%', '1:33.80%', '2:25.10%', '3:0.00%', '4:0.00%', '5:0.00%', '6:50.90%', '7:0.00%', '8:60.60%', '9:57.00%']
                                                                                              <-> Client 0, global : from 22.80% to 10.92%, local : from 0.60% to 95.00%, training time : 8200msec
                                                     Cluster 23, round 1, loss : 3.75, accuracy 10.92% <-
                                                     Time past : 8200msec
                                                     ['0:8.40%', '1:0.00%', '2:0.00%', '3:0.00%', '4:99.80%', '5:0.00%', '6:0.00%', '7:0.00%', '8:1.00%', '9:0.00%']
                                          0msec<-
                                          ->0msec
                                                     -> Cluster 89, loss : 2.15, accuracy 22.80%, model from round 30
                                                     ['0:0.60%', '1:33.80%', '2:25.10%', '3:0.00%', '4:0.00%', '5:0.00%', '6:50.90%', '7:0.00%', '8:60.60%', '9:57.00%']
                                                                                              <-> Client 0, global : from 22.80% to 10.01%, local : from 1.40% to 95.19%, training time : 16200msec
                                                     Cluster 89, round 1, loss : 4.91, accuracy 10.01% <-
                                                     Time past : 16200msec
                                                     ['0:0.00%', '1:0.00%', '2:0.00%', '3:0.00%', '4:0.00%', '5:100.00%', '6:0.00%', '7:0.00%', '8:0.10%', '9:0.00%']
                                          0msec<-
                                          ->0msec
                                                     -> Cluster 24, loss : 2.15, accuracy 22.80%, model from round 30
                                                     ['0:0.60%', '1:33.80%', '2:25.10%', '3:0.00%', '4:0.00%', '5:0.00%', '6:50.90%', '7:0.00%', '8:60.60%', '9:57.00%']
                                                                                              <-> Client 0, global : from 22.80% to 10.55%, local : from 0.60% to 95.00%, training time : 8200msec
                                                     Cluster 24, round 1, loss : 4.00, accuracy 10.55% <-
                                                     Time past : 8200msec
                                                     ['0:5.60%', '1:0.00%', '2:0.00%', '3:0.00%', '4:99.90%', '5:0.00%', '6:0.00%', '7:0.00%', '8:0.00%', '9:0.00%']
                                          0msec<-
Central server round 30, loss : 2.19, accuracy :21.37%
Time past: 486000msec
['0:79.20%', '1:0.10%', '2:0.00%', '3:6.80%', '4:22.10%', '5:53.00%', '6:0.00%', '7:0.00%', '8:0.30%', '9:52.20%']
                                          ->0msec
                                                     -> Cluster 47, loss : 2.19, accuracy 21.37%, model from round 31
                                                     ['0:79.20%', '1:0.10%', '2:0.00%', '3:6.80%', '4:22.10%', '5:53.00%', '6:0.00%', '7:0.00%', '8:0.30%', '9:52.20%']
                                                                                              <-> Client 0, global : from 21.37% to 10.00%, local : from 1.60% to 95.00%, training time : 8200msec
                                                     Cluster 47, round 1, loss : 4.48, accuracy 10.00% <-
                                                     Time past : 8200msec
                                                     ['0:0.00%', '1:0.00%', '2:100.00%', '3:0.00%', '4:0.00%', '5:0.00%', '6:0.00%', '7:0.00%', '8:0.00%', '9:0.00%']
                                          0msec<-
                                          ->0msec
                                                     -> Cluster 37, loss : 2.19, accuracy 21.37%, model from round 31
                                                     ['0:79.20%', '1:0.10%', '2:0.00%', '3:6.80%', '4:22.10%', '5:53.00%', '6:0.00%', '7:0.00%', '8:0.30%', '9:52.20%']
                                                                                              <-> Client 0, global : from 21.37% to 10.00%, local : from 1.20% to 95.00%, training time : 8200msec
                                                     Cluster 37, round 1, loss : 4.20, accuracy 10.00% <-
                                                     Time past : 8200msec
                                                     ['0:0.00%', '1:100.00%', '2:0.00%', '3:0.00%', '4:0.00%', '5:0.00%', '6:0.00%', '7:0.00%', '8:0.00%', '9:0.00%']
                                          0msec<-
                                          ->0msec
                                                     -> Cluster 3, loss : 2.19, accuracy 21.37%, model from round 31
                                                     ['0:79.20%', '1:0.10%', '2:0.00%', '3:6.80%', '4:22.10%', '5:53.00%', '6:0.00%', '7:0.00%', '8:0.30%', '9:52.20%']
                                                                                              <-> Client 0, global : from 21.37% to 11.51%, local : from 1.40% to 95.00%, training time : 8200msec
                                                     Cluster 3, round 1, loss : 4.02, accuracy 11.51% <-
                                                     Time past : 8200msec
                                                     ['0:5.10%', '1:0.00%', '2:0.00%', '3:0.00%', '4:0.00%', '5:0.00%', '6:100.00%', '7:0.00%', '8:10.00%', '9:0.00%']
                                          0msec<-
                                          ->0msec
                                                     -> Cluster 56, loss : 2.19, accuracy 21.37%, model from round 31
                                                     ['0:79.20%', '1:0.10%', '2:0.00%', '3:6.80%', '4:22.10%', '5:53.00%', '6:0.00%', '7:0.00%', '8:0.30%', '9:52.20%']
                                                                                              <-> Client 0, global : from 21.37% to 10.05%, local : from 0.60% to 95.00%, training time : 16200msec
                                                     Cluster 56, round 1, loss : 4.77, accuracy 10.05% <-
                                                     Time past : 16200msec
                                                     ['0:0.00%', '1:0.00%', '2:0.00%', '3:0.00%', '4:0.00%', '5:0.00%', '6:0.00%', '7:100.00%', '8:0.50%', '9:0.00%']
                                          0msec<-
                                          ->0msec
                                                     -> Cluster 52, loss : 2.19, accuracy 21.37%, model from round 31
                                                     ['0:79.20%', '1:0.10%', '2:0.00%', '3:6.80%', '4:22.10%', '5:53.00%', '6:0.00%', '7:0.00%', '8:0.30%', '9:52.20%']
                                                                                              <-> Client 0, global : from 21.37% to 11.24%, local : from 1.00% to 95.20%, training time : 16200msec
                                                     Cluster 52, round 1, loss : 3.82, accuracy 11.24% <-
                                                     Time past : 16200msec
                                                     ['0:0.00%', '1:0.00%', '2:0.00%', '3:0.00%', '4:0.00%', '5:0.00%', '6:0.00%', '7:99.70%', '8:12.70%', '9:0.00%']
                                          0msec<-
                                          ->0msec
                                                     -> Cluster 49, loss : 2.19, accuracy 21.37%, model from round 31
                                                     ['0:79.20%', '1:0.10%', '2:0.00%', '3:6.80%', '4:22.10%', '5:53.00%', '6:0.00%', '7:0.00%', '8:0.30%', '9:52.20%']
                                                                                              <-> Client 0, global : from 21.37% to 10.01%, local : from 0.60% to 95.00%, training time : 8200msec
                                                     Cluster 49, round 1, loss : 4.26, accuracy 10.01% <-
                                                     Time past : 8200msec
                                                     ['0:0.00%', '1:0.00%', '2:100.00%', '3:0.00%', '4:0.00%', '5:0.00%', '6:0.00%', '7:0.00%', '8:0.10%', '9:0.00%']
                                          0msec<-
                                          ->0msec
                                                     -> Cluster 40, loss : 2.19, accuracy 21.37%, model from round 31
                                                     ['0:79.20%', '1:0.10%', '2:0.00%', '3:6.80%', '4:22.10%', '5:53.00%', '6:0.00%', '7:0.00%', '8:0.30%', '9:52.20%']
                                                                                              <-> Client 0, global : from 21.37% to 10.00%, local : from 1.60% to 94.81%, training time : 8200msec
                                                     Cluster 40, round 1, loss : 4.15, accuracy 10.00% <-
                                                     Time past : 8200msec
                                                     ['0:0.00%', '1:0.00%', '2:100.00%', '3:0.00%', '4:0.00%', '5:0.00%', '6:0.00%', '7:0.00%', '8:0.00%', '9:0.00%']
                                          0msec<-
                                          ->0msec
                                                     -> Cluster 70, loss : 2.19, accuracy 21.37%, model from round 31
                                                     ['0:79.20%', '1:0.10%', '2:0.00%', '3:6.80%', '4:22.10%', '5:53.00%', '6:0.00%', '7:0.00%', '8:0.30%', '9:52.20%']
                                                                                              <-> Client 0, global : from 21.37% to 10.07%, local : from 7.20% to 95.00%, training time : 16200msec
                                                     Cluster 70, round 1, loss : 3.67, accuracy 10.07% <-
                                                     Time past : 16200msec
                                                     ['0:0.00%', '1:0.00%', '2:0.00%', '3:100.00%', '4:0.00%', '5:0.00%', '6:0.00%', '7:0.00%', '8:0.70%', '9:0.00%']
                                          0msec<-
                                          ->0msec
                                                     -> Cluster 74, loss : 2.19, accuracy 21.37%, model from round 31
                                                     ['0:79.20%', '1:0.10%', '2:0.00%', '3:6.80%', '4:22.10%', '5:53.00%', '6:0.00%', '7:0.00%', '8:0.30%', '9:52.20%']
                                                                                              <-> Client 0, global : from 21.37% to 10.21%, local : from 6.80% to 95.20%, training time : 16200msec
                                                     Cluster 74, round 1, loss : 4.40, accuracy 10.21% <-
                                                     Time past : 16200msec
                                                     ['0:0.00%', '1:0.00%', '2:0.00%', '3:100.00%', '4:0.00%', '5:0.00%', '6:0.00%', '7:0.00%', '8:2.10%', '9:0.00%']
                                          0msec<-
                                          ->0msec
                                                     -> Cluster 39, loss : 2.19, accuracy 21.37%, model from round 31
                                                     ['0:79.20%', '1:0.10%', '2:0.00%', '3:6.80%', '4:22.10%', '5:53.00%', '6:0.00%', '7:0.00%', '8:0.30%', '9:52.20%']
                                                                                              <-> Client 0, global : from 21.37% to 10.00%, local : from 1.40% to 95.00%, training time : 8200msec
                                                     Cluster 39, round 1, loss : 3.96, accuracy 10.00% <-
                                                     Time past : 8200msec
                                                     ['0:0.00%', '1:100.00%', '2:0.00%', '3:0.00%', '4:0.00%', '5:0.00%', '6:0.00%', '7:0.00%', '8:0.00%', '9:0.00%']
                                          0msec<-
Central server round 31, loss : 2.12, accuracy :19.74%
Time past: 502200msec
['0:18.20%', '1:7.10%', '2:86.40%', '3:5.80%', '4:0.00%', '5:0.00%', '6:2.40%', '7:15.70%', '8:43.10%', '9:18.70%']
                                          ->0msec
                                                     -> Cluster 67, loss : 2.12, accuracy 19.74%, model from round 32
                                                     ['0:18.20%', '1:7.10%', '2:86.40%', '3:5.80%', '4:0.00%', '5:0.00%', '6:2.40%', '7:15.70%', '8:43.10%', '9:18.70%']
                                                                                              <-> Client 0, global : from 19.74% to 11.18%, local : from 46.20% to 95.20%, training time : 16200msec
                                                     Cluster 67, round 1, loss : 3.51, accuracy 11.18% <-
                                                     Time past : 16200msec
                                                     ['0:0.00%', '1:0.00%', '2:0.00%', '3:0.00%', '4:0.00%', '5:0.00%', '6:11.80%', '7:0.00%', '8:100.00%', '9:0.00%']
                                          0msec<-
                                          ->0msec
                                                     -> Cluster 80, loss : 2.12, accuracy 19.74%, model from round 32
                                                     ['0:18.20%', '1:7.10%', '2:86.40%', '3:5.80%', '4:0.00%', '5:0.00%', '6:2.40%', '7:15.70%', '8:43.10%', '9:18.70%']
                                                                                              <-> Client 0, global : from 19.74% to 11.56%, local : from 0.80% to 95.20%, training time : 16200msec
                                                     Cluster 80, round 1, loss : 3.95, accuracy 11.56% <-
                                                     Time past : 16200msec
                                                     ['0:0.00%', '1:0.00%', '2:0.00%', '3:0.00%', '4:0.00%', '5:99.80%', '6:0.00%', '7:0.00%', '8:11.10%', '9:4.70%']
                                          0msec<-
                                          ->0msec
                                                     -> Cluster 58, loss : 2.12, accuracy 19.74%, model from round 32
                                                     ['0:18.20%', '1:7.10%', '2:86.40%', '3:5.80%', '4:0.00%', '5:0.00%', '6:2.40%', '7:15.70%', '8:43.10%', '9:18.70%']
                                                                                              <-> Client 0, global : from 19.74% to 10.39%, local : from 16.00% to 95.00%, training time : 16200msec
                                                     Cluster 58, round 1, loss : 4.16, accuracy 10.39% <-
                                                     Time past : 16200msec
                                                     ['0:0.00%', '1:0.00%', '2:0.00%', '3:0.00%', '4:0.00%', '5:0.00%', '6:0.00%', '7:100.00%', '8:3.90%', '9:0.00%']
                                          0msec<-
                                          ->0msec
                                                     -> Cluster 25, loss : 2.12, accuracy 19.74%, model from round 32
                                                     ['0:18.20%', '1:7.10%', '2:86.40%', '3:5.80%', '4:0.00%', '5:0.00%', '6:2.40%', '7:15.70%', '8:43.10%', '9:18.70%']
                                                                                              <-> Client 0, global : from 19.74% to 10.06%, local : from 0.80% to 95.00%, training time : 8200msec
                                                     Cluster 25, round 1, loss : 4.66, accuracy 10.06% <-
                                                     Time past : 8200msec
                                                     ['0:0.00%', '1:0.00%', '2:0.00%', '3:0.00%', '4:100.00%', '5:0.00%', '6:0.00%', '7:0.00%', '8:0.60%', '9:0.00%']
                                          0msec<-
                                          ->0msec
                                                     -> Cluster 24, loss : 2.12, accuracy 19.74%, model from round 32
                                                     ['0:18.20%', '1:7.10%', '2:86.40%', '3:5.80%', '4:0.00%', '5:0.00%', '6:2.40%', '7:15.70%', '8:43.10%', '9:18.70%']
                                                                                              <-> Client 0, global : from 19.74% to 10.80%, local : from 0.80% to 95.00%, training time : 8200msec
                                                     Cluster 24, round 1, loss : 3.79, accuracy 10.80% <-
                                                     Time past : 8200msec
                                                     ['0:7.70%', '1:0.00%', '2:0.00%', '3:0.00%', '4:99.90%', '5:0.00%', '6:0.00%', '7:0.00%', '8:0.40%', '9:0.00%']
                                          0msec<-
                                          ->0msec
                                                     -> Cluster 27, loss : 2.12, accuracy 19.74%, model from round 32
                                                     ['0:18.20%', '1:7.10%', '2:86.40%', '3:5.80%', '4:0.00%', '5:0.00%', '6:2.40%', '7:15.70%', '8:43.10%', '9:18.70%']
                                                                                              <-> Client 0, global : from 19.74% to 10.00%, local : from 1.00% to 95.00%, training time : 8200msec
                                                     Cluster 27, round 1, loss : 4.63, accuracy 10.00% <-
                                                     Time past : 8200msec
                                                     ['0:0.00%', '1:0.00%', '2:0.00%', '3:0.00%', '4:100.00%', '5:0.00%', '6:0.00%', '7:0.00%', '8:0.00%', '9:0.00%']
                                          0msec<-
                                          ->0msec
                                                     -> Cluster 4, loss : 2.12, accuracy 19.74%, model from round 32
                                                     ['0:18.20%', '1:7.10%', '2:86.40%', '3:5.80%', '4:0.00%', '5:0.00%', '6:2.40%', '7:15.70%', '8:43.10%', '9:18.70%']
                                                                                              <-> Client 0, global : from 19.74% to 12.12%, local : from 3.00% to 94.80%, training time : 8200msec
                                                     Cluster 4, round 1, loss : 3.89, accuracy 12.12% <-
                                                     Time past : 8200msec
                                                     ['0:12.70%', '1:0.00%', '2:0.00%', '3:0.00%', '4:0.00%', '5:0.00%', '6:100.00%', '7:0.00%', '8:8.50%', '9:0.00%']
                                          0msec<-
                                          ->0msec
                                                     -> Cluster 64, loss : 2.12, accuracy 19.74%, model from round 32
                                                     ['0:18.20%', '1:7.10%', '2:86.40%', '3:5.80%', '4:0.00%', '5:0.00%', '6:2.40%', '7:15.70%', '8:43.10%', '9:18.70%']
                                                                                              <-> Client 0, global : from 19.74% to 10.92%, local : from 40.80% to 95.00%, training time : 16200msec
                                                     Cluster 64, round 1, loss : 3.51, accuracy 10.92% <-
                                                     Time past : 16200msec
                                                     ['0:0.00%', '1:0.00%', '2:0.00%', '3:0.00%', '4:3.10%', '5:0.00%', '6:2.50%', '7:3.60%', '8:100.00%', '9:0.00%']
                                          0msec<-
                                          ->0msec
                                                     -> Cluster 82, loss : 2.12, accuracy 19.74%, model from round 32
                                                     ['0:18.20%', '1:7.10%', '2:86.40%', '3:5.80%', '4:0.00%', '5:0.00%', '6:2.40%', '7:15.70%', '8:43.10%', '9:18.70%']
                                                                                              <-> Client 0, global : from 19.74% to 10.36%, local : from 1.80% to 95.00%, training time : 16200msec
                                                     Cluster 82, round 1, loss : 4.56, accuracy 10.36% <-
                                                     Time past : 16200msec
                                                     ['0:0.20%', '1:0.00%', '2:0.00%', '3:0.00%', '4:0.00%', '5:100.00%', '6:0.00%', '7:0.00%', '8:3.40%', '9:0.00%']
                                          0msec<-
                                          ->0msec
                                                     -> Cluster 56, loss : 2.12, accuracy 19.74%, model from round 32
                                                     ['0:18.20%', '1:7.10%', '2:86.40%', '3:5.80%', '4:0.00%', '5:0.00%', '6:2.40%', '7:15.70%', '8:43.10%', '9:18.70%']
                                                                                              <-> Client 0, global : from 19.74% to 10.04%, local : from 13.40% to 95.00%, training time : 16200msec
                                                     Cluster 56, round 1, loss : 5.21, accuracy 10.04% <-
                                                     Time past : 16200msec
                                                     ['0:0.00%', '1:0.00%', '2:0.00%', '3:0.00%', '4:0.00%', '5:0.00%', '6:0.00%', '7:100.00%', '8:0.40%', '9:0.00%']
                                          0msec<-
Central server round 32, loss : 2.10, accuracy :21.78%
Time past: 518400msec
['0:0.00%', '1:2.30%', '2:0.00%', '3:0.00%', '4:52.90%', '5:26.30%', '6:1.60%', '7:55.60%', '8:78.50%', '9:0.60%']
                                          ->0msec
                                                     -> Cluster 64, loss : 2.10, accuracy 21.78%, model from round 33
                                                     ['0:0.00%', '1:2.30%', '2:0.00%', '3:0.00%', '4:52.90%', '5:26.30%', '6:1.60%', '7:55.60%', '8:78.50%', '9:0.60%']
                                                                                              <-> Client 0, global : from 21.78% to 10.66%, local : from 77.80% to 95.00%, training time : 16200msec
                                                     Cluster 64, round 1, loss : 3.98, accuracy 10.66% <-
                                                     Time past : 16200msec
                                                     ['0:0.00%', '1:0.00%', '2:0.00%', '3:0.00%', '4:6.20%', '5:0.00%', '6:0.20%', '7:0.20%', '8:100.00%', '9:0.00%']
                                          0msec<-
                                          ->0msec
                                                     -> Cluster 9, loss : 2.10, accuracy 21.78%, model from round 33
                                                     ['0:0.00%', '1:2.30%', '2:0.00%', '3:0.00%', '4:52.90%', '5:26.30%', '6:1.60%', '7:55.60%', '8:78.50%', '9:0.60%']
                                                                                              <-> Client 0, global : from 21.78% to 13.01%, local : from 3.00% to 95.20%, training time : 8200msec
                                                     Cluster 9, round 1, loss : 3.85, accuracy 13.01% <-
                                                     Time past : 8200msec
                                                     ['0:18.50%', '1:0.00%', '2:0.00%', '3:0.00%', '4:0.00%', '5:0.00%', '6:99.90%', '7:0.00%', '8:11.50%', '9:0.20%']
                                          0msec<-
                                          ->0msec
                                                     -> Cluster 63, loss : 2.10, accuracy 21.78%, model from round 33
                                                     ['0:0.00%', '1:2.30%', '2:0.00%', '3:0.00%', '4:52.90%', '5:26.30%', '6:1.60%', '7:55.60%', '8:78.50%', '9:0.60%']
                                                                                              <-> Client 0, global : from 21.78% to 11.65%, local : from 76.00% to 95.40%, training time : 16200msec
                                                     Cluster 63, round 1, loss : 4.04, accuracy 11.65% <-
                                                     Time past : 16200msec
                                                     ['0:0.00%', '1:0.00%', '2:0.00%', '3:0.00%', '4:9.40%', '5:0.30%', '6:6.80%', '7:0.00%', '8:100.00%', '9:0.00%']
                                          0msec<-
                                          ->0msec
                                                     -> Cluster 68, loss : 2.10, accuracy 21.78%, model from round 33
                                                     ['0:0.00%', '1:2.30%', '2:0.00%', '3:0.00%', '4:52.90%', '5:26.30%', '6:1.60%', '7:55.60%', '8:78.50%', '9:0.60%']
                                                                                              <-> Client 0, global : from 21.78% to 11.28%, local : from 78.20% to 95.00%, training time : 16200msec
                                                     Cluster 68, round 1, loss : 3.93, accuracy 11.28% <-
                                                     Time past : 16200msec
                                                     ['0:0.00%', '1:0.00%', '2:0.00%', '3:0.00%', '4:0.00%', '5:0.00%', '6:12.70%', '7:0.10%', '8:100.00%', '9:0.00%']
                                          0msec<-
                                          ->0msec
                                                     -> Cluster 2, loss : 2.10, accuracy 21.78%, model from round 33
                                                     ['0:0.00%', '1:2.30%', '2:0.00%', '3:0.00%', '4:52.90%', '5:26.30%', '6:1.60%', '7:55.60%', '8:78.50%', '9:0.60%']
                                                                                              <-> Client 0, global : from 21.78% to 11.49%, local : from 2.40% to 95.00%, training time : 8200msec
                                                     Cluster 2, round 1, loss : 4.36, accuracy 11.49% <-
                                                     Time past : 8200msec
                                                     ['0:0.00%', '1:0.00%', '2:0.00%', '3:0.00%', '4:0.00%', '5:0.00%', '6:100.00%', '7:0.00%', '8:14.90%', '9:0.00%']
                                          0msec<-
                                          ->0msec
                                                     -> Cluster 43, loss : 2.10, accuracy 21.78%, model from round 33
                                                     ['0:0.00%', '1:2.30%', '2:0.00%', '3:0.00%', '4:52.90%', '5:26.30%', '6:1.60%', '7:55.60%', '8:78.50%', '9:0.60%']
                                                                                              <-> Client 0, global : from 21.78% to 10.09%, local : from 1.20% to 95.20%, training time : 8200msec
                                                     Cluster 43, round 1, loss : 3.99, accuracy 10.09% <-
                                                     Time past : 8200msec
                                                     ['0:0.00%', '1:0.00%', '2:100.00%', '3:0.00%', '4:0.00%', '5:0.00%', '6:0.00%', '7:0.00%', '8:0.90%', '9:0.00%']
                                          0msec<-
                                          ->0msec
                                                     -> Cluster 41, loss : 2.10, accuracy 21.78%, model from round 33
                                                     ['0:0.00%', '1:2.30%', '2:0.00%', '3:0.00%', '4:52.90%', '5:26.30%', '6:1.60%', '7:55.60%', '8:78.50%', '9:0.60%']
                                                                                              <-> Client 0, global : from 21.78% to 10.03%, local : from 1.20% to 94.81%, training time : 8200msec
                                                     Cluster 41, round 1, loss : 4.08, accuracy 10.03% <-
                                                     Time past : 8200msec
                                                     ['0:0.00%', '1:0.00%', '2:100.00%', '3:0.00%', '4:0.00%', '5:0.00%', '6:0.00%', '7:0.00%', '8:0.30%', '9:0.00%']
                                          0msec<-
                                          ->0msec
                                                     -> Cluster 42, loss : 2.10, accuracy 21.78%, model from round 33
                                                     ['0:0.00%', '1:2.30%', '2:0.00%', '3:0.00%', '4:52.90%', '5:26.30%', '6:1.60%', '7:55.60%', '8:78.50%', '9:0.60%']
                                                                                              <-> Client 0, global : from 21.78% to 10.03%, local : from 1.00% to 95.00%, training time : 8200msec
                                                     Cluster 42, round 1, loss : 4.02, accuracy 10.03% <-
                                                     Time past : 8200msec
                                                     ['0:0.00%', '1:0.00%', '2:100.00%', '3:0.00%', '4:0.00%', '5:0.00%', '6:0.00%', '7:0.00%', '8:0.30%', '9:0.00%']
                                          0msec<-
                                          ->0msec
                                                     -> Cluster 44, loss : 2.10, accuracy 21.78%, model from round 33
                                                     ['0:0.00%', '1:2.30%', '2:0.00%', '3:0.00%', '4:52.90%', '5:26.30%', '6:1.60%', '7:55.60%', '8:78.50%', '9:0.60%']
                                                                                              <-> Client 0, global : from 21.78% to 10.00%, local : from 1.80% to 95.00%, training time : 8200msec
                                                     Cluster 44, round 1, loss : 5.10, accuracy 10.00% <-
                                                     Time past : 8200msec
                                                     ['0:0.00%', '1:0.00%', '2:100.00%', '3:0.00%', '4:0.00%', '5:0.00%', '6:0.00%', '7:0.00%', '8:0.00%', '9:0.00%']
                                          0msec<-
                                          ->0msec
                                                     -> Cluster 88, loss : 2.10, accuracy 21.78%, model from round 33
                                                     ['0:0.00%', '1:2.30%', '2:0.00%', '3:0.00%', '4:52.90%', '5:26.30%', '6:1.60%', '7:55.60%', '8:78.50%', '9:0.60%']
                                                                                              <-> Client 0, global : from 21.78% to 11.24%, local : from 23.25% to 95.39%, training time : 16200msec
                                                     Cluster 88, round 1, loss : 4.06, accuracy 11.24% <-
                                                     Time past : 16200msec
                                                     ['0:0.00%', '1:0.00%', '2:0.00%', '3:0.00%', '4:0.00%', '5:99.90%', '6:0.00%', '7:0.00%', '8:12.20%', '9:0.30%']
                                          0msec<-
Central server round 33, loss : 2.36, accuracy :17.69%
Time past: 534600msec
['0:0.00%', '1:0.00%', '2:73.30%', '3:0.00%', '4:0.00%', '5:0.00%', '6:23.10%', '7:0.00%', '8:80.50%', '9:0.00%']
                                          ->0msec
                                                     -> Cluster 62, loss : 2.36, accuracy 17.69%, model from round 34
                                                     ['0:0.00%', '1:0.00%', '2:73.30%', '3:0.00%', '4:0.00%', '5:0.00%', '6:23.10%', '7:0.00%', '8:80.50%', '9:0.00%']
                                                                                              <-> Client 0, global : from 17.69% to 10.52%, local : from 77.60% to 95.00%, training time : 16200msec
                                                     Cluster 62, round 1, loss : 3.90, accuracy 10.52% <-
                                                     Time past : 16200msec
                                                     ['0:0.00%', '1:0.00%', '2:0.00%', '3:0.30%', '4:0.00%', '5:0.20%', '6:4.70%', '7:0.00%', '8:100.00%', '9:0.00%']
                                          0msec<-
                                          ->0msec
                                                     -> Cluster 40, loss : 2.36, accuracy 17.69%, model from round 34
                                                     ['0:0.00%', '1:0.00%', '2:73.30%', '3:0.00%', '4:0.00%', '5:0.00%', '6:23.10%', '7:0.00%', '8:80.50%', '9:0.00%']
                                                                                              <-> Client 0, global : from 17.69% to 10.00%, local : from 70.66% to 94.81%, training time : 8200msec
                                                     Cluster 40, round 1, loss : 4.19, accuracy 10.00% <-
                                                     Time past : 8200msec
                                                     ['0:0.00%', '1:0.00%', '2:100.00%', '3:0.00%', '4:0.00%', '5:0.00%', '6:0.00%', '7:0.00%', '8:0.00%', '9:0.00%']
                                          0msec<-
                                          ->0msec
                                                     -> Cluster 13, loss : 2.36, accuracy 17.69%, model from round 34
                                                     ['0:0.00%', '1:0.00%', '2:73.30%', '3:0.00%', '4:0.00%', '5:0.00%', '6:23.10%', '7:0.00%', '8:80.50%', '9:0.00%']
                                                                                              <-> Client 0, global : from 17.69% to 10.00%, local : from 1.20% to 95.00%, training time : 8200msec
                                                     Cluster 13, round 1, loss : 4.44, accuracy 10.00% <-
                                                     Time past : 8200msec
                                                     ['0:0.00%', '1:0.00%', '2:0.00%', '3:0.00%', '4:0.00%', '5:0.00%', '6:0.00%', '7:0.00%', '8:0.00%', '9:100.00%']
                                          0msec<-
                                          ->0msec
                                                     -> Cluster 5, loss : 2.36, accuracy 17.69%, model from round 34
                                                     ['0:0.00%', '1:0.00%', '2:73.30%', '3:0.00%', '4:0.00%', '5:0.00%', '6:23.10%', '7:0.00%', '8:80.50%', '9:0.00%']
                                                                                              <-> Client 0, global : from 17.69% to 11.57%, local : from 22.80% to 95.00%, training time : 8200msec
                                                     Cluster 5, round 1, loss : 4.14, accuracy 11.57% <-
                                                     Time past : 8200msec
                                                     ['0:0.00%', '1:0.00%', '2:0.00%', '3:0.00%', '4:0.00%', '5:0.00%', '6:100.00%', '7:0.00%', '8:15.00%', '9:0.70%']
                                          0msec<-
                                          ->0msec
                                                     -> Cluster 52, loss : 2.36, accuracy 17.69%, model from round 34
                                                     ['0:0.00%', '1:0.00%', '2:73.30%', '3:0.00%', '4:0.00%', '5:0.00%', '6:23.10%', '7:0.00%', '8:80.50%', '9:0.00%']
                                                                                              <-> Client 0, global : from 17.69% to 10.97%, local : from 1.60% to 95.00%, training time : 16200msec
                                                     Cluster 52, round 1, loss : 3.90, accuracy 10.97% <-
                                                     Time past : 16200msec
                                                     ['0:0.00%', '1:0.00%', '2:0.00%', '3:0.00%', '4:0.00%', '5:0.00%', '6:0.00%', '7:99.90%', '8:9.80%', '9:0.00%']
                                          0msec<-
                                          ->0msec
                                                     -> Cluster 9, loss : 2.36, accuracy 17.69%, model from round 34
                                                     ['0:0.00%', '1:0.00%', '2:73.30%', '3:0.00%', '4:0.00%', '5:0.00%', '6:23.10%', '7:0.00%', '8:80.50%', '9:0.00%']
                                                                                              <-> Client 0, global : from 17.69% to 11.71%, local : from 20.20% to 95.00%, training time : 8200msec
                                                     Cluster 9, round 1, loss : 4.19, accuracy 11.71% <-
                                                     Time past : 8200msec
                                                     ['0:10.30%', '1:0.00%', '2:0.00%', '3:0.00%', '4:0.00%', '5:0.00%', '6:100.00%', '7:0.00%', '8:6.80%', '9:0.00%']
                                          0msec<-
                                          ->0msec
                                                     -> Cluster 25, loss : 2.36, accuracy 17.69%, model from round 34
                                                     ['0:0.00%', '1:0.00%', '2:73.30%', '3:0.00%', '4:0.00%', '5:0.00%', '6:23.10%', '7:0.00%', '8:80.50%', '9:0.00%']
                                                                                              <-> Client 0, global : from 17.69% to 10.10%, local : from 1.00% to 95.00%, training time : 8200msec
                                                     Cluster 25, round 1, loss : 4.42, accuracy 10.10% <-
                                                     Time past : 8200msec
                                                     ['0:0.00%', '1:0.00%', '2:0.00%', '3:0.00%', '4:99.90%', '5:0.00%', '6:0.00%', '7:0.00%', '8:1.10%', '9:0.00%']
                                          0msec<-
                                          ->0msec
                                                     -> Cluster 90, loss : 2.36, accuracy 17.69%, model from round 34
                                                     ['0:0.00%', '1:0.00%', '2:73.30%', '3:0.00%', '4:0.00%', '5:0.00%', '6:23.10%', '7:0.00%', '8:80.50%', '9:0.00%']
                                                                                              <-> Client 0, global : from 17.69% to 10.05%, local : from 1.80% to 94.80%, training time : 16200msec
                                                     Cluster 90, round 1, loss : 3.47, accuracy 10.05% <-
                                                     Time past : 16200msec
                                                     ['0:99.90%', '1:0.00%', '2:0.00%', '3:0.00%', '4:0.00%', '5:0.00%', '6:0.60%', '7:0.00%', '8:0.00%', '9:0.00%']
                                          0msec<-
                                          ->0msec
                                                     -> Cluster 20, loss : 2.36, accuracy 17.69%, model from round 34
                                                     ['0:0.00%', '1:0.00%', '2:73.30%', '3:0.00%', '4:0.00%', '5:0.00%', '6:23.10%', '7:0.00%', '8:80.50%', '9:0.00%']
                                                                                              <-> Client 0, global : from 17.69% to 10.10%, local : from 0.80% to 94.81%, training time : 8200msec
                                                     Cluster 20, round 1, loss : 4.85, accuracy 10.10% <-
                                                     Time past : 8200msec
                                                     ['0:0.00%', '1:0.00%', '2:0.00%', '3:0.00%', '4:100.00%', '5:0.00%', '6:0.00%', '7:0.00%', '8:1.00%', '9:0.00%']
                                          0msec<-
                                          ->0msec
                                                     -> Cluster 50, loss : 2.36, accuracy 17.69%, model from round 34
                                                     ['0:0.00%', '1:0.00%', '2:73.30%', '3:0.00%', '4:0.00%', '5:0.00%', '6:23.10%', '7:0.00%', '8:80.50%', '9:0.00%']
                                                                                              <-> Client 0, global : from 17.69% to 10.08%, local : from 0.60% to 94.81%, training time : 16200msec
                                                     Cluster 50, round 1, loss : 4.16, accuracy 10.08% <-
                                                     Time past : 16200msec
                                                     ['0:0.80%', '1:0.00%', '2:0.00%', '3:0.00%', '4:0.00%', '5:0.00%', '6:0.00%', '7:100.00%', '8:0.00%', '9:0.00%']
                                          0msec<-
Central server round 34, loss : 2.03, accuracy :25.44%
Time past: 550800msec
['0:26.50%', '1:0.00%', '2:0.10%', '3:0.00%', '4:8.90%', '5:7.70%', '6:68.00%', '7:48.10%', '8:46.40%', '9:48.70%']
                                          ->0msec
                                                     -> Cluster 96, loss : 2.03, accuracy 25.44%, model from round 35
                                                     ['0:26.50%', '1:0.00%', '2:0.10%', '3:0.00%', '4:8.90%', '5:7.70%', '6:68.00%', '7:48.10%', '8:46.40%', '9:48.70%']
                                                                                              <-> Client 0, global : from 25.44% to 10.00%, local : from 24.25% to 95.19%, training time : 16200msec
                                                     Cluster 96, round 1, loss : 4.41, accuracy 10.00% <-
                                                     Time past : 16200msec
                                                     ['0:100.00%', '1:0.00%', '2:0.00%', '3:0.00%', '4:0.00%', '5:0.00%', '6:0.00%', '7:0.00%', '8:0.00%', '9:0.00%']
                                          0msec<-
                                          ->0msec
                                                     -> Cluster 88, loss : 2.03, accuracy 25.44%, model from round 35
                                                     ['0:26.50%', '1:0.00%', '2:0.10%', '3:0.00%', '4:8.90%', '5:7.70%', '6:68.00%', '7:48.10%', '8:46.40%', '9:48.70%']
                                                                                              <-> Client 0, global : from 25.44% to 11.31%, local : from 8.22% to 95.19%, training time : 16200msec
                                                     Cluster 88, round 1, loss : 4.05, accuracy 11.31% <-
                                                     Time past : 16200msec
                                                     ['0:0.00%', '1:0.00%', '2:0.00%', '3:0.00%', '4:0.00%', '5:99.90%', '6:0.00%', '7:0.00%', '8:11.90%', '9:1.30%']
                                          0msec<-
                                          ->0msec
                                                     -> Cluster 51, loss : 2.03, accuracy 25.44%, model from round 35
                                                     ['0:26.50%', '1:0.00%', '2:0.10%', '3:0.00%', '4:8.90%', '5:7.70%', '6:68.00%', '7:48.10%', '8:46.40%', '9:48.70%']
                                                                                              <-> Client 0, global : from 25.44% to 10.95%, local : from 42.32% to 95.01%, training time : 16200msec
                                                     Cluster 51, round 1, loss : 4.43, accuracy 10.95% <-
                                                     Time past : 16200msec
                                                     ['0:0.00%', '1:0.00%', '2:0.00%', '3:0.00%', '4:0.00%', '5:0.00%', '6:0.00%', '7:99.70%', '8:9.80%', '9:0.00%']
                                          0msec<-
                                          ->0msec
                                                     -> Cluster 56, loss : 2.03, accuracy 25.44%, model from round 35
                                                     ['0:26.50%', '1:0.00%', '2:0.10%', '3:0.00%', '4:8.90%', '5:7.70%', '6:68.00%', '7:48.10%', '8:46.40%', '9:48.70%']
                                                                                              <-> Client 0, global : from 25.44% to 10.22%, local : from 45.20% to 95.00%, training time : 16200msec
                                                     Cluster 56, round 1, loss : 4.49, accuracy 10.22% <-
                                                     Time past : 16200msec
                                                     ['0:0.00%', '1:0.00%', '2:0.00%', '3:0.00%', '4:0.00%', '5:0.00%', '6:0.00%', '7:100.00%', '8:2.20%', '9:0.00%']
                                          0msec<-
                                          ->0msec
                                                     -> Cluster 23, loss : 2.03, accuracy 25.44%, model from round 35
                                                     ['0:26.50%', '1:0.00%', '2:0.10%', '3:0.00%', '4:8.90%', '5:7.70%', '6:68.00%', '7:48.10%', '8:46.40%', '9:48.70%']
                                                                                              <-> Client 0, global : from 25.44% to 10.29%, local : from 9.20% to 95.00%, training time : 8200msec
                                                     Cluster 23, round 1, loss : 4.66, accuracy 10.29% <-
                                                     Time past : 8200msec
                                                     ['0:2.40%', '1:0.00%', '2:0.00%', '3:0.00%', '4:99.90%', '5:0.00%', '6:0.00%', '7:0.00%', '8:0.60%', '9:0.00%']
                                          0msec<-
                                          ->0msec
                                                     -> Cluster 58, loss : 2.03, accuracy 25.44%, model from round 35
                                                     ['0:26.50%', '1:0.00%', '2:0.10%', '3:0.00%', '4:8.90%', '5:7.70%', '6:68.00%', '7:48.10%', '8:46.40%', '9:48.70%']
                                                                                              <-> Client 0, global : from 25.44% to 10.23%, local : from 42.40% to 95.00%, training time : 16200msec
                                                     Cluster 58, round 1, loss : 4.48, accuracy 10.23% <-
                                                     Time past : 16200msec
                                                     ['0:0.00%', '1:0.00%', '2:0.00%', '3:0.00%', '4:0.00%', '5:0.00%', '6:0.00%', '7:100.00%', '8:2.30%', '9:0.00%']
                                          0msec<-
                                          ->0msec
                                                     -> Cluster 4, loss : 2.03, accuracy 25.44%, model from round 35
                                                     ['0:26.50%', '1:0.00%', '2:0.10%', '3:0.00%', '4:8.90%', '5:7.70%', '6:68.00%', '7:48.10%', '8:46.40%', '9:48.70%']
                                                                                              <-> Client 0, global : from 25.44% to 11.52%, local : from 64.40% to 95.00%, training time : 8200msec
                                                     Cluster 4, round 1, loss : 4.37, accuracy 11.52% <-
                                                     Time past : 8200msec
                                                     ['0:7.40%', '1:0.00%', '2:0.00%', '3:0.00%', '4:0.00%', '5:0.00%', '6:100.00%', '7:0.00%', '8:7.80%', '9:0.00%']
                                          0msec<-
                                          ->0msec
                                                     -> Cluster 92, loss : 2.03, accuracy 25.44%, model from round 35
                                                     ['0:26.50%', '1:0.00%', '2:0.10%', '3:0.00%', '4:8.90%', '5:7.70%', '6:68.00%', '7:48.10%', '8:46.40%', '9:48.70%']
                                                                                              <-> Client 0, global : from 25.44% to 10.02%, local : from 25.00% to 95.00%, training time : 16200msec
                                                     Cluster 92, round 1, loss : 4.58, accuracy 10.02% <-
                                                     Time past : 16200msec
                                                     ['0:100.00%', '1:0.00%', '2:0.00%', '3:0.00%', '4:0.00%', '5:0.00%', '6:0.20%', '7:0.00%', '8:0.00%', '9:0.00%']
                                          0msec<-
                                          ->0msec
                                                     -> Cluster 32, loss : 2.03, accuracy 25.44%, model from round 35
                                                     ['0:26.50%', '1:0.00%', '2:0.10%', '3:0.00%', '4:8.90%', '5:7.70%', '6:68.00%', '7:48.10%', '8:46.40%', '9:48.70%']
                                                                                              <-> Client 0, global : from 25.44% to 10.00%, local : from 1.40% to 95.00%, training time : 8200msec
                                                     Cluster 32, round 1, loss : 3.32, accuracy 10.00% <-
                                                     Time past : 8200msec
                                                     ['0:0.00%', '1:100.00%', '2:0.00%', '3:0.00%', '4:0.00%', '5:0.00%', '6:0.00%', '7:0.00%', '8:0.00%', '9:0.00%']
                                          0msec<-
                                          ->0msec
                                                     -> Cluster 46, loss : 2.03, accuracy 25.44%, model from round 35
                                                     ['0:26.50%', '1:0.00%', '2:0.10%', '3:0.00%', '4:8.90%', '5:7.70%', '6:68.00%', '7:48.10%', '8:46.40%', '9:48.70%']
                                                                                              <-> Client 0, global : from 25.44% to 10.00%, local : from 1.80% to 95.00%, training time : 8200msec
                                                     Cluster 46, round 1, loss : 4.98, accuracy 10.00% <-
                                                     Time past : 8200msec
                                                     ['0:0.00%', '1:0.00%', '2:100.00%', '3:0.00%', '4:0.00%', '5:0.00%', '6:0.00%', '7:0.00%', '8:0.00%', '9:0.00%']
                                          0msec<-
Central server round 35, loss : 2.15, accuracy :18.24%
Time past: 567000msec
['0:72.00%', '1:1.60%', '2:0.00%', '3:0.00%', '4:0.00%', '5:1.10%', '6:13.20%', '7:87.60%', '8:4.80%', '9:2.10%']
                                          ->0msec
                                                     -> Cluster 58, loss : 2.15, accuracy 18.24%, model from round 36
                                                     ['0:72.00%', '1:1.60%', '2:0.00%', '3:0.00%', '4:0.00%', '5:1.10%', '6:13.20%', '7:87.60%', '8:4.80%', '9:2.10%']
                                                                                              <-> Client 0, global : from 18.24% to 10.31%, local : from 85.60% to 95.00%, training time : 16200msec
                                                     Cluster 58, round 1, loss : 4.45, accuracy 10.31% <-
                                                     Time past : 16200msec
                                                     ['0:0.00%', '1:0.00%', '2:0.00%', '3:0.00%', '4:0.00%', '5:0.00%', '6:0.00%', '7:100.00%', '8:3.10%', '9:0.00%']
                                          0msec<-
                                          ->0msec
                                                     -> Cluster 68, loss : 2.15, accuracy 18.24%, model from round 36
                                                     ['0:72.00%', '1:1.60%', '2:0.00%', '3:0.00%', '4:0.00%', '5:1.10%', '6:13.20%', '7:87.60%', '8:4.80%', '9:2.10%']
                                                                                              <-> Client 0, global : from 18.24% to 11.54%, local : from 5.00% to 95.00%, training time : 16200msec
                                                     Cluster 68, round 1, loss : 3.76, accuracy 11.54% <-
                                                     Time past : 16200msec
                                                     ['0:0.00%', '1:0.00%', '2:0.00%', '3:0.00%', '4:0.00%', '5:0.00%', '6:14.40%', '7:1.00%', '8:100.00%', '9:0.00%']
                                          0msec<-
                                          ->0msec
                                                     -> Cluster 24, loss : 2.15, accuracy 18.24%, model from round 36
                                                     ['0:72.00%', '1:1.60%', '2:0.00%', '3:0.00%', '4:0.00%', '5:1.10%', '6:13.20%', '7:87.60%', '8:4.80%', '9:2.10%']
                                                                                              <-> Client 0, global : from 18.24% to 11.19%, local : from 1.00% to 94.80%, training time : 8200msec
                                                     Cluster 24, round 1, loss : 3.96, accuracy 11.19% <-
                                                     Time past : 8200msec
                                                     ['0:12.00%', '1:0.00%', '2:0.00%', '3:0.00%', '4:99.70%', '5:0.00%', '6:0.00%', '7:0.00%', '8:0.20%', '9:0.00%']
                                          0msec<-
                                          ->0msec
                                                     -> Cluster 20, loss : 2.15, accuracy 18.24%, model from round 36
                                                     ['0:72.00%', '1:1.60%', '2:0.00%', '3:0.00%', '4:0.00%', '5:1.10%', '6:13.20%', '7:87.60%', '8:4.80%', '9:2.10%']
                                                                                              <-> Client 0, global : from 18.24% to 10.96%, local : from 1.80% to 94.81%, training time : 8200msec
                                                     Cluster 20, round 1, loss : 4.29, accuracy 10.96% <-
                                                     Time past : 8200msec
                                                     ['0:0.00%', '1:0.00%', '2:0.00%', '3:0.00%', '4:99.80%', '5:0.00%', '6:0.00%', '7:0.00%', '8:9.80%', '9:0.00%']
                                          0msec<-
                                          ->0msec
                                                     -> Cluster 26, loss : 2.15, accuracy 18.24%, model from round 36
                                                     ['0:72.00%', '1:1.60%', '2:0.00%', '3:0.00%', '4:0.00%', '5:1.10%', '6:13.20%', '7:87.60%', '8:4.80%', '9:2.10%']
                                                                                              <-> Client 0, global : from 18.24% to 10.33%, local : from 0.60% to 94.40%, training time : 8200msec
                                                     Cluster 26, round 1, loss : 3.58, accuracy 10.33% <-
                                                     Time past : 8200msec
                                                     ['0:0.10%', '1:0.00%', '2:0.00%', '3:0.00%', '4:99.90%', '5:0.00%', '6:0.00%', '7:0.00%', '8:3.30%', '9:0.00%']
                                          0msec<-
                                          ->0msec
                                                     -> Cluster 2, loss : 2.15, accuracy 18.24%, model from round 36
                                                     ['0:72.00%', '1:1.60%', '2:0.00%', '3:0.00%', '4:0.00%', '5:1.10%', '6:13.20%', '7:87.60%', '8:4.80%', '9:2.10%']
                                                                                              <-> Client 0, global : from 18.24% to 16.01%, local : from 14.00% to 94.60%, training time : 8200msec
                                                     Cluster 2, round 1, loss : 3.29, accuracy 16.01% <-
                                                     Time past : 8200msec
                                                     ['0:2.00%', '1:0.00%', '2:0.00%', '3:0.00%', '4:0.00%', '5:0.00%', '6:99.40%', '7:0.00%', '8:58.70%', '9:0.00%']
                                          0msec<-
                                          ->0msec
                                                     -> Cluster 21, loss : 2.15, accuracy 18.24%, model from round 36
                                                     ['0:72.00%', '1:1.60%', '2:0.00%', '3:0.00%', '4:0.00%', '5:1.10%', '6:13.20%', '7:87.60%', '8:4.80%', '9:2.10%']
                                                                                              <-> Client 0, global : from 18.24% to 10.13%, local : from 1.60% to 94.81%, training time : 8200msec
                                                     Cluster 21, round 1, loss : 4.16, accuracy 10.13% <-
                                                     Time past : 8200msec
                                                     ['0:0.10%', '1:0.00%', '2:0.00%', '3:0.00%', '4:99.90%', '5:0.00%', '6:0.00%', '7:0.00%', '8:1.30%', '9:0.00%']
                                          0msec<-
                                          ->0msec
                                                     -> Cluster 74, loss : 2.15, accuracy 18.24%, model from round 36
                                                     ['0:72.00%', '1:1.60%', '2:0.00%', '3:0.00%', '4:0.00%', '5:1.10%', '6:13.20%', '7:87.60%', '8:4.80%', '9:2.10%']
                                                                                              <-> Client 0, global : from 18.24% to 10.23%, local : from 1.40% to 95.20%, training time : 16200msec
                                                     Cluster 74, round 1, loss : 4.12, accuracy 10.23% <-
                                                     Time past : 16200msec
                                                     ['0:0.00%', '1:0.00%', '2:0.00%', '3:100.00%', '4:0.00%', '5:0.00%', '6:0.00%', '7:0.00%', '8:2.30%', '9:0.00%']
                                          0msec<-
                                          ->0msec
                                                     -> Cluster 51, loss : 2.15, accuracy 18.24%, model from round 36
                                                     ['0:72.00%', '1:1.60%', '2:0.00%', '3:0.00%', '4:0.00%', '5:1.10%', '6:13.20%', '7:87.60%', '8:4.80%', '9:2.10%']
                                                                                              <-> Client 0, global : from 18.24% to 10.67%, local : from 86.43% to 94.81%, training time : 16200msec
                                                     Cluster 51, round 1, loss : 4.55, accuracy 10.67% <-
                                                     Time past : 16200msec
                                                     ['0:0.00%', '1:0.00%', '2:0.00%', '3:0.00%', '4:0.00%', '5:0.00%', '6:0.00%', '7:99.80%', '8:6.90%', '9:0.00%']
                                          0msec<-
                                          ->0msec
                                                     -> Cluster 64, loss : 2.15, accuracy 18.24%, model from round 36
                                                     ['0:72.00%', '1:1.60%', '2:0.00%', '3:0.00%', '4:0.00%', '5:1.10%', '6:13.20%', '7:87.60%', '8:4.80%', '9:2.10%']
                                                                                              <-> Client 0, global : from 18.24% to 11.85%, local : from 4.00% to 95.00%, training time : 16200msec
                                                     Cluster 64, round 1, loss : 3.12, accuracy 11.85% <-
                                                     Time past : 16200msec
                                                     ['0:0.00%', '1:0.00%', '2:0.00%', '3:0.00%', '4:9.10%', '5:0.00%', '6:1.80%', '7:7.60%', '8:100.00%', '9:0.00%']
                                          0msec<-
Central server round 36, loss : 2.21, accuracy :18.29%
Time past: 583200msec
['0:3.80%', '1:0.00%', '2:0.00%', '3:0.00%', '4:88.30%', '5:0.00%', '6:0.00%', '7:9.30%', '8:79.10%', '9:2.40%']
                                          ->0msec
                                                     -> Cluster 51, loss : 2.21, accuracy 18.29%, model from round 37
                                                     ['0:3.80%', '1:0.00%', '2:0.00%', '3:0.00%', '4:88.30%', '5:0.00%', '6:0.00%', '7:9.30%', '8:79.10%', '9:2.40%']
                                                                                              <-> Client 0, global : from 18.29% to 10.75%, local : from 10.18% to 95.01%, training time : 16200msec
                                                     Cluster 51, round 1, loss : 4.26, accuracy 10.75% <-
                                                     Time past : 16200msec
                                                     ['0:0.00%', '1:0.00%', '2:0.00%', '3:0.00%', '4:0.00%', '5:0.00%', '6:0.00%', '7:99.80%', '8:7.70%', '9:0.00%']
                                          0msec<-
                                          ->0msec
                                                     -> Cluster 57, loss : 2.21, accuracy 18.29%, model from round 37
                                                     ['0:3.80%', '1:0.00%', '2:0.00%', '3:0.00%', '4:88.30%', '5:0.00%', '6:0.00%', '7:9.30%', '8:79.10%', '9:2.40%']
                                                                                              <-> Client 0, global : from 18.29% to 11.63%, local : from 9.80% to 95.20%, training time : 16200msec
                                                     Cluster 57, round 1, loss : 4.13, accuracy 11.63% <-
                                                     Time past : 16200msec
                                                     ['0:16.20%', '1:0.00%', '2:0.00%', '3:0.00%', '4:0.00%', '5:0.00%', '6:0.00%', '7:99.70%', '8:0.40%', '9:0.00%']
                                          0msec<-
                                          ->0msec
                                                     -> Cluster 40, loss : 2.21, accuracy 18.29%, model from round 37
                                                     ['0:3.80%', '1:0.00%', '2:0.00%', '3:0.00%', '4:88.30%', '5:0.00%', '6:0.00%', '7:9.30%', '8:79.10%', '9:2.40%']
                                                                                              <-> Client 0, global : from 18.29% to 10.00%, local : from 0.60% to 94.81%, training time : 8200msec
                                                     Cluster 40, round 1, loss : 4.95, accuracy 10.00% <-
                                                     Time past : 8200msec
                                                     ['0:0.00%', '1:0.00%', '2:100.00%', '3:0.00%', '4:0.00%', '5:0.00%', '6:0.00%', '7:0.00%', '8:0.00%', '9:0.00%']
                                          0msec<-
                                          ->0msec
                                                     -> Cluster 52, loss : 2.21, accuracy 18.29%, model from round 37
                                                     ['0:3.80%', '1:0.00%', '2:0.00%', '3:0.00%', '4:88.30%', '5:0.00%', '6:0.00%', '7:9.30%', '8:79.10%', '9:2.40%']
                                                                                              <-> Client 0, global : from 18.29% to 10.15%, local : from 9.20% to 95.00%, training time : 16200msec
                                                     Cluster 52, round 1, loss : 4.73, accuracy 10.15% <-
                                                     Time past : 16200msec
                                                     ['0:0.00%', '1:0.00%', '2:0.00%', '3:0.00%', '4:0.00%', '5:0.00%', '6:0.00%', '7:100.00%', '8:1.50%', '9:0.00%']
                                          0msec<-
                                          ->0msec
                                                     -> Cluster 4, loss : 2.21, accuracy 18.29%, model from round 37
                                                     ['0:3.80%', '1:0.00%', '2:0.00%', '3:0.00%', '4:88.30%', '5:0.00%', '6:0.00%', '7:9.30%', '8:79.10%', '9:2.40%']
                                                                                              <-> Client 0, global : from 18.29% to 13.11%, local : from 0.60% to 94.80%, training time : 8200msec
                                                     Cluster 4, round 1, loss : 3.76, accuracy 13.11% <-
                                                     Time past : 8200msec
                                                     ['0:18.90%', '1:0.00%', '2:0.00%', '3:0.00%', '4:0.00%', '5:0.00%', '6:99.90%', '7:0.00%', '8:12.30%', '9:0.00%']
                                          0msec<-
                                          ->0msec
                                                     -> Cluster 90, loss : 2.21, accuracy 18.29%, model from round 37
                                                     ['0:3.80%', '1:0.00%', '2:0.00%', '3:0.00%', '4:88.30%', '5:0.00%', '6:0.00%', '7:9.30%', '8:79.10%', '9:2.40%']
                                                                                              <-> Client 0, global : from 18.29% to 10.00%, local : from 6.40% to 94.80%, training time : 16200msec
                                                     Cluster 90, round 1, loss : 3.69, accuracy 10.00% <-
                                                     Time past : 16200msec
                                                     ['0:100.00%', '1:0.00%', '2:0.00%', '3:0.00%', '4:0.00%', '5:0.00%', '6:0.00%', '7:0.00%', '8:0.00%', '9:0.00%']
                                          0msec<-
                                          ->0msec
                                                     -> Cluster 91, loss : 2.21, accuracy 18.29%, model from round 37
                                                     ['0:3.80%', '1:0.00%', '2:0.00%', '3:0.00%', '4:88.30%', '5:0.00%', '6:0.00%', '7:9.30%', '8:79.10%', '9:2.40%']
                                                                                              <-> Client 0, global : from 18.29% to 10.00%, local : from 4.20% to 95.00%, training time : 16200msec
                                                     Cluster 91, round 1, loss : 4.51, accuracy 10.00% <-
                                                     Time past : 16200msec
                                                     ['0:100.00%', '1:0.00%', '2:0.00%', '3:0.00%', '4:0.00%', '5:0.00%', '6:0.00%', '7:0.00%', '8:0.00%', '9:0.00%']
                                          0msec<-
                                          ->0msec
                                                     -> Cluster 6, loss : 2.21, accuracy 18.29%, model from round 37
                                                     ['0:3.80%', '1:0.00%', '2:0.00%', '3:0.00%', '4:88.30%', '5:0.00%', '6:0.00%', '7:9.30%', '8:79.10%', '9:2.40%']
                                                                                              <-> Client 0, global : from 18.29% to 11.51%, local : from 1.00% to 95.00%, training time : 8200msec
                                                     Cluster 6, round 1, loss : 4.27, accuracy 11.51% <-
                                                     Time past : 8200msec
                                                     ['0:6.60%', '1:0.00%', '2:0.00%', '3:0.00%', '4:0.00%', '5:0.00%', '6:100.00%', '7:0.00%', '8:7.80%', '9:0.70%']
                                          0msec<-
                                          ->0msec
                                                     -> Cluster 30, loss : 2.21, accuracy 18.29%, model from round 37
                                                     ['0:3.80%', '1:0.00%', '2:0.00%', '3:0.00%', '4:88.30%', '5:0.00%', '6:0.00%', '7:9.30%', '8:79.10%', '9:2.40%']
                                                                                              <-> Client 0, global : from 18.29% to 10.00%, local : from 0.60% to 94.81%, training time : 8200msec
                                                     Cluster 30, round 1, loss : 4.83, accuracy 10.00% <-
                                                     Time past : 8200msec
                                                     ['0:0.00%', '1:100.00%', '2:0.00%', '3:0.00%', '4:0.00%', '5:0.00%', '6:0.00%', '7:0.00%', '8:0.00%', '9:0.00%']
                                          0msec<-
                                          ->0msec
                                                     -> Cluster 5, loss : 2.21, accuracy 18.29%, model from round 37
                                                     ['0:3.80%', '1:0.00%', '2:0.00%', '3:0.00%', '4:88.30%', '5:0.00%', '6:0.00%', '7:9.30%', '8:79.10%', '9:2.40%']
                                                                                              <-> Client 0, global : from 18.29% to 16.51%, local : from 0.60% to 95.00%, training time : 8200msec
                                                     Cluster 5, round 1, loss : 3.09, accuracy 16.51% <-
                                                     Time past : 8200msec
                                                     ['0:0.00%', '1:0.00%', '2:0.00%', '3:0.00%', '4:0.00%', '5:0.00%', '6:99.50%', '7:0.00%', '8:46.80%', '9:18.80%']
                                          0msec<-
Central server round 37, loss : 2.19, accuracy :21.39%
Time past: 599400msec
['0:73.90%', '1:2.50%', '2:0.00%', '3:0.00%', '4:0.00%', '5:0.10%', '6:54.40%', '7:75.40%', '8:1.90%', '9:5.70%']
                                          ->0msec
                                                     -> Cluster 42, loss : 2.19, accuracy 21.39%, model from round 38
                                                     ['0:73.90%', '1:2.50%', '2:0.00%', '3:0.00%', '4:0.00%', '5:0.10%', '6:54.40%', '7:75.40%', '8:1.90%', '9:5.70%']
                                                                                              <-> Client 0, global : from 21.39% to 10.01%, local : from 0.80% to 95.00%, training time : 8200msec
                                                     Cluster 42, round 1, loss : 4.43, accuracy 10.01% <-
                                                     Time past : 8200msec
                                                     ['0:0.00%', '1:0.00%', '2:100.00%', '3:0.00%', '4:0.00%', '5:0.00%', '6:0.00%', '7:0.00%', '8:0.10%', '9:0.00%']
                                          0msec<-
                                          ->0msec
                                                     -> Cluster 79, loss : 2.19, accuracy 21.39%, model from round 38
                                                     ['0:73.90%', '1:2.50%', '2:0.00%', '3:0.00%', '4:0.00%', '5:0.10%', '6:54.40%', '7:75.40%', '8:1.90%', '9:5.70%']
                                                                                              <-> Client 0, global : from 21.39% to 10.09%, local : from 1.60% to 95.00%, training time : 16200msec
                                                     Cluster 79, round 1, loss : 4.31, accuracy 10.09% <-
                                                     Time past : 16200msec
                                                     ['0:0.00%', '1:0.00%', '2:0.00%', '3:100.00%', '4:0.00%', '5:0.00%', '6:0.00%', '7:0.00%', '8:0.90%', '9:0.00%']
                                          0msec<-
                                          ->0msec
                                                     -> Cluster 14, loss : 2.19, accuracy 21.39%, model from round 38
                                                     ['0:73.90%', '1:2.50%', '2:0.00%', '3:0.00%', '4:0.00%', '5:0.10%', '6:54.40%', '7:75.40%', '8:1.90%', '9:5.70%']
                                                                                              <-> Client 0, global : from 21.39% to 10.04%, local : from 6.80% to 95.00%, training time : 8200msec
                                                     Cluster 14, round 1, loss : 4.02, accuracy 10.04% <-
                                                     Time past : 8200msec
                                                     ['0:0.00%', '1:0.00%', '2:0.00%', '3:0.00%', '4:0.20%', '5:0.20%', '6:0.00%', '7:0.00%', '8:0.00%', '9:100.00%']
                                          0msec<-
                                          ->0msec
                                                     -> Cluster 44, loss : 2.19, accuracy 21.39%, model from round 38
                                                     ['0:73.90%', '1:2.50%', '2:0.00%', '3:0.00%', '4:0.00%', '5:0.10%', '6:54.40%', '7:75.40%', '8:1.90%', '9:5.70%']
                                                                                              <-> Client 0, global : from 21.39% to 10.00%, local : from 1.00% to 95.00%, training time : 8200msec
                                                     Cluster 44, round 1, loss : 4.87, accuracy 10.00% <-
                                                     Time past : 8200msec
                                                     ['0:0.00%', '1:0.00%', '2:100.00%', '3:0.00%', '4:0.00%', '5:0.00%', '6:0.00%', '7:0.00%', '8:0.00%', '9:0.00%']
                                          0msec<-
                                          ->0msec
                                                     -> Cluster 15, loss : 2.19, accuracy 21.39%, model from round 38
                                                     ['0:73.90%', '1:2.50%', '2:0.00%', '3:0.00%', '4:0.00%', '5:0.10%', '6:54.40%', '7:75.40%', '8:1.90%', '9:5.70%']
                                                                                              <-> Client 0, global : from 21.39% to 10.65%, local : from 9.20% to 95.20%, training time : 8200msec
                                                     Cluster 15, round 1, loss : 3.37, accuracy 10.65% <-
                                                     Time past : 8200msec
                                                     ['0:0.00%', '1:0.00%', '2:0.00%', '3:0.00%', '4:0.50%', '5:2.00%', '6:4.20%', '7:0.00%', '8:0.00%', '9:99.80%']
                                          0msec<-
                                          ->0msec
                                                     -> Cluster 76, loss : 2.19, accuracy 21.39%, model from round 38
                                                     ['0:73.90%', '1:2.50%', '2:0.00%', '3:0.00%', '4:0.00%', '5:0.10%', '6:54.40%', '7:75.40%', '8:1.90%', '9:5.70%']
                                                                                              <-> Client 0, global : from 21.39% to 11.53%, local : from 0.80% to 95.40%, training time : 16200msec
                                                     Cluster 76, round 1, loss : 4.20, accuracy 11.53% <-
                                                     Time past : 16200msec
                                                     ['0:0.00%', '1:0.00%', '2:0.00%', '3:99.90%', '4:0.00%', '5:0.00%', '6:0.00%', '7:0.00%', '8:15.40%', '9:0.00%']
                                          0msec<-
                                          ->0msec
                                                     -> Cluster 6, loss : 2.19, accuracy 21.39%, model from round 38
                                                     ['0:73.90%', '1:2.50%', '2:0.00%', '3:0.00%', '4:0.00%', '5:0.10%', '6:54.40%', '7:75.40%', '8:1.90%', '9:5.70%']
                                                                                              <-> Client 0, global : from 21.39% to 12.50%, local : from 53.80% to 95.00%, training time : 8200msec
                                                     Cluster 6, round 1, loss : 3.64, accuracy 12.50% <-
                                                     Time past : 8200msec
                                                     ['0:22.10%', '1:0.10%', '2:0.00%', '3:0.00%', '4:0.00%', '5:0.00%', '6:100.00%', '7:0.00%', '8:0.50%', '9:2.30%']
                                          0msec<-
                                          ->0msec
                                                     -> Cluster 93, loss : 2.19, accuracy 21.39%, model from round 38
                                                     ['0:73.90%', '1:2.50%', '2:0.00%', '3:0.00%', '4:0.00%', '5:0.10%', '6:54.40%', '7:75.40%', '8:1.90%', '9:5.70%']
                                                                                              <-> Client 0, global : from 21.39% to 10.00%, local : from 68.34% to 95.19%, training time : 16200msec
                                                     Cluster 93, round 1, loss : 3.77, accuracy 10.00% <-
                                                     Time past : 16200msec
                                                     ['0:100.00%', '1:0.00%', '2:0.00%', '3:0.00%', '4:0.00%', '5:0.00%', '6:0.00%', '7:0.00%', '8:0.00%', '9:0.00%']
                                          0msec<-
                                          ->0msec
                                                     -> Cluster 37, loss : 2.19, accuracy 21.39%, model from round 38
                                                     ['0:73.90%', '1:2.50%', '2:0.00%', '3:0.00%', '4:0.00%', '5:0.10%', '6:54.40%', '7:75.40%', '8:1.90%', '9:5.70%']
                                                                                              <-> Client 0, global : from 21.39% to 10.00%, local : from 3.40% to 95.00%, training time : 8200msec
                                                     Cluster 37, round 1, loss : 4.07, accuracy 10.00% <-
                                                     Time past : 8200msec
                                                     ['0:0.00%', '1:100.00%', '2:0.00%', '3:0.00%', '4:0.00%', '5:0.00%', '6:0.00%', '7:0.00%', '8:0.00%', '9:0.00%']
                                          0msec<-
                                          ->0msec
                                                     -> Cluster 35, loss : 2.19, accuracy 21.39%, model from round 38
                                                     ['0:73.90%', '1:2.50%', '2:0.00%', '3:0.00%', '4:0.00%', '5:0.10%', '6:54.40%', '7:75.40%', '8:1.90%', '9:5.70%']
                                                                                              <-> Client 0, global : from 21.39% to 10.00%, local : from 5.40% to 95.00%, training time : 8200msec
                                                     Cluster 35, round 1, loss : 4.26, accuracy 10.00% <-
                                                     Time past : 8200msec
                                                     ['0:0.00%', '1:100.00%', '2:0.00%', '3:0.00%', '4:0.00%', '5:0.00%', '6:0.00%', '7:0.00%', '8:0.00%', '9:0.00%']
                                          0msec<-
Central server round 38, loss : 2.00, accuracy :28.24%
Time past: 615600msec
['0:48.70%', '1:40.70%', '2:35.70%', '3:25.50%', '4:0.00%', '5:2.00%', '6:51.30%', '7:3.30%', '8:19.70%', '9:55.50%']
                                          ->0msec
                                                     -> Cluster 7, loss : 2.00, accuracy 28.24%, model from round 39
                                                     ['0:48.70%', '1:40.70%', '2:35.70%', '3:25.50%', '4:0.00%', '5:2.00%', '6:51.30%', '7:3.30%', '8:19.70%', '9:55.50%']
                                                                                              <-> Client 0, global : from 28.24% to 12.64%, local : from 44.00% to 95.20%, training time : 8200msec
                                                     Cluster 7, round 1, loss : 3.78, accuracy 12.64% <-
                                                     Time past : 8200msec
                                                     ['0:0.00%', '1:0.00%', '2:0.00%', '3:0.00%', '4:0.00%', '5:0.00%', '6:100.00%', '7:0.00%', '8:26.40%', '9:0.00%']
                                          0msec<-
                                          ->0msec
                                                     -> Cluster 87, loss : 2.00, accuracy 28.24%, model from round 39
                                                     ['0:48.70%', '1:40.70%', '2:35.70%', '3:25.50%', '4:0.00%', '5:2.00%', '6:51.30%', '7:3.30%', '8:19.70%', '9:55.50%']
                                                                                              <-> Client 0, global : from 28.24% to 12.98%, local : from 2.00% to 95.39%, training time : 16200msec
                                                     Cluster 87, round 1, loss : 3.97, accuracy 12.98% <-
                                                     Time past : 16200msec
                                                     ['0:5.00%', '1:0.00%', '2:0.00%', '3:0.00%', '4:0.00%', '5:99.70%', '6:0.00%', '7:0.00%', '8:21.70%', '9:3.40%']
                                          0msec<-
                                          ->0msec
                                                     -> Cluster 55, loss : 2.00, accuracy 28.24%, model from round 39
                                                     ['0:48.70%', '1:40.70%', '2:35.70%', '3:25.50%', '4:0.00%', '5:2.00%', '6:51.30%', '7:3.30%', '8:19.70%', '9:55.50%']
                                                                                              <-> Client 0, global : from 28.24% to 10.08%, local : from 5.60% to 95.00%, training time : 16200msec
                                                     Cluster 55, round 1, loss : 4.47, accuracy 10.08% <-
                                                     Time past : 16200msec
                                                     ['0:0.00%', '1:0.00%', '2:0.00%', '3:0.00%', '4:0.00%', '5:0.00%', '6:0.00%', '7:100.00%', '8:0.80%', '9:0.00%']
                                          0msec<-
                                          ->0msec
                                                     -> Cluster 11, loss : 2.00, accuracy 28.24%, model from round 39
                                                     ['0:48.70%', '1:40.70%', '2:35.70%', '3:25.50%', '4:0.00%', '5:2.00%', '6:51.30%', '7:3.30%', '8:19.70%', '9:55.50%']
                                                                                              <-> Client 0, global : from 28.24% to 10.00%, local : from 52.50% to 94.81%, training time : 8200msec
                                                     Cluster 11, round 1, loss : 4.14, accuracy 10.00% <-
                                                     Time past : 8200msec
                                                     ['0:0.00%', '1:0.00%', '2:0.00%', '3:0.00%', '4:0.00%', '5:0.00%', '6:0.00%', '7:0.00%', '8:0.00%', '9:100.00%']
                                          0msec<-
                                          ->0msec
                                                     -> Cluster 75, loss : 2.00, accuracy 28.24%, model from round 39
                                                     ['0:48.70%', '1:40.70%', '2:35.70%', '3:25.50%', '4:0.00%', '5:2.00%', '6:51.30%', '7:3.30%', '8:19.70%', '9:55.50%']
                                                                                              <-> Client 0, global : from 28.24% to 10.10%, local : from 28.40% to 95.00%, training time : 16200msec
                                                     Cluster 75, round 1, loss : 4.19, accuracy 10.10% <-
                                                     Time past : 16200msec
                                                     ['0:0.00%', '1:0.00%', '2:0.00%', '3:100.00%', '4:0.00%', '5:0.00%', '6:0.00%', '7:0.00%', '8:1.00%', '9:0.00%']
                                          0msec<-
                                          ->0msec
                                                     -> Cluster 79, loss : 2.00, accuracy 28.24%, model from round 39
                                                     ['0:48.70%', '1:40.70%', '2:35.70%', '3:25.50%', '4:0.00%', '5:2.00%', '6:51.30%', '7:3.30%', '8:19.70%', '9:55.50%']
                                                                                              <-> Client 0, global : from 28.24% to 10.07%, local : from 25.20% to 95.00%, training time : 16200msec
                                                     Cluster 79, round 1, loss : 4.28, accuracy 10.07% <-
                                                     Time past : 16200msec
                                                     ['0:0.00%', '1:0.00%', '2:0.00%', '3:100.00%', '4:0.00%', '5:0.00%', '6:0.00%', '7:0.00%', '8:0.70%', '9:0.00%']
                                          0msec<-
                                          ->0msec
                                                     -> Cluster 0, loss : 2.00, accuracy 28.24%, model from round 39
                                                     ['0:48.70%', '1:40.70%', '2:35.70%', '3:25.50%', '4:0.00%', '5:2.00%', '6:51.30%', '7:3.30%', '8:19.70%', '9:55.50%']
                                                                                              <-> Client 0, global : from 28.24% to 11.38%, local : from 49.30% to 95.01%, training time : 8200msec
                                                     Cluster 0, round 1, loss : 3.74, accuracy 11.38% <-
                                                     Time past : 8200msec
                                                     ['0:3.80%', '1:0.00%', '2:0.00%', '3:0.00%', '4:0.00%', '5:0.00%', '6:100.00%', '7:0.00%', '8:9.80%', '9:0.20%']
                                          0msec<-
                                          ->0msec
                                                     -> Cluster 13, loss : 2.00, accuracy 28.24%, model from round 39
                                                     ['0:48.70%', '1:40.70%', '2:35.70%', '3:25.50%', '4:0.00%', '5:2.00%', '6:51.30%', '7:3.30%', '8:19.70%', '9:55.50%']
                                                                                              <-> Client 0, global : from 28.24% to 10.07%, local : from 54.20% to 95.00%, training time : 8200msec
                                                     Cluster 13, round 1, loss : 4.06, accuracy 10.07% <-
                                                     Time past : 8200msec
                                                     ['0:0.00%', '1:0.00%', '2:0.00%', '3:0.00%', '4:0.00%', '5:0.70%', '6:0.00%', '7:0.00%', '8:0.00%', '9:100.00%']
                                          0msec<-
                                          ->0msec
                                                     -> Cluster 3, loss : 2.00, accuracy 28.24%, model from round 39
                                                     ['0:48.70%', '1:40.70%', '2:35.70%', '3:25.50%', '4:0.00%', '5:2.00%', '6:51.30%', '7:3.30%', '8:19.70%', '9:55.50%']
                                                                                              <-> Client 0, global : from 28.24% to 12.39%, local : from 48.60% to 95.00%, training time : 8200msec
                                                     Cluster 3, round 1, loss : 3.93, accuracy 12.39% <-
                                                     Time past : 8200msec
                                                     ['0:3.00%', '1:0.00%', '2:0.00%', '3:0.00%', '4:0.00%', '5:0.00%', '6:100.00%', '7:0.00%', '8:20.90%', '9:0.00%']
                                          0msec<-
                                          ->0msec
                                                     -> Cluster 2, loss : 2.00, accuracy 28.24%, model from round 39
                                                     ['0:48.70%', '1:40.70%', '2:35.70%', '3:25.50%', '4:0.00%', '5:2.00%', '6:51.30%', '7:3.30%', '8:19.70%', '9:55.50%']
                                                                                              <-> Client 0, global : from 28.24% to 11.60%, local : from 47.40% to 95.00%, training time : 8200msec
                                                     Cluster 2, round 1, loss : 4.43, accuracy 11.60% <-
                                                     Time past : 8200msec
                                                     ['0:1.00%', '1:0.00%', '2:0.00%', '3:0.00%', '4:0.00%', '5:0.00%', '6:100.00%', '7:0.00%', '8:15.00%', '9:0.00%']
                                          0msec<-
Central server round 39, loss : 2.20, accuracy :21.55%
Time past: 631800msec
['0:21.20%', '1:0.50%', '2:0.00%', '3:5.40%', '4:0.00%', '5:4.90%', '6:94.20%', '7:0.50%', '8:25.00%', '9:63.80%']
                                          ->0msec
                                                     -> Cluster 44, loss : 2.20, accuracy 21.55%, model from round 40
                                                     ['0:21.20%', '1:0.50%', '2:0.00%', '3:5.40%', '4:0.00%', '5:4.90%', '6:94.20%', '7:0.50%', '8:25.00%', '9:63.80%']
                                                                                              <-> Client 0, global : from 21.55% to 10.00%, local : from 1.00% to 95.00%, training time : 8200msec
                                                     Cluster 44, round 1, loss : 4.58, accuracy 10.00% <-
                                                     Time past : 8200msec
                                                     ['0:0.00%', '1:0.00%', '2:100.00%', '3:0.00%', '4:0.00%', '5:0.00%', '6:0.00%', '7:0.00%', '8:0.00%', '9:0.00%']
                                          0msec<-
                                          ->0msec
                                                     -> Cluster 84, loss : 2.20, accuracy 21.55%, model from round 40
                                                     ['0:21.20%', '1:0.50%', '2:0.00%', '3:5.40%', '4:0.00%', '5:4.90%', '6:94.20%', '7:0.50%', '8:25.00%', '9:63.80%']
                                                                                              <-> Client 0, global : from 21.55% to 10.90%, local : from 5.81% to 95.39%, training time : 16200msec
                                                     Cluster 84, round 1, loss : 3.72, accuracy 10.90% <-
                                                     Time past : 16200msec
                                                     ['0:0.00%', '1:0.00%', '2:0.00%', '3:0.00%', '4:0.00%', '5:99.90%', '6:0.00%', '7:0.00%', '8:8.40%', '9:0.70%']
                                          0msec<-
                                          ->0msec
                                                     -> Cluster 4, loss : 2.20, accuracy 21.55%, model from round 40
                                                     ['0:21.20%', '1:0.50%', '2:0.00%', '3:5.40%', '4:0.00%', '5:4.90%', '6:94.20%', '7:0.50%', '8:25.00%', '9:63.80%']
                                                                                              <-> Client 0, global : from 21.55% to 11.80%, local : from 89.00% to 95.00%, training time : 8200msec
                                                     Cluster 4, round 1, loss : 4.42, accuracy 11.80% <-
                                                     Time past : 8200msec
                                                     ['0:11.00%', '1:0.00%', '2:0.00%', '3:0.00%', '4:0.00%', '5:0.00%', '6:100.00%', '7:0.00%', '8:7.00%', '9:0.00%']
                                          0msec<-
                                          ->0msec
                                                     -> Cluster 48, loss : 2.20, accuracy 21.55%, model from round 40
                                                     ['0:21.20%', '1:0.50%', '2:0.00%', '3:5.40%', '4:0.00%', '5:4.90%', '6:94.20%', '7:0.50%', '8:25.00%', '9:63.80%']
                                                                                              <-> Client 0, global : from 21.55% to 10.00%, local : from 1.00% to 95.00%, training time : 8200msec
                                                     Cluster 48, round 1, loss : 4.41, accuracy 10.00% <-
                                                     Time past : 8200msec
                                                     ['0:0.00%', '1:0.00%', '2:100.00%', '3:0.00%', '4:0.00%', '5:0.00%', '6:0.00%', '7:0.00%', '8:0.00%', '9:0.00%']
                                          0msec<-
                                          ->0msec
                                                     -> Cluster 39, loss : 2.20, accuracy 21.55%, model from round 40
                                                     ['0:21.20%', '1:0.50%', '2:0.00%', '3:5.40%', '4:0.00%', '5:4.90%', '6:94.20%', '7:0.50%', '8:25.00%', '9:63.80%']
                                                                                              <-> Client 0, global : from 21.55% to 11.63%, local : from 1.20% to 95.20%, training time : 8200msec
                                                     Cluster 39, round 1, loss : 2.92, accuracy 11.63% <-
                                                     Time past : 8200msec
                                                     ['0:11.90%', '1:100.00%', '2:0.00%', '3:0.10%', '4:0.10%', '5:0.30%', '6:0.00%', '7:0.00%', '8:3.90%', '9:0.00%']
                                          0msec<-
                                          ->0msec
                                                     -> Cluster 96, loss : 2.20, accuracy 21.55%, model from round 40
                                                     ['0:21.20%', '1:0.50%', '2:0.00%', '3:5.40%', '4:0.00%', '5:4.90%', '6:94.20%', '7:0.50%', '8:25.00%', '9:63.80%']
                                                                                              <-> Client 0, global : from 21.55% to 10.00%, local : from 19.04% to 95.19%, training time : 16200msec
                                                     Cluster 96, round 1, loss : 4.04, accuracy 10.00% <-
                                                     Time past : 16200msec
                                                     ['0:100.00%', '1:0.00%', '2:0.00%', '3:0.00%', '4:0.00%', '5:0.00%', '6:0.00%', '7:0.00%', '8:0.00%', '9:0.00%']
                                          0msec<-
                                          ->0msec
                                                     -> Cluster 77, loss : 2.20, accuracy 21.55%, model from round 40
                                                     ['0:21.20%', '1:0.50%', '2:0.00%', '3:5.40%', '4:0.00%', '5:4.90%', '6:94.20%', '7:0.50%', '8:25.00%', '9:63.80%']
                                                                                              <-> Client 0, global : from 21.55% to 11.29%, local : from 4.20% to 95.40%, training time : 16200msec
                                                     Cluster 77, round 1, loss : 3.89, accuracy 11.29% <-
                                                     Time past : 16200msec
                                                     ['0:0.00%', '1:0.00%', '2:0.00%', '3:99.90%', '4:0.00%', '5:0.00%', '6:0.00%', '7:0.00%', '8:13.00%', '9:0.00%']
                                          0msec<-
                                          ->0msec
                                                     -> Cluster 80, loss : 2.20, accuracy 21.55%, model from round 40
                                                     ['0:21.20%', '1:0.50%', '2:0.00%', '3:5.40%', '4:0.00%', '5:4.90%', '6:94.20%', '7:0.50%', '8:25.00%', '9:63.80%']
                                                                                              <-> Client 0, global : from 21.55% to 13.09%, local : from 5.60% to 96.00%, training time : 16200msec
                                                     Cluster 80, round 1, loss : 3.66, accuracy 13.09% <-
                                                     Time past : 16200msec
                                                     ['0:0.00%', '1:2.70%', '2:0.00%', '3:0.00%', '4:0.00%', '5:99.60%', '6:0.00%', '7:0.00%', '8:24.30%', '9:4.30%']
                                          0msec<-
                                          ->0msec
                                                     -> Cluster 50, loss : 2.20, accuracy 21.55%, model from round 40
                                                     ['0:21.20%', '1:0.50%', '2:0.00%', '3:5.40%', '4:0.00%', '5:4.90%', '6:94.20%', '7:0.50%', '8:25.00%', '9:63.80%']
                                                                                              <-> Client 0, global : from 21.55% to 10.21%, local : from 2.00% to 94.81%, training time : 16200msec
                                                     Cluster 50, round 1, loss : 4.35, accuracy 10.21% <-
                                                     Time past : 16200msec
                                                     ['0:1.90%', '1:0.00%', '2:0.00%', '3:0.00%', '4:0.00%', '5:0.00%', '6:0.00%', '7:100.00%', '8:0.10%', '9:0.10%']
                                          0msec<-
                                          ->0msec
                                                     -> Cluster 11, loss : 2.20, accuracy 21.55%, model from round 40
                                                     ['0:21.20%', '1:0.50%', '2:0.00%', '3:5.40%', '4:0.00%', '5:4.90%', '6:94.20%', '7:0.50%', '8:25.00%', '9:63.80%']
                                                                                              <-> Client 0, global : from 21.55% to 10.00%, local : from 62.87% to 94.81%, training time : 8200msec
                                                     Cluster 11, round 1, loss : 4.32, accuracy 10.00% <-
                                                     Time past : 8200msec
                                                     ['0:0.00%', '1:0.00%', '2:0.00%', '3:0.00%', '4:0.00%', '5:0.00%', '6:0.00%', '7:0.00%', '8:0.00%', '9:100.00%']
                                          0msec<-
Central server round 40, loss : 2.00, accuracy :27.27%
Time past: 648000msec
['0:49.30%', '1:13.80%', '2:6.50%', '3:1.20%', '4:0.00%', '5:73.90%', '6:30.20%', '7:26.60%', '8:21.30%', '9:49.90%']
                                          ->0msec
                                                     -> Cluster 23, loss : 2.00, accuracy 27.27%, model from round 41
                                                     ['0:49.30%', '1:13.80%', '2:6.50%', '3:1.20%', '4:0.00%', '5:73.90%', '6:30.20%', '7:26.60%', '8:21.30%', '9:49.90%']
                                                                                              <-> Client 0, global : from 27.27% to 10.46%, local : from 1.20% to 95.00%, training time : 8200msec
                                                     Cluster 23, round 1, loss : 4.58, accuracy 10.46% <-
                                                     Time past : 8200msec
                                                     ['0:4.10%', '1:0.00%', '2:0.00%', '3:0.00%', '4:99.90%', '5:0.00%', '6:0.00%', '7:0.00%', '8:0.60%', '9:0.00%']
                                          0msec<-
                                          ->0msec
                                                     -> Cluster 46, loss : 2.00, accuracy 27.27%, model from round 41
                                                     ['0:49.30%', '1:13.80%', '2:6.50%', '3:1.20%', '4:0.00%', '5:73.90%', '6:30.20%', '7:26.60%', '8:21.30%', '9:49.90%']
                                                                                              <-> Client 0, global : from 27.27% to 10.00%, local : from 9.20% to 95.00%, training time : 8200msec
                                                     Cluster 46, round 1, loss : 4.72, accuracy 10.00% <-
                                                     Time past : 8200msec
                                                     ['0:0.00%', '1:0.00%', '2:100.00%', '3:0.00%', '4:0.00%', '5:0.00%', '6:0.00%', '7:0.00%', '8:0.00%', '9:0.00%']
                                          0msec<-
                                          ->0msec
                                                     -> Cluster 53, loss : 2.00, accuracy 27.27%, model from round 41
                                                     ['0:49.30%', '1:13.80%', '2:6.50%', '3:1.20%', '4:0.00%', '5:73.90%', '6:30.20%', '7:26.60%', '8:21.30%', '9:49.90%']
                                                                                              <-> Client 0, global : from 27.27% to 10.48%, local : from 25.80% to 95.00%, training time : 16200msec
                                                     Cluster 53, round 1, loss : 4.02, accuracy 10.48% <-
                                                     Time past : 16200msec
                                                     ['0:1.40%', '1:0.00%', '2:0.00%', '3:0.00%', '4:0.00%', '5:0.00%', '6:0.00%', '7:100.00%', '8:3.40%', '9:0.00%']
                                          0msec<-
                                          ->0msec
                                                     -> Cluster 56, loss : 2.00, accuracy 27.27%, model from round 41
                                                     ['0:49.30%', '1:13.80%', '2:6.50%', '3:1.20%', '4:0.00%', '5:73.90%', '6:30.20%', '7:26.60%', '8:21.30%', '9:49.90%']
                                                                                              <-> Client 0, global : from 27.27% to 10.22%, local : from 24.40% to 95.00%, training time : 16200msec
                                                     Cluster 56, round 1, loss : 4.70, accuracy 10.22% <-
                                                     Time past : 16200msec
                                                     ['0:0.00%', '1:0.00%', '2:0.00%', '3:0.00%', '4:0.00%', '5:0.00%', '6:0.00%', '7:100.00%', '8:2.20%', '9:0.00%']
                                          0msec<-
                                          ->0msec
                                                     -> Cluster 29, loss : 2.00, accuracy 27.27%, model from round 41
                                                     ['0:49.30%', '1:13.80%', '2:6.50%', '3:1.20%', '4:0.00%', '5:73.90%', '6:30.20%', '7:26.60%', '8:21.30%', '9:49.90%']
                                                                                              <-> Client 0, global : from 27.27% to 10.21%, local : from 0.80% to 95.00%, training time : 8200msec
                                                     Cluster 29, round 1, loss : 4.18, accuracy 10.21% <-
                                                     Time past : 8200msec
                                                     ['0:0.00%', '1:0.00%', '2:0.00%', '3:0.00%', '4:100.00%', '5:0.00%', '6:0.00%', '7:0.00%', '8:2.10%', '9:0.00%']
                                          0msec<-
                                          ->0msec
                                                     -> Cluster 99, loss : 2.00, accuracy 27.27%, model from round 41
                                                     ['0:49.30%', '1:13.80%', '2:6.50%', '3:1.20%', '4:0.00%', '5:73.90%', '6:30.20%', '7:26.60%', '8:21.30%', '9:49.90%']
                                                                                              <-> Client 0, global : from 27.27% to 10.00%, local : from 46.49% to 95.19%, training time : 16200msec
                                                     Cluster 99, round 1, loss : 4.32, accuracy 10.00% <-
                                                     Time past : 16200msec
                                                     ['0:100.00%', '1:0.00%', '2:0.00%', '3:0.00%', '4:0.00%', '5:0.00%', '6:0.00%', '7:0.00%', '8:0.00%', '9:0.00%']
                                          0msec<-
                                          ->0msec
                                                     -> Cluster 89, loss : 2.00, accuracy 27.27%, model from round 41
                                                     ['0:49.30%', '1:13.80%', '2:6.50%', '3:1.20%', '4:0.00%', '5:73.90%', '6:30.20%', '7:26.60%', '8:21.30%', '9:49.90%']
                                                                                              <-> Client 0, global : from 27.27% to 10.24%, local : from 72.55% to 95.39%, training time : 16200msec
                                                     Cluster 89, round 1, loss : 4.39, accuracy 10.24% <-
                                                     Time past : 16200msec
                                                     ['0:0.00%', '1:0.00%', '2:0.00%', '3:0.00%', '4:0.00%', '5:100.00%', '6:0.00%', '7:0.00%', '8:1.60%', '9:0.80%']
                                          0msec<-
                                          ->0msec
                                                     -> Cluster 61, loss : 2.00, accuracy 27.27%, model from round 41
                                                     ['0:49.30%', '1:13.80%', '2:6.50%', '3:1.20%', '4:0.00%', '5:73.90%', '6:30.20%', '7:26.60%', '8:21.30%', '9:49.90%']
                                                                                              <-> Client 0, global : from 27.27% to 12.64%, local : from 22.95% to 95.21%, training time : 16200msec
                                                     Cluster 61, round 1, loss : 3.50, accuracy 12.64% <-
                                                     Time past : 16200msec
                                                     ['0:0.00%', '1:0.00%', '2:0.00%', '3:0.00%', '4:25.20%', '5:1.40%', '6:0.00%', '7:0.00%', '8:99.80%', '9:0.00%']
                                          0msec<-
                                          ->0msec
                                                     -> Cluster 44, loss : 2.00, accuracy 27.27%, model from round 41
                                                     ['0:49.30%', '1:13.80%', '2:6.50%', '3:1.20%', '4:0.00%', '5:73.90%', '6:30.20%', '7:26.60%', '8:21.30%', '9:49.90%']
                                                                                              <-> Client 0, global : from 27.27% to 10.04%, local : from 6.40% to 95.00%, training time : 8200msec
                                                     Cluster 44, round 1, loss : 3.79, accuracy 10.04% <-
                                                     Time past : 8200msec
                                                     ['0:0.00%', '1:0.00%', '2:99.80%', '3:0.00%', '4:0.00%', '5:0.00%', '6:0.00%', '7:0.00%', '8:0.60%', '9:0.00%']
                                          0msec<-
                                          ->0msec
                                                     -> Cluster 34, loss : 2.00, accuracy 27.27%, model from round 41
                                                     ['0:49.30%', '1:13.80%', '2:6.50%', '3:1.20%', '4:0.00%', '5:73.90%', '6:30.20%', '7:26.60%', '8:21.30%', '9:49.90%']
                                                                                              <-> Client 0, global : from 27.27% to 10.00%, local : from 11.60% to 95.00%, training time : 8200msec
                                                     Cluster 34, round 1, loss : 3.90, accuracy 10.00% <-
                                                     Time past : 8200msec
                                                     ['0:0.00%', '1:100.00%', '2:0.00%', '3:0.00%', '4:0.00%', '5:0.00%', '6:0.00%', '7:0.00%', '8:0.00%', '9:0.00%']
                                          0msec<-
Central server round 41, loss : 2.01, accuracy :27.69%
Time past: 664200msec
['0:28.30%', '1:22.20%', '2:13.90%', '3:0.00%', '4:58.90%', '5:29.30%', '6:0.10%', '7:50.00%', '8:58.10%', '9:16.10%']
                                          ->0msec
                                                     -> Cluster 40, loss : 2.01, accuracy 27.69%, model from round 42
                                                     ['0:28.30%', '1:22.20%', '2:13.90%', '3:0.00%', '4:58.90%', '5:29.30%', '6:0.10%', '7:50.00%', '8:58.10%', '9:16.10%']
                                                                                              <-> Client 0, global : from 27.69% to 10.00%, local : from 18.16% to 94.81%, training time : 8200msec
                                                     Cluster 40, round 1, loss : 4.05, accuracy 10.00% <-
                                                     Time past : 8200msec
                                                     ['0:0.00%', '1:0.00%', '2:100.00%', '3:0.00%', '4:0.00%', '5:0.00%', '6:0.00%', '7:0.00%', '8:0.00%', '9:0.00%']
                                          0msec<-
                                          ->0msec
                                                     -> Cluster 30, loss : 2.01, accuracy 27.69%, model from round 42
                                                     ['0:28.30%', '1:22.20%', '2:13.90%', '3:0.00%', '4:58.90%', '5:29.30%', '6:0.10%', '7:50.00%', '8:58.10%', '9:16.10%']
                                                                                              <-> Client 0, global : from 27.69% to 10.00%, local : from 20.56% to 94.81%, training time : 8200msec
                                                     Cluster 30, round 1, loss : 4.31, accuracy 10.00% <-
                                                     Time past : 8200msec
                                                     ['0:0.00%', '1:100.00%', '2:0.00%', '3:0.00%', '4:0.00%', '5:0.00%', '6:0.00%', '7:0.00%', '8:0.00%', '9:0.00%']
                                          0msec<-
                                          ->0msec
                                                     -> Cluster 76, loss : 2.01, accuracy 27.69%, model from round 42
                                                     ['0:28.30%', '1:22.20%', '2:13.90%', '3:0.00%', '4:58.90%', '5:29.30%', '6:0.10%', '7:50.00%', '8:58.10%', '9:16.10%']
                                                                                              <-> Client 0, global : from 27.69% to 10.87%, local : from 1.60% to 95.40%, training time : 16200msec
                                                     Cluster 76, round 1, loss : 4.69, accuracy 10.87% <-
                                                     Time past : 16200msec
                                                     ['0:0.00%', '1:0.00%', '2:0.00%', '3:99.90%', '4:0.00%', '5:0.00%', '6:0.00%', '7:0.00%', '8:8.80%', '9:0.00%']
                                          0msec<-
                                          ->0msec
                                                     -> Cluster 82, loss : 2.01, accuracy 27.69%, model from round 42
                                                     ['0:28.30%', '1:22.20%', '2:13.90%', '3:0.00%', '4:58.90%', '5:29.30%', '6:0.10%', '7:50.00%', '8:58.10%', '9:16.10%']
                                                                                              <-> Client 0, global : from 27.69% to 10.91%, local : from 29.00% to 94.80%, training time : 16200msec
                                                     Cluster 82, round 1, loss : 4.46, accuracy 10.91% <-
                                                     Time past : 16200msec
                                                     ['0:1.10%', '1:0.00%', '2:0.00%', '3:0.00%', '4:0.00%', '5:100.00%', '6:0.00%', '7:0.00%', '8:8.00%', '9:0.00%']
                                          0msec<-
                                          ->0msec
                                                     -> Cluster 7, loss : 2.01, accuracy 27.69%, model from round 42
                                                     ['0:28.30%', '1:22.20%', '2:13.90%', '3:0.00%', '4:58.90%', '5:29.30%', '6:0.10%', '7:50.00%', '8:58.10%', '9:16.10%']
                                                                                              <-> Client 0, global : from 27.69% to 11.70%, local : from 1.20% to 95.20%, training time : 8200msec
                                                     Cluster 7, round 1, loss : 4.02, accuracy 11.70% <-
                                                     Time past : 8200msec
                                                     ['0:0.00%', '1:0.00%', '2:0.00%', '3:0.00%', '4:0.00%', '5:0.00%', '6:100.00%', '7:0.00%', '8:17.00%', '9:0.00%']
                                          0msec<-
                                          ->0msec
                                                     -> Cluster 78, loss : 2.01, accuracy 27.69%, model from round 42
                                                     ['0:28.30%', '1:22.20%', '2:13.90%', '3:0.00%', '4:58.90%', '5:29.30%', '6:0.10%', '7:50.00%', '8:58.10%', '9:16.10%']
                                                                                              <-> Client 0, global : from 27.69% to 10.60%, local : from 1.40% to 95.00%, training time : 16200msec
                                                     Cluster 78, round 1, loss : 4.05, accuracy 10.60% <-
                                                     Time past : 16200msec
                                                     ['0:0.00%', '1:0.00%', '2:0.00%', '3:100.00%', '4:0.00%', '5:0.00%', '6:0.00%', '7:0.00%', '8:3.40%', '9:2.60%']
                                          0msec<-
                                          ->0msec
                                                     -> Cluster 6, loss : 2.01, accuracy 27.69%, model from round 42
                                                     ['0:28.30%', '1:22.20%', '2:13.90%', '3:0.00%', '4:58.90%', '5:29.30%', '6:0.10%', '7:50.00%', '8:58.10%', '9:16.10%']
                                                                                              <-> Client 0, global : from 27.69% to 14.03%, local : from 2.40% to 95.20%, training time : 8200msec
                                                     Cluster 6, round 1, loss : 3.40, accuracy 14.03% <-
                                                     Time past : 8200msec
                                                     ['0:23.30%', '1:0.40%', '2:0.00%', '3:0.00%', '4:0.00%', '5:0.00%', '6:99.90%', '7:0.00%', '8:8.10%', '9:8.60%']
                                          0msec<-
                                          ->0msec
                                                     -> Cluster 57, loss : 2.01, accuracy 27.69%, model from round 42
                                                     ['0:28.30%', '1:22.20%', '2:13.90%', '3:0.00%', '4:58.90%', '5:29.30%', '6:0.10%', '7:50.00%', '8:58.10%', '9:16.10%']
                                                                                              <-> Client 0, global : from 27.69% to 11.01%, local : from 49.80% to 95.00%, training time : 16200msec
                                                     Cluster 57, round 1, loss : 4.32, accuracy 11.01% <-
                                                     Time past : 16200msec
                                                     ['0:9.10%', '1:0.00%', '2:0.00%', '3:0.00%', '4:0.00%', '5:0.00%', '6:0.00%', '7:100.00%', '8:1.00%', '9:0.00%']
                                          0msec<-
                                          ->0msec
                                                     -> Cluster 59, loss : 2.01, accuracy 27.69%, model from round 42
                                                     ['0:28.30%', '1:22.20%', '2:13.90%', '3:0.00%', '4:58.90%', '5:29.30%', '6:0.10%', '7:50.00%', '8:58.10%', '9:16.10%']
                                                                                              <-> Client 0, global : from 27.69% to 10.80%, local : from 46.60% to 95.20%, training time : 16200msec
                                                     Cluster 59, round 1, loss : 4.14, accuracy 10.80% <-
                                                     Time past : 16200msec
                                                     ['0:1.50%', '1:0.00%', '2:0.00%', '3:0.00%', '4:0.00%', '5:0.00%', '6:0.00%', '7:100.00%', '8:6.50%', '9:0.00%']
                                          0msec<-
                                          ->0msec
                                                     -> Cluster 93, loss : 2.01, accuracy 27.69%, model from round 42
                                                     ['0:28.30%', '1:22.20%', '2:13.90%', '3:0.00%', '4:58.90%', '5:29.30%', '6:0.10%', '7:50.00%', '8:58.10%', '9:16.10%']
                                                                                              <-> Client 0, global : from 27.69% to 10.00%, local : from 30.06% to 95.19%, training time : 16200msec
                                                     Cluster 93, round 1, loss : 3.86, accuracy 10.00% <-
                                                     Time past : 16200msec
                                                     ['0:100.00%', '1:0.00%', '2:0.00%', '3:0.00%', '4:0.00%', '5:0.00%', '6:0.00%', '7:0.00%', '8:0.00%', '9:0.00%']
                                          0msec<-
Central server round 42, loss : 2.00, accuracy :27.90%
Time past: 680400msec
['0:58.60%', '1:23.90%', '2:0.00%', '3:27.30%', '4:0.00%', '5:7.60%', '6:63.80%', '7:58.60%', '8:21.80%', '9:17.40%']
                                          ->0msec
                                                     -> Cluster 57, loss : 2.00, accuracy 27.90%, model from round 43
                                                     ['0:58.60%', '1:23.90%', '2:0.00%', '3:27.30%', '4:0.00%', '5:7.60%', '6:63.80%', '7:58.60%', '8:21.80%', '9:17.40%']
                                                                                              <-> Client 0, global : from 27.90% to 10.73%, local : from 58.40% to 95.00%, training time : 16200msec
                                                     Cluster 57, round 1, loss : 4.35, accuracy 10.73% <-
                                                     Time past : 16200msec
                                                     ['0:6.40%', '1:0.00%', '2:0.00%', '3:0.00%', '4:0.00%', '5:0.00%', '6:0.00%', '7:100.00%', '8:0.90%', '9:0.00%']
                                          0msec<-
                                          ->0msec
                                                     -> Cluster 10, loss : 2.00, accuracy 27.90%, model from round 43
                                                     ['0:58.60%', '1:23.90%', '2:0.00%', '3:27.30%', '4:0.00%', '5:7.60%', '6:63.80%', '7:58.60%', '8:21.80%', '9:17.40%']
                                                                                              <-> Client 0, global : from 27.90% to 10.00%, local : from 19.96% to 94.81%, training time : 8200msec
                                                     Cluster 10, round 1, loss : 3.20, accuracy 10.00% <-
                                                     Time past : 8200msec
                                                     ['0:0.00%', '1:0.00%', '2:0.00%', '3:0.00%', '4:0.00%', '5:0.00%', '6:0.00%', '7:0.00%', '8:0.00%', '9:100.00%']
                                          0msec<-
                                          ->0msec
                                                     -> Cluster 83, loss : 2.00, accuracy 27.90%, model from round 43
                                                     ['0:58.60%', '1:23.90%', '2:0.00%', '3:27.30%', '4:0.00%', '5:7.60%', '6:63.80%', '7:58.60%', '8:21.80%', '9:17.40%']
                                                                                              <-> Client 0, global : from 27.90% to 10.31%, local : from 6.61% to 95.19%, training time : 16200msec
                                                     Cluster 83, round 1, loss : 4.14, accuracy 10.31% <-
                                                     Time past : 16200msec
                                                     ['0:0.10%', '1:0.00%', '2:0.00%', '3:0.00%', '4:0.00%', '5:100.00%', '6:0.00%', '7:0.00%', '8:3.00%', '9:0.00%']
                                          0msec<-
                                          ->0msec
                                                     -> Cluster 26, loss : 2.00, accuracy 27.90%, model from round 43
                                                     ['0:58.60%', '1:23.90%', '2:0.00%', '3:27.30%', '4:0.00%', '5:7.60%', '6:63.80%', '7:58.60%', '8:21.80%', '9:17.40%']
                                                                                              <-> Client 0, global : from 27.90% to 10.05%, local : from 1.60% to 95.00%, training time : 8200msec
                                                     Cluster 26, round 1, loss : 4.27, accuracy 10.05% <-
                                                     Time past : 8200msec
                                                     ['0:0.00%', '1:0.00%', '2:0.00%', '3:0.00%', '4:100.00%', '5:0.00%', '6:0.00%', '7:0.00%', '8:0.50%', '9:0.00%']
                                          0msec<-
                                          ->0msec
                                                     -> Cluster 30, loss : 2.00, accuracy 27.90%, model from round 43
                                                     ['0:58.60%', '1:23.90%', '2:0.00%', '3:27.30%', '4:0.00%', '5:7.60%', '6:63.80%', '7:58.60%', '8:21.80%', '9:17.40%']
                                                                                              <-> Client 0, global : from 27.90% to 10.00%, local : from 21.96% to 94.81%, training time : 8200msec
                                                     Cluster 30, round 1, loss : 4.51, accuracy 10.00% <-
                                                     Time past : 8200msec
                                                     ['0:0.00%', '1:100.00%', '2:0.00%', '3:0.00%', '4:0.00%', '5:0.00%', '6:0.00%', '7:0.00%', '8:0.00%', '9:0.00%']
                                          0msec<-
                                          ->0msec
                                                     -> Cluster 88, loss : 2.00, accuracy 27.90%, model from round 43
                                                     ['0:58.60%', '1:23.90%', '2:0.00%', '3:27.30%', '4:0.00%', '5:7.60%', '6:63.80%', '7:58.60%', '8:21.80%', '9:17.40%']
                                                                                              <-> Client 0, global : from 27.90% to 11.20%, local : from 6.81% to 95.39%, training time : 16200msec
                                                     Cluster 88, round 1, loss : 4.45, accuracy 11.20% <-
                                                     Time past : 16200msec
                                                     ['0:0.20%', '1:0.00%', '2:0.00%', '3:0.00%', '4:0.00%', '5:99.90%', '6:0.00%', '7:0.10%', '8:11.50%', '9:0.30%']
                                          0msec<-
                                          ->0msec
                                                     -> Cluster 6, loss : 2.00, accuracy 27.90%, model from round 43
                                                     ['0:58.60%', '1:23.90%', '2:0.00%', '3:27.30%', '4:0.00%', '5:7.60%', '6:63.80%', '7:58.60%', '8:21.80%', '9:17.40%']
                                                                                              <-> Client 0, global : from 27.90% to 11.67%, local : from 61.60% to 95.00%, training time : 8200msec
                                                     Cluster 6, round 1, loss : 4.30, accuracy 11.67% <-
                                                     Time past : 8200msec
                                                     ['0:13.10%', '1:0.20%', '2:0.00%', '3:0.00%', '4:0.00%', '5:0.00%', '6:100.00%', '7:0.00%', '8:1.80%', '9:1.60%']
                                          0msec<-
                                          ->0msec
                                                     -> Cluster 19, loss : 2.00, accuracy 27.90%, model from round 43
                                                     ['0:58.60%', '1:23.90%', '2:0.00%', '3:27.30%', '4:0.00%', '5:7.60%', '6:63.80%', '7:58.60%', '8:21.80%', '9:17.40%']
                                                                                              <-> Client 0, global : from 27.90% to 10.00%, local : from 18.60% to 95.00%, training time : 8200msec
                                                     Cluster 19, round 1, loss : 4.46, accuracy 10.00% <-
                                                     Time past : 8200msec
                                                     ['0:0.00%', '1:0.00%', '2:0.00%', '3:0.00%', '4:0.00%', '5:0.00%', '6:0.00%', '7:0.00%', '8:0.00%', '9:100.00%']
                                          0msec<-
                                          ->0msec
                                                     -> Cluster 82, loss : 2.00, accuracy 27.90%, model from round 43
                                                     ['0:58.60%', '1:23.90%', '2:0.00%', '3:27.30%', '4:0.00%', '5:7.60%', '6:63.80%', '7:58.60%', '8:21.80%', '9:17.40%']
                                                                                              <-> Client 0, global : from 27.90% to 11.29%, local : from 7.00% to 94.80%, training time : 16200msec
                                                     Cluster 82, round 1, loss : 4.15, accuracy 11.29% <-
                                                     Time past : 16200msec
                                                     ['0:0.80%', '1:0.00%', '2:0.00%', '3:0.00%', '4:0.00%', '5:99.90%', '6:0.00%', '7:0.00%', '8:12.20%', '9:0.00%']
                                          0msec<-
                                          ->0msec
                                                     -> Cluster 18, loss : 2.00, accuracy 27.90%, model from round 43
                                                     ['0:58.60%', '1:23.90%', '2:0.00%', '3:27.30%', '4:0.00%', '5:7.60%', '6:63.80%', '7:58.60%', '8:21.80%', '9:17.40%']
                                                                                              <-> Client 0, global : from 27.90% to 10.24%, local : from 18.60% to 95.00%, training time : 8200msec
                                                     Cluster 18, round 1, loss : 3.60, accuracy 10.24% <-
                                                     Time past : 8200msec
                                                     ['0:0.00%', '1:0.00%', '2:0.00%', '3:0.40%', '4:0.10%', '5:2.00%', '6:0.00%', '7:0.00%', '8:0.00%', '9:99.90%']
                                          0msec<-
Central server round 43, loss : 2.10, accuracy :23.77%
Time past: 696600msec
['0:26.80%', '1:5.30%', '2:0.00%', '3:0.00%', '4:0.10%', '5:80.00%', '6:27.10%', '7:5.00%', '8:15.30%', '9:78.10%']
                                          ->0msec
                                                     -> Cluster 22, loss : 2.10, accuracy 23.77%, model from round 44
                                                     ['0:26.80%', '1:5.30%', '2:0.00%', '3:0.00%', '4:0.10%', '5:80.00%', '6:27.10%', '7:5.00%', '8:15.30%', '9:78.10%']
                                                                                              <-> Client 0, global : from 23.77% to 10.13%, local : from 1.40% to 95.00%, training time : 8200msec
                                                     Cluster 22, round 1, loss : 4.39, accuracy 10.13% <-
                                                     Time past : 8200msec
                                                     ['0:0.00%', '1:0.00%', '2:0.00%', '3:0.00%', '4:99.90%', '5:0.00%', '6:0.00%', '7:0.00%', '8:1.40%', '9:0.00%']
                                          0msec<-
                                          ->0msec
                                                     -> Cluster 79, loss : 2.10, accuracy 23.77%, model from round 44
                                                     ['0:26.80%', '1:5.30%', '2:0.00%', '3:0.00%', '4:0.10%', '5:80.00%', '6:27.10%', '7:5.00%', '8:15.30%', '9:78.10%']
                                                                                              <-> Client 0, global : from 23.77% to 10.17%, local : from 1.40% to 95.20%, training time : 16200msec
                                                     Cluster 79, round 1, loss : 4.14, accuracy 10.17% <-
                                                     Time past : 16200msec
                                                     ['0:0.00%', '1:0.00%', '2:0.00%', '3:100.00%', '4:0.00%', '5:0.00%', '6:0.00%', '7:0.00%', '8:1.70%', '9:0.00%']
                                          0msec<-
                                          ->0msec
                                                     -> Cluster 10, loss : 2.10, accuracy 23.77%, model from round 44
                                                     ['0:26.80%', '1:5.30%', '2:0.00%', '3:0.00%', '4:0.10%', '5:80.00%', '6:27.10%', '7:5.00%', '8:15.30%', '9:78.10%']
                                                                                              <-> Client 0, global : from 23.77% to 10.00%, local : from 72.26% to 94.81%, training time : 8200msec
                                                     Cluster 10, round 1, loss : 4.57, accuracy 10.00% <-
                                                     Time past : 8200msec
                                                     ['0:0.00%', '1:0.00%', '2:0.00%', '3:0.00%', '4:0.00%', '5:0.00%', '6:0.00%', '7:0.00%', '8:0.00%', '9:100.00%']
                                          0msec<-
                                          ->0msec
                                                     -> Cluster 5, loss : 2.10, accuracy 23.77%, model from round 44
                                                     ['0:26.80%', '1:5.30%', '2:0.00%', '3:0.00%', '4:0.10%', '5:80.00%', '6:27.10%', '7:5.00%', '8:15.30%', '9:78.10%']
                                                                                              <-> Client 0, global : from 23.77% to 12.96%, local : from 25.40% to 95.20%, training time : 8200msec
                                                     Cluster 5, round 1, loss : 3.64, accuracy 12.96% <-
                                                     Time past : 8200msec
                                                     ['0:1.60%', '1:0.00%', '2:0.00%', '3:0.00%', '4:0.00%', '5:0.00%', '6:100.00%', '7:0.00%', '8:19.50%', '9:8.50%']
                                          0msec<-
                                          ->0msec
                                                     -> Cluster 14, loss : 2.10, accuracy 23.77%, model from round 44
                                                     ['0:26.80%', '1:5.30%', '2:0.00%', '3:0.00%', '4:0.10%', '5:80.00%', '6:27.10%', '7:5.00%', '8:15.30%', '9:78.10%']
                                                                                              <-> Client 0, global : from 23.77% to 10.27%, local : from 72.20% to 95.00%, training time : 8200msec
                                                     Cluster 14, round 1, loss : 3.88, accuracy 10.27% <-
                                                     Time past : 8200msec
                                                     ['0:0.10%', '1:0.00%', '2:0.00%', '3:0.00%', '4:0.70%', '5:2.00%', '6:0.00%', '7:0.00%', '8:0.00%', '9:99.90%']
                                          0msec<-
                                          ->0msec
                                                     -> Cluster 76, loss : 2.10, accuracy 23.77%, model from round 44
                                                     ['0:26.80%', '1:5.30%', '2:0.00%', '3:0.00%', '4:0.10%', '5:80.00%', '6:27.10%', '7:5.00%', '8:15.30%', '9:78.10%']
                                                                                              <-> Client 0, global : from 23.77% to 11.97%, local : from 1.40% to 95.40%, training time : 16200msec
                                                     Cluster 76, round 1, loss : 3.78, accuracy 11.97% <-
                                                     Time past : 16200msec
                                                     ['0:0.00%', '1:0.00%', '2:0.00%', '3:99.80%', '4:0.00%', '5:0.00%', '6:0.00%', '7:0.00%', '8:19.50%', '9:0.40%']
                                          0msec<-
                                          ->0msec
                                                     -> Cluster 3, loss : 2.10, accuracy 23.77%, model from round 44
                                                     ['0:26.80%', '1:5.30%', '2:0.00%', '3:0.00%', '4:0.10%', '5:80.00%', '6:27.10%', '7:5.00%', '8:15.30%', '9:78.10%']
                                                                                              <-> Client 0, global : from 23.77% to 13.57%, local : from 25.60% to 95.20%, training time : 8200msec
                                                     Cluster 3, round 1, loss : 3.57, accuracy 13.57% <-
                                                     Time past : 8200msec
                                                     ['0:5.70%', '1:0.00%', '2:0.00%', '3:0.00%', '4:0.00%', '5:0.00%', '6:99.80%', '7:0.00%', '8:30.00%', '9:0.20%']
                                          0msec<-
                                          ->0msec
                                                     -> Cluster 12, loss : 2.10, accuracy 23.77%, model from round 44
                                                     ['0:26.80%', '1:5.30%', '2:0.00%', '3:0.00%', '4:0.10%', '5:80.00%', '6:27.10%', '7:5.00%', '8:15.30%', '9:78.10%']
                                                                                              <-> Client 0, global : from 23.77% to 10.21%, local : from 73.20% to 95.20%, training time : 8200msec
                                                     Cluster 12, round 1, loss : 3.96, accuracy 10.21% <-
                                                     Time past : 8200msec
                                                     ['0:0.00%', '1:0.00%', '2:0.00%', '3:0.00%', '4:0.50%', '5:1.70%', '6:0.00%', '7:0.00%', '8:0.00%', '9:99.90%']
                                          0msec<-
                                          ->0msec
                                                     -> Cluster 25, loss : 2.10, accuracy 23.77%, model from round 44
                                                     ['0:26.80%', '1:5.30%', '2:0.00%', '3:0.00%', '4:0.10%', '5:80.00%', '6:27.10%', '7:5.00%', '8:15.30%', '9:78.10%']
                                                                                              <-> Client 0, global : from 23.77% to 11.75%, local : from 1.60% to 95.20%, training time : 8200msec
                                                     Cluster 25, round 1, loss : 3.28, accuracy 11.75% <-
                                                     Time past : 8200msec
                                                     ['0:2.80%', '1:0.00%', '2:0.00%', '3:0.00%', '4:99.60%', '5:0.00%', '6:0.00%', '7:0.00%', '8:15.10%', '9:0.00%']
                                          0msec<-
                                          ->0msec
                                                     -> Cluster 32, loss : 2.10, accuracy 23.77%, model from round 44
                                                     ['0:26.80%', '1:5.30%', '2:0.00%', '3:0.00%', '4:0.10%', '5:80.00%', '6:27.10%', '7:5.00%', '8:15.30%', '9:78.10%']
                                                                                              <-> Client 0, global : from 23.77% to 10.00%, local : from 5.20% to 95.00%, training time : 8200msec
                                                     Cluster 32, round 1, loss : 4.34, accuracy 10.00% <-
                                                     Time past : 8200msec
                                                     ['0:0.00%', '1:100.00%', '2:0.00%', '3:0.00%', '4:0.00%', '5:0.00%', '6:0.00%', '7:0.00%', '8:0.00%', '9:0.00%']
                                          0msec<-
Central server round 44, loss : 2.04, accuracy :25.80%
Time past: 712800msec
['0:20.70%', '1:18.10%', '2:0.00%', '3:16.50%', '4:40.80%', '5:6.00%', '6:54.10%', '7:1.00%', '8:19.90%', '9:80.90%']
                                          ->0msec
                                                     -> Cluster 99, loss : 2.04, accuracy 25.80%, model from round 45
                                                     ['0:20.70%', '1:18.10%', '2:0.00%', '3:16.50%', '4:40.80%', '5:6.00%', '6:54.10%', '7:1.00%', '8:19.90%', '9:80.90%']
                                                                                              <-> Client 0, global : from 25.80% to 10.00%, local : from 22.85% to 95.19%, training time : 16200msec
                                                     Cluster 99, round 1, loss : 4.27, accuracy 10.00% <-
                                                     Time past : 16200msec
                                                     ['0:100.00%', '1:0.00%', '2:0.00%', '3:0.00%', '4:0.00%', '5:0.00%', '6:0.00%', '7:0.00%', '8:0.00%', '9:0.00%']
                                          0msec<-
                                          ->0msec
                                                     -> Cluster 14, loss : 2.04, accuracy 25.80%, model from round 45
                                                     ['0:20.70%', '1:18.10%', '2:0.00%', '3:16.50%', '4:40.80%', '5:6.00%', '6:54.10%', '7:1.00%', '8:19.90%', '9:80.90%']
                                                                                              <-> Client 0, global : from 25.80% to 10.03%, local : from 78.00% to 95.00%, training time : 8200msec
                                                     Cluster 14, round 1, loss : 4.59, accuracy 10.03% <-
                                                     Time past : 8200msec
                                                     ['0:0.00%', '1:0.00%', '2:0.00%', '3:0.00%', '4:0.10%', '5:0.20%', '6:0.00%', '7:0.00%', '8:0.00%', '9:100.00%']
                                          0msec<-
                                          ->0msec
                                                     -> Cluster 37, loss : 2.04, accuracy 25.80%, model from round 45
                                                     ['0:20.70%', '1:18.10%', '2:0.00%', '3:16.50%', '4:40.80%', '5:6.00%', '6:54.10%', '7:1.00%', '8:19.90%', '9:80.90%']
                                                                                              <-> Client 0, global : from 25.80% to 10.00%, local : from 16.80% to 95.00%, training time : 8200msec
                                                     Cluster 37, round 1, loss : 3.89, accuracy 10.00% <-
                                                     Time past : 8200msec
                                                     ['0:0.00%', '1:100.00%', '2:0.00%', '3:0.00%', '4:0.00%', '5:0.00%', '6:0.00%', '7:0.00%', '8:0.00%', '9:0.00%']
                                          0msec<-
                                          ->0msec
                                                     -> Cluster 76, loss : 2.04, accuracy 25.80%, model from round 45
                                                     ['0:20.70%', '1:18.10%', '2:0.00%', '3:16.50%', '4:40.80%', '5:6.00%', '6:54.10%', '7:1.00%', '8:19.90%', '9:80.90%']
                                                                                              <-> Client 0, global : from 25.80% to 11.48%, local : from 17.80% to 95.40%, training time : 16200msec
                                                     Cluster 76, round 1, loss : 4.27, accuracy 11.48% <-
                                                     Time past : 16200msec
                                                     ['0:0.00%', '1:0.00%', '2:0.00%', '3:99.90%', '4:0.00%', '5:0.00%', '6:0.00%', '7:0.00%', '8:14.60%', '9:0.30%']
                                          0msec<-
                                          ->0msec
                                                     -> Cluster 56, loss : 2.04, accuracy 25.80%, model from round 45
                                                     ['0:20.70%', '1:18.10%', '2:0.00%', '3:16.50%', '4:40.80%', '5:6.00%', '6:54.10%', '7:1.00%', '8:19.90%', '9:80.90%']
                                                                                              <-> Client 0, global : from 25.80% to 10.55%, local : from 2.00% to 95.00%, training time : 16200msec
                                                     Cluster 56, round 1, loss : 4.35, accuracy 10.55% <-
                                                     Time past : 16200msec
                                                     ['0:0.00%', '1:0.00%', '2:0.00%', '3:0.00%', '4:0.00%', '5:0.00%', '6:0.00%', '7:100.00%', '8:5.50%', '9:0.00%']
                                          0msec<-
                                          ->0msec
                                                     -> Cluster 48, loss : 2.04, accuracy 25.80%, model from round 45
                                                     ['0:20.70%', '1:18.10%', '2:0.00%', '3:16.50%', '4:40.80%', '5:6.00%', '6:54.10%', '7:1.00%', '8:19.90%', '9:80.90%']
                                                                                              <-> Client 0, global : from 25.80% to 10.00%, local : from 1.00% to 95.00%, training time : 8200msec
                                                     Cluster 48, round 1, loss : 3.81, accuracy 10.00% <-
                                                     Time past : 8200msec
                                                     ['0:0.00%', '1:0.00%', '2:100.00%', '3:0.00%', '4:0.00%', '5:0.00%', '6:0.00%', '7:0.00%', '8:0.00%', '9:0.00%']
                                          0msec<-
                                          ->0msec
                                                     -> Cluster 26, loss : 2.04, accuracy 25.80%, model from round 45
                                                     ['0:20.70%', '1:18.10%', '2:0.00%', '3:16.50%', '4:40.80%', '5:6.00%', '6:54.10%', '7:1.00%', '8:19.90%', '9:80.90%']
                                                                                              <-> Client 0, global : from 25.80% to 10.09%, local : from 43.20% to 95.00%, training time : 8200msec
                                                     Cluster 26, round 1, loss : 4.00, accuracy 10.09% <-
                                                     Time past : 8200msec
                                                     ['0:0.00%', '1:0.00%', '2:0.00%', '3:0.00%', '4:100.00%', '5:0.00%', '6:0.00%', '7:0.00%', '8:0.90%', '9:0.00%']
                                          0msec<-
                                          ->0msec
                                                     -> Cluster 69, loss : 2.04, accuracy 25.80%, model from round 45
                                                     ['0:20.70%', '1:18.10%', '2:0.00%', '3:16.50%', '4:40.80%', '5:6.00%', '6:54.10%', '7:1.00%', '8:19.90%', '9:80.90%']
                                                                                              <-> Client 0, global : from 25.80% to 13.86%, local : from 21.80% to 95.80%, training time : 16200msec
                                                     Cluster 69, round 1, loss : 3.49, accuracy 13.86% <-
                                                     Time past : 16200msec
                                                     ['0:0.00%', '1:0.00%', '2:0.00%', '3:0.00%', '4:4.10%', '5:0.00%', '6:34.50%', '7:0.30%', '8:99.70%', '9:0.00%']
                                          0msec<-
                                          ->0msec
                                                     -> Cluster 0, loss : 2.04, accuracy 25.80%, model from round 45
                                                     ['0:20.70%', '1:18.10%', '2:0.00%', '3:16.50%', '4:40.80%', '5:6.00%', '6:54.10%', '7:1.00%', '8:19.90%', '9:80.90%']
                                                                                              <-> Client 0, global : from 25.80% to 12.06%, local : from 51.30% to 94.81%, training time : 8200msec
                                                     Cluster 0, round 1, loss : 3.59, accuracy 12.06% <-
                                                     Time past : 8200msec
                                                     ['0:8.30%', '1:0.00%', '2:0.00%', '3:0.00%', '4:0.00%', '5:0.00%', '6:100.00%', '7:0.00%', '8:11.20%', '9:1.10%']
                                          0msec<-
                                          ->0msec
                                                     -> Cluster 59, loss : 2.04, accuracy 25.80%, model from round 45
                                                     ['0:20.70%', '1:18.10%', '2:0.00%', '3:16.50%', '4:40.80%', '5:6.00%', '6:54.10%', '7:1.00%', '8:19.90%', '9:80.90%']
                                                                                              <-> Client 0, global : from 25.80% to 10.60%, local : from 3.20% to 95.20%, training time : 16200msec
                                                     Cluster 59, round 1, loss : 4.23, accuracy 10.60% <-
                                                     Time past : 16200msec
                                                     ['0:0.80%', '1:0.00%', '2:0.00%', '3:0.00%', '4:0.00%', '5:0.00%', '6:0.00%', '7:100.00%', '8:5.20%', '9:0.00%']
                                          0msec<-
Central server round 45, loss : 1.93, accuracy :30.46%
Time past: 729000msec
['0:36.00%', '1:28.30%', '2:4.80%', '3:12.90%', '4:6.60%', '5:8.50%', '6:55.80%', '7:47.30%', '8:56.10%', '9:48.30%']
                                          ->0msec
                                                     -> Cluster 77, loss : 1.93, accuracy 30.46%, model from round 46
                                                     ['0:36.00%', '1:28.30%', '2:4.80%', '3:12.90%', '4:6.60%', '5:8.50%', '6:55.80%', '7:47.30%', '8:56.10%', '9:48.30%']
                                                                                              <-> Client 0, global : from 30.46% to 11.14%, local : from 14.40% to 95.40%, training time : 16200msec
                                                     Cluster 77, round 1, loss : 4.46, accuracy 11.14% <-
                                                     Time past : 16200msec
                                                     ['0:0.00%', '1:0.00%', '2:0.00%', '3:99.90%', '4:0.00%', '5:0.00%', '6:0.00%', '7:0.00%', '8:11.50%', '9:0.00%']
                                          0msec<-
                                          ->0msec
                                                     -> Cluster 66, loss : 1.93, accuracy 30.46%, model from round 46
                                                     ['0:36.00%', '1:28.30%', '2:4.80%', '3:12.90%', '4:6.60%', '5:8.50%', '6:55.80%', '7:47.30%', '8:56.10%', '9:48.30%']
                                                                                              <-> Client 0, global : from 30.46% to 11.69%, local : from 55.80% to 94.80%, training time : 16200msec
                                                     Cluster 66, round 1, loss : 3.54, accuracy 11.69% <-
                                                     Time past : 16200msec
                                                     ['0:0.00%', '1:0.00%', '2:0.00%', '3:0.10%', '4:1.80%', '5:1.20%', '6:12.50%', '7:1.50%', '8:99.80%', '9:0.00%']
                                          0msec<-
                                          ->0msec
                                                     -> Cluster 27, loss : 1.93, accuracy 30.46%, model from round 46
                                                     ['0:36.00%', '1:28.30%', '2:4.80%', '3:12.90%', '4:6.60%', '5:8.50%', '6:55.80%', '7:47.30%', '8:56.10%', '9:48.30%']
                                                                                              <-> Client 0, global : from 30.46% to 10.12%, local : from 8.00% to 95.00%, training time : 8200msec
                                                     Cluster 27, round 1, loss : 3.95, accuracy 10.12% <-
                                                     Time past : 8200msec
                                                     ['0:0.00%', '1:0.00%', '2:0.00%', '3:0.00%', '4:100.00%', '5:0.00%', '6:0.00%', '7:0.00%', '8:1.20%', '9:0.00%']
                                          0msec<-
                                          ->0msec
                                                     -> Cluster 31, loss : 1.93, accuracy 30.46%, model from round 46
                                                     ['0:36.00%', '1:28.30%', '2:4.80%', '3:12.90%', '4:6.60%', '5:8.50%', '6:55.80%', '7:47.30%', '8:56.10%', '9:48.30%']
                                                                                              <-> Client 0, global : from 30.46% to 10.48%, local : from 22.75% to 94.81%, training time : 8200msec
                                                     Cluster 31, round 1, loss : 3.66, accuracy 10.48% <-
                                                     Time past : 8200msec
                                                     ['0:0.00%', '1:100.00%', '2:0.00%', '3:0.00%', '4:0.00%', '5:0.00%', '6:0.00%', '7:0.00%', '8:4.80%', '9:0.00%']
                                          0msec<-
                                          ->0msec
                                                     -> Cluster 44, loss : 1.93, accuracy 30.46%, model from round 46
                                                     ['0:36.00%', '1:28.30%', '2:4.80%', '3:12.90%', '4:6.60%', '5:8.50%', '6:55.80%', '7:47.30%', '8:56.10%', '9:48.30%']
                                                                                              <-> Client 0, global : from 30.46% to 10.01%, local : from 6.80% to 95.00%, training time : 8200msec
                                                     Cluster 44, round 1, loss : 4.70, accuracy 10.01% <-
                                                     Time past : 8200msec
                                                     ['0:0.00%', '1:0.00%', '2:100.00%', '3:0.00%', '4:0.00%', '5:0.00%', '6:0.00%', '7:0.00%', '8:0.10%', '9:0.00%']
                                          0msec<-
                                          ->0msec
                                                     -> Cluster 7, loss : 1.93, accuracy 30.46%, model from round 46
                                                     ['0:36.00%', '1:28.30%', '2:4.80%', '3:12.90%', '4:6.60%', '5:8.50%', '6:55.80%', '7:47.30%', '8:56.10%', '9:48.30%']
                                                                                              <-> Client 0, global : from 30.46% to 12.50%, local : from 51.40% to 95.20%, training time : 8200msec
                                                     Cluster 7, round 1, loss : 3.90, accuracy 12.50% <-
                                                     Time past : 8200msec
                                                     ['0:0.00%', '1:0.00%', '2:0.00%', '3:0.00%', '4:0.00%', '5:0.00%', '6:100.00%', '7:0.00%', '8:24.70%', '9:0.30%']
                                          0msec<-
                                          ->0msec
                                                     -> Cluster 42, loss : 1.93, accuracy 30.46%, model from round 46
                                                     ['0:36.00%', '1:28.30%', '2:4.80%', '3:12.90%', '4:6.60%', '5:8.50%', '6:55.80%', '7:47.30%', '8:56.10%', '9:48.30%']
                                                                                              <-> Client 0, global : from 30.46% to 10.10%, local : from 5.40% to 95.20%, training time : 8200msec
                                                     Cluster 42, round 1, loss : 4.10, accuracy 10.10% <-
                                                     Time past : 8200msec
                                                     ['0:0.00%', '1:0.00%', '2:100.00%', '3:0.00%', '4:0.00%', '5:0.00%', '6:0.00%', '7:0.00%', '8:0.70%', '9:0.30%']
                                          0msec<-
                                          ->0msec
                                                     -> Cluster 30, loss : 1.93, accuracy 30.46%, model from round 46
                                                     ['0:36.00%', '1:28.30%', '2:4.80%', '3:12.90%', '4:6.60%', '5:8.50%', '6:55.80%', '7:47.30%', '8:56.10%', '9:48.30%']
                                                                                              <-> Client 0, global : from 30.46% to 10.00%, local : from 28.54% to 94.81%, training time : 8200msec
                                                     Cluster 30, round 1, loss : 3.79, accuracy 10.00% <-
                                                     Time past : 8200msec
                                                     ['0:0.00%', '1:100.00%', '2:0.00%', '3:0.00%', '4:0.00%', '5:0.00%', '6:0.00%', '7:0.00%', '8:0.00%', '9:0.00%']
                                          0msec<-
                                          ->0msec
                                                     -> Cluster 55, loss : 1.93, accuracy 30.46%, model from round 46
                                                     ['0:36.00%', '1:28.30%', '2:4.80%', '3:12.90%', '4:6.60%', '5:8.50%', '6:55.80%', '7:47.30%', '8:56.10%', '9:48.30%']
                                                                                              <-> Client 0, global : from 30.46% to 10.25%, local : from 46.80% to 95.00%, training time : 16200msec
                                                     Cluster 55, round 1, loss : 3.84, accuracy 10.25% <-
                                                     Time past : 16200msec
                                                     ['0:0.10%', '1:0.10%', '2:0.00%', '3:0.00%', '4:0.00%', '5:0.00%', '6:0.00%', '7:100.00%', '8:2.10%', '9:0.20%']
                                          0msec<-
                                          ->0msec
                                                     -> Cluster 56, loss : 1.93, accuracy 30.46%, model from round 46
                                                     ['0:36.00%', '1:28.30%', '2:4.80%', '3:12.90%', '4:6.60%', '5:8.50%', '6:55.80%', '7:47.30%', '8:56.10%', '9:48.30%']
                                                                                              <-> Client 0, global : from 30.46% to 10.52%, local : from 43.80% to 95.20%, training time : 16200msec
                                                     Cluster 56, round 1, loss : 4.50, accuracy 10.52% <-
                                                     Time past : 16200msec
                                                     ['0:0.00%', '1:0.00%', '2:0.00%', '3:0.00%', '4:0.00%', '5:0.00%', '6:0.00%', '7:100.00%', '8:5.20%', '9:0.00%']
                                          0msec<-
Central server round 46, loss : 2.00, accuracy :25.80%
Time past: 745200msec
['0:5.30%', '1:46.10%', '2:4.10%', '3:9.30%', '4:0.00%', '5:5.80%', '6:36.80%', '7:79.60%', '8:59.30%', '9:11.70%']
                                          ->0msec
                                                     -> Cluster 24, loss : 2.00, accuracy 25.80%, model from round 47
                                                     ['0:5.30%', '1:46.10%', '2:4.10%', '3:9.30%', '4:0.00%', '5:5.80%', '6:36.80%', '7:79.60%', '8:59.30%', '9:11.70%']
                                                                                              <-> Client 0, global : from 25.80% to 10.92%, local : from 0.60% to 95.00%, training time : 8200msec
                                                     Cluster 24, round 1, loss : 4.02, accuracy 10.92% <-
                                                     Time past : 8200msec
                                                     ['0:8.20%', '1:0.10%', '2:0.00%', '3:0.00%', '4:99.90%', '5:0.00%', '6:0.00%', '7:0.00%', '8:1.00%', '9:0.00%']
                                          0msec<-
                                          ->0msec
                                                     -> Cluster 79, loss : 2.00, accuracy 25.80%, model from round 47
                                                     ['0:5.30%', '1:46.10%', '2:4.10%', '3:9.30%', '4:0.00%', '5:5.80%', '6:36.80%', '7:79.60%', '8:59.30%', '9:11.70%']
                                                                                              <-> Client 0, global : from 25.80% to 10.05%, local : from 7.20% to 95.00%, training time : 16200msec
                                                     Cluster 79, round 1, loss : 4.21, accuracy 10.05% <-
                                                     Time past : 16200msec
                                                     ['0:0.00%', '1:0.00%', '2:0.00%', '3:100.00%', '4:0.00%', '5:0.00%', '6:0.00%', '7:0.00%', '8:0.50%', '9:0.00%']
                                          0msec<-
                                          ->0msec
                                                     -> Cluster 52, loss : 2.00, accuracy 25.80%, model from round 47
                                                     ['0:5.30%', '1:46.10%', '2:4.10%', '3:9.30%', '4:0.00%', '5:5.80%', '6:36.80%', '7:79.60%', '8:59.30%', '9:11.70%']
                                                                                              <-> Client 0, global : from 25.80% to 11.97%, local : from 78.00% to 95.20%, training time : 16200msec
                                                     Cluster 52, round 1, loss : 3.46, accuracy 11.97% <-
                                                     Time past : 16200msec
                                                     ['0:6.70%', '1:0.00%', '2:0.00%', '3:0.00%', '4:0.00%', '5:0.00%', '6:0.00%', '7:99.60%', '8:13.40%', '9:0.00%']
                                          0msec<-
                                          ->0msec
                                                     -> Cluster 61, loss : 2.00, accuracy 25.80%, model from round 47
                                                     ['0:5.30%', '1:46.10%', '2:4.10%', '3:9.30%', '4:0.00%', '5:5.80%', '6:36.80%', '7:79.60%', '8:59.30%', '9:11.70%']
                                                                                              <-> Client 0, global : from 25.80% to 15.03%, local : from 60.08% to 94.61%, training time : 16200msec
                                                     Cluster 61, round 1, loss : 2.98, accuracy 15.03% <-
                                                     Time past : 16200msec
                                                     ['0:0.00%', '1:0.00%', '2:0.00%', '3:0.20%', '4:47.60%', '5:2.80%', '6:0.00%', '7:0.70%', '8:98.90%', '9:0.10%']
                                          0msec<-
                                          ->0msec
                                                     -> Cluster 99, loss : 2.00, accuracy 25.80%, model from round 47
                                                     ['0:5.30%', '1:46.10%', '2:4.10%', '3:9.30%', '4:0.00%', '5:5.80%', '6:36.80%', '7:79.60%', '8:59.30%', '9:11.70%']
                                                                                              <-> Client 0, global : from 25.80% to 10.00%, local : from 5.61% to 95.19%, training time : 16200msec
                                                     Cluster 99, round 1, loss : 3.98, accuracy 10.00% <-
                                                     Time past : 16200msec
                                                     ['0:100.00%', '1:0.00%', '2:0.00%', '3:0.00%', '4:0.00%', '5:0.00%', '6:0.00%', '7:0.00%', '8:0.00%', '9:0.00%']
                                          0msec<-
                                          ->0msec
                                                     -> Cluster 60, loss : 2.00, accuracy 25.80%, model from round 47
                                                     ['0:5.30%', '1:46.10%', '2:4.10%', '3:9.30%', '4:0.00%', '5:5.80%', '6:36.80%', '7:79.60%', '8:59.30%', '9:11.70%']
                                                                                              <-> Client 0, global : from 25.80% to 11.09%, local : from 56.69% to 94.81%, training time : 16200msec
                                                     Cluster 60, round 1, loss : 3.54, accuracy 11.09% <-
                                                     Time past : 16200msec
                                                     ['0:0.00%', '1:0.00%', '2:0.00%', '3:0.00%', '4:0.00%', '5:0.00%', '6:8.00%', '7:2.90%', '8:100.00%', '9:0.00%']
                                          0msec<-
                                          ->0msec
                                                     -> Cluster 75, loss : 2.00, accuracy 25.80%, model from round 47
                                                     ['0:5.30%', '1:46.10%', '2:4.10%', '3:9.30%', '4:0.00%', '5:5.80%', '6:36.80%', '7:79.60%', '8:59.30%', '9:11.70%']
                                                                                              <-> Client 0, global : from 25.80% to 10.04%, local : from 10.20% to 95.00%, training time : 16200msec
                                                     Cluster 75, round 1, loss : 4.82, accuracy 10.04% <-
                                                     Time past : 16200msec
                                                     ['0:0.00%', '1:0.00%', '2:0.00%', '3:100.00%', '4:0.00%', '5:0.00%', '6:0.00%', '7:0.00%', '8:0.40%', '9:0.00%']
                                          0msec<-
                                          ->0msec
                                                     -> Cluster 4, loss : 2.00, accuracy 25.80%, model from round 47
                                                     ['0:5.30%', '1:46.10%', '2:4.10%', '3:9.30%', '4:0.00%', '5:5.80%', '6:36.80%', '7:79.60%', '8:59.30%', '9:11.70%']
                                                                                              <-> Client 0, global : from 25.80% to 14.41%, local : from 31.60% to 95.00%, training time : 8200msec
                                                     Cluster 4, round 1, loss : 3.45, accuracy 14.41% <-
                                                     Time past : 8200msec
                                                     ['0:20.00%', '1:0.00%', '2:0.00%', '3:0.00%', '4:0.00%', '5:0.00%', '6:99.90%', '7:0.00%', '8:24.10%', '9:0.10%']
                                          0msec<-
                                          ->0msec
                                                     -> Cluster 37, loss : 2.00, accuracy 25.80%, model from round 47
                                                     ['0:5.30%', '1:46.10%', '2:4.10%', '3:9.30%', '4:0.00%', '5:5.80%', '6:36.80%', '7:79.60%', '8:59.30%', '9:11.70%']
                                                                                              <-> Client 0, global : from 25.80% to 10.00%, local : from 42.20% to 95.00%, training time : 8200msec
                                                     Cluster 37, round 1, loss : 4.24, accuracy 10.00% <-
                                                     Time past : 8200msec
                                                     ['0:0.00%', '1:100.00%', '2:0.00%', '3:0.00%', '4:0.00%', '5:0.00%', '6:0.00%', '7:0.00%', '8:0.00%', '9:0.00%']
                                          0msec<-
                                          ->0msec
                                                     -> Cluster 2, loss : 2.00, accuracy 25.80%, model from round 47
                                                     ['0:5.30%', '1:46.10%', '2:4.10%', '3:9.30%', '4:0.00%', '5:5.80%', '6:36.80%', '7:79.60%', '8:59.30%', '9:11.70%']
                                                                                              <-> Client 0, global : from 25.80% to 14.79%, local : from 33.80% to 95.00%, training time : 8200msec
                                                     Cluster 2, round 1, loss : 3.60, accuracy 14.79% <-
                                                     Time past : 8200msec
                                                     ['0:6.40%', '1:0.00%', '2:0.00%', '3:0.00%', '4:0.00%', '5:0.00%', '6:99.70%', '7:0.00%', '8:41.60%', '9:0.20%']
                                          0msec<-
Central server round 47, loss : 1.95, accuracy :29.43%
Time past: 761400msec
['0:32.30%', '1:32.40%', '2:0.00%', '3:43.00%', '4:1.80%', '5:11.10%', '6:67.10%', '7:21.70%', '8:70.00%', '9:14.90%']
                                          ->0msec
                                                     -> Cluster 35, loss : 1.95, accuracy 29.43%, model from round 48
                                                     ['0:32.30%', '1:32.40%', '2:0.00%', '3:43.00%', '4:1.80%', '5:11.10%', '6:67.10%', '7:21.70%', '8:70.00%', '9:14.90%']
                                                                                              <-> Client 0, global : from 29.43% to 10.00%, local : from 34.40% to 95.00%, training time : 8200msec
                                                     Cluster 35, round 1, loss : 3.73, accuracy 10.00% <-
                                                     Time past : 8200msec
                                                     ['0:0.00%', '1:100.00%', '2:0.00%', '3:0.00%', '4:0.00%', '5:0.00%', '6:0.00%', '7:0.00%', '8:0.00%', '9:0.00%']
                                          0msec<-
                                          ->0msec
                                                     -> Cluster 62, loss : 1.95, accuracy 29.43%, model from round 48
                                                     ['0:32.30%', '1:32.40%', '2:0.00%', '3:43.00%', '4:1.80%', '5:11.10%', '6:67.10%', '7:21.70%', '8:70.00%', '9:14.90%']
                                                                                              <-> Client 0, global : from 29.43% to 10.95%, local : from 69.40% to 95.00%, training time : 16200msec
                                                     Cluster 62, round 1, loss : 3.54, accuracy 10.95% <-
                                                     Time past : 16200msec
                                                     ['0:0.00%', '1:0.00%', '2:0.00%', '3:1.40%', '4:0.10%', '5:0.20%', '6:6.90%', '7:0.90%', '8:100.00%', '9:0.00%']
                                          0msec<-
                                          ->0msec
                                                     -> Cluster 55, loss : 1.95, accuracy 29.43%, model from round 48
                                                     ['0:32.30%', '1:32.40%', '2:0.00%', '3:43.00%', '4:1.80%', '5:11.10%', '6:67.10%', '7:21.70%', '8:70.00%', '9:14.90%']
                                                                                              <-> Client 0, global : from 29.43% to 10.52%, local : from 23.40% to 95.20%, training time : 16200msec
                                                     Cluster 55, round 1, loss : 3.52, accuracy 10.52% <-
                                                     Time past : 16200msec
                                                     ['0:1.50%', '1:0.50%', '2:0.00%', '3:0.00%', '4:0.00%', '5:0.00%', '6:0.10%', '7:100.00%', '8:2.80%', '9:0.30%']
                                          0msec<-
                                          ->0msec
                                                     -> Cluster 4, loss : 1.95, accuracy 29.43%, model from round 48
                                                     ['0:32.30%', '1:32.40%', '2:0.00%', '3:43.00%', '4:1.80%', '5:11.10%', '6:67.10%', '7:21.70%', '8:70.00%', '9:14.90%']
                                                                                              <-> Client 0, global : from 29.43% to 13.34%, local : from 60.40% to 94.80%, training time : 8200msec
                                                     Cluster 4, round 1, loss : 3.94, accuracy 13.34% <-
                                                     Time past : 8200msec
                                                     ['0:20.30%', '1:0.00%', '2:0.00%', '3:0.00%', '4:0.00%', '5:0.00%', '6:99.90%', '7:0.00%', '8:13.20%', '9:0.00%']
                                          0msec<-
                                          ->0msec
                                                     -> Cluster 44, loss : 1.95, accuracy 29.43%, model from round 48
                                                     ['0:32.30%', '1:32.40%', '2:0.00%', '3:43.00%', '4:1.80%', '5:11.10%', '6:67.10%', '7:21.70%', '8:70.00%', '9:14.90%']
                                                                                              <-> Client 0, global : from 29.43% to 10.03%, local : from 1.00% to 95.00%, training time : 8200msec
                                                     Cluster 44, round 1, loss : 4.77, accuracy 10.03% <-
                                                     Time past : 8200msec
                                                     ['0:0.00%', '1:0.00%', '2:100.00%', '3:0.00%', '4:0.00%', '5:0.00%', '6:0.00%', '7:0.00%', '8:0.30%', '9:0.00%']
                                          0msec<-
                                          ->0msec
                                                     -> Cluster 59, loss : 1.95, accuracy 29.43%, model from round 48
                                                     ['0:32.30%', '1:32.40%', '2:0.00%', '3:43.00%', '4:1.80%', '5:11.10%', '6:67.10%', '7:21.70%', '8:70.00%', '9:14.90%']
                                                                                              <-> Client 0, global : from 29.43% to 10.61%, local : from 21.60% to 95.20%, training time : 16200msec
                                                     Cluster 59, round 1, loss : 4.32, accuracy 10.61% <-
                                                     Time past : 16200msec
                                                     ['0:0.20%', '1:0.00%', '2:0.00%', '3:0.00%', '4:0.00%', '5:0.00%', '6:0.00%', '7:100.00%', '8:5.90%', '9:0.00%']
                                          0msec<-
                                          ->0msec
                                                     -> Cluster 94, loss : 1.95, accuracy 29.43%, model from round 48
                                                     ['0:32.30%', '1:32.40%', '2:0.00%', '3:43.00%', '4:1.80%', '5:11.10%', '6:67.10%', '7:21.70%', '8:70.00%', '9:14.90%']
                                                                                              <-> Client 0, global : from 29.43% to 10.00%, local : from 33.07% to 95.39%, training time : 16200msec
                                                     Cluster 94, round 1, loss : 3.96, accuracy 10.00% <-
                                                     Time past : 16200msec
                                                     ['0:100.00%', '1:0.00%', '2:0.00%', '3:0.00%', '4:0.00%', '5:0.00%', '6:0.00%', '7:0.00%', '8:0.00%', '9:0.00%']
                                          0msec<-
                                          ->0msec
                                                     -> Cluster 25, loss : 1.95, accuracy 29.43%, model from round 48
                                                     ['0:32.30%', '1:32.40%', '2:0.00%', '3:43.00%', '4:1.80%', '5:11.10%', '6:67.10%', '7:21.70%', '8:70.00%', '9:14.90%']
                                                                                              <-> Client 0, global : from 29.43% to 10.33%, local : from 4.40% to 95.00%, training time : 8200msec
                                                     Cluster 25, round 1, loss : 4.40, accuracy 10.33% <-
                                                     Time past : 8200msec
                                                     ['0:0.30%', '1:0.00%', '2:0.00%', '3:0.00%', '4:99.90%', '5:0.00%', '6:0.00%', '7:0.00%', '8:3.10%', '9:0.00%']
                                          0msec<-
                                          ->0msec
                                                     -> Cluster 95, loss : 1.95, accuracy 29.43%, model from round 48
                                                     ['0:32.30%', '1:32.40%', '2:0.00%', '3:43.00%', '4:1.80%', '5:11.10%', '6:67.10%', '7:21.70%', '8:70.00%', '9:14.90%']
                                                                                              <-> Client 0, global : from 29.43% to 10.01%, local : from 37.07% to 95.19%, training time : 16200msec
                                                     Cluster 95, round 1, loss : 4.48, accuracy 10.01% <-
                                                     Time past : 16200msec
                                                     ['0:100.00%', '1:0.00%', '2:0.00%', '3:0.00%', '4:0.00%', '5:0.00%', '6:0.10%', '7:0.00%', '8:0.00%', '9:0.00%']
                                          0msec<-
                                          ->0msec
                                                     -> Cluster 36, loss : 1.95, accuracy 29.43%, model from round 48
                                                     ['0:32.30%', '1:32.40%', '2:0.00%', '3:43.00%', '4:1.80%', '5:11.10%', '6:67.10%', '7:21.70%', '8:70.00%', '9:14.90%']
                                                                                              <-> Client 0, global : from 29.43% to 10.00%, local : from 33.40% to 95.00%, training time : 8200msec
                                                     Cluster 36, round 1, loss : 4.06, accuracy 10.00% <-
                                                     Time past : 8200msec
                                                     ['0:0.00%', '1:100.00%', '2:0.00%', '3:0.00%', '4:0.00%', '5:0.00%', '6:0.00%', '7:0.00%', '8:0.00%', '9:0.00%']
                                          0msec<-
Central server round 48, loss : 2.00, accuracy :27.32%
Time past: 777600msec
['0:66.00%', '1:54.40%', '2:0.80%', '3:2.10%', '4:0.40%', '5:5.20%', '6:50.60%', '7:62.80%', '8:27.10%', '9:3.80%']
                                          ->0msec
                                                     -> Cluster 97, loss : 2.00, accuracy 27.32%, model from round 49
                                                     ['0:66.00%', '1:54.40%', '2:0.80%', '3:2.10%', '4:0.40%', '5:5.20%', '6:50.60%', '7:62.80%', '8:27.10%', '9:3.80%']
                                                                                              <-> Client 0, global : from 27.32% to 10.00%, local : from 59.72% to 95.19%, training time : 16200msec
                                                     Cluster 97, round 1, loss : 4.03, accuracy 10.00% <-
                                                     Time past : 16200msec
                                                     ['0:100.00%', '1:0.00%', '2:0.00%', '3:0.00%', '4:0.00%', '5:0.00%', '6:0.00%', '7:0.00%', '8:0.00%', '9:0.00%']
                                          0msec<-
                                          ->0msec
                                                     -> Cluster 89, loss : 2.00, accuracy 27.32%, model from round 49
                                                     ['0:66.00%', '1:54.40%', '2:0.80%', '3:2.10%', '4:0.40%', '5:5.20%', '6:50.60%', '7:62.80%', '8:27.10%', '9:3.80%']
                                                                                              <-> Client 0, global : from 27.32% to 10.30%, local : from 6.61% to 95.39%, training time : 16200msec
                                                     Cluster 89, round 1, loss : 4.18, accuracy 10.30% <-
                                                     Time past : 16200msec
                                                     ['0:0.00%', '1:0.00%', '2:0.00%', '3:0.00%', '4:0.00%', '5:100.00%', '6:0.00%', '7:0.00%', '8:2.10%', '9:0.90%']
                                          0msec<-
                                          ->0msec
                                                     -> Cluster 36, loss : 2.00, accuracy 27.32%, model from round 49
                                                     ['0:66.00%', '1:54.40%', '2:0.80%', '3:2.10%', '4:0.40%', '5:5.20%', '6:50.60%', '7:62.80%', '8:27.10%', '9:3.80%']
                                                                                              <-> Client 0, global : from 27.32% to 10.00%, local : from 52.40% to 95.00%, training time : 8200msec
                                                     Cluster 36, round 1, loss : 3.56, accuracy 10.00% <-
                                                     Time past : 8200msec
                                                     ['0:0.00%', '1:100.00%', '2:0.00%', '3:0.00%', '4:0.00%', '5:0.00%', '6:0.00%', '7:0.00%', '8:0.00%', '9:0.00%']
                                          0msec<-
                                          ->0msec
                                                     -> Cluster 48, loss : 2.00, accuracy 27.32%, model from round 49
                                                     ['0:66.00%', '1:54.40%', '2:0.80%', '3:2.10%', '4:0.40%', '5:5.20%', '6:50.60%', '7:62.80%', '8:27.10%', '9:3.80%']
                                                                                              <-> Client 0, global : from 27.32% to 10.00%, local : from 1.00% to 95.00%, training time : 8200msec
                                                     Cluster 48, round 1, loss : 4.03, accuracy 10.00% <-
                                                     Time past : 8200msec
                                                     ['0:0.00%', '1:0.00%', '2:100.00%', '3:0.00%', '4:0.00%', '5:0.00%', '6:0.00%', '7:0.00%', '8:0.00%', '9:0.00%']
                                          0msec<-
                                          ->0msec
                                                     -> Cluster 81, loss : 2.00, accuracy 27.32%, model from round 49
                                                     ['0:66.00%', '1:54.40%', '2:0.80%', '3:2.10%', '4:0.40%', '5:5.20%', '6:50.60%', '7:62.80%', '8:27.10%', '9:3.80%']
                                                                                              <-> Client 0, global : from 27.32% to 10.04%, local : from 6.00% to 95.00%, training time : 16200msec
                                                     Cluster 81, round 1, loss : 3.70, accuracy 10.04% <-
                                                     Time past : 16200msec
                                                     ['0:0.00%', '1:0.00%', '2:0.00%', '3:0.00%', '4:0.00%', '5:100.00%', '6:0.00%', '7:0.00%', '8:0.40%', '9:0.00%']
                                          0msec<-
                                          ->0msec
                                                     -> Cluster 47, loss : 2.00, accuracy 27.32%, model from round 49
                                                     ['0:66.00%', '1:54.40%', '2:0.80%', '3:2.10%', '4:0.40%', '5:5.20%', '6:50.60%', '7:62.80%', '8:27.10%', '9:3.80%']
                                                                                              <-> Client 0, global : from 27.32% to 10.00%, local : from 2.80% to 95.00%, training time : 8200msec
                                                     Cluster 47, round 1, loss : 4.68, accuracy 10.00% <-
                                                     Time past : 8200msec
                                                     ['0:0.00%', '1:0.00%', '2:100.00%', '3:0.00%', '4:0.00%', '5:0.00%', '6:0.00%', '7:0.00%', '8:0.00%', '9:0.00%']
                                          0msec<-
                                          ->0msec
                                                     -> Cluster 20, loss : 2.00, accuracy 27.32%, model from round 49
                                                     ['0:66.00%', '1:54.40%', '2:0.80%', '3:2.10%', '4:0.40%', '5:5.20%', '6:50.60%', '7:62.80%', '8:27.10%', '9:3.80%']
                                                                                              <-> Client 0, global : from 27.32% to 10.28%, local : from 3.19% to 95.01%, training time : 8200msec
                                                     Cluster 20, round 1, loss : 4.60, accuracy 10.28% <-
                                                     Time past : 8200msec
                                                     ['0:0.00%', '1:0.00%', '2:0.00%', '3:0.00%', '4:99.90%', '5:0.00%', '6:0.00%', '7:0.00%', '8:2.90%', '9:0.00%']
                                          0msec<-
                                          ->0msec
                                                     -> Cluster 55, loss : 2.00, accuracy 27.32%, model from round 49
                                                     ['0:66.00%', '1:54.40%', '2:0.80%', '3:2.10%', '4:0.40%', '5:5.20%', '6:50.60%', '7:62.80%', '8:27.10%', '9:3.80%']
                                                                                              <-> Client 0, global : from 27.32% to 10.07%, local : from 63.00% to 95.00%, training time : 16200msec
                                                     Cluster 55, round 1, loss : 4.96, accuracy 10.07% <-
                                                     Time past : 16200msec
                                                     ['0:0.20%', '1:0.00%', '2:0.00%', '3:0.00%', '4:0.00%', '5:0.00%', '6:0.00%', '7:100.00%', '8:0.50%', '9:0.00%']
                                          0msec<-
                                          ->0msec
                                                     -> Cluster 39, loss : 2.00, accuracy 27.32%, model from round 49
                                                     ['0:66.00%', '1:54.40%', '2:0.80%', '3:2.10%', '4:0.40%', '5:5.20%', '6:50.60%', '7:62.80%', '8:27.10%', '9:3.80%']
                                                                                              <-> Client 0, global : from 27.32% to 10.00%, local : from 55.60% to 95.00%, training time : 8200msec
                                                     Cluster 39, round 1, loss : 4.83, accuracy 10.00% <-
                                                     Time past : 8200msec
                                                     ['0:0.00%', '1:100.00%', '2:0.00%', '3:0.00%', '4:0.00%', '5:0.00%', '6:0.00%', '7:0.00%', '8:0.00%', '9:0.00%']
                                          0msec<-
                                          ->0msec
                                                     -> Cluster 59, loss : 2.00, accuracy 27.32%, model from round 49
                                                     ['0:66.00%', '1:54.40%', '2:0.80%', '3:2.10%', '4:0.40%', '5:5.20%', '6:50.60%', '7:62.80%', '8:27.10%', '9:3.80%']
                                                                                              <-> Client 0, global : from 27.32% to 11.57%, local : from 62.20% to 95.20%, training time : 16200msec
                                                     Cluster 59, round 1, loss : 3.82, accuracy 11.57% <-
                                                     Time past : 16200msec
                                                     ['0:4.80%', '1:0.10%', '2:0.00%', '3:0.00%', '4:0.00%', '5:0.00%', '6:0.00%', '7:99.80%', '8:11.00%', '9:0.00%']
                                          0msec<-
Central server round 49, loss : 1.99, accuracy :28.40%
Time past: 793800msec
['0:55.80%', '1:56.60%', '2:20.50%', '3:0.00%', '4:7.00%', '5:49.30%', '6:3.00%', '7:56.30%', '8:24.00%', '9:11.50%']
                                          ->0msec
                                                     -> Cluster 95, loss : 1.99, accuracy 28.40%, model from round 50
                                                     ['0:55.80%', '1:56.60%', '2:20.50%', '3:0.00%', '4:7.00%', '5:49.30%', '6:3.00%', '7:56.30%', '8:24.00%', '9:11.50%']
                                                                                              <-> Client 0, global : from 28.40% to 10.00%, local : from 55.11% to 95.19%, training time : 16200msec
                                                     Cluster 95, round 1, loss : 4.22, accuracy 10.00% <-
                                                     Time past : 16200msec
                                                     ['0:99.90%', '1:0.00%', '2:0.00%', '3:0.00%', '4:0.00%', '5:0.00%', '6:0.10%', '7:0.00%', '8:0.00%', '9:0.00%']
                                          0msec<-
                                          ->0msec
                                                     -> Cluster 31, loss : 1.99, accuracy 28.40%, model from round 50
                                                     ['0:55.80%', '1:56.60%', '2:20.50%', '3:0.00%', '4:7.00%', '5:49.30%', '6:3.00%', '7:56.30%', '8:24.00%', '9:11.50%']
                                                                                              <-> Client 0, global : from 28.40% to 10.49%, local : from 58.68% to 94.81%, training time : 8200msec
                                                     Cluster 31, round 1, loss : 3.86, accuracy 10.49% <-
                                                     Time past : 8200msec
                                                     ['0:0.00%', '1:99.90%', '2:0.00%', '3:0.00%', '4:0.00%', '5:0.00%', '6:0.00%', '7:0.00%', '8:5.00%', '9:0.00%']
                                          0msec<-
                                          ->0msec
                                                     -> Cluster 66, loss : 1.99, accuracy 28.40%, model from round 50
                                                     ['0:55.80%', '1:56.60%', '2:20.50%', '3:0.00%', '4:7.00%', '5:49.30%', '6:3.00%', '7:56.30%', '8:24.00%', '9:11.50%']
                                                                                              <-> Client 0, global : from 28.40% to 10.86%, local : from 25.60% to 95.00%, training time : 16200msec
                                                     Cluster 66, round 1, loss : 3.99, accuracy 10.86% <-
                                                     Time past : 16200msec
                                                     ['0:0.00%', '1:0.00%', '2:0.00%', '3:0.10%', '4:1.40%', '5:1.00%', '6:4.60%', '7:1.70%', '8:99.80%', '9:0.00%']
                                          0msec<-
                                          ->0msec
                                                     -> Cluster 1, loss : 1.99, accuracy 28.40%, model from round 50
                                                     ['0:55.80%', '1:56.60%', '2:20.50%', '3:0.00%', '4:7.00%', '5:49.30%', '6:3.00%', '7:56.30%', '8:24.00%', '9:11.50%']
                                                                                              <-> Client 0, global : from 28.40% to 13.06%, local : from 4.79% to 94.81%, training time : 8200msec
                                                     Cluster 1, round 1, loss : 3.80, accuracy 13.06% <-
                                                     Time past : 8200msec
                                                     ['0:1.70%', '1:0.00%', '2:0.00%', '3:0.00%', '4:0.00%', '5:0.00%', '6:100.00%', '7:0.00%', '8:27.80%', '9:1.10%']
                                          0msec<-
                                          ->0msec
                                                     -> Cluster 16, loss : 1.99, accuracy 28.40%, model from round 50
                                                     ['0:55.80%', '1:56.60%', '2:20.50%', '3:0.00%', '4:7.00%', '5:49.30%', '6:3.00%', '7:56.30%', '8:24.00%', '9:11.50%']
                                                                                              <-> Client 0, global : from 28.40% to 10.49%, local : from 12.00% to 95.00%, training time : 8200msec
                                                     Cluster 16, round 1, loss : 3.75, accuracy 10.49% <-
                                                     Time past : 8200msec
                                                     ['0:0.00%', '1:0.00%', '2:0.00%', '3:1.70%', '4:0.10%', '5:0.60%', '6:2.60%', '7:0.00%', '8:0.00%', '9:99.90%']
                                          0msec<-
                                          ->0msec
                                                     -> Cluster 80, loss : 1.99, accuracy 28.40%, model from round 50
                                                     ['0:55.80%', '1:56.60%', '2:20.50%', '3:0.00%', '4:7.00%', '5:49.30%', '6:3.00%', '7:56.30%', '8:24.00%', '9:11.50%']
                                                                                              <-> Client 0, global : from 28.40% to 12.30%, local : from 50.40% to 95.60%, training time : 16200msec
                                                     Cluster 80, round 1, loss : 3.98, accuracy 12.30% <-
                                                     Time past : 16200msec
                                                     ['0:0.00%', '1:8.90%', '2:0.00%', '3:0.00%', '4:0.00%', '5:99.70%', '6:0.00%', '7:0.00%', '8:12.00%', '9:2.40%']
                                          0msec<-
                                          ->0msec
                                                     -> Cluster 67, loss : 1.99, accuracy 28.40%, model from round 50
                                                     ['0:55.80%', '1:56.60%', '2:20.50%', '3:0.00%', '4:7.00%', '5:49.30%', '6:3.00%', '7:56.30%', '8:24.00%', '9:11.50%']
                                                                                              <-> Client 0, global : from 28.40% to 12.15%, local : from 29.20% to 95.20%, training time : 16200msec
                                                     Cluster 67, round 1, loss : 3.34, accuracy 12.15% <-
                                                     Time past : 16200msec
                                                     ['0:0.00%', '1:0.10%', '2:0.00%', '3:0.00%', '4:0.00%', '5:0.00%', '6:20.40%', '7:1.00%', '8:100.00%', '9:0.00%']
                                          0msec<-
                                          ->0msec
                                                     -> Cluster 19, loss : 1.99, accuracy 28.40%, model from round 50
                                                     ['0:55.80%', '1:56.60%', '2:20.50%', '3:0.00%', '4:7.00%', '5:49.30%', '6:3.00%', '7:56.30%', '8:24.00%', '9:11.50%']
                                                                                              <-> Client 0, global : from 28.40% to 10.35%, local : from 11.80% to 95.00%, training time : 8200msec
                                                     Cluster 19, round 1, loss : 3.51, accuracy 10.35% <-
                                                     Time past : 8200msec
                                                     ['0:0.10%', '1:0.00%', '2:0.00%', '3:0.00%', '4:0.00%', '5:3.10%', '6:0.20%', '7:0.20%', '8:0.00%', '9:99.90%']
                                          0msec<-
                                          ->0msec
                                                     -> Cluster 68, loss : 1.99, accuracy 28.40%, model from round 50
                                                     ['0:55.80%', '1:56.60%', '2:20.50%', '3:0.00%', '4:7.00%', '5:49.30%', '6:3.00%', '7:56.30%', '8:24.00%', '9:11.50%']
                                                                                              <-> Client 0, global : from 28.40% to 11.62%, local : from 23.20% to 95.20%, training time : 16200msec
                                                     Cluster 68, round 1, loss : 3.97, accuracy 11.62% <-
                                                     Time past : 16200msec
                                                     ['0:0.00%', '1:0.00%', '2:0.00%', '3:0.10%', '4:0.00%', '5:0.00%', '6:14.90%', '7:1.30%', '8:99.90%', '9:0.00%']
                                          0msec<-
                                          ->0msec
                                                     -> Cluster 2, loss : 1.99, accuracy 28.40%, model from round 50
                                                     ['0:55.80%', '1:56.60%', '2:20.50%', '3:0.00%', '4:7.00%', '5:49.30%', '6:3.00%', '7:56.30%', '8:24.00%', '9:11.50%']
                                                                                              <-> Client 0, global : from 28.40% to 11.85%, local : from 4.00% to 95.00%, training time : 8200msec
                                                     Cluster 2, round 1, loss : 4.16, accuracy 11.85% <-
                                                     Time past : 8200msec
                                                     ['0:3.40%', '1:0.00%', '2:0.00%', '3:0.00%', '4:0.00%', '5:0.00%', '6:100.00%', '7:0.00%', '8:15.10%', '9:0.00%']
                                          0msec<-
Central server round 50, loss : 2.12, accuracy :24.61%
Time past: 810000msec
['0:8.40%', '1:7.80%', '2:0.00%', '3:0.00%', '4:0.00%', '5:19.60%', '6:79.50%', '7:8.40%', '8:87.60%', '9:34.80%']
                                          ->0msec
                                                     -> Cluster 30, loss : 2.12, accuracy 24.61%, model from round 51
                                                     ['0:8.40%', '1:7.80%', '2:0.00%', '3:0.00%', '4:0.00%', '5:19.60%', '6:79.50%', '7:8.40%', '8:87.60%', '9:34.80%']
                                                                                              <-> Client 0, global : from 24.61% to 10.00%, local : from 10.38% to 94.81%, training time : 8200msec
                                                     Cluster 30, round 1, loss : 3.80, accuracy 10.00% <-
                                                     Time past : 8200msec
                                                     ['0:0.00%', '1:100.00%', '2:0.00%', '3:0.00%', '4:0.00%', '5:0.00%', '6:0.00%', '7:0.00%', '8:0.00%', '9:0.00%']
                                          0msec<-
                                          ->0msec
                                                     -> Cluster 1, loss : 2.12, accuracy 24.61%, model from round 51
                                                     ['0:8.40%', '1:7.80%', '2:0.00%', '3:0.00%', '4:0.00%', '5:19.60%', '6:79.50%', '7:8.40%', '8:87.60%', '9:34.80%']
                                                                                              <-> Client 0, global : from 24.61% to 11.73%, local : from 77.05% to 95.01%, training time : 8200msec
                                                     Cluster 1, round 1, loss : 4.27, accuracy 11.73% <-
                                                     Time past : 8200msec
                                                     ['0:0.40%', '1:0.00%', '2:0.00%', '3:0.00%', '4:0.00%', '5:0.00%', '6:100.00%', '7:0.00%', '8:16.70%', '9:0.20%']
                                          0msec<-
                                          ->0msec
                                                     -> Cluster 35, loss : 2.12, accuracy 24.61%, model from round 51
                                                     ['0:8.40%', '1:7.80%', '2:0.00%', '3:0.00%', '4:0.00%', '5:19.60%', '6:79.50%', '7:8.40%', '8:87.60%', '9:34.80%']
                                                                                              <-> Client 0, global : from 24.61% to 10.00%, local : from 10.20% to 95.00%, training time : 8200msec
                                                     Cluster 35, round 1, loss : 3.22, accuracy 10.00% <-
                                                     Time past : 8200msec
                                                     ['0:0.00%', '1:100.00%', '2:0.00%', '3:0.00%', '4:0.00%', '5:0.00%', '6:0.00%', '7:0.00%', '8:0.00%', '9:0.00%']
                                          0msec<-
                                          ->0msec
                                                     -> Cluster 55, loss : 2.12, accuracy 24.61%, model from round 51
                                                     ['0:8.40%', '1:7.80%', '2:0.00%', '3:0.00%', '4:0.00%', '5:19.60%', '6:79.50%', '7:8.40%', '8:87.60%', '9:34.80%']
                                                                                              <-> Client 0, global : from 24.61% to 10.33%, local : from 10.40% to 95.20%, training time : 16200msec
                                                     Cluster 55, round 1, loss : 4.11, accuracy 10.33% <-
                                                     Time past : 16200msec
                                                     ['0:0.10%', '1:0.20%', '2:0.00%', '3:0.00%', '4:0.00%', '5:0.00%', '6:0.00%', '7:100.00%', '8:2.20%', '9:0.80%']
                                          0msec<-
                                          ->0msec
                                                     -> Cluster 43, loss : 2.12, accuracy 24.61%, model from round 51
                                                     ['0:8.40%', '1:7.80%', '2:0.00%', '3:0.00%', '4:0.00%', '5:19.60%', '6:79.50%', '7:8.40%', '8:87.60%', '9:34.80%']
                                                                                              <-> Client 0, global : from 24.61% to 10.13%, local : from 1.40% to 95.20%, training time : 8200msec
                                                     Cluster 43, round 1, loss : 4.16, accuracy 10.13% <-
                                                     Time past : 8200msec
                                                     ['0:0.00%', '1:0.00%', '2:100.00%', '3:0.00%', '4:0.00%', '5:0.00%', '6:0.00%', '7:0.00%', '8:1.30%', '9:0.00%']
                                          0msec<-
                                          ->0msec
                                                     -> Cluster 6, loss : 2.12, accuracy 24.61%, model from round 51
                                                     ['0:8.40%', '1:7.80%', '2:0.00%', '3:0.00%', '4:0.00%', '5:19.60%', '6:79.50%', '7:8.40%', '8:87.60%', '9:34.80%']
                                                                                              <-> Client 0, global : from 24.61% to 12.05%, local : from 74.00% to 95.00%, training time : 8200msec
                                                     Cluster 6, round 1, loss : 4.27, accuracy 12.05% <-
                                                     Time past : 8200msec
                                                     ['0:10.50%', '1:0.20%', '2:0.00%', '3:0.00%', '4:0.00%', '5:0.00%', '6:100.00%', '7:0.00%', '8:7.50%', '9:2.30%']
                                          0msec<-
                                          ->0msec
                                                     -> Cluster 77, loss : 2.12, accuracy 24.61%, model from round 51
                                                     ['0:8.40%', '1:7.80%', '2:0.00%', '3:0.00%', '4:0.00%', '5:19.60%', '6:79.50%', '7:8.40%', '8:87.60%', '9:34.80%']
                                                                                              <-> Client 0, global : from 24.61% to 10.91%, local : from 1.40% to 95.40%, training time : 16200msec
                                                     Cluster 77, round 1, loss : 4.66, accuracy 10.91% <-
                                                     Time past : 16200msec
                                                     ['0:0.00%', '1:0.00%', '2:0.00%', '3:100.00%', '4:0.00%', '5:0.00%', '6:0.00%', '7:0.00%', '8:9.10%', '9:0.00%']
                                          0msec<-
                                          ->0msec
                                                     -> Cluster 69, loss : 2.12, accuracy 24.61%, model from round 51
                                                     ['0:8.40%', '1:7.80%', '2:0.00%', '3:0.00%', '4:0.00%', '5:19.60%', '6:79.50%', '7:8.40%', '8:87.60%', '9:34.80%']
                                                                                              <-> Client 0, global : from 24.61% to 13.97%, local : from 85.60% to 96.20%, training time : 16200msec
                                                     Cluster 69, round 1, loss : 3.52, accuracy 13.97% <-
                                                     Time past : 16200msec
                                                     ['0:0.00%', '1:0.00%', '2:0.00%', '3:0.00%', '4:8.90%', '5:0.00%', '6:29.70%', '7:1.20%', '8:99.90%', '9:0.00%']
                                          0msec<-
                                          ->0msec
                                                     -> Cluster 12, loss : 2.12, accuracy 24.61%, model from round 51
                                                     ['0:8.40%', '1:7.80%', '2:0.00%', '3:0.00%', '4:0.00%', '5:19.60%', '6:79.50%', '7:8.40%', '8:87.60%', '9:34.80%']
                                                                                              <-> Client 0, global : from 24.61% to 10.12%, local : from 31.20% to 95.00%, training time : 8200msec
                                                     Cluster 12, round 1, loss : 3.93, accuracy 10.12% <-
                                                     Time past : 8200msec
                                                     ['0:0.00%', '1:0.00%', '2:0.00%', '3:0.00%', '4:0.30%', '5:0.90%', '6:0.00%', '7:0.00%', '8:0.00%', '9:100.00%']
                                          0msec<-
                                          ->0msec
                                                     -> Cluster 57, loss : 2.12, accuracy 24.61%, model from round 51
                                                     ['0:8.40%', '1:7.80%', '2:0.00%', '3:0.00%', '4:0.00%', '5:19.60%', '6:79.50%', '7:8.40%', '8:87.60%', '9:34.80%']
                                                                                              <-> Client 0, global : from 24.61% to 11.00%, local : from 8.80% to 95.00%, training time : 16200msec
                                                     Cluster 57, round 1, loss : 4.27, accuracy 11.00% <-
                                                     Time past : 16200msec
                                                     ['0:7.70%', '1:0.10%', '2:0.00%', '3:0.00%', '4:0.00%', '5:0.00%', '6:0.00%', '7:100.00%', '8:2.20%', '9:0.00%']
                                          0msec<-
Central server round 51, loss : 1.95, accuracy :29.91%
Time past: 826200msec
['0:19.80%', '1:57.10%', '2:0.00%', '3:2.20%', '4:0.00%', '5:14.90%', '6:71.20%', '7:58.50%', '8:46.60%', '9:28.80%']
                                          ->0msec
                                                     -> Cluster 4, loss : 1.95, accuracy 29.91%, model from round 52
                                                     ['0:19.80%', '1:57.10%', '2:0.00%', '3:2.20%', '4:0.00%', '5:14.90%', '6:71.20%', '7:58.50%', '8:46.60%', '9:28.80%']
                                                                                              <-> Client 0, global : from 29.91% to 16.03%, local : from 68.40% to 95.20%, training time : 8200msec
                                                     Cluster 4, round 1, loss : 3.26, accuracy 16.03% <-
                                                     Time past : 8200msec
                                                     ['0:39.50%', '1:0.30%', '2:0.00%', '3:0.00%', '4:0.00%', '5:0.00%', '6:99.80%', '7:0.00%', '8:19.40%', '9:1.30%']
                                          0msec<-
                                          ->0msec
                                                     -> Cluster 80, loss : 1.95, accuracy 29.91%, model from round 52
                                                     ['0:19.80%', '1:57.10%', '2:0.00%', '3:2.20%', '4:0.00%', '5:14.90%', '6:71.20%', '7:58.50%', '8:46.60%', '9:28.80%']
                                                                                              <-> Client 0, global : from 29.91% to 11.43%, local : from 18.40% to 95.00%, training time : 16200msec
                                                     Cluster 80, round 1, loss : 4.43, accuracy 11.43% <-
                                                     Time past : 16200msec
                                                     ['0:0.00%', '1:3.50%', '2:0.00%', '3:0.00%', '4:0.00%', '5:99.80%', '6:0.00%', '7:0.00%', '8:9.10%', '9:1.90%']
                                          0msec<-
                                          ->0msec
                                                     -> Cluster 86, loss : 1.95, accuracy 29.91%, model from round 52
                                                     ['0:19.80%', '1:57.10%', '2:0.00%', '3:2.20%', '4:0.00%', '5:14.90%', '6:71.20%', '7:58.50%', '8:46.60%', '9:28.80%']
                                                                                              <-> Client 0, global : from 29.91% to 11.00%, local : from 15.83% to 95.19%, training time : 16200msec
                                                     Cluster 86, round 1, loss : 4.47, accuracy 11.00% <-
                                                     Time past : 16200msec
                                                     ['0:0.00%', '1:0.00%', '2:0.00%', '3:0.00%', '4:0.00%', '5:100.00%', '6:0.00%', '7:0.00%', '8:5.40%', '9:4.60%']
                                          0msec<-
                                          ->0msec
                                                     -> Cluster 21, loss : 1.95, accuracy 29.91%, model from round 52
                                                     ['0:19.80%', '1:57.10%', '2:0.00%', '3:2.20%', '4:0.00%', '5:14.90%', '6:71.20%', '7:58.50%', '8:46.60%', '9:28.80%']
                                                                                              <-> Client 0, global : from 29.91% to 10.07%, local : from 1.80% to 94.81%, training time : 8200msec
                                                     Cluster 21, round 1, loss : 4.68, accuracy 10.07% <-
                                                     Time past : 8200msec
                                                     ['0:0.00%', '1:0.00%', '2:0.00%', '3:0.00%', '4:100.00%', '5:0.00%', '6:0.00%', '7:0.00%', '8:0.70%', '9:0.00%']
                                          0msec<-
                                          ->0msec
                                                     -> Cluster 97, loss : 1.95, accuracy 29.91%, model from round 52
                                                     ['0:19.80%', '1:57.10%', '2:0.00%', '3:2.20%', '4:0.00%', '5:14.90%', '6:71.20%', '7:58.50%', '8:46.60%', '9:28.80%']
                                                                                              <-> Client 0, global : from 29.91% to 10.00%, local : from 19.24% to 95.19%, training time : 16200msec
                                                     Cluster 97, round 1, loss : 4.55, accuracy 10.00% <-
                                                     Time past : 16200msec
                                                     ['0:100.00%', '1:0.00%', '2:0.00%', '3:0.00%', '4:0.00%', '5:0.00%', '6:0.00%', '7:0.00%', '8:0.00%', '9:0.00%']
                                          0msec<-
                                          ->0msec
                                                     -> Cluster 72, loss : 1.95, accuracy 29.91%, model from round 52
                                                     ['0:19.80%', '1:57.10%', '2:0.00%', '3:2.20%', '4:0.00%', '5:14.90%', '6:71.20%', '7:58.50%', '8:46.60%', '9:28.80%']
                                                                                              <-> Client 0, global : from 29.91% to 10.18%, local : from 3.20% to 95.00%, training time : 16200msec
                                                     Cluster 72, round 1, loss : 4.21, accuracy 10.18% <-
                                                     Time past : 16200msec
                                                     ['0:0.00%', '1:0.00%', '2:0.00%', '3:100.00%', '4:0.00%', '5:0.00%', '6:0.00%', '7:0.00%', '8:1.80%', '9:0.00%']
                                          0msec<-
                                          ->0msec
                                                     -> Cluster 31, loss : 1.95, accuracy 29.91%, model from round 52
                                                     ['0:19.80%', '1:57.10%', '2:0.00%', '3:2.20%', '4:0.00%', '5:14.90%', '6:71.20%', '7:58.50%', '8:46.60%', '9:28.80%']
                                                                                              <-> Client 0, global : from 29.91% to 10.11%, local : from 53.29% to 94.81%, training time : 8200msec
                                                     Cluster 31, round 1, loss : 4.03, accuracy 10.11% <-
                                                     Time past : 8200msec
                                                     ['0:0.00%', '1:99.90%', '2:0.00%', '3:0.00%', '4:0.00%', '5:0.00%', '6:0.00%', '7:0.10%', '8:1.10%', '9:0.00%']
                                          0msec<-
                                          ->0msec
                                                     -> Cluster 17, loss : 1.95, accuracy 29.91%, model from round 52
                                                     ['0:19.80%', '1:57.10%', '2:0.00%', '3:2.20%', '4:0.00%', '5:14.90%', '6:71.20%', '7:58.50%', '8:46.60%', '9:28.80%']
                                                                                              <-> Client 0, global : from 29.91% to 10.44%, local : from 32.60% to 95.00%, training time : 8200msec
                                                     Cluster 17, round 1, loss : 3.73, accuracy 10.44% <-
                                                     Time past : 8200msec
                                                     ['0:1.90%', '1:0.00%', '2:0.00%', '3:2.50%', '4:0.00%', '5:0.00%', '6:0.10%', '7:0.00%', '8:0.00%', '9:99.90%']
                                          0msec<-
                                          ->0msec
                                                     -> Cluster 95, loss : 1.95, accuracy 29.91%, model from round 52
                                                     ['0:19.80%', '1:57.10%', '2:0.00%', '3:2.20%', '4:0.00%', '5:14.90%', '6:71.20%', '7:58.50%', '8:46.60%', '9:28.80%']
                                                                                              <-> Client 0, global : from 29.91% to 10.44%, local : from 25.85% to 95.39%, training time : 16200msec
                                                     Cluster 95, round 1, loss : 3.60, accuracy 10.44% <-
                                                     Time past : 16200msec
                                                     ['0:99.70%', '1:0.00%', '2:0.00%', '3:0.00%', '4:0.00%', '5:0.00%', '6:4.70%', '7:0.00%', '8:0.00%', '9:0.00%']
                                          0msec<-
                                          ->0msec
                                                     -> Cluster 52, loss : 1.95, accuracy 29.91%, model from round 52
                                                     ['0:19.80%', '1:57.10%', '2:0.00%', '3:2.20%', '4:0.00%', '5:14.90%', '6:71.20%', '7:58.50%', '8:46.60%', '9:28.80%']
                                                                                              <-> Client 0, global : from 29.91% to 11.95%, local : from 57.40% to 95.00%, training time : 16200msec
                                                     Cluster 52, round 1, loss : 3.79, accuracy 11.95% <-
                                                     Time past : 16200msec
                                                     ['0:1.10%', '1:0.00%', '2:0.00%', '3:0.00%', '4:0.00%', '5:0.00%', '6:0.00%', '7:99.40%', '8:19.00%', '9:0.00%']
                                          0msec<-
Central server round 52, loss : 1.93, accuracy :29.40%
Time past: 842400msec
['0:73.90%', '1:24.00%', '2:0.00%', '3:14.20%', '4:4.60%', '5:46.00%', '6:43.70%', '7:32.70%', '8:13.40%', '9:41.50%']
                                          ->0msec
                                                     -> Cluster 59, loss : 1.93, accuracy 29.40%, model from round 53
                                                     ['0:73.90%', '1:24.00%', '2:0.00%', '3:14.20%', '4:4.60%', '5:46.00%', '6:43.70%', '7:32.70%', '8:13.40%', '9:41.50%']
                                                                                              <-> Client 0, global : from 29.40% to 11.38%, local : from 35.80% to 95.40%, training time : 16200msec
                                                     Cluster 59, round 1, loss : 4.13, accuracy 11.38% <-
                                                     Time past : 16200msec
                                                     ['0:5.40%', '1:0.10%', '2:0.00%', '3:0.00%', '4:0.00%', '5:0.00%', '6:0.00%', '7:99.90%', '8:8.40%', '9:0.00%']
                                          0msec<-
                                          ->0msec
                                                     -> Cluster 66, loss : 1.93, accuracy 29.40%, model from round 53
                                                     ['0:73.90%', '1:24.00%', '2:0.00%', '3:14.20%', '4:4.60%', '5:46.00%', '6:43.70%', '7:32.70%', '8:13.40%', '9:41.50%']
                                                                                              <-> Client 0, global : from 29.40% to 10.94%, local : from 15.20% to 95.00%, training time : 16200msec
                                                     Cluster 66, round 1, loss : 4.04, accuracy 10.94% <-
                                                     Time past : 16200msec
                                                     ['0:0.00%', '1:0.00%', '2:0.00%', '3:0.10%', '4:1.60%', '5:0.90%', '6:4.80%', '7:2.10%', '8:99.90%', '9:0.00%']
                                          0msec<-
                                          ->0msec
                                                     -> Cluster 85, loss : 1.93, accuracy 29.40%, model from round 53
                                                     ['0:73.90%', '1:24.00%', '2:0.00%', '3:14.20%', '4:4.60%', '5:46.00%', '6:43.70%', '7:32.70%', '8:13.40%', '9:41.50%']
                                                                                              <-> Client 0, global : from 29.40% to 11.31%, local : from 46.49% to 95.39%, training time : 16200msec
                                                     Cluster 85, round 1, loss : 4.64, accuracy 11.31% <-
                                                     Time past : 16200msec
                                                     ['0:5.20%', '1:0.00%', '2:0.00%', '3:0.00%', '4:0.00%', '5:99.80%', '6:0.00%', '7:0.00%', '8:7.10%', '9:1.00%']
                                          0msec<-
                                          ->0msec
                                                     -> Cluster 96, loss : 1.93, accuracy 29.40%, model from round 53
                                                     ['0:73.90%', '1:24.00%', '2:0.00%', '3:14.20%', '4:4.60%', '5:46.00%', '6:43.70%', '7:32.70%', '8:13.40%', '9:41.50%']
                                                                                              <-> Client 0, global : from 29.40% to 10.00%, local : from 65.93% to 95.19%, training time : 16200msec
                                                     Cluster 96, round 1, loss : 4.48, accuracy 10.00% <-
                                                     Time past : 16200msec
                                                     ['0:100.00%', '1:0.00%', '2:0.00%', '3:0.00%', '4:0.00%', '5:0.00%', '6:0.00%', '7:0.00%', '8:0.00%', '9:0.00%']
                                          0msec<-
                                          ->0msec
                                                     -> Cluster 77, loss : 1.93, accuracy 29.40%, model from round 53
                                                     ['0:73.90%', '1:24.00%', '2:0.00%', '3:14.20%', '4:4.60%', '5:46.00%', '6:43.70%', '7:32.70%', '8:13.40%', '9:41.50%']
                                                                                              <-> Client 0, global : from 29.40% to 10.73%, local : from 14.00% to 95.20%, training time : 16200msec
                                                     Cluster 77, round 1, loss : 4.97, accuracy 10.73% <-
                                                     Time past : 16200msec
                                                     ['0:0.00%', '1:0.00%', '2:0.00%', '3:100.00%', '4:0.00%', '5:0.00%', '6:0.00%', '7:0.00%', '8:7.30%', '9:0.00%']
                                          0msec<-
                                          ->0msec
                                                     -> Cluster 65, loss : 1.93, accuracy 29.40%, model from round 53
                                                     ['0:73.90%', '1:24.00%', '2:0.00%', '3:14.20%', '4:4.60%', '5:46.00%', '6:43.70%', '7:32.70%', '8:13.40%', '9:41.50%']
                                                                                              <-> Client 0, global : from 29.40% to 12.57%, local : from 12.60% to 95.20%, training time : 16200msec
                                                     Cluster 65, round 1, loss : 3.59, accuracy 12.57% <-
                                                     Time past : 16200msec
                                                     ['0:0.00%', '1:0.00%', '2:0.00%', '3:0.00%', '4:0.00%', '5:7.00%', '6:13.00%', '7:5.90%', '8:99.80%', '9:0.00%']
                                          0msec<-
                                          ->0msec
                                                     -> Cluster 53, loss : 1.93, accuracy 29.40%, model from round 53
                                                     ['0:73.90%', '1:24.00%', '2:0.00%', '3:14.20%', '4:4.60%', '5:46.00%', '6:43.70%', '7:32.70%', '8:13.40%', '9:41.50%']
                                                                                              <-> Client 0, global : from 29.40% to 10.65%, local : from 33.20% to 95.00%, training time : 16200msec
                                                     Cluster 53, round 1, loss : 4.34, accuracy 10.65% <-
                                                     Time past : 16200msec
                                                     ['0:3.40%', '1:0.10%', '2:0.00%', '3:0.00%', '4:0.00%', '5:0.00%', '6:0.00%', '7:100.00%', '8:3.00%', '9:0.00%']
                                          0msec<-
                                          ->0msec
                                                     -> Cluster 47, loss : 1.93, accuracy 29.40%, model from round 53
                                                     ['0:73.90%', '1:24.00%', '2:0.00%', '3:14.20%', '4:4.60%', '5:46.00%', '6:43.70%', '7:32.70%', '8:13.40%', '9:41.50%']
                                                                                              <-> Client 0, global : from 29.40% to 10.00%, local : from 2.60% to 95.00%, training time : 8200msec
                                                     Cluster 47, round 1, loss : 4.57, accuracy 10.00% <-
                                                     Time past : 8200msec
                                                     ['0:0.00%', '1:0.00%', '2:100.00%', '3:0.00%', '4:0.00%', '5:0.00%', '6:0.00%', '7:0.00%', '8:0.00%', '9:0.00%']
                                          0msec<-
                                          ->0msec
                                                     -> Cluster 80, loss : 1.93, accuracy 29.40%, model from round 53
                                                     ['0:73.90%', '1:24.00%', '2:0.00%', '3:14.20%', '4:4.60%', '5:46.00%', '6:43.70%', '7:32.70%', '8:13.40%', '9:41.50%']
                                                                                              <-> Client 0, global : from 29.40% to 11.48%, local : from 46.20% to 95.20%, training time : 16200msec
                                                     Cluster 80, round 1, loss : 4.55, accuracy 11.48% <-
                                                     Time past : 16200msec
                                                     ['0:0.00%', '1:1.70%', '2:0.00%', '3:0.00%', '4:0.00%', '5:99.80%', '6:0.00%', '7:0.00%', '8:11.80%', '9:1.50%']
                                          0msec<-
                                          ->0msec
                                                     -> Cluster 21, loss : 1.93, accuracy 29.40%, model from round 53
                                                     ['0:73.90%', '1:24.00%', '2:0.00%', '3:14.20%', '4:4.60%', '5:46.00%', '6:43.70%', '7:32.70%', '8:13.40%', '9:41.50%']
                                                                                              <-> Client 0, global : from 29.40% to 10.08%, local : from 6.79% to 94.81%, training time : 8200msec
                                                     Cluster 21, round 1, loss : 4.45, accuracy 10.08% <-
                                                     Time past : 8200msec
                                                     ['0:0.10%', '1:0.00%', '2:0.00%', '3:0.00%', '4:100.00%', '5:0.00%', '6:0.00%', '7:0.00%', '8:0.70%', '9:0.00%']
                                          0msec<-
Central server round 53, loss : 2.01, accuracy :25.66%
Time past: 858600msec
['0:28.30%', '1:9.40%', '2:0.00%', '3:2.30%', '4:1.30%', '5:58.00%', '6:7.70%', '7:64.30%', '8:71.30%', '9:14.00%']
                                          ->0msec
                                                     -> Cluster 32, loss : 2.01, accuracy 25.66%, model from round 54
                                                     ['0:28.30%', '1:9.40%', '2:0.00%', '3:2.30%', '4:1.30%', '5:58.00%', '6:7.70%', '7:64.30%', '8:71.30%', '9:14.00%']
                                                                                              <-> Client 0, global : from 25.66% to 10.00%, local : from 8.40% to 95.00%, training time : 8200msec
                                                     Cluster 32, round 1, loss : 3.64, accuracy 10.00% <-
                                                     Time past : 8200msec
                                                     ['0:0.00%', '1:100.00%', '2:0.00%', '3:0.00%', '4:0.00%', '5:0.00%', '6:0.00%', '7:0.00%', '8:0.00%', '9:0.00%']
                                          0msec<-
                                          ->0msec
                                                     -> Cluster 57, loss : 2.01, accuracy 25.66%, model from round 54
                                                     ['0:28.30%', '1:9.40%', '2:0.00%', '3:2.30%', '4:1.30%', '5:58.00%', '6:7.70%', '7:64.30%', '8:71.30%', '9:14.00%']
                                                                                              <-> Client 0, global : from 25.66% to 11.30%, local : from 65.60% to 95.00%, training time : 16200msec
                                                     Cluster 57, round 1, loss : 4.39, accuracy 11.30% <-
                                                     Time past : 16200msec
                                                     ['0:9.30%', '1:0.20%', '2:0.00%', '3:0.00%', '4:0.00%', '5:0.00%', '6:0.00%', '7:100.00%', '8:3.50%', '9:0.00%']
                                          0msec<-
                                          ->0msec
                                                     -> Cluster 36, loss : 2.01, accuracy 25.66%, model from round 54
                                                     ['0:28.30%', '1:9.40%', '2:0.00%', '3:2.30%', '4:1.30%', '5:58.00%', '6:7.70%', '7:64.30%', '8:71.30%', '9:14.00%']
                                                                                              <-> Client 0, global : from 25.66% to 10.00%, local : from 10.20% to 95.00%, training time : 8200msec
                                                     Cluster 36, round 1, loss : 4.33, accuracy 10.00% <-
                                                     Time past : 8200msec
                                                     ['0:0.00%', '1:100.00%', '2:0.00%', '3:0.00%', '4:0.00%', '5:0.00%', '6:0.00%', '7:0.00%', '8:0.00%', '9:0.00%']
                                          0msec<-
                                          ->0msec
                                                     -> Cluster 67, loss : 2.01, accuracy 25.66%, model from round 54
                                                     ['0:28.30%', '1:9.40%', '2:0.00%', '3:2.30%', '4:1.30%', '5:58.00%', '6:7.70%', '7:64.30%', '8:71.30%', '9:14.00%']
                                                                                              <-> Client 0, global : from 25.66% to 11.89%, local : from 69.60% to 95.20%, training time : 16200msec
                                                     Cluster 67, round 1, loss : 3.91, accuracy 11.89% <-
                                                     Time past : 16200msec
                                                     ['0:0.00%', '1:0.00%', '2:0.10%', '3:0.00%', '4:0.00%', '5:0.00%', '6:17.20%', '7:1.60%', '8:100.00%', '9:0.00%']
                                          0msec<-
                                          ->0msec
                                                     -> Cluster 19, loss : 2.01, accuracy 25.66%, model from round 54
                                                     ['0:28.30%', '1:9.40%', '2:0.00%', '3:2.30%', '4:1.30%', '5:58.00%', '6:7.70%', '7:64.30%', '8:71.30%', '9:14.00%']
                                                                                              <-> Client 0, global : from 25.66% to 10.06%, local : from 14.80% to 95.00%, training time : 8200msec
                                                     Cluster 19, round 1, loss : 4.14, accuracy 10.06% <-
                                                     Time past : 8200msec
                                                     ['0:0.00%', '1:0.00%', '2:0.00%', '3:0.00%', '4:0.00%', '5:0.50%', '6:0.10%', '7:0.00%', '8:0.00%', '9:100.00%']
                                          0msec<-
                                          ->0msec
                                                     -> Cluster 73, loss : 2.01, accuracy 25.66%, model from round 54
                                                     ['0:28.30%', '1:9.40%', '2:0.00%', '3:2.30%', '4:1.30%', '5:58.00%', '6:7.70%', '7:64.30%', '8:71.30%', '9:14.00%']
                                                                                              <-> Client 0, global : from 25.66% to 10.25%, local : from 3.80% to 95.00%, training time : 16200msec
                                                     Cluster 73, round 1, loss : 4.46, accuracy 10.25% <-
                                                     Time past : 16200msec
                                                     ['0:2.40%', '1:0.10%', '2:0.00%', '3:100.00%', '4:0.00%', '5:0.00%', '6:0.00%', '7:0.00%', '8:0.00%', '9:0.00%']
                                          0msec<-
                                          ->0msec
                                                     -> Cluster 40, loss : 2.01, accuracy 25.66%, model from round 54
                                                     ['0:28.30%', '1:9.40%', '2:0.00%', '3:2.30%', '4:1.30%', '5:58.00%', '6:7.70%', '7:64.30%', '8:71.30%', '9:14.00%']
                                                                                              <-> Client 0, global : from 25.66% to 10.00%, local : from 1.40% to 94.81%, training time : 8200msec
                                                     Cluster 40, round 1, loss : 3.85, accuracy 10.00% <-
                                                     Time past : 8200msec
                                                     ['0:0.00%', '1:0.00%', '2:100.00%', '3:0.00%', '4:0.00%', '5:0.00%', '6:0.00%', '7:0.00%', '8:0.00%', '9:0.00%']
                                          0msec<-
                                          ->0msec
                                                     -> Cluster 17, loss : 2.01, accuracy 25.66%, model from round 54
                                                     ['0:28.30%', '1:9.40%', '2:0.00%', '3:2.30%', '4:1.30%', '5:58.00%', '6:7.70%', '7:64.30%', '8:71.30%', '9:14.00%']
                                                                                              <-> Client 0, global : from 25.66% to 10.27%, local : from 17.80% to 95.00%, training time : 8200msec
                                                     Cluster 17, round 1, loss : 3.86, accuracy 10.27% <-
                                                     Time past : 8200msec
                                                     ['0:0.30%', '1:0.00%', '2:0.00%', '3:2.40%', '4:0.00%', '5:0.00%', '6:0.10%', '7:0.00%', '8:0.00%', '9:99.90%']
                                          0msec<-
                                          ->0msec
                                                     -> Cluster 66, loss : 2.01, accuracy 25.66%, model from round 54
                                                     ['0:28.30%', '1:9.40%', '2:0.00%', '3:2.30%', '4:1.30%', '5:58.00%', '6:7.70%', '7:64.30%', '8:71.30%', '9:14.00%']
                                                                                              <-> Client 0, global : from 25.66% to 11.41%, local : from 73.80% to 95.00%, training time : 16200msec
                                                     Cluster 66, round 1, loss : 3.79, accuracy 11.41% <-
                                                     Time past : 16200msec
                                                     ['0:0.00%', '1:0.00%', '2:0.00%', '3:0.20%', '4:1.70%', '5:2.40%', '6:7.80%', '7:2.20%', '8:99.80%', '9:0.00%']
                                          0msec<-
                                          ->0msec
                                                     -> Cluster 4, loss : 2.01, accuracy 25.66%, model from round 54
                                                     ['0:28.30%', '1:9.40%', '2:0.00%', '3:2.30%', '4:1.30%', '5:58.00%', '6:7.70%', '7:64.30%', '8:71.30%', '9:14.00%']
                                                                                              <-> Client 0, global : from 25.66% to 13.92%, local : from 9.80% to 95.00%, training time : 8200msec
                                                     Cluster 4, round 1, loss : 3.96, accuracy 13.92% <-
                                                     Time past : 8200msec
                                                     ['0:19.70%', '1:0.10%', '2:0.00%', '3:0.00%', '4:0.00%', '5:0.00%', '6:99.90%', '7:0.00%', '8:19.30%', '9:0.20%']
                                          0msec<-
Central server round 54, loss : 1.93, accuracy :30.89%
Time past: 874800msec
['0:20.70%', '1:38.20%', '2:4.90%', '3:13.30%', '4:0.00%', '5:15.10%', '6:63.60%', '7:36.70%', '8:61.20%', '9:55.20%']
                                          ->0msec
                                                     -> Cluster 35, loss : 1.93, accuracy 30.89%, model from round 55
                                                     ['0:20.70%', '1:38.20%', '2:4.90%', '3:13.30%', '4:0.00%', '5:15.10%', '6:63.60%', '7:36.70%', '8:61.20%', '9:55.20%']
                                                                                              <-> Client 0, global : from 30.89% to 10.00%, local : from 36.00% to 95.00%, training time : 8200msec
                                                     Cluster 35, round 1, loss : 3.30, accuracy 10.00% <-
                                                     Time past : 8200msec
                                                     ['0:0.00%', '1:100.00%', '2:0.00%', '3:0.00%', '4:0.00%', '5:0.00%', '6:0.00%', '7:0.00%', '8:0.00%', '9:0.00%']
                                          0msec<-
                                          ->0msec
                                                     -> Cluster 90, loss : 1.93, accuracy 30.89%, model from round 55
                                                     ['0:20.70%', '1:38.20%', '2:4.90%', '3:13.30%', '4:0.00%', '5:15.10%', '6:63.60%', '7:36.70%', '8:61.20%', '9:55.20%']
                                                                                              <-> Client 0, global : from 30.89% to 10.23%, local : from 22.40% to 95.00%, training time : 16200msec
                                                     Cluster 90, round 1, loss : 3.57, accuracy 10.23% <-
                                                     Time past : 16200msec
                                                     ['0:100.00%', '1:0.00%', '2:0.00%', '3:0.00%', '4:0.00%', '5:0.00%', '6:2.30%', '7:0.00%', '8:0.00%', '9:0.00%']
                                          0msec<-
                                          ->0msec
                                                     -> Cluster 96, loss : 1.93, accuracy 30.89%, model from round 55
                                                     ['0:20.70%', '1:38.20%', '2:4.90%', '3:13.30%', '4:0.00%', '5:15.10%', '6:63.60%', '7:36.70%', '8:61.20%', '9:55.20%']
                                                                                              <-> Client 0, global : from 30.89% to 10.00%, local : from 21.04% to 95.19%, training time : 16200msec
                                                     Cluster 96, round 1, loss : 3.98, accuracy 10.00% <-
                                                     Time past : 16200msec
                                                     ['0:100.00%', '1:0.00%', '2:0.00%', '3:0.00%', '4:0.00%', '5:0.00%', '6:0.00%', '7:0.00%', '8:0.00%', '9:0.00%']
                                          0msec<-
                                          ->0msec
                                                     -> Cluster 34, loss : 1.93, accuracy 30.89%, model from round 55
                                                     ['0:20.70%', '1:38.20%', '2:4.90%', '3:13.30%', '4:0.00%', '5:15.10%', '6:63.60%', '7:36.70%', '8:61.20%', '9:55.20%']
                                                                                              <-> Client 0, global : from 30.89% to 10.00%, local : from 37.80% to 95.00%, training time : 8200msec
                                                     Cluster 34, round 1, loss : 4.15, accuracy 10.00% <-
                                                     Time past : 8200msec
                                                     ['0:0.00%', '1:100.00%', '2:0.00%', '3:0.00%', '4:0.00%', '5:0.00%', '6:0.00%', '7:0.00%', '8:0.00%', '9:0.00%']
                                          0msec<-
                                          ->0msec
                                                     -> Cluster 13, loss : 1.93, accuracy 30.89%, model from round 55
                                                     ['0:20.70%', '1:38.20%', '2:4.90%', '3:13.30%', '4:0.00%', '5:15.10%', '6:63.60%', '7:36.70%', '8:61.20%', '9:55.20%']
                                                                                              <-> Client 0, global : from 30.89% to 10.35%, local : from 56.80% to 95.00%, training time : 8200msec
                                                     Cluster 13, round 1, loss : 3.51, accuracy 10.35% <-
                                                     Time past : 8200msec
                                                     ['0:0.00%', '1:0.00%', '2:0.00%', '3:0.30%', '4:0.00%', '5:3.20%', '6:0.10%', '7:0.00%', '8:0.00%', '9:99.90%']
                                          0msec<-
                                          ->0msec
                                                     -> Cluster 55, loss : 1.93, accuracy 30.89%, model from round 55
                                                     ['0:20.70%', '1:38.20%', '2:4.90%', '3:13.30%', '4:0.00%', '5:15.10%', '6:63.60%', '7:36.70%', '8:61.20%', '9:55.20%']
                                                                                              <-> Client 0, global : from 30.89% to 10.36%, local : from 37.80% to 95.20%, training time : 16200msec
                                                     Cluster 55, round 1, loss : 4.36, accuracy 10.36% <-
                                                     Time past : 16200msec
                                                     ['0:0.80%', '1:0.40%', '2:0.00%', '3:0.00%', '4:0.00%', '5:0.00%', '6:0.00%', '7:100.00%', '8:2.00%', '9:0.40%']
                                          0msec<-
                                          ->0msec
                                                     -> Cluster 85, loss : 1.93, accuracy 30.89%, model from round 55
                                                     ['0:20.70%', '1:38.20%', '2:4.90%', '3:13.30%', '4:0.00%', '5:15.10%', '6:63.60%', '7:36.70%', '8:61.20%', '9:55.20%']
                                                                                              <-> Client 0, global : from 30.89% to 11.80%, local : from 14.43% to 95.79%, training time : 16200msec
                                                     Cluster 85, round 1, loss : 4.65, accuracy 11.80% <-
                                                     Time past : 16200msec
                                                     ['0:6.50%', '1:0.00%', '2:0.00%', '3:0.00%', '4:0.00%', '5:99.80%', '6:0.00%', '7:0.00%', '8:9.50%', '9:2.20%']
                                          0msec<-
                                          ->0msec
                                                     -> Cluster 9, loss : 1.93, accuracy 30.89%, model from round 55
                                                     ['0:20.70%', '1:38.20%', '2:4.90%', '3:13.30%', '4:0.00%', '5:15.10%', '6:63.60%', '7:36.70%', '8:61.20%', '9:55.20%']
                                                                                              <-> Client 0, global : from 30.89% to 13.61%, local : from 62.40% to 95.60%, training time : 8200msec
                                                     Cluster 9, round 1, loss : 4.22, accuracy 13.61% <-
                                                     Time past : 8200msec
                                                     ['0:22.50%', '1:1.30%', '2:0.00%', '3:0.00%', '4:0.00%', '5:0.00%', '6:99.90%', '7:0.00%', '8:7.80%', '9:4.60%']
                                          0msec<-
                                          ->0msec
                                                     -> Cluster 47, loss : 1.93, accuracy 30.89%, model from round 55
                                                     ['0:20.70%', '1:38.20%', '2:4.90%', '3:13.30%', '4:0.00%', '5:15.10%', '6:63.60%', '7:36.70%', '8:61.20%', '9:55.20%']
                                                                                              <-> Client 0, global : from 30.89% to 10.01%, local : from 6.80% to 95.00%, training time : 8200msec
                                                     Cluster 47, round 1, loss : 3.52, accuracy 10.01% <-
                                                     Time past : 8200msec
                                                     ['0:0.00%', '1:0.00%', '2:100.00%', '3:0.00%', '4:0.00%', '5:0.00%', '6:0.00%', '7:0.00%', '8:0.10%', '9:0.00%']
                                          0msec<-
                                          ->0msec
                                                     -> Cluster 4, loss : 1.93, accuracy 30.89%, model from round 55
                                                     ['0:20.70%', '1:38.20%', '2:4.90%', '3:13.30%', '4:0.00%', '5:15.10%', '6:63.60%', '7:36.70%', '8:61.20%', '9:55.20%']
                                                                                              <-> Client 0, global : from 30.89% to 12.79%, local : from 60.80% to 95.00%, training time : 8200msec
                                                     Cluster 4, round 1, loss : 4.13, accuracy 12.79% <-
                                                     Time past : 8200msec
                                                     ['0:17.80%', '1:0.10%', '2:0.00%', '3:0.00%', '4:0.00%', '5:0.00%', '6:100.00%', '7:0.00%', '8:9.80%', '9:0.20%']
                                          0msec<-
Central server round 55, loss : 1.97, accuracy :29.84%
Time past: 891000msec
['0:74.20%', '1:45.50%', '2:0.40%', '3:0.00%', '4:0.00%', '5:33.90%', '6:76.80%', '7:27.70%', '8:3.20%', '9:36.70%']
                                          ->0msec
                                                     -> Cluster 34, loss : 1.97, accuracy 29.84%, model from round 56
                                                     ['0:74.20%', '1:45.50%', '2:0.40%', '3:0.00%', '4:0.00%', '5:33.90%', '6:76.80%', '7:27.70%', '8:3.20%', '9:36.70%']
                                                                                              <-> Client 0, global : from 29.84% to 10.02%, local : from 39.80% to 95.00%, training time : 8200msec
                                                     Cluster 34, round 1, loss : 3.68, accuracy 10.02% <-
                                                     Time past : 8200msec
                                                     ['0:0.00%', '1:100.00%', '2:0.00%', '3:0.00%', '4:0.10%', '5:0.10%', '6:0.00%', '7:0.00%', '8:0.00%', '9:0.00%']
                                          0msec<-
                                          ->0msec
                                                     -> Cluster 27, loss : 1.97, accuracy 29.84%, model from round 56
                                                     ['0:74.20%', '1:45.50%', '2:0.40%', '3:0.00%', '4:0.00%', '5:33.90%', '6:76.80%', '7:27.70%', '8:3.20%', '9:36.70%']
                                                                                              <-> Client 0, global : from 29.84% to 10.46%, local : from 1.40% to 95.00%, training time : 8200msec
                                                     Cluster 27, round 1, loss : 3.71, accuracy 10.46% <-
                                                     Time past : 8200msec
                                                     ['0:0.30%', '1:0.50%', '2:0.00%', '3:0.00%', '4:99.90%', '5:0.00%', '6:0.00%', '7:0.00%', '8:2.10%', '9:1.80%']
                                          0msec<-
                                          ->0msec
                                                     -> Cluster 4, loss : 1.97, accuracy 29.84%, model from round 56
                                                     ['0:74.20%', '1:45.50%', '2:0.40%', '3:0.00%', '4:0.00%', '5:33.90%', '6:76.80%', '7:27.70%', '8:3.20%', '9:36.70%']
                                                                                              <-> Client 0, global : from 29.84% to 14.66%, local : from 74.40% to 95.00%, training time : 8200msec
                                                     Cluster 4, round 1, loss : 3.58, accuracy 14.66% <-
                                                     Time past : 8200msec
                                                     ['0:35.70%', '1:0.70%', '2:0.00%', '3:0.00%', '4:0.00%', '5:0.00%', '6:99.90%', '7:0.10%', '8:9.60%', '9:0.60%']
                                          0msec<-
                                          ->0msec
                                                     -> Cluster 40, loss : 1.97, accuracy 29.84%, model from round 56
                                                     ['0:74.20%', '1:45.50%', '2:0.40%', '3:0.00%', '4:0.00%', '5:33.90%', '6:76.80%', '7:27.70%', '8:3.20%', '9:36.70%']
                                                                                              <-> Client 0, global : from 29.84% to 10.00%, local : from 2.20% to 94.81%, training time : 8200msec
                                                     Cluster 40, round 1, loss : 4.31, accuracy 10.00% <-
                                                     Time past : 8200msec
                                                     ['0:0.00%', '1:0.00%', '2:100.00%', '3:0.00%', '4:0.00%', '5:0.00%', '6:0.00%', '7:0.00%', '8:0.00%', '9:0.00%']
                                          0msec<-
                                          ->0msec
                                                     -> Cluster 78, loss : 1.97, accuracy 29.84%, model from round 56
                                                     ['0:74.20%', '1:45.50%', '2:0.40%', '3:0.00%', '4:0.00%', '5:33.90%', '6:76.80%', '7:27.70%', '8:3.20%', '9:36.70%']
                                                                                              <-> Client 0, global : from 29.84% to 15.60%, local : from 1.40% to 95.00%, training time : 16200msec
                                                     Cluster 78, round 1, loss : 3.25, accuracy 15.60% <-
                                                     Time past : 16200msec
                                                     ['0:6.40%', '1:0.00%', '2:0.00%', '3:99.00%', '4:0.00%', '5:0.00%', '6:0.00%', '7:0.10%', '8:29.30%', '9:21.20%']
                                          0msec<-
                                          ->0msec
                                                     -> Cluster 50, loss : 1.97, accuracy 29.84%, model from round 56
                                                     ['0:74.20%', '1:45.50%', '2:0.40%', '3:0.00%', '4:0.00%', '5:33.90%', '6:76.80%', '7:27.70%', '8:3.20%', '9:36.70%']
                                                                                              <-> Client 0, global : from 29.84% to 10.89%, local : from 25.95% to 95.01%, training time : 16200msec
                                                     Cluster 50, round 1, loss : 3.93, accuracy 10.89% <-
                                                     Time past : 16200msec
                                                     ['0:6.10%', '1:0.20%', '2:0.00%', '3:0.00%', '4:0.00%', '5:0.00%', '6:0.00%', '7:100.00%', '8:0.00%', '9:2.60%']
                                          0msec<-
                                          ->0msec
                                                     -> Cluster 71, loss : 1.97, accuracy 29.84%, model from round 56
                                                     ['0:74.20%', '1:45.50%', '2:0.40%', '3:0.00%', '4:0.00%', '5:33.90%', '6:76.80%', '7:27.70%', '8:3.20%', '9:36.70%']
                                                                                              <-> Client 0, global : from 29.84% to 11.23%, local : from 1.40% to 95.40%, training time : 16200msec
                                                     Cluster 71, round 1, loss : 4.16, accuracy 11.23% <-
                                                     Time past : 16200msec
                                                     ['0:0.40%', '1:0.70%', '2:0.00%', '3:100.00%', '4:0.00%', '5:0.00%', '6:0.00%', '7:0.00%', '8:6.00%', '9:5.20%']
                                          0msec<-
                                          ->0msec
                                                     -> Cluster 36, loss : 1.97, accuracy 29.84%, model from round 56
                                                     ['0:74.20%', '1:45.50%', '2:0.40%', '3:0.00%', '4:0.00%', '5:33.90%', '6:76.80%', '7:27.70%', '8:3.20%', '9:36.70%']
                                                                                              <-> Client 0, global : from 29.84% to 11.72%, local : from 45.20% to 94.80%, training time : 8200msec
                                                     Cluster 36, round 1, loss : 2.91, accuracy 11.72% <-
                                                     Time past : 8200msec
                                                     ['0:5.80%', '1:99.70%', '2:0.00%', '3:0.30%', '4:0.00%', '5:0.30%', '6:0.00%', '7:1.80%', '8:9.30%', '9:0.00%']
                                          0msec<-
                                          ->0msec
                                                     -> Cluster 16, loss : 1.97, accuracy 29.84%, model from round 56
                                                     ['0:74.20%', '1:45.50%', '2:0.40%', '3:0.00%', '4:0.00%', '5:33.90%', '6:76.80%', '7:27.70%', '8:3.20%', '9:36.70%']
                                                                                              <-> Client 0, global : from 29.84% to 11.83%, local : from 38.20% to 95.00%, training time : 8200msec
                                                     Cluster 16, round 1, loss : 3.48, accuracy 11.83% <-
                                                     Time past : 8200msec
                                                     ['0:0.00%', '1:0.00%', '2:0.00%', '3:3.50%', '4:0.20%', '5:1.90%', '6:12.90%', '7:0.00%', '8:0.40%', '9:99.40%']
                                          0msec<-
                                          ->0msec
                                                     -> Cluster 53, loss : 1.97, accuracy 29.84%, model from round 56
                                                     ['0:74.20%', '1:45.50%', '2:0.40%', '3:0.00%', '4:0.00%', '5:33.90%', '6:76.80%', '7:27.70%', '8:3.20%', '9:36.70%']
                                                                                              <-> Client 0, global : from 29.84% to 11.78%, local : from 25.60% to 95.20%, training time : 16200msec
                                                     Cluster 53, round 1, loss : 3.74, accuracy 11.78% <-
                                                     Time past : 16200msec
                                                     ['0:8.80%', '1:0.50%', '2:0.00%', '3:0.00%', '4:0.00%', '5:0.00%', '6:0.00%', '7:99.90%', '8:8.30%', '9:0.30%']
                                          0msec<-
Central server round 56, loss : 1.90, accuracy :31.52%
Time past: 907200msec
['0:40.10%', '1:45.10%', '2:1.90%', '3:42.00%', '4:0.30%', '5:7.80%', '6:48.90%', '7:48.30%', '8:22.40%', '9:58.40%']
                                          ->0msec
                                                     -> Cluster 36, loss : 1.90, accuracy 31.52%, model from round 57
                                                     ['0:40.10%', '1:45.10%', '2:1.90%', '3:42.00%', '4:0.30%', '5:7.80%', '6:48.90%', '7:48.30%', '8:22.40%', '9:58.40%']
                                                                                              <-> Client 0, global : from 31.52% to 10.00%, local : from 43.40% to 95.00%, training time : 8200msec
                                                     Cluster 36, round 1, loss : 4.26, accuracy 10.00% <-
                                                     Time past : 8200msec
                                                     ['0:0.00%', '1:100.00%', '2:0.00%', '3:0.00%', '4:0.00%', '5:0.00%', '6:0.00%', '7:0.00%', '8:0.00%', '9:0.00%']
                                          0msec<-
                                          ->0msec
                                                     -> Cluster 88, loss : 1.90, accuracy 31.52%, model from round 57
                                                     ['0:40.10%', '1:45.10%', '2:1.90%', '3:42.00%', '4:0.30%', '5:7.80%', '6:48.90%', '7:48.30%', '8:22.40%', '9:58.40%']
                                                                                              <-> Client 0, global : from 31.52% to 13.85%, local : from 6.61% to 96.19%, training time : 16200msec
                                                     Cluster 88, round 1, loss : 4.05, accuracy 13.85% <-
                                                     Time past : 16200msec
                                                     ['0:1.60%', '1:0.30%', '2:0.00%', '3:0.00%', '4:0.00%', '5:99.40%', '6:0.00%', '7:1.00%', '8:31.30%', '9:4.90%']
                                          0msec<-
                                          ->0msec
                                                     -> Cluster 8, loss : 1.90, accuracy 31.52%, model from round 57
                                                     ['0:40.10%', '1:45.10%', '2:1.90%', '3:42.00%', '4:0.30%', '5:7.80%', '6:48.90%', '7:48.30%', '8:22.40%', '9:58.40%']
                                                                                              <-> Client 0, global : from 31.52% to 13.62%, local : from 50.00% to 95.20%, training time : 8200msec
                                                     Cluster 8, round 1, loss : 3.62, accuracy 13.62% <-
                                                     Time past : 8200msec
                                                     ['0:7.50%', '1:2.60%', '2:0.00%', '3:0.00%', '4:0.00%', '5:0.00%', '6:100.00%', '7:0.00%', '8:15.30%', '9:10.80%']
                                          0msec<-
                                          ->0msec
                                                     -> Cluster 55, loss : 1.90, accuracy 31.52%, model from round 57
                                                     ['0:40.10%', '1:45.10%', '2:1.90%', '3:42.00%', '4:0.30%', '5:7.80%', '6:48.90%', '7:48.30%', '8:22.40%', '9:58.40%']
                                                                                              <-> Client 0, global : from 31.52% to 11.00%, local : from 50.20% to 95.20%, training time : 16200msec
                                                     Cluster 55, round 1, loss : 3.95, accuracy 11.00% <-
                                                     Time past : 16200msec
                                                     ['0:3.20%', '1:1.60%', '2:0.00%', '3:0.00%', '4:0.00%', '5:0.00%', '6:0.00%', '7:99.90%', '8:3.00%', '9:2.30%']
                                          0msec<-
                                          ->0msec
                                                     -> Cluster 34, loss : 1.90, accuracy 31.52%, model from round 57
                                                     ['0:40.10%', '1:45.10%', '2:1.90%', '3:42.00%', '4:0.30%', '5:7.80%', '6:48.90%', '7:48.30%', '8:22.40%', '9:58.40%']
                                                                                              <-> Client 0, global : from 31.52% to 10.01%, local : from 45.60% to 95.00%, training time : 8200msec
                                                     Cluster 34, round 1, loss : 3.85, accuracy 10.01% <-
                                                     Time past : 8200msec
                                                     ['0:0.00%', '1:100.00%', '2:0.00%', '3:0.00%', '4:0.00%', '5:0.10%', '6:0.00%', '7:0.00%', '8:0.00%', '9:0.00%']
                                          0msec<-
                                          ->0msec
                                                     -> Cluster 61, loss : 1.90, accuracy 31.52%, model from round 57
                                                     ['0:40.10%', '1:45.10%', '2:1.90%', '3:42.00%', '4:0.30%', '5:7.80%', '6:48.90%', '7:48.30%', '8:22.40%', '9:58.40%']
                                                                                              <-> Client 0, global : from 31.52% to 15.18%, local : from 24.55% to 95.01%, training time : 16200msec
                                                     Cluster 61, round 1, loss : 3.14, accuracy 15.18% <-
                                                     Time past : 16200msec
                                                     ['0:0.00%', '1:0.00%', '2:0.00%', '3:1.70%', '4:41.90%', '5:6.20%', '6:0.00%', '7:2.60%', '8:99.20%', '9:0.20%']
                                          0msec<-
                                          ->0msec
                                                     -> Cluster 59, loss : 1.90, accuracy 31.52%, model from round 57
                                                     ['0:40.10%', '1:45.10%', '2:1.90%', '3:42.00%', '4:0.30%', '5:7.80%', '6:48.90%', '7:48.30%', '8:22.40%', '9:58.40%']
                                                                                              <-> Client 0, global : from 31.52% to 10.92%, local : from 49.60% to 95.20%, training time : 16200msec
                                                     Cluster 59, round 1, loss : 4.26, accuracy 10.92% <-
                                                     Time past : 16200msec
                                                     ['0:2.20%', '1:0.20%', '2:0.00%', '3:0.00%', '4:0.00%', '5:0.00%', '6:0.00%', '7:100.00%', '8:6.80%', '9:0.00%']
                                          0msec<-
                                          ->0msec
                                                     -> Cluster 37, loss : 1.90, accuracy 31.52%, model from round 57
                                                     ['0:40.10%', '1:45.10%', '2:1.90%', '3:42.00%', '4:0.30%', '5:7.80%', '6:48.90%', '7:48.30%', '8:22.40%', '9:58.40%']
                                                                                              <-> Client 0, global : from 31.52% to 10.37%, local : from 42.40% to 95.40%, training time : 8200msec
                                                     Cluster 37, round 1, loss : 3.20, accuracy 10.37% <-
                                                     Time past : 8200msec
                                                     ['0:0.00%', '1:99.90%', '2:0.00%', '3:0.00%', '4:0.00%', '5:3.30%', '6:0.10%', '7:0.40%', '8:0.00%', '9:0.00%']
                                          0msec<-
                                          ->0msec
                                                     -> Cluster 69, loss : 1.90, accuracy 31.52%, model from round 57
                                                     ['0:40.10%', '1:45.10%', '2:1.90%', '3:42.00%', '4:0.30%', '5:7.80%', '6:48.90%', '7:48.30%', '8:22.40%', '9:58.40%']
                                                                                              <-> Client 0, global : from 31.52% to 17.32%, local : from 20.80% to 95.40%, training time : 16200msec
                                                     Cluster 69, round 1, loss : 2.98, accuracy 17.32% <-
                                                     Time past : 16200msec
                                                     ['0:0.00%', '1:0.00%', '2:0.00%', '3:0.00%', '4:31.90%', '5:0.00%', '6:37.70%', '7:4.60%', '8:99.00%', '9:0.00%']
                                          0msec<-
                                          ->0msec
                                                     -> Cluster 71, loss : 1.90, accuracy 31.52%, model from round 57
                                                     ['0:40.10%', '1:45.10%', '2:1.90%', '3:42.00%', '4:0.30%', '5:7.80%', '6:48.90%', '7:48.30%', '8:22.40%', '9:58.40%']
                                                                                              <-> Client 0, global : from 31.52% to 11.05%, local : from 42.20% to 95.40%, training time : 16200msec
                                                     Cluster 71, round 1, loss : 4.27, accuracy 11.05% <-
                                                     Time past : 16200msec
                                                     ['0:0.40%', '1:0.40%', '2:0.00%', '3:100.00%', '4:0.00%', '5:0.00%', '6:0.00%', '7:0.00%', '8:4.20%', '9:5.50%']
                                          0msec<-
Central server round 57, loss : 1.95, accuracy :28.69%
Time past: 923400msec
['0:7.40%', '1:68.40%', '2:0.00%', '3:13.20%', '4:1.00%', '5:20.20%', '6:50.50%', '7:55.10%', '8:60.40%', '9:10.70%']
                                          ->0msec
                                                     -> Cluster 82, loss : 1.95, accuracy 28.69%, model from round 58
                                                     ['0:7.40%', '1:68.40%', '2:0.00%', '3:13.20%', '4:1.00%', '5:20.20%', '6:50.50%', '7:55.10%', '8:60.40%', '9:10.70%']
                                                                                              <-> Client 0, global : from 28.69% to 12.24%, local : from 19.20% to 95.60%, training time : 16200msec
                                                     Cluster 82, round 1, loss : 4.30, accuracy 12.24% <-
                                                     Time past : 16200msec
                                                     ['0:5.10%', '1:0.00%', '2:0.00%', '3:0.00%', '4:0.00%', '5:99.90%', '6:0.00%', '7:0.20%', '8:17.20%', '9:0.00%']
                                          0msec<-
                                          ->0msec
                                                     -> Cluster 1, loss : 1.95, accuracy 28.69%, model from round 58
                                                     ['0:7.40%', '1:68.40%', '2:0.00%', '3:13.20%', '4:1.00%', '5:20.20%', '6:50.50%', '7:55.10%', '8:60.40%', '9:10.70%']
                                                                                              <-> Client 0, global : from 28.69% to 14.98%, local : from 46.71% to 95.01%, training time : 8200msec
                                                     Cluster 1, round 1, loss : 3.49, accuracy 14.98% <-
                                                     Time past : 8200msec
                                                     ['0:4.40%', '1:0.50%', '2:0.00%', '3:0.00%', '4:0.00%', '5:0.00%', '6:99.90%', '7:0.00%', '8:43.50%', '9:1.50%']
                                          0msec<-
                                          ->0msec
                                                     -> Cluster 18, loss : 1.95, accuracy 28.69%, model from round 58
                                                     ['0:7.40%', '1:68.40%', '2:0.00%', '3:13.20%', '4:1.00%', '5:20.20%', '6:50.50%', '7:55.10%', '8:60.40%', '9:10.70%']
                                                                                              <-> Client 0, global : from 28.69% to 11.22%, local : from 12.20% to 95.00%, training time : 8200msec
                                                     Cluster 18, round 1, loss : 3.13, accuracy 11.22% <-
                                                     Time past : 8200msec
                                                     ['0:0.20%', '1:0.00%', '2:0.10%', '3:2.00%', '4:0.70%', '5:8.30%', '6:0.10%', '7:1.00%', '8:0.10%', '9:99.70%']
                                          0msec<-
                                          ->0msec
                                                     -> Cluster 50, loss : 1.95, accuracy 28.69%, model from round 58
                                                     ['0:7.40%', '1:68.40%', '2:0.00%', '3:13.20%', '4:1.00%', '5:20.20%', '6:50.50%', '7:55.10%', '8:60.40%', '9:10.70%']
                                                                                              <-> Client 0, global : from 28.69% to 10.56%, local : from 52.89% to 94.81%, training time : 16200msec
                                                     Cluster 50, round 1, loss : 4.21, accuracy 10.56% <-
                                                     Time past : 16200msec
                                                     ['0:4.10%', '1:0.10%', '2:0.00%', '3:0.00%', '4:0.00%', '5:0.10%', '6:0.00%', '7:100.00%', '8:0.30%', '9:1.00%']
                                          0msec<-
                                          ->0msec
                                                     -> Cluster 6, loss : 1.95, accuracy 28.69%, model from round 58
                                                     ['0:7.40%', '1:68.40%', '2:0.00%', '3:13.20%', '4:1.00%', '5:20.20%', '6:50.50%', '7:55.10%', '8:60.40%', '9:10.70%']
                                                                                              <-> Client 0, global : from 28.69% to 18.08%, local : from 48.00% to 94.80%, training time : 8200msec
                                                     Cluster 6, round 1, loss : 3.01, accuracy 18.08% <-
                                                     Time past : 8200msec
                                                     ['0:31.60%', '1:8.00%', '2:0.00%', '3:0.00%', '4:0.00%', '5:0.00%', '6:99.70%', '7:5.20%', '8:22.10%', '9:14.20%']
                                          0msec<-
                                          ->0msec
                                                     -> Cluster 23, loss : 1.95, accuracy 28.69%, model from round 58
                                                     ['0:7.40%', '1:68.40%', '2:0.00%', '3:13.20%', '4:1.00%', '5:20.20%', '6:50.50%', '7:55.10%', '8:60.40%', '9:10.70%']
                                                                                              <-> Client 0, global : from 28.69% to 13.13%, local : from 2.60% to 94.80%, training time : 8200msec
                                                     Cluster 23, round 1, loss : 3.38, accuracy 13.13% <-
                                                     Time past : 8200msec
                                                     ['0:17.40%', '1:2.50%', '2:0.00%', '3:0.00%', '4:99.00%', '5:0.00%', '6:0.00%', '7:0.00%', '8:12.40%', '9:0.00%']
                                          0msec<-
                                          ->0msec
                                                     -> Cluster 97, loss : 1.95, accuracy 28.69%, model from round 58
                                                     ['0:7.40%', '1:68.40%', '2:0.00%', '3:13.20%', '4:1.00%', '5:20.20%', '6:50.50%', '7:55.10%', '8:60.40%', '9:10.70%']
                                                                                              <-> Client 0, global : from 28.69% to 10.00%, local : from 9.22% to 95.19%, training time : 16200msec
                                                     Cluster 97, round 1, loss : 4.50, accuracy 10.00% <-
                                                     Time past : 16200msec
                                                     ['0:100.00%', '1:0.00%', '2:0.00%', '3:0.00%', '4:0.00%', '5:0.00%', '6:0.00%', '7:0.00%', '8:0.00%', '9:0.00%']
                                          0msec<-
                                          ->0msec
                                                     -> Cluster 80, loss : 1.95, accuracy 28.69%, model from round 58
                                                     ['0:7.40%', '1:68.40%', '2:0.00%', '3:13.20%', '4:1.00%', '5:20.20%', '6:50.50%', '7:55.10%', '8:60.40%', '9:10.70%']
                                                                                              <-> Client 0, global : from 28.69% to 12.49%, local : from 21.60% to 95.40%, training time : 16200msec
                                                     Cluster 80, round 1, loss : 4.03, accuracy 12.49% <-
                                                     Time past : 16200msec
                                                     ['0:0.00%', '1:9.10%', '2:0.00%', '3:0.00%', '4:0.00%', '5:99.70%', '6:0.00%', '7:0.30%', '8:11.90%', '9:3.90%']
                                          0msec<-
                                          ->0msec
                                                     -> Cluster 22, loss : 1.95, accuracy 28.69%, model from round 58
                                                     ['0:7.40%', '1:68.40%', '2:0.00%', '3:13.20%', '4:1.00%', '5:20.20%', '6:50.50%', '7:55.10%', '8:60.40%', '9:10.70%']
                                                                                              <-> Client 0, global : from 28.69% to 10.64%, local : from 2.00% to 94.80%, training time : 8200msec
                                                     Cluster 22, round 1, loss : 3.90, accuracy 10.64% <-
                                                     Time past : 8200msec
                                                     ['0:0.20%', '1:0.00%', '2:0.00%', '3:0.00%', '4:99.90%', '5:0.00%', '6:0.00%', '7:0.00%', '8:5.40%', '9:0.90%']
                                          0msec<-
                                          ->0msec
                                                     -> Cluster 39, loss : 1.95, accuracy 28.69%, model from round 58
                                                     ['0:7.40%', '1:68.40%', '2:0.00%', '3:13.20%', '4:1.00%', '5:20.20%', '6:50.50%', '7:55.10%', '8:60.40%', '9:10.70%']
                                                                                              <-> Client 0, global : from 28.69% to 10.22%, local : from 68.00% to 95.00%, training time : 8200msec
                                                     Cluster 39, round 1, loss : 4.13, accuracy 10.22% <-
                                                     Time past : 8200msec
                                                     ['0:1.20%', '1:99.90%', '2:0.00%', '3:0.00%', '4:0.00%', '5:0.30%', '6:0.00%', '7:0.10%', '8:0.70%', '9:0.00%']
                                          0msec<-
Central server round 58, loss : 1.94, accuracy :32.24%
Time past: 939600msec
['0:62.30%', '1:36.10%', '2:0.00%', '3:0.10%', '4:20.30%', '5:55.80%', '6:58.00%', '7:27.50%', '8:23.00%', '9:39.30%']
                                          ->0msec
                                                     -> Cluster 23, loss : 1.94, accuracy 32.24%, model from round 59
                                                     ['0:62.30%', '1:36.10%', '2:0.00%', '3:0.10%', '4:20.30%', '5:55.80%', '6:58.00%', '7:27.50%', '8:23.00%', '9:39.30%']
                                                                                              <-> Client 0, global : from 32.24% to 10.93%, local : from 20.20% to 95.00%, training time : 8200msec
                                                     Cluster 23, round 1, loss : 4.22, accuracy 10.93% <-
                                                     Time past : 8200msec
                                                     ['0:5.10%', '1:0.50%', '2:0.00%', '3:0.00%', '4:99.90%', '5:0.00%', '6:0.00%', '7:0.00%', '8:3.80%', '9:0.00%']
                                          0msec<-
                                          ->0msec
                                                     -> Cluster 3, loss : 1.94, accuracy 32.24%, model from round 59
                                                     ['0:62.30%', '1:36.10%', '2:0.00%', '3:0.10%', '4:20.30%', '5:55.80%', '6:58.00%', '7:27.50%', '8:23.00%', '9:39.30%']
                                                                                              <-> Client 0, global : from 32.24% to 14.53%, local : from 54.40% to 95.60%, training time : 8200msec
                                                     Cluster 3, round 1, loss : 3.71, accuracy 14.53% <-
                                                     Time past : 8200msec
                                                     ['0:7.20%', '1:2.60%', '2:0.00%', '3:0.00%', '4:0.00%', '5:0.00%', '6:99.80%', '7:0.30%', '8:34.40%', '9:1.00%']
                                          0msec<-
                                          ->0msec
                                                     -> Cluster 35, loss : 1.94, accuracy 32.24%, model from round 59
                                                     ['0:62.30%', '1:36.10%', '2:0.00%', '3:0.10%', '4:20.30%', '5:55.80%', '6:58.00%', '7:27.50%', '8:23.00%', '9:39.30%']
                                                                                              <-> Client 0, global : from 32.24% to 10.00%, local : from 35.40% to 95.00%, training time : 8200msec
                                                     Cluster 35, round 1, loss : 4.17, accuracy 10.00% <-
                                                     Time past : 8200msec
                                                     ['0:0.00%', '1:100.00%', '2:0.00%', '3:0.00%', '4:0.00%', '5:0.00%', '6:0.00%', '7:0.00%', '8:0.00%', '9:0.00%']
                                          0msec<-
                                          ->0msec
                                                     -> Cluster 13, loss : 1.94, accuracy 32.24%, model from round 59
                                                     ['0:62.30%', '1:36.10%', '2:0.00%', '3:0.10%', '4:20.30%', '5:55.80%', '6:58.00%', '7:27.50%', '8:23.00%', '9:39.30%']
                                                                                              <-> Client 0, global : from 32.24% to 10.97%, local : from 41.20% to 95.00%, training time : 8200msec
                                                     Cluster 13, round 1, loss : 3.29, accuracy 10.97% <-
                                                     Time past : 8200msec
                                                     ['0:0.10%', '1:0.00%', '2:0.00%', '3:0.10%', '4:1.10%', '5:8.60%', '6:0.10%', '7:0.00%', '8:0.00%', '9:99.70%']
                                          0msec<-
                                          ->0msec
                                                     -> Cluster 16, loss : 1.94, accuracy 32.24%, model from round 59
                                                     ['0:62.30%', '1:36.10%', '2:0.00%', '3:0.10%', '4:20.30%', '5:55.80%', '6:58.00%', '7:27.50%', '8:23.00%', '9:39.30%']
                                                                                              <-> Client 0, global : from 32.24% to 10.89%, local : from 40.80% to 95.00%, training time : 8200msec
                                                     Cluster 16, round 1, loss : 3.67, accuracy 10.89% <-
                                                     Time past : 8200msec
                                                     ['0:0.00%', '1:0.00%', '2:0.00%', '3:3.00%', '4:0.70%', '5:1.00%', '6:4.10%', '7:0.00%', '8:0.50%', '9:99.60%']
                                          0msec<-
                                          ->0msec
                                                     -> Cluster 14, loss : 1.94, accuracy 32.24%, model from round 59
                                                     ['0:62.30%', '1:36.10%', '2:0.00%', '3:0.10%', '4:20.30%', '5:55.80%', '6:58.00%', '7:27.50%', '8:23.00%', '9:39.30%']
                                                                                              <-> Client 0, global : from 32.24% to 10.15%, local : from 37.80% to 95.00%, training time : 8200msec
                                                     Cluster 14, round 1, loss : 4.33, accuracy 10.15% <-
                                                     Time past : 8200msec
                                                     ['0:0.10%', '1:0.00%', '2:0.00%', '3:0.00%', '4:0.30%', '5:1.20%', '6:0.00%', '7:0.00%', '8:0.00%', '9:99.90%']
                                          0msec<-
                                          ->0msec
                                                     -> Cluster 18, loss : 1.94, accuracy 32.24%, model from round 59
                                                     ['0:62.30%', '1:36.10%', '2:0.00%', '3:0.10%', '4:20.30%', '5:55.80%', '6:58.00%', '7:27.50%', '8:23.00%', '9:39.30%']
                                                                                              <-> Client 0, global : from 32.24% to 10.39%, local : from 41.40% to 95.00%, training time : 8200msec
                                                     Cluster 18, round 1, loss : 3.90, accuracy 10.39% <-
                                                     Time past : 8200msec
                                                     ['0:0.00%', '1:0.00%', '2:0.00%', '3:0.70%', '4:0.30%', '5:2.90%', '6:0.00%', '7:0.10%', '8:0.00%', '9:99.90%']
                                          0msec<-
                                          ->0msec
                                                     -> Cluster 37, loss : 1.94, accuracy 32.24%, model from round 59
                                                     ['0:62.30%', '1:36.10%', '2:0.00%', '3:0.10%', '4:20.30%', '5:55.80%', '6:58.00%', '7:27.50%', '8:23.00%', '9:39.30%']
                                                                                              <-> Client 0, global : from 32.24% to 10.10%, local : from 33.60% to 95.20%, training time : 8200msec
                                                     Cluster 37, round 1, loss : 3.51, accuracy 10.10% <-
                                                     Time past : 8200msec
                                                     ['0:0.00%', '1:99.90%', '2:0.00%', '3:0.00%', '4:0.00%', '5:0.90%', '6:0.00%', '7:0.10%', '8:0.10%', '9:0.00%']
                                          0msec<-
                                          ->0msec
                                                     -> Cluster 49, loss : 1.94, accuracy 32.24%, model from round 59
                                                     ['0:62.30%', '1:36.10%', '2:0.00%', '3:0.10%', '4:20.30%', '5:55.80%', '6:58.00%', '7:27.50%', '8:23.00%', '9:39.30%']
                                                                                              <-> Client 0, global : from 32.24% to 11.02%, local : from 1.40% to 94.80%, training time : 8200msec
                                                     Cluster 49, round 1, loss : 3.94, accuracy 11.02% <-
                                                     Time past : 8200msec
                                                     ['0:0.00%', '1:0.00%', '2:99.70%', '3:0.00%', '4:0.00%', '5:0.00%', '6:0.00%', '7:0.00%', '8:1.60%', '9:8.90%']
                                          0msec<-
                                          ->0msec
                                                     -> Cluster 45, loss : 1.94, accuracy 32.24%, model from round 59
                                                     ['0:62.30%', '1:36.10%', '2:0.00%', '3:0.10%', '4:20.30%', '5:55.80%', '6:58.00%', '7:27.50%', '8:23.00%', '9:39.30%']
                                                                                              <-> Client 0, global : from 32.24% to 10.00%, local : from 1.60% to 95.00%, training time : 8200msec
                                                     Cluster 45, round 1, loss : 4.53, accuracy 10.00% <-
                                                     Time past : 8200msec
                                                     ['0:0.00%', '1:0.00%', '2:100.00%', '3:0.00%', '4:0.00%', '5:0.00%', '6:0.00%', '7:0.00%', '8:0.00%', '9:0.00%']
                                          0msec<-
Central server round 59, loss : 2.09, accuracy :26.07%
Time past: 947800msec
['0:17.20%', '1:26.10%', '2:35.00%', '3:1.80%', '4:20.10%', '5:12.70%', '6:44.20%', '7:1.30%', '8:17.50%', '9:84.80%']
                                          ->0msec
                                                     -> Cluster 13, loss : 2.09, accuracy 26.07%, model from round 60
                                                     ['0:17.20%', '1:26.10%', '2:35.00%', '3:1.80%', '4:20.10%', '5:12.70%', '6:44.20%', '7:1.30%', '8:17.50%', '9:84.80%']
                                                                                              <-> Client 0, global : from 26.07% to 10.36%, local : from 80.80% to 95.00%, training time : 8200msec
                                                     Cluster 13, round 1, loss : 3.84, accuracy 10.36% <-
                                                     Time past : 8200msec
                                                     ['0:0.00%', '1:0.00%', '2:0.00%', '3:0.10%', '4:0.20%', '5:3.30%', '6:0.10%', '7:0.00%', '8:0.00%', '9:99.90%']
                                          0msec<-
                                          ->0msec
                                                     -> Cluster 90, loss : 2.09, accuracy 26.07%, model from round 60
                                                     ['0:17.20%', '1:26.10%', '2:35.00%', '3:1.80%', '4:20.10%', '5:12.70%', '6:44.20%', '7:1.30%', '8:17.50%', '9:84.80%']
                                                                                              <-> Client 0, global : from 26.07% to 10.00%, local : from 18.60% to 95.00%, training time : 16200msec
                                                     Cluster 90, round 1, loss : 4.32, accuracy 10.00% <-
                                                     Time past : 16200msec
                                                     ['0:100.00%', '1:0.00%', '2:0.00%', '3:0.00%', '4:0.00%', '5:0.00%', '6:0.00%', '7:0.00%', '8:0.00%', '9:0.00%']
                                          0msec<-
                                          ->0msec
                                                     -> Cluster 40, loss : 2.09, accuracy 26.07%, model from round 60
                                                     ['0:17.20%', '1:26.10%', '2:35.00%', '3:1.80%', '4:20.10%', '5:12.70%', '6:44.20%', '7:1.30%', '8:17.50%', '9:84.80%']
                                                                                              <-> Client 0, global : from 26.07% to 10.01%, local : from 33.13% to 95.01%, training time : 8200msec
                                                     Cluster 40, round 1, loss : 3.83, accuracy 10.01% <-
                                                     Time past : 8200msec
                                                     ['0:0.00%', '1:0.00%', '2:100.00%', '3:0.00%', '4:0.00%', '5:0.00%', '6:0.00%', '7:0.00%', '8:0.00%', '9:0.10%']
                                          0msec<-
                                          ->0msec
                                                     -> Cluster 60, loss : 2.09, accuracy 26.07%, model from round 60
                                                     ['0:17.20%', '1:26.10%', '2:35.00%', '3:1.80%', '4:20.10%', '5:12.70%', '6:44.20%', '7:1.30%', '8:17.50%', '9:84.80%']
                                                                                              <-> Client 0, global : from 26.07% to 14.08%, local : from 14.17% to 94.61%, training time : 16200msec
                                                     Cluster 60, round 1, loss : 2.85, accuracy 14.08% <-
                                                     Time past : 16200msec
                                                     ['0:0.00%', '1:0.30%', '2:0.20%', '3:0.50%', '4:0.00%', '5:1.40%', '6:27.50%', '7:11.00%', '8:99.90%', '9:0.00%']
                                          0msec<-
                                          ->0msec
                                                     -> Cluster 2, loss : 2.09, accuracy 26.07%, model from round 60
                                                     ['0:17.20%', '1:26.10%', '2:35.00%', '3:1.80%', '4:20.10%', '5:12.70%', '6:44.20%', '7:1.30%', '8:17.50%', '9:84.80%']
                                                                                              <-> Client 0, global : from 26.07% to 13.80%, local : from 39.00% to 95.20%, training time : 8200msec
                                                     Cluster 2, round 1, loss : 3.83, accuracy 13.80% <-
                                                     Time past : 8200msec
                                                     ['0:9.30%', '1:0.50%', '2:0.00%', '3:0.00%', '4:0.00%', '5:0.00%', '6:100.00%', '7:0.00%', '8:26.70%', '9:1.50%']
                                          0msec<-
                                          ->0msec
                                                     -> Cluster 94, loss : 2.09, accuracy 26.07%, model from round 60
                                                     ['0:17.20%', '1:26.10%', '2:35.00%', '3:1.80%', '4:20.10%', '5:12.70%', '6:44.20%', '7:1.30%', '8:17.50%', '9:84.80%']
                                                                                              <-> Client 0, global : from 26.07% to 10.00%, local : from 19.24% to 95.39%, training time : 16200msec
                                                     Cluster 94, round 1, loss : 3.74, accuracy 10.00% <-
                                                     Time past : 16200msec
                                                     ['0:100.00%', '1:0.00%', '2:0.00%', '3:0.00%', '4:0.00%', '5:0.00%', '6:0.00%', '7:0.00%', '8:0.00%', '9:0.00%']
                                          0msec<-
                                          ->0msec
                                                     -> Cluster 44, loss : 2.09, accuracy 26.07%, model from round 60
                                                     ['0:17.20%', '1:26.10%', '2:35.00%', '3:1.80%', '4:20.10%', '5:12.70%', '6:44.20%', '7:1.30%', '8:17.50%', '9:84.80%']
                                                                                              <-> Client 0, global : from 26.07% to 10.02%, local : from 32.60% to 95.00%, training time : 8200msec
                                                     Cluster 44, round 1, loss : 4.51, accuracy 10.02% <-
                                                     Time past : 8200msec
                                                     ['0:0.00%', '1:0.00%', '2:100.00%', '3:0.00%', '4:0.00%', '5:0.00%', '6:0.00%', '7:0.00%', '8:0.20%', '9:0.00%']
                                          0msec<-
                                          ->0msec
                                                     -> Cluster 67, loss : 2.09, accuracy 26.07%, model from round 60
                                                     ['0:17.20%', '1:26.10%', '2:35.00%', '3:1.80%', '4:20.10%', '5:12.70%', '6:44.20%', '7:1.30%', '8:17.50%', '9:84.80%']
                                                                                              <-> Client 0, global : from 26.07% to 12.43%, local : from 16.60% to 95.20%, training time : 16200msec
                                                     Cluster 67, round 1, loss : 3.61, accuracy 12.43% <-
                                                     Time past : 16200msec
                                                     ['0:0.00%', '1:0.30%', '2:0.20%', '3:0.00%', '4:0.00%', '5:0.00%', '6:22.10%', '7:1.70%', '8:100.00%', '9:0.00%']
                                          0msec<-
                                          ->0msec
                                                     -> Cluster 95, loss : 2.09, accuracy 26.07%, model from round 60
                                                     ['0:17.20%', '1:26.10%', '2:35.00%', '3:1.80%', '4:20.10%', '5:12.70%', '6:44.20%', '7:1.30%', '8:17.50%', '9:84.80%']
                                                                                              <-> Client 0, global : from 26.07% to 10.04%, local : from 19.24% to 95.19%, training time : 16200msec
                                                     Cluster 95, round 1, loss : 4.25, accuracy 10.04% <-
                                                     Time past : 16200msec
                                                     ['0:100.00%', '1:0.00%', '2:0.00%', '3:0.00%', '4:0.00%', '5:0.00%', '6:0.40%', '7:0.00%', '8:0.00%', '9:0.00%']
                                          0msec<-
                                          ->0msec
                                                     -> Cluster 56, loss : 2.09, accuracy 26.07%, model from round 60
                                                     ['0:17.20%', '1:26.10%', '2:35.00%', '3:1.80%', '4:20.10%', '5:12.70%', '6:44.20%', '7:1.30%', '8:17.50%', '9:84.80%']
                                                                                              <-> Client 0, global : from 26.07% to 10.78%, local : from 2.40% to 95.20%, training time : 16200msec
                                                     Cluster 56, round 1, loss : 4.48, accuracy 10.78% <-
                                                     Time past : 16200msec
                                                     ['0:0.00%', '1:0.00%', '2:0.00%', '3:0.00%', '4:0.00%', '5:0.00%', '6:0.00%', '7:99.90%', '8:7.90%', '9:0.00%']
                                          0msec<-
Central server round 60, loss : 2.00, accuracy :28.05%
Time past: 964000msec
['0:71.20%', '1:8.30%', '2:29.20%', '3:1.70%', '4:0.00%', '5:11.60%', '6:62.80%', '7:32.50%', '8:43.10%', '9:20.10%']
                                          ->0msec
                                                     -> Cluster 38, loss : 2.00, accuracy 28.05%, model from round 61
                                                     ['0:71.20%', '1:8.30%', '2:29.20%', '3:1.70%', '4:0.00%', '5:11.60%', '6:62.80%', '7:32.50%', '8:43.10%', '9:20.10%']
                                                                                              <-> Client 0, global : from 28.05% to 10.14%, local : from 9.20% to 95.20%, training time : 8200msec
                                                     Cluster 38, round 1, loss : 4.17, accuracy 10.14% <-
                                                     Time past : 8200msec
                                                     ['0:0.00%', '1:100.00%', '2:0.00%', '3:0.00%', '4:0.00%', '5:1.40%', '6:0.00%', '7:0.00%', '8:0.00%', '9:0.00%']
                                          0msec<-
                                          ->0msec
                                                     -> Cluster 21, loss : 2.00, accuracy 28.05%, model from round 61
                                                     ['0:71.20%', '1:8.30%', '2:29.20%', '3:1.70%', '4:0.00%', '5:11.60%', '6:62.80%', '7:32.50%', '8:43.10%', '9:20.10%']
                                                                                              <-> Client 0, global : from 28.05% to 10.34%, local : from 1.80% to 94.61%, training time : 8200msec
                                                     Cluster 21, round 1, loss : 4.00, accuracy 10.34% <-
                                                     Time past : 8200msec
                                                     ['0:0.10%', '1:0.00%', '2:0.00%', '3:0.00%', '4:99.90%', '5:0.00%', '6:0.00%', '7:0.00%', '8:3.40%', '9:0.00%']
                                          0msec<-
                                          ->0msec
                                                     -> Cluster 40, loss : 2.00, accuracy 28.05%, model from round 61
                                                     ['0:71.20%', '1:8.30%', '2:29.20%', '3:1.70%', '4:0.00%', '5:11.60%', '6:62.80%', '7:32.50%', '8:43.10%', '9:20.10%']
                                                                                              <-> Client 0, global : from 28.05% to 10.00%, local : from 29.54% to 94.81%, training time : 8200msec
                                                     Cluster 40, round 1, loss : 4.90, accuracy 10.00% <-
                                                     Time past : 8200msec
                                                     ['0:0.00%', '1:0.00%', '2:100.00%', '3:0.00%', '4:0.00%', '5:0.00%', '6:0.00%', '7:0.00%', '8:0.00%', '9:0.00%']
                                          0msec<-
                                          ->0msec
                                                     -> Cluster 34, loss : 2.00, accuracy 28.05%, model from round 61
                                                     ['0:71.20%', '1:8.30%', '2:29.20%', '3:1.70%', '4:0.00%', '5:11.60%', '6:62.80%', '7:32.50%', '8:43.10%', '9:20.10%']
                                                                                              <-> Client 0, global : from 28.05% to 10.22%, local : from 10.20% to 95.20%, training time : 8200msec
                                                     Cluster 34, round 1, loss : 3.27, accuracy 10.22% <-
                                                     Time past : 8200msec
                                                     ['0:0.00%', '1:99.80%', '2:0.00%', '3:0.00%', '4:1.10%', '5:1.10%', '6:0.10%', '7:0.10%', '8:0.00%', '9:0.00%']
                                          0msec<-
                                          ->0msec
                                                     -> Cluster 25, loss : 2.00, accuracy 28.05%, model from round 61
                                                     ['0:71.20%', '1:8.30%', '2:29.20%', '3:1.70%', '4:0.00%', '5:11.60%', '6:62.80%', '7:32.50%', '8:43.10%', '9:20.10%']
                                                                                              <-> Client 0, global : from 28.05% to 11.00%, local : from 1.80% to 95.20%, training time : 8200msec
                                                     Cluster 25, round 1, loss : 3.57, accuracy 11.00% <-
                                                     Time past : 8200msec
                                                     ['0:0.60%', '1:0.60%', '2:0.00%', '3:0.00%', '4:99.80%', '5:0.00%', '6:0.00%', '7:0.00%', '8:9.00%', '9:0.00%']
                                          0msec<-
                                          ->0msec
                                                     -> Cluster 16, loss : 2.00, accuracy 28.05%, model from round 61
                                                     ['0:71.20%', '1:8.30%', '2:29.20%', '3:1.70%', '4:0.00%', '5:11.60%', '6:62.80%', '7:32.50%', '8:43.10%', '9:20.10%']
                                                                                              <-> Client 0, global : from 28.05% to 10.54%, local : from 23.60% to 95.00%, training time : 8200msec
                                                     Cluster 16, round 1, loss : 3.84, accuracy 10.54% <-
                                                     Time past : 8200msec
                                                     ['0:0.00%', '1:0.00%', '2:0.00%', '3:1.90%', '4:0.10%', '5:0.90%', '6:2.30%', '7:0.00%', '8:0.50%', '9:99.70%']
                                          0msec<-
                                          ->0msec
                                                     -> Cluster 6, loss : 2.00, accuracy 28.05%, model from round 61
                                                     ['0:71.20%', '1:8.30%', '2:29.20%', '3:1.70%', '4:0.00%', '5:11.60%', '6:62.80%', '7:32.50%', '8:43.10%', '9:20.10%']
                                                                                              <-> Client 0, global : from 28.05% to 13.59%, local : from 59.20% to 95.20%, training time : 8200msec
                                                     Cluster 6, round 1, loss : 3.89, accuracy 13.59% <-
                                                     Time past : 8200msec
                                                     ['0:20.40%', '1:1.80%', '2:0.00%', '3:0.00%', '4:0.00%', '5:0.00%', '6:100.00%', '7:0.20%', '8:7.10%', '9:6.40%']
                                          0msec<-
                                          ->0msec
                                                     -> Cluster 77, loss : 2.00, accuracy 28.05%, model from round 61
                                                     ['0:71.20%', '1:8.30%', '2:29.20%', '3:1.70%', '4:0.00%', '5:11.60%', '6:62.80%', '7:32.50%', '8:43.10%', '9:20.10%']
                                                                                              <-> Client 0, global : from 28.05% to 11.22%, local : from 2.60% to 95.40%, training time : 16200msec
                                                     Cluster 77, round 1, loss : 4.56, accuracy 11.22% <-
                                                     Time past : 16200msec
                                                     ['0:0.00%', '1:0.10%', '2:0.00%', '3:100.00%', '4:0.00%', '5:0.00%', '6:0.00%', '7:0.00%', '8:12.10%', '9:0.00%']
                                          0msec<-
                                          ->0msec
                                                     -> Cluster 7, loss : 2.00, accuracy 28.05%, model from round 61
                                                     ['0:71.20%', '1:8.30%', '2:29.20%', '3:1.70%', '4:0.00%', '5:11.60%', '6:62.80%', '7:32.50%', '8:43.10%', '9:20.10%']
                                                                                              <-> Client 0, global : from 28.05% to 12.79%, local : from 55.60% to 95.20%, training time : 8200msec
                                                     Cluster 7, round 1, loss : 4.11, accuracy 12.79% <-
                                                     Time past : 8200msec
                                                     ['0:1.80%', '1:0.90%', '2:0.00%', '3:0.00%', '4:0.00%', '5:0.00%', '6:100.00%', '7:0.10%', '8:24.10%', '9:1.00%']
                                          0msec<-
                                          ->0msec
                                                     -> Cluster 52, loss : 2.00, accuracy 28.05%, model from round 61
                                                     ['0:71.20%', '1:8.30%', '2:29.20%', '3:1.70%', '4:0.00%', '5:11.60%', '6:62.80%', '7:32.50%', '8:43.10%', '9:20.10%']
                                                                                              <-> Client 0, global : from 28.05% to 13.45%, local : from 34.20% to 95.00%, training time : 16200msec
                                                     Cluster 52, round 1, loss : 3.36, accuracy 13.45% <-
                                                     Time past : 16200msec
                                                     ['0:4.00%', '1:0.90%', '2:0.00%', '3:0.20%', '4:0.00%', '5:0.00%', '6:0.00%', '7:99.00%', '8:29.50%', '9:0.90%']
                                          0msec<-
Central server round 61, loss : 1.87, accuracy :33.01%
Time past: 980200msec
['0:24.00%', '1:59.20%', '2:0.70%', '3:26.30%', '4:46.30%', '5:13.90%', '6:54.50%', '7:26.40%', '8:42.70%', '9:36.10%']
                                          ->0msec
                                                     -> Cluster 69, loss : 1.87, accuracy 33.01%, model from round 62
                                                     ['0:24.00%', '1:59.20%', '2:0.70%', '3:26.30%', '4:46.30%', '5:13.90%', '6:54.50%', '7:26.40%', '8:42.70%', '9:36.10%']
                                                                                              <-> Client 0, global : from 33.01% to 14.28%, local : from 44.40% to 96.20%, training time : 16200msec
                                                     Cluster 69, round 1, loss : 3.75, accuracy 14.28% <-
                                                     Time past : 16200msec
                                                     ['0:0.00%', '1:0.00%', '2:0.20%', '3:0.00%', '4:11.30%', '5:0.00%', '6:29.90%', '7:1.50%', '8:99.90%', '9:0.00%']
                                          0msec<-
                                          ->0msec
                                                     -> Cluster 74, loss : 1.87, accuracy 33.01%, model from round 62
                                                     ['0:24.00%', '1:59.20%', '2:0.70%', '3:26.30%', '4:46.30%', '5:13.90%', '6:54.50%', '7:26.40%', '8:42.70%', '9:36.10%']
                                                                                              <-> Client 0, global : from 33.01% to 10.47%, local : from 25.00% to 95.20%, training time : 16200msec
                                                     Cluster 74, round 1, loss : 4.43, accuracy 10.47% <-
                                                     Time past : 16200msec
                                                     ['0:0.00%', '1:0.00%', '2:0.00%', '3:100.00%', '4:0.00%', '5:0.00%', '6:0.00%', '7:0.00%', '8:4.70%', '9:0.00%']
                                          0msec<-
                                          ->0msec
                                                     -> Cluster 56, loss : 1.87, accuracy 33.01%, model from round 62
                                                     ['0:24.00%', '1:59.20%', '2:0.70%', '3:26.30%', '4:46.30%', '5:13.90%', '6:54.50%', '7:26.40%', '8:42.70%', '9:36.10%']
                                                                                              <-> Client 0, global : from 33.01% to 11.10%, local : from 24.00% to 95.20%, training time : 16200msec
                                                     Cluster 56, round 1, loss : 4.22, accuracy 11.10% <-
                                                     Time past : 16200msec
                                                     ['0:0.00%', '1:0.10%', '2:0.00%', '3:0.00%', '4:0.00%', '5:0.00%', '6:0.00%', '7:99.70%', '8:11.20%', '9:0.00%']
                                          0msec<-
                                          ->0msec
                                                     -> Cluster 41, loss : 1.87, accuracy 33.01%, model from round 62
                                                     ['0:24.00%', '1:59.20%', '2:0.70%', '3:26.30%', '4:46.30%', '5:13.90%', '6:54.50%', '7:26.40%', '8:42.70%', '9:36.10%']
                                                                                              <-> Client 0, global : from 33.01% to 10.55%, local : from 1.80% to 94.81%, training time : 8200msec
                                                     Cluster 41, round 1, loss : 3.80, accuracy 10.55% <-
                                                     Time past : 8200msec
                                                     ['0:0.00%', '1:0.00%', '2:99.90%', '3:0.00%', '4:0.00%', '5:0.00%', '6:0.00%', '7:0.00%', '8:5.20%', '9:0.40%']
                                          0msec<-
                                          ->0msec
                                                     -> Cluster 18, loss : 1.87, accuracy 33.01%, model from round 62
                                                     ['0:24.00%', '1:59.20%', '2:0.70%', '3:26.30%', '4:46.30%', '5:13.90%', '6:54.50%', '7:26.40%', '8:42.70%', '9:36.10%']
                                                                                              <-> Client 0, global : from 33.01% to 10.95%, local : from 36.20% to 95.20%, training time : 8200msec
                                                     Cluster 18, round 1, loss : 3.41, accuracy 10.95% <-
                                                     Time past : 8200msec
                                                     ['0:0.10%', '1:0.00%', '2:0.00%', '3:1.60%', '4:1.50%', '5:5.60%', '6:0.20%', '7:0.60%', '8:0.20%', '9:99.70%']
                                          0msec<-
                                          ->0msec
                                                     -> Cluster 75, loss : 1.87, accuracy 33.01%, model from round 62
                                                     ['0:24.00%', '1:59.20%', '2:0.70%', '3:26.30%', '4:46.30%', '5:13.90%', '6:54.50%', '7:26.40%', '8:42.70%', '9:36.10%']
                                                                                              <-> Client 0, global : from 33.01% to 10.27%, local : from 29.40% to 95.00%, training time : 16200msec
                                                     Cluster 75, round 1, loss : 4.14, accuracy 10.27% <-
                                                     Time past : 16200msec
                                                     ['0:0.00%', '1:0.10%', '2:0.00%', '3:100.00%', '4:0.00%', '5:0.00%', '6:0.00%', '7:0.00%', '8:2.60%', '9:0.00%']
                                          0msec<-
                                          ->0msec
                                                     -> Cluster 76, loss : 1.87, accuracy 33.01%, model from round 62
                                                     ['0:24.00%', '1:59.20%', '2:0.70%', '3:26.30%', '4:46.30%', '5:13.90%', '6:54.50%', '7:26.40%', '8:42.70%', '9:36.10%']
                                                                                              <-> Client 0, global : from 33.01% to 11.24%, local : from 26.20% to 95.40%, training time : 16200msec
                                                     Cluster 76, round 1, loss : 4.64, accuracy 11.24% <-
                                                     Time past : 16200msec
                                                     ['0:0.10%', '1:0.20%', '2:0.00%', '3:99.90%', '4:0.00%', '5:0.00%', '6:0.00%', '7:0.00%', '8:11.60%', '9:0.60%']
                                          0msec<-
                                          ->0msec
                                                     -> Cluster 27, loss : 1.87, accuracy 33.01%, model from round 62
                                                     ['0:24.00%', '1:59.20%', '2:0.70%', '3:26.30%', '4:46.30%', '5:13.90%', '6:54.50%', '7:26.40%', '8:42.70%', '9:36.10%']
                                                                                              <-> Client 0, global : from 33.01% to 10.88%, local : from 43.80% to 95.00%, training time : 8200msec
                                                     Cluster 27, round 1, loss : 3.67, accuracy 10.88% <-
                                                     Time past : 8200msec
                                                     ['0:0.00%', '1:1.30%', '2:0.00%', '3:0.00%', '4:99.90%', '5:0.00%', '6:0.00%', '7:0.00%', '8:5.10%', '9:2.50%']
                                          0msec<-
                                          ->0msec
                                                     -> Cluster 58, loss : 1.87, accuracy 33.01%, model from round 62
                                                     ['0:24.00%', '1:59.20%', '2:0.70%', '3:26.30%', '4:46.30%', '5:13.90%', '6:54.50%', '7:26.40%', '8:42.70%', '9:36.10%']
                                                                                              <-> Client 0, global : from 33.01% to 11.19%, local : from 25.20% to 95.00%, training time : 16200msec
                                                     Cluster 58, round 1, loss : 4.41, accuracy 11.19% <-
                                                     Time past : 16200msec
                                                     ['0:0.00%', '1:0.30%', '2:0.00%', '3:0.00%', '4:0.00%', '5:0.00%', '6:0.00%', '7:99.80%', '8:11.80%', '9:0.00%']
                                          0msec<-
                                          ->0msec
                                                     -> Cluster 64, loss : 1.87, accuracy 33.01%, model from round 62
                                                     ['0:24.00%', '1:59.20%', '2:0.70%', '3:26.30%', '4:46.30%', '5:13.90%', '6:54.50%', '7:26.40%', '8:42.70%', '9:36.10%']
                                                                                              <-> Client 0, global : from 33.01% to 11.60%, local : from 44.60% to 95.40%, training time : 16200msec
                                                     Cluster 64, round 1, loss : 4.03, accuracy 11.60% <-
                                                     Time past : 16200msec
                                                     ['0:0.00%', '1:0.00%', '2:0.00%', '3:0.00%', '4:7.60%', '5:0.00%', '6:2.40%', '7:6.00%', '8:100.00%', '9:0.00%']
                                          0msec<-
Central server round 62, loss : 2.03, accuracy :25.29%
Time past: 996400msec
['0:1.30%', '1:11.50%', '2:0.00%', '3:73.70%', '4:0.00%', '5:0.00%', '6:5.40%', '7:48.40%', '8:77.40%', '9:35.20%']
                                          ->0msec
                                                     -> Cluster 77, loss : 2.03, accuracy 25.29%, model from round 63
                                                     ['0:1.30%', '1:11.50%', '2:0.00%', '3:73.70%', '4:0.00%', '5:0.00%', '6:5.40%', '7:48.40%', '8:77.40%', '9:35.20%']
                                                                                              <-> Client 0, global : from 25.29% to 11.88%, local : from 70.40% to 95.80%, training time : 16200msec
                                                     Cluster 77, round 1, loss : 4.12, accuracy 11.88% <-
                                                     Time past : 16200msec
                                                     ['0:0.30%', '1:0.60%', '2:0.00%', '3:99.80%', '4:0.00%', '5:0.00%', '6:0.00%', '7:0.10%', '8:18.00%', '9:0.00%']
                                          0msec<-
                                          ->0msec
                                                     -> Cluster 64, loss : 2.03, accuracy 25.29%, model from round 63
                                                     ['0:1.30%', '1:11.50%', '2:0.00%', '3:73.70%', '4:0.00%', '5:0.00%', '6:5.40%', '7:48.40%', '8:77.40%', '9:35.20%']
                                                                                              <-> Client 0, global : from 25.29% to 11.80%, local : from 76.20% to 95.60%, training time : 16200msec
                                                     Cluster 64, round 1, loss : 3.97, accuracy 11.80% <-
                                                     Time past : 16200msec
                                                     ['0:0.00%', '1:0.00%', '2:0.00%', '3:0.00%', '4:5.20%', '5:0.00%', '6:2.90%', '7:9.90%', '8:100.00%', '9:0.00%']
                                          0msec<-
                                          ->0msec
                                                     -> Cluster 28, loss : 2.03, accuracy 25.29%, model from round 63
                                                     ['0:1.30%', '1:11.50%', '2:0.00%', '3:73.70%', '4:0.00%', '5:0.00%', '6:5.40%', '7:48.40%', '8:77.40%', '9:35.20%']
                                                                                              <-> Client 0, global : from 25.29% to 10.61%, local : from 2.20% to 94.80%, training time : 8200msec
                                                     Cluster 28, round 1, loss : 4.63, accuracy 10.61% <-
                                                     Time past : 8200msec
                                                     ['0:0.00%', '1:0.00%', '2:0.00%', '3:0.00%', '4:99.90%', '5:0.00%', '6:0.00%', '7:0.00%', '8:6.10%', '9:0.10%']
                                          0msec<-
                                          ->0msec
                                                     -> Cluster 93, loss : 2.03, accuracy 25.29%, model from round 63
                                                     ['0:1.30%', '1:11.50%', '2:0.00%', '3:73.70%', '4:0.00%', '5:0.00%', '6:5.40%', '7:48.40%', '8:77.40%', '9:35.20%']
                                                                                              <-> Client 0, global : from 25.29% to 10.01%, local : from 4.01% to 95.19%, training time : 16200msec
                                                     Cluster 93, round 1, loss : 3.57, accuracy 10.01% <-
                                                     Time past : 16200msec
                                                     ['0:100.00%', '1:0.00%', '2:0.00%', '3:0.00%', '4:0.00%', '5:0.00%', '6:0.10%', '7:0.00%', '8:0.00%', '9:0.00%']
                                          0msec<-
                                          ->0msec
                                                     -> Cluster 43, loss : 2.03, accuracy 25.29%, model from round 63
                                                     ['0:1.30%', '1:11.50%', '2:0.00%', '3:73.70%', '4:0.00%', '5:0.00%', '6:5.40%', '7:48.40%', '8:77.40%', '9:35.20%']
                                                                                              <-> Client 0, global : from 25.29% to 10.06%, local : from 1.20% to 95.00%, training time : 8200msec
                                                     Cluster 43, round 1, loss : 4.46, accuracy 10.06% <-
                                                     Time past : 8200msec
                                                     ['0:0.00%', '1:0.00%', '2:100.00%', '3:0.00%', '4:0.00%', '5:0.00%', '6:0.00%', '7:0.00%', '8:0.60%', '9:0.00%']
                                          0msec<-
                                          ->0msec
                                                     -> Cluster 82, loss : 2.03, accuracy 25.29%, model from round 63
                                                     ['0:1.30%', '1:11.50%', '2:0.00%', '3:73.70%', '4:0.00%', '5:0.00%', '6:5.40%', '7:48.40%', '8:77.40%', '9:35.20%']
                                                                                              <-> Client 0, global : from 25.29% to 14.31%, local : from 2.00% to 95.40%, training time : 16200msec
                                                     Cluster 82, round 1, loss : 3.90, accuracy 14.31% <-
                                                     Time past : 16200msec
                                                     ['0:13.30%', '1:0.00%', '2:0.00%', '3:0.00%', '4:0.00%', '5:99.60%', '6:0.00%', '7:0.50%', '8:29.50%', '9:0.20%']
                                          0msec<-
                                          ->0msec
                                                     -> Cluster 31, loss : 2.03, accuracy 25.29%, model from round 63
                                                     ['0:1.30%', '1:11.50%', '2:0.00%', '3:73.70%', '4:0.00%', '5:0.00%', '6:5.40%', '7:48.40%', '8:77.40%', '9:35.20%']
                                                                                              <-> Client 0, global : from 25.29% to 10.82%, local : from 11.38% to 94.81%, training time : 8200msec
                                                     Cluster 31, round 1, loss : 3.79, accuracy 10.82% <-
                                                     Time past : 8200msec
                                                     ['0:0.00%', '1:99.90%', '2:0.00%', '3:0.00%', '4:0.00%', '5:0.00%', '6:0.10%', '7:1.70%', '8:6.50%', '9:0.00%']
                                          0msec<-
                                          ->0msec
                                                     -> Cluster 36, loss : 2.03, accuracy 25.29%, model from round 63
                                                     ['0:1.30%', '1:11.50%', '2:0.00%', '3:73.70%', '4:0.00%', '5:0.00%', '6:5.40%', '7:48.40%', '8:77.40%', '9:35.20%']
                                                                                              <-> Client 0, global : from 25.29% to 10.44%, local : from 13.40% to 95.40%, training time : 8200msec
                                                     Cluster 36, round 1, loss : 3.30, accuracy 10.44% <-
                                                     Time past : 8200msec
                                                     ['0:1.40%', '1:99.90%', '2:0.00%', '3:0.60%', '4:0.00%', '5:0.10%', '6:0.00%', '7:1.40%', '8:1.00%', '9:0.00%']
                                          0msec<-
                                          ->0msec
                                                     -> Cluster 55, loss : 2.03, accuracy 25.29%, model from round 63
                                                     ['0:1.30%', '1:11.50%', '2:0.00%', '3:73.70%', '4:0.00%', '5:0.00%', '6:5.40%', '7:48.40%', '8:77.40%', '9:35.20%']
                                                                                              <-> Client 0, global : from 25.29% to 12.35%, local : from 47.60% to 95.60%, training time : 16200msec
                                                     Cluster 55, round 1, loss : 3.41, accuracy 12.35% <-
                                                     Time past : 16200msec
                                                     ['0:4.70%', '1:7.50%', '2:0.00%', '3:0.00%', '4:0.00%', '5:0.00%', '6:0.60%', '7:99.80%', '8:6.50%', '9:4.40%']
                                          0msec<-
                                          ->0msec
                                                     -> Cluster 34, loss : 2.03, accuracy 25.29%, model from round 63
                                                     ['0:1.30%', '1:11.50%', '2:0.00%', '3:73.70%', '4:0.00%', '5:0.00%', '6:5.40%', '7:48.40%', '8:77.40%', '9:35.20%']
                                                                                              <-> Client 0, global : from 25.29% to 10.06%, local : from 13.20% to 95.00%, training time : 8200msec
                                                     Cluster 34, round 1, loss : 3.38, accuracy 10.06% <-
                                                     Time past : 8200msec
                                                     ['0:0.00%', '1:100.00%', '2:0.00%', '3:0.00%', '4:0.10%', '5:0.30%', '6:0.10%', '7:0.10%', '8:0.00%', '9:0.00%']
                                          0msec<-
Central server round 63, loss : 1.89, accuracy :31.38%
Time past: 1012600msec
['0:34.10%', '1:68.20%', '2:2.80%', '3:22.50%', '4:21.50%', '5:21.50%', '6:32.80%', '7:49.80%', '8:56.60%', '9:4.00%']
                                          ->0msec
                                                     -> Cluster 70, loss : 1.89, accuracy 31.38%, model from round 64
                                                     ['0:34.10%', '1:68.20%', '2:2.80%', '3:22.50%', '4:21.50%', '5:21.50%', '6:32.80%', '7:49.80%', '8:56.60%', '9:4.00%']
                                                                                              <-> Client 0, global : from 31.38% to 10.58%, local : from 21.80% to 95.00%, training time : 16200msec
                                                     Cluster 70, round 1, loss : 3.97, accuracy 10.58% <-
                                                     Time past : 16200msec
                                                     ['0:0.60%', '1:0.00%', '2:0.00%', '3:100.00%', '4:0.00%', '5:0.00%', '6:0.00%', '7:0.00%', '8:5.20%', '9:0.00%']
                                          0msec<-
                                          ->0msec
                                                     -> Cluster 78, loss : 1.89, accuracy 31.38%, model from round 64
                                                     ['0:34.10%', '1:68.20%', '2:2.80%', '3:22.50%', '4:21.50%', '5:21.50%', '6:32.80%', '7:49.80%', '8:56.60%', '9:4.00%']
                                                                                              <-> Client 0, global : from 31.38% to 12.37%, local : from 22.40% to 95.40%, training time : 16200msec
                                                     Cluster 78, round 1, loss : 3.63, accuracy 12.37% <-
                                                     Time past : 16200msec
                                                     ['0:3.10%', '1:0.00%', '2:0.00%', '3:99.80%', '4:0.00%', '5:0.00%', '6:0.00%', '7:0.10%', '8:11.60%', '9:9.10%']
                                          0msec<-
                                          ->0msec
                                                     -> Cluster 99, loss : 1.89, accuracy 31.38%, model from round 64
                                                     ['0:34.10%', '1:68.20%', '2:2.80%', '3:22.50%', '4:21.50%', '5:21.50%', '6:32.80%', '7:49.80%', '8:56.60%', '9:4.00%']
                                                                                              <-> Client 0, global : from 31.38% to 10.20%, local : from 33.27% to 95.39%, training time : 16200msec
                                                     Cluster 99, round 1, loss : 3.48, accuracy 10.20% <-
                                                     Time past : 16200msec
                                                     ['0:100.00%', '1:0.00%', '2:0.00%', '3:0.00%', '4:0.00%', '5:1.70%', '6:0.30%', '7:0.00%', '8:0.00%', '9:0.00%']
                                          0msec<-
                                          ->0msec
                                                     -> Cluster 37, loss : 1.89, accuracy 31.38%, model from round 64
                                                     ['0:34.10%', '1:68.20%', '2:2.80%', '3:22.50%', '4:21.50%', '5:21.50%', '6:32.80%', '7:49.80%', '8:56.60%', '9:4.00%']
                                                                                              <-> Client 0, global : from 31.38% to 10.02%, local : from 67.60% to 95.20%, training time : 8200msec
                                                     Cluster 37, round 1, loss : 4.16, accuracy 10.02% <-
                                                     Time past : 8200msec
                                                     ['0:0.00%', '1:100.00%', '2:0.00%', '3:0.00%', '4:0.00%', '5:0.20%', '6:0.00%', '7:0.00%', '8:0.00%', '9:0.00%']
                                          0msec<-
                                          ->0msec
                                                     -> Cluster 7, loss : 1.89, accuracy 31.38%, model from round 64
                                                     ['0:34.10%', '1:68.20%', '2:2.80%', '3:22.50%', '4:21.50%', '5:21.50%', '6:32.80%', '7:49.80%', '8:56.60%', '9:4.00%']
                                                                                              <-> Client 0, global : from 31.38% to 14.71%, local : from 30.60% to 95.40%, training time : 8200msec
                                                     Cluster 7, round 1, loss : 3.60, accuracy 14.71% <-
                                                     Time past : 8200msec
                                                     ['0:2.20%', '1:7.60%', '2:0.00%', '3:0.00%', '4:0.00%', '5:0.00%', '6:99.90%', '7:0.70%', '8:34.70%', '9:2.00%']
                                          0msec<-
                                          ->0msec
                                                     -> Cluster 30, loss : 1.89, accuracy 31.38%, model from round 64
                                                     ['0:34.10%', '1:68.20%', '2:2.80%', '3:22.50%', '4:21.50%', '5:21.50%', '6:32.80%', '7:49.80%', '8:56.60%', '9:4.00%']
                                                                                              <-> Client 0, global : from 31.38% to 10.03%, local : from 67.86% to 94.81%, training time : 8200msec
                                                     Cluster 30, round 1, loss : 3.93, accuracy 10.03% <-
                                                     Time past : 8200msec
                                                     ['0:0.00%', '1:100.00%', '2:0.00%', '3:0.00%', '4:0.00%', '5:0.30%', '6:0.00%', '7:0.00%', '8:0.00%', '9:0.00%']
                                          0msec<-
                                          ->0msec
                                                     -> Cluster 48, loss : 1.89, accuracy 31.38%, model from round 64
                                                     ['0:34.10%', '1:68.20%', '2:2.80%', '3:22.50%', '4:21.50%', '5:21.50%', '6:32.80%', '7:49.80%', '8:56.60%', '9:4.00%']
                                                                                              <-> Client 0, global : from 31.38% to 10.00%, local : from 2.80% to 95.00%, training time : 8200msec
                                                     Cluster 48, round 1, loss : 4.44, accuracy 10.00% <-
                                                     Time past : 8200msec
                                                     ['0:0.00%', '1:0.00%', '2:99.90%', '3:0.00%', '4:0.00%', '5:0.00%', '6:0.00%', '7:0.00%', '8:0.00%', '9:0.10%']
                                          0msec<-
                                          ->0msec
                                                     -> Cluster 49, loss : 1.89, accuracy 31.38%, model from round 64
                                                     ['0:34.10%', '1:68.20%', '2:2.80%', '3:22.50%', '4:21.50%', '5:21.50%', '6:32.80%', '7:49.80%', '8:56.60%', '9:4.00%']
                                                                                              <-> Client 0, global : from 31.38% to 10.63%, local : from 4.00% to 94.80%, training time : 8200msec
                                                     Cluster 49, round 1, loss : 4.11, accuracy 10.63% <-
                                                     Time past : 8200msec
                                                     ['0:0.00%', '1:0.00%', '2:99.70%', '3:0.00%', '4:0.00%', '5:0.00%', '6:0.00%', '7:0.00%', '8:1.10%', '9:5.50%']
                                          0msec<-
                                          ->0msec
                                                     -> Cluster 27, loss : 1.89, accuracy 31.38%, model from round 64
                                                     ['0:34.10%', '1:68.20%', '2:2.80%', '3:22.50%', '4:21.50%', '5:21.50%', '6:32.80%', '7:49.80%', '8:56.60%', '9:4.00%']
                                                                                              <-> Client 0, global : from 31.38% to 10.50%, local : from 23.80% to 95.00%, training time : 8200msec
                                                     Cluster 27, round 1, loss : 4.04, accuracy 10.50% <-
                                                     Time past : 8200msec
                                                     ['0:0.00%', '1:0.80%', '2:0.00%', '3:0.00%', '4:99.90%', '5:0.00%', '6:0.00%', '7:0.00%', '8:3.70%', '9:0.60%']
                                          0msec<-
                                          ->0msec
                                                     -> Cluster 9, loss : 1.89, accuracy 31.38%, model from round 64
                                                     ['0:34.10%', '1:68.20%', '2:2.80%', '3:22.50%', '4:21.50%', '5:21.50%', '6:32.80%', '7:49.80%', '8:56.60%', '9:4.00%']
                                                                                              <-> Client 0, global : from 31.38% to 15.78%, local : from 29.00% to 95.80%, training time : 8200msec
                                                     Cluster 9, round 1, loss : 3.60, accuracy 15.78% <-
                                                     Time past : 8200msec
                                                     ['0:28.10%', '1:7.20%', '2:0.00%', '3:0.00%', '4:0.00%', '5:0.00%', '6:99.90%', '7:0.00%', '8:15.00%', '9:7.60%']
                                          0msec<-
Central server round 64, loss : 1.91, accuracy :32.08%
Time past: 1028800msec
['0:44.40%', '1:65.20%', '2:16.40%', '3:50.20%', '4:13.20%', '5:2.00%', '6:55.70%', '7:15.90%', '8:32.70%', '9:25.10%']
                                          ->0msec
                                                     -> Cluster 47, loss : 1.91, accuracy 32.08%, model from round 65
                                                     ['0:44.40%', '1:65.20%', '2:16.40%', '3:50.20%', '4:13.20%', '5:2.00%', '6:55.70%', '7:15.90%', '8:32.70%', '9:25.10%']
                                                                                              <-> Client 0, global : from 32.08% to 10.00%, local : from 18.40% to 95.00%, training time : 8200msec
                                                     Cluster 47, round 1, loss : 4.62, accuracy 10.00% <-
                                                     Time past : 8200msec
                                                     ['0:0.00%', '1:0.00%', '2:100.00%', '3:0.00%', '4:0.00%', '5:0.00%', '6:0.00%', '7:0.00%', '8:0.00%', '9:0.00%']
                                          0msec<-
                                          ->0msec
                                                     -> Cluster 64, loss : 1.91, accuracy 32.08%, model from round 65
                                                     ['0:44.40%', '1:65.20%', '2:16.40%', '3:50.20%', '4:13.20%', '5:2.00%', '6:55.70%', '7:15.90%', '8:32.70%', '9:25.10%']
                                                                                              <-> Client 0, global : from 32.08% to 11.48%, local : from 33.40% to 95.40%, training time : 16200msec
                                                     Cluster 64, round 1, loss : 4.06, accuracy 11.48% <-
                                                     Time past : 16200msec
                                                     ['0:0.00%', '1:0.00%', '2:0.00%', '3:0.00%', '4:8.20%', '5:0.00%', '6:1.90%', '7:4.70%', '8:100.00%', '9:0.00%']
                                          0msec<-
                                          ->0msec
                                                     -> Cluster 51, loss : 1.91, accuracy 32.08%, model from round 65
                                                     ['0:44.40%', '1:65.20%', '2:16.40%', '3:50.20%', '4:13.20%', '5:2.00%', '6:55.70%', '7:15.90%', '8:32.70%', '9:25.10%']
                                                                                              <-> Client 0, global : from 32.08% to 13.75%, local : from 12.38% to 95.01%, training time : 16200msec
                                                     Cluster 51, round 1, loss : 3.60, accuracy 13.75% <-
                                                     Time past : 16200msec
                                                     ['0:9.20%', '1:1.30%', '2:0.00%', '3:0.10%', '4:0.00%', '5:0.00%', '6:0.00%', '7:99.00%', '8:27.90%', '9:0.00%']
                                          0msec<-
                                          ->0msec
                                                     -> Cluster 56, loss : 1.91, accuracy 32.08%, model from round 65
                                                     ['0:44.40%', '1:65.20%', '2:16.40%', '3:50.20%', '4:13.20%', '5:2.00%', '6:55.70%', '7:15.90%', '8:32.70%', '9:25.10%']
                                                                                              <-> Client 0, global : from 32.08% to 10.78%, local : from 13.80% to 95.20%, training time : 16200msec
                                                     Cluster 56, round 1, loss : 4.78, accuracy 10.78% <-
                                                     Time past : 16200msec
                                                     ['0:0.00%', '1:0.00%', '2:0.00%', '3:0.00%', '4:0.00%', '5:0.00%', '6:0.00%', '7:99.90%', '8:7.90%', '9:0.00%']
                                          0msec<-
                                          ->0msec
                                                     -> Cluster 83, loss : 1.91, accuracy 32.08%, model from round 65
                                                     ['0:44.40%', '1:65.20%', '2:16.40%', '3:50.20%', '4:13.20%', '5:2.00%', '6:55.70%', '7:15.90%', '8:32.70%', '9:25.10%']
                                                                                              <-> Client 0, global : from 32.08% to 10.85%, local : from 3.61% to 95.19%, training time : 16200msec
                                                     Cluster 83, round 1, loss : 3.79, accuracy 10.85% <-
                                                     Time past : 16200msec
                                                     ['0:0.70%', '1:0.80%', '2:0.00%', '3:0.00%', '4:0.00%', '5:100.00%', '6:0.00%', '7:0.00%', '8:7.00%', '9:0.00%']
                                          0msec<-
                                          ->0msec
                                                     -> Cluster 87, loss : 1.91, accuracy 32.08%, model from round 65
                                                     ['0:44.40%', '1:65.20%', '2:16.40%', '3:50.20%', '4:13.20%', '5:2.00%', '6:55.70%', '7:15.90%', '8:32.70%', '9:25.10%']
                                                                                              <-> Client 0, global : from 32.08% to 11.00%, local : from 3.21% to 95.19%, training time : 16200msec
                                                     Cluster 87, round 1, loss : 4.93, accuracy 11.00% <-
                                                     Time past : 16200msec
                                                     ['0:1.70%', '1:0.70%', '2:0.00%', '3:0.00%', '4:0.00%', '5:99.80%', '6:0.00%', '7:0.40%', '8:5.90%', '9:1.50%']
                                          0msec<-
                                          ->0msec
                                                     -> Cluster 13, loss : 1.91, accuracy 32.08%, model from round 65
                                                     ['0:44.40%', '1:65.20%', '2:16.40%', '3:50.20%', '4:13.20%', '5:2.00%', '6:55.70%', '7:15.90%', '8:32.70%', '9:25.10%']
                                                                                              <-> Client 0, global : from 32.08% to 10.80%, local : from 25.80% to 95.00%, training time : 8200msec
                                                     Cluster 13, round 1, loss : 3.55, accuracy 10.80% <-
                                                     Time past : 8200msec
                                                     ['0:0.20%', '1:0.00%', '2:0.00%', '3:0.40%', '4:0.20%', '5:7.30%', '6:0.10%', '7:0.00%', '8:0.10%', '9:99.70%']
                                          0msec<-
                                          ->0msec
                                                     -> Cluster 74, loss : 1.91, accuracy 32.08%, model from round 65
                                                     ['0:44.40%', '1:65.20%', '2:16.40%', '3:50.20%', '4:13.20%', '5:2.00%', '6:55.70%', '7:15.90%', '8:32.70%', '9:25.10%']
                                                                                              <-> Client 0, global : from 32.08% to 12.10%, local : from 46.00% to 95.20%, training time : 16200msec
                                                     Cluster 74, round 1, loss : 3.71, accuracy 12.10% <-
                                                     Time past : 16200msec
                                                     ['0:0.40%', '1:0.10%', '2:0.00%', '3:100.00%', '4:0.00%', '5:0.00%', '6:0.00%', '7:0.20%', '8:19.40%', '9:0.90%']
                                          0msec<-
                                          ->0msec
                                                     -> Cluster 63, loss : 1.91, accuracy 32.08%, model from round 65
                                                     ['0:44.40%', '1:65.20%', '2:16.40%', '3:50.20%', '4:13.20%', '5:2.00%', '6:55.70%', '7:15.90%', '8:32.70%', '9:25.10%']
                                                                                              <-> Client 0, global : from 32.08% to 14.85%, local : from 33.20% to 96.20%, training time : 16200msec
                                                     Cluster 63, round 1, loss : 3.78, accuracy 14.85% <-
                                                     Time past : 16200msec
                                                     ['0:0.00%', '1:0.00%', '2:0.00%', '3:0.00%', '4:28.80%', '5:2.60%', '6:17.30%', '7:0.00%', '8:99.80%', '9:0.00%']
                                          0msec<-
                                          ->0msec
                                                     -> Cluster 18, loss : 1.91, accuracy 32.08%, model from round 65
                                                     ['0:44.40%', '1:65.20%', '2:16.40%', '3:50.20%', '4:13.20%', '5:2.00%', '6:55.70%', '7:15.90%', '8:32.70%', '9:25.10%']
                                                                                              <-> Client 0, global : from 32.08% to 10.45%, local : from 26.00% to 95.00%, training time : 8200msec
                                                     Cluster 18, round 1, loss : 3.97, accuracy 10.45% <-
                                                     Time past : 8200msec
                                                     ['0:0.00%', '1:0.00%', '2:0.00%', '3:1.00%', '4:0.30%', '5:3.10%', '6:0.00%', '7:0.20%', '8:0.00%', '9:99.90%']
                                          0msec<-
Central server round 65, loss : 1.91, accuracy :29.75%
Time past: 1045000msec
['0:10.90%', '1:14.10%', '2:7.00%', '3:6.80%', '4:0.60%', '5:44.90%', '6:35.10%', '7:55.30%', '8:76.60%', '9:46.20%']
                                          ->0msec
                                                     -> Cluster 55, loss : 1.91, accuracy 29.75%, model from round 66
                                                     ['0:10.90%', '1:14.10%', '2:7.00%', '3:6.80%', '4:0.60%', '5:44.90%', '6:35.10%', '7:55.30%', '8:76.60%', '9:46.20%']
                                                                                              <-> Client 0, global : from 29.75% to 13.73%, local : from 54.00% to 96.20%, training time : 16200msec
                                                     Cluster 55, round 1, loss : 3.57, accuracy 13.73% <-
                                                     Time past : 16200msec
                                                     ['0:8.30%', '1:12.70%', '2:0.00%', '3:0.00%', '4:0.00%', '5:0.00%', '6:0.00%', '7:99.50%', '8:8.70%', '9:8.10%']
                                          0msec<-
                                          ->0msec
                                                     -> Cluster 36, loss : 1.91, accuracy 29.75%, model from round 66
                                                     ['0:10.90%', '1:14.10%', '2:7.00%', '3:6.80%', '4:0.60%', '5:44.90%', '6:35.10%', '7:55.30%', '8:76.60%', '9:46.20%']
                                                                                              <-> Client 0, global : from 29.75% to 10.21%, local : from 16.60% to 95.00%, training time : 8200msec
                                                     Cluster 36, round 1, loss : 3.52, accuracy 10.21% <-
                                                     Time past : 8200msec
                                                     ['0:0.70%', '1:99.90%', '2:0.00%', '3:0.10%', '4:0.00%', '5:0.30%', '6:0.00%', '7:0.50%', '8:0.60%', '9:0.00%']
                                          0msec<-
                                          ->0msec
                                                     -> Cluster 25, loss : 1.91, accuracy 29.75%, model from round 66
                                                     ['0:10.90%', '1:14.10%', '2:7.00%', '3:6.80%', '4:0.60%', '5:44.90%', '6:35.10%', '7:55.30%', '8:76.60%', '9:46.20%']
                                                                                              <-> Client 0, global : from 29.75% to 10.71%, local : from 2.40% to 95.20%, training time : 8200msec
                                                     Cluster 25, round 1, loss : 3.97, accuracy 10.71% <-
                                                     Time past : 8200msec
                                                     ['0:0.20%', '1:0.60%', '2:0.00%', '3:0.00%', '4:99.90%', '5:0.00%', '6:0.00%', '7:0.00%', '8:6.40%', '9:0.00%']
                                          0msec<-
                                          ->0msec
                                                     -> Cluster 3, loss : 1.91, accuracy 29.75%, model from round 66
                                                     ['0:10.90%', '1:14.10%', '2:7.00%', '3:6.80%', '4:0.60%', '5:44.90%', '6:35.10%', '7:55.30%', '8:76.60%', '9:46.20%']
                                                                                              <-> Client 0, global : from 29.75% to 17.15%, local : from 32.80% to 95.40%, training time : 8200msec
                                                     Cluster 3, round 1, loss : 3.10, accuracy 17.15% <-
                                                     Time past : 8200msec
                                                     ['0:5.10%', '1:7.90%', '2:0.00%', '3:0.00%', '4:0.00%', '5:0.30%', '6:99.70%', '7:1.20%', '8:54.00%', '9:3.30%']
                                          0msec<-
                                          ->0msec
                                                     -> Cluster 68, loss : 1.91, accuracy 29.75%, model from round 66
                                                     ['0:10.90%', '1:14.10%', '2:7.00%', '3:6.80%', '4:0.60%', '5:44.90%', '6:35.10%', '7:55.30%', '8:76.60%', '9:46.20%']
                                                                                              <-> Client 0, global : from 29.75% to 11.76%, local : from 75.80% to 95.40%, training time : 16200msec
                                                     Cluster 68, round 1, loss : 4.05, accuracy 11.76% <-
                                                     Time past : 16200msec
                                                     ['0:0.00%', '1:0.00%', '2:0.00%', '3:0.00%', '4:0.00%', '5:0.00%', '6:15.30%', '7:2.40%', '8:99.90%', '9:0.00%']
                                          0msec<-
                                          ->0msec
                                                     -> Cluster 93, loss : 1.91, accuracy 29.75%, model from round 66
                                                     ['0:10.90%', '1:14.10%', '2:7.00%', '3:6.80%', '4:0.60%', '5:44.90%', '6:35.10%', '7:55.30%', '8:76.60%', '9:46.20%']
                                                                                              <-> Client 0, global : from 29.75% to 10.00%, local : from 11.82% to 95.19%, training time : 16200msec
                                                     Cluster 93, round 1, loss : 4.01, accuracy 10.00% <-
                                                     Time past : 16200msec
                                                     ['0:100.00%', '1:0.00%', '2:0.00%', '3:0.00%', '4:0.00%', '5:0.00%', '6:0.00%', '7:0.00%', '8:0.00%', '9:0.00%']
                                          0msec<-
                                          ->0msec
                                                     -> Cluster 40, loss : 1.91, accuracy 29.75%, model from round 66
                                                     ['0:10.90%', '1:14.10%', '2:7.00%', '3:6.80%', '4:0.60%', '5:44.90%', '6:35.10%', '7:55.30%', '8:76.60%', '9:46.20%']
                                                                                              <-> Client 0, global : from 29.75% to 10.00%, local : from 8.18% to 94.81%, training time : 8200msec
                                                     Cluster 40, round 1, loss : 4.25, accuracy 10.00% <-
                                                     Time past : 8200msec
                                                     ['0:0.00%', '1:0.00%', '2:99.90%', '3:0.00%', '4:0.00%', '5:0.00%', '6:0.00%', '7:0.00%', '8:0.00%', '9:0.10%']
                                          0msec<-
                                          ->0msec
                                                     -> Cluster 56, loss : 1.91, accuracy 29.75%, model from round 66
                                                     ['0:10.90%', '1:14.10%', '2:7.00%', '3:6.80%', '4:0.60%', '5:44.90%', '6:35.10%', '7:55.30%', '8:76.60%', '9:46.20%']
                                                                                              <-> Client 0, global : from 29.75% to 12.27%, local : from 51.20% to 95.40%, training time : 16200msec
                                                     Cluster 56, round 1, loss : 3.86, accuracy 12.27% <-
                                                     Time past : 16200msec
                                                     ['0:0.00%', '1:0.20%', '2:0.00%', '3:0.10%', '4:0.00%', '5:0.00%', '6:0.00%', '7:99.30%', '8:22.00%', '9:1.10%']
                                          0msec<-
                                          ->0msec
                                                     -> Cluster 94, loss : 1.91, accuracy 29.75%, model from round 66
                                                     ['0:10.90%', '1:14.10%', '2:7.00%', '3:6.80%', '4:0.60%', '5:44.90%', '6:35.10%', '7:55.30%', '8:76.60%', '9:46.20%']
                                                                                              <-> Client 0, global : from 29.75% to 10.01%, local : from 14.23% to 95.19%, training time : 16200msec
                                                     Cluster 94, round 1, loss : 4.50, accuracy 10.01% <-
                                                     Time past : 16200msec
                                                     ['0:100.00%', '1:0.00%', '2:0.00%', '3:0.00%', '4:0.00%', '5:0.00%', '6:0.10%', '7:0.00%', '8:0.00%', '9:0.00%']
                                          0msec<-
                                          ->0msec
                                                     -> Cluster 46, loss : 1.91, accuracy 29.75%, model from round 66
                                                     ['0:10.90%', '1:14.10%', '2:7.00%', '3:6.80%', '4:0.60%', '5:44.90%', '6:35.10%', '7:55.30%', '8:76.60%', '9:46.20%']
                                                                                              <-> Client 0, global : from 29.75% to 10.00%, local : from 9.00% to 95.00%, training time : 8200msec
                                                     Cluster 46, round 1, loss : 3.93, accuracy 10.00% <-
                                                     Time past : 8200msec
                                                     ['0:0.00%', '1:0.00%', '2:99.90%', '3:0.00%', '4:0.00%', '5:0.00%', '6:0.00%', '7:0.00%', '8:0.00%', '9:0.10%']
                                          0msec<-
Central server round 66, loss : 1.93, accuracy :30.61%
Time past: 1061200msec
['0:67.50%', '1:37.80%', '2:10.10%', '3:3.00%', '4:0.30%', '5:14.20%', '6:55.20%', '7:63.50%', '8:37.60%', '9:16.90%']
                                          ->0msec
                                                     -> Cluster 70, loss : 1.93, accuracy 30.61%, model from round 67
                                                     ['0:67.50%', '1:37.80%', '2:10.10%', '3:3.00%', '4:0.30%', '5:14.20%', '6:55.20%', '7:63.50%', '8:37.60%', '9:16.90%']
                                                                                              <-> Client 0, global : from 30.61% to 10.13%, local : from 4.20% to 95.00%, training time : 16200msec
                                                     Cluster 70, round 1, loss : 4.38, accuracy 10.13% <-
                                                     Time past : 16200msec
                                                     ['0:0.00%', '1:0.00%', '2:0.00%', '3:100.00%', '4:0.00%', '5:0.00%', '6:0.00%', '7:0.00%', '8:1.30%', '9:0.00%']
                                          0msec<-
                                          ->0msec
                                                     -> Cluster 24, loss : 1.93, accuracy 30.61%, model from round 67
                                                     ['0:67.50%', '1:37.80%', '2:10.10%', '3:3.00%', '4:0.30%', '5:14.20%', '6:55.20%', '7:63.50%', '8:37.60%', '9:16.90%']
                                                                                              <-> Client 0, global : from 30.61% to 12.62%, local : from 2.20% to 95.00%, training time : 8200msec
                                                     Cluster 24, round 1, loss : 3.77, accuracy 12.62% <-
                                                     Time past : 8200msec
                                                     ['0:7.90%', '1:9.70%', '2:0.00%', '3:0.00%', '4:99.80%', '5:0.40%', '6:0.00%', '7:0.00%', '8:4.40%', '9:4.00%']
                                          0msec<-
                                          ->0msec
                                                     -> Cluster 15, loss : 1.93, accuracy 30.61%, model from round 67
                                                     ['0:67.50%', '1:37.80%', '2:10.10%', '3:3.00%', '4:0.30%', '5:14.20%', '6:55.20%', '7:63.50%', '8:37.60%', '9:16.90%']
                                                                                              <-> Client 0, global : from 30.61% to 15.35%, local : from 21.80% to 95.40%, training time : 8200msec
                                                     Cluster 15, round 1, loss : 2.73, accuracy 15.35% <-
                                                     Time past : 8200msec
                                                     ['0:2.00%', '1:0.00%', '2:0.00%', '3:0.30%', '4:6.70%', '5:13.40%', '6:22.70%', '7:2.50%', '8:7.10%', '9:98.80%']
                                          0msec<-
                                          ->0msec
                                                     -> Cluster 22, loss : 1.93, accuracy 30.61%, model from round 67
                                                     ['0:67.50%', '1:37.80%', '2:10.10%', '3:3.00%', '4:0.30%', '5:14.20%', '6:55.20%', '7:63.50%', '8:37.60%', '9:16.90%']
                                                                                              <-> Client 0, global : from 30.61% to 10.29%, local : from 1.80% to 95.00%, training time : 8200msec
                                                     Cluster 22, round 1, loss : 4.60, accuracy 10.29% <-
                                                     Time past : 8200msec
                                                     ['0:0.00%', '1:0.00%', '2:0.00%', '3:0.00%', '4:99.90%', '5:0.00%', '6:0.00%', '7:0.00%', '8:2.80%', '9:0.20%']
                                          0msec<-
                                          ->0msec
                                                     -> Cluster 76, loss : 1.93, accuracy 30.61%, model from round 67
                                                     ['0:67.50%', '1:37.80%', '2:10.10%', '3:3.00%', '4:0.30%', '5:14.20%', '6:55.20%', '7:63.50%', '8:37.60%', '9:16.90%']
                                                                                              <-> Client 0, global : from 30.61% to 11.61%, local : from 4.40% to 95.60%, training time : 16200msec
                                                     Cluster 76, round 1, loss : 4.49, accuracy 11.61% <-
                                                     Time past : 16200msec
                                                     ['0:0.20%', '1:0.80%', '2:0.00%', '3:99.80%', '4:0.00%', '5:0.00%', '6:0.00%', '7:0.00%', '8:14.50%', '9:0.80%']
                                          0msec<-
                                          ->0msec
                                                     -> Cluster 10, loss : 1.93, accuracy 30.61%, model from round 67
                                                     ['0:67.50%', '1:37.80%', '2:10.10%', '3:3.00%', '4:0.30%', '5:14.20%', '6:55.20%', '7:63.50%', '8:37.60%', '9:16.90%']
                                                                                              <-> Client 0, global : from 30.61% to 10.00%, local : from 15.57% to 94.81%, training time : 8200msec
                                                     Cluster 10, round 1, loss : 4.13, accuracy 10.00% <-
                                                     Time past : 8200msec
                                                     ['0:0.00%', '1:0.00%', '2:0.00%', '3:0.00%', '4:0.00%', '5:0.00%', '6:0.00%', '7:0.00%', '8:0.00%', '9:100.00%']
                                          0msec<-
                                          ->0msec
                                                     -> Cluster 55, loss : 1.93, accuracy 30.61%, model from round 67
                                                     ['0:67.50%', '1:37.80%', '2:10.10%', '3:3.00%', '4:0.30%', '5:14.20%', '6:55.20%', '7:63.50%', '8:37.60%', '9:16.90%']
                                                                                              <-> Client 0, global : from 30.61% to 10.88%, local : from 62.40% to 95.20%, training time : 16200msec
                                                     Cluster 55, round 1, loss : 4.25, accuracy 10.88% <-
                                                     Time past : 16200msec
                                                     ['0:3.80%', '1:1.70%', '2:0.00%', '3:0.00%', '4:0.00%', '5:0.00%', '6:0.00%', '7:100.00%', '8:2.20%', '9:1.10%']
                                          0msec<-
                                          ->0msec
                                                     -> Cluster 3, loss : 1.93, accuracy 30.61%, model from round 67
                                                     ['0:67.50%', '1:37.80%', '2:10.10%', '3:3.00%', '4:0.30%', '5:14.20%', '6:55.20%', '7:63.50%', '8:37.60%', '9:16.90%']
                                                                                              <-> Client 0, global : from 30.61% to 14.85%, local : from 50.80% to 95.60%, training time : 8200msec
                                                     Cluster 3, round 1, loss : 3.79, accuracy 14.85% <-
                                                     Time past : 8200msec
                                                     ['0:7.10%', '1:5.10%', '2:0.00%', '3:0.00%', '4:0.00%', '5:0.00%', '6:99.80%', '7:0.50%', '8:35.10%', '9:0.90%']
                                          0msec<-
                                          ->0msec
                                                     -> Cluster 44, loss : 1.93, accuracy 30.61%, model from round 67
                                                     ['0:67.50%', '1:37.80%', '2:10.10%', '3:3.00%', '4:0.30%', '5:14.20%', '6:55.20%', '7:63.50%', '8:37.60%', '9:16.90%']
                                                                                              <-> Client 0, global : from 30.61% to 10.00%, local : from 12.20% to 95.00%, training time : 8200msec
                                                     Cluster 44, round 1, loss : 4.64, accuracy 10.00% <-
                                                     Time past : 8200msec
                                                     ['0:0.00%', '1:0.00%', '2:100.00%', '3:0.00%', '4:0.00%', '5:0.00%', '6:0.00%', '7:0.00%', '8:0.00%', '9:0.00%']
                                          0msec<-
                                          ->0msec
                                                     -> Cluster 48, loss : 1.93, accuracy 30.61%, model from round 67
                                                     ['0:67.50%', '1:37.80%', '2:10.10%', '3:3.00%', '4:0.30%', '5:14.20%', '6:55.20%', '7:63.50%', '8:37.60%', '9:16.90%']
                                                                                              <-> Client 0, global : from 30.61% to 10.00%, local : from 10.80% to 95.00%, training time : 8200msec
                                                     Cluster 48, round 1, loss : 4.44, accuracy 10.00% <-
                                                     Time past : 8200msec
                                                     ['0:0.00%', '1:0.00%', '2:99.90%', '3:0.00%', '4:0.00%', '5:0.00%', '6:0.00%', '7:0.00%', '8:0.00%', '9:0.10%']
                                          0msec<-
Central server round 67, loss : 1.90, accuracy :30.96%
Time past: 1077400msec
['0:19.00%', '1:20.20%', '2:28.10%', '3:37.50%', '4:50.90%', '5:3.60%', '6:21.40%', '7:27.20%', '8:38.80%', '9:62.90%']
                                          ->0msec
                                                     -> Cluster 55, loss : 1.90, accuracy 30.96%, model from round 68
                                                     ['0:19.00%', '1:20.20%', '2:28.10%', '3:37.50%', '4:50.90%', '5:3.60%', '6:21.40%', '7:27.20%', '8:38.80%', '9:62.90%']
                                                                                              <-> Client 0, global : from 30.96% to 10.54%, local : from 28.80% to 95.20%, training time : 16200msec
                                                     Cluster 55, round 1, loss : 4.45, accuracy 10.54% <-
                                                     Time past : 16200msec
                                                     ['0:1.50%', '1:0.90%', '2:0.00%', '3:0.00%', '4:0.00%', '5:0.00%', '6:0.00%', '7:100.00%', '8:1.70%', '9:1.30%']
                                          0msec<-
                                          ->0msec
                                                     -> Cluster 36, loss : 1.90, accuracy 30.96%, model from round 68
                                                     ['0:19.00%', '1:20.20%', '2:28.10%', '3:37.50%', '4:50.90%', '5:3.60%', '6:21.40%', '7:27.20%', '8:38.80%', '9:62.90%']
                                                                                              <-> Client 0, global : from 30.96% to 10.00%, local : from 19.80% to 95.00%, training time : 8200msec
                                                     Cluster 36, round 1, loss : 4.02, accuracy 10.00% <-
                                                     Time past : 8200msec
                                                     ['0:0.00%', '1:99.90%', '2:0.00%', '3:0.00%', '4:0.00%', '5:0.00%', '6:0.00%', '7:0.10%', '8:0.00%', '9:0.00%']
                                          0msec<-
                                          ->0msec
                                                     -> Cluster 12, loss : 1.90, accuracy 30.96%, model from round 68
                                                     ['0:19.00%', '1:20.20%', '2:28.10%', '3:37.50%', '4:50.90%', '5:3.60%', '6:21.40%', '7:27.20%', '8:38.80%', '9:62.90%']
                                                                                              <-> Client 0, global : from 30.96% to 10.48%, local : from 64.00% to 95.00%, training time : 8200msec
                                                     Cluster 12, round 1, loss : 3.97, accuracy 10.48% <-
                                                     Time past : 8200msec
                                                     ['0:0.10%', '1:0.00%', '2:0.00%', '3:0.00%', '4:0.70%', '5:3.60%', '6:0.00%', '7:0.60%', '8:0.00%', '9:99.80%']
                                          0msec<-
                                          ->0msec
                                                     -> Cluster 81, loss : 1.90, accuracy 30.96%, model from round 68
                                                     ['0:19.00%', '1:20.20%', '2:28.10%', '3:37.50%', '4:50.90%', '5:3.60%', '6:21.40%', '7:27.20%', '8:38.80%', '9:62.90%']
                                                                                              <-> Client 0, global : from 30.96% to 10.21%, local : from 6.00% to 95.20%, training time : 16200msec
                                                     Cluster 81, round 1, loss : 3.91, accuracy 10.21% <-
                                                     Time past : 16200msec
                                                     ['0:0.10%', '1:0.20%', '2:0.00%', '3:0.00%', '4:0.00%', '5:100.00%', '6:0.00%', '7:0.00%', '8:0.80%', '9:1.00%']
                                          0msec<-
                                          ->0msec
                                                     -> Cluster 95, loss : 1.90, accuracy 30.96%, model from round 68
                                                     ['0:19.00%', '1:20.20%', '2:28.10%', '3:37.50%', '4:50.90%', '5:3.60%', '6:21.40%', '7:27.20%', '8:38.80%', '9:62.90%']
                                                                                              <-> Client 0, global : from 30.96% to 10.36%, local : from 21.64% to 95.39%, training time : 16200msec
                                                     Cluster 95, round 1, loss : 3.81, accuracy 10.36% <-
                                                     Time past : 16200msec
                                                     ['0:99.90%', '1:0.00%', '2:0.00%', '3:0.00%', '4:0.00%', '5:0.00%', '6:3.70%', '7:0.00%', '8:0.00%', '9:0.00%']
                                          0msec<-
                                          ->0msec
                                                     -> Cluster 88, loss : 1.90, accuracy 30.96%, model from round 68
                                                     ['0:19.00%', '1:20.20%', '2:28.10%', '3:37.50%', '4:50.90%', '5:3.60%', '6:21.40%', '7:27.20%', '8:38.80%', '9:62.90%']
                                                                                              <-> Client 0, global : from 30.96% to 13.18%, local : from 4.01% to 95.99%, training time : 16200msec
                                                     Cluster 88, round 1, loss : 4.01, accuracy 13.18% <-
                                                     Time past : 16200msec
                                                     ['0:3.50%', '1:1.40%', '2:0.00%', '3:0.00%', '4:0.00%', '5:99.70%', '6:0.00%', '7:2.70%', '8:19.70%', '9:4.80%']
                                          0msec<-
                                          ->0msec
                                                     -> Cluster 10, loss : 1.90, accuracy 30.96%, model from round 68
                                                     ['0:19.00%', '1:20.20%', '2:28.10%', '3:37.50%', '4:50.90%', '5:3.60%', '6:21.40%', '7:27.20%', '8:38.80%', '9:62.90%']
                                                                                              <-> Client 0, global : from 30.96% to 10.00%, local : from 61.88% to 94.81%, training time : 8200msec
                                                     Cluster 10, round 1, loss : 3.82, accuracy 10.00% <-
                                                     Time past : 8200msec
                                                     ['0:0.00%', '1:0.00%', '2:0.00%', '3:0.00%', '4:0.00%', '5:0.00%', '6:0.00%', '7:0.00%', '8:0.00%', '9:100.00%']
                                          0msec<-
                                          ->0msec
                                                     -> Cluster 8, loss : 1.90, accuracy 30.96%, model from round 68
                                                     ['0:19.00%', '1:20.20%', '2:28.10%', '3:37.50%', '4:50.90%', '5:3.60%', '6:21.40%', '7:27.20%', '8:38.80%', '9:62.90%']
                                                                                              <-> Client 0, global : from 30.96% to 13.01%, local : from 26.00% to 95.20%, training time : 8200msec
                                                     Cluster 8, round 1, loss : 4.20, accuracy 13.01% <-
                                                     Time past : 8200msec
                                                     ['0:3.40%', '1:1.90%', '2:0.00%', '3:0.00%', '4:0.00%', '5:0.00%', '6:100.00%', '7:0.00%', '8:15.40%', '9:9.40%']
                                          0msec<-
                                          ->0msec
                                                     -> Cluster 56, loss : 1.90, accuracy 30.96%, model from round 68
                                                     ['0:19.00%', '1:20.20%', '2:28.10%', '3:37.50%', '4:50.90%', '5:3.60%', '6:21.40%', '7:27.20%', '8:38.80%', '9:62.90%']
                                                                                              <-> Client 0, global : from 30.96% to 12.41%, local : from 25.60% to 95.80%, training time : 16200msec
                                                     Cluster 56, round 1, loss : 3.58, accuracy 12.41% <-
                                                     Time past : 16200msec
                                                     ['0:0.00%', '1:0.20%', '2:0.00%', '3:0.20%', '4:0.00%', '5:0.00%', '6:0.00%', '7:99.30%', '8:21.30%', '9:3.10%']
                                          0msec<-
                                          ->0msec
                                                     -> Cluster 96, loss : 1.90, accuracy 30.96%, model from round 68
                                                     ['0:19.00%', '1:20.20%', '2:28.10%', '3:37.50%', '4:50.90%', '5:3.60%', '6:21.40%', '7:27.20%', '8:38.80%', '9:62.90%']
                                                                                              <-> Client 0, global : from 30.96% to 10.05%, local : from 17.43% to 95.19%, training time : 16200msec
                                                     Cluster 96, round 1, loss : 3.94, accuracy 10.05% <-
                                                     Time past : 16200msec
                                                     ['0:100.00%', '1:0.00%', '2:0.00%', '3:0.10%', '4:0.00%', '5:0.40%', '6:0.00%', '7:0.00%', '8:0.00%', '9:0.00%']
                                          0msec<-
Central server round 68, loss : 1.94, accuracy :31.74%
Time past: 1093600msec
['0:60.50%', '1:28.40%', '2:0.20%', '3:0.30%', '4:0.00%', '5:48.20%', '6:49.70%', '7:50.60%', '8:11.60%', '9:67.90%']
                                          ->0msec
                                                     -> Cluster 41, loss : 1.94, accuracy 31.74%, model from round 69
                                                     ['0:60.50%', '1:28.40%', '2:0.20%', '3:0.30%', '4:0.00%', '5:48.20%', '6:49.70%', '7:50.60%', '8:11.60%', '9:67.90%']
                                                                                              <-> Client 0, global : from 31.74% to 10.87%, local : from 2.00% to 94.81%, training time : 8200msec
                                                     Cluster 41, round 1, loss : 3.24, accuracy 10.87% <-
                                                     Time past : 8200msec
                                                     ['0:0.00%', '1:0.00%', '2:99.80%', '3:0.00%', '4:0.00%', '5:0.00%', '6:0.00%', '7:0.20%', '8:5.80%', '9:2.90%']
                                          0msec<-
                                          ->0msec
                                                     -> Cluster 25, loss : 1.94, accuracy 31.74%, model from round 69
                                                     ['0:60.50%', '1:28.40%', '2:0.20%', '3:0.30%', '4:0.00%', '5:48.20%', '6:49.70%', '7:50.60%', '8:11.60%', '9:67.90%']
                                                                                              <-> Client 0, global : from 31.74% to 11.38%, local : from 1.60% to 95.40%, training time : 8200msec
                                                     Cluster 25, round 1, loss : 3.74, accuracy 11.38% <-
                                                     Time past : 8200msec
                                                     ['0:0.60%', '1:1.40%', '2:0.00%', '3:0.00%', '4:99.80%', '5:0.00%', '6:0.00%', '7:0.00%', '8:12.00%', '9:0.00%']
                                          0msec<-
                                          ->0msec
                                                     -> Cluster 82, loss : 1.94, accuracy 31.74%, model from round 69
                                                     ['0:60.50%', '1:28.40%', '2:0.20%', '3:0.30%', '4:0.00%', '5:48.20%', '6:49.70%', '7:50.60%', '8:11.60%', '9:67.90%']
                                                                                              <-> Client 0, global : from 31.74% to 13.23%, local : from 47.60% to 95.60%, training time : 16200msec
                                                     Cluster 82, round 1, loss : 3.84, accuracy 13.23% <-
                                                     Time past : 16200msec
                                                     ['0:4.50%', '1:0.10%', '2:0.00%', '3:0.00%', '4:0.00%', '5:99.80%', '6:0.00%', '7:0.50%', '8:26.80%', '9:0.60%']
                                          0msec<-
                                          ->0msec
                                                     -> Cluster 50, loss : 1.94, accuracy 31.74%, model from round 69
                                                     ['0:60.50%', '1:28.40%', '2:0.20%', '3:0.30%', '4:0.00%', '5:48.20%', '6:49.70%', '7:50.60%', '8:11.60%', '9:67.90%']
                                                                                              <-> Client 0, global : from 31.74% to 11.82%, local : from 49.90% to 95.41%, training time : 16200msec
                                                     Cluster 50, round 1, loss : 3.92, accuracy 11.82% <-
                                                     Time past : 16200msec
                                                     ['0:8.60%', '1:2.80%', '2:0.00%', '3:0.00%', '4:0.00%', '5:0.20%', '6:0.00%', '7:100.00%', '8:0.10%', '9:6.50%']
                                          0msec<-
                                          ->0msec
                                                     -> Cluster 11, loss : 1.94, accuracy 31.74%, model from round 69
                                                     ['0:60.50%', '1:28.40%', '2:0.20%', '3:0.30%', '4:0.00%', '5:48.20%', '6:49.70%', '7:50.60%', '8:11.60%', '9:67.90%']
                                                                                              <-> Client 0, global : from 31.74% to 10.13%, local : from 64.47% to 94.81%, training time : 8200msec
                                                     Cluster 11, round 1, loss : 4.26, accuracy 10.13% <-
                                                     Time past : 8200msec
                                                     ['0:0.00%', '1:0.00%', '2:0.00%', '3:0.00%', '4:0.00%', '5:0.00%', '6:0.60%', '7:0.70%', '8:0.00%', '9:100.00%']
                                          0msec<-
                                          ->0msec
                                                     -> Cluster 6, loss : 1.94, accuracy 31.74%, model from round 69
                                                     ['0:60.50%', '1:28.40%', '2:0.20%', '3:0.30%', '4:0.00%', '5:48.20%', '6:49.70%', '7:50.60%', '8:11.60%', '9:67.90%']
                                                                                              <-> Client 0, global : from 31.74% to 13.06%, local : from 47.20% to 95.20%, training time : 8200msec
                                                     Cluster 6, round 1, loss : 4.44, accuracy 13.06% <-
                                                     Time past : 8200msec
                                                     ['0:18.70%', '1:1.20%', '2:0.00%', '3:0.00%', '4:0.00%', '5:0.00%', '6:100.00%', '7:0.50%', '8:4.70%', '9:5.50%']
                                          0msec<-
                                          ->0msec
                                                     -> Cluster 66, loss : 1.94, accuracy 31.74%, model from round 69
                                                     ['0:60.50%', '1:28.40%', '2:0.20%', '3:0.30%', '4:0.00%', '5:48.20%', '6:49.70%', '7:50.60%', '8:11.60%', '9:67.90%']
                                                                                              <-> Client 0, global : from 31.74% to 11.65%, local : from 12.60% to 95.40%, training time : 16200msec
                                                     Cluster 66, round 1, loss : 3.70, accuracy 11.65% <-
                                                     Time past : 16200msec
                                                     ['0:0.00%', '1:0.00%', '2:0.00%', '3:0.20%', '4:1.70%', '5:1.50%', '6:7.60%', '7:5.60%', '8:99.90%', '9:0.00%']
                                          0msec<-
                                          ->0msec
                                                     -> Cluster 3, loss : 1.94, accuracy 31.74%, model from round 69
                                                     ['0:60.50%', '1:28.40%', '2:0.20%', '3:0.30%', '4:0.00%', '5:48.20%', '6:49.70%', '7:50.60%', '8:11.60%', '9:67.90%']
                                                                                              <-> Client 0, global : from 31.74% to 15.13%, local : from 47.00% to 95.60%, training time : 8200msec
                                                     Cluster 3, round 1, loss : 3.74, accuracy 15.13% <-
                                                     Time past : 8200msec
                                                     ['0:9.30%', '1:3.80%', '2:0.00%', '3:0.00%', '4:0.00%', '5:0.30%', '6:99.80%', '7:1.00%', '8:35.10%', '9:2.00%']
                                          0msec<-
                                          ->0msec
                                                     -> Cluster 65, loss : 1.94, accuracy 31.74%, model from round 69
                                                     ['0:60.50%', '1:28.40%', '2:0.20%', '3:0.30%', '4:0.00%', '5:48.20%', '6:49.70%', '7:50.60%', '8:11.60%', '9:67.90%']
                                                                                              <-> Client 0, global : from 31.74% to 13.83%, local : from 10.80% to 95.60%, training time : 16200msec
                                                     Cluster 65, round 1, loss : 3.52, accuracy 13.83% <-
                                                     Time past : 16200msec
                                                     ['0:0.00%', '1:0.00%', '2:0.00%', '3:0.00%', '4:1.30%', '5:11.90%', '6:16.90%', '7:8.50%', '8:99.70%', '9:0.00%']
                                          0msec<-
                                          ->0msec
                                                     -> Cluster 67, loss : 1.94, accuracy 31.74%, model from round 69
                                                     ['0:60.50%', '1:28.40%', '2:0.20%', '3:0.30%', '4:0.00%', '5:48.20%', '6:49.70%', '7:50.60%', '8:11.60%', '9:67.90%']
                                                                                              <-> Client 0, global : from 31.74% to 11.99%, local : from 14.60% to 95.20%, training time : 16200msec
                                                     Cluster 67, round 1, loss : 4.01, accuracy 11.99% <-
                                                     Time past : 16200msec
                                                     ['0:0.00%', '1:0.70%', '2:0.20%', '3:0.10%', '4:0.00%', '5:0.00%', '6:16.70%', '7:2.20%', '8:100.00%', '9:0.00%']
                                          0msec<-
Central server round 69, loss : 1.96, accuracy :29.66%
Time past: 1109800msec
['0:5.30%', '1:14.20%', '2:0.40%', '3:0.10%', '4:0.30%', '5:31.80%', '6:76.90%', '7:52.90%', '8:82.40%', '9:32.30%']
                                          ->0msec
                                                     -> Cluster 25, loss : 1.96, accuracy 29.66%, model from round 70
                                                     ['0:5.30%', '1:14.20%', '2:0.40%', '3:0.10%', '4:0.30%', '5:31.80%', '6:76.90%', '7:52.90%', '8:82.40%', '9:32.30%']
                                                                                              <-> Client 0, global : from 29.66% to 11.30%, local : from 2.40% to 95.40%, training time : 8200msec
                                                     Cluster 25, round 1, loss : 3.80, accuracy 11.30% <-
                                                     Time past : 8200msec
                                                     ['0:0.50%', '1:1.40%', '2:0.00%', '3:0.00%', '4:99.80%', '5:0.00%', '6:0.00%', '7:0.00%', '8:11.30%', '9:0.00%']
                                          0msec<-
                                          ->0msec
                                                     -> Cluster 73, loss : 1.96, accuracy 29.66%, model from round 70
                                                     ['0:5.30%', '1:14.20%', '2:0.40%', '3:0.10%', '4:0.30%', '5:31.80%', '6:76.90%', '7:52.90%', '8:82.40%', '9:32.30%']
                                                                                              <-> Client 0, global : from 29.66% to 10.50%, local : from 1.60% to 95.00%, training time : 16200msec
                                                     Cluster 73, round 1, loss : 4.53, accuracy 10.50% <-
                                                     Time past : 16200msec
                                                     ['0:4.70%', '1:0.20%', '2:0.00%', '3:100.00%', '4:0.00%', '5:0.00%', '6:0.00%', '7:0.00%', '8:0.00%', '9:0.10%']
                                          0msec<-
                                          ->0msec
                                                     -> Cluster 38, loss : 1.96, accuracy 29.66%, model from round 70
                                                     ['0:5.30%', '1:14.20%', '2:0.40%', '3:0.10%', '4:0.30%', '5:31.80%', '6:76.90%', '7:52.90%', '8:82.40%', '9:32.30%']
                                                                                              <-> Client 0, global : from 29.66% to 10.51%, local : from 17.40% to 95.20%, training time : 8200msec
                                                     Cluster 38, round 1, loss : 3.97, accuracy 10.51% <-
                                                     Time past : 8200msec
                                                     ['0:0.00%', '1:100.00%', '2:0.00%', '3:0.00%', '4:0.00%', '5:5.10%', '6:0.00%', '7:0.00%', '8:0.00%', '9:0.00%']
                                          0msec<-
                                          ->0msec
                                                     -> Cluster 43, loss : 1.96, accuracy 29.66%, model from round 70
                                                     ['0:5.30%', '1:14.20%', '2:0.40%', '3:0.10%', '4:0.30%', '5:31.80%', '6:76.90%', '7:52.90%', '8:82.40%', '9:32.30%']
                                                                                              <-> Client 0, global : from 29.66% to 10.28%, local : from 2.20% to 95.00%, training time : 8200msec
                                                     Cluster 43, round 1, loss : 3.83, accuracy 10.28% <-
                                                     Time past : 8200msec
                                                     ['0:0.00%', '1:0.10%', '2:99.90%', '3:0.00%', '4:0.00%', '5:0.00%', '6:0.00%', '7:0.00%', '8:2.80%', '9:0.00%']
                                          0msec<-
                                          ->0msec
                                                     -> Cluster 75, loss : 1.96, accuracy 29.66%, model from round 70
                                                     ['0:5.30%', '1:14.20%', '2:0.40%', '3:0.10%', '4:0.30%', '5:31.80%', '6:76.90%', '7:52.90%', '8:82.40%', '9:32.30%']
                                                                                              <-> Client 0, global : from 29.66% to 11.06%, local : from 1.40% to 95.00%, training time : 16200msec
                                                     Cluster 75, round 1, loss : 3.45, accuracy 11.06% <-
                                                     Time past : 16200msec
                                                     ['0:0.90%', '1:0.70%', '2:0.00%', '3:100.00%', '4:0.00%', '5:0.00%', '6:0.00%', '7:0.00%', '8:8.50%', '9:0.50%']
                                          0msec<-
                                          ->0msec
                                                     -> Cluster 17, loss : 1.96, accuracy 29.66%, model from round 70
                                                     ['0:5.30%', '1:14.20%', '2:0.40%', '3:0.10%', '4:0.30%', '5:31.80%', '6:76.90%', '7:52.90%', '8:82.40%', '9:32.30%']
                                                                                              <-> Client 0, global : from 29.66% to 10.54%, local : from 33.60% to 95.00%, training time : 8200msec
                                                     Cluster 17, round 1, loss : 3.72, accuracy 10.54% <-
                                                     Time past : 8200msec
                                                     ['0:2.00%', '1:0.00%', '2:0.00%', '3:3.00%', '4:0.00%', '5:0.00%', '6:0.20%', '7:0.60%', '8:0.00%', '9:99.60%']
                                          0msec<-
                                          ->0msec
                                                     -> Cluster 74, loss : 1.96, accuracy 29.66%, model from round 70
                                                     ['0:5.30%', '1:14.20%', '2:0.40%', '3:0.10%', '4:0.30%', '5:31.80%', '6:76.90%', '7:52.90%', '8:82.40%', '9:32.30%']
                                                                                              <-> Client 0, global : from 29.66% to 10.67%, local : from 2.20% to 95.20%, training time : 16200msec
                                                     Cluster 74, round 1, loss : 4.19, accuracy 10.67% <-
                                                     Time past : 16200msec
                                                     ['0:0.10%', '1:0.00%', '2:0.00%', '3:100.00%', '4:0.00%', '5:0.00%', '6:0.00%', '7:0.00%', '8:6.50%', '9:0.10%']
                                          0msec<-
                                          ->0msec
                                                     -> Cluster 68, loss : 1.96, accuracy 29.66%, model from round 70
                                                     ['0:5.30%', '1:14.20%', '2:0.40%', '3:0.10%', '4:0.30%', '5:31.80%', '6:76.90%', '7:52.90%', '8:82.40%', '9:32.30%']
                                                                                              <-> Client 0, global : from 29.66% to 11.52%, local : from 80.60% to 95.40%, training time : 16200msec
                                                     Cluster 68, round 1, loss : 4.45, accuracy 11.52% <-
                                                     Time past : 16200msec
                                                     ['0:0.00%', '1:0.00%', '2:0.00%', '3:0.00%', '4:0.00%', '5:0.00%', '6:13.70%', '7:1.60%', '8:99.90%', '9:0.00%']
                                          0msec<-
                                          ->0msec
                                                     -> Cluster 46, loss : 1.96, accuracy 29.66%, model from round 70
                                                     ['0:5.30%', '1:14.20%', '2:0.40%', '3:0.10%', '4:0.30%', '5:31.80%', '6:76.90%', '7:52.90%', '8:82.40%', '9:32.30%']
                                                                                              <-> Client 0, global : from 29.66% to 10.03%, local : from 2.80% to 95.00%, training time : 8200msec
                                                     Cluster 46, round 1, loss : 3.98, accuracy 10.03% <-
                                                     Time past : 8200msec
                                                     ['0:0.00%', '1:0.10%', '2:99.90%', '3:0.00%', '4:0.00%', '5:0.00%', '6:0.00%', '7:0.00%', '8:0.20%', '9:0.10%']
                                          0msec<-
                                          ->0msec
                                                     -> Cluster 79, loss : 1.96, accuracy 29.66%, model from round 70
                                                     ['0:5.30%', '1:14.20%', '2:0.40%', '3:0.10%', '4:0.30%', '5:31.80%', '6:76.90%', '7:52.90%', '8:82.40%', '9:32.30%']
                                                                                              <-> Client 0, global : from 29.66% to 10.30%, local : from 2.20% to 95.40%, training time : 16200msec
                                                     Cluster 79, round 1, loss : 4.46, accuracy 10.30% <-
                                                     Time past : 16200msec
                                                     ['0:0.90%', '1:1.00%', '2:0.00%', '3:100.00%', '4:0.00%', '5:0.00%', '6:0.00%', '7:0.10%', '8:1.00%', '9:0.00%']
                                          0msec<-
Central server round 70, loss : 2.01, accuracy :26.04%
Time past: 1126000msec
['0:24.50%', '1:32.80%', '2:0.70%', '3:91.00%', '4:2.50%', '5:0.00%', '6:3.20%', '7:12.40%', '8:61.50%', '9:31.80%']
                                          ->0msec
                                                     -> Cluster 23, loss : 2.01, accuracy 26.04%, model from round 71
                                                     ['0:24.50%', '1:32.80%', '2:0.70%', '3:91.00%', '4:2.50%', '5:0.00%', '6:3.20%', '7:12.40%', '8:61.50%', '9:31.80%']
                                                                                              <-> Client 0, global : from 26.04% to 12.20%, local : from 5.00% to 95.00%, training time : 8200msec
                                                     Cluster 23, round 1, loss : 3.79, accuracy 12.20% <-
                                                     Time past : 8200msec
                                                     ['0:10.40%', '1:2.80%', '2:0.00%', '3:0.00%', '4:99.80%', '5:0.00%', '6:0.00%', '7:0.00%', '8:9.00%', '9:0.00%']
                                          0msec<-
                                          ->0msec
                                                     -> Cluster 13, loss : 2.01, accuracy 26.04%, model from round 71
                                                     ['0:24.50%', '1:32.80%', '2:0.70%', '3:91.00%', '4:2.50%', '5:0.00%', '6:3.20%', '7:12.40%', '8:61.50%', '9:31.80%']
                                                                                              <-> Client 0, global : from 26.04% to 10.58%, local : from 34.00% to 95.00%, training time : 8200msec
                                                     Cluster 13, round 1, loss : 3.97, accuracy 10.58% <-
                                                     Time past : 8200msec
                                                     ['0:0.00%', '1:0.00%', '2:0.00%', '3:1.20%', '4:0.20%', '5:4.30%', '6:0.00%', '7:0.20%', '8:0.00%', '9:99.90%']
                                          0msec<-
                                          ->0msec
                                                     -> Cluster 58, loss : 2.01, accuracy 26.04%, model from round 71
                                                     ['0:24.50%', '1:32.80%', '2:0.70%', '3:91.00%', '4:2.50%', '5:0.00%', '6:3.20%', '7:12.40%', '8:61.50%', '9:31.80%']
                                                                                              <-> Client 0, global : from 26.04% to 11.28%, local : from 11.20% to 95.20%, training time : 16200msec
                                                     Cluster 58, round 1, loss : 4.04, accuracy 11.28% <-
                                                     Time past : 16200msec
                                                     ['0:0.00%', '1:0.60%', '2:0.00%', '3:0.00%', '4:0.00%', '5:0.00%', '6:0.00%', '7:99.80%', '8:12.40%', '9:0.00%']
                                          0msec<-
                                          ->0msec
                                                     -> Cluster 15, loss : 2.01, accuracy 26.04%, model from round 71
                                                     ['0:24.50%', '1:32.80%', '2:0.70%', '3:91.00%', '4:2.50%', '5:0.00%', '6:3.20%', '7:12.40%', '8:61.50%', '9:31.80%']
                                                                                              <-> Client 0, global : from 26.04% to 14.25%, local : from 34.00% to 95.40%, training time : 8200msec
                                                     Cluster 15, round 1, loss : 3.15, accuracy 14.25% <-
                                                     Time past : 8200msec
                                                     ['0:0.50%', '1:0.00%', '2:0.00%', '3:0.50%', '4:6.70%', '5:8.70%', '6:25.80%', '7:0.50%', '8:0.80%', '9:99.00%']
                                          0msec<-
                                          ->0msec
                                                     -> Cluster 64, loss : 2.01, accuracy 26.04%, model from round 71
                                                     ['0:24.50%', '1:32.80%', '2:0.70%', '3:91.00%', '4:2.50%', '5:0.00%', '6:3.20%', '7:12.40%', '8:61.50%', '9:31.80%']
                                                                                              <-> Client 0, global : from 26.04% to 12.62%, local : from 59.40% to 95.60%, training time : 16200msec
                                                     Cluster 64, round 1, loss : 3.71, accuracy 12.62% <-
                                                     Time past : 16200msec
                                                     ['0:0.10%', '1:0.00%', '2:0.10%', '3:0.00%', '4:10.40%', '5:0.00%', '6:5.10%', '7:10.20%', '8:100.00%', '9:0.30%']
                                          0msec<-
                                          ->0msec
                                                     -> Cluster 50, loss : 2.01, accuracy 26.04%, model from round 71
                                                     ['0:24.50%', '1:32.80%', '2:0.70%', '3:91.00%', '4:2.50%', '5:0.00%', '6:3.20%', '7:12.40%', '8:61.50%', '9:31.80%']
                                                                                              <-> Client 0, global : from 26.04% to 12.30%, local : from 11.38% to 95.41%, training time : 16200msec
                                                     Cluster 50, round 1, loss : 3.52, accuracy 12.30% <-
                                                     Time past : 16200msec
                                                     ['0:10.20%', '1:3.40%', '2:0.00%', '3:0.00%', '4:0.00%', '5:0.40%', '6:0.00%', '7:99.90%', '8:0.00%', '9:9.10%']
                                          0msec<-
                                          ->0msec
                                                     -> Cluster 27, loss : 2.01, accuracy 26.04%, model from round 71
                                                     ['0:24.50%', '1:32.80%', '2:0.70%', '3:91.00%', '4:2.50%', '5:0.00%', '6:3.20%', '7:12.40%', '8:61.50%', '9:31.80%']
                                                                                              <-> Client 0, global : from 26.04% to 10.47%, local : from 4.20% to 95.00%, training time : 8200msec
                                                     Cluster 27, round 1, loss : 4.28, accuracy 10.47% <-
                                                     Time past : 8200msec
                                                     ['0:0.00%', '1:1.00%', '2:0.00%', '3:0.00%', '4:99.90%', '5:0.00%', '6:0.00%', '7:0.00%', '8:2.30%', '9:1.50%']
                                          0msec<-
                                          ->0msec
                                                     -> Cluster 40, loss : 2.01, accuracy 26.04%, model from round 71
                                                     ['0:24.50%', '1:32.80%', '2:0.70%', '3:91.00%', '4:2.50%', '5:0.00%', '6:3.20%', '7:12.40%', '8:61.50%', '9:31.80%']
                                                                                              <-> Client 0, global : from 26.04% to 10.00%, local : from 2.20% to 94.81%, training time : 8200msec
                                                     Cluster 40, round 1, loss : 4.56, accuracy 10.00% <-
                                                     Time past : 8200msec
                                                     ['0:0.00%', '1:0.00%', '2:99.90%', '3:0.00%', '4:0.00%', '5:0.00%', '6:0.00%', '7:0.00%', '8:0.00%', '9:0.10%']
                                          0msec<-
                                          ->0msec
                                                     -> Cluster 96, loss : 2.01, accuracy 26.04%, model from round 71
                                                     ['0:24.50%', '1:32.80%', '2:0.70%', '3:91.00%', '4:2.50%', '5:0.00%', '6:3.20%', '7:12.40%', '8:61.50%', '9:31.80%']
                                                                                              <-> Client 0, global : from 26.04% to 10.24%, local : from 22.65% to 95.19%, training time : 16200msec
                                                     Cluster 96, round 1, loss : 3.65, accuracy 10.24% <-
                                                     Time past : 16200msec
                                                     ['0:99.90%', '1:0.00%', '2:0.00%', '3:0.00%', '4:0.00%', '5:2.10%', '6:0.10%', '7:0.00%', '8:0.00%', '9:0.30%']
                                          0msec<-
                                          ->0msec
                                                     -> Cluster 4, loss : 2.01, accuracy 26.04%, model from round 71
                                                     ['0:24.50%', '1:32.80%', '2:0.70%', '3:91.00%', '4:2.50%', '5:0.00%', '6:3.20%', '7:12.40%', '8:61.50%', '9:31.80%']
                                                                                              <-> Client 0, global : from 26.04% to 14.30%, local : from 3.60% to 94.80%, training time : 8200msec
                                                     Cluster 4, round 1, loss : 3.79, accuracy 14.30% <-
                                                     Time past : 8200msec
                                                     ['0:22.60%', '1:2.00%', '2:0.00%', '3:0.00%', '4:0.00%', '5:0.00%', '6:99.90%', '7:0.30%', '8:16.30%', '9:1.90%']
                                          0msec<-
Central server round 71, loss : 1.86, accuracy :33.05%
Time past: 1142200msec
['0:48.70%', '1:17.40%', '2:6.80%', '3:4.50%', '4:35.30%', '5:20.00%', '6:47.40%', '7:53.10%', '8:29.80%', '9:67.50%']
                                          ->0msec
                                                     -> Cluster 22, loss : 1.86, accuracy 33.05%, model from round 72
                                                     ['0:48.70%', '1:17.40%', '2:6.80%', '3:4.50%', '4:35.30%', '5:20.00%', '6:47.40%', '7:53.10%', '8:29.80%', '9:67.50%']
                                                                                              <-> Client 0, global : from 33.05% to 11.39%, local : from 31.20% to 95.00%, training time : 8200msec
                                                     Cluster 22, round 1, loss : 3.73, accuracy 11.39% <-
                                                     Time past : 8200msec
                                                     ['0:0.50%', '1:0.20%', '2:0.00%', '3:0.00%', '4:99.90%', '5:0.00%', '6:0.00%', '7:0.00%', '8:8.70%', '9:4.60%']
                                          0msec<-
                                          ->0msec
                                                     -> Cluster 36, loss : 1.86, accuracy 33.05%, model from round 72
                                                     ['0:48.70%', '1:17.40%', '2:6.80%', '3:4.50%', '4:35.30%', '5:20.00%', '6:47.40%', '7:53.10%', '8:29.80%', '9:67.50%']
                                                                                              <-> Client 0, global : from 33.05% to 10.96%, local : from 18.20% to 95.40%, training time : 8200msec
                                                     Cluster 36, round 1, loss : 3.31, accuracy 10.96% <-
                                                     Time past : 8200msec
                                                     ['0:5.80%', '1:99.90%', '2:0.00%', '3:0.70%', '4:0.00%', '5:0.80%', '6:0.00%', '7:1.70%', '8:0.70%', '9:0.00%']
                                          0msec<-
                                          ->0msec
                                                     -> Cluster 32, loss : 1.86, accuracy 33.05%, model from round 72
                                                     ['0:48.70%', '1:17.40%', '2:6.80%', '3:4.50%', '4:35.30%', '5:20.00%', '6:47.40%', '7:53.10%', '8:29.80%', '9:67.50%']
                                                                                              <-> Client 0, global : from 33.05% to 10.05%, local : from 18.20% to 95.00%, training time : 8200msec
                                                     Cluster 32, round 1, loss : 3.66, accuracy 10.05% <-
                                                     Time past : 8200msec
                                                     ['0:0.00%', '1:99.90%', '2:0.00%', '3:0.00%', '4:0.00%', '5:0.20%', '6:0.10%', '7:0.20%', '8:0.10%', '9:0.00%']
                                          0msec<-
                                          ->0msec
                                                     -> Cluster 44, loss : 1.86, accuracy 33.05%, model from round 72
                                                     ['0:48.70%', '1:17.40%', '2:6.80%', '3:4.50%', '4:35.30%', '5:20.00%', '6:47.40%', '7:53.10%', '8:29.80%', '9:67.50%']
                                                                                              <-> Client 0, global : from 33.05% to 10.36%, local : from 9.60% to 95.00%, training time : 8200msec
                                                     Cluster 44, round 1, loss : 3.89, accuracy 10.36% <-
                                                     Time past : 8200msec
                                                     ['0:0.00%', '1:0.00%', '2:100.00%', '3:0.00%', '4:0.00%', '5:0.00%', '6:0.00%', '7:0.00%', '8:3.60%', '9:0.00%']
                                          0msec<-
                                          ->0msec
                                                     -> Cluster 33, loss : 1.86, accuracy 33.05%, model from round 72
                                                     ['0:48.70%', '1:17.40%', '2:6.80%', '3:4.50%', '4:35.30%', '5:20.00%', '6:47.40%', '7:53.10%', '8:29.80%', '9:67.50%']
                                                                                              <-> Client 0, global : from 33.05% to 10.33%, local : from 16.00% to 95.40%, training time : 8200msec
                                                     Cluster 33, round 1, loss : 3.42, accuracy 10.33% <-
                                                     Time past : 8200msec
                                                     ['0:0.60%', '1:99.90%', '2:0.00%', '3:1.50%', '4:0.10%', '5:1.00%', '6:0.10%', '7:0.10%', '8:0.00%', '9:0.00%']
                                          0msec<-
                                          ->0msec
                                                     -> Cluster 6, loss : 1.86, accuracy 33.05%, model from round 72
                                                     ['0:48.70%', '1:17.40%', '2:6.80%', '3:4.50%', '4:35.30%', '5:20.00%', '6:47.40%', '7:53.10%', '8:29.80%', '9:67.50%']
                                                                                              <-> Client 0, global : from 33.05% to 18.25%, local : from 44.60% to 95.40%, training time : 8200msec
                                                     Cluster 6, round 1, loss : 3.15, accuracy 18.25% <-
                                                     Time past : 8200msec
                                                     ['0:37.30%', '1:8.20%', '2:0.00%', '3:0.00%', '4:0.00%', '5:0.40%', '6:99.80%', '7:9.60%', '8:9.10%', '9:18.10%']
                                          0msec<-
                                          ->0msec
                                                     -> Cluster 88, loss : 1.86, accuracy 33.05%, model from round 72
                                                     ['0:48.70%', '1:17.40%', '2:6.80%', '3:4.50%', '4:35.30%', '5:20.00%', '6:47.40%', '7:53.10%', '8:29.80%', '9:67.50%']
                                                                                              <-> Client 0, global : from 33.05% to 11.73%, local : from 16.23% to 95.79%, training time : 16200msec
                                                     Cluster 88, round 1, loss : 4.66, accuracy 11.73% <-
                                                     Time past : 16200msec
                                                     ['0:2.00%', '1:0.50%', '2:0.00%', '3:0.00%', '4:0.00%', '5:99.80%', '6:0.00%', '7:0.90%', '8:12.30%', '9:1.80%']
                                          0msec<-
                                          ->0msec
                                                     -> Cluster 43, loss : 1.86, accuracy 33.05%, model from round 72
                                                     ['0:48.70%', '1:17.40%', '2:6.80%', '3:4.50%', '4:35.30%', '5:20.00%', '6:47.40%', '7:53.10%', '8:29.80%', '9:67.50%']
                                                                                              <-> Client 0, global : from 33.05% to 10.06%, local : from 6.60% to 95.00%, training time : 8200msec
                                                     Cluster 43, round 1, loss : 4.87, accuracy 10.06% <-
                                                     Time past : 8200msec
                                                     ['0:0.00%', '1:0.00%', '2:100.00%', '3:0.00%', '4:0.00%', '5:0.00%', '6:0.00%', '7:0.00%', '8:0.60%', '9:0.00%']
                                          0msec<-
                                          ->0msec
                                                     -> Cluster 93, loss : 1.86, accuracy 33.05%, model from round 72
                                                     ['0:48.70%', '1:17.40%', '2:6.80%', '3:4.50%', '4:35.30%', '5:20.00%', '6:47.40%', '7:53.10%', '8:29.80%', '9:67.50%']
                                                                                              <-> Client 0, global : from 33.05% to 10.06%, local : from 44.69% to 95.19%, training time : 16200msec
                                                     Cluster 93, round 1, loss : 3.55, accuracy 10.06% <-
                                                     Time past : 16200msec
                                                     ['0:100.00%', '1:0.00%', '2:0.00%', '3:0.00%', '4:0.00%', '5:0.40%', '6:0.20%', '7:0.00%', '8:0.00%', '9:0.00%']
                                          0msec<-
                                          ->0msec
                                                     -> Cluster 14, loss : 1.86, accuracy 33.05%, model from round 72
                                                     ['0:48.70%', '1:17.40%', '2:6.80%', '3:4.50%', '4:35.30%', '5:20.00%', '6:47.40%', '7:53.10%', '8:29.80%', '9:67.50%']
                                                                                              <-> Client 0, global : from 33.05% to 11.59%, local : from 68.20% to 95.20%, training time : 8200msec
                                                     Cluster 14, round 1, loss : 3.83, accuracy 11.59% <-
                                                     Time past : 8200msec
                                                     ['0:0.20%', '1:0.00%', '2:0.00%', '3:0.00%', '4:10.00%', '5:5.70%', '6:0.10%', '7:0.00%', '8:0.20%', '9:99.70%']
                                          0msec<-
Central server round 72, loss : 1.85, accuracy :34.36%
Time past: 1158400msec
['0:48.30%', '1:67.10%', '2:32.50%', '3:1.60%', '4:29.40%', '5:30.70%', '6:54.30%', '7:24.10%', '8:30.90%', '9:24.70%']
                                          ->0msec
                                                     -> Cluster 85, loss : 1.85, accuracy 34.36%, model from round 73
                                                     ['0:48.30%', '1:67.10%', '2:32.50%', '3:1.60%', '4:29.40%', '5:30.70%', '6:54.30%', '7:24.10%', '8:30.90%', '9:24.70%']
                                                                                              <-> Client 0, global : from 34.36% to 12.58%, local : from 30.26% to 95.99%, training time : 16200msec
                                                     Cluster 85, round 1, loss : 4.32, accuracy 12.58% <-
                                                     Time past : 16200msec
                                                     ['0:10.30%', '1:0.10%', '2:0.00%', '3:0.00%', '4:0.00%', '5:99.70%', '6:0.00%', '7:0.00%', '8:12.60%', '9:3.10%']
                                          0msec<-
                                          ->0msec
                                                     -> Cluster 46, loss : 1.85, accuracy 34.36%, model from round 73
                                                     ['0:48.30%', '1:67.10%', '2:32.50%', '3:1.60%', '4:29.40%', '5:30.70%', '6:54.30%', '7:24.10%', '8:30.90%', '9:24.70%']
                                                                                              <-> Client 0, global : from 34.36% to 10.23%, local : from 36.40% to 95.00%, training time : 8200msec
                                                     Cluster 46, round 1, loss : 3.96, accuracy 10.23% <-
                                                     Time past : 8200msec
                                                     ['0:0.40%', '1:0.10%', '2:99.90%', '3:0.00%', '4:0.00%', '5:0.00%', '6:0.00%', '7:0.00%', '8:1.50%', '9:0.40%']
                                          0msec<-
                                          ->0msec
                                                     -> Cluster 77, loss : 1.85, accuracy 34.36%, model from round 73
                                                     ['0:48.30%', '1:67.10%', '2:32.50%', '3:1.60%', '4:29.40%', '5:30.70%', '6:54.30%', '7:24.10%', '8:30.90%', '9:24.70%']
                                                                                              <-> Client 0, global : from 34.36% to 13.25%, local : from 2.60% to 96.20%, training time : 16200msec
                                                     Cluster 77, round 1, loss : 3.96, accuracy 13.25% <-
                                                     Time past : 16200msec
                                                     ['0:2.00%', '1:4.20%', '2:0.00%', '3:99.60%', '4:0.00%', '5:0.00%', '6:0.00%', '7:0.30%', '8:26.40%', '9:0.00%']
                                          0msec<-
                                          ->0msec
                                                     -> Cluster 29, loss : 1.85, accuracy 34.36%, model from round 73
                                                     ['0:48.30%', '1:67.10%', '2:32.50%', '3:1.60%', '4:29.40%', '5:30.70%', '6:54.30%', '7:24.10%', '8:30.90%', '9:24.70%']
                                                                                              <-> Client 0, global : from 34.36% to 10.38%, local : from 32.20% to 95.00%, training time : 8200msec
                                                     Cluster 29, round 1, loss : 4.40, accuracy 10.38% <-
                                                     Time past : 8200msec
                                                     ['0:0.00%', '1:0.80%', '2:0.00%', '3:0.00%', '4:99.90%', '5:0.00%', '6:0.00%', '7:0.00%', '8:3.10%', '9:0.00%']
                                          0msec<-
                                          ->0msec
                                                     -> Cluster 22, loss : 1.85, accuracy 34.36%, model from round 73
                                                     ['0:48.30%', '1:67.10%', '2:32.50%', '3:1.60%', '4:29.40%', '5:30.70%', '6:54.30%', '7:24.10%', '8:30.90%', '9:24.70%']
                                                                                              <-> Client 0, global : from 34.36% to 10.48%, local : from 27.80% to 95.00%, training time : 8200msec
                                                     Cluster 22, round 1, loss : 4.45, accuracy 10.48% <-
                                                     Time past : 8200msec
                                                     ['0:0.10%', '1:0.10%', '2:0.00%', '3:0.00%', '4:99.90%', '5:0.00%', '6:0.00%', '7:0.00%', '8:3.90%', '9:0.80%']
                                          0msec<-
                                          ->0msec
                                                     -> Cluster 87, loss : 1.85, accuracy 34.36%, model from round 73
                                                     ['0:48.30%', '1:67.10%', '2:32.50%', '3:1.60%', '4:29.40%', '5:30.70%', '6:54.30%', '7:24.10%', '8:30.90%', '9:24.70%']
                                                                                              <-> Client 0, global : from 34.36% to 17.98%, local : from 33.27% to 96.59%, training time : 16200msec
                                                     Cluster 87, round 1, loss : 3.56, accuracy 17.98% <-
                                                     Time past : 16200msec
                                                     ['0:30.80%', '1:4.30%', '2:0.00%', '3:0.00%', '4:0.00%', '5:98.90%', '6:0.00%', '7:7.10%', '8:21.00%', '9:17.70%']
                                          0msec<-
                                          ->0msec
                                                     -> Cluster 96, loss : 1.85, accuracy 34.36%, model from round 73
                                                     ['0:48.30%', '1:67.10%', '2:32.50%', '3:1.60%', '4:29.40%', '5:30.70%', '6:54.30%', '7:24.10%', '8:30.90%', '9:24.70%']
                                                                                              <-> Client 0, global : from 34.36% to 10.10%, local : from 42.48% to 95.19%, training time : 16200msec
                                                     Cluster 96, round 1, loss : 4.24, accuracy 10.10% <-
                                                     Time past : 16200msec
                                                     ['0:100.00%', '1:0.00%', '2:0.00%', '3:0.10%', '4:0.00%', '5:0.70%', '6:0.00%', '7:0.00%', '8:0.00%', '9:0.20%']
                                          0msec<-
                                          ->0msec
                                                     -> Cluster 67, loss : 1.85, accuracy 34.36%, model from round 73
                                                     ['0:48.30%', '1:67.10%', '2:32.50%', '3:1.60%', '4:29.40%', '5:30.70%', '6:54.30%', '7:24.10%', '8:30.90%', '9:24.70%']
                                                                                              <-> Client 0, global : from 34.36% to 13.66%, local : from 37.00% to 95.40%, training time : 16200msec
                                                     Cluster 67, round 1, loss : 3.38, accuracy 13.66% <-
                                                     Time past : 16200msec
                                                     ['0:0.00%', '1:2.60%', '2:2.60%', '3:0.50%', '4:0.00%', '5:0.60%', '6:23.60%', '7:6.80%', '8:99.90%', '9:0.00%']
                                          0msec<-
                                          ->0msec
                                                     -> Cluster 50, loss : 1.85, accuracy 34.36%, model from round 73
                                                     ['0:48.30%', '1:67.10%', '2:32.50%', '3:1.60%', '4:29.40%', '5:30.70%', '6:54.30%', '7:24.10%', '8:30.90%', '9:24.70%']
                                                                                              <-> Client 0, global : from 34.36% to 10.86%, local : from 21.36% to 95.21%, training time : 16200msec
                                                     Cluster 50, round 1, loss : 4.34, accuracy 10.86% <-
                                                     Time past : 16200msec
                                                     ['0:3.50%', '1:0.90%', '2:0.00%', '3:0.00%', '4:0.00%', '5:0.20%', '6:0.00%', '7:100.00%', '8:0.00%', '9:4.00%']
                                          0msec<-
                                          ->0msec
                                                     -> Cluster 76, loss : 1.85, accuracy 34.36%, model from round 73
                                                     ['0:48.30%', '1:67.10%', '2:32.50%', '3:1.60%', '4:29.40%', '5:30.70%', '6:54.30%', '7:24.10%', '8:30.90%', '9:24.70%']
                                                                                              <-> Client 0, global : from 34.36% to 13.00%, local : from 3.40% to 95.40%, training time : 16200msec
                                                     Cluster 76, round 1, loss : 4.07, accuracy 13.00% <-
                                                     Time past : 16200msec
                                                     ['0:0.40%', '1:2.90%', '2:0.00%', '3:99.70%', '4:0.00%', '5:0.00%', '6:0.00%', '7:0.60%', '8:23.40%', '9:3.00%']
                                          0msec<-
Central server round 73, loss : 1.86, accuracy :32.92%
Time past: 1174600msec
['0:50.80%', '1:35.40%', '2:0.50%', '3:16.20%', '4:46.80%', '5:54.60%', '6:5.10%', '7:37.30%', '8:54.20%', '9:28.30%']
                                          ->0msec
                                                     -> Cluster 74, loss : 1.86, accuracy 32.92%, model from round 74
                                                     ['0:50.80%', '1:35.40%', '2:0.50%', '3:16.20%', '4:46.80%', '5:54.60%', '6:5.10%', '7:37.30%', '8:54.20%', '9:28.30%']
                                                                                              <-> Client 0, global : from 32.92% to 10.39%, local : from 16.20% to 95.20%, training time : 16200msec
                                                     Cluster 74, round 1, loss : 4.75, accuracy 10.39% <-
                                                     Time past : 16200msec
                                                     ['0:0.10%', '1:0.00%', '2:0.00%', '3:100.00%', '4:0.00%', '5:0.00%', '6:0.00%', '7:0.00%', '8:3.70%', '9:0.10%']
                                          0msec<-
                                          ->0msec
                                                     -> Cluster 22, loss : 1.86, accuracy 32.92%, model from round 74
                                                     ['0:50.80%', '1:35.40%', '2:0.50%', '3:16.20%', '4:46.80%', '5:54.60%', '6:5.10%', '7:37.30%', '8:54.20%', '9:28.30%']
                                                                                              <-> Client 0, global : from 32.92% to 10.68%, local : from 43.00% to 95.00%, training time : 8200msec
                                                     Cluster 22, round 1, loss : 4.50, accuracy 10.68% <-
                                                     Time past : 8200msec
                                                     ['0:0.10%', '1:0.10%', '2:0.00%', '3:0.00%', '4:99.90%', '5:0.00%', '6:0.00%', '7:0.00%', '8:4.80%', '9:1.90%']
                                          0msec<-
                                          ->0msec
                                                     -> Cluster 34, loss : 1.86, accuracy 32.92%, model from round 74
                                                     ['0:50.80%', '1:35.40%', '2:0.50%', '3:16.20%', '4:46.80%', '5:54.60%', '6:5.10%', '7:37.30%', '8:54.20%', '9:28.30%']
                                                                                              <-> Client 0, global : from 32.92% to 10.03%, local : from 31.80% to 95.00%, training time : 8200msec
                                                     Cluster 34, round 1, loss : 3.90, accuracy 10.03% <-
                                                     Time past : 8200msec
                                                     ['0:0.00%', '1:100.00%', '2:0.00%', '3:0.00%', '4:0.00%', '5:0.30%', '6:0.00%', '7:0.00%', '8:0.00%', '9:0.00%']
                                          0msec<-
                                          ->0msec
                                                     -> Cluster 66, loss : 1.86, accuracy 32.92%, model from round 74
                                                     ['0:50.80%', '1:35.40%', '2:0.50%', '3:16.20%', '4:46.80%', '5:54.60%', '6:5.10%', '7:37.30%', '8:54.20%', '9:28.30%']
                                                                                              <-> Client 0, global : from 32.92% to 10.91%, local : from 54.40% to 95.20%, training time : 16200msec
                                                     Cluster 66, round 1, loss : 4.03, accuracy 10.91% <-
                                                     Time past : 16200msec
                                                     ['0:0.00%', '1:0.00%', '2:0.00%', '3:0.30%', '4:3.00%', '5:0.70%', '6:2.80%', '7:2.20%', '8:100.00%', '9:0.10%']
                                          0msec<-
                                          ->0msec
                                                     -> Cluster 53, loss : 1.86, accuracy 32.92%, model from round 74
                                                     ['0:50.80%', '1:35.40%', '2:0.50%', '3:16.20%', '4:46.80%', '5:54.60%', '6:5.10%', '7:37.30%', '8:54.20%', '9:28.30%']
                                                                                              <-> Client 0, global : from 32.92% to 12.13%, local : from 34.40% to 95.40%, training time : 16200msec
                                                     Cluster 53, round 1, loss : 3.75, accuracy 12.13% <-
                                                     Time past : 16200msec
                                                     ['0:12.20%', '1:2.70%', '2:0.00%', '3:0.10%', '4:0.00%', '5:0.00%', '6:0.10%', '7:100.00%', '8:5.20%', '9:1.00%']
                                          0msec<-
                                          ->0msec
                                                     -> Cluster 87, loss : 1.86, accuracy 32.92%, model from round 74
                                                     ['0:50.80%', '1:35.40%', '2:0.50%', '3:16.20%', '4:46.80%', '5:54.60%', '6:5.10%', '7:37.30%', '8:54.20%', '9:28.30%']
                                                                                              <-> Client 0, global : from 32.92% to 16.38%, local : from 55.71% to 96.59%, training time : 16200msec
                                                     Cluster 87, round 1, loss : 3.61, accuracy 16.38% <-
                                                     Time past : 16200msec
                                                     ['0:20.80%', '1:3.50%', '2:0.00%', '3:0.00%', '4:0.10%', '5:99.20%', '6:0.00%', '7:5.30%', '8:15.40%', '9:19.50%']
                                          0msec<-
                                          ->0msec
                                                     -> Cluster 63, loss : 1.86, accuracy 32.92%, model from round 74
                                                     ['0:50.80%', '1:35.40%', '2:0.50%', '3:16.20%', '4:46.80%', '5:54.60%', '6:5.10%', '7:37.30%', '8:54.20%', '9:28.30%']
                                                                                              <-> Client 0, global : from 32.92% to 15.77%, local : from 53.00% to 96.00%, training time : 16200msec
                                                     Cluster 63, round 1, loss : 3.66, accuracy 15.77% <-
                                                     Time past : 16200msec
                                                     ['0:0.00%', '1:0.20%', '2:0.00%', '3:0.10%', '4:39.20%', '5:4.90%', '6:13.90%', '7:0.00%', '8:99.40%', '9:0.00%']
                                          0msec<-
                                          ->0msec
                                                     -> Cluster 28, loss : 1.86, accuracy 32.92%, model from round 74
                                                     ['0:50.80%', '1:35.40%', '2:0.50%', '3:16.20%', '4:46.80%', '5:54.60%', '6:5.10%', '7:37.30%', '8:54.20%', '9:28.30%']
                                                                                              <-> Client 0, global : from 32.92% to 12.93%, local : from 48.40% to 95.20%, training time : 8200msec
                                                     Cluster 28, round 1, loss : 3.39, accuracy 12.93% <-
                                                     Time past : 8200msec
                                                     ['0:0.00%', '1:0.10%', '2:0.00%', '3:0.10%', '4:99.50%', '5:0.00%', '6:0.00%', '7:0.00%', '8:19.10%', '9:10.50%']
                                          0msec<-
                                          ->0msec
                                                     -> Cluster 49, loss : 1.86, accuracy 32.92%, model from round 74
                                                     ['0:50.80%', '1:35.40%', '2:0.50%', '3:16.20%', '4:46.80%', '5:54.60%', '6:5.10%', '7:37.30%', '8:54.20%', '9:28.30%']
                                                                                              <-> Client 0, global : from 32.92% to 11.58%, local : from 1.60% to 95.00%, training time : 8200msec
                                                     Cluster 49, round 1, loss : 4.03, accuracy 11.58% <-
                                                     Time past : 8200msec
                                                     ['0:0.00%', '1:0.20%', '2:99.70%', '3:0.00%', '4:0.00%', '5:0.00%', '6:0.00%', '7:0.00%', '8:2.50%', '9:13.40%']
                                          0msec<-
                                          ->0msec
                                                     -> Cluster 64, loss : 1.86, accuracy 32.92%, model from round 74
                                                     ['0:50.80%', '1:35.40%', '2:0.50%', '3:16.20%', '4:46.80%', '5:54.60%', '6:5.10%', '7:37.30%', '8:54.20%', '9:28.30%']
                                                                                              <-> Client 0, global : from 32.92% to 13.50%, local : from 51.40% to 95.80%, training time : 16200msec
                                                     Cluster 64, round 1, loss : 3.48, accuracy 13.50% <-
                                                     Time past : 16200msec
                                                     ['0:0.20%', '1:0.20%', '2:0.30%', '3:0.10%', '4:14.90%', '5:0.00%', '6:4.40%', '7:14.60%', '8:100.00%', '9:0.30%']
                                          0msec<-
Central server round 74, loss : 1.94, accuracy :28.02%
Time past: 1190800msec
['0:4.10%', '1:26.50%', '2:0.40%', '3:19.10%', '4:68.30%', '5:17.60%', '6:9.30%', '7:26.70%', '8:86.40%', '9:21.80%']
                                          ->0msec
                                                     -> Cluster 13, loss : 1.94, accuracy 28.02%, model from round 75
                                                     ['0:4.10%', '1:26.50%', '2:0.40%', '3:19.10%', '4:68.30%', '5:17.60%', '6:9.30%', '7:26.70%', '8:86.40%', '9:21.80%']
                                                                                              <-> Client 0, global : from 28.02% to 10.57%, local : from 20.20% to 95.00%, training time : 8200msec
                                                     Cluster 13, round 1, loss : 3.95, accuracy 10.57% <-
                                                     Time past : 8200msec
                                                     ['0:0.10%', '1:0.00%', '2:0.00%', '3:0.50%', '4:0.20%', '5:4.80%', '6:0.00%', '7:0.30%', '8:0.00%', '9:99.80%']
                                          0msec<-
                                          ->0msec
                                                     -> Cluster 44, loss : 1.94, accuracy 28.02%, model from round 75
                                                     ['0:4.10%', '1:26.50%', '2:0.40%', '3:19.10%', '4:68.30%', '5:17.60%', '6:9.30%', '7:26.70%', '8:86.40%', '9:21.80%']
                                                                                              <-> Client 0, global : from 28.02% to 10.09%, local : from 2.60% to 95.00%, training time : 8200msec
                                                     Cluster 44, round 1, loss : 4.18, accuracy 10.09% <-
                                                     Time past : 8200msec
                                                     ['0:0.00%', '1:0.00%', '2:100.00%', '3:0.00%', '4:0.00%', '5:0.00%', '6:0.00%', '7:0.00%', '8:0.90%', '9:0.00%']
                                          0msec<-
                                          ->0msec
                                                     -> Cluster 67, loss : 1.94, accuracy 28.02%, model from round 75
                                                     ['0:4.10%', '1:26.50%', '2:0.40%', '3:19.10%', '4:68.30%', '5:17.60%', '6:9.30%', '7:26.70%', '8:86.40%', '9:21.80%']
                                                                                              <-> Client 0, global : from 28.02% to 12.32%, local : from 83.20% to 95.20%, training time : 16200msec
                                                     Cluster 67, round 1, loss : 4.17, accuracy 12.32% <-
                                                     Time past : 16200msec
                                                     ['0:0.00%', '1:0.90%', '2:0.50%', '3:0.60%', '4:0.00%', '5:0.00%', '6:17.20%', '7:4.00%', '8:100.00%', '9:0.00%']
                                          0msec<-
                                          ->0msec
                                                     -> Cluster 18, loss : 1.94, accuracy 28.02%, model from round 75
                                                     ['0:4.10%', '1:26.50%', '2:0.40%', '3:19.10%', '4:68.30%', '5:17.60%', '6:9.30%', '7:26.70%', '8:86.40%', '9:21.80%']
                                                                                              <-> Client 0, global : from 28.02% to 10.96%, local : from 23.20% to 95.20%, training time : 8200msec
                                                     Cluster 18, round 1, loss : 3.48, accuracy 10.96% <-
                                                     Time past : 8200msec
                                                     ['0:0.20%', '1:0.00%', '2:0.20%', '3:1.40%', '4:1.70%', '5:5.00%', '6:0.10%', '7:1.10%', '8:0.20%', '9:99.70%']
                                          0msec<-
                                          ->0msec
                                                     -> Cluster 38, loss : 1.94, accuracy 28.02%, model from round 75
                                                     ['0:4.10%', '1:26.50%', '2:0.40%', '3:19.10%', '4:68.30%', '5:17.60%', '6:9.30%', '7:26.70%', '8:86.40%', '9:21.80%']
                                                                                              <-> Client 0, global : from 28.02% to 10.38%, local : from 26.60% to 95.20%, training time : 8200msec
                                                     Cluster 38, round 1, loss : 3.96, accuracy 10.38% <-
                                                     Time past : 8200msec
                                                     ['0:0.00%', '1:99.90%', '2:0.00%', '3:0.00%', '4:0.00%', '5:3.90%', '6:0.00%', '7:0.00%', '8:0.00%', '9:0.00%']
                                          0msec<-
                                          ->0msec
                                                     -> Cluster 61, loss : 1.94, accuracy 28.02%, model from round 75
                                                     ['0:4.10%', '1:26.50%', '2:0.40%', '3:19.10%', '4:68.30%', '5:17.60%', '6:9.30%', '7:26.70%', '8:86.40%', '9:21.80%']
                                                                                              <-> Client 0, global : from 28.02% to 13.21%, local : from 82.04% to 95.41%, training time : 16200msec
                                                     Cluster 61, round 1, loss : 3.86, accuracy 13.21% <-
                                                     Time past : 16200msec
                                                     ['0:0.00%', '1:0.10%', '2:0.00%', '3:1.00%', '4:23.40%', '5:3.70%', '6:0.00%', '7:3.70%', '8:100.00%', '9:0.20%']
                                          0msec<-
                                          ->0msec
                                                     -> Cluster 80, loss : 1.94, accuracy 28.02%, model from round 75
                                                     ['0:4.10%', '1:26.50%', '2:0.40%', '3:19.10%', '4:68.30%', '5:17.60%', '6:9.30%', '7:26.70%', '8:86.40%', '9:21.80%']
                                                                                              <-> Client 0, global : from 28.02% to 12.16%, local : from 18.40% to 95.40%, training time : 16200msec
                                                     Cluster 80, round 1, loss : 4.45, accuracy 12.16% <-
                                                     Time past : 16200msec
                                                     ['0:0.60%', '1:9.90%', '2:0.00%', '3:0.00%', '4:0.00%', '5:99.80%', '6:0.00%', '7:0.40%', '8:8.50%', '9:2.40%']
                                          0msec<-
                                          ->0msec
                                                     -> Cluster 69, loss : 1.94, accuracy 28.02%, model from round 75
                                                     ['0:4.10%', '1:26.50%', '2:0.40%', '3:19.10%', '4:68.30%', '5:17.60%', '6:9.30%', '7:26.70%', '8:86.40%', '9:21.80%']
                                                                                              <-> Client 0, global : from 28.02% to 18.69%, local : from 84.40% to 96.00%, training time : 16200msec
                                                     Cluster 69, round 1, loss : 3.01, accuracy 18.69% <-
                                                     Time past : 16200msec
                                                     ['0:0.00%', '1:0.00%', '2:1.30%', '3:0.00%', '4:28.70%', '5:0.10%', '6:44.80%', '7:12.60%', '8:99.00%', '9:0.40%']
                                          0msec<-
                                          ->0msec
                                                     -> Cluster 19, loss : 1.94, accuracy 28.02%, model from round 75
                                                     ['0:4.10%', '1:26.50%', '2:0.40%', '3:19.10%', '4:68.30%', '5:17.60%', '6:9.30%', '7:26.70%', '8:86.40%', '9:21.80%']
                                                                                              <-> Client 0, global : from 28.02% to 10.94%, local : from 22.20% to 95.00%, training time : 8200msec
                                                     Cluster 19, round 1, loss : 3.31, accuracy 10.94% <-
                                                     Time past : 8200msec
                                                     ['0:1.00%', '1:0.00%', '2:0.00%', '3:0.20%', '4:0.00%', '5:5.80%', '6:0.30%', '7:0.80%', '8:1.60%', '9:99.70%']
                                          0msec<-
                                          ->0msec
                                                     -> Cluster 57, loss : 1.94, accuracy 28.02%, model from round 75
                                                     ['0:4.10%', '1:26.50%', '2:0.40%', '3:19.10%', '4:68.30%', '5:17.60%', '6:9.30%', '7:26.70%', '8:86.40%', '9:21.80%']
                                                                                              <-> Client 0, global : from 28.02% to 12.31%, local : from 28.20% to 95.20%, training time : 16200msec
                                                     Cluster 57, round 1, loss : 4.08, accuracy 12.31% <-
                                                     Time past : 16200msec
                                                     ['0:13.70%', '1:3.80%', '2:0.00%', '3:0.00%', '4:0.00%', '5:0.00%', '6:0.00%', '7:99.90%', '8:5.30%', '9:0.40%']
                                          0msec<-
Central server round 75, loss : 1.93, accuracy :30.12%
Time past: 1207000msec
['0:7.80%', '1:14.80%', '2:8.70%', '3:1.80%', '4:11.60%', '5:43.00%', '6:35.00%', '7:37.10%', '8:76.80%', '9:64.60%']
                                          ->0msec
                                                     -> Cluster 95, loss : 1.93, accuracy 30.12%, model from round 76
                                                     ['0:7.80%', '1:14.80%', '2:8.70%', '3:1.80%', '4:11.60%', '5:43.00%', '6:35.00%', '7:37.10%', '8:76.80%', '9:64.60%']
                                                                                              <-> Client 0, global : from 30.12% to 10.13%, local : from 8.82% to 95.39%, training time : 16200msec
                                                     Cluster 95, round 1, loss : 3.77, accuracy 10.13% <-
                                                     Time past : 16200msec
                                                     ['0:100.00%', '1:0.00%', '2:0.00%', '3:0.00%', '4:0.00%', '5:0.00%', '6:1.20%', '7:0.00%', '8:0.00%', '9:0.10%']
                                          0msec<-
                                          ->0msec
                                                     -> Cluster 83, loss : 1.93, accuracy 30.12%, model from round 76
                                                     ['0:7.80%', '1:14.80%', '2:8.70%', '3:1.80%', '4:11.60%', '5:43.00%', '6:35.00%', '7:37.10%', '8:76.80%', '9:64.60%']
                                                                                              <-> Client 0, global : from 30.12% to 10.56%, local : from 41.88% to 95.19%, training time : 16200msec
                                                     Cluster 83, round 1, loss : 4.23, accuracy 10.56% <-
                                                     Time past : 16200msec
                                                     ['0:0.80%', '1:1.00%', '2:0.00%', '3:0.00%', '4:0.00%', '5:100.00%', '6:0.00%', '7:0.00%', '8:3.80%', '9:0.00%']
                                          0msec<-
                                          ->0msec
                                                     -> Cluster 37, loss : 1.93, accuracy 30.12%, model from round 76
                                                     ['0:7.80%', '1:14.80%', '2:8.70%', '3:1.80%', '4:11.60%', '5:43.00%', '6:35.00%', '7:37.10%', '8:76.80%', '9:64.60%']
                                                                                              <-> Client 0, global : from 30.12% to 10.06%, local : from 15.20% to 95.20%, training time : 8200msec
                                                     Cluster 37, round 1, loss : 4.13, accuracy 10.06% <-
                                                     Time past : 8200msec
                                                     ['0:0.00%', '1:100.00%', '2:0.00%', '3:0.00%', '4:0.00%', '5:0.50%', '6:0.00%', '7:0.10%', '8:0.00%', '9:0.00%']
                                          0msec<-
                                          ->0msec
                                                     -> Cluster 1, loss : 1.93, accuracy 30.12%, model from round 76
                                                     ['0:7.80%', '1:14.80%', '2:8.70%', '3:1.80%', '4:11.60%', '5:43.00%', '6:35.00%', '7:37.10%', '8:76.80%', '9:64.60%']
                                                                                              <-> Client 0, global : from 30.12% to 16.12%, local : from 30.54% to 95.61%, training time : 8200msec
                                                     Cluster 1, round 1, loss : 3.75, accuracy 16.12% <-
                                                     Time past : 8200msec
                                                     ['0:5.80%', '1:2.30%', '2:0.00%', '3:0.00%', '4:0.20%', '5:0.40%', '6:100.00%', '7:0.10%', '8:45.40%', '9:7.00%']
                                          0msec<-
                                          ->0msec
                                                     -> Cluster 54, loss : 1.93, accuracy 30.12%, model from round 76
                                                     ['0:7.80%', '1:14.80%', '2:8.70%', '3:1.80%', '4:11.60%', '5:43.00%', '6:35.00%', '7:37.10%', '8:76.80%', '9:64.60%']
                                                                                              <-> Client 0, global : from 30.12% to 11.55%, local : from 36.80% to 95.00%, training time : 16200msec
                                                     Cluster 54, round 1, loss : 3.97, accuracy 11.55% <-
                                                     Time past : 16200msec
                                                     ['0:7.20%', '1:0.20%', '2:0.00%', '3:0.10%', '4:0.00%', '5:0.20%', '6:0.80%', '7:99.90%', '8:7.10%', '9:0.00%']
                                          0msec<-
                                          ->0msec
                                                     -> Cluster 86, loss : 1.93, accuracy 30.12%, model from round 76
                                                     ['0:7.80%', '1:14.80%', '2:8.70%', '3:1.80%', '4:11.60%', '5:43.00%', '6:35.00%', '7:37.10%', '8:76.80%', '9:64.60%']
                                                                                              <-> Client 0, global : from 30.12% to 15.14%, local : from 44.69% to 96.39%, training time : 16200msec
                                                     Cluster 86, round 1, loss : 3.23, accuracy 15.14% <-
                                                     Time past : 16200msec
                                                     ['0:0.90%', '1:4.70%', '2:0.00%', '3:0.00%', '4:0.90%', '5:99.60%', '6:0.40%', '7:0.80%', '8:24.30%', '9:19.80%']
                                          0msec<-
                                          ->0msec
                                                     -> Cluster 71, loss : 1.93, accuracy 30.12%, model from round 76
                                                     ['0:7.80%', '1:14.80%', '2:8.70%', '3:1.80%', '4:11.60%', '5:43.00%', '6:35.00%', '7:37.10%', '8:76.80%', '9:64.60%']
                                                                                              <-> Client 0, global : from 30.12% to 11.87%, local : from 4.00% to 95.60%, training time : 16200msec
                                                     Cluster 71, round 1, loss : 4.03, accuracy 11.87% <-
                                                     Time past : 16200msec
                                                     ['0:1.70%', '1:1.50%', '2:0.00%', '3:99.90%', '4:0.00%', '5:0.00%', '6:0.00%', '7:0.10%', '8:7.40%', '9:8.10%']
                                          0msec<-
                                          ->0msec
                                                     -> Cluster 94, loss : 1.93, accuracy 30.12%, model from round 76
                                                     ['0:7.80%', '1:14.80%', '2:8.70%', '3:1.80%', '4:11.60%', '5:43.00%', '6:35.00%', '7:37.10%', '8:76.80%', '9:64.60%']
                                                                                              <-> Client 0, global : from 30.12% to 10.01%, local : from 9.02% to 95.19%, training time : 16200msec
                                                     Cluster 94, round 1, loss : 4.39, accuracy 10.01% <-
                                                     Time past : 16200msec
                                                     ['0:100.00%', '1:0.00%', '2:0.00%', '3:0.00%', '4:0.00%', '5:0.00%', '6:0.10%', '7:0.00%', '8:0.00%', '9:0.00%']
                                          0msec<-
                                          ->0msec
                                                     -> Cluster 97, loss : 1.93, accuracy 30.12%, model from round 76
                                                     ['0:7.80%', '1:14.80%', '2:8.70%', '3:1.80%', '4:11.60%', '5:43.00%', '6:35.00%', '7:37.10%', '8:76.80%', '9:64.60%']
                                                                                              <-> Client 0, global : from 30.12% to 10.14%, local : from 6.41% to 95.19%, training time : 16200msec
                                                     Cluster 97, round 1, loss : 3.93, accuracy 10.14% <-
                                                     Time past : 16200msec
                                                     ['0:100.00%', '1:0.00%', '2:0.00%', '3:0.10%', '4:1.20%', '5:0.00%', '6:0.10%', '7:0.00%', '8:0.00%', '9:0.00%']
                                          0msec<-
                                          ->0msec
                                                     -> Cluster 44, loss : 1.93, accuracy 30.12%, model from round 76
                                                     ['0:7.80%', '1:14.80%', '2:8.70%', '3:1.80%', '4:11.60%', '5:43.00%', '6:35.00%', '7:37.10%', '8:76.80%', '9:64.60%']
                                                                                              <-> Client 0, global : from 30.12% to 10.01%, local : from 12.00% to 95.00%, training time : 8200msec
                                                     Cluster 44, round 1, loss : 4.84, accuracy 10.01% <-
                                                     Time past : 8200msec
                                                     ['0:0.00%', '1:0.00%', '2:100.00%', '3:0.00%', '4:0.00%', '5:0.00%', '6:0.00%', '7:0.00%', '8:0.10%', '9:0.00%']
                                          0msec<-
Central server round 76, loss : 1.88, accuracy :30.96%
Time past: 1223200msec
['0:79.60%', '1:35.50%', '2:5.70%', '3:6.20%', '4:11.50%', '5:51.80%', '6:56.40%', '7:31.20%', '8:14.10%', '9:17.60%']
                                          ->0msec
                                                     -> Cluster 70, loss : 1.88, accuracy 30.96%, model from round 77
                                                     ['0:79.60%', '1:35.50%', '2:5.70%', '3:6.20%', '4:11.50%', '5:51.80%', '6:56.40%', '7:31.20%', '8:14.10%', '9:17.60%']
                                                                                              <-> Client 0, global : from 30.96% to 10.33%, local : from 6.00% to 95.00%, training time : 16200msec
                                                     Cluster 70, round 1, loss : 4.35, accuracy 10.33% <-
                                                     Time past : 16200msec
                                                     ['0:0.80%', '1:0.00%', '2:0.00%', '3:100.00%', '4:0.00%', '5:0.00%', '6:0.00%', '7:0.00%', '8:2.50%', '9:0.00%']
                                          0msec<-
                                          ->0msec
                                                     -> Cluster 20, loss : 1.88, accuracy 30.96%, model from round 77
                                                     ['0:79.60%', '1:35.50%', '2:5.70%', '3:6.20%', '4:11.50%', '5:51.80%', '6:56.40%', '7:31.20%', '8:14.10%', '9:17.60%']
                                                                                              <-> Client 0, global : from 30.96% to 11.66%, local : from 12.77% to 95.61%, training time : 8200msec
                                                     Cluster 20, round 1, loss : 3.39, accuracy 11.66% <-
                                                     Time past : 8200msec
                                                     ['0:0.00%', '1:0.90%', '2:0.00%', '3:0.10%', '4:99.70%', '5:1.40%', '6:0.00%', '7:0.00%', '8:13.90%', '9:0.60%']
                                          0msec<-
                                          ->0msec
                                                     -> Cluster 40, loss : 1.88, accuracy 30.96%, model from round 77
                                                     ['0:79.60%', '1:35.50%', '2:5.70%', '3:6.20%', '4:11.50%', '5:51.80%', '6:56.40%', '7:31.20%', '8:14.10%', '9:17.60%']
                                                                                              <-> Client 0, global : from 30.96% to 10.23%, local : from 7.19% to 94.81%, training time : 8200msec
                                                     Cluster 40, round 1, loss : 4.01, accuracy 10.23% <-
                                                     Time past : 8200msec
                                                     ['0:0.00%', '1:0.00%', '2:99.90%', '3:0.00%', '4:0.00%', '5:0.00%', '6:0.00%', '7:0.00%', '8:0.00%', '9:2.40%']
                                          0msec<-
                                          ->0msec
                                                     -> Cluster 92, loss : 1.88, accuracy 30.96%, model from round 77
                                                     ['0:79.60%', '1:35.50%', '2:5.70%', '3:6.20%', '4:11.50%', '5:51.80%', '6:56.40%', '7:31.20%', '8:14.10%', '9:17.60%']
                                                                                              <-> Client 0, global : from 30.96% to 10.34%, local : from 75.40% to 95.00%, training time : 16200msec
                                                     Cluster 92, round 1, loss : 4.05, accuracy 10.34% <-
                                                     Time past : 16200msec
                                                     ['0:99.80%', '1:0.00%', '2:0.00%', '3:0.00%', '4:0.40%', '5:0.00%', '6:3.20%', '7:0.00%', '8:0.00%', '9:0.00%']
                                          0msec<-
                                          ->0msec
                                                     -> Cluster 62, loss : 1.88, accuracy 30.96%, model from round 77
                                                     ['0:79.60%', '1:35.50%', '2:5.70%', '3:6.20%', '4:11.50%', '5:51.80%', '6:56.40%', '7:31.20%', '8:14.10%', '9:17.60%']
                                                                                              <-> Client 0, global : from 30.96% to 10.93%, local : from 16.60% to 95.20%, training time : 16200msec
                                                     Cluster 62, round 1, loss : 3.63, accuracy 10.93% <-
                                                     Time past : 16200msec
                                                     ['0:0.00%', '1:0.10%', '2:0.30%', '3:0.10%', '4:1.40%', '5:1.30%', '6:4.80%', '7:1.30%', '8:100.00%', '9:0.00%']
                                          0msec<-
                                          ->0msec
                                                     -> Cluster 22, loss : 1.88, accuracy 30.96%, model from round 77
                                                     ['0:79.60%', '1:35.50%', '2:5.70%', '3:6.20%', '4:11.50%', '5:51.80%', '6:56.40%', '7:31.20%', '8:14.10%', '9:17.60%']
                                                                                              <-> Client 0, global : from 30.96% to 10.25%, local : from 10.60% to 95.00%, training time : 8200msec
                                                     Cluster 22, round 1, loss : 4.71, accuracy 10.25% <-
                                                     Time past : 8200msec
                                                     ['0:0.00%', '1:0.10%', '2:0.00%', '3:0.00%', '4:100.00%', '5:0.00%', '6:0.00%', '7:0.00%', '8:1.70%', '9:0.70%']
                                          0msec<-
                                          ->0msec
                                                     -> Cluster 69, loss : 1.88, accuracy 30.96%, model from round 77
                                                     ['0:79.60%', '1:35.50%', '2:5.70%', '3:6.20%', '4:11.50%', '5:51.80%', '6:56.40%', '7:31.20%', '8:14.10%', '9:17.60%']
                                                                                              <-> Client 0, global : from 30.96% to 14.37%, local : from 13.80% to 96.20%, training time : 16200msec
                                                     Cluster 69, round 1, loss : 3.79, accuracy 14.37% <-
                                                     Time past : 16200msec
                                                     ['0:0.00%', '1:0.10%', '2:2.00%', '3:0.10%', '4:16.20%', '5:0.00%', '6:22.30%', '7:2.90%', '8:100.00%', '9:0.10%']
                                          0msec<-
                                          ->0msec
                                                     -> Cluster 50, loss : 1.88, accuracy 30.96%, model from round 77
                                                     ['0:79.60%', '1:35.50%', '2:5.70%', '3:6.20%', '4:11.50%', '5:51.80%', '6:56.40%', '7:31.20%', '8:14.10%', '9:17.60%']
                                                                                              <-> Client 0, global : from 30.96% to 11.05%, local : from 30.34% to 95.21%, training time : 16200msec
                                                     Cluster 50, round 1, loss : 4.42, accuracy 11.05% <-
                                                     Time past : 16200msec
                                                     ['0:4.80%', '1:1.00%', '2:0.00%', '3:0.00%', '4:0.00%', '5:0.20%', '6:0.00%', '7:100.00%', '8:0.00%', '9:4.50%']
                                          0msec<-
                                          ->0msec
                                                     -> Cluster 59, loss : 1.88, accuracy 30.96%, model from round 77
                                                     ['0:79.60%', '1:35.50%', '2:5.70%', '3:6.20%', '4:11.50%', '5:51.80%', '6:56.40%', '7:31.20%', '8:14.10%', '9:17.60%']
                                                                                              <-> Client 0, global : from 30.96% to 13.44%, local : from 30.00% to 95.60%, training time : 16200msec
                                                     Cluster 59, round 1, loss : 3.46, accuracy 13.44% <-
                                                     Time past : 16200msec
                                                     ['0:7.80%', '1:5.70%', '2:0.00%', '3:0.10%', '4:0.00%', '5:0.00%', '6:1.10%', '7:99.60%', '8:18.90%', '9:1.20%']
                                          0msec<-
                                          ->0msec
                                                     -> Cluster 25, loss : 1.88, accuracy 30.96%, model from round 77
                                                     ['0:79.60%', '1:35.50%', '2:5.70%', '3:6.20%', '4:11.50%', '5:51.80%', '6:56.40%', '7:31.20%', '8:14.10%', '9:17.60%']
                                                                                              <-> Client 0, global : from 30.96% to 11.25%, local : from 12.60% to 95.40%, training time : 8200msec
                                                     Cluster 25, round 1, loss : 3.67, accuracy 11.25% <-
                                                     Time past : 8200msec
                                                     ['0:0.30%', '1:3.90%', '2:0.00%', '3:0.00%', '4:99.90%', '5:0.00%', '6:0.00%', '7:0.00%', '8:8.40%', '9:0.00%']
                                          0msec<-
Central server round 77, loss : 1.93, accuracy :30.08%
Time past: 1239400msec
['0:35.70%', '1:21.10%', '2:0.80%', '3:13.70%', '4:75.80%', '5:4.80%', '6:5.30%', '7:41.00%', '8:75.00%', '9:27.60%']
                                          ->0msec
                                                     -> Cluster 70, loss : 1.93, accuracy 30.08%, model from round 78
                                                     ['0:35.70%', '1:21.10%', '2:0.80%', '3:13.70%', '4:75.80%', '5:4.80%', '6:5.30%', '7:41.00%', '8:75.00%', '9:27.60%']
                                                                                              <-> Client 0, global : from 30.08% to 10.07%, local : from 17.40% to 95.00%, training time : 16200msec
                                                     Cluster 70, round 1, loss : 4.61, accuracy 10.07% <-
                                                     Time past : 16200msec
                                                     ['0:0.10%', '1:0.00%', '2:0.00%', '3:100.00%', '4:0.00%', '5:0.00%', '6:0.00%', '7:0.00%', '8:0.60%', '9:0.00%']
                                          0msec<-
                                          ->0msec
                                                     -> Cluster 68, loss : 1.93, accuracy 30.08%, model from round 78
                                                     ['0:35.70%', '1:21.10%', '2:0.80%', '3:13.70%', '4:75.80%', '5:4.80%', '6:5.30%', '7:41.00%', '8:75.00%', '9:27.60%']
                                                                                              <-> Client 0, global : from 30.08% to 12.83%, local : from 72.40% to 95.60%, training time : 16200msec
                                                     Cluster 68, round 1, loss : 3.46, accuracy 12.83% <-
                                                     Time past : 16200msec
                                                     ['0:0.10%', '1:0.00%', '2:0.10%', '3:0.30%', '4:0.00%', '5:0.10%', '6:20.40%', '7:7.40%', '8:99.90%', '9:0.00%']
                                          0msec<-
                                          ->0msec
                                                     -> Cluster 15, loss : 1.93, accuracy 30.08%, model from round 78
                                                     ['0:35.70%', '1:21.10%', '2:0.80%', '3:13.70%', '4:75.80%', '5:4.80%', '6:5.30%', '7:41.00%', '8:75.00%', '9:27.60%']
                                                                                              <-> Client 0, global : from 30.08% to 11.95%, local : from 31.80% to 95.20%, training time : 8200msec
                                                     Cluster 15, round 1, loss : 3.56, accuracy 11.95% <-
                                                     Time past : 8200msec
                                                     ['0:0.50%', '1:0.00%', '2:0.00%', '3:0.00%', '4:6.50%', '5:4.80%', '6:6.80%', '7:0.40%', '8:0.90%', '9:99.60%']
                                          0msec<-
                                          ->0msec
                                                     -> Cluster 49, loss : 1.93, accuracy 30.08%, model from round 78
                                                     ['0:35.70%', '1:21.10%', '2:0.80%', '3:13.70%', '4:75.80%', '5:4.80%', '6:5.30%', '7:41.00%', '8:75.00%', '9:27.60%']
                                                                                              <-> Client 0, global : from 30.08% to 10.62%, local : from 2.80% to 95.20%, training time : 8200msec
                                                     Cluster 49, round 1, loss : 4.48, accuracy 10.62% <-
                                                     Time past : 8200msec
                                                     ['0:0.00%', '1:0.00%', '2:99.80%', '3:0.00%', '4:0.00%', '5:0.00%', '6:0.00%', '7:0.00%', '8:0.90%', '9:5.50%']
                                          0msec<-
                                          ->0msec
                                                     -> Cluster 71, loss : 1.93, accuracy 30.08%, model from round 78
                                                     ['0:35.70%', '1:21.10%', '2:0.80%', '3:13.70%', '4:75.80%', '5:4.80%', '6:5.30%', '7:41.00%', '8:75.00%', '9:27.60%']
                                                                                              <-> Client 0, global : from 30.08% to 12.40%, local : from 20.20% to 95.60%, training time : 16200msec
                                                     Cluster 71, round 1, loss : 3.83, accuracy 12.40% <-
                                                     Time past : 16200msec
                                                     ['0:1.80%', '1:2.70%', '2:0.00%', '3:99.90%', '4:0.00%', '5:0.00%', '6:0.00%', '7:0.20%', '8:7.50%', '9:11.90%']
                                          0msec<-
                                          ->0msec
                                                     -> Cluster 65, loss : 1.93, accuracy 30.08%, model from round 78
                                                     ['0:35.70%', '1:21.10%', '2:0.80%', '3:13.70%', '4:75.80%', '5:4.80%', '6:5.30%', '7:41.00%', '8:75.00%', '9:27.60%']
                                                                                              <-> Client 0, global : from 30.08% to 15.85%, local : from 66.80% to 95.60%, training time : 16200msec
                                                     Cluster 65, round 1, loss : 3.06, accuracy 15.85% <-
                                                     Time past : 16200msec
                                                     ['0:0.00%', '1:0.00%', '2:0.10%', '3:0.00%', '4:2.50%', '5:11.20%', '6:19.50%', '7:24.20%', '8:99.80%', '9:1.20%']
                                          0msec<-
                                          ->0msec
                                                     -> Cluster 40, loss : 1.93, accuracy 30.08%, model from round 78
                                                     ['0:35.70%', '1:21.10%', '2:0.80%', '3:13.70%', '4:75.80%', '5:4.80%', '6:5.30%', '7:41.00%', '8:75.00%', '9:27.60%']
                                                                                              <-> Client 0, global : from 30.08% to 10.06%, local : from 2.00% to 95.01%, training time : 8200msec
                                                     Cluster 40, round 1, loss : 4.10, accuracy 10.06% <-
                                                     Time past : 8200msec
                                                     ['0:0.00%', '1:0.00%', '2:99.90%', '3:0.00%', '4:0.00%', '5:0.00%', '6:0.00%', '7:0.00%', '8:0.00%', '9:0.70%']
                                          0msec<-
                                          ->0msec
                                                     -> Cluster 50, loss : 1.93, accuracy 30.08%, model from round 78
                                                     ['0:35.70%', '1:21.10%', '2:0.80%', '3:13.70%', '4:75.80%', '5:4.80%', '6:5.30%', '7:41.00%', '8:75.00%', '9:27.60%']
                                                                                              <-> Client 0, global : from 30.08% to 12.28%, local : from 37.13% to 95.41%, training time : 16200msec
                                                     Cluster 50, round 1, loss : 3.93, accuracy 12.28% <-
                                                     Time past : 16200msec
                                                     ['0:12.00%', '1:3.10%', '2:0.00%', '3:0.00%', '4:0.00%', '5:0.50%', '6:0.00%', '7:100.00%', '8:0.00%', '9:7.20%']
                                          0msec<-
                                          ->0msec
                                                     -> Cluster 35, loss : 1.93, accuracy 30.08%, model from round 78
                                                     ['0:35.70%', '1:21.10%', '2:0.80%', '3:13.70%', '4:75.80%', '5:4.80%', '6:5.30%', '7:41.00%', '8:75.00%', '9:27.60%']
                                                                                              <-> Client 0, global : from 30.08% to 10.00%, local : from 22.20% to 95.00%, training time : 8200msec
                                                     Cluster 35, round 1, loss : 4.22, accuracy 10.00% <-
                                                     Time past : 8200msec
                                                     ['0:0.00%', '1:100.00%', '2:0.00%', '3:0.00%', '4:0.00%', '5:0.00%', '6:0.00%', '7:0.00%', '8:0.00%', '9:0.00%']
                                          0msec<-
                                          ->0msec
                                                     -> Cluster 8, loss : 1.93, accuracy 30.08%, model from round 78
                                                     ['0:35.70%', '1:21.10%', '2:0.80%', '3:13.70%', '4:75.80%', '5:4.80%', '6:5.30%', '7:41.00%', '8:75.00%', '9:27.60%']
                                                                                              <-> Client 0, global : from 30.08% to 15.45%, local : from 6.20% to 95.40%, training time : 8200msec
                                                     Cluster 8, round 1, loss : 3.63, accuracy 15.45% <-
                                                     Time past : 8200msec
                                                     ['0:8.20%', '1:5.10%', '2:0.00%', '3:0.00%', '4:0.00%', '5:0.00%', '6:99.90%', '7:0.00%', '8:21.30%', '9:20.00%']
                                          0msec<-
Central server round 78, loss : 1.84, accuracy :34.41%
Time past: 1255600msec
['0:29.00%', '1:31.90%', '2:43.50%', '3:45.60%', '4:2.50%', '5:3.60%', '6:39.30%', '7:30.40%', '8:63.20%', '9:55.10%']
                                          ->0msec
                                                     -> Cluster 55, loss : 1.84, accuracy 34.41%, model from round 79
                                                     ['0:29.00%', '1:31.90%', '2:43.50%', '3:45.60%', '4:2.50%', '5:3.60%', '6:39.30%', '7:30.40%', '8:63.20%', '9:55.10%']
                                                                                              <-> Client 0, global : from 34.41% to 11.66%, local : from 32.00% to 96.00%, training time : 16200msec
                                                     Cluster 55, round 1, loss : 3.86, accuracy 11.66% <-
                                                     Time past : 16200msec
                                                     ['0:5.30%', '1:3.90%', '2:0.00%', '3:0.00%', '4:0.00%', '5:0.00%', '6:2.60%', '7:99.70%', '8:1.50%', '9:3.60%']
                                          0msec<-
                                          ->0msec
                                                     -> Cluster 18, loss : 1.84, accuracy 34.41%, model from round 79
                                                     ['0:29.00%', '1:31.90%', '2:43.50%', '3:45.60%', '4:2.50%', '5:3.60%', '6:39.30%', '7:30.40%', '8:63.20%', '9:55.10%']
                                                                                              <-> Client 0, global : from 34.41% to 10.80%, local : from 56.60% to 95.60%, training time : 8200msec
                                                     Cluster 18, round 1, loss : 3.84, accuracy 10.80% <-
                                                     Time past : 8200msec
                                                     ['0:0.10%', '1:0.00%', '2:0.20%', '3:1.50%', '4:0.70%', '5:4.60%', '6:0.10%', '7:0.70%', '8:0.30%', '9:99.80%']
                                          0msec<-
                                          ->0msec
                                                     -> Cluster 33, loss : 1.84, accuracy 34.41%, model from round 79
                                                     ['0:29.00%', '1:31.90%', '2:43.50%', '3:45.60%', '4:2.50%', '5:3.60%', '6:39.30%', '7:30.40%', '8:63.20%', '9:55.10%']
                                                                                              <-> Client 0, global : from 34.41% to 10.17%, local : from 32.20% to 95.20%, training time : 8200msec
                                                     Cluster 33, round 1, loss : 3.64, accuracy 10.17% <-
                                                     Time past : 8200msec
                                                     ['0:0.10%', '1:99.90%', '2:0.00%', '3:1.10%', '4:0.00%', '5:0.50%', '6:0.00%', '7:0.10%', '8:0.00%', '9:0.00%']
                                          0msec<-
                                          ->0msec
                                                     -> Cluster 47, loss : 1.84, accuracy 34.41%, model from round 79
                                                     ['0:29.00%', '1:31.90%', '2:43.50%', '3:45.60%', '4:2.50%', '5:3.60%', '6:39.30%', '7:30.40%', '8:63.20%', '9:55.10%']
                                                                                              <-> Client 0, global : from 34.41% to 10.12%, local : from 45.20% to 95.00%, training time : 8200msec
                                                     Cluster 47, round 1, loss : 4.14, accuracy 10.12% <-
                                                     Time past : 8200msec
                                                     ['0:0.00%', '1:0.70%', '2:99.90%', '3:0.00%', '4:0.00%', '5:0.00%', '6:0.00%', '7:0.40%', '8:0.00%', '9:0.20%']
                                          0msec<-
                                          ->0msec
                                                     -> Cluster 87, loss : 1.84, accuracy 34.41%, model from round 79
                                                     ['0:29.00%', '1:31.90%', '2:43.50%', '3:45.60%', '4:2.50%', '5:3.60%', '6:39.30%', '7:30.40%', '8:63.20%', '9:55.10%']
                                                                                              <-> Client 0, global : from 34.41% to 14.11%, local : from 4.61% to 96.19%, training time : 16200msec
                                                     Cluster 87, round 1, loss : 4.14, accuracy 14.11% <-
                                                     Time past : 16200msec
                                                     ['0:7.70%', '1:3.40%', '2:0.00%', '3:0.00%', '4:0.00%', '5:99.60%', '6:0.00%', '7:1.50%', '8:12.60%', '9:16.30%']
                                          0msec<-
                                          ->0msec
                                                     -> Cluster 23, loss : 1.84, accuracy 34.41%, model from round 79
                                                     ['0:29.00%', '1:31.90%', '2:43.50%', '3:45.60%', '4:2.50%', '5:3.60%', '6:39.30%', '7:30.40%', '8:63.20%', '9:55.10%']
                                                                                              <-> Client 0, global : from 34.41% to 13.21%, local : from 4.80% to 95.00%, training time : 8200msec
                                                     Cluster 23, round 1, loss : 3.61, accuracy 13.21% <-
                                                     Time past : 8200msec
                                                     ['0:11.40%', '1:9.00%', '2:0.00%', '3:0.10%', '4:99.70%', '5:0.20%', '6:0.00%', '7:0.00%', '8:11.30%', '9:0.40%']
                                          0msec<-
                                          ->0msec
                                                     -> Cluster 73, loss : 1.84, accuracy 34.41%, model from round 79
                                                     ['0:29.00%', '1:31.90%', '2:43.50%', '3:45.60%', '4:2.50%', '5:3.60%', '6:39.30%', '7:30.40%', '8:63.20%', '9:55.10%']
                                                                                              <-> Client 0, global : from 34.41% to 12.00%, local : from 46.20% to 95.20%, training time : 16200msec
                                                     Cluster 73, round 1, loss : 3.82, accuracy 12.00% <-
                                                     Time past : 16200msec
                                                     ['0:16.50%', '1:1.50%', '2:0.00%', '3:99.90%', '4:0.00%', '5:0.00%', '6:0.00%', '7:0.30%', '8:0.90%', '9:0.90%']
                                          0msec<-
                                          ->0msec
                                                     -> Cluster 99, loss : 1.84, accuracy 34.41%, model from round 79
                                                     ['0:29.00%', '1:31.90%', '2:43.50%', '3:45.60%', '4:2.50%', '5:3.60%', '6:39.30%', '7:30.40%', '8:63.20%', '9:55.10%']
                                                                                              <-> Client 0, global : from 34.41% to 10.19%, local : from 30.46% to 95.39%, training time : 16200msec
                                                     Cluster 99, round 1, loss : 4.12, accuracy 10.19% <-
                                                     Time past : 16200msec
                                                     ['0:100.00%', '1:0.00%', '2:0.00%', '3:0.00%', '4:0.00%', '5:1.70%', '6:0.20%', '7:0.00%', '8:0.00%', '9:0.00%']
                                          0msec<-
                                          ->0msec
                                                     -> Cluster 65, loss : 1.84, accuracy 34.41%, model from round 79
                                                     ['0:29.00%', '1:31.90%', '2:43.50%', '3:45.60%', '4:2.50%', '5:3.60%', '6:39.30%', '7:30.40%', '8:63.20%', '9:55.10%']
                                                                                              <-> Client 0, global : from 34.41% to 15.37%, local : from 59.60% to 96.00%, training time : 16200msec
                                                     Cluster 65, round 1, loss : 3.38, accuracy 15.37% <-
                                                     Time past : 16200msec
                                                     ['0:0.00%', '1:0.00%', '2:0.20%', '3:0.00%', '4:2.80%', '5:14.30%', '6:22.00%', '7:14.60%', '8:99.70%', '9:0.10%']
                                          0msec<-
                                          ->0msec
                                                     -> Cluster 25, loss : 1.84, accuracy 34.41%, model from round 79
                                                     ['0:29.00%', '1:31.90%', '2:43.50%', '3:45.60%', '4:2.50%', '5:3.60%', '6:39.30%', '7:30.40%', '8:63.20%', '9:55.10%']
                                                                                              <-> Client 0, global : from 34.41% to 10.75%, local : from 5.00% to 95.20%, training time : 8200msec
                                                     Cluster 25, round 1, loss : 4.13, accuracy 10.75% <-
                                                     Time past : 8200msec
                                                     ['0:0.60%', '1:1.20%', '2:0.00%', '3:0.00%', '4:99.90%', '5:0.00%', '6:0.00%', '7:0.00%', '8:5.70%', '9:0.10%']
                                          0msec<-
Central server round 79, loss : 1.79, accuracy :34.22%
Time past: 1271800msec
['0:56.70%', '1:48.10%', '2:5.00%', '3:13.70%', '4:50.10%', '5:42.00%', '6:12.00%', '7:39.40%', '8:36.20%', '9:39.00%']
                                          ->0msec
                                                     -> Cluster 58, loss : 1.79, accuracy 34.22%, model from round 80
                                                     ['0:56.70%', '1:48.10%', '2:5.00%', '3:13.70%', '4:50.10%', '5:42.00%', '6:12.00%', '7:39.40%', '8:36.20%', '9:39.00%']
                                                                                              <-> Client 0, global : from 34.22% to 13.31%, local : from 37.40% to 95.60%, training time : 16200msec
                                                     Cluster 58, round 1, loss : 3.71, accuracy 13.31% <-
                                                     Time past : 16200msec
                                                     ['0:1.70%', '1:7.80%', '2:0.00%', '3:0.00%', '4:0.00%', '5:0.00%', '6:0.00%', '7:99.40%', '8:24.20%', '9:0.00%']
                                          0msec<-
                                          ->0msec
                                                     -> Cluster 42, loss : 1.79, accuracy 34.22%, model from round 80
                                                     ['0:56.70%', '1:48.10%', '2:5.00%', '3:13.70%', '4:50.10%', '5:42.00%', '6:12.00%', '7:39.40%', '8:36.20%', '9:39.00%']
                                                                                              <-> Client 0, global : from 34.22% to 10.44%, local : from 5.40% to 95.20%, training time : 8200msec
                                                     Cluster 42, round 1, loss : 4.19, accuracy 10.44% <-
                                                     Time past : 8200msec
                                                     ['0:0.00%', '1:0.10%', '2:99.90%', '3:0.00%', '4:0.00%', '5:0.00%', '6:0.00%', '7:0.00%', '8:1.60%', '9:2.80%']
                                          0msec<-
                                          ->0msec
                                                     -> Cluster 14, loss : 1.79, accuracy 34.22%, model from round 80
                                                     ['0:56.70%', '1:48.10%', '2:5.00%', '3:13.70%', '4:50.10%', '5:42.00%', '6:12.00%', '7:39.40%', '8:36.20%', '9:39.00%']
                                                                                              <-> Client 0, global : from 34.22% to 11.69%, local : from 38.80% to 95.00%, training time : 8200msec
                                                     Cluster 14, round 1, loss : 3.77, accuracy 11.69% <-
                                                     Time past : 8200msec
                                                     ['0:2.20%', '1:0.00%', '2:0.00%', '3:0.00%', '4:8.10%', '5:6.40%', '6:0.10%', '7:0.00%', '8:0.30%', '9:99.80%']
                                          0msec<-
                                          ->0msec
                                                     -> Cluster 41, loss : 1.79, accuracy 34.22%, model from round 80
                                                     ['0:56.70%', '1:48.10%', '2:5.00%', '3:13.70%', '4:50.10%', '5:42.00%', '6:12.00%', '7:39.40%', '8:36.20%', '9:39.00%']
                                                                                              <-> Client 0, global : from 34.22% to 11.78%, local : from 7.58% to 94.61%, training time : 8200msec
                                                     Cluster 41, round 1, loss : 3.48, accuracy 11.78% <-
                                                     Time past : 8200msec
                                                     ['0:0.00%', '1:0.20%', '2:99.90%', '3:0.00%', '4:0.00%', '5:0.00%', '6:0.00%', '7:0.30%', '8:12.30%', '9:5.10%']
                                          0msec<-
                                          ->0msec
                                                     -> Cluster 97, loss : 1.79, accuracy 34.22%, model from round 80
                                                     ['0:56.70%', '1:48.10%', '2:5.00%', '3:13.70%', '4:50.10%', '5:42.00%', '6:12.00%', '7:39.40%', '8:36.20%', '9:39.00%']
                                                                                              <-> Client 0, global : from 34.22% to 10.07%, local : from 55.31% to 95.19%, training time : 16200msec
                                                     Cluster 97, round 1, loss : 4.51, accuracy 10.07% <-
                                                     Time past : 16200msec
                                                     ['0:100.00%', '1:0.00%', '2:0.00%', '3:0.10%', '4:0.60%', '5:0.00%', '6:0.00%', '7:0.00%', '8:0.00%', '9:0.00%']
                                          0msec<-
                                          ->0msec
                                                     -> Cluster 18, loss : 1.79, accuracy 34.22%, model from round 80
                                                     ['0:56.70%', '1:48.10%', '2:5.00%', '3:13.70%', '4:50.10%', '5:42.00%', '6:12.00%', '7:39.40%', '8:36.20%', '9:39.00%']
                                                                                              <-> Client 0, global : from 34.22% to 10.91%, local : from 41.20% to 95.60%, training time : 8200msec
                                                     Cluster 18, round 1, loss : 3.95, accuracy 10.91% <-
                                                     Time past : 8200msec
                                                     ['0:0.00%', '1:0.00%', '2:0.50%', '3:1.40%', '4:1.80%', '5:4.80%', '6:0.10%', '7:0.50%', '8:0.20%', '9:99.80%']
                                          0msec<-
                                          ->0msec
                                                     -> Cluster 21, loss : 1.79, accuracy 34.22%, model from round 80
                                                     ['0:56.70%', '1:48.10%', '2:5.00%', '3:13.70%', '4:50.10%', '5:42.00%', '6:12.00%', '7:39.40%', '8:36.20%', '9:39.00%']
                                                                                              <-> Client 0, global : from 34.22% to 12.31%, local : from 49.70% to 94.81%, training time : 8200msec
                                                     Cluster 21, round 1, loss : 3.39, accuracy 12.31% <-
                                                     Time past : 8200msec
                                                     ['0:2.10%', '1:0.10%', '2:0.00%', '3:0.00%', '4:99.60%', '5:0.60%', '6:0.00%', '7:0.00%', '8:12.80%', '9:7.90%']
                                          0msec<-
                                          ->0msec
                                                     -> Cluster 5, loss : 1.79, accuracy 34.22%, model from round 80
                                                     ['0:56.70%', '1:48.10%', '2:5.00%', '3:13.70%', '4:50.10%', '5:42.00%', '6:12.00%', '7:39.40%', '8:36.20%', '9:39.00%']
                                                                                              <-> Client 0, global : from 34.22% to 15.11%, local : from 12.80% to 95.40%, training time : 8200msec
                                                     Cluster 5, round 1, loss : 3.62, accuracy 15.11% <-
                                                     Time past : 8200msec
                                                     ['0:6.30%', '1:2.10%', '2:0.00%', '3:0.00%', '4:0.00%', '5:0.00%', '6:100.00%', '7:0.80%', '8:23.60%', '9:18.30%']
                                          0msec<-
                                          ->0msec
                                                     -> Cluster 85, loss : 1.79, accuracy 34.22%, model from round 80
                                                     ['0:56.70%', '1:48.10%', '2:5.00%', '3:13.70%', '4:50.10%', '5:42.00%', '6:12.00%', '7:39.40%', '8:36.20%', '9:39.00%']
                                                                                              <-> Client 0, global : from 34.22% to 14.34%, local : from 41.08% to 96.39%, training time : 16200msec
                                                     Cluster 85, round 1, loss : 4.25, accuracy 14.34% <-
                                                     Time past : 16200msec
                                                     ['0:23.30%', '1:0.20%', '2:0.00%', '3:0.00%', '4:0.00%', '5:99.70%', '6:0.00%', '7:0.10%', '8:9.70%', '9:10.40%']
                                          0msec<-
                                          ->0msec
                                                     -> Cluster 62, loss : 1.79, accuracy 34.22%, model from round 80
                                                     ['0:56.70%', '1:48.10%', '2:5.00%', '3:13.70%', '4:50.10%', '5:42.00%', '6:12.00%', '7:39.40%', '8:36.20%', '9:39.00%']
                                                                                              <-> Client 0, global : from 34.22% to 10.51%, local : from 37.20% to 95.20%, training time : 16200msec
                                                     Cluster 62, round 1, loss : 3.82, accuracy 10.51% <-
                                                     Time past : 16200msec
                                                     ['0:0.00%', '1:0.10%', '2:0.30%', '3:0.10%', '4:1.40%', '5:1.00%', '6:1.30%', '7:0.90%', '8:100.00%', '9:0.00%']
                                          0msec<-
Central server round 80, loss : 1.84, accuracy :34.37%
Time past: 1288000msec
['0:43.60%', '1:13.30%', '2:39.50%', '3:1.90%', '4:15.10%', '5:42.20%', '6:37.80%', '7:28.90%', '8:53.70%', '9:67.70%']
                                          ->0msec
                                                     -> Cluster 74, loss : 1.84, accuracy 34.37%, model from round 81
                                                     ['0:43.60%', '1:13.30%', '2:39.50%', '3:1.90%', '4:15.10%', '5:42.20%', '6:37.80%', '7:28.90%', '8:53.70%', '9:67.70%']
                                                                                              <-> Client 0, global : from 34.37% to 14.55%, local : from 3.20% to 95.80%, training time : 16200msec
                                                     Cluster 74, round 1, loss : 3.29, accuracy 14.55% <-
                                                     Time past : 16200msec
                                                     ['0:1.80%', '1:1.30%', '2:0.00%', '3:99.90%', '4:0.00%', '5:0.00%', '6:0.00%', '7:2.90%', '8:31.40%', '9:8.20%']
                                          0msec<-
                                          ->0msec
                                                     -> Cluster 49, loss : 1.84, accuracy 34.37%, model from round 81
                                                     ['0:43.60%', '1:13.30%', '2:39.50%', '3:1.90%', '4:15.10%', '5:42.20%', '6:37.80%', '7:28.90%', '8:53.70%', '9:67.70%']
                                                                                              <-> Client 0, global : from 34.37% to 11.33%, local : from 43.00% to 95.40%, training time : 8200msec
                                                     Cluster 49, round 1, loss : 4.26, accuracy 11.33% <-
                                                     Time past : 8200msec
                                                     ['0:0.00%', '1:0.20%', '2:99.70%', '3:0.00%', '4:0.00%', '5:0.00%', '6:0.00%', '7:0.00%', '8:1.50%', '9:11.90%']
                                          0msec<-
                                          ->0msec
                                                     -> Cluster 19, loss : 1.84, accuracy 34.37%, model from round 81
                                                     ['0:43.60%', '1:13.30%', '2:39.50%', '3:1.90%', '4:15.10%', '5:42.20%', '6:37.80%', '7:28.90%', '8:53.70%', '9:67.70%']
                                                                                              <-> Client 0, global : from 34.37% to 11.00%, local : from 69.00% to 95.00%, training time : 8200msec
                                                     Cluster 19, round 1, loss : 3.58, accuracy 11.00% <-
                                                     Time past : 8200msec
                                                     ['0:4.00%', '1:0.00%', '2:0.00%', '3:0.10%', '4:0.00%', '5:3.00%', '6:0.30%', '7:0.30%', '8:2.40%', '9:99.90%']
                                          0msec<-
                                          ->0msec
                                                     -> Cluster 5, loss : 1.84, accuracy 34.37%, model from round 81
                                                     ['0:43.60%', '1:13.30%', '2:39.50%', '3:1.90%', '4:15.10%', '5:42.20%', '6:37.80%', '7:28.90%', '8:53.70%', '9:67.70%']
                                                                                              <-> Client 0, global : from 34.37% to 14.40%, local : from 33.20% to 95.40%, training time : 8200msec
                                                     Cluster 5, round 1, loss : 3.97, accuracy 14.40% <-
                                                     Time past : 8200msec
                                                     ['0:6.00%', '1:1.30%', '2:0.00%', '3:0.00%', '4:0.00%', '5:0.00%', '6:100.00%', '7:0.90%', '8:23.00%', '9:12.80%']
                                          0msec<-
                                          ->0msec
                                                     -> Cluster 4, loss : 1.84, accuracy 34.37%, model from round 81
                                                     ['0:43.60%', '1:13.30%', '2:39.50%', '3:1.90%', '4:15.10%', '5:42.20%', '6:37.80%', '7:28.90%', '8:53.70%', '9:67.70%']
                                                                                              <-> Client 0, global : from 34.37% to 14.27%, local : from 32.80% to 95.60%, training time : 8200msec
                                                     Cluster 4, round 1, loss : 4.01, accuracy 14.27% <-
                                                     Time past : 8200msec
                                                     ['0:24.90%', '1:2.90%', '2:0.00%', '3:0.00%', '4:0.00%', '5:0.00%', '6:99.90%', '7:0.40%', '8:11.80%', '9:2.80%']
                                          0msec<-
                                          ->0msec
                                                     -> Cluster 21, loss : 1.84, accuracy 34.37%, model from round 81
                                                     ['0:43.60%', '1:13.30%', '2:39.50%', '3:1.90%', '4:15.10%', '5:42.20%', '6:37.80%', '7:28.90%', '8:53.70%', '9:67.70%']
                                                                                              <-> Client 0, global : from 34.37% to 11.03%, local : from 14.97% to 94.81%, training time : 8200msec
                                                     Cluster 21, round 1, loss : 3.81, accuracy 11.03% <-
                                                     Time past : 8200msec
                                                     ['0:1.00%', '1:0.10%', '2:0.10%', '3:0.00%', '4:99.90%', '5:0.20%', '6:0.00%', '7:0.00%', '8:5.00%', '9:4.00%']
                                          0msec<-
                                          ->0msec
                                                     -> Cluster 55, loss : 1.84, accuracy 34.37%, model from round 81
                                                     ['0:43.60%', '1:13.30%', '2:39.50%', '3:1.90%', '4:15.10%', '5:42.20%', '6:37.80%', '7:28.90%', '8:53.70%', '9:67.70%']
                                                                                              <-> Client 0, global : from 34.37% to 11.49%, local : from 30.40% to 96.00%, training time : 16200msec
                                                     Cluster 55, round 1, loss : 4.11, accuracy 11.49% <-
                                                     Time past : 16200msec
                                                     ['0:5.10%', '1:3.10%', '2:0.00%', '3:0.00%', '4:0.00%', '5:0.00%', '6:1.00%', '7:99.90%', '8:1.00%', '9:4.80%']
                                          0msec<-
                                          ->0msec
                                                     -> Cluster 81, loss : 1.84, accuracy 34.37%, model from round 81
                                                     ['0:43.60%', '1:13.30%', '2:39.50%', '3:1.90%', '4:15.10%', '5:42.20%', '6:37.80%', '7:28.90%', '8:53.70%', '9:67.70%']
                                                                                              <-> Client 0, global : from 34.37% to 12.48%, local : from 44.00% to 95.60%, training time : 16200msec
                                                     Cluster 81, round 1, loss : 2.97, accuracy 12.48% <-
                                                     Time past : 16200msec
                                                     ['0:4.80%', '1:6.60%', '2:0.00%', '3:0.00%', '4:1.20%', '5:99.90%', '6:0.00%', '7:0.20%', '8:1.10%', '9:11.00%']
                                          0msec<-
                                          ->0msec
                                                     -> Cluster 0, loss : 1.84, accuracy 34.37%, model from round 81
                                                     ['0:43.60%', '1:13.30%', '2:39.50%', '3:1.90%', '4:15.10%', '5:42.20%', '6:37.80%', '7:28.90%', '8:53.70%', '9:67.70%']
                                                                                              <-> Client 0, global : from 34.37% to 14.75%, local : from 37.52% to 94.81%, training time : 8200msec
                                                     Cluster 0, round 1, loss : 3.14, accuracy 14.75% <-
                                                     Time past : 8200msec
                                                     ['0:12.00%', '1:6.00%', '2:0.00%', '3:0.00%', '4:0.00%', '5:0.50%', '6:99.90%', '7:0.10%', '8:20.80%', '9:8.20%']
                                          0msec<-
                                          ->0msec
                                                     -> Cluster 27, loss : 1.84, accuracy 34.37%, model from round 81
                                                     ['0:43.60%', '1:13.30%', '2:39.50%', '3:1.90%', '4:15.10%', '5:42.20%', '6:37.80%', '7:28.90%', '8:53.70%', '9:67.70%']
                                                                                              <-> Client 0, global : from 34.37% to 10.45%, local : from 14.80% to 95.00%, training time : 8200msec
                                                     Cluster 27, round 1, loss : 4.42, accuracy 10.45% <-
                                                     Time past : 8200msec
                                                     ['0:0.00%', '1:2.40%', '2:0.00%', '3:0.00%', '4:100.00%', '5:0.00%', '6:0.00%', '7:0.00%', '8:0.70%', '9:1.40%']
                                          0msec<-
Central server round 81, loss : 1.87, accuracy :32.82%
Time past: 1304200msec
['0:37.20%', '1:17.50%', '2:7.70%', '3:1.50%', '4:16.20%', '5:27.10%', '6:88.50%', '7:35.00%', '8:39.50%', '9:58.00%']
                                          ->0msec
                                                     -> Cluster 94, loss : 1.87, accuracy 32.82%, model from round 82
                                                     ['0:37.20%', '1:17.50%', '2:7.70%', '3:1.50%', '4:16.20%', '5:27.10%', '6:88.50%', '7:35.00%', '8:39.50%', '9:58.00%']
                                                                                              <-> Client 0, global : from 32.82% to 10.41%, local : from 35.47% to 95.39%, training time : 16200msec
                                                     Cluster 94, round 1, loss : 3.82, accuracy 10.41% <-
                                                     Time past : 16200msec
                                                     ['0:100.00%', '1:0.10%', '2:0.00%', '3:0.00%', '4:0.00%', '5:1.70%', '6:1.10%', '7:1.20%', '8:0.00%', '9:0.00%']
                                          0msec<-
                                          ->0msec
                                                     -> Cluster 9, loss : 1.87, accuracy 32.82%, model from round 82
                                                     ['0:37.20%', '1:17.50%', '2:7.70%', '3:1.50%', '4:16.20%', '5:27.10%', '6:88.50%', '7:35.00%', '8:39.50%', '9:58.00%']
                                                                                              <-> Client 0, global : from 32.82% to 14.76%, local : from 83.60% to 96.20%, training time : 8200msec
                                                     Cluster 9, round 1, loss : 3.73, accuracy 14.76% <-
                                                     Time past : 8200msec
                                                     ['0:18.90%', '1:5.80%', '2:0.00%', '3:0.00%', '4:0.00%', '5:0.00%', '6:99.90%', '7:0.00%', '8:11.60%', '9:11.40%']
                                          0msec<-
                                          ->0msec
                                                     -> Cluster 62, loss : 1.87, accuracy 32.82%, model from round 82
                                                     ['0:37.20%', '1:17.50%', '2:7.70%', '3:1.50%', '4:16.20%', '5:27.10%', '6:88.50%', '7:35.00%', '8:39.50%', '9:58.00%']
                                                                                              <-> Client 0, global : from 32.82% to 12.02%, local : from 41.60% to 96.00%, training time : 16200msec
                                                     Cluster 62, round 1, loss : 3.29, accuracy 12.02% <-
                                                     Time past : 16200msec
                                                     ['0:0.00%', '1:1.60%', '2:0.30%', '3:1.20%', '4:1.90%', '5:2.80%', '6:4.80%', '7:7.30%', '8:100.00%', '9:0.30%']
                                          0msec<-
                                          ->0msec
                                                     -> Cluster 54, loss : 1.87, accuracy 32.82%, model from round 82
                                                     ['0:37.20%', '1:17.50%', '2:7.70%', '3:1.50%', '4:16.20%', '5:27.10%', '6:88.50%', '7:35.00%', '8:39.50%', '9:58.00%']
                                                                                              <-> Client 0, global : from 32.82% to 13.05%, local : from 30.40% to 95.40%, training time : 16200msec
                                                     Cluster 54, round 1, loss : 3.44, accuracy 13.05% <-
                                                     Time past : 16200msec
                                                     ['0:16.60%', '1:0.70%', '2:0.00%', '3:0.10%', '4:0.00%', '5:0.50%', '6:2.30%', '7:99.60%', '8:10.60%', '9:0.10%']
                                          0msec<-
                                          ->0msec
                                                     -> Cluster 36, loss : 1.87, accuracy 32.82%, model from round 82
                                                     ['0:37.20%', '1:17.50%', '2:7.70%', '3:1.50%', '4:16.20%', '5:27.10%', '6:88.50%', '7:35.00%', '8:39.50%', '9:58.00%']
                                                                                              <-> Client 0, global : from 32.82% to 10.53%, local : from 17.40% to 95.40%, training time : 8200msec
                                                     Cluster 36, round 1, loss : 3.45, accuracy 10.53% <-
                                                     Time past : 8200msec
                                                     ['0:1.60%', '1:99.90%', '2:0.00%', '3:0.30%', '4:0.00%', '5:0.50%', '6:0.00%', '7:1.80%', '8:1.20%', '9:0.00%']
                                          0msec<-
                                          ->0msec
                                                     -> Cluster 19, loss : 1.87, accuracy 32.82%, model from round 82
                                                     ['0:37.20%', '1:17.50%', '2:7.70%', '3:1.50%', '4:16.20%', '5:27.10%', '6:88.50%', '7:35.00%', '8:39.50%', '9:58.00%']
                                                                                              <-> Client 0, global : from 32.82% to 11.86%, local : from 60.80% to 94.80%, training time : 8200msec
                                                     Cluster 19, round 1, loss : 3.13, accuracy 11.86% <-
                                                     Time past : 8200msec
                                                     ['0:4.70%', '1:0.00%', '2:0.00%', '3:0.10%', '4:0.20%', '5:7.40%', '6:2.80%', '7:1.00%', '8:2.70%', '9:99.70%']
                                          0msec<-
                                          ->0msec
                                                     -> Cluster 14, loss : 1.87, accuracy 32.82%, model from round 82
                                                     ['0:37.20%', '1:17.50%', '2:7.70%', '3:1.50%', '4:16.20%', '5:27.10%', '6:88.50%', '7:35.00%', '8:39.50%', '9:58.00%']
                                                                                              <-> Client 0, global : from 32.82% to 11.94%, local : from 56.40% to 95.00%, training time : 8200msec
                                                     Cluster 14, round 1, loss : 3.63, accuracy 11.94% <-
                                                     Time past : 8200msec
                                                     ['0:2.60%', '1:0.00%', '2:0.10%', '3:0.00%', '4:10.60%', '5:5.60%', '6:0.10%', '7:0.00%', '8:0.60%', '9:99.80%']
                                          0msec<-
                                          ->0msec
                                                     -> Cluster 69, loss : 1.87, accuracy 32.82%, model from round 82
                                                     ['0:37.20%', '1:17.50%', '2:7.70%', '3:1.50%', '4:16.20%', '5:27.10%', '6:88.50%', '7:35.00%', '8:39.50%', '9:58.00%']
                                                                                              <-> Client 0, global : from 32.82% to 17.01%, local : from 40.00% to 96.40%, training time : 16200msec
                                                     Cluster 69, round 1, loss : 3.22, accuracy 17.01% <-
                                                     Time past : 16200msec
                                                     ['0:0.00%', '1:0.20%', '2:5.40%', '3:0.00%', '4:18.90%', '5:0.00%', '6:39.30%', '7:6.50%', '8:99.70%', '9:0.10%']
                                          0msec<-
                                          ->0msec
                                                     -> Cluster 43, loss : 1.87, accuracy 32.82%, model from round 82
                                                     ['0:37.20%', '1:17.50%', '2:7.70%', '3:1.50%', '4:16.20%', '5:27.10%', '6:88.50%', '7:35.00%', '8:39.50%', '9:58.00%']
                                                                                              <-> Client 0, global : from 32.82% to 11.03%, local : from 8.00% to 95.20%, training time : 8200msec
                                                     Cluster 43, round 1, loss : 4.45, accuracy 11.03% <-
                                                     Time past : 8200msec
                                                     ['0:0.00%', '1:0.50%', '2:99.80%', '3:0.00%', '4:0.00%', '5:0.00%', '6:0.00%', '7:0.00%', '8:10.00%', '9:0.00%']
                                          0msec<-
                                          ->0msec
                                                     -> Cluster 85, loss : 1.87, accuracy 32.82%, model from round 82
                                                     ['0:37.20%', '1:17.50%', '2:7.70%', '3:1.50%', '4:16.20%', '5:27.10%', '6:88.50%', '7:35.00%', '8:39.50%', '9:58.00%']
                                                                                              <-> Client 0, global : from 32.82% to 17.63%, local : from 23.45% to 97.19%, training time : 16200msec
                                                     Cluster 85, round 1, loss : 3.56, accuracy 17.63% <-
                                                     Time past : 16200msec
                                                     ['0:40.90%', '1:1.60%', '2:0.00%', '3:0.00%', '4:0.00%', '5:98.80%', '6:0.00%', '7:0.00%', '8:16.60%', '9:18.40%']
                                          0msec<-
Central server round 82, loss : 1.81, accuracy :35.41%
Time past: 1320400msec
['0:44.80%', '1:26.60%', '2:17.00%', '3:1.00%', '4:6.90%', '5:32.70%', '6:62.90%', '7:39.40%', '8:70.40%', '9:52.40%']
                                          ->0msec
                                                     -> Cluster 90, loss : 1.81, accuracy 35.41%, model from round 83
                                                     ['0:44.80%', '1:26.60%', '2:17.00%', '3:1.00%', '4:6.90%', '5:32.70%', '6:62.90%', '7:39.40%', '8:70.40%', '9:52.40%']
                                                                                              <-> Client 0, global : from 35.41% to 10.74%, local : from 45.80% to 95.20%, training time : 16200msec
                                                     Cluster 90, round 1, loss : 3.98, accuracy 10.74% <-
                                                     Time past : 16200msec
                                                     ['0:100.00%', '1:0.00%', '2:0.00%', '3:0.00%', '4:0.00%', '5:0.00%', '6:6.00%', '7:0.70%', '8:0.00%', '9:0.70%']
                                          0msec<-
                                          ->0msec
                                                     -> Cluster 58, loss : 1.81, accuracy 35.41%, model from round 83
                                                     ['0:44.80%', '1:26.60%', '2:17.00%', '3:1.00%', '4:6.90%', '5:32.70%', '6:62.90%', '7:39.40%', '8:70.40%', '9:52.40%']
                                                                                              <-> Client 0, global : from 35.41% to 11.48%, local : from 37.60% to 95.60%, training time : 16200msec
                                                     Cluster 58, round 1, loss : 4.43, accuracy 11.48% <-
                                                     Time past : 16200msec
                                                     ['0:0.10%', '1:1.60%', '2:0.00%', '3:0.00%', '4:0.00%', '5:0.00%', '6:0.00%', '7:99.90%', '8:13.20%', '9:0.00%']
                                          0msec<-
                                          ->0msec
                                                     -> Cluster 70, loss : 1.81, accuracy 35.41%, model from round 83
                                                     ['0:44.80%', '1:26.60%', '2:17.00%', '3:1.00%', '4:6.90%', '5:32.70%', '6:62.90%', '7:39.40%', '8:70.40%', '9:52.40%']
                                                                                              <-> Client 0, global : from 35.41% to 10.36%, local : from 3.00% to 95.20%, training time : 16200msec
                                                     Cluster 70, round 1, loss : 4.40, accuracy 10.36% <-
                                                     Time past : 16200msec
                                                     ['0:0.70%', '1:0.00%', '2:0.00%', '3:100.00%', '4:0.00%', '5:0.00%', '6:0.00%', '7:0.00%', '8:2.90%', '9:0.00%']
                                          0msec<-
                                          ->0msec
                                                     -> Cluster 84, loss : 1.81, accuracy 35.41%, model from round 83
                                                     ['0:44.80%', '1:26.60%', '2:17.00%', '3:1.00%', '4:6.90%', '5:32.70%', '6:62.90%', '7:39.40%', '8:70.40%', '9:52.40%']
                                                                                              <-> Client 0, global : from 35.41% to 14.27%, local : from 35.87% to 95.79%, training time : 16200msec
                                                     Cluster 84, round 1, loss : 3.47, accuracy 14.27% <-
                                                     Time past : 16200msec
                                                     ['0:9.10%', '1:1.80%', '2:0.00%', '3:0.00%', '4:0.00%', '5:99.70%', '6:0.00%', '7:0.00%', '8:16.30%', '9:15.80%']
                                          0msec<-
                                          ->0msec
                                                     -> Cluster 78, loss : 1.81, accuracy 35.41%, model from round 83
                                                     ['0:44.80%', '1:26.60%', '2:17.00%', '3:1.00%', '4:6.90%', '5:32.70%', '6:62.90%', '7:39.40%', '8:70.40%', '9:52.40%']
                                                                                              <-> Client 0, global : from 35.41% to 13.11%, local : from 1.60% to 95.60%, training time : 16200msec
                                                     Cluster 78, round 1, loss : 4.03, accuracy 13.11% <-
                                                     Time past : 16200msec
                                                     ['0:5.70%', '1:0.00%', '2:0.00%', '3:99.90%', '4:0.00%', '5:0.00%', '6:0.00%', '7:0.20%', '8:14.20%', '9:11.10%']
                                          0msec<-
                                          ->0msec
                                                     -> Cluster 56, loss : 1.81, accuracy 35.41%, model from round 83
                                                     ['0:44.80%', '1:26.60%', '2:17.00%', '3:1.00%', '4:6.90%', '5:32.70%', '6:62.90%', '7:39.40%', '8:70.40%', '9:52.40%']
                                                                                              <-> Client 0, global : from 35.41% to 11.74%, local : from 38.80% to 96.00%, training time : 16200msec
                                                     Cluster 56, round 1, loss : 4.25, accuracy 11.74% <-
                                                     Time past : 16200msec
                                                     ['0:0.00%', '1:0.40%', '2:0.10%', '3:0.10%', '4:0.00%', '5:0.10%', '6:0.00%', '7:99.60%', '8:15.70%', '9:1.40%']
                                          0msec<-
                                          ->0msec
                                                     -> Cluster 33, loss : 1.81, accuracy 35.41%, model from round 83
                                                     ['0:44.80%', '1:26.60%', '2:17.00%', '3:1.00%', '4:6.90%', '5:32.70%', '6:62.90%', '7:39.40%', '8:70.40%', '9:52.40%']
                                                                                              <-> Client 0, global : from 35.41% to 12.39%, local : from 25.60% to 95.40%, training time : 8200msec
                                                     Cluster 33, round 1, loss : 3.07, accuracy 12.39% <-
                                                     Time past : 8200msec
                                                     ['0:0.90%', '1:99.20%', '2:0.00%', '3:6.10%', '4:14.40%', '5:1.80%', '6:0.80%', '7:0.70%', '8:0.00%', '9:0.00%']
                                          0msec<-
                                          ->0msec
                                                     -> Cluster 22, loss : 1.81, accuracy 35.41%, model from round 83
                                                     ['0:44.80%', '1:26.60%', '2:17.00%', '3:1.00%', '4:6.90%', '5:32.70%', '6:62.90%', '7:39.40%', '8:70.40%', '9:52.40%']
                                                                                              <-> Client 0, global : from 35.41% to 10.97%, local : from 9.20% to 95.00%, training time : 8200msec
                                                     Cluster 22, round 1, loss : 4.19, accuracy 10.97% <-
                                                     Time past : 8200msec
                                                     ['0:0.40%', '1:0.40%', '2:0.00%', '3:0.00%', '4:99.90%', '5:0.00%', '6:0.00%', '7:0.00%', '8:5.40%', '9:3.60%']
                                          0msec<-
                                          ->0msec
                                                     -> Cluster 89, loss : 1.81, accuracy 35.41%, model from round 83
                                                     ['0:44.80%', '1:26.60%', '2:17.00%', '3:1.00%', '4:6.90%', '5:32.70%', '6:62.90%', '7:39.40%', '8:70.40%', '9:52.40%']
                                                                                              <-> Client 0, global : from 35.41% to 12.34%, local : from 33.07% to 96.19%, training time : 16200msec
                                                     Cluster 89, round 1, loss : 3.92, accuracy 12.34% <-
                                                     Time past : 16200msec
                                                     ['0:1.20%', '1:0.60%', '2:0.00%', '3:0.00%', '4:0.00%', '5:99.80%', '6:0.00%', '7:3.30%', '8:6.90%', '9:11.60%']
                                          0msec<-
                                          ->0msec
                                                     -> Cluster 0, loss : 1.81, accuracy 35.41%, model from round 83
                                                     ['0:44.80%', '1:26.60%', '2:17.00%', '3:1.00%', '4:6.90%', '5:32.70%', '6:62.90%', '7:39.40%', '8:70.40%', '9:52.40%']
                                                                                              <-> Client 0, global : from 35.41% to 11.71%, local : from 61.28% to 95.01%, training time : 8200msec
                                                     Cluster 0, round 1, loss : 4.13, accuracy 11.71% <-
                                                     Time past : 8200msec
                                                     ['0:2.80%', '1:2.40%', '2:0.00%', '3:0.00%', '4:0.00%', '5:0.00%', '6:100.00%', '7:0.00%', '8:10.10%', '9:1.80%']
                                          0msec<-
Central server round 83, loss : 1.81, accuracy :35.21%
Time past: 1336600msec
['0:47.40%', '1:36.40%', '2:1.50%', '3:53.50%', '4:5.40%', '5:23.80%', '6:43.90%', '7:57.50%', '8:46.30%', '9:36.40%']
                                          ->0msec
                                                     -> Cluster 5, loss : 1.81, accuracy 35.21%, model from round 84
                                                     ['0:47.40%', '1:36.40%', '2:1.50%', '3:53.50%', '4:5.40%', '5:23.80%', '6:43.90%', '7:57.50%', '8:46.30%', '9:36.40%']
                                                                                              <-> Client 0, global : from 35.21% to 14.94%, local : from 40.00% to 95.40%, training time : 8200msec
                                                     Cluster 5, round 1, loss : 3.82, accuracy 14.94% <-
                                                     Time past : 8200msec
                                                     ['0:4.70%', '1:2.50%', '2:0.00%', '3:0.00%', '4:0.00%', '5:0.00%', '6:100.00%', '7:0.90%', '8:25.80%', '9:15.50%']
                                          0msec<-
                                          ->0msec
                                                     -> Cluster 27, loss : 1.81, accuracy 35.21%, model from round 84
                                                     ['0:47.40%', '1:36.40%', '2:1.50%', '3:53.50%', '4:5.40%', '5:23.80%', '6:43.90%', '7:57.50%', '8:46.30%', '9:36.40%']
                                                                                              <-> Client 0, global : from 35.21% to 10.36%, local : from 6.60% to 95.00%, training time : 8200msec
                                                     Cluster 27, round 1, loss : 4.65, accuracy 10.36% <-
                                                     Time past : 8200msec
                                                     ['0:0.00%', '1:1.10%', '2:0.00%', '3:0.00%', '4:100.00%', '5:0.00%', '6:0.00%', '7:0.00%', '8:0.70%', '9:1.80%']
                                          0msec<-
                                          ->0msec
                                                     -> Cluster 49, loss : 1.81, accuracy 35.21%, model from round 84
                                                     ['0:47.40%', '1:36.40%', '2:1.50%', '3:53.50%', '4:5.40%', '5:23.80%', '6:43.90%', '7:57.50%', '8:46.30%', '9:36.40%']
                                                                                              <-> Client 0, global : from 35.21% to 11.39%, local : from 2.40% to 95.40%, training time : 8200msec
                                                     Cluster 49, round 1, loss : 4.25, accuracy 11.39% <-
                                                     Time past : 8200msec
                                                     ['0:0.00%', '1:0.40%', '2:99.70%', '3:0.00%', '4:0.00%', '5:0.00%', '6:0.00%', '7:0.00%', '8:3.30%', '9:10.50%']
                                          0msec<-
                                          ->0msec
                                                     -> Cluster 1, loss : 1.81, accuracy 35.21%, model from round 84
                                                     ['0:47.40%', '1:36.40%', '2:1.50%', '3:53.50%', '4:5.40%', '5:23.80%', '6:43.90%', '7:57.50%', '8:46.30%', '9:36.40%']
                                                                                              <-> Client 0, global : from 35.21% to 19.06%, local : from 40.12% to 95.81%, training time : 8200msec
                                                     Cluster 1, round 1, loss : 3.32, accuracy 19.06% <-
                                                     Time past : 8200msec
                                                     ['0:13.50%', '1:6.60%', '2:0.00%', '3:0.00%', '4:0.50%', '5:2.50%', '6:99.80%', '7:0.20%', '8:51.90%', '9:15.60%']
                                          0msec<-
                                          ->0msec
                                                     -> Cluster 68, loss : 1.81, accuracy 35.21%, model from round 84
                                                     ['0:47.40%', '1:36.40%', '2:1.50%', '3:53.50%', '4:5.40%', '5:23.80%', '6:43.90%', '7:57.50%', '8:46.30%', '9:36.40%']
                                                                                              <-> Client 0, global : from 35.21% to 12.70%, local : from 43.80% to 95.60%, training time : 16200msec
                                                     Cluster 68, round 1, loss : 3.69, accuracy 12.70% <-
                                                     Time past : 16200msec
                                                     ['0:0.00%', '1:0.10%', '2:0.10%', '3:0.20%', '4:0.00%', '5:0.10%', '6:19.30%', '7:7.30%', '8:99.90%', '9:0.00%']
                                          0msec<-
                                          ->0msec
                                                     -> Cluster 56, loss : 1.81, accuracy 35.21%, model from round 84
                                                     ['0:47.40%', '1:36.40%', '2:1.50%', '3:53.50%', '4:5.40%', '5:23.80%', '6:43.90%', '7:57.50%', '8:46.30%', '9:36.40%']
                                                                                              <-> Client 0, global : from 35.21% to 15.10%, local : from 54.60% to 97.00%, training time : 16200msec
                                                     Cluster 56, round 1, loss : 3.30, accuracy 15.10% <-
                                                     Time past : 16200msec
                                                     ['0:0.00%', '1:3.40%', '2:0.20%', '3:0.40%', '4:0.00%', '5:0.20%', '6:1.50%', '7:98.50%', '8:34.80%', '9:12.00%']
                                          0msec<-
                                          ->0msec
                                                     -> Cluster 85, loss : 1.81, accuracy 35.21%, model from round 84
                                                     ['0:47.40%', '1:36.40%', '2:1.50%', '3:53.50%', '4:5.40%', '5:23.80%', '6:43.90%', '7:57.50%', '8:46.30%', '9:36.40%']
                                                                                              <-> Client 0, global : from 35.21% to 15.26%, local : from 20.44% to 96.99%, training time : 16200msec
                                                     Cluster 85, round 1, loss : 3.99, accuracy 15.26% <-
                                                     Time past : 16200msec
                                                     ['0:22.90%', '1:1.20%', '2:0.00%', '3:0.00%', '4:0.00%', '5:99.50%', '6:0.00%', '7:0.10%', '8:18.20%', '9:10.70%']
                                          0msec<-
                                          ->0msec
                                                     -> Cluster 92, loss : 1.81, accuracy 35.21%, model from round 84
                                                     ['0:47.40%', '1:36.40%', '2:1.50%', '3:53.50%', '4:5.40%', '5:23.80%', '6:43.90%', '7:57.50%', '8:46.30%', '9:36.40%']
                                                                                              <-> Client 0, global : from 35.21% to 10.67%, local : from 45.20% to 95.00%, training time : 16200msec
                                                     Cluster 92, round 1, loss : 3.91, accuracy 10.67% <-
                                                     Time past : 16200msec
                                                     ['0:99.70%', '1:0.00%', '2:0.00%', '3:0.00%', '4:0.00%', '5:0.00%', '6:6.00%', '7:0.50%', '8:0.00%', '9:0.50%']
                                          0msec<-
                                          ->0msec
                                                     -> Cluster 41, loss : 1.81, accuracy 35.21%, model from round 84
                                                     ['0:47.40%', '1:36.40%', '2:1.50%', '3:53.50%', '4:5.40%', '5:23.80%', '6:43.90%', '7:57.50%', '8:46.30%', '9:36.40%']
                                                                                              <-> Client 0, global : from 35.21% to 10.58%, local : from 4.19% to 94.81%, training time : 8200msec
                                                     Cluster 41, round 1, loss : 4.11, accuracy 10.58% <-
                                                     Time past : 8200msec
                                                     ['0:0.00%', '1:0.10%', '2:99.90%', '3:0.00%', '4:0.00%', '5:0.00%', '6:0.00%', '7:0.10%', '8:4.50%', '9:1.20%']
                                          0msec<-
                                          ->0msec
                                                     -> Cluster 80, loss : 1.81, accuracy 35.21%, model from round 84
                                                     ['0:47.40%', '1:36.40%', '2:1.50%', '3:53.50%', '4:5.40%', '5:23.80%', '6:43.90%', '7:57.50%', '8:46.30%', '9:36.40%']
                                                                                              <-> Client 0, global : from 35.21% to 13.07%, local : from 20.20% to 95.60%, training time : 16200msec
                                                     Cluster 80, round 1, loss : 4.15, accuracy 13.07% <-
                                                     Time past : 16200msec
                                                     ['0:0.80%', '1:10.60%', '2:0.00%', '3:0.00%', '4:0.00%', '5:99.70%', '6:0.00%', '7:0.60%', '8:13.00%', '9:6.00%']
                                          0msec<-
Central server round 84, loss : 1.83, accuracy :35.72%
Time past: 1352800msec
['0:43.50%', '1:24.90%', '2:24.80%', '3:1.20%', '4:4.40%', '5:37.60%', '6:79.30%', '7:34.40%', '8:66.10%', '9:41.00%']
                                          ->0msec
                                                     -> Cluster 50, loss : 1.83, accuracy 35.72%, model from round 85
                                                     ['0:43.50%', '1:24.90%', '2:24.80%', '3:1.20%', '4:4.40%', '5:37.60%', '6:79.30%', '7:34.40%', '8:66.10%', '9:41.00%']
                                                                                              <-> Client 0, global : from 35.72% to 13.26%, local : from 33.53% to 95.81%, training time : 16200msec
                                                     Cluster 50, round 1, loss : 3.67, accuracy 13.26% <-
                                                     Time past : 16200msec
                                                     ['0:14.80%', '1:6.50%', '2:0.00%', '3:0.00%', '4:0.00%', '5:1.60%', '6:0.00%', '7:99.80%', '8:0.10%', '9:9.80%']
                                          0msec<-
                                          ->0msec
                                                     -> Cluster 12, loss : 1.83, accuracy 35.72%, model from round 85
                                                     ['0:43.50%', '1:24.90%', '2:24.80%', '3:1.20%', '4:4.40%', '5:37.60%', '6:79.30%', '7:34.40%', '8:66.10%', '9:41.00%']
                                                                                              <-> Client 0, global : from 35.72% to 10.93%, local : from 41.20% to 95.20%, training time : 8200msec
                                                     Cluster 12, round 1, loss : 4.06, accuracy 10.93% <-
                                                     Time past : 8200msec
                                                     ['0:0.10%', '1:0.00%', '2:0.00%', '3:0.00%', '4:5.20%', '5:3.60%', '6:0.00%', '7:0.70%', '8:0.00%', '9:99.70%']
                                          0msec<-
                                          ->0msec
                                                     -> Cluster 40, loss : 1.83, accuracy 35.72%, model from round 85
                                                     ['0:43.50%', '1:24.90%', '2:24.80%', '3:1.20%', '4:4.40%', '5:37.60%', '6:79.30%', '7:34.40%', '8:66.10%', '9:41.00%']
                                                                                              <-> Client 0, global : from 35.72% to 10.48%, local : from 26.35% to 94.81%, training time : 8200msec
                                                     Cluster 40, round 1, loss : 4.11, accuracy 10.48% <-
                                                     Time past : 8200msec
                                                     ['0:0.00%', '1:0.00%', '2:99.90%', '3:0.00%', '4:0.00%', '5:0.00%', '6:0.00%', '7:0.00%', '8:0.00%', '9:4.90%']
                                          0msec<-
                                          ->0msec
                                                     -> Cluster 73, loss : 1.83, accuracy 35.72%, model from round 85
                                                     ['0:43.50%', '1:24.90%', '2:24.80%', '3:1.20%', '4:4.40%', '5:37.60%', '6:79.30%', '7:34.40%', '8:66.10%', '9:41.00%']
                                                                                              <-> Client 0, global : from 35.72% to 11.68%, local : from 3.40% to 95.60%, training time : 16200msec
                                                     Cluster 73, round 1, loss : 4.29, accuracy 11.68% <-
                                                     Time past : 16200msec
                                                     ['0:14.00%', '1:1.40%', '2:0.00%', '3:99.90%', '4:0.00%', '5:0.00%', '6:0.00%', '7:0.10%', '8:0.80%', '9:0.60%']
                                          0msec<-
                                          ->0msec
                                                     -> Cluster 14, loss : 1.83, accuracy 35.72%, model from round 85
                                                     ['0:43.50%', '1:24.90%', '2:24.80%', '3:1.20%', '4:4.40%', '5:37.60%', '6:79.30%', '7:34.40%', '8:66.10%', '9:41.00%']
                                                                                              <-> Client 0, global : from 35.72% to 12.53%, local : from 36.60% to 95.60%, training time : 8200msec
                                                     Cluster 14, round 1, loss : 3.48, accuracy 12.53% <-
                                                     Time past : 8200msec
                                                     ['0:2.00%', '1:0.00%', '2:0.10%', '3:0.10%', '4:14.30%', '5:8.30%', '6:0.10%', '7:0.00%', '8:0.70%', '9:99.70%']
                                          0msec<-
                                          ->0msec
                                                     -> Cluster 69, loss : 1.83, accuracy 35.72%, model from round 85
                                                     ['0:43.50%', '1:24.90%', '2:24.80%', '3:1.20%', '4:4.40%', '5:37.60%', '6:79.30%', '7:34.40%', '8:66.10%', '9:41.00%']
                                                                                              <-> Client 0, global : from 35.72% to 15.04%, local : from 66.00% to 96.60%, training time : 16200msec
                                                     Cluster 69, round 1, loss : 3.59, accuracy 15.04% <-
                                                     Time past : 16200msec
                                                     ['0:0.00%', '1:0.20%', '2:4.80%', '3:0.00%', '4:18.80%', '5:0.00%', '6:22.60%', '7:3.90%', '8:99.90%', '9:0.20%']
                                          0msec<-
                                          ->0msec
                                                     -> Cluster 85, loss : 1.83, accuracy 35.72%, model from round 85
                                                     ['0:43.50%', '1:24.90%', '2:24.80%', '3:1.20%', '4:4.40%', '5:37.60%', '6:79.30%', '7:34.40%', '8:66.10%', '9:41.00%']
                                                                                              <-> Client 0, global : from 35.72% to 14.88%, local : from 35.07% to 96.99%, training time : 16200msec
                                                     Cluster 85, round 1, loss : 4.11, accuracy 14.88% <-
                                                     Time past : 16200msec
                                                     ['0:15.20%', '1:0.40%', '2:0.00%', '3:0.00%', '4:0.00%', '5:99.70%', '6:0.00%', '7:0.10%', '8:22.10%', '9:11.30%']
                                          0msec<-
                                          ->0msec
                                                     -> Cluster 76, loss : 1.83, accuracy 35.72%, model from round 85
                                                     ['0:43.50%', '1:24.90%', '2:24.80%', '3:1.20%', '4:4.40%', '5:37.60%', '6:79.30%', '7:34.40%', '8:66.10%', '9:41.00%']
                                                                                              <-> Client 0, global : from 35.72% to 12.74%, local : from 3.40% to 95.80%, training time : 16200msec
                                                     Cluster 76, round 1, loss : 4.15, accuracy 12.74% <-
                                                     Time past : 16200msec
                                                     ['0:0.80%', '1:3.90%', '2:0.00%', '3:99.80%', '4:0.00%', '5:0.00%', '6:0.00%', '7:0.90%', '8:17.90%', '9:4.10%']
                                          0msec<-
                                          ->0msec
                                                     -> Cluster 31, loss : 1.83, accuracy 35.72%, model from round 85
                                                     ['0:43.50%', '1:24.90%', '2:24.80%', '3:1.20%', '4:4.40%', '5:37.60%', '6:79.30%', '7:34.40%', '8:66.10%', '9:41.00%']
                                                                                              <-> Client 0, global : from 35.72% to 11.66%, local : from 21.76% to 95.41%, training time : 8200msec
                                                     Cluster 31, round 1, loss : 3.63, accuracy 11.66% <-
                                                     Time past : 8200msec
                                                     ['0:0.90%', '1:99.50%', '2:0.00%', '3:0.10%', '4:0.00%', '5:0.00%', '6:0.70%', '7:11.30%', '8:4.10%', '9:0.00%']
                                          0msec<-
                                          ->0msec
                                                     -> Cluster 37, loss : 1.83, accuracy 35.72%, model from round 85
                                                     ['0:43.50%', '1:24.90%', '2:24.80%', '3:1.20%', '4:4.40%', '5:37.60%', '6:79.30%', '7:34.40%', '8:66.10%', '9:41.00%']
                                                                                              <-> Client 0, global : from 35.72% to 10.05%, local : from 24.00% to 95.00%, training time : 8200msec
                                                     Cluster 37, round 1, loss : 4.32, accuracy 10.05% <-
                                                     Time past : 8200msec
                                                     ['0:0.00%', '1:100.00%', '2:0.00%', '3:0.00%', '4:0.00%', '5:0.50%', '6:0.00%', '7:0.00%', '8:0.00%', '9:0.00%']
                                          0msec<-
Central server round 85, loss : 1.79, accuracy :36.05%
Time past: 1369000msec
['0:43.20%', '1:48.60%', '2:22.80%', '3:33.80%', '4:10.60%', '5:30.40%', '6:27.20%', '7:40.80%', '8:45.70%', '9:57.40%']
                                          ->0msec
                                                     -> Cluster 84, loss : 1.79, accuracy 36.05%, model from round 86
                                                     ['0:43.20%', '1:48.60%', '2:22.80%', '3:33.80%', '4:10.60%', '5:30.40%', '6:27.20%', '7:40.80%', '8:45.70%', '9:57.40%']
                                                                                              <-> Client 0, global : from 36.05% to 11.64%, local : from 32.67% to 95.39%, training time : 16200msec
                                                     Cluster 84, round 1, loss : 4.02, accuracy 11.64% <-
                                                     Time past : 16200msec
                                                     ['0:2.90%', '1:1.10%', '2:0.00%', '3:0.00%', '4:0.00%', '5:100.00%', '6:0.10%', '7:0.00%', '8:6.20%', '9:6.10%']
                                          0msec<-
                                          ->0msec
                                                     -> Cluster 94, loss : 1.79, accuracy 36.05%, model from round 86
                                                     ['0:43.20%', '1:48.60%', '2:22.80%', '3:33.80%', '4:10.60%', '5:30.40%', '6:27.20%', '7:40.80%', '8:45.70%', '9:57.40%']
                                                                                              <-> Client 0, global : from 36.05% to 10.71%, local : from 39.68% to 95.59%, training time : 16200msec
                                                     Cluster 94, round 1, loss : 3.89, accuracy 10.71% <-
                                                     Time past : 16200msec
                                                     ['0:99.80%', '1:0.10%', '2:0.00%', '3:0.20%', '4:0.10%', '5:2.30%', '6:1.40%', '7:3.20%', '8:0.00%', '9:0.00%']
                                          0msec<-
                                          ->0msec
                                                     -> Cluster 26, loss : 1.79, accuracy 36.05%, model from round 86
                                                     ['0:43.20%', '1:48.60%', '2:22.80%', '3:33.80%', '4:10.60%', '5:30.40%', '6:27.20%', '7:40.80%', '8:45.70%', '9:57.40%']
                                                                                              <-> Client 0, global : from 36.05% to 10.29%, local : from 11.00% to 95.00%, training time : 8200msec
                                                     Cluster 26, round 1, loss : 4.75, accuracy 10.29% <-
                                                     Time past : 8200msec
                                                     ['0:0.00%', '1:0.90%', '2:0.00%', '3:0.00%', '4:100.00%', '5:0.00%', '6:0.00%', '7:0.00%', '8:1.10%', '9:0.90%']
                                          0msec<-
                                          ->0msec
                                                     -> Cluster 66, loss : 1.79, accuracy 36.05%, model from round 86
                                                     ['0:43.20%', '1:48.60%', '2:22.80%', '3:33.80%', '4:10.60%', '5:30.40%', '6:27.20%', '7:40.80%', '8:45.70%', '9:57.40%']
                                                                                              <-> Client 0, global : from 36.05% to 12.63%, local : from 47.00% to 95.80%, training time : 16200msec
                                                     Cluster 66, round 1, loss : 3.53, accuracy 12.63% <-
                                                     Time past : 16200msec
                                                     ['0:0.00%', '1:0.00%', '2:0.00%', '3:0.20%', '4:5.80%', '5:2.80%', '6:6.00%', '7:10.40%', '8:100.00%', '9:1.10%']
                                          0msec<-
                                          ->0msec
                                                     -> Cluster 75, loss : 1.79, accuracy 36.05%, model from round 86
                                                     ['0:43.20%', '1:48.60%', '2:22.80%', '3:33.80%', '4:10.60%', '5:30.40%', '6:27.20%', '7:40.80%', '8:45.70%', '9:57.40%']
                                                                                              <-> Client 0, global : from 36.05% to 10.81%, local : from 32.80% to 95.20%, training time : 16200msec
                                                     Cluster 75, round 1, loss : 4.28, accuracy 10.81% <-
                                                     Time past : 16200msec
                                                     ['0:1.10%', '1:0.70%', '2:0.00%', '3:100.00%', '4:0.00%', '5:0.00%', '6:0.00%', '7:0.00%', '8:5.80%', '9:0.50%']
                                          0msec<-
                                          ->0msec
                                                     -> Cluster 54, loss : 1.79, accuracy 36.05%, model from round 86
                                                     ['0:43.20%', '1:48.60%', '2:22.80%', '3:33.80%', '4:10.60%', '5:30.40%', '6:27.20%', '7:40.80%', '8:45.70%', '9:57.40%']
                                                                                              <-> Client 0, global : from 36.05% to 12.15%, local : from 40.40% to 95.00%, training time : 16200msec
                                                     Cluster 54, round 1, loss : 4.07, accuracy 12.15% <-
                                                     Time past : 16200msec
                                                     ['0:11.30%', '1:0.40%', '2:0.00%', '3:0.10%', '4:0.00%', '5:0.40%', '6:3.30%', '7:99.70%', '8:6.20%', '9:0.10%']
                                          0msec<-
                                          ->0msec
                                                     -> Cluster 81, loss : 1.79, accuracy 36.05%, model from round 86
                                                     ['0:43.20%', '1:48.60%', '2:22.80%', '3:33.80%', '4:10.60%', '5:30.40%', '6:27.20%', '7:40.80%', '8:45.70%', '9:57.40%']
                                                                                              <-> Client 0, global : from 36.05% to 10.20%, local : from 32.40% to 95.20%, training time : 16200msec
                                                     Cluster 81, round 1, loss : 4.10, accuracy 10.20% <-
                                                     Time past : 16200msec
                                                     ['0:0.40%', '1:0.40%', '2:0.00%', '3:0.00%', '4:0.20%', '5:100.00%', '6:0.00%', '7:0.00%', '8:0.00%', '9:1.00%']
                                          0msec<-
                                          ->0msec
                                                     -> Cluster 39, loss : 1.79, accuracy 36.05%, model from round 86
                                                     ['0:43.20%', '1:48.60%', '2:22.80%', '3:33.80%', '4:10.60%', '5:30.40%', '6:27.20%', '7:40.80%', '8:45.70%', '9:57.40%']
                                                                                              <-> Client 0, global : from 36.05% to 10.91%, local : from 47.20% to 95.20%, training time : 8200msec
                                                     Cluster 39, round 1, loss : 4.42, accuracy 10.91% <-
                                                     Time past : 8200msec
                                                     ['0:5.90%', '1:99.90%', '2:0.00%', '3:0.50%', '4:0.10%', '5:0.40%', '6:0.00%', '7:0.30%', '8:2.00%', '9:0.00%']
                                          0msec<-
                                          ->0msec
                                                     -> Cluster 8, loss : 1.79, accuracy 36.05%, model from round 86
                                                     ['0:43.20%', '1:48.60%', '2:22.80%', '3:33.80%', '4:10.60%', '5:30.40%', '6:27.20%', '7:40.80%', '8:45.70%', '9:57.40%']
                                                                                              <-> Client 0, global : from 36.05% to 17.60%, local : from 29.60% to 95.80%, training time : 8200msec
                                                     Cluster 8, round 1, loss : 3.14, accuracy 17.60% <-
                                                     Time past : 8200msec
                                                     ['0:14.30%', '1:11.30%', '2:0.40%', '3:0.00%', '4:0.30%', '5:0.00%', '6:99.80%', '7:0.10%', '8:25.40%', '9:24.40%']
                                          0msec<-
                                          ->0msec
                                                     -> Cluster 22, loss : 1.79, accuracy 36.05%, model from round 86
                                                     ['0:43.20%', '1:48.60%', '2:22.80%', '3:33.80%', '4:10.60%', '5:30.40%', '6:27.20%', '7:40.80%', '8:45.70%', '9:57.40%']
                                                                                              <-> Client 0, global : from 36.05% to 11.27%, local : from 11.60% to 95.20%, training time : 8200msec
                                                     Cluster 22, round 1, loss : 4.31, accuracy 11.27% <-
                                                     Time past : 8200msec
                                                     ['0:1.10%', '1:0.30%', '2:0.00%', '3:0.00%', '4:99.90%', '5:0.00%', '6:0.00%', '7:0.00%', '8:5.40%', '9:6.00%']
                                          0msec<-
Central server round 86, loss : 1.80, accuracy :35.78%
Time past: 1385200msec
['0:49.20%', '1:45.70%', '2:0.40%', '3:4.50%', '4:65.10%', '5:37.10%', '6:39.00%', '7:21.80%', '8:56.90%', '9:38.10%']
                                          ->0msec
                                                     -> Cluster 67, loss : 1.80, accuracy 35.78%, model from round 87
                                                     ['0:49.20%', '1:45.70%', '2:0.40%', '3:4.50%', '4:65.10%', '5:37.10%', '6:39.00%', '7:21.80%', '8:56.90%', '9:38.10%']
                                                                                              <-> Client 0, global : from 35.78% to 12.74%, local : from 52.40% to 95.60%, training time : 16200msec
                                                     Cluster 67, round 1, loss : 4.18, accuracy 12.74% <-
                                                     Time past : 16200msec
                                                     ['0:0.00%', '1:3.20%', '2:1.80%', '3:0.80%', '4:0.00%', '5:0.60%', '6:15.80%', '7:5.20%', '8:100.00%', '9:0.00%']
                                          0msec<-
                                          ->0msec
                                                     -> Cluster 37, loss : 1.80, accuracy 35.78%, model from round 87
                                                     ['0:49.20%', '1:45.70%', '2:0.40%', '3:4.50%', '4:65.10%', '5:37.10%', '6:39.00%', '7:21.80%', '8:56.90%', '9:38.10%']
                                                                                              <-> Client 0, global : from 35.78% to 10.40%, local : from 42.00% to 95.40%, training time : 8200msec
                                                     Cluster 37, round 1, loss : 3.79, accuracy 10.40% <-
                                                     Time past : 8200msec
                                                     ['0:0.00%', '1:100.00%', '2:0.00%', '3:0.00%', '4:0.00%', '5:3.30%', '6:0.00%', '7:0.40%', '8:0.30%', '9:0.00%']
                                          0msec<-
                                          ->0msec
                                                     -> Cluster 15, loss : 1.80, accuracy 35.78%, model from round 87
                                                     ['0:49.20%', '1:45.70%', '2:0.40%', '3:4.50%', '4:65.10%', '5:37.10%', '6:39.00%', '7:21.80%', '8:56.90%', '9:38.10%']
                                                                                              <-> Client 0, global : from 35.78% to 13.71%, local : from 43.40% to 95.60%, training time : 8200msec
                                                     Cluster 15, round 1, loss : 3.44, accuracy 13.71% <-
                                                     Time past : 8200msec
                                                     ['0:1.60%', '1:0.00%', '2:0.00%', '3:0.00%', '4:12.70%', '5:10.80%', '6:10.30%', '7:0.40%', '8:1.70%', '9:99.60%']
                                          0msec<-
                                          ->0msec
                                                     -> Cluster 9, loss : 1.80, accuracy 35.78%, model from round 87
                                                     ['0:49.20%', '1:45.70%', '2:0.40%', '3:4.50%', '4:65.10%', '5:37.10%', '6:39.00%', '7:21.80%', '8:56.90%', '9:38.10%']
                                                                                              <-> Client 0, global : from 35.78% to 19.10%, local : from 40.20% to 96.80%, training time : 8200msec
                                                     Cluster 9, round 1, loss : 3.30, accuracy 19.10% <-
                                                     Time past : 8200msec
                                                     ['0:29.90%', '1:12.20%', '2:0.00%', '3:0.00%', '4:0.10%', '5:0.00%', '6:99.80%', '7:0.20%', '8:25.50%', '9:23.30%']
                                          0msec<-
                                          ->0msec
                                                     -> Cluster 63, loss : 1.80, accuracy 35.78%, model from round 87
                                                     ['0:49.20%', '1:45.70%', '2:0.40%', '3:4.50%', '4:65.10%', '5:37.10%', '6:39.00%', '7:21.80%', '8:56.90%', '9:38.10%']
                                                                                              <-> Client 0, global : from 35.78% to 16.44%, local : from 54.60% to 96.40%, training time : 16200msec
                                                     Cluster 63, round 1, loss : 3.76, accuracy 16.44% <-
                                                     Time past : 16200msec
                                                     ['0:0.00%', '1:0.40%', '2:0.00%', '3:0.20%', '4:35.70%', '5:2.20%', '6:26.20%', '7:0.00%', '8:99.70%', '9:0.00%']
                                          0msec<-
                                          ->0msec
                                                     -> Cluster 8, loss : 1.80, accuracy 35.78%, model from round 87
                                                     ['0:49.20%', '1:45.70%', '2:0.40%', '3:4.50%', '4:65.10%', '5:37.10%', '6:39.00%', '7:21.80%', '8:56.90%', '9:38.10%']
                                                                                              <-> Client 0, global : from 35.78% to 18.38%, local : from 41.00% to 96.00%, training time : 8200msec
                                                     Cluster 8, round 1, loss : 3.16, accuracy 18.38% <-
                                                     Time past : 8200msec
                                                     ['0:14.30%', '1:8.90%', '2:0.70%', '3:0.00%', '4:0.30%', '5:0.00%', '6:99.80%', '7:0.10%', '8:29.80%', '9:29.90%']
                                          0msec<-
                                          ->0msec
                                                     -> Cluster 61, loss : 1.80, accuracy 35.78%, model from round 87
                                                     ['0:49.20%', '1:45.70%', '2:0.40%', '3:4.50%', '4:65.10%', '5:37.10%', '6:39.00%', '7:21.80%', '8:56.90%', '9:38.10%']
                                                                                              <-> Client 0, global : from 35.78% to 13.53%, local : from 57.88% to 95.61%, training time : 16200msec
                                                     Cluster 61, round 1, loss : 4.11, accuracy 13.53% <-
                                                     Time past : 16200msec
                                                     ['0:0.00%', '1:0.20%', '2:0.20%', '3:1.90%', '4:25.30%', '5:4.40%', '6:0.10%', '7:2.90%', '8:100.00%', '9:0.30%']
                                          0msec<-
                                          ->0msec
                                                     -> Cluster 31, loss : 1.80, accuracy 35.78%, model from round 87
                                                     ['0:49.20%', '1:45.70%', '2:0.40%', '3:4.50%', '4:65.10%', '5:37.10%', '6:39.00%', '7:21.80%', '8:56.90%', '9:38.10%']
                                                                                              <-> Client 0, global : from 35.78% to 10.16%, local : from 42.32% to 95.01%, training time : 8200msec
                                                     Cluster 31, round 1, loss : 4.48, accuracy 10.16% <-
                                                     Time past : 8200msec
                                                     ['0:0.20%', '1:99.90%', '2:0.00%', '3:0.00%', '4:0.00%', '5:0.00%', '6:0.10%', '7:0.20%', '8:1.20%', '9:0.00%']
                                          0msec<-
                                          ->0msec
                                                     -> Cluster 94, loss : 1.80, accuracy 35.78%, model from round 87
                                                     ['0:49.20%', '1:45.70%', '2:0.40%', '3:4.50%', '4:65.10%', '5:37.10%', '6:39.00%', '7:21.80%', '8:56.90%', '9:38.10%']
                                                                                              <-> Client 0, global : from 35.78% to 10.49%, local : from 48.70% to 95.59%, training time : 16200msec
                                                     Cluster 94, round 1, loss : 4.02, accuracy 10.49% <-
                                                     Time past : 16200msec
                                                     ['0:100.00%', '1:0.10%', '2:0.00%', '3:0.20%', '4:0.80%', '5:1.30%', '6:1.60%', '7:0.90%', '8:0.00%', '9:0.00%']
                                          0msec<-
                                          ->0msec
                                                     -> Cluster 98, loss : 1.80, accuracy 35.78%, model from round 87
                                                     ['0:49.20%', '1:45.70%', '2:0.40%', '3:4.50%', '4:65.10%', '5:37.10%', '6:39.00%', '7:21.80%', '8:56.90%', '9:38.10%']
                                                                                              <-> Client 0, global : from 35.78% to 10.00%, local : from 43.49% to 95.19%, training time : 16200msec
                                                     Cluster 98, round 1, loss : 3.99, accuracy 10.00% <-
                                                     Time past : 16200msec
                                                     ['0:100.00%', '1:0.00%', '2:0.00%', '3:0.00%', '4:0.00%', '5:0.00%', '6:0.00%', '7:0.00%', '8:0.00%', '9:0.00%']
                                          0msec<-
Central server round 87, loss : 1.91, accuracy :32.90%
Time past: 1401400msec
['0:36.00%', '1:54.60%', '2:1.30%', '3:3.60%', '4:17.10%', '5:17.40%', '6:75.80%', '7:22.30%', '8:79.00%', '9:21.90%']
                                          ->0msec
                                                     -> Cluster 44, loss : 1.91, accuracy 32.90%, model from round 88
                                                     ['0:36.00%', '1:54.60%', '2:1.30%', '3:3.60%', '4:17.10%', '5:17.40%', '6:75.80%', '7:22.30%', '8:79.00%', '9:21.90%']
                                                                                              <-> Client 0, global : from 32.90% to 10.12%, local : from 2.60% to 95.20%, training time : 8200msec
                                                     Cluster 44, round 1, loss : 4.55, accuracy 10.12% <-
                                                     Time past : 8200msec
                                                     ['0:0.00%', '1:0.00%', '2:100.00%', '3:0.00%', '4:0.00%', '5:0.00%', '6:0.00%', '7:0.00%', '8:1.20%', '9:0.00%']
                                          0msec<-
                                          ->0msec
                                                     -> Cluster 86, loss : 1.91, accuracy 32.90%, model from round 88
                                                     ['0:36.00%', '1:54.60%', '2:1.30%', '3:3.60%', '4:17.10%', '5:17.40%', '6:75.80%', '7:22.30%', '8:79.00%', '9:21.90%']
                                                                                              <-> Client 0, global : from 32.90% to 15.21%, local : from 19.04% to 95.79%, training time : 16200msec
                                                     Cluster 86, round 1, loss : 4.08, accuracy 15.21% <-
                                                     Time past : 16200msec
                                                     ['0:0.90%', '1:1.50%', '2:0.00%', '3:0.00%', '4:0.00%', '5:99.70%', '6:0.00%', '7:0.30%', '8:31.10%', '9:18.60%']
                                          0msec<-
                                          ->0msec
                                                     -> Cluster 37, loss : 1.91, accuracy 32.90%, model from round 88
                                                     ['0:36.00%', '1:54.60%', '2:1.30%', '3:3.60%', '4:17.10%', '5:17.40%', '6:75.80%', '7:22.30%', '8:79.00%', '9:21.90%']
                                                                                              <-> Client 0, global : from 32.90% to 12.82%, local : from 50.80% to 95.60%, training time : 8200msec
                                                     Cluster 37, round 1, loss : 3.01, accuracy 12.82% <-
                                                     Time past : 8200msec
                                                     ['0:0.00%', '1:99.50%', '2:0.00%', '3:0.00%', '4:12.00%', '5:10.40%', '6:0.30%', '7:3.00%', '8:3.00%', '9:0.00%']
                                          0msec<-
                                          ->0msec
                                                     -> Cluster 39, loss : 1.91, accuracy 32.90%, model from round 88
                                                     ['0:36.00%', '1:54.60%', '2:1.30%', '3:3.60%', '4:17.10%', '5:17.40%', '6:75.80%', '7:22.30%', '8:79.00%', '9:21.90%']
                                                                                              <-> Client 0, global : from 32.90% to 14.24%, local : from 51.00% to 96.20%, training time : 8200msec
                                                     Cluster 39, round 1, loss : 3.25, accuracy 14.24% <-
                                                     Time past : 8200msec
                                                     ['0:21.00%', '1:99.50%', '2:0.00%', '3:1.80%', '4:2.40%', '5:4.10%', '6:0.20%', '7:7.80%', '8:5.60%', '9:0.00%']
                                          0msec<-
                                          ->0msec
                                                     -> Cluster 60, loss : 1.91, accuracy 32.90%, model from round 88
                                                     ['0:36.00%', '1:54.60%', '2:1.30%', '3:3.60%', '4:17.10%', '5:17.40%', '6:75.80%', '7:22.30%', '8:79.00%', '9:21.90%']
                                                                                              <-> Client 0, global : from 32.90% to 13.93%, local : from 74.45% to 95.81%, training time : 16200msec
                                                     Cluster 60, round 1, loss : 3.29, accuracy 13.93% <-
                                                     Time past : 16200msec
                                                     ['0:0.20%', '1:2.20%', '2:0.70%', '3:0.80%', '4:0.00%', '5:1.50%', '6:16.90%', '7:17.10%', '8:99.90%', '9:0.00%']
                                          0msec<-
                                          ->0msec
                                                     -> Cluster 62, loss : 1.91, accuracy 32.90%, model from round 88
                                                     ['0:36.00%', '1:54.60%', '2:1.30%', '3:3.60%', '4:17.10%', '5:17.40%', '6:75.80%', '7:22.30%', '8:79.00%', '9:21.90%']
                                                                                              <-> Client 0, global : from 32.90% to 10.61%, local : from 77.80% to 95.40%, training time : 16200msec
                                                     Cluster 62, round 1, loss : 4.09, accuracy 10.61% <-
                                                     Time past : 16200msec
                                                     ['0:0.00%', '1:1.40%', '2:0.30%', '3:0.00%', '4:1.10%', '5:0.30%', '6:1.90%', '7:1.00%', '8:100.00%', '9:0.10%']
                                          0msec<-
                                          ->0msec
                                                     -> Cluster 38, loss : 1.91, accuracy 32.90%, model from round 88
                                                     ['0:36.00%', '1:54.60%', '2:1.30%', '3:3.60%', '4:17.10%', '5:17.40%', '6:75.80%', '7:22.30%', '8:79.00%', '9:21.90%']
                                                                                              <-> Client 0, global : from 32.90% to 11.62%, local : from 50.60% to 95.40%, training time : 8200msec
                                                     Cluster 38, round 1, loss : 3.35, accuracy 11.62% <-
                                                     Time past : 8200msec
                                                     ['0:0.00%', '1:99.30%', '2:0.00%', '3:0.00%', '4:0.40%', '5:15.50%', '6:0.50%', '7:0.00%', '8:0.50%', '9:0.00%']
                                          0msec<-
                                          ->0msec
                                                     -> Cluster 99, loss : 1.91, accuracy 32.90%, model from round 88
                                                     ['0:36.00%', '1:54.60%', '2:1.30%', '3:3.60%', '4:17.10%', '5:17.40%', '6:75.80%', '7:22.30%', '8:79.00%', '9:21.90%']
                                                                                              <-> Client 0, global : from 32.90% to 10.59%, local : from 34.87% to 95.59%, training time : 16200msec
                                                     Cluster 99, round 1, loss : 3.71, accuracy 10.59% <-
                                                     Time past : 16200msec
                                                     ['0:100.00%', '1:0.10%', '2:0.00%', '3:0.30%', '4:0.00%', '5:4.50%', '6:1.00%', '7:0.00%', '8:0.00%', '9:0.00%']
                                          0msec<-
                                          ->0msec
                                                     -> Cluster 16, loss : 1.91, accuracy 32.90%, model from round 88
                                                     ['0:36.00%', '1:54.60%', '2:1.30%', '3:3.60%', '4:17.10%', '5:17.40%', '6:75.80%', '7:22.30%', '8:79.00%', '9:21.90%']
                                                                                              <-> Client 0, global : from 32.90% to 10.81%, local : from 26.40% to 95.00%, training time : 8200msec
                                                     Cluster 16, round 1, loss : 3.83, accuracy 10.81% <-
                                                     Time past : 8200msec
                                                     ['0:0.00%', '1:0.00%', '2:0.00%', '3:1.80%', '4:1.50%', '5:0.30%', '6:4.00%', '7:0.00%', '8:0.80%', '9:99.70%']
                                          0msec<-
                                          ->0msec
                                                     -> Cluster 80, loss : 1.91, accuracy 32.90%, model from round 88
                                                     ['0:36.00%', '1:54.60%', '2:1.30%', '3:3.60%', '4:17.10%', '5:17.40%', '6:75.80%', '7:22.30%', '8:79.00%', '9:21.90%']
                                                                                              <-> Client 0, global : from 32.90% to 12.35%, local : from 17.60% to 95.40%, training time : 16200msec
                                                     Cluster 80, round 1, loss : 4.71, accuracy 12.35% <-
                                                     Time past : 16200msec
                                                     ['0:0.80%', '1:6.00%', '2:0.00%', '3:0.00%', '4:0.00%', '5:99.80%', '6:0.00%', '7:0.40%', '8:10.10%', '9:6.40%']
                                          0msec<-
Central server round 88, loss : 1.86, accuracy :32.98%
Time past: 1417600msec
['0:32.40%', '1:64.80%', '2:5.40%', '3:2.00%', '4:14.80%', '5:67.80%', '6:30.70%', '7:23.80%', '8:69.20%', '9:18.90%']
                                          ->0msec
                                                     -> Cluster 80, loss : 1.86, accuracy 32.98%, model from round 89
                                                     ['0:32.40%', '1:64.80%', '2:5.40%', '3:2.00%', '4:14.80%', '5:67.80%', '6:30.70%', '7:23.80%', '8:69.20%', '9:18.90%']
                                                                                              <-> Client 0, global : from 32.98% to 16.89%, local : from 68.80% to 96.60%, training time : 16200msec
                                                     Cluster 80, round 1, loss : 3.72, accuracy 16.89% <-
                                                     Time past : 16200msec
                                                     ['0:3.20%', '1:17.60%', '2:0.00%', '3:0.00%', '4:0.00%', '5:99.20%', '6:0.00%', '7:3.00%', '8:31.10%', '9:14.80%']
                                          0msec<-
                                          ->0msec
                                                     -> Cluster 21, loss : 1.86, accuracy 32.98%, model from round 89
                                                     ['0:32.40%', '1:64.80%', '2:5.40%', '3:2.00%', '4:14.80%', '5:67.80%', '6:30.70%', '7:23.80%', '8:69.20%', '9:18.90%']
                                                                                              <-> Client 0, global : from 32.98% to 10.96%, local : from 14.17% to 94.81%, training time : 8200msec
                                                     Cluster 21, round 1, loss : 3.89, accuracy 10.96% <-
                                                     Time past : 8200msec
                                                     ['0:1.60%', '1:0.30%', '2:0.00%', '3:0.00%', '4:99.90%', '5:0.30%', '6:0.00%', '7:0.00%', '8:2.70%', '9:4.80%']
                                          0msec<-
                                          ->0msec
                                                     -> Cluster 10, loss : 1.86, accuracy 32.98%, model from round 89
                                                     ['0:32.40%', '1:64.80%', '2:5.40%', '3:2.00%', '4:14.80%', '5:67.80%', '6:30.70%', '7:23.80%', '8:69.20%', '9:18.90%']
                                                                                              <-> Client 0, global : from 32.98% to 10.00%, local : from 18.76% to 94.81%, training time : 8200msec
                                                     Cluster 10, round 1, loss : 3.75, accuracy 10.00% <-
                                                     Time past : 8200msec
                                                     ['0:0.00%', '1:0.00%', '2:0.00%', '3:0.00%', '4:0.00%', '5:0.00%', '6:0.00%', '7:0.00%', '8:0.00%', '9:100.00%']
                                          0msec<-
                                          ->0msec
                                                     -> Cluster 86, loss : 1.86, accuracy 32.98%, model from round 89
                                                     ['0:32.40%', '1:64.80%', '2:5.40%', '3:2.00%', '4:14.80%', '5:67.80%', '6:30.70%', '7:23.80%', '8:69.20%', '9:18.90%']
                                                                                              <-> Client 0, global : from 32.98% to 12.91%, local : from 66.73% to 95.59%, training time : 16200msec
                                                     Cluster 86, round 1, loss : 4.63, accuracy 12.91% <-
                                                     Time past : 16200msec
                                                     ['0:0.40%', '1:2.90%', '2:0.00%', '3:0.00%', '4:0.00%', '5:100.00%', '6:0.00%', '7:0.10%', '8:16.90%', '9:8.80%']
                                          0msec<-
                                          ->0msec
                                                     -> Cluster 38, loss : 1.86, accuracy 32.98%, model from round 89
                                                     ['0:32.40%', '1:64.80%', '2:5.40%', '3:2.00%', '4:14.80%', '5:67.80%', '6:30.70%', '7:23.80%', '8:69.20%', '9:18.90%']
                                                                                              <-> Client 0, global : from 32.98% to 10.20%, local : from 61.40% to 95.20%, training time : 8200msec
                                                     Cluster 38, round 1, loss : 4.24, accuracy 10.20% <-
                                                     Time past : 8200msec
                                                     ['0:0.00%', '1:100.00%', '2:0.00%', '3:0.10%', '4:0.00%', '5:1.90%', '6:0.00%', '7:0.00%', '8:0.00%', '9:0.00%']
                                          0msec<-
                                          ->0msec
                                                     -> Cluster 65, loss : 1.86, accuracy 32.98%, model from round 89
                                                     ['0:32.40%', '1:64.80%', '2:5.40%', '3:2.00%', '4:14.80%', '5:67.80%', '6:30.70%', '7:23.80%', '8:69.20%', '9:18.90%']
                                                                                              <-> Client 0, global : from 32.98% to 16.24%, local : from 69.00% to 96.20%, training time : 16200msec
                                                     Cluster 65, round 1, loss : 3.32, accuracy 16.24% <-
                                                     Time past : 16200msec
                                                     ['0:0.00%', '1:0.40%', '2:0.70%', '3:0.00%', '4:4.40%', '5:10.70%', '6:17.40%', '7:28.20%', '8:99.90%', '9:0.70%']
                                          0msec<-
                                          ->0msec
                                                     -> Cluster 0, loss : 1.86, accuracy 32.98%, model from round 89
                                                     ['0:32.40%', '1:64.80%', '2:5.40%', '3:2.00%', '4:14.80%', '5:67.80%', '6:30.70%', '7:23.80%', '8:69.20%', '9:18.90%']
                                                                                              <-> Client 0, global : from 32.98% to 13.12%, local : from 29.74% to 95.01%, training time : 8200msec
                                                     Cluster 0, round 1, loss : 3.61, accuracy 13.12% <-
                                                     Time past : 8200msec
                                                     ['0:7.20%', '1:5.80%', '2:0.00%', '3:0.00%', '4:0.00%', '5:0.00%', '6:99.90%', '7:0.00%', '8:15.70%', '9:2.60%']
                                          0msec<-
                                          ->0msec
                                                     -> Cluster 63, loss : 1.86, accuracy 32.98%, model from round 89
                                                     ['0:32.40%', '1:64.80%', '2:5.40%', '3:2.00%', '4:14.80%', '5:67.80%', '6:30.70%', '7:23.80%', '8:69.20%', '9:18.90%']
                                                                                              <-> Client 0, global : from 32.98% to 17.07%, local : from 66.00% to 96.40%, training time : 16200msec
                                                     Cluster 63, round 1, loss : 3.55, accuracy 17.07% <-
                                                     Time past : 16200msec
                                                     ['0:0.00%', '1:0.70%', '2:0.30%', '3:1.50%', '4:44.30%', '5:5.00%', '6:19.80%', '7:0.00%', '8:99.10%', '9:0.00%']
                                          0msec<-
                                          ->0msec
                                                     -> Cluster 8, loss : 1.86, accuracy 32.98%, model from round 89
                                                     ['0:32.40%', '1:64.80%', '2:5.40%', '3:2.00%', '4:14.80%', '5:67.80%', '6:30.70%', '7:23.80%', '8:69.20%', '9:18.90%']
                                                                                              <-> Client 0, global : from 32.98% to 15.16%, local : from 33.00% to 95.40%, training time : 8200msec
                                                     Cluster 8, round 1, loss : 3.90, accuracy 15.16% <-
                                                     Time past : 8200msec
                                                     ['0:9.00%', '1:7.80%', '2:0.40%', '3:0.00%', '4:0.20%', '5:0.00%', '6:99.80%', '7:0.00%', '8:20.90%', '9:13.50%']
                                          0msec<-
                                          ->0msec
                                                     -> Cluster 46, loss : 1.86, accuracy 32.98%, model from round 89
                                                     ['0:32.40%', '1:64.80%', '2:5.40%', '3:2.00%', '4:14.80%', '5:67.80%', '6:30.70%', '7:23.80%', '8:69.20%', '9:18.90%']
                                                                                              <-> Client 0, global : from 32.98% to 10.27%, local : from 7.20% to 95.00%, training time : 8200msec
                                                     Cluster 46, round 1, loss : 4.33, accuracy 10.27% <-
                                                     Time past : 8200msec
                                                     ['0:0.00%', '1:0.80%', '2:99.90%', '3:0.00%', '4:0.00%', '5:0.00%', '6:0.00%', '7:0.00%', '8:1.40%', '9:0.60%']
                                          0msec<-
Central server round 89, loss : 1.85, accuracy :33.36%
Time past: 1433800msec
['0:12.00%', '1:41.70%', '2:10.40%', '3:0.50%', '4:18.10%', '5:59.40%', '6:65.20%', '7:16.30%', '8:72.00%', '9:38.00%']
                                          ->0msec
                                                     -> Cluster 39, loss : 1.85, accuracy 33.36%, model from round 90
                                                     ['0:12.00%', '1:41.70%', '2:10.40%', '3:0.50%', '4:18.10%', '5:59.40%', '6:65.20%', '7:16.30%', '8:72.00%', '9:38.00%']
                                                                                              <-> Client 0, global : from 33.36% to 10.58%, local : from 37.20% to 95.40%, training time : 8200msec
                                                     Cluster 39, round 1, loss : 4.16, accuracy 10.58% <-
                                                     Time past : 8200msec
                                                     ['0:0.60%', '1:99.90%', '2:0.00%', '3:0.40%', '4:0.50%', '5:1.40%', '6:0.00%', '7:1.30%', '8:1.70%', '9:0.00%']
                                          0msec<-
                                          ->0msec
                                                     -> Cluster 61, loss : 1.85, accuracy 33.36%, model from round 90
                                                     ['0:12.00%', '1:41.70%', '2:10.40%', '3:0.50%', '4:18.10%', '5:59.40%', '6:65.20%', '7:16.30%', '8:72.00%', '9:38.00%']
                                                                                              <-> Client 0, global : from 33.36% to 14.04%, local : from 70.26% to 96.01%, training time : 16200msec
                                                     Cluster 61, round 1, loss : 3.92, accuracy 14.04% <-
                                                     Time past : 16200msec
                                                     ['0:0.00%', '1:0.20%', '2:0.00%', '3:1.50%', '4:28.50%', '5:4.80%', '6:0.60%', '7:4.50%', '8:100.00%', '9:0.30%']
                                          0msec<-
                                          ->0msec
                                                     -> Cluster 94, loss : 1.85, accuracy 33.36%, model from round 90
                                                     ['0:12.00%', '1:41.70%', '2:10.40%', '3:0.50%', '4:18.10%', '5:59.40%', '6:65.20%', '7:16.30%', '8:72.00%', '9:38.00%']
                                                                                              <-> Client 0, global : from 33.36% to 10.46%, local : from 14.63% to 95.59%, training time : 16200msec
                                                     Cluster 94, round 1, loss : 4.13, accuracy 10.46% <-
                                                     Time past : 16200msec
                                                     ['0:100.00%', '1:0.10%', '2:0.00%', '3:0.10%', '4:0.40%', '5:1.70%', '6:1.10%', '7:1.20%', '8:0.00%', '9:0.00%']
                                          0msec<-
                                          ->0msec
                                                     -> Cluster 81, loss : 1.85, accuracy 33.36%, model from round 90
                                                     ['0:12.00%', '1:41.70%', '2:10.40%', '3:0.50%', '4:18.10%', '5:59.40%', '6:65.20%', '7:16.30%', '8:72.00%', '9:38.00%']
                                                                                              <-> Client 0, global : from 33.36% to 10.57%, local : from 57.40% to 95.40%, training time : 16200msec
                                                     Cluster 81, round 1, loss : 3.99, accuracy 10.57% <-
                                                     Time past : 16200msec
                                                     ['0:0.70%', '1:0.90%', '2:0.00%', '3:0.00%', '4:0.10%', '5:100.00%', '6:0.00%', '7:0.00%', '8:0.00%', '9:4.00%']
                                          0msec<-
                                          ->0msec
                                                     -> Cluster 33, loss : 1.85, accuracy 33.36%, model from round 90
                                                     ['0:12.00%', '1:41.70%', '2:10.40%', '3:0.50%', '4:18.10%', '5:59.40%', '6:65.20%', '7:16.30%', '8:72.00%', '9:38.00%']
                                                                                              <-> Client 0, global : from 33.36% to 10.86%, local : from 38.40% to 95.40%, training time : 8200msec
                                                     Cluster 33, round 1, loss : 3.44, accuracy 10.86% <-
                                                     Time past : 8200msec
                                                     ['0:2.40%', '1:99.70%', '2:0.00%', '3:3.50%', '4:1.20%', '5:1.50%', '6:0.20%', '7:0.10%', '8:0.00%', '9:0.00%']
                                          0msec<-
                                          ->0msec
                                                     -> Cluster 60, loss : 1.85, accuracy 33.36%, model from round 90
                                                     ['0:12.00%', '1:41.70%', '2:10.40%', '3:0.50%', '4:18.10%', '5:59.40%', '6:65.20%', '7:16.30%', '8:72.00%', '9:38.00%']
                                                                                              <-> Client 0, global : from 33.36% to 13.23%, local : from 68.86% to 95.81%, training time : 16200msec
                                                     Cluster 60, round 1, loss : 3.36, accuracy 13.23% <-
                                                     Time past : 16200msec
                                                     ['0:0.00%', '1:3.00%', '2:0.70%', '3:0.90%', '4:0.50%', '5:1.10%', '6:13.30%', '7:12.80%', '8:100.00%', '9:0.00%']
                                          0msec<-
                                          ->0msec
                                                     -> Cluster 95, loss : 1.85, accuracy 33.36%, model from round 90
                                                     ['0:12.00%', '1:41.70%', '2:10.40%', '3:0.50%', '4:18.10%', '5:59.40%', '6:65.20%', '7:16.30%', '8:72.00%', '9:38.00%']
                                                                                              <-> Client 0, global : from 33.36% to 10.15%, local : from 14.23% to 95.59%, training time : 16200msec
                                                     Cluster 95, round 1, loss : 4.31, accuracy 10.15% <-
                                                     Time past : 16200msec
                                                     ['0:100.00%', '1:0.00%', '2:0.00%', '3:0.00%', '4:0.00%', '5:0.00%', '6:1.50%', '7:0.00%', '8:0.00%', '9:0.00%']
                                          0msec<-
                                          ->0msec
                                                     -> Cluster 32, loss : 1.85, accuracy 33.36%, model from round 90
                                                     ['0:12.00%', '1:41.70%', '2:10.40%', '3:0.50%', '4:18.10%', '5:59.40%', '6:65.20%', '7:16.30%', '8:72.00%', '9:38.00%']
                                                                                              <-> Client 0, global : from 33.36% to 10.83%, local : from 37.60% to 95.00%, training time : 8200msec
                                                     Cluster 32, round 1, loss : 3.21, accuracy 10.83% <-
                                                     Time past : 8200msec
                                                     ['0:0.10%', '1:99.90%', '2:0.40%', '3:0.00%', '4:0.10%', '5:2.50%', '6:2.10%', '7:1.50%', '8:1.70%', '9:0.00%']
                                          0msec<-
                                          ->0msec
                                                     -> Cluster 26, loss : 1.85, accuracy 33.36%, model from round 90
                                                     ['0:12.00%', '1:41.70%', '2:10.40%', '3:0.50%', '4:18.10%', '5:59.40%', '6:65.20%', '7:16.30%', '8:72.00%', '9:38.00%']
                                                                                              <-> Client 0, global : from 33.36% to 13.11%, local : from 17.00% to 95.20%, training time : 8200msec
                                                     Cluster 26, round 1, loss : 3.49, accuracy 13.11% <-
                                                     Time past : 8200msec
                                                     ['0:0.00%', '1:13.00%', '2:0.00%', '3:0.00%', '4:99.90%', '5:0.00%', '6:0.00%', '7:0.00%', '8:11.60%', '9:6.60%']
                                          0msec<-
                                          ->0msec
                                                     -> Cluster 45, loss : 1.85, accuracy 33.36%, model from round 90
                                                     ['0:12.00%', '1:41.70%', '2:10.40%', '3:0.50%', '4:18.10%', '5:59.40%', '6:65.20%', '7:16.30%', '8:72.00%', '9:38.00%']
                                                                                              <-> Client 0, global : from 33.36% to 10.69%, local : from 10.60% to 95.20%, training time : 8200msec
                                                     Cluster 45, round 1, loss : 3.83, accuracy 10.69% <-
                                                     Time past : 8200msec
                                                     ['0:0.00%', '1:7.10%', '2:99.80%', '3:0.00%', '4:0.00%', '5:0.00%', '6:0.00%', '7:0.00%', '8:0.00%', '9:0.00%']
                                          0msec<-
Central server round 90, loss : 1.90, accuracy :33.08%
Time past: 1450000msec
['0:58.50%', '1:78.30%', '2:17.60%', '3:1.20%', '4:40.10%', '5:28.00%', '6:28.30%', '7:22.30%', '8:50.30%', '9:6.20%']
                                          ->0msec
                                                     -> Cluster 78, loss : 1.90, accuracy 33.08%, model from round 91
                                                     ['0:58.50%', '1:78.30%', '2:17.60%', '3:1.20%', '4:40.10%', '5:28.00%', '6:28.30%', '7:22.30%', '8:50.30%', '9:6.20%']
                                                                                              <-> Client 0, global : from 33.08% to 12.02%, local : from 2.40% to 95.40%, training time : 16200msec
                                                     Cluster 78, round 1, loss : 4.47, accuracy 12.02% <-
                                                     Time past : 16200msec
                                                     ['0:3.50%', '1:0.20%', '2:0.00%', '3:99.90%', '4:0.10%', '5:0.00%', '6:0.00%', '7:0.10%', '8:8.00%', '9:8.40%']
                                          0msec<-
                                          ->0msec
                                                     -> Cluster 51, loss : 1.90, accuracy 33.08%, model from round 91
                                                     ['0:58.50%', '1:78.30%', '2:17.60%', '3:1.20%', '4:40.10%', '5:28.00%', '6:28.30%', '7:22.30%', '8:50.30%', '9:6.20%']
                                                                                              <-> Client 0, global : from 33.08% to 16.05%, local : from 20.96% to 95.41%, training time : 16200msec
                                                     Cluster 51, round 1, loss : 3.21, accuracy 16.05% <-
                                                     Time past : 16200msec
                                                     ['0:21.30%', '1:7.40%', '2:0.20%', '3:0.00%', '4:0.00%', '5:0.00%', '6:1.40%', '7:98.90%', '8:30.80%', '9:0.50%']
                                          0msec<-
                                          ->0msec
                                                     -> Cluster 30, loss : 1.90, accuracy 33.08%, model from round 91
                                                     ['0:58.50%', '1:78.30%', '2:17.60%', '3:1.20%', '4:40.10%', '5:28.00%', '6:28.30%', '7:22.30%', '8:50.30%', '9:6.20%']
                                                                                              <-> Client 0, global : from 33.08% to 11.41%, local : from 75.65% to 95.01%, training time : 8200msec
                                                     Cluster 30, round 1, loss : 3.04, accuracy 11.41% <-
                                                     Time past : 8200msec
                                                     ['0:2.30%', '1:99.90%', '2:0.00%', '3:0.20%', '4:0.00%', '5:7.90%', '6:0.20%', '7:2.20%', '8:1.40%', '9:0.00%']
                                          0msec<-
                                          ->0msec
                                                     -> Cluster 49, loss : 1.90, accuracy 33.08%, model from round 91
                                                     ['0:58.50%', '1:78.30%', '2:17.60%', '3:1.20%', '4:40.10%', '5:28.00%', '6:28.30%', '7:22.30%', '8:50.30%', '9:6.20%']
                                                                                              <-> Client 0, global : from 33.08% to 12.85%, local : from 18.20% to 95.00%, training time : 8200msec
                                                     Cluster 49, round 1, loss : 3.98, accuracy 12.85% <-
                                                     Time past : 8200msec
                                                     ['0:0.00%', '1:1.90%', '2:99.40%', '3:0.00%', '4:0.00%', '5:0.00%', '6:0.00%', '7:0.00%', '8:7.40%', '9:19.80%']
                                          0msec<-
                                          ->0msec
                                                     -> Cluster 23, loss : 1.90, accuracy 33.08%, model from round 91
                                                     ['0:58.50%', '1:78.30%', '2:17.60%', '3:1.20%', '4:40.10%', '5:28.00%', '6:28.30%', '7:22.30%', '8:50.30%', '9:6.20%']
                                                                                              <-> Client 0, global : from 33.08% to 13.04%, local : from 40.60% to 95.20%, training time : 8200msec
                                                     Cluster 23, round 1, loss : 4.15, accuracy 13.04% <-
                                                     Time past : 8200msec
                                                     ['0:15.90%', '1:8.20%', '2:0.00%', '3:0.00%', '4:99.50%', '5:0.20%', '6:0.00%', '7:0.00%', '8:6.60%', '9:0.00%']
                                          0msec<-
                                          ->0msec
                                                     -> Cluster 40, loss : 1.90, accuracy 33.08%, model from round 91
                                                     ['0:58.50%', '1:78.30%', '2:17.60%', '3:1.20%', '4:40.10%', '5:28.00%', '6:28.30%', '7:22.30%', '8:50.30%', '9:6.20%']
                                                                                              <-> Client 0, global : from 33.08% to 11.56%, local : from 18.36% to 94.61%, training time : 8200msec
                                                     Cluster 40, round 1, loss : 3.44, accuracy 11.56% <-
                                                     Time past : 8200msec
                                                     ['0:0.00%', '1:0.00%', '2:99.70%', '3:0.00%', '4:0.00%', '5:0.00%', '6:0.00%', '7:0.00%', '8:1.20%', '9:14.70%']
                                          0msec<-
                                          ->0msec
                                                     -> Cluster 12, loss : 1.90, accuracy 33.08%, model from round 91
                                                     ['0:58.50%', '1:78.30%', '2:17.60%', '3:1.20%', '4:40.10%', '5:28.00%', '6:28.30%', '7:22.30%', '8:50.30%', '9:6.20%']
                                                                                              <-> Client 0, global : from 33.08% to 11.31%, local : from 7.20% to 95.20%, training time : 8200msec
                                                     Cluster 12, round 1, loss : 3.71, accuracy 11.31% <-
                                                     Time past : 8200msec
                                                     ['0:1.50%', '1:0.00%', '2:0.00%', '3:0.00%', '4:4.40%', '5:6.70%', '6:0.00%', '7:0.70%', '8:0.10%', '9:99.70%']
                                          0msec<-
                                          ->0msec
                                                     -> Cluster 83, loss : 1.90, accuracy 33.08%, model from round 91
                                                     ['0:58.50%', '1:78.30%', '2:17.60%', '3:1.20%', '4:40.10%', '5:28.00%', '6:28.30%', '7:22.30%', '8:50.30%', '9:6.20%']
                                                                                              <-> Client 0, global : from 33.08% to 11.16%, local : from 30.06% to 95.19%, training time : 16200msec
                                                     Cluster 83, round 1, loss : 4.04, accuracy 11.16% <-
                                                     Time past : 16200msec
                                                     ['0:3.90%', '1:4.60%', '2:0.00%', '3:0.00%', '4:0.00%', '5:100.00%', '6:0.00%', '7:0.00%', '8:3.10%', '9:0.00%']
                                          0msec<-
                                          ->0msec
                                                     -> Cluster 22, loss : 1.90, accuracy 33.08%, model from round 91
                                                     ['0:58.50%', '1:78.30%', '2:17.60%', '3:1.20%', '4:40.10%', '5:28.00%', '6:28.30%', '7:22.30%', '8:50.30%', '9:6.20%']
                                                                                              <-> Client 0, global : from 33.08% to 10.71%, local : from 35.80% to 95.00%, training time : 8200msec
                                                     Cluster 22, round 1, loss : 4.76, accuracy 10.71% <-
                                                     Time past : 8200msec
                                                     ['0:0.20%', '1:0.90%', '2:0.00%', '3:0.00%', '4:99.90%', '5:0.00%', '6:0.00%', '7:0.00%', '8:3.90%', '9:2.20%']
                                          0msec<-
                                          ->0msec
                                                     -> Cluster 64, loss : 1.90, accuracy 33.08%, model from round 91
                                                     ['0:58.50%', '1:78.30%', '2:17.60%', '3:1.20%', '4:40.10%', '5:28.00%', '6:28.30%', '7:22.30%', '8:50.30%', '9:6.20%']
                                                                                              <-> Client 0, global : from 33.08% to 12.37%, local : from 49.00% to 95.80%, training time : 16200msec
                                                     Cluster 64, round 1, loss : 4.17, accuracy 12.37% <-
                                                     Time past : 16200msec
                                                     ['0:0.10%', '1:0.30%', '2:0.20%', '3:0.00%', '4:14.30%', '5:0.00%', '6:1.40%', '7:7.30%', '8:100.00%', '9:0.10%']
                                          0msec<-
Central server round 91, loss : 1.76, accuracy :36.16%
Time past: 1466200msec
['0:40.00%', '1:39.30%', '2:25.10%', '3:25.40%', '4:58.50%', '5:14.10%', '6:16.30%', '7:28.50%', '8:60.10%', '9:54.30%']
                                          ->0msec
                                                     -> Cluster 46, loss : 1.76, accuracy 36.16%, model from round 92
                                                     ['0:40.00%', '1:39.30%', '2:25.10%', '3:25.40%', '4:58.50%', '5:14.10%', '6:16.30%', '7:28.50%', '8:60.10%', '9:54.30%']
                                                                                              <-> Client 0, global : from 36.16% to 11.17%, local : from 27.40% to 95.60%, training time : 8200msec
                                                     Cluster 46, round 1, loss : 3.64, accuracy 11.17% <-
                                                     Time past : 8200msec
                                                     ['0:1.20%', '1:3.30%', '2:99.70%', '3:0.00%', '4:0.00%', '5:0.00%', '6:0.00%', '7:0.00%', '8:6.60%', '9:0.90%']
                                          0msec<-
                                          ->0msec
                                                     -> Cluster 92, loss : 1.76, accuracy 36.16%, model from round 92
                                                     ['0:40.00%', '1:39.30%', '2:25.10%', '3:25.40%', '4:58.50%', '5:14.10%', '6:16.30%', '7:28.50%', '8:60.10%', '9:54.30%']
                                                                                              <-> Client 0, global : from 36.16% to 12.79%, local : from 34.80% to 95.80%, training time : 16200msec
                                                     Cluster 92, round 1, loss : 3.71, accuracy 12.79% <-
                                                     Time past : 16200msec
                                                     ['0:99.20%', '1:0.00%', '2:0.70%', '3:0.00%', '4:6.10%', '5:0.00%', '6:20.30%', '7:0.80%', '8:0.00%', '9:0.80%']
                                          0msec<-
                                          ->0msec
                                                     -> Cluster 50, loss : 1.76, accuracy 36.16%, model from round 92
                                                     ['0:40.00%', '1:39.30%', '2:25.10%', '3:25.40%', '4:58.50%', '5:14.10%', '6:16.30%', '7:28.50%', '8:60.10%', '9:54.30%']
                                                                                              <-> Client 0, global : from 36.16% to 11.75%, local : from 27.35% to 95.41%, training time : 16200msec
                                                     Cluster 50, round 1, loss : 4.41, accuracy 11.75% <-
                                                     Time past : 16200msec
                                                     ['0:10.80%', '1:2.10%', '2:0.00%', '3:0.00%', '4:0.00%', '5:0.60%', '6:0.00%', '7:100.00%', '8:0.10%', '9:3.90%']
                                          0msec<-
                                          ->0msec
                                                     -> Cluster 34, loss : 1.76, accuracy 36.16%, model from round 92
                                                     ['0:40.00%', '1:39.30%', '2:25.10%', '3:25.40%', '4:58.50%', '5:14.10%', '6:16.30%', '7:28.50%', '8:60.10%', '9:54.30%']
                                                                                              <-> Client 0, global : from 36.16% to 10.76%, local : from 39.60% to 95.00%, training time : 8200msec
                                                     Cluster 34, round 1, loss : 3.30, accuracy 10.76% <-
                                                     Time past : 8200msec
                                                     ['0:0.90%', '1:100.00%', '2:0.20%', '3:0.30%', '4:1.60%', '5:3.70%', '6:0.20%', '7:0.60%', '8:0.10%', '9:0.00%']
                                          0msec<-
                                          ->0msec
                                                     -> Cluster 67, loss : 1.76, accuracy 36.16%, model from round 92
                                                     ['0:40.00%', '1:39.30%', '2:25.10%', '3:25.40%', '4:58.50%', '5:14.10%', '6:16.30%', '7:28.50%', '8:60.10%', '9:54.30%']
                                                                                              <-> Client 0, global : from 36.16% to 14.87%, local : from 55.60% to 96.40%, training time : 16200msec
                                                     Cluster 67, round 1, loss : 3.60, accuracy 14.87% <-
                                                     Time past : 16200msec
                                                     ['0:0.00%', '1:4.70%', '2:4.10%', '3:3.80%', '4:0.00%', '5:2.30%', '6:22.70%', '7:11.30%', '8:99.80%', '9:0.00%']
                                          0msec<-
                                          ->0msec
                                                     -> Cluster 28, loss : 1.76, accuracy 36.16%, model from round 92
                                                     ['0:40.00%', '1:39.30%', '2:25.10%', '3:25.40%', '4:58.50%', '5:14.10%', '6:16.30%', '7:28.50%', '8:60.10%', '9:54.30%']
                                                                                              <-> Client 0, global : from 36.16% to 14.34%, local : from 60.60% to 95.60%, training time : 8200msec
                                                     Cluster 28, round 1, loss : 3.54, accuracy 14.34% <-
                                                     Time past : 8200msec
                                                     ['0:0.00%', '1:0.80%', '2:0.00%', '3:1.60%', '4:99.60%', '5:0.10%', '6:0.00%', '7:0.00%', '8:27.80%', '9:13.50%']
                                          0msec<-
                                          ->0msec
                                                     -> Cluster 17, loss : 1.76, accuracy 36.16%, model from round 92
                                                     ['0:40.00%', '1:39.30%', '2:25.10%', '3:25.40%', '4:58.50%', '5:14.10%', '6:16.30%', '7:28.50%', '8:60.10%', '9:54.30%']
                                                                                              <-> Client 0, global : from 36.16% to 11.69%, local : from 55.60% to 95.20%, training time : 8200msec
                                                     Cluster 17, round 1, loss : 3.67, accuracy 11.69% <-
                                                     Time past : 8200msec
                                                     ['0:12.30%', '1:0.00%', '2:0.00%', '3:3.30%', '4:0.00%', '5:0.00%', '6:0.30%', '7:0.70%', '8:0.70%', '9:99.60%']
                                          0msec<-
                                          ->0msec
                                                     -> Cluster 29, loss : 1.76, accuracy 36.16%, model from round 92
                                                     ['0:40.00%', '1:39.30%', '2:25.10%', '3:25.40%', '4:58.50%', '5:14.10%', '6:16.30%', '7:28.50%', '8:60.10%', '9:54.30%']
                                                                                              <-> Client 0, global : from 36.16% to 11.57%, local : from 57.40% to 95.00%, training time : 8200msec
                                                     Cluster 29, round 1, loss : 4.19, accuracy 11.57% <-
                                                     Time past : 8200msec
                                                     ['0:0.00%', '1:7.60%', '2:0.00%', '3:0.00%', '4:99.90%', '5:0.00%', '6:0.00%', '7:0.00%', '8:7.60%', '9:0.60%']
                                          0msec<-
                                          ->0msec
                                                     -> Cluster 25, loss : 1.76, accuracy 36.16%, model from round 92
                                                     ['0:40.00%', '1:39.30%', '2:25.10%', '3:25.40%', '4:58.50%', '5:14.10%', '6:16.30%', '7:28.50%', '8:60.10%', '9:54.30%']
                                                                                              <-> Client 0, global : from 36.16% to 10.84%, local : from 58.00% to 95.20%, training time : 8200msec
                                                     Cluster 25, round 1, loss : 4.32, accuracy 10.84% <-
                                                     Time past : 8200msec
                                                     ['0:0.80%', '1:3.70%', '2:0.00%', '3:0.00%', '4:100.00%', '5:0.00%', '6:0.00%', '7:0.00%', '8:3.90%', '9:0.00%']
                                          0msec<-
                                          ->0msec
                                                     -> Cluster 98, loss : 1.76, accuracy 36.16%, model from round 92
                                                     ['0:40.00%', '1:39.30%', '2:25.10%', '3:25.40%', '4:58.50%', '5:14.10%', '6:16.30%', '7:28.50%', '8:60.10%', '9:54.30%']
                                                                                              <-> Client 0, global : from 36.16% to 10.00%, local : from 35.67% to 95.59%, training time : 16200msec
                                                     Cluster 98, round 1, loss : 4.12, accuracy 10.00% <-
                                                     Time past : 16200msec
                                                     ['0:100.00%', '1:0.00%', '2:0.00%', '3:0.00%', '4:0.00%', '5:0.00%', '6:0.00%', '7:0.00%', '8:0.00%', '9:0.00%']
                                          0msec<-
Central server round 92, loss : 1.84, accuracy :33.31%
Time past: 1482400msec
['0:62.40%', '1:42.40%', '2:4.00%', '3:6.60%', '4:77.00%', '5:12.20%', '6:13.30%', '7:26.00%', '8:47.10%', '9:42.10%']
                                          ->0msec
                                                     -> Cluster 50, loss : 1.84, accuracy 33.31%, model from round 93
                                                     ['0:62.40%', '1:42.40%', '2:4.00%', '3:6.60%', '4:77.00%', '5:12.20%', '6:13.30%', '7:26.00%', '8:47.10%', '9:42.10%']
                                                                                              <-> Client 0, global : from 33.31% to 11.70%, local : from 25.75% to 95.21%, training time : 16200msec
                                                     Cluster 50, round 1, loss : 4.27, accuracy 11.70% <-
                                                     Time past : 16200msec
                                                     ['0:8.00%', '1:3.30%', '2:0.00%', '3:0.00%', '4:0.00%', '5:0.90%', '6:0.00%', '7:99.90%', '8:0.00%', '9:4.90%']
                                          0msec<-
                                          ->0msec
                                                     -> Cluster 7, loss : 1.84, accuracy 33.31%, model from round 93
                                                     ['0:62.40%', '1:42.40%', '2:4.00%', '3:6.60%', '4:77.00%', '5:12.20%', '6:13.30%', '7:26.00%', '8:47.10%', '9:42.10%']
                                                                                              <-> Client 0, global : from 33.31% to 15.89%, local : from 13.80% to 95.40%, training time : 8200msec
                                                     Cluster 7, round 1, loss : 3.88, accuracy 15.89% <-
                                                     Time past : 8200msec
                                                     ['0:10.90%', '1:8.30%', '2:0.00%', '3:0.00%', '4:0.20%', '5:0.00%', '6:99.80%', '7:1.90%', '8:28.40%', '9:9.40%']
                                          0msec<-
                                          ->0msec
                                                     -> Cluster 82, loss : 1.84, accuracy 33.31%, model from round 93
                                                     ['0:62.40%', '1:42.40%', '2:4.00%', '3:6.60%', '4:77.00%', '5:12.20%', '6:13.30%', '7:26.00%', '8:47.10%', '9:42.10%']
                                                                                              <-> Client 0, global : from 33.31% to 15.71%, local : from 13.00% to 96.40%, training time : 16200msec
                                                     Cluster 82, round 1, loss : 3.88, accuracy 15.71% <-
                                                     Time past : 16200msec
                                                     ['0:15.10%', '1:2.50%', '2:0.00%', '3:0.00%', '4:0.00%', '5:99.60%', '6:0.00%', '7:1.20%', '8:37.00%', '9:1.70%']
                                          0msec<-
                                          ->0msec
                                                     -> Cluster 71, loss : 1.84, accuracy 33.31%, model from round 93
                                                     ['0:62.40%', '1:42.40%', '2:4.00%', '3:6.60%', '4:77.00%', '5:12.20%', '6:13.30%', '7:26.00%', '8:47.10%', '9:42.10%']
                                                                                              <-> Client 0, global : from 33.31% to 13.80%, local : from 9.80% to 96.60%, training time : 16200msec
                                                     Cluster 71, round 1, loss : 4.02, accuracy 13.80% <-
                                                     Time past : 16200msec
                                                     ['0:3.30%', '1:3.50%', '2:0.00%', '3:99.90%', '4:0.00%', '5:0.00%', '6:0.00%', '7:0.40%', '8:14.60%', '9:16.30%']
                                          0msec<-
                                          ->0msec
                                                     -> Cluster 91, loss : 1.84, accuracy 33.31%, model from round 93
                                                     ['0:62.40%', '1:42.40%', '2:4.00%', '3:6.60%', '4:77.00%', '5:12.20%', '6:13.30%', '7:26.00%', '8:47.10%', '9:42.10%']
                                                                                              <-> Client 0, global : from 33.31% to 12.08%, local : from 56.60% to 97.20%, training time : 16200msec
                                                     Cluster 91, round 1, loss : 3.53, accuracy 12.08% <-
                                                     Time past : 16200msec
                                                     ['0:99.50%', '1:6.90%', '2:0.00%', '3:1.10%', '4:0.00%', '5:3.80%', '6:0.60%', '7:4.70%', '8:0.00%', '9:4.20%']
                                          0msec<-
                                          ->0msec
                                                     -> Cluster 20, loss : 1.84, accuracy 33.31%, model from round 93
                                                     ['0:62.40%', '1:42.40%', '2:4.00%', '3:6.60%', '4:77.00%', '5:12.20%', '6:13.30%', '7:26.00%', '8:47.10%', '9:42.10%']
                                                                                              <-> Client 0, global : from 33.31% to 12.29%, local : from 72.06% to 96.01%, training time : 8200msec
                                                     Cluster 20, round 1, loss : 3.98, accuracy 12.29% <-
                                                     Time past : 8200msec
                                                     ['0:0.00%', '1:1.70%', '2:0.00%', '3:0.10%', '4:99.70%', '5:2.60%', '6:0.00%', '7:0.00%', '8:17.50%', '9:1.30%']
                                          0msec<-
                                          ->0msec
                                                     -> Cluster 2, loss : 1.84, accuracy 33.31%, model from round 93
                                                     ['0:62.40%', '1:42.40%', '2:4.00%', '3:6.60%', '4:77.00%', '5:12.20%', '6:13.30%', '7:26.00%', '8:47.10%', '9:42.10%']
                                                                                              <-> Client 0, global : from 33.31% to 15.69%, local : from 14.20% to 95.80%, training time : 8200msec
                                                     Cluster 2, round 1, loss : 4.03, accuracy 15.69% <-
                                                     Time past : 8200msec
                                                     ['0:18.70%', '1:4.00%', '2:0.30%', '3:0.00%', '4:0.00%', '5:0.00%', '6:99.90%', '7:1.00%', '8:27.90%', '9:5.10%']
                                          0msec<-
                                          ->0msec
                                                     -> Cluster 24, loss : 1.84, accuracy 33.31%, model from round 93
                                                     ['0:62.40%', '1:42.40%', '2:4.00%', '3:6.60%', '4:77.00%', '5:12.20%', '6:13.30%', '7:26.00%', '8:47.10%', '9:42.10%']
                                                                                              <-> Client 0, global : from 33.31% to 16.36%, local : from 68.40% to 95.60%, training time : 8200msec
                                                     Cluster 24, round 1, loss : 3.45, accuracy 16.36% <-
                                                     Time past : 8200msec
                                                     ['0:17.30%', '1:24.10%', '2:0.00%', '3:0.00%', '4:99.50%', '5:4.60%', '6:0.00%', '7:0.00%', '8:3.80%', '9:14.30%']
                                          0msec<-
                                          ->0msec
                                                     -> Cluster 72, loss : 1.84, accuracy 33.31%, model from round 93
                                                     ['0:62.40%', '1:42.40%', '2:4.00%', '3:6.60%', '4:77.00%', '5:12.20%', '6:13.30%', '7:26.00%', '8:47.10%', '9:42.10%']
                                                                                              <-> Client 0, global : from 33.31% to 12.06%, local : from 10.00% to 95.80%, training time : 16200msec
                                                     Cluster 72, round 1, loss : 4.01, accuracy 12.06% <-
                                                     Time past : 16200msec
                                                     ['0:2.30%', '1:1.50%', '2:0.00%', '3:100.00%', '4:0.00%', '5:0.00%', '6:0.00%', '7:0.30%', '8:10.70%', '9:5.80%']
                                          0msec<-
                                          ->0msec
                                                     -> Cluster 87, loss : 1.84, accuracy 33.31%, model from round 93
                                                     ['0:62.40%', '1:42.40%', '2:4.00%', '3:6.60%', '4:77.00%', '5:12.20%', '6:13.30%', '7:26.00%', '8:47.10%', '9:42.10%']
                                                                                              <-> Client 0, global : from 33.31% to 18.23%, local : from 14.23% to 96.79%, training time : 16200msec
                                                     Cluster 87, round 1, loss : 3.74, accuracy 18.23% <-
                                                     Time past : 16200msec
                                                     ['0:27.50%', '1:7.60%', '2:0.00%', '3:0.00%', '4:0.10%', '5:99.30%', '6:0.00%', '7:3.00%', '8:22.50%', '9:22.30%']
                                          0msec<-
Central server round 93, loss : 1.81, accuracy :36.63%
Time past: 1498600msec
['0:55.40%', '1:32.10%', '2:0.00%', '3:16.20%', '4:33.40%', '5:53.00%', '6:57.90%', '7:39.50%', '8:38.20%', '9:40.60%']
                                          ->0msec
                                                     -> Cluster 55, loss : 1.81, accuracy 36.63%, model from round 94
                                                     ['0:55.40%', '1:32.10%', '2:0.00%', '3:16.20%', '4:33.40%', '5:53.00%', '6:57.90%', '7:39.50%', '8:38.20%', '9:40.60%']
                                                                                              <-> Client 0, global : from 36.63% to 13.55%, local : from 40.60% to 96.20%, training time : 16200msec
                                                     Cluster 55, round 1, loss : 3.92, accuracy 13.55% <-
                                                     Time past : 16200msec
                                                     ['0:8.70%', '1:10.80%', '2:0.00%', '3:0.00%', '4:0.00%', '5:0.10%', '6:1.40%', '7:99.80%', '8:3.00%', '9:11.70%']
                                          0msec<-
                                          ->0msec
                                                     -> Cluster 18, loss : 1.81, accuracy 36.63%, model from round 94
                                                     ['0:55.40%', '1:32.10%', '2:0.00%', '3:16.20%', '4:33.40%', '5:53.00%', '6:57.90%', '7:39.50%', '8:38.20%', '9:40.60%']
                                                                                              <-> Client 0, global : from 36.63% to 14.21%, local : from 40.40% to 96.40%, training time : 8200msec
                                                     Cluster 18, round 1, loss : 3.07, accuracy 14.21% <-
                                                     Time past : 8200msec
                                                     ['0:1.50%', '1:0.00%', '2:9.30%', '3:2.50%', '4:6.00%', '5:15.40%', '6:3.80%', '7:2.40%', '8:1.90%', '9:99.30%']
                                          0msec<-
                                          ->0msec
                                                     -> Cluster 20, loss : 1.81, accuracy 36.63%, model from round 94
                                                     ['0:55.40%', '1:32.10%', '2:0.00%', '3:16.20%', '4:33.40%', '5:53.00%', '6:57.90%', '7:39.50%', '8:38.20%', '9:40.60%']
                                                                                              <-> Client 0, global : from 36.63% to 11.22%, local : from 32.53% to 95.41%, training time : 8200msec
                                                     Cluster 20, round 1, loss : 4.31, accuracy 11.22% <-
                                                     Time past : 8200msec
                                                     ['0:0.00%', '1:1.20%', '2:0.00%', '3:0.00%', '4:99.90%', '5:1.00%', '6:0.00%', '7:0.00%', '8:9.20%', '9:0.90%']
                                          0msec<-
                                          ->0msec
                                                     -> Cluster 27, loss : 1.81, accuracy 36.63%, model from round 94
                                                     ['0:55.40%', '1:32.10%', '2:0.00%', '3:16.20%', '4:33.40%', '5:53.00%', '6:57.90%', '7:39.50%', '8:38.20%', '9:40.60%']
                                                                                              <-> Client 0, global : from 36.63% to 13.15%, local : from 33.80% to 96.00%, training time : 8200msec
                                                     Cluster 27, round 1, loss : 3.47, accuracy 13.15% <-
                                                     Time past : 8200msec
                                                     ['0:0.10%', '1:13.80%', '2:0.00%', '3:0.00%', '4:99.80%', '5:1.60%', '6:0.00%', '7:0.00%', '8:4.50%', '9:11.70%']
                                          0msec<-
                                          ->0msec
                                                     -> Cluster 88, loss : 1.81, accuracy 36.63%, model from round 94
                                                     ['0:55.40%', '1:32.10%', '2:0.00%', '3:16.20%', '4:33.40%', '5:53.00%', '6:57.90%', '7:39.50%', '8:38.20%', '9:40.60%']
                                                                                              <-> Client 0, global : from 36.63% to 19.63%, local : from 47.90% to 96.99%, training time : 16200msec
                                                     Cluster 88, round 1, loss : 3.33, accuracy 19.63% <-
                                                     Time past : 16200msec
                                                     ['0:14.20%', '1:8.60%', '2:0.00%', '3:0.00%', '4:0.10%', '5:98.60%', '6:0.00%', '7:16.70%', '8:39.60%', '9:18.50%']
                                          0msec<-
                                          ->0msec
                                                     -> Cluster 80, loss : 1.81, accuracy 36.63%, model from round 94
                                                     ['0:55.40%', '1:32.10%', '2:0.00%', '3:16.20%', '4:33.40%', '5:53.00%', '6:57.90%', '7:39.50%', '8:38.20%', '9:40.60%']
                                                                                              <-> Client 0, global : from 36.63% to 14.88%, local : from 52.60% to 96.40%, training time : 16200msec
                                                     Cluster 80, round 1, loss : 4.11, accuracy 14.88% <-
                                                     Time past : 16200msec
                                                     ['0:2.10%', '1:19.00%', '2:0.00%', '3:0.00%', '4:0.00%', '5:99.40%', '6:0.00%', '7:1.50%', '8:18.30%', '9:8.50%']
                                          0msec<-
                                          ->0msec
                                                     -> Cluster 54, loss : 1.81, accuracy 36.63%, model from round 94
                                                     ['0:55.40%', '1:32.10%', '2:0.00%', '3:16.20%', '4:33.40%', '5:53.00%', '6:57.90%', '7:39.50%', '8:38.20%', '9:40.60%']
                                                                                              <-> Client 0, global : from 36.63% to 11.58%, local : from 37.00% to 95.20%, training time : 16200msec
                                                     Cluster 54, round 1, loss : 4.36, accuracy 11.58% <-
                                                     Time past : 16200msec
                                                     ['0:8.90%', '1:0.90%', '2:0.00%', '3:0.00%', '4:0.00%', '5:0.70%', '6:1.70%', '7:99.90%', '8:3.70%', '9:0.00%']
                                          0msec<-
                                          ->0msec
                                                     -> Cluster 63, loss : 1.81, accuracy 36.63%, model from round 94
                                                     ['0:55.40%', '1:32.10%', '2:0.00%', '3:16.20%', '4:33.40%', '5:53.00%', '6:57.90%', '7:39.50%', '8:38.20%', '9:40.60%']
                                                                                              <-> Client 0, global : from 36.63% to 15.33%, local : from 37.60% to 96.60%, training time : 16200msec
                                                     Cluster 63, round 1, loss : 4.02, accuracy 15.33% <-
                                                     Time past : 16200msec
                                                     ['0:0.00%', '1:0.50%', '2:0.00%', '3:0.40%', '4:32.00%', '5:2.60%', '6:17.90%', '7:0.10%', '8:99.80%', '9:0.00%']
                                          0msec<-
                                          ->0msec
                                                     -> Cluster 40, loss : 1.81, accuracy 36.63%, model from round 94
                                                     ['0:55.40%', '1:32.10%', '2:0.00%', '3:16.20%', '4:33.40%', '5:53.00%', '6:57.90%', '7:39.50%', '8:38.20%', '9:40.60%']
                                                                                              <-> Client 0, global : from 36.63% to 10.10%, local : from 1.80% to 95.01%, training time : 8200msec
                                                     Cluster 40, round 1, loss : 4.54, accuracy 10.10% <-
                                                     Time past : 8200msec
                                                     ['0:0.00%', '1:0.00%', '2:99.90%', '3:0.00%', '4:0.00%', '5:0.00%', '6:0.00%', '7:0.00%', '8:0.00%', '9:1.10%']
                                          0msec<-
                                          ->0msec
                                                     -> Cluster 56, loss : 1.81, accuracy 36.63%, model from round 94
                                                     ['0:55.40%', '1:32.10%', '2:0.00%', '3:16.20%', '4:33.40%', '5:53.00%', '6:57.90%', '7:39.50%', '8:38.20%', '9:40.60%']
                                                                                              <-> Client 0, global : from 36.63% to 12.28%, local : from 37.00% to 96.20%, training time : 16200msec
                                                     Cluster 56, round 1, loss : 4.35, accuracy 12.28% <-
                                                     Time past : 16200msec
                                                     ['0:0.10%', '1:1.10%', '2:0.50%', '3:0.20%', '4:0.00%', '5:0.50%', '6:0.40%', '7:99.60%', '8:17.30%', '9:3.10%']
                                          0msec<-
Central server round 94, loss : 1.83, accuracy :34.59%
Time past: 1514800msec
['0:30.00%', '1:28.70%', '2:3.50%', '3:1.80%', '4:25.40%', '5:49.70%', '6:30.50%', '7:72.30%', '8:63.80%', '9:40.20%']
                                          ->0msec
                                                     -> Cluster 10, loss : 1.83, accuracy 34.59%, model from round 95
                                                     ['0:30.00%', '1:28.70%', '2:3.50%', '3:1.80%', '4:25.40%', '5:49.70%', '6:30.50%', '7:72.30%', '8:63.80%', '9:40.20%']
                                                                                              <-> Client 0, global : from 34.59% to 10.03%, local : from 39.32% to 94.81%, training time : 8200msec
                                                     Cluster 10, round 1, loss : 3.70, accuracy 10.03% <-
                                                     Time past : 8200msec
                                                     ['0:0.00%', '1:0.00%', '2:0.30%', '3:0.00%', '4:0.00%', '5:0.00%', '6:0.00%', '7:0.00%', '8:0.00%', '9:100.00%']
                                          0msec<-
                                          ->0msec
                                                     -> Cluster 26, loss : 1.83, accuracy 34.59%, model from round 95
                                                     ['0:30.00%', '1:28.70%', '2:3.50%', '3:1.80%', '4:25.40%', '5:49.70%', '6:30.50%', '7:72.30%', '8:63.80%', '9:40.20%']
                                                                                              <-> Client 0, global : from 34.59% to 10.67%, local : from 23.00% to 95.20%, training time : 8200msec
                                                     Cluster 26, round 1, loss : 4.72, accuracy 10.67% <-
                                                     Time past : 8200msec
                                                     ['0:0.00%', '1:1.90%', '2:0.00%', '3:0.00%', '4:100.00%', '5:0.00%', '6:0.00%', '7:0.00%', '8:2.40%', '9:2.40%']
                                          0msec<-
                                          ->0msec
                                                     -> Cluster 49, loss : 1.83, accuracy 34.59%, model from round 95
                                                     ['0:30.00%', '1:28.70%', '2:3.50%', '3:1.80%', '4:25.40%', '5:49.70%', '6:30.50%', '7:72.30%', '8:63.80%', '9:40.20%']
                                                                                              <-> Client 0, global : from 34.59% to 13.54%, local : from 6.60% to 95.20%, training time : 8200msec
                                                     Cluster 49, round 1, loss : 4.02, accuracy 13.54% <-
                                                     Time past : 8200msec
                                                     ['0:0.00%', '1:2.60%', '2:99.20%', '3:0.00%', '4:0.00%', '5:0.00%', '6:0.00%', '7:0.00%', '8:8.90%', '9:24.70%']
                                          0msec<-
                                          ->0msec
                                                     -> Cluster 31, loss : 1.83, accuracy 34.59%, model from round 95
                                                     ['0:30.00%', '1:28.70%', '2:3.50%', '3:1.80%', '4:25.40%', '5:49.70%', '6:30.50%', '7:72.30%', '8:63.80%', '9:40.20%']
                                                                                              <-> Client 0, global : from 34.59% to 19.33%, local : from 26.95% to 96.21%, training time : 8200msec
                                                     Cluster 31, round 1, loss : 2.82, accuracy 19.33% <-
                                                     Time past : 8200msec
                                                     ['0:22.90%', '1:98.20%', '2:0.50%', '3:1.60%', '4:0.00%', '5:0.70%', '6:7.40%', '7:35.10%', '8:26.90%', '9:0.00%']
                                          0msec<-
                                          ->0msec
                                                     -> Cluster 28, loss : 1.83, accuracy 34.59%, model from round 95
                                                     ['0:30.00%', '1:28.70%', '2:3.50%', '3:1.80%', '4:25.40%', '5:49.70%', '6:30.50%', '7:72.30%', '8:63.80%', '9:40.20%']
                                                                                              <-> Client 0, global : from 34.59% to 11.86%, local : from 25.80% to 95.40%, training time : 8200msec
                                                     Cluster 28, round 1, loss : 4.20, accuracy 11.86% <-
                                                     Time past : 8200msec
                                                     ['0:0.00%', '1:0.50%', '2:0.00%', '3:0.60%', '4:99.90%', '5:0.30%', '6:0.00%', '7:0.00%', '8:11.40%', '9:5.90%']
                                          0msec<-
                                          ->0msec
                                                     -> Cluster 42, loss : 1.83, accuracy 34.59%, model from round 95
                                                     ['0:30.00%', '1:28.70%', '2:3.50%', '3:1.80%', '4:25.40%', '5:49.70%', '6:30.50%', '7:72.30%', '8:63.80%', '9:40.20%']
                                                                                              <-> Client 0, global : from 34.59% to 10.26%, local : from 3.20% to 95.20%, training time : 8200msec
                                                     Cluster 42, round 1, loss : 4.51, accuracy 10.26% <-
                                                     Time past : 8200msec
                                                     ['0:0.00%', '1:0.30%', '2:99.90%', '3:0.00%', '4:0.00%', '5:0.00%', '6:0.00%', '7:0.00%', '8:1.00%', '9:1.40%']
                                          0msec<-
                                          ->0msec
                                                     -> Cluster 29, loss : 1.83, accuracy 34.59%, model from round 95
                                                     ['0:30.00%', '1:28.70%', '2:3.50%', '3:1.80%', '4:25.40%', '5:49.70%', '6:30.50%', '7:72.30%', '8:63.80%', '9:40.20%']
                                                                                              <-> Client 0, global : from 34.59% to 11.38%, local : from 25.20% to 95.00%, training time : 8200msec
                                                     Cluster 29, round 1, loss : 4.52, accuracy 11.38% <-
                                                     Time past : 8200msec
                                                     ['0:0.00%', '1:5.80%', '2:0.00%', '3:0.00%', '4:99.90%', '5:0.00%', '6:0.00%', '7:0.00%', '8:7.40%', '9:0.70%']
                                          0msec<-
                                          ->0msec
                                                     -> Cluster 94, loss : 1.83, accuracy 34.59%, model from round 95
                                                     ['0:30.00%', '1:28.70%', '2:3.50%', '3:1.80%', '4:25.40%', '5:49.70%', '6:30.50%', '7:72.30%', '8:63.80%', '9:40.20%']
                                                                                              <-> Client 0, global : from 34.59% to 11.47%, local : from 31.06% to 96.79%, training time : 16200msec
                                                     Cluster 94, round 1, loss : 3.78, accuracy 11.47% <-
                                                     Time past : 16200msec
                                                     ['0:99.90%', '1:1.90%', '2:0.00%', '3:0.10%', '4:1.90%', '5:5.80%', '6:2.20%', '7:2.90%', '8:0.00%', '9:0.00%']
                                          0msec<-
                                          ->0msec
                                                     -> Cluster 11, loss : 1.83, accuracy 34.59%, model from round 95
                                                     ['0:30.00%', '1:28.70%', '2:3.50%', '3:1.80%', '4:25.40%', '5:49.70%', '6:30.50%', '7:72.30%', '8:63.80%', '9:40.20%']
                                                                                              <-> Client 0, global : from 34.59% to 11.32%, local : from 39.32% to 95.41%, training time : 8200msec
                                                     Cluster 11, round 1, loss : 4.06, accuracy 11.32% <-
                                                     Time past : 8200msec
                                                     ['0:0.00%', '1:0.00%', '2:0.20%', '3:0.20%', '4:0.50%', '5:1.00%', '6:8.60%', '7:2.80%', '8:0.00%', '9:99.90%']
                                          0msec<-
                                          ->0msec
                                                     -> Cluster 71, loss : 1.83, accuracy 34.59%, model from round 95
                                                     ['0:30.00%', '1:28.70%', '2:3.50%', '3:1.80%', '4:25.40%', '5:49.70%', '6:30.50%', '7:72.30%', '8:63.80%', '9:40.20%']
                                                                                              <-> Client 0, global : from 34.59% to 13.42%, local : from 3.60% to 96.60%, training time : 16200msec
                                                     Cluster 71, round 1, loss : 3.98, accuracy 13.42% <-
                                                     Time past : 16200msec
                                                     ['0:2.70%', '1:4.00%', '2:0.00%', '3:99.90%', '4:0.00%', '5:0.00%', '6:0.00%', '7:0.20%', '8:9.90%', '9:17.50%']
                                          0msec<-
Central server round 95, loss : 1.91, accuracy :31.92%
Time past: 1531000msec
['0:35.70%', '1:29.10%', '2:28.10%', '3:14.70%', '4:74.30%', '5:7.60%', '6:7.80%', '7:10.40%', '8:43.30%', '9:68.20%']
                                          ->0msec
                                                     -> Cluster 32, loss : 1.91, accuracy 31.92%, model from round 96
                                                     ['0:35.70%', '1:29.10%', '2:28.10%', '3:14.70%', '4:74.30%', '5:7.60%', '6:7.80%', '7:10.40%', '8:43.30%', '9:68.20%']
                                                                                              <-> Client 0, global : from 31.92% to 10.47%, local : from 29.00% to 95.00%, training time : 8200msec
                                                     Cluster 32, round 1, loss : 3.50, accuracy 10.47% <-
                                                     Time past : 8200msec
                                                     ['0:0.10%', '1:100.00%', '2:0.20%', '3:0.00%', '4:0.10%', '5:1.60%', '6:0.70%', '7:1.10%', '8:0.90%', '9:0.00%']
                                          0msec<-
                                          ->0msec
                                                     -> Cluster 44, loss : 1.91, accuracy 31.92%, model from round 96
                                                     ['0:35.70%', '1:29.10%', '2:28.10%', '3:14.70%', '4:74.30%', '5:7.60%', '6:7.80%', '7:10.40%', '8:43.30%', '9:68.20%']
                                                                                              <-> Client 0, global : from 31.92% to 10.08%, local : from 29.20% to 95.00%, training time : 8200msec
                                                     Cluster 44, round 1, loss : 4.91, accuracy 10.08% <-
                                                     Time past : 8200msec
                                                     ['0:0.00%', '1:0.00%', '2:100.00%', '3:0.00%', '4:0.00%', '5:0.00%', '6:0.00%', '7:0.00%', '8:0.80%', '9:0.00%']
                                          0msec<-
                                          ->0msec
                                                     -> Cluster 26, loss : 1.91, accuracy 31.92%, model from round 96
                                                     ['0:35.70%', '1:29.10%', '2:28.10%', '3:14.70%', '4:74.30%', '5:7.60%', '6:7.80%', '7:10.40%', '8:43.30%', '9:68.20%']
                                                                                              <-> Client 0, global : from 31.92% to 13.13%, local : from 70.60% to 95.40%, training time : 8200msec
                                                     Cluster 26, round 1, loss : 3.95, accuracy 13.13% <-
                                                     Time past : 8200msec
                                                     ['0:0.00%', '1:18.20%', '2:0.00%', '3:0.00%', '4:99.90%', '5:0.00%', '6:0.00%', '7:0.00%', '8:5.80%', '9:7.40%']
                                          0msec<-
                                          ->0msec
                                                     -> Cluster 37, loss : 1.91, accuracy 31.92%, model from round 96
                                                     ['0:35.70%', '1:29.10%', '2:28.10%', '3:14.70%', '4:74.30%', '5:7.60%', '6:7.80%', '7:10.40%', '8:43.30%', '9:68.20%']
                                                                                              <-> Client 0, global : from 31.92% to 11.85%, local : from 25.20% to 96.40%, training time : 8200msec
                                                     Cluster 37, round 1, loss : 3.09, accuracy 11.85% <-
                                                     Time past : 8200msec
                                                     ['0:0.00%', '1:99.80%', '2:0.10%', '3:0.00%', '4:2.40%', '5:12.30%', '6:0.10%', '7:1.60%', '8:2.20%', '9:0.00%']
                                          0msec<-
                                          ->0msec
                                                     -> Cluster 19, loss : 1.91, accuracy 31.92%, model from round 96
                                                     ['0:35.70%', '1:29.10%', '2:28.10%', '3:14.70%', '4:74.30%', '5:7.60%', '6:7.80%', '7:10.40%', '8:43.30%', '9:68.20%']
                                                                                              <-> Client 0, global : from 31.92% to 10.51%, local : from 67.40% to 95.20%, training time : 8200msec
                                                     Cluster 19, round 1, loss : 3.78, accuracy 10.51% <-
                                                     Time past : 8200msec
                                                     ['0:1.10%', '1:0.00%', '2:0.00%', '3:0.00%', '4:0.00%', '5:2.60%', '6:0.30%', '7:0.20%', '8:1.00%', '9:99.90%']
                                          0msec<-
                                          ->0msec
                                                     -> Cluster 27, loss : 1.91, accuracy 31.92%, model from round 96
                                                     ['0:35.70%', '1:29.10%', '2:28.10%', '3:14.70%', '4:74.30%', '5:7.60%', '6:7.80%', '7:10.40%', '8:43.30%', '9:68.20%']
                                                                                              <-> Client 0, global : from 31.92% to 12.29%, local : from 69.80% to 95.40%, training time : 8200msec
                                                     Cluster 27, round 1, loss : 4.19, accuracy 12.29% <-
                                                     Time past : 8200msec
                                                     ['0:0.00%', '1:12.90%', '2:0.00%', '3:0.00%', '4:99.90%', '5:0.50%', '6:0.00%', '7:0.00%', '8:4.00%', '9:5.60%']
                                          0msec<-
                                          ->0msec
                                                     -> Cluster 25, loss : 1.91, accuracy 31.92%, model from round 96
                                                     ['0:35.70%', '1:29.10%', '2:28.10%', '3:14.70%', '4:74.30%', '5:7.60%', '6:7.80%', '7:10.40%', '8:43.30%', '9:68.20%']
                                                                                              <-> Client 0, global : from 31.92% to 10.72%, local : from 72.60% to 95.20%, training time : 8200msec
                                                     Cluster 25, round 1, loss : 4.73, accuracy 10.72% <-
                                                     Time past : 8200msec
                                                     ['0:0.00%', '1:3.30%', '2:0.00%', '3:0.00%', '4:100.00%', '5:0.00%', '6:0.00%', '7:0.00%', '8:3.90%', '9:0.00%']
                                          0msec<-
                                          ->0msec
                                                     -> Cluster 80, loss : 1.91, accuracy 31.92%, model from round 96
                                                     ['0:35.70%', '1:29.10%', '2:28.10%', '3:14.70%', '4:74.30%', '5:7.60%', '6:7.80%', '7:10.40%', '8:43.30%', '9:68.20%']
                                                                                              <-> Client 0, global : from 31.92% to 12.10%, local : from 7.20% to 95.60%, training time : 16200msec
                                                     Cluster 80, round 1, loss : 4.66, accuracy 12.10% <-
                                                     Time past : 16200msec
                                                     ['0:0.40%', '1:10.00%', '2:0.00%', '3:0.00%', '4:0.00%', '5:99.80%', '6:0.00%', '7:0.40%', '8:7.00%', '9:3.40%']
                                          0msec<-
                                          ->0msec
                                                     -> Cluster 71, loss : 1.91, accuracy 31.92%, model from round 96
                                                     ['0:35.70%', '1:29.10%', '2:28.10%', '3:14.70%', '4:74.30%', '5:7.60%', '6:7.80%', '7:10.40%', '8:43.30%', '9:68.20%']
                                                                                              <-> Client 0, global : from 31.92% to 13.66%, local : from 18.80% to 96.80%, training time : 16200msec
                                                     Cluster 71, round 1, loss : 4.24, accuracy 13.66% <-
                                                     Time past : 16200msec
                                                     ['0:3.10%', '1:4.20%', '2:0.00%', '3:99.90%', '4:0.00%', '5:0.00%', '6:0.00%', '7:0.10%', '8:14.20%', '9:15.10%']
                                          0msec<-
                                          ->0msec
                                                     -> Cluster 14, loss : 1.91, accuracy 31.92%, model from round 96
                                                     ['0:35.70%', '1:29.10%', '2:28.10%', '3:14.70%', '4:74.30%', '5:7.60%', '6:7.80%', '7:10.40%', '8:43.30%', '9:68.20%']
                                                                                              <-> Client 0, global : from 31.92% to 14.42%, local : from 68.00% to 96.00%, training time : 8200msec
                                                     Cluster 14, round 1, loss : 3.49, accuracy 14.42% <-
                                                     Time past : 8200msec
                                                     ['0:6.40%', '1:0.00%', '2:1.20%', '3:0.30%', '4:25.90%', '5:9.50%', '6:0.70%', '7:0.00%', '8:0.80%', '9:99.40%']
                                          0msec<-
Central server round 96, loss : 1.89, accuracy :31.94%
Time past: 1547200msec
['0:29.60%', '1:54.80%', '2:2.30%', '3:8.80%', '4:85.30%', '5:24.60%', '6:6.60%', '7:10.70%', '8:47.20%', '9:49.50%']
                                          ->0msec
                                                     -> Cluster 39, loss : 1.89, accuracy 31.94%, model from round 97
                                                     ['0:29.60%', '1:54.80%', '2:2.30%', '3:8.80%', '4:85.30%', '5:24.60%', '6:6.60%', '7:10.70%', '8:47.20%', '9:49.50%']
                                                                                              <-> Client 0, global : from 31.94% to 12.20%, local : from 50.40% to 96.00%, training time : 8200msec
                                                     Cluster 39, round 1, loss : 4.02, accuracy 12.20% <-
                                                     Time past : 8200msec
                                                     ['0:12.80%', '1:99.90%', '2:0.00%', '3:0.80%', '4:0.30%', '5:1.90%', '6:0.10%', '7:1.00%', '8:5.20%', '9:0.00%']
                                          0msec<-
                                          ->0msec
                                                     -> Cluster 44, loss : 1.89, accuracy 31.94%, model from round 97
                                                     ['0:29.60%', '1:54.80%', '2:2.30%', '3:8.80%', '4:85.30%', '5:24.60%', '6:6.60%', '7:10.70%', '8:47.20%', '9:49.50%']
                                                                                              <-> Client 0, global : from 31.94% to 10.11%, local : from 4.00% to 95.00%, training time : 8200msec
                                                     Cluster 44, round 1, loss : 4.71, accuracy 10.11% <-
                                                     Time past : 8200msec
                                                     ['0:0.00%', '1:0.00%', '2:100.00%', '3:0.00%', '4:0.00%', '5:0.00%', '6:0.00%', '7:0.00%', '8:1.10%', '9:0.00%']
                                          0msec<-
                                          ->0msec
                                                     -> Cluster 85, loss : 1.89, accuracy 31.94%, model from round 97
                                                     ['0:29.60%', '1:54.80%', '2:2.30%', '3:8.80%', '4:85.30%', '5:24.60%', '6:6.60%', '7:10.70%', '8:47.20%', '9:49.50%']
                                                                                              <-> Client 0, global : from 31.94% to 16.19%, local : from 21.44% to 97.19%, training time : 16200msec
                                                     Cluster 85, round 1, loss : 4.18, accuracy 16.19% <-
                                                     Time past : 16200msec
                                                     ['0:24.90%', '1:1.00%', '2:0.00%', '3:0.00%', '4:0.00%', '5:99.70%', '6:0.00%', '7:0.10%', '8:20.20%', '9:16.00%']
                                          0msec<-
                                          ->0msec
                                                     -> Cluster 11, loss : 1.89, accuracy 31.94%, model from round 97
                                                     ['0:29.60%', '1:54.80%', '2:2.30%', '3:8.80%', '4:85.30%', '5:24.60%', '6:6.60%', '7:10.70%', '8:47.20%', '9:49.50%']
                                                                                              <-> Client 0, global : from 31.94% to 14.43%, local : from 48.50% to 96.01%, training time : 8200msec
                                                     Cluster 11, round 1, loss : 3.30, accuracy 14.43% <-
                                                     Time past : 8200msec
                                                     ['0:0.00%', '1:0.00%', '2:1.70%', '3:6.00%', '4:3.40%', '5:2.60%', '6:26.30%', '7:4.90%', '8:0.00%', '9:99.40%']
                                          0msec<-
                                          ->0msec
                                                     -> Cluster 13, loss : 1.89, accuracy 31.94%, model from round 97
                                                     ['0:29.60%', '1:54.80%', '2:2.30%', '3:8.80%', '4:85.30%', '5:24.60%', '6:6.60%', '7:10.70%', '8:47.20%', '9:49.50%']
                                                                                              <-> Client 0, global : from 31.94% to 11.70%, local : from 51.60% to 95.60%, training time : 8200msec
                                                     Cluster 13, round 1, loss : 3.44, accuracy 11.70% <-
                                                     Time past : 8200msec
                                                     ['0:1.70%', '1:0.00%', '2:1.50%', '3:0.20%', '4:0.70%', '5:11.10%', '6:0.40%', '7:1.30%', '8:0.40%', '9:99.70%']
                                          0msec<-
                                          ->0msec
                                                     -> Cluster 53, loss : 1.89, accuracy 31.94%, model from round 97
                                                     ['0:29.60%', '1:54.80%', '2:2.30%', '3:8.80%', '4:85.30%', '5:24.60%', '6:6.60%', '7:10.70%', '8:47.20%', '9:49.50%']
                                                                                              <-> Client 0, global : from 31.94% to 12.81%, local : from 10.40% to 96.20%, training time : 16200msec
                                                     Cluster 53, round 1, loss : 3.77, accuracy 12.81% <-
                                                     Time past : 16200msec
                                                     ['0:13.10%', '1:6.30%', '2:0.00%', '3:0.00%', '4:0.00%', '5:0.00%', '6:1.00%', '7:100.00%', '8:5.20%', '9:2.50%']
                                          0msec<-
                                          ->0msec
                                                     -> Cluster 98, loss : 1.89, accuracy 31.94%, model from round 97
                                                     ['0:29.60%', '1:54.80%', '2:2.30%', '3:8.80%', '4:85.30%', '5:24.60%', '6:6.60%', '7:10.70%', '8:47.20%', '9:49.50%']
                                                                                              <-> Client 0, global : from 31.94% to 10.14%, local : from 25.25% to 95.99%, training time : 16200msec
                                                     Cluster 98, round 1, loss : 3.58, accuracy 10.14% <-
                                                     Time past : 16200msec
                                                     ['0:100.00%', '1:0.20%', '2:0.00%', '3:0.00%', '4:0.00%', '5:0.60%', '6:0.40%', '7:0.20%', '8:0.00%', '9:0.00%']
                                          0msec<-
                                          ->0msec
                                                     -> Cluster 51, loss : 1.89, accuracy 31.94%, model from round 97
                                                     ['0:29.60%', '1:54.80%', '2:2.30%', '3:8.80%', '4:85.30%', '5:24.60%', '6:6.60%', '7:10.70%', '8:47.20%', '9:49.50%']
                                                                                              <-> Client 0, global : from 31.94% to 15.44%, local : from 7.78% to 95.41%, training time : 16200msec
                                                     Cluster 51, round 1, loss : 3.72, accuracy 15.44% <-
                                                     Time past : 16200msec
                                                     ['0:19.00%', '1:8.10%', '2:0.10%', '3:0.00%', '4:0.00%', '5:0.00%', '6:0.20%', '7:99.10%', '8:27.40%', '9:0.50%']
                                          0msec<-
                                          ->0msec
                                                     -> Cluster 91, loss : 1.89, accuracy 31.94%, model from round 97
                                                     ['0:29.60%', '1:54.80%', '2:2.30%', '3:8.80%', '4:85.30%', '5:24.60%', '6:6.60%', '7:10.70%', '8:47.20%', '9:49.50%']
                                                                                              <-> Client 0, global : from 31.94% to 11.05%, local : from 27.40% to 96.40%, training time : 16200msec
                                                     Cluster 91, round 1, loss : 4.05, accuracy 11.05% <-
                                                     Time past : 16200msec
                                                     ['0:100.00%', '1:2.30%', '2:0.00%', '3:1.20%', '4:0.00%', '5:0.90%', '6:0.20%', '7:4.00%', '8:0.00%', '9:1.90%']
                                          0msec<-
                                          ->0msec
                                                     -> Cluster 83, loss : 1.89, accuracy 31.94%, model from round 97
                                                     ['0:29.60%', '1:54.80%', '2:2.30%', '3:8.80%', '4:85.30%', '5:24.60%', '6:6.60%', '7:10.70%', '8:47.20%', '9:49.50%']
                                                                                              <-> Client 0, global : from 31.94% to 11.82%, local : from 21.44% to 95.19%, training time : 16200msec
                                                     Cluster 83, round 1, loss : 4.05, accuracy 11.82% <-
                                                     Time past : 16200msec
                                                     ['0:3.10%', '1:5.70%', '2:0.00%', '3:0.00%', '4:0.00%', '5:100.00%', '6:0.00%', '7:0.00%', '8:9.30%', '9:0.10%']
                                          0msec<-
Central server round 97, loss : 1.79, accuracy :35.92%
Time past: 1563400msec
['0:66.00%', '1:34.80%', '2:19.20%', '3:1.50%', '4:15.30%', '5:48.80%', '6:32.50%', '7:61.90%', '8:27.30%', '9:51.90%']
                                          ->0msec
                                                     -> Cluster 41, loss : 1.79, accuracy 35.92%, model from round 98
                                                     ['0:66.00%', '1:34.80%', '2:19.20%', '3:1.50%', '4:15.30%', '5:48.80%', '6:32.50%', '7:61.90%', '8:27.30%', '9:51.90%']
                                                                                              <-> Client 0, global : from 35.92% to 14.34%, local : from 19.76% to 95.21%, training time : 8200msec
                                                     Cluster 41, round 1, loss : 3.61, accuracy 14.34% <-
                                                     Time past : 8200msec
                                                     ['0:0.00%', '1:0.90%', '2:99.70%', '3:0.00%', '4:0.00%', '5:0.00%', '6:0.00%', '7:0.20%', '8:34.00%', '9:8.60%']
                                          0msec<-
                                          ->0msec
                                                     -> Cluster 6, loss : 1.79, accuracy 35.92%, model from round 98
                                                     ['0:66.00%', '1:34.80%', '2:19.20%', '3:1.50%', '4:15.30%', '5:48.80%', '6:32.50%', '7:61.90%', '8:27.30%', '9:51.90%']
                                                                                              <-> Client 0, global : from 35.92% to 14.91%, local : from 32.60% to 95.60%, training time : 8200msec
                                                     Cluster 6, round 1, loss : 3.85, accuracy 14.91% <-
                                                     Time past : 8200msec
                                                     ['0:22.80%', '1:3.00%', '2:0.00%', '3:0.00%', '4:0.00%', '5:0.00%', '6:100.00%', '7:7.30%', '8:6.20%', '9:9.80%']
                                          0msec<-
                                          ->0msec
                                                     -> Cluster 14, loss : 1.79, accuracy 35.92%, model from round 98
                                                     ['0:66.00%', '1:34.80%', '2:19.20%', '3:1.50%', '4:15.30%', '5:48.80%', '6:32.50%', '7:61.90%', '8:27.30%', '9:51.90%']
                                                                                              <-> Client 0, global : from 35.92% to 13.22%, local : from 50.80% to 95.60%, training time : 8200msec
                                                     Cluster 14, round 1, loss : 3.64, accuracy 13.22% <-
                                                     Time past : 8200msec
                                                     ['0:9.40%', '1:0.00%', '2:1.40%', '3:0.10%', '4:11.90%', '5:7.80%', '6:0.20%', '7:0.00%', '8:1.60%', '9:99.80%']
                                          0msec<-
                                          ->0msec
                                                     -> Cluster 99, loss : 1.79, accuracy 35.92%, model from round 98
                                                     ['0:66.00%', '1:34.80%', '2:19.20%', '3:1.50%', '4:15.30%', '5:48.80%', '6:32.50%', '7:61.90%', '8:27.30%', '9:51.90%']
                                                                                              <-> Client 0, global : from 35.92% to 10.46%, local : from 59.12% to 95.59%, training time : 16200msec
                                                     Cluster 99, round 1, loss : 4.16, accuracy 10.46% <-
                                                     Time past : 16200msec
                                                     ['0:100.00%', '1:0.10%', '2:0.00%', '3:0.30%', '4:0.00%', '5:3.30%', '6:0.90%', '7:0.00%', '8:0.00%', '9:0.00%']
                                          0msec<-
                                          ->0msec
                                                     -> Cluster 40, loss : 1.79, accuracy 35.92%, model from round 98
                                                     ['0:66.00%', '1:34.80%', '2:19.20%', '3:1.50%', '4:15.30%', '5:48.80%', '6:32.50%', '7:61.90%', '8:27.30%', '9:51.90%']
                                                                                              <-> Client 0, global : from 35.92% to 10.40%, local : from 17.96% to 95.01%, training time : 8200msec
                                                     Cluster 40, round 1, loss : 3.88, accuracy 10.40% <-
                                                     Time past : 8200msec
                                                     ['0:0.00%', '1:0.00%', '2:99.90%', '3:0.00%', '4:0.00%', '5:0.00%', '6:0.00%', '7:0.00%', '8:0.60%', '9:3.50%']
                                          0msec<-
                                          ->0msec
                                                     -> Cluster 77, loss : 1.79, accuracy 35.92%, model from round 98
                                                     ['0:66.00%', '1:34.80%', '2:19.20%', '3:1.50%', '4:15.30%', '5:48.80%', '6:32.50%', '7:61.90%', '8:27.30%', '9:51.90%']
                                                                                              <-> Client 0, global : from 35.92% to 11.49%, local : from 4.00% to 96.20%, training time : 16200msec
                                                     Cluster 77, round 1, loss : 4.39, accuracy 11.49% <-
                                                     Time past : 16200msec
                                                     ['0:1.00%', '1:2.90%', '2:0.00%', '3:99.80%', '4:0.40%', '5:0.00%', '6:0.00%', '7:0.40%', '8:10.40%', '9:0.00%']
                                          0msec<-
                                          ->0msec
                                                     -> Cluster 69, loss : 1.79, accuracy 35.92%, model from round 98
                                                     ['0:66.00%', '1:34.80%', '2:19.20%', '3:1.50%', '4:15.30%', '5:48.80%', '6:32.50%', '7:61.90%', '8:27.30%', '9:51.90%']
                                                                                              <-> Client 0, global : from 35.92% to 17.27%, local : from 25.80% to 97.20%, training time : 16200msec
                                                     Cluster 69, round 1, loss : 3.48, accuracy 17.27% <-
                                                     Time past : 16200msec
                                                     ['0:0.00%', '1:0.50%', '2:8.50%', '3:0.00%', '4:20.40%', '5:0.00%', '6:33.00%', '7:9.90%', '8:99.80%', '9:0.60%']
                                          0msec<-
                                          ->0msec
                                                     -> Cluster 8, loss : 1.79, accuracy 35.92%, model from round 98
                                                     ['0:66.00%', '1:34.80%', '2:19.20%', '3:1.50%', '4:15.30%', '5:48.80%', '6:32.50%', '7:61.90%', '8:27.30%', '9:51.90%']
                                                                                              <-> Client 0, global : from 35.92% to 17.95%, local : from 32.40% to 96.20%, training time : 8200msec
                                                     Cluster 8, round 1, loss : 3.42, accuracy 17.95% <-
                                                     Time past : 8200msec
                                                     ['0:13.80%', '1:13.70%', '2:0.40%', '3:0.00%', '4:0.10%', '5:0.00%', '6:99.80%', '7:0.20%', '8:30.80%', '9:20.70%']
                                          0msec<-
                                          ->0msec
                                                     -> Cluster 52, loss : 1.79, accuracy 35.92%, model from round 98
                                                     ['0:66.00%', '1:34.80%', '2:19.20%', '3:1.50%', '4:15.30%', '5:48.80%', '6:32.50%', '7:61.90%', '8:27.30%', '9:51.90%']
                                                                                              <-> Client 0, global : from 35.92% to 14.13%, local : from 59.60% to 95.80%, training time : 16200msec
                                                     Cluster 52, round 1, loss : 3.93, accuracy 14.13% <-
                                                     Time past : 16200msec
                                                     ['0:13.70%', '1:4.10%', '2:0.00%', '3:0.10%', '4:0.00%', '5:0.00%', '6:0.00%', '7:99.70%', '8:21.40%', '9:2.30%']
                                          0msec<-
                                          ->0msec
                                                     -> Cluster 42, loss : 1.79, accuracy 35.92%, model from round 98
                                                     ['0:66.00%', '1:34.80%', '2:19.20%', '3:1.50%', '4:15.30%', '5:48.80%', '6:32.50%', '7:61.90%', '8:27.30%', '9:51.90%']
                                                                                              <-> Client 0, global : from 35.92% to 10.84%, local : from 17.00% to 95.20%, training time : 8200msec
                                                     Cluster 42, round 1, loss : 4.50, accuracy 10.84% <-
                                                     Time past : 8200msec
                                                     ['0:0.00%', '1:0.20%', '2:99.90%', '3:0.00%', '4:0.00%', '5:0.00%', '6:0.00%', '7:0.00%', '8:2.60%', '9:5.70%']
                                          0msec<-
Central server round 98, loss : 1.85, accuracy :34.51%
Time past: 1579600msec
['0:45.50%', '1:19.20%', '2:66.10%', '3:9.00%', '4:1.60%', '5:12.10%', '6:52.20%', '7:28.90%', '8:63.30%', '9:47.20%']
                                          ->0msec
                                                     -> Cluster 47, loss : 1.85, accuracy 34.51%, model from round 99
                                                     ['0:45.50%', '1:19.20%', '2:66.10%', '3:9.00%', '4:1.60%', '5:12.10%', '6:52.20%', '7:28.90%', '8:63.30%', '9:47.20%']
                                                                                              <-> Client 0, global : from 34.51% to 11.95%, local : from 65.80% to 95.60%, training time : 8200msec
                                                     Cluster 47, round 1, loss : 3.69, accuracy 11.95% <-
                                                     Time past : 8200msec
                                                     ['0:0.00%', '1:8.40%', '2:99.70%', '3:0.00%', '4:0.00%', '5:0.80%', '6:0.00%', '7:1.10%', '8:8.20%', '9:1.30%']
                                          0msec<-
                                          ->0msec
                                                     -> Cluster 61, loss : 1.85, accuracy 34.51%, model from round 99
                                                     ['0:45.50%', '1:19.20%', '2:66.10%', '3:9.00%', '4:1.60%', '5:12.10%', '6:52.20%', '7:28.90%', '8:63.30%', '9:47.20%']
                                                                                              <-> Client 0, global : from 34.51% to 14.90%, local : from 63.47% to 96.41%, training time : 16200msec
                                                     Cluster 61, round 1, loss : 3.78, accuracy 14.90% <-
                                                     Time past : 16200msec
                                                     ['0:0.00%', '1:0.20%', '2:2.40%', '3:5.10%', '4:28.00%', '5:5.10%', '6:1.20%', '7:6.70%', '8:99.90%', '9:0.40%']
                                          0msec<-
                                          ->0msec
                                                     -> Cluster 35, loss : 1.85, accuracy 34.51%, model from round 99
                                                     ['0:45.50%', '1:19.20%', '2:66.10%', '3:9.00%', '4:1.60%', '5:12.10%', '6:52.20%', '7:28.90%', '8:63.30%', '9:47.20%']
                                                                                              <-> Client 0, global : from 34.51% to 11.28%, local : from 22.60% to 95.40%, training time : 8200msec
                                                     Cluster 35, round 1, loss : 3.35, accuracy 11.28% <-
                                                     Time past : 8200msec
                                                     ['0:8.30%', '1:100.00%', '2:1.00%', '3:0.10%', '4:3.20%', '5:0.00%', '6:0.20%', '7:0.00%', '8:0.00%', '9:0.00%']
                                          0msec<-
                                          ->0msec
                                                     -> Cluster 48, loss : 1.85, accuracy 34.51%, model from round 99
                                                     ['0:45.50%', '1:19.20%', '2:66.10%', '3:9.00%', '4:1.60%', '5:12.10%', '6:52.20%', '7:28.90%', '8:63.30%', '9:47.20%']
                                                                                              <-> Client 0, global : from 34.51% to 10.39%, local : from 63.20% to 95.20%, training time : 8200msec
                                                     Cluster 48, round 1, loss : 4.59, accuracy 10.39% <-
                                                     Time past : 8200msec
                                                     ['0:0.00%', '1:2.30%', '2:99.90%', '3:0.00%', '4:0.00%', '5:0.00%', '6:0.00%', '7:0.00%', '8:0.60%', '9:1.10%']
                                          0msec<-
                                          ->0msec
                                                     -> Cluster 66, loss : 1.85, accuracy 34.51%, model from round 99
                                                     ['0:45.50%', '1:19.20%', '2:66.10%', '3:9.00%', '4:1.60%', '5:12.10%', '6:52.20%', '7:28.90%', '8:63.30%', '9:47.20%']
                                                                                              <-> Client 0, global : from 34.51% to 12.19%, local : from 64.60% to 96.20%, training time : 16200msec
                                                     Cluster 66, round 1, loss : 3.75, accuracy 12.19% <-
                                                     Time past : 16200msec
                                                     ['0:0.00%', '1:0.00%', '2:0.00%', '3:0.10%', '4:5.10%', '5:2.00%', '6:4.10%', '7:9.40%', '8:100.00%', '9:1.20%']
                                          0msec<-
                                          ->0msec
                                                     -> Cluster 25, loss : 1.85, accuracy 34.51%, model from round 99
                                                     ['0:45.50%', '1:19.20%', '2:66.10%', '3:9.00%', '4:1.60%', '5:12.10%', '6:52.20%', '7:28.90%', '8:63.30%', '9:47.20%']
                                                                                              <-> Client 0, global : from 34.51% to 12.56%, local : from 3.20% to 95.40%, training time : 8200msec
                                                     Cluster 25, round 1, loss : 3.87, accuracy 12.56% <-
                                                     Time past : 8200msec
                                                     ['0:1.20%', '1:10.70%', '2:0.00%', '3:0.00%', '4:99.90%', '5:0.00%', '6:0.00%', '7:0.00%', '8:13.50%', '9:0.30%']
                                          0msec<-
                                          ->0msec
                                                     -> Cluster 58, loss : 1.85, accuracy 34.51%, model from round 99
                                                     ['0:45.50%', '1:19.20%', '2:66.10%', '3:9.00%', '4:1.60%', '5:12.10%', '6:52.20%', '7:28.90%', '8:63.30%', '9:47.20%']
                                                                                              <-> Client 0, global : from 34.51% to 16.64%, local : from 27.60% to 96.40%, training time : 16200msec
                                                     Cluster 58, round 1, loss : 3.62, accuracy 16.64% <-
                                                     Time past : 16200msec
                                                     ['0:12.90%', '1:14.90%', '2:0.00%', '3:0.00%', '4:0.00%', '5:0.00%', '6:0.20%', '7:98.90%', '8:38.90%', '9:0.60%']
                                          0msec<-
                                          ->0msec
                                                     -> Cluster 60, loss : 1.85, accuracy 34.51%, model from round 99
                                                     ['0:45.50%', '1:19.20%', '2:66.10%', '3:9.00%', '4:1.60%', '5:12.10%', '6:52.20%', '7:28.90%', '8:63.30%', '9:47.20%']
                                                                                              <-> Client 0, global : from 34.51% to 15.86%, local : from 58.28% to 96.21%, training time : 16200msec
                                                     Cluster 60, round 1, loss : 3.16, accuracy 15.86% <-
                                                     Time past : 16200msec
                                                     ['0:0.10%', '1:3.50%', '2:2.90%', '3:2.60%', '4:1.10%', '5:3.90%', '6:21.40%', '7:23.10%', '8:99.90%', '9:0.10%']
                                          0msec<-
                                          ->0msec
                                                     -> Cluster 46, loss : 1.85, accuracy 34.51%, model from round 99
                                                     ['0:45.50%', '1:19.20%', '2:66.10%', '3:9.00%', '4:1.60%', '5:12.10%', '6:52.20%', '7:28.90%', '8:63.30%', '9:47.20%']
                                                                                              <-> Client 0, global : from 34.51% to 10.58%, local : from 67.00% to 95.20%, training time : 8200msec
                                                     Cluster 46, round 1, loss : 4.27, accuracy 10.58% <-
                                                     Time past : 8200msec
                                                     ['0:0.10%', '1:1.50%', '2:99.90%', '3:0.00%', '4:0.00%', '5:0.00%', '6:0.00%', '7:0.00%', '8:3.20%', '9:1.10%']
                                          0msec<-
                                          ->0msec
                                                     -> Cluster 89, loss : 1.85, accuracy 34.51%, model from round 99
                                                     ['0:45.50%', '1:19.20%', '2:66.10%', '3:9.00%', '4:1.60%', '5:12.10%', '6:52.20%', '7:28.90%', '8:63.30%', '9:47.20%']
                                                                                              <-> Client 0, global : from 34.51% to 13.09%, local : from 13.23% to 96.59%, training time : 16200msec
                                                     Cluster 89, round 1, loss : 3.98, accuracy 13.09% <-
                                                     Time past : 16200msec
                                                     ['0:1.30%', '1:1.30%', '2:0.00%', '3:0.00%', '4:0.00%', '5:99.90%', '6:0.00%', '7:4.80%', '8:9.60%', '9:14.00%']
                                          0msec<-
Central server round 99, loss : 1.91, accuracy :32.22%
Time past: 1595800msec
['0:18.70%', '1:40.20%', '2:66.70%', '3:2.50%', '4:11.30%', '5:31.00%', '6:16.40%', '7:38.60%', '8:83.10%', '9:13.70%']
                                          ->0msec
                                                     -> Cluster 23, loss : 1.91, accuracy 32.22%, model from round 100
                                                     ['0:18.70%', '1:40.20%', '2:66.70%', '3:2.50%', '4:11.30%', '5:31.00%', '6:16.40%', '7:38.60%', '8:83.10%', '9:13.70%']
                                                                                              <-> Client 0, global : from 32.22% to 13.84%, local : from 11.20% to 95.20%, training time : 8200msec
                                                     Cluster 23, round 1, loss : 4.07, accuracy 13.84% <-
                                                     Time past : 8200msec
                                                     ['0:11.40%', '1:16.10%', '2:0.00%', '3:0.00%', '4:99.80%', '5:0.20%', '6:0.00%', '7:0.00%', '8:10.80%', '9:0.10%']
                                          0msec<-
                                          ->0msec
                                                     -> Cluster 29, loss : 1.91, accuracy 32.22%, model from round 100
                                                     ['0:18.70%', '1:40.20%', '2:66.70%', '3:2.50%', '4:11.30%', '5:31.00%', '6:16.40%', '7:38.60%', '8:83.10%', '9:13.70%']
                                                                                              <-> Client 0, global : from 32.22% to 11.81%, local : from 14.60% to 95.00%, training time : 8200msec
                                                     Cluster 29, round 1, loss : 4.46, accuracy 11.81% <-
                                                     Time past : 8200msec
                                                     ['0:0.00%', '1:7.60%', '2:0.00%', '3:0.00%', '4:99.80%', '5:0.00%', '6:0.00%', '7:0.00%', '8:10.40%', '9:0.30%']
                                          0msec<-
                                          ->0msec
                                                     -> Cluster 68, loss : 1.91, accuracy 32.22%, model from round 100
                                                     ['0:18.70%', '1:40.20%', '2:66.70%', '3:2.50%', '4:11.30%', '5:31.00%', '6:16.40%', '7:38.60%', '8:83.10%', '9:13.70%']
                                                                                              <-> Client 0, global : from 32.22% to 14.62%, local : from 81.00% to 96.40%, training time : 16200msec
                                                     Cluster 68, round 1, loss : 3.36, accuracy 14.62% <-
                                                     Time past : 16200msec
                                                     ['0:0.50%', '1:1.10%', '2:2.50%', '3:1.50%', '4:0.00%', '5:0.50%', '6:25.70%', '7:14.50%', '8:99.90%', '9:0.00%']
                                          0msec<-
                                          ->0msec
                                                     -> Cluster 14, loss : 1.91, accuracy 32.22%, model from round 100
                                                     ['0:18.70%', '1:40.20%', '2:66.70%', '3:2.50%', '4:11.30%', '5:31.00%', '6:16.40%', '7:38.60%', '8:83.10%', '9:13.70%']
                                                                                              <-> Client 0, global : from 32.22% to 16.15%, local : from 15.60% to 96.20%, training time : 8200msec
                                                     Cluster 14, round 1, loss : 3.24, accuracy 16.15% <-
                                                     Time past : 8200msec
                                                     ['0:22.90%', '1:0.00%', '2:1.20%', '3:0.20%', '4:24.80%', '5:10.20%', '6:0.80%', '7:0.00%', '8:2.20%', '9:99.20%']
                                          0msec<-
                                          ->0msec
                                                     -> Cluster 84, loss : 1.91, accuracy 32.22%, model from round 100
                                                     ['0:18.70%', '1:40.20%', '2:66.70%', '3:2.50%', '4:11.30%', '5:31.00%', '6:16.40%', '7:38.60%', '8:83.10%', '9:13.70%']
                                                                                              <-> Client 0, global : from 32.22% to 17.03%, local : from 34.07% to 96.19%, training time : 16200msec
                                                     Cluster 84, round 1, loss : 3.44, accuracy 17.03% <-
                                                     Time past : 16200msec
                                                     ['0:13.30%', '1:8.00%', '2:0.00%', '3:0.00%', '4:0.00%', '5:99.60%', '6:1.40%', '7:0.30%', '8:24.50%', '9:23.20%']
                                          0msec<-
                                          ->0msec
                                                     -> Cluster 22, loss : 1.91, accuracy 32.22%, model from round 100
                                                     ['0:18.70%', '1:40.20%', '2:66.70%', '3:2.50%', '4:11.30%', '5:31.00%', '6:16.40%', '7:38.60%', '8:83.10%', '9:13.70%']
                                                                                              <-> Client 0, global : from 32.22% to 18.23%, local : from 9.60% to 95.40%, training time : 8200msec
                                                     Cluster 22, round 1, loss : 3.04, accuracy 18.23% <-
                                                     Time past : 8200msec
                                                     ['0:10.00%', '1:11.10%', '2:0.80%', '3:0.00%', '4:98.90%', '5:0.00%', '6:0.00%', '7:0.50%', '8:22.30%', '9:38.70%']
                                          0msec<-
                                          ->0msec
                                                     -> Cluster 94, loss : 1.91, accuracy 32.22%, model from round 100
                                                     ['0:18.70%', '1:40.20%', '2:66.70%', '3:2.50%', '4:11.30%', '5:31.00%', '6:16.40%', '7:38.60%', '8:83.10%', '9:13.70%']
                                                                                              <-> Client 0, global : from 32.22% to 11.13%, local : from 23.05% to 96.79%, training time : 16200msec
                                                     Cluster 94, round 1, loss : 4.01, accuracy 11.13% <-
                                                     Time past : 16200msec
                                                     ['0:99.90%', '1:1.60%', '2:0.00%', '3:0.20%', '4:0.70%', '5:5.30%', '6:1.60%', '7:2.00%', '8:0.00%', '9:0.00%']
                                          0msec<-
                                          ->0msec
                                                     -> Cluster 33, loss : 1.91, accuracy 32.22%, model from round 100
                                                     ['0:18.70%', '1:40.20%', '2:66.70%', '3:2.50%', '4:11.30%', '5:31.00%', '6:16.40%', '7:38.60%', '8:83.10%', '9:13.70%']
                                                                                              <-> Client 0, global : from 32.22% to 10.51%, local : from 39.80% to 95.40%, training time : 8200msec
                                                     Cluster 33, round 1, loss : 3.89, accuracy 10.51% <-
                                                     Time past : 8200msec
                                                     ['0:0.40%', '1:100.00%', '2:0.00%', '3:1.90%', '4:0.40%', '5:2.20%', '6:0.00%', '7:0.20%', '8:0.00%', '9:0.00%']
                                          0msec<-
                                          ->0msec
                                                     -> Cluster 40, loss : 1.91, accuracy 32.22%, model from round 100
                                                     ['0:18.70%', '1:40.20%', '2:66.70%', '3:2.50%', '4:11.30%', '5:31.00%', '6:16.40%', '7:38.60%', '8:83.10%', '9:13.70%']
                                                                                              <-> Client 0, global : from 32.22% to 10.10%, local : from 60.08% to 95.01%, training time : 8200msec
                                                     Cluster 40, round 1, loss : 4.49, accuracy 10.10% <-
                                                     Time past : 8200msec
                                                     ['0:0.00%', '1:0.00%', '2:99.90%', '3:0.00%', '4:0.00%', '5:0.00%', '6:0.00%', '7:0.00%', '8:0.20%', '9:0.90%']
                                          0msec<-
                                          ->0msec
                                                     -> Cluster 10, loss : 1.91, accuracy 32.22%, model from round 100
                                                     ['0:18.70%', '1:40.20%', '2:66.70%', '3:2.50%', '4:11.30%', '5:31.00%', '6:16.40%', '7:38.60%', '8:83.10%', '9:13.70%']
                                                                                              <-> Client 0, global : from 32.22% to 10.14%, local : from 15.17% to 94.81%, training time : 8200msec
                                                     Cluster 10, round 1, loss : 3.68, accuracy 10.14% <-
                                                     Time past : 8200msec
                                                     ['0:0.10%', '1:0.00%', '2:1.00%', '3:0.00%', '4:0.00%', '5:0.30%', '6:0.00%', '7:0.00%', '8:0.00%', '9:100.00%']
                                          0msec<-
Central server round 100, loss : 1.79, accuracy :34.61%
Time past: 1612000msec
['0:53.50%', '1:41.20%', '2:5.60%', '3:4.70%', '4:76.40%', '5:27.00%', '6:14.50%', '7:13.90%', '8:45.60%', '9:63.70%']
