{"centralservertimepast": [0, 9450, 18900, 28350, 37800, 47250, 56700, 66150, 75600, 85050, 94500, 103950, 113400, 122850, 132300, 141750, 151200, 160650, 170100, 179550, 189000, 198450, 207900, 217350, 226800, 236250, 245700, 255150, 264600, 274050, 283500, 292950, 302400, 311850, 321300, 330750, 340200, 349650, 359100, 368550, 378000, 387450, 396900, 406350, 415800, 425250, 434700, 444150, 453600, 463050, 472500, 481950, 491400, 500850, 510300, 519750, 529200, 538650, 548100, 557550, 567000, 576450, 585900, 595350, 604800, 614250, 623700, 633150, 642600, 652050, 661500, 670950, 680400, 689850, 699300, 708750, 718200, 727650, 737100, 746550, 756000, 765450, 774900, 784350, 793800, 803250, 812700, 822150, 831600, 841050, 850500, 859950, 869400, 878850, 888300, 897750, 907200, 916650, 926100, 935550, 945000], "centralserveraccuracy": [0.1005, 0.2108, 0.2729, 0.288, 0.3034, 0.3188, 0.3292, 0.3404, 0.35, 0.3588, 0.3679, 0.3769, 0.3859, 0.393, 0.4005, 0.4074, 0.4169, 0.425, 0.4343, 0.442, 0.4494, 0.4552, 0.4621, 0.4665, 0.4721, 0.4758, 0.4798, 0.4826, 0.4857, 0.4879, 0.4891, 0.4903, 0.4923, 0.492, 0.495, 0.4953, 0.4956, 0.4983, 0.4975, 0.4994, 0.5015, 0.5, 0.5017, 0.4987, 0.5012, 0.5047, 0.501, 0.5014, 0.4882, 0.507, 0.5023, 0.5046, 0.5053, 0.5051, 0.5072, 0.4996, 0.5079, 0.4945, 0.5079, 0.506, 0.5057, 0.5066, 0.4945, 0.4944, 0.4971, 0.5023, 0.508, 0.5026, 0.5067, 0.5059, 0.5075, 0.5017, 0.4995, 0.5039, 0.5091, 0.5099, 0.5092, 0.5099, 0.5105, 0.5098, 0.51, 0.5092, 0.5092, 0.5093, 0.5095, 0.5091, 0.5095, 0.5097, 0.5093, 0.5094, 0.5094, 0.5095, 0.5093, 0.5092, 0.5092, 0.5087, 0.5088, 0.509, 0.5089, 0.5094, 0.5093], "centralserverloss": [2.3034168884277344, 2.2762248344421385, 2.2141433876037597, 2.101164949417114, 1.9981122179031372, 1.9370545307159424, 1.8979787448883056, 1.8650180004119874, 1.8351334093093872, 1.8077386951446532, 1.7823739765167237, 1.7580758993148804, 1.7345243255615235, 1.7107633363723755, 1.6866315559387206, 1.662134610748291, 1.6374676959991454, 1.612655208015442, 1.5880828559875488, 1.5639997131347656, 1.5415388343811036, 1.5214484380722046, 1.5037220998764038, 1.4891710098266602, 1.4778369855880737, 1.4693324451446532, 1.4638981216430664, 1.4613764097213746, 1.4607042861938477, 1.4631897916793823, 1.4679904542922975, 1.475077102470398, 1.4844035509109497, 1.4957854526519776, 1.5092954429626464, 1.5249172273635865, 1.5428957958221436, 1.5592689796447754, 1.5850628122329713, 1.6022361219406127, 1.6185011749267577, 1.6523854484558105, 1.6627773775100707, 1.6954587886810302, 1.7169867286682128, 1.726465599632263, 1.733721096420288, 1.758527219581604, 1.8717328525543213, 1.7822742715835571, 1.8039315183639526, 1.7986058200836181, 1.8465247611999511, 1.8268871475219726, 1.8680775400161742, 1.8747885257720946, 1.9132597257614137, 1.9807829746246337, 1.934866976737976, 1.9666421424865723, 1.995194704055786, 1.9959624458312988, 2.072101689910889, 2.1502261684417725, 2.0965287036895752, 2.0472842237472535, 2.0561773777008057, 2.059421563720703, 2.0723282417297364, 2.0854167881011962, 2.121299832725525, 2.1478064378738404, 2.163604322052002, 2.1246800453186037, 2.1389067893981935, 2.165630410575867, 2.184432691574097, 2.2014365648269654, 2.2161372430801394, 2.228901738357544, 2.240850721359253, 2.252235612487793, 2.262983416938782, 2.272465902328491, 2.28191902923584, 2.2914010219573973, 2.3003470817565916, 2.3090907890319823, 2.31750735206604, 2.3254186180114744, 2.33348151512146, 2.34141710395813, 2.3485141315460205, 2.3557549327850342, 2.3627482040405274, 2.369397472381592, 2.376119776535034, 2.3825373260498046, 2.3889104236602785, 2.39511934928894, 2.401088758468628], "centralserverround": [0, 1, 2, 3, 4, 5, 6, 7, 8, 9, 10, 11, 12, 13, 14, 15, 16, 17, 18, 19, 20, 21, 22, 23, 24, 25, 26, 27, 28, 29, 30, 31, 32, 33, 34, 35, 36, 37, 38, 39, 40, 41, 42, 43, 44, 45, 46, 47, 48, 49, 50, 51, 52, 53, 54, 55, 56, 57, 58, 59, 60, 61, 62, 63, 64, 65, 66, 67, 68, 69, 70, 71, 72, 73, 74, 75, 76, 77, 78, 79, 80, 81, 82, 83, 84, 85, 86, 87, 88, 89, 90, 91, 92, 93, 94, 95, 96, 97, 98, 99, 100]}