{"centralservertimepast": [0, 2400, 4800, 7200, 9600, 12000, 14400, 16800, 19200, 21600, 24000, 26400, 28800, 31200, 33600, 36000, 38400, 40800, 43200, 45600, 48000, 50400, 52800, 55200, 57600, 60000, 62400, 64800, 67200, 69600, 72000, 74400, 76800, 79200, 81600, 84000, 86400, 88800, 91200, 93600, 96000, 98400, 100800, 103200, 105600, 108000, 110400, 112800, 115200, 117600, 120000, 122400, 124800, 127200, 129600, 132000, 134400, 136800, 139200, 141600, 144000, 146400, 148800, 151200, 153600, 156000, 158400, 160800, 163200, 165600, 168000, 170400, 172800, 175200, 177600, 180000, 182400, 184800, 187200, 189600, 192000, 194400, 196800, 199200, 201600, 204000, 206400, 208800, 211200, 213600, 216000, 218400, 220800, 223200, 225600, 228000, 230400, 232800, 235200, 237600, 240000], "centralserveraccuracy": [0.0837, 0.1001, 0.1033, 0.128, 0.1556, 0.1705, 0.183, 0.1905, 0.1957, 0.2009, 0.2036, 0.2076, 0.2108, 0.2141, 0.2163, 0.218, 0.2217, 0.2241, 0.228, 0.2324, 0.2365, 0.239, 0.2435, 0.2459, 0.2492, 0.2531, 0.2541, 0.2584, 0.2604, 0.2623, 0.2641, 0.2681, 0.268, 0.2702, 0.2742, 0.2756, 0.2781, 0.279, 0.2805, 0.2824, 0.284, 0.2844, 0.2859, 0.2887, 0.2916, 0.2933, 0.2944, 0.2947, 0.2949, 0.2943, 0.2971, 0.2972, 0.299, 0.2987, 0.3006, 0.2999, 0.3017, 0.3007, 0.3028, 0.3011, 0.3042, 0.3043, 0.3062, 0.3057, 0.3072, 0.308, 0.3093, 0.3079, 0.3093, 0.3104, 0.3098, 0.3102, 0.3077, 0.3125, 0.3074, 0.3115, 0.3107, 0.3098, 0.3123, 0.3008, 0.3077, 0.3057, 0.3128, 0.2819, 0.2992, 0.3074, 0.3084, 0.303, 0.2805, 0.3091, 0.2344, 0.246, 0.3022, 0.3129, 0.3095, 0.3098, 0.2624, 0.226, 0.2793, 0.2395, 0.2887], "centralserverloss": [2.303652021408081, 2.2995133152008056, 2.2955421127319338, 2.2868411392211914, 2.276270688247681, 2.2662590396881104, 2.2571337600708006, 2.248225336074829, 2.2394905754089356, 2.2305092155456543, 2.2215505935668944, 2.2119526958465574, 2.202076903915405, 2.1919225536346434, 2.1815990516662596, 2.170962384796143, 2.16050909614563, 2.1497528049468992, 2.139040365600586, 2.1279519073486326, 2.1180984716415407, 2.1086501291275024, 2.099131880569458, 2.09038389377594, 2.081420650100708, 2.073578933906555, 2.066776158905029, 2.059542825126648, 2.0533047552108763, 2.046437406349182, 2.0408397569656374, 2.035424954223633, 2.03112008934021, 2.026095937728882, 2.0213299964904787, 2.018175594139099, 2.0141248880386353, 2.0110325761795043, 2.0073372360229493, 2.0047027278900145, 2.0020037082672117, 1.9998058036804198, 1.9973746437072755, 1.9949653676986694, 1.9929815843582153, 1.9927935338973999, 1.9909723447799683, 1.9912336473464967, 1.9895501281738281, 1.9906770492553711, 1.9898215559005736, 1.9896509872436523, 1.990580308532715, 1.990276812171936, 1.9912741800308227, 1.9940524765014649, 1.99136201877594, 1.9957753761291503, 1.9927824512481689, 1.9964417091369628, 1.9958229690551759, 1.9982272720336913, 1.9997088426589966, 2.002774725532532, 2.0044017040252684, 2.0096149524688722, 2.008906435394287, 2.0169739151000976, 2.0169683822631836, 2.026289175033569, 2.024718052864075, 2.035584854888916, 2.040345782470703, 2.0490353721618653, 2.055102270317078, 2.056966773223877, 2.0636010332107544, 2.0779901977539064, 2.084841728210449, 2.1366547378540037, 2.1133377813339234, 2.1123818550109865, 2.1465805826187134, 2.2253488773345946, 2.0497873291015627, 2.1544036594390867, 2.1369513214111326, 2.2104039901733397, 2.2640457180023192, 2.196792727279663, 2.617052558517456, 2.151952793121338, 2.1420013341903688, 2.150783459854126, 2.2018995506286623, 2.218985071182251, 2.451089697265625, 2.4991294921875, 2.3054470153808593, 2.4923547973632814, 2.2760199821472167], "centralserverround": [0, 1, 2, 3, 4, 5, 6, 7, 8, 9, 10, 11, 12, 13, 14, 15, 16, 17, 18, 19, 20, 21, 22, 23, 24, 25, 26, 27, 28, 29, 30, 31, 32, 33, 34, 35, 36, 37, 38, 39, 40, 41, 42, 43, 44, 45, 46, 47, 48, 49, 50, 51, 52, 53, 54, 55, 56, 57, 58, 59, 60, 61, 62, 63, 64, 65, 66, 67, 68, 69, 70, 71, 72, 73, 74, 75, 76, 77, 78, 79, 80, 81, 82, 83, 84, 85, 86, 87, 88, 89, 90, 91, 92, 93, 94, 95, 96, 97, 98, 99, 100]}