{"centralservertimepast": [0, 105200, 205400, 310600, 410800, 516000, 621200, 726400, 826600, 926800, 1032000, 1132200, 1237400, 1337600, 1437800, 1538000, 1643200, 1748400, 1853600, 1958800, 2054000, 2154200, 2259400, 2364600, 2464800, 2565000, 2670200, 2775400, 2880600, 2985800, 3091000, 3186200, 3291400, 3396600, 3501800, 3607000, 3712200, 3817400, 3922600, 4027800, 4133000, 4238200, 4338400, 4443600, 4543800, 4649000, 4754200, 4859400, 4964600, 5064800, 5170000, 5270200, 5375400, 5480600, 5580800, 5686000, 5791200, 5896400, 6001600, 6106800, 6207000, 6312200, 6417400, 6522600, 6627800, 6733000, 6833200, 6938400, 7043600, 7148800, 7254000, 7359200, 7464400, 7569600, 7674800, 7780000, 7885200, 7990400, 8095600, 8195800, 8301000, 8406200, 8511400, 8616600, 8716800, 8822000, 8927200, 9032400, 9137600, 9242800, 9348000, 9448200, 9553400, 9658600, 9763800, 9864000, 9969200, 10074400, 10174600, 10279800, 10385000], "centralserveraccuracy": [0.0674, 0.1015, 0.4182, 0.7275, 0.818, 0.8387, 0.8539, 0.8672, 0.882, 0.8733, 0.8823, 0.8947, 0.903, 0.8936, 0.863, 0.9044, 0.9109, 0.9018, 0.917, 0.9089, 0.9143, 0.9133, 0.9211, 0.9216, 0.9169, 0.9256, 0.9177, 0.9302, 0.9119, 0.9267, 0.9161, 0.9143, 0.923, 0.9299, 0.9343, 0.9295, 0.9301, 0.9269, 0.9291, 0.9338, 0.9283, 0.9304, 0.9278, 0.9323, 0.9403, 0.9388, 0.9378, 0.9402, 0.9359, 0.9366, 0.937, 0.9371, 0.9438, 0.9388, 0.9271, 0.9387, 0.9387, 0.9391, 0.9444, 0.9338, 0.9364, 0.9425, 0.9405, 0.9384, 0.9445, 0.9467, 0.935, 0.9478, 0.9453, 0.9459, 0.9466, 0.952, 0.9437, 0.9484, 0.9495, 0.9508, 0.9455, 0.9431, 0.9496, 0.9497, 0.9477, 0.9505, 0.9443, 0.9465, 0.9278, 0.9427, 0.9494, 0.9454, 0.9459, 0.9524, 0.9471, 0.9356, 0.949, 0.9411, 0.9433, 0.9439, 0.9403, 0.9465, 0.9398, 0.9424, 0.9458], "centralserverloss": [2.3038650718688967, 2.2639410133361815, 1.9084239486694337, 0.9967765298843384, 0.5886388504981994, 0.4998376360416412, 0.44851096572875976, 0.4315951610326767, 0.3805081526994705, 0.4452011350750923, 0.4137605136871338, 0.397831497991085, 0.34915597393512726, 0.3964337809324264, 0.5391434975862504, 0.35066327983140944, 0.3365673363685608, 0.37977600469589234, 0.30804070254564286, 0.34455809173583984, 0.35186819682717324, 0.33522058020830153, 0.2880773254990578, 0.2884769126981497, 0.3319644781827927, 0.2950638330519199, 0.31692113793194293, 0.2712774287223816, 0.32213626288175584, 0.2905031235635281, 0.3291011249303818, 0.3495587064862251, 0.3006162438482046, 0.28388514370322226, 0.26363875361979006, 0.2839382727831602, 0.26986724854409694, 0.3106897771894932, 0.2807594674706459, 0.25107286071777346, 0.2819381834924221, 0.2731205056935549, 0.291056839710474, 0.27403845432549717, 0.24086276835203171, 0.24845394685268402, 0.2661734274595976, 0.24302422996461392, 0.2741250432342291, 0.2532244164556265, 0.24026339567750693, 0.24541882576942445, 0.2097753141492605, 0.2525807113170624, 0.2861770554061979, 0.24570931986421346, 0.25390623152405023, 0.24817060834616422, 0.2206160024046898, 0.262839407941699, 0.2558010149486363, 0.21903262017816305, 0.2295404229298234, 0.25589617614150045, 0.20798913582861422, 0.21010036313720049, 0.25512330712229014, 0.19497487300485372, 0.20158762834966182, 0.2149257560968399, 0.20605216980203986, 0.1869611324355006, 0.22639008755236864, 0.19715199135392905, 0.20837482624314727, 0.20614280981831254, 0.21139662342965604, 0.24036243396028875, 0.1963338219240308, 0.1928366236962378, 0.20152739536948502, 0.19694357085227968, 0.22490651314109564, 0.20964958024173974, 0.29267936437129977, 0.21827043615579605, 0.19707781428694726, 0.2047405812829733, 0.20488277340978384, 0.18107976585030555, 0.21137563020139932, 0.2742304999595508, 0.2024487279973924, 0.2255280539780855, 0.2216077583178878, 0.23159841595711186, 0.23343784104548396, 0.20719962781220674, 0.23637510506734252, 0.23595948815569281, 0.2171413887316361], "centralserverround": [0, 1, 2, 3, 4, 5, 6, 7, 8, 9, 10, 11, 12, 13, 14, 15, 16, 17, 18, 19, 20, 21, 22, 23, 24, 25, 26, 27, 28, 29, 30, 31, 32, 33, 34, 35, 36, 37, 38, 39, 40, 41, 42, 43, 44, 45, 46, 47, 48, 49, 50, 51, 52, 53, 54, 55, 56, 57, 58, 59, 60, 61, 62, 63, 64, 65, 66, 67, 68, 69, 70, 71, 72, 73, 74, 75, 76, 77, 78, 79, 80, 81, 82, 83, 84, 85, 86, 87, 88, 89, 90, 91, 92, 93, 94, 95, 96, 97, 98, 99, 100]}