{"centralservertimepast": [0, 120200, 275400, 455600, 590800, 676000, 776200, 876400, 966600, 1146800, 1317000, 1427200, 1557400, 1677600, 1772800, 1898000, 2068200, 2238400, 2388600, 2568800, 2724000, 2844200, 2979400, 3149600, 3319800, 3475000, 3625200, 3775400, 3865600, 4035800, 4181000, 4351200, 4521400, 4701600, 4871800, 5052000, 5197200, 5342400, 5477600, 5622800, 5773000, 5943200, 6113400, 6293600, 6438800, 6594000, 6749200, 6919400, 7054600, 7199800, 7345000, 7515200, 7685400, 7820600, 7990800, 8116000, 8286200, 8441400, 8576600, 8716800, 8887000, 9067200, 9237400, 9382600, 9512800, 9683000, 9828200, 9948400, 10118600, 10288800, 10399000, 10569200, 10739400, 10909600, 11044800, 11200000, 11370200, 11510400, 11690600, 11830800, 11976000, 12146200, 12306400, 12451600, 12561800, 12722000, 12877200, 12987400, 13122600, 13227800, 13348000, 13493200, 13598400, 13748600, 13883800, 14064000, 14214200, 14359400, 14509600, 14659800, 14780000], "centralserveraccuracy": [0.1001, 0.2346, 0.3843, 0.4208, 0.4468, 0.4653, 0.4385, 0.474, 0.5034, 0.4979, 0.4682, 0.5106, 0.5054, 0.5003, 0.5224, 0.5156, 0.517, 0.5325, 0.5181, 0.5352, 0.523, 0.5305, 0.5262, 0.5109, 0.5299, 0.5373, 0.5355, 0.5387, 0.5494, 0.5222, 0.552, 0.5391, 0.5182, 0.5278, 0.5392, 0.5522, 0.5444, 0.5466, 0.54, 0.5516, 0.5272, 0.5458, 0.5469, 0.5526, 0.5517, 0.5444, 0.5566, 0.5532, 0.5619, 0.5548, 0.5505, 0.5236, 0.5411, 0.5671, 0.5606, 0.549, 0.5548, 0.5636, 0.5646, 0.5501, 0.5553, 0.5697, 0.5526, 0.5488, 0.5572, 0.5674, 0.5747, 0.5736, 0.5682, 0.5571, 0.572, 0.562, 0.5615, 0.5636, 0.5642, 0.5712, 0.5636, 0.5486, 0.5698, 0.5729, 0.5532, 0.5655, 0.5536, 0.5648, 0.5689, 0.5495, 0.5772, 0.5792, 0.571, 0.5782, 0.5534, 0.573, 0.5774, 0.5835, 0.5812, 0.5761, 0.5731, 0.5737, 0.5658, 0.5703, 0.5733], "centralserverloss": [2.3040040920257567, 2.091409965133667, 1.813089249229431, 2.0491370626449585, 1.964461408996582, 2.0195143852233888, 2.1156728298187257, 1.9031757200241088, 1.7545737747192383, 1.8051349380493165, 2.0935468418121337, 1.7266165731430054, 1.901839725112915, 1.7948264013290405, 1.7462265096664429, 1.7739790645599365, 1.7345142637252808, 1.7070366539001465, 1.7468031799316406, 1.73499798412323, 1.7873772592544557, 1.73681630859375, 1.674491296195984, 1.8792144138336182, 1.800037893486023, 1.6894055198669433, 1.7531102396011353, 1.7671193887710572, 1.6341137369155885, 1.7987694988250733, 1.6909415496826172, 1.7559471443176269, 1.8977058183670044, 1.9524096075057984, 1.8663120519638061, 1.7230218294143678, 1.7632011838912964, 1.7459588750839234, 1.8347035369873046, 1.7427708248138427, 1.8744370986938477, 1.771217713356018, 1.6995333158493042, 1.8058228942871093, 1.7010288236618043, 1.7341050693511963, 1.8007725904464722, 1.7370303699493408, 1.6859409198760986, 1.7569354005813598, 1.7698952671051025, 2.0447211507797243, 1.7850549434661864, 1.6944852558135985, 1.8241401098251342, 1.8258419010162354, 1.8850370357513428, 1.794580164909363, 1.7613374004364013, 1.8751626132965087, 1.819313920211792, 1.7733828243255616, 1.8873649662017822, 1.9369613548278808, 1.7664399194717406, 1.8259065628051758, 1.7374459115982055, 1.765732774734497, 1.812319888687134, 1.87879447555542, 1.759188133239746, 1.815682490158081, 1.8089686845779418, 1.868471823501587, 1.748463948059082, 1.818685927581787, 1.909961731338501, 1.9168193649291991, 1.8068430625915528, 1.6882626920700072, 1.9007189889907836, 1.8669384954452515, 1.9205187675476074, 1.8081391689300537, 1.7538554367065429, 1.823302793121338, 1.7573025024414062, 1.8015083517074586, 1.77838011302948, 1.746033911895752, 1.8453053825378418, 1.6943676094055176, 1.7402683385848998, 1.7131236661911011, 1.7346751937866212, 1.829791797065735, 1.8718737380981445, 1.7782704418182373, 1.8514155605316163, 1.8675418376922608, 1.776381533241272], "centralserverround": [0, 1, 2, 3, 4, 5, 6, 7, 8, 9, 10, 11, 12, 13, 14, 15, 16, 17, 18, 19, 20, 21, 22, 23, 24, 25, 26, 27, 28, 29, 30, 31, 32, 33, 34, 35, 36, 37, 38, 39, 40, 41, 42, 43, 44, 45, 46, 47, 48, 49, 50, 51, 52, 53, 54, 55, 56, 57, 58, 59, 60, 61, 62, 63, 64, 65, 66, 67, 68, 69, 70, 71, 72, 73, 74, 75, 76, 77, 78, 79, 80, 81, 82, 83, 84, 85, 86, 87, 88, 89, 90, 91, 92, 93, 94, 95, 96, 97, 98, 99, 100]}