{"centralservertimepast": [0, 125200, 230400, 350600, 455800, 576000, 686200, 806400, 921600, 1041800, 1152000, 1252200, 1357400, 1472600, 1597800, 1703000, 1813200, 1928400, 2048600, 2173800, 2299000, 2399200, 2504400, 2609600, 2714800, 2840000, 2955200, 3080400, 3195600, 3310800, 3426000, 3536200, 3661400, 3771600, 3886800, 4012000, 4127200, 4237400, 4352600, 4462800, 4573000, 4678200, 4783400, 4898600, 5023800, 5139000, 5259200, 5384400, 5494600, 5619800, 5730000, 5855200, 5965400, 6070600, 6180800, 6291000, 6401200, 6526400, 6641600, 6741800, 6852000, 6962200, 7087400, 7207600, 7312800, 7423000, 7538200, 7648400, 7763600, 7878800, 7989000, 8094200, 8209400, 8319600, 8444800, 8570000, 8675200, 8785400, 8900600, 9000800, 9106000, 9216200, 9331400, 9441600, 9541800, 9667000, 9782200, 9897400, 10017600, 10122800, 10238000, 10338200, 10453400, 10558600, 10668800, 10784000, 10889200, 11014400, 11124600, 11244800, 11355000], "centralserveraccuracy": [0.101, 0.0974, 0.3578, 0.3795, 0.5102, 0.5203, 0.6379, 0.6215, 0.798, 0.8047, 0.748, 0.7937, 0.7998, 0.8418, 0.8444, 0.8209, 0.8427, 0.8882, 0.9231, 0.9354, 0.888, 0.9248, 0.9119, 0.9017, 0.885, 0.913, 0.9034, 0.9376, 0.9402, 0.9215, 0.9319, 0.9486, 0.888, 0.9284, 0.8371, 0.9272, 0.9214, 0.9341, 0.9272, 0.9125, 0.9373, 0.9473, 0.9284, 0.9559, 0.9566, 0.9501, 0.9458, 0.9303, 0.9395, 0.9467, 0.9448, 0.9378, 0.9207, 0.9588, 0.9569, 0.9569, 0.9369, 0.9549, 0.9615, 0.965, 0.9666, 0.9517, 0.9642, 0.9641, 0.9548, 0.9449, 0.9597, 0.9634, 0.9564, 0.9626, 0.9516, 0.9576, 0.9561, 0.9611, 0.9622, 0.9542, 0.9617, 0.9586, 0.9639, 0.9628, 0.9498, 0.9679, 0.9655, 0.9709, 0.9649, 0.9678, 0.9557, 0.9672, 0.9657, 0.9586, 0.9726, 0.9596, 0.9667, 0.9518, 0.959, 0.9345, 0.9555, 0.9622, 0.9659, 0.9655, 0.9683], "centralserverloss": [2.302718797302246, 3.5358962493896486, 2.441574910354614, 1.5093274997711181, 1.5887559591293334, 1.3372305490493774, 0.9708955798149109, 1.1280255071640015, 0.5683756438732147, 0.5459628804683685, 0.7495269856452942, 0.6211847279071808, 0.5526020206451416, 0.4710094223976135, 0.45791237826347353, 0.5882834848403931, 0.4925660150527954, 0.33306130349636076, 0.24399962998628616, 0.19695706112384795, 0.3182419981956482, 0.23462324570417403, 0.27201622722148894, 0.29364465177059174, 0.36060337891578675, 0.25726662499904634, 0.26116608300209043, 0.1868478026032448, 0.1941249783411622, 0.24520078944563867, 0.21435095391273498, 0.16321873920559882, 0.3539209023475647, 0.2159861109137535, 0.5022357140541077, 0.22735977830886842, 0.24059642322063446, 0.20062717682123185, 0.23350407199859619, 0.2818504932880402, 0.19218662579357623, 0.1612276742219925, 0.2209793079137802, 0.13644525910764932, 0.13744508819133044, 0.16859144214093685, 0.17053892465233803, 0.23037251093387603, 0.184553749268502, 0.18884920901656152, 0.16471548006534575, 0.20747919818758964, 0.2505097400248051, 0.12695520927608014, 0.13590421309694647, 0.14137575993277132, 0.19358688344359398, 0.15604127614349128, 0.12538290618658066, 0.11176356638669968, 0.1173127861296758, 0.15411785140931605, 0.11956229201778769, 0.12604068338759244, 0.14168204598128795, 0.1794433565914631, 0.13502281691636892, 0.11875599955171347, 0.14964283083230256, 0.1301778155192733, 0.15700471831411122, 0.1354346816264093, 0.1488451247919351, 0.13818755005300046, 0.13333439803868533, 0.1522504081815481, 0.12270382342487574, 0.1314405875965953, 0.12165485439747573, 0.1237066887974739, 0.1716145637705922, 0.10452278322689235, 0.11714711716445163, 0.09403820087816567, 0.11069767124652863, 0.10798622833788395, 0.16102709857858719, 0.11513305473388173, 0.11747773622106761, 0.14330291273370385, 0.09730328850317746, 0.13704816228449346, 0.12060981662608683, 0.15741533720269799, 0.1367187885537278, 0.22190669257640838, 0.1467030502071604, 0.12868010875242764, 0.10531263584513217, 0.11436324778310955, 0.10668060736674816], "centralserverround": [0, 1, 2, 3, 4, 5, 6, 7, 8, 9, 10, 11, 12, 13, 14, 15, 16, 17, 18, 19, 20, 21, 22, 23, 24, 25, 26, 27, 28, 29, 30, 31, 32, 33, 34, 35, 36, 37, 38, 39, 40, 41, 42, 43, 44, 45, 46, 47, 48, 49, 50, 51, 52, 53, 54, 55, 56, 57, 58, 59, 60, 61, 62, 63, 64, 65, 66, 67, 68, 69, 70, 71, 72, 73, 74, 75, 76, 77, 78, 79, 80, 81, 82, 83, 84, 85, 86, 87, 88, 89, 90, 91, 92, 93, 94, 95, 96, 97, 98, 99, 100]}