{"centralservertimepast": [0, 7900, 15800, 23700, 31600, 39500, 47400, 55300, 63200, 71100, 79000, 86900, 94800, 102700, 110600, 118500, 126400, 134300, 142200, 150100, 158000, 165900, 173800, 181700, 189600, 197500, 205400, 213300, 221200, 229100, 237000, 244900, 252800, 260700, 268600, 276500, 284400, 292300, 300200, 308100, 316000, 323900, 331800, 339700, 347600, 355500, 363400, 371300, 379200, 387100, 395000, 402900, 410800, 418700, 426600, 434500, 442400, 450300, 458200, 466100, 474000, 481900, 489800, 497700, 505600, 513500, 521400, 529300, 537200, 545100, 553000, 560900, 568800, 576700, 584600, 592500, 600400, 608300, 616200, 624100, 632000, 639900, 647800, 655700, 663600, 671500, 679400, 687300, 695200, 703100, 711000, 718900, 726800, 734700, 742600, 750500, 758400, 766300, 774200, 782100, 790000], "centralserveraccuracy": [0.092, 0.1617, 0.4209, 0.6215, 0.7317, 0.7981, 0.8268, 0.8405, 0.8533, 0.8625, 0.868, 0.872, 0.8756, 0.8787, 0.8814, 0.8821, 0.8853, 0.8869, 0.8888, 0.89, 0.8909, 0.8921, 0.8936, 0.8935, 0.8943, 0.8958, 0.8963, 0.8975, 0.8981, 0.8989, 0.8992, 0.9, 0.9008, 0.9013, 0.902, 0.9021, 0.9025, 0.9026, 0.9034, 0.904, 0.9041, 0.9047, 0.9053, 0.9053, 0.9061, 0.9068, 0.907, 0.9071, 0.9079, 0.9086, 0.909, 0.9095, 0.9098, 0.9101, 0.9106, 0.9109, 0.9109, 0.9111, 0.9111, 0.9111, 0.9116, 0.9117, 0.9119, 0.9118, 0.9119, 0.9118, 0.9117, 0.9119, 0.9119, 0.9123, 0.9125, 0.9128, 0.9127, 0.9126, 0.9126, 0.9128, 0.913, 0.9129, 0.9126, 0.9128, 0.9129, 0.9129, 0.9129, 0.9131, 0.9129, 0.9133, 0.913, 0.913, 0.9132, 0.9133, 0.9132, 0.913, 0.9129, 0.9129, 0.9131, 0.9129, 0.9131, 0.9131, 0.9134, 0.9133, 0.9135], "centralserverloss": [2.3050148765563967, 2.2529321479797364, 2.0350794914245607, 1.5170683778762817, 0.9685840396881104, 0.6740580230236054, 0.5510272928237915, 0.4927562692165375, 0.4575722071170807, 0.43641125817298887, 0.423292991065979, 0.41513639686107634, 0.4074448725223541, 0.4017100124835968, 0.3967436064720154, 0.39405064878463747, 0.3916841030597687, 0.38919009308815, 0.38795733859539033, 0.38703601994514464, 0.38599336485862734, 0.3849130479097366, 0.3836356298685074, 0.383016100525856, 0.38312622954845427, 0.3817843140125275, 0.38158619701862334, 0.381145306956768, 0.3804603047370911, 0.3801242211699486, 0.3799221038222313, 0.3798847183227539, 0.37979784808158873, 0.3796912643790245, 0.37933703151345255, 0.3806670640408993, 0.3807907831728458, 0.3806565320730209, 0.38046507004499436, 0.3803079249083996, 0.38027087851166724, 0.3799490233778954, 0.3799510262966156, 0.37991862171292307, 0.38001752457618715, 0.3803369999349117, 0.38062358282804487, 0.38080508945584296, 0.3809603737056255, 0.38111870146095755, 0.38113189900815486, 0.3812133019447327, 0.38170323472619055, 0.3819528765976429, 0.38199736377596855, 0.38204861198961737, 0.3824873910903931, 0.38273802345991137, 0.38313066272437574, 0.38337602661252024, 0.3836746987313032, 0.38403612671196463, 0.38441680428683755, 0.3850856497555971, 0.3854471919983625, 0.38595469720065595, 0.3863290763527155, 0.38700316999554635, 0.38703031792193654, 0.3877288280203938, 0.388396069778502, 0.3884850400283933, 0.38880500981509686, 0.3893605070143938, 0.3896119911104441, 0.3896888511508703, 0.3901534494161606, 0.39024337392449376, 0.39045170304179194, 0.3910526972927153, 0.39088180423751473, 0.3913074109211564, 0.39143167326301337, 0.3918470402278006, 0.3918599286302924, 0.39229900401458145, 0.3925970138311386, 0.392640014025569, 0.39300279464274646, 0.39290223293304444, 0.39345666981786487, 0.39328982681557534, 0.3935990580238402, 0.39361591770090165, 0.3939933522820473, 0.3940089679479599, 0.39413488374054434, 0.3947423093099147, 0.39463484991118314, 0.39501826573833826, 0.3951747219186276], "centralserverround": [0, 1, 2, 3, 4, 5, 6, 7, 8, 9, 10, 11, 12, 13, 14, 15, 16, 17, 18, 19, 20, 21, 22, 23, 24, 25, 26, 27, 28, 29, 30, 31, 32, 33, 34, 35, 36, 37, 38, 39, 40, 41, 42, 43, 44, 45, 46, 47, 48, 49, 50, 51, 52, 53, 54, 55, 56, 57, 58, 59, 60, 61, 62, 63, 64, 65, 66, 67, 68, 69, 70, 71, 72, 73, 74, 75, 76, 77, 78, 79, 80, 81, 82, 83, 84, 85, 86, 87, 88, 89, 90, 91, 92, 93, 94, 95, 96, 97, 98, 99, 100]}