{"centralservertimepast": [0, 2300, 4500, 6800, 9000, 11300, 13600, 15900, 18100, 20300, 22600, 24800, 27100, 29300, 31500, 33700, 36000, 38300, 40600, 42900, 45000, 47200, 49500, 51800, 54000, 56200, 58500, 60800, 63100, 65400, 67700, 69800, 72100, 74400, 76700, 79000, 81300, 83600, 85900, 88200, 90500, 92800, 95000, 97300, 99500, 101800, 104100, 106400, 108700, 110900, 113200, 115400, 117700, 120000, 122200, 124500, 126800, 129100, 131400, 133700, 135900, 138200, 140500, 142800, 145100, 147400, 149600, 151900, 154200, 156500, 158800, 161100, 163400, 165700, 168000, 170300, 172600, 174900, 177200, 179400, 181700, 184000, 186300, 188600, 190800, 193100, 195400, 197700, 200000, 202300, 204600, 206800, 209100, 211400, 213700, 215900, 218200, 220500, 222700, 225000, 227300], "centralserveraccuracy": [0.101, 0.0913, 0.1032, 0.0892, 0.1033, 0.1162, 0.0974, 0.1135, 0.1028, 0.1219, 0.0958, 0.101, 0.1039, 0.1066, 0.101, 0.1587, 0.0892, 0.2074, 0.19, 0.1135, 0.1033, 0.134, 0.2147, 0.1276, 0.1081, 0.0982, 0.2829, 0.203, 0.2378, 0.3521, 0.3251, 0.2554, 0.2398, 0.2611, 0.2527, 0.4119, 0.4271, 0.2, 0.2104, 0.476, 0.2607, 0.368, 0.3505, 0.4078, 0.5101, 0.4756, 0.2869, 0.4274, 0.4687, 0.5075, 0.5919, 0.4381, 0.5531, 0.5694, 0.5645, 0.5011, 0.5307, 0.554, 0.6029, 0.5552, 0.5758, 0.6154, 0.6208, 0.5343, 0.6385, 0.6103, 0.5894, 0.6195, 0.7087, 0.6497, 0.7106, 0.6656, 0.6195, 0.6962, 0.6747, 0.6921, 0.6539, 0.6655, 0.6732, 0.6559, 0.698, 0.6738, 0.6865, 0.6936, 0.7142, 0.7065, 0.7184, 0.7047, 0.7261, 0.7599, 0.653, 0.6955, 0.7401, 0.6977, 0.7247, 0.6892, 0.7386, 0.7427, 0.7383, 0.7175, 0.7437], "centralserverloss": [2.3063194374084475, 2.316280617141724, 2.373008402633667, 2.357176371383667, 2.341715582275391, 2.3615581523895264, 2.3690697128295897, 2.5329781524658204, 2.3848077774047853, 2.355244019317627, 2.329216012573242, 2.402314440917969, 2.281081697463989, 2.3451340827941896, 2.637037327194214, 2.3698429378509522, 2.353824380493164, 2.3152470935821534, 2.2964658054351808, 2.301041340637207, 2.2644142921447754, 2.3025289489746092, 2.22236100730896, 2.2629817081451415, 2.2231207901000976, 2.2011054176330567, 2.1138045978546143, 2.120123137664795, 2.0684186031341554, 2.0521136528015136, 2.085530665206909, 2.1639603984832765, 2.0695642822265623, 2.0426730333328247, 1.9783146907806397, 1.8762011459350585, 1.870604200553894, 2.0162244497299193, 1.9628062297821045, 1.8222352973937987, 1.8665079820632935, 1.7915282276153564, 1.7648316604614258, 1.7310555877685547, 1.6826896047592164, 1.6536011833190918, 1.7305762619018554, 1.654771436882019, 1.6355082651138306, 1.5922832960128783, 1.5122269575119018, 1.55030141620636, 1.4426964557647706, 1.4510362628936768, 1.4521155561447143, 1.443087461090088, 1.4080250829696654, 1.3929906326293946, 1.326188652610779, 1.3649162878036498, 1.2967531869888305, 1.2493303915023803, 1.2415203624725342, 1.2913931015014648, 1.1877374443054198, 1.2025609033584594, 1.2444367486953736, 1.1801590797424317, 1.1154603897094726, 1.105675553703308, 1.0534351602554322, 1.095674587059021, 1.1118063257217408, 1.0409509674072266, 1.0206777235984803, 1.020914860343933, 1.0349938501358031, 1.012739192676544, 0.9927769232749939, 1.0142788968086243, 0.9506237567901611, 0.9543491283416748, 0.9377952713012695, 0.9661754311561584, 0.9208664050102234, 0.911519099521637, 0.888212401676178, 0.8975897822380066, 0.852282907962799, 0.8180105789184571, 0.938233775138855, 0.9034688020706176, 0.8258127570152283, 0.8861063204765319, 0.8361397787094116, 0.8800500593185425, 0.7990912257194519, 0.7820995109558105, 0.8006368480682373, 0.8283121541023254, 0.7802314553260803], "centralserverround": [0, 1, 2, 3, 4, 5, 6, 7, 8, 9, 10, 11, 12, 13, 14, 15, 16, 17, 18, 19, 20, 21, 22, 23, 24, 25, 26, 27, 28, 29, 30, 31, 32, 33, 34, 35, 36, 37, 38, 39, 40, 41, 42, 43, 44, 45, 46, 47, 48, 49, 50, 51, 52, 53, 54, 55, 56, 57, 58, 59, 60, 61, 62, 63, 64, 65, 66, 67, 68, 69, 70, 71, 72, 73, 74, 75, 76, 77, 78, 79, 80, 81, 82, 83, 84, 85, 86, 87, 88, 89, 90, 91, 92, 93, 94, 95, 96, 97, 98, 99, 100]}