{"centralservertimepast": [0, 8300, 16600, 24900, 33200, 41500, 49800, 58100, 66400, 74700, 83000, 91300, 99600, 107900, 116200, 124500, 132800, 141100, 149400, 157700, 166000, 174300, 182600, 190900, 199200, 207500, 215800, 224100, 232400, 240700, 249000, 257300, 265600, 273900, 282200, 290500, 298800, 307100, 315400, 323700, 332000, 340300, 348600, 356900, 365200, 373500, 381800, 390100, 398400, 406700, 415000, 423300, 431600, 439900, 448200, 456500, 464800, 473100, 481400, 489700, 498000, 506300, 514600, 522900, 531200, 539500, 547800, 556100, 564400, 572700, 581000, 589300, 597600, 605900, 614200, 622500, 630800, 639100, 647400, 655700, 664000, 672300, 680600, 688900, 697200, 705500, 713800, 722100, 730400, 738700, 747000, 755300, 763600, 771900, 780200, 788500, 796800, 805100, 813400, 821700, 830000], "centralserveraccuracy": [0.0883, 0.1, 0.1012, 0.1226, 0.1254, 0.1291, 0.1496, 0.1739, 0.157, 0.1692, 0.1864, 0.1765, 0.1965, 0.1949, 0.1883, 0.1948, 0.1942, 0.1978, 0.204, 0.1969, 0.2028, 0.2037, 0.2037, 0.2028, 0.2068, 0.2053, 0.2052, 0.2101, 0.2091, 0.2122, 0.206, 0.21, 0.2026, 0.2139, 0.2093, 0.209, 0.2043, 0.1962, 0.2054, 0.1926, 0.2041, 0.1919, 0.1977, 0.1864, 0.185, 0.1836, 0.1712, 0.1799, 0.1631, 0.1773, 0.1653, 0.1785, 0.1652, 0.1789, 0.1716, 0.1789, 0.174, 0.1806, 0.1759, 0.1827, 0.186, 0.1828, 0.1931, 0.1847, 0.1903, 0.1862, 0.1891, 0.1958, 0.1888, 0.1924, 0.1909, 0.1879, 0.1926, 0.1875, 0.1923, 0.1898, 0.1908, 0.1911, 0.1944, 0.1953, 0.1999, 0.1946, 0.1954, 0.1912, 0.1963, 0.1959, 0.2017, 0.1928, 0.2032, 0.1937, 0.2008, 0.1942, 0.1945, 0.196, 0.1974, 0.1973, 0.2015, 0.2008, 0.2061, 0.2155, 0.2043], "centralserverloss": [2.3030677433013915, 2.312726690673828, 2.303824613952637, 2.293934610748291, 2.2889295764923094, 2.285075322341919, 2.281498142623901, 2.2781817691802977, 2.2745951766967774, 2.271284664916992, 2.2681192169189455, 2.2646793407440184, 2.2616422523498536, 2.258285500335693, 2.2554718395233153, 2.252439998626709, 2.249540369796753, 2.2465694988250733, 2.243980394744873, 2.2408478328704833, 2.2380683624267577, 2.235318236923218, 2.232504779815674, 2.2299679595947266, 2.227362187576294, 2.224956799316406, 2.222632321166992, 2.220367440032959, 2.217706706237793, 2.2153966705322268, 2.2131433399200438, 2.2110372058868406, 2.2089904399871827, 2.2066565395355227, 2.204430919647217, 2.2024704151153562, 2.201191510772705, 2.1989753219604493, 2.1976057441711427, 2.195990221405029, 2.195180403518677, 2.1945326293945313, 2.1943198810577393, 2.1947433696746828, 2.1991498184204104, 2.203549627685547, 2.2061045783996582, 2.2168529628753664, 2.2218261951446534, 2.235355305480957, 2.23088766784668, 2.2495230339050294, 2.251213399887085, 2.263850469207764, 2.255227247619629, 2.246616701889038, 2.235654692077637, 2.2319376224517824, 2.221211141204834, 2.2155417182922363, 2.2098691047668457, 2.206768053817749, 2.2052566371917726, 2.2023851367950438, 2.198212508773804, 2.196602149581909, 2.1949666816711426, 2.198028621673584, 2.1944414176940916, 2.192725671386719, 2.1871255786895754, 2.1856503093719484, 2.1834471836090086, 2.1863495124816894, 2.1819958232879637, 2.1856156021118163, 2.181937152862549, 2.1843508125305178, 2.180931758117676, 2.179451690673828, 2.174253353881836, 2.1765762042999266, 2.1762108489990233, 2.17923842086792, 2.1733187866210937, 2.173273488998413, 2.1702842895507812, 2.1690987060546876, 2.1678063034057615, 2.167020958709717, 2.166381066894531, 2.16835859413147, 2.1706351711273193, 2.173586017227173, 2.1690259128570557, 2.1682254066467284, 2.1644084041595457, 2.162720590209961, 2.1584451442718504, 2.1573705547332764, 2.154914591217041], "centralserverround": [0, 1, 2, 3, 4, 5, 6, 7, 8, 9, 10, 11, 12, 13, 14, 15, 16, 17, 18, 19, 20, 21, 22, 23, 24, 25, 26, 27, 28, 29, 30, 31, 32, 33, 34, 35, 36, 37, 38, 39, 40, 41, 42, 43, 44, 45, 46, 47, 48, 49, 50, 51, 52, 53, 54, 55, 56, 57, 58, 59, 60, 61, 62, 63, 64, 65, 66, 67, 68, 69, 70, 71, 72, 73, 74, 75, 76, 77, 78, 79, 80, 81, 82, 83, 84, 85, 86, 87, 88, 89, 90, 91, 92, 93, 94, 95, 96, 97, 98, 99, 100]}