{"centralservertimepast": [0, 10700, 20900, 31600, 41800, 52500, 63200, 73900, 84100, 94300, 105000, 115200, 125900, 136100, 146300, 156500, 167200, 177900, 188600, 199300, 209000, 219200, 229900, 240600, 250800, 261000, 271700, 282400, 293100, 303800, 314500, 324200, 334900, 345600, 356300, 367000, 377700, 388400, 399100, 409800, 420500, 431200, 441400, 452100, 462300, 473000, 483700, 494400, 505100, 515300, 526000, 536200, 546900, 557600, 567800, 578500, 589200, 599900, 610600, 621300, 631500, 642200, 652900, 663600, 674300, 685000, 695200, 705900, 716600, 727300, 738000, 748700, 759400, 770100, 780800, 791500, 802200, 812900, 823600, 833800, 844500, 855200, 865900, 876600, 886800, 897500, 908200, 918900, 929600, 940300, 951000, 961200, 971900, 982600, 993300, 1003500, 1014200, 1024900, 1035100, 1045800, 1056500], "centralserveraccuracy": [0.1135, 0.0948, 0.1785, 0.2252, 0.1277, 0.1578, 0.1916, 0.2047, 0.2008, 0.2783, 0.2669, 0.3583, 0.5708, 0.5523, 0.4727, 0.6161, 0.4624, 0.5611, 0.6565, 0.7004, 0.7397, 0.6801, 0.7326, 0.7786, 0.7543, 0.7846, 0.7912, 0.8139, 0.7689, 0.8154, 0.8106, 0.8075, 0.8256, 0.8372, 0.8357, 0.8543, 0.8076, 0.8383, 0.8502, 0.8569, 0.838, 0.8374, 0.8432, 0.86, 0.8641, 0.8618, 0.853, 0.8543, 0.8682, 0.8453, 0.8712, 0.8473, 0.8836, 0.872, 0.8553, 0.8744, 0.8706, 0.8646, 0.8789, 0.8624, 0.8717, 0.8717, 0.885, 0.8794, 0.8924, 0.8898, 0.8707, 0.894, 0.8671, 0.8922, 0.8923, 0.8956, 0.8748, 0.8973, 0.8961, 0.8968, 0.8917, 0.8869, 0.9034, 0.9009, 0.9, 0.9056, 0.9014, 0.898, 0.9038, 0.901, 0.9038, 0.901, 0.9024, 0.9108, 0.8959, 0.8432, 0.9007, 0.8916, 0.8989, 0.891, 0.8985, 0.9061, 0.8852, 0.895, 0.9044], "centralserverloss": [2.301847671508789, 2.364315458679199, 2.3606244548797606, 2.274989790725708, 2.2260027126312254, 2.2128421798706053, 2.1254564044952393, 2.092227880477905, 2.0434534908294677, 1.9330382833480835, 1.8812475379943847, 1.7326860874176024, 1.5290087692260743, 1.4456998390197755, 1.5003640409469605, 1.2661915473937988, 1.3557179843902587, 1.153504607772827, 1.0120530579566955, 0.9069708791732788, 0.8668733598709106, 0.9240751908302307, 0.7985910952568054, 0.7233929832458497, 0.7048972098350524, 0.6637826781749725, 0.6447253753662109, 0.5919754535198212, 0.6588398336410523, 0.5781968078136445, 0.5753056498527527, 0.5865841077804566, 0.5504945738792419, 0.5227838022232055, 0.5145736290454864, 0.4816442906856537, 0.561559336566925, 0.519052973985672, 0.4781168514251709, 0.45562169241905215, 0.48685356106758115, 0.5031539869308471, 0.4859731460094452, 0.44439505829811093, 0.43684576959609983, 0.438797722530365, 0.46943478055000304, 0.4468404844760895, 0.43038701510429384, 0.4799252515792847, 0.4059601065635681, 0.4691189263343811, 0.37249988639354703, 0.41152312860488893, 0.45065416193008423, 0.39970655500888824, 0.4121588756084442, 0.4220363168478012, 0.38297948355674744, 0.4198319588661194, 0.40600428466796873, 0.4024029043674469, 0.3608287758111954, 0.38971594161987305, 0.34224050612449647, 0.3662592563867569, 0.3918484762907028, 0.3382546190261841, 0.418075559425354, 0.3547698878288269, 0.34783324060440063, 0.3282374630212784, 0.3841139615058899, 0.3333026909828186, 0.33507558069229126, 0.337753218460083, 0.34158550763130185, 0.36146517601013184, 0.31389486088752744, 0.3203337453126907, 0.32318694093227385, 0.3061420387029648, 0.314568253827095, 0.3116772780418396, 0.3061549729347229, 0.30980756273269655, 0.3151123424291611, 0.30493657307624816, 0.299977662229538, 0.2826532602787018, 0.3315830260515213, 0.506855182313919, 0.32295329966545105, 0.3238219157218933, 0.31588775643110273, 0.3339356668114662, 0.3172272669196129, 0.2925075374364853, 0.35494533677101137, 0.3263680994272232, 0.3026986585855484], "centralserverround": [0, 1, 2, 3, 4, 5, 6, 7, 8, 9, 10, 11, 12, 13, 14, 15, 16, 17, 18, 19, 20, 21, 22, 23, 24, 25, 26, 27, 28, 29, 30, 31, 32, 33, 34, 35, 36, 37, 38, 39, 40, 41, 42, 43, 44, 45, 46, 47, 48, 49, 50, 51, 52, 53, 54, 55, 56, 57, 58, 59, 60, 61, 62, 63, 64, 65, 66, 67, 68, 69, 70, 71, 72, 73, 74, 75, 76, 77, 78, 79, 80, 81, 82, 83, 84, 85, 86, 87, 88, 89, 90, 91, 92, 93, 94, 95, 96, 97, 98, 99, 100]}