{"centralservertimepast": [0, 2400, 4700, 6900, 9200, 11400, 13700, 15900, 18100, 20400, 22700, 24900, 27200, 29600, 31800, 34000, 36200, 38500, 40700, 42900, 45100, 47400, 49600, 51800, 54100, 56400, 58800, 61000, 63300, 65500, 67800, 70100, 72300, 74600, 76800, 79100, 81400, 83700, 86000, 88300, 90600, 92900, 95200, 97500, 99800, 102200, 104400, 106600, 108900, 111100, 113400, 115700, 118000, 120400, 122700, 125000, 127200, 129400, 131600, 133800, 136100, 138400, 140700, 143000, 145300, 147600, 150000, 152400, 154700, 156900, 159100, 161400, 163700, 166100, 168400, 170800, 173000, 175200, 177600, 179800, 182100, 184300, 186600, 189000, 191300, 193600, 195900, 198200, 200500, 202700, 205000, 207300, 209600, 211900, 214200, 216500, 218700, 221000, 223300, 225600, 227800], "centralserveraccuracy": [0.1367, 0.1595, 0.1244, 0.1132, 0.0957, 0.0958, 0.0958, 0.0981, 0.0961, 0.0972, 0.1118, 0.0958, 0.1031, 0.1958, 0.2095, 0.2671, 0.2735, 0.34, 0.2525, 0.2101, 0.429, 0.5859, 0.5685, 0.4445, 0.6203, 0.5563, 0.6716, 0.7592, 0.7171, 0.6871, 0.7718, 0.7119, 0.7557, 0.7578, 0.8009, 0.7654, 0.8221, 0.7773, 0.8152, 0.8263, 0.8312, 0.826, 0.8136, 0.8017, 0.7976, 0.8157, 0.8275, 0.8093, 0.8367, 0.8129, 0.8695, 0.8512, 0.8675, 0.868, 0.8458, 0.6827, 0.8596, 0.8818, 0.8749, 0.8563, 0.8519, 0.8659, 0.8831, 0.8613, 0.8867, 0.8686, 0.8864, 0.8802, 0.8903, 0.8665, 0.8893, 0.8589, 0.887, 0.9024, 0.8941, 0.9005, 0.8893, 0.8707, 0.8626, 0.7802, 0.8985, 0.904, 0.907, 0.9041, 0.885, 0.8939, 0.8889, 0.8848, 0.8982, 0.876, 0.8898, 0.9111, 0.9163, 0.9143, 0.8936, 0.8969, 0.9064, 0.9159, 0.91, 0.9147, 0.9014], "centralserverloss": [2.307170429611206, 2.305475552749634, 2.3028027221679688, 2.3002541595458985, 2.2972892776489258, 2.294198302078247, 2.2905759033203124, 2.285726714706421, 2.281985468673706, 2.275617962265015, 2.2673085861206053, 2.2617849239349366, 2.243488575744629, 2.222128483581543, 2.20334810295105, 2.148559966659546, 2.0574826568603517, 2.0092274337768554, 1.948361741065979, 2.0544233951568605, 1.6713723360061645, 1.4523784191131592, 1.332249324798584, 1.4347659832000732, 1.148671841430664, 1.2429587646484375, 0.970627202796936, 0.8152012285232544, 0.8683461766242981, 0.902768144607544, 0.7215550889968873, 0.8466702417373657, 0.73347576379776, 0.7072040894508361, 0.6714137198448181, 0.7039673837661743, 0.5731255955696106, 0.6381654711723328, 0.5822575160026551, 0.5521928981304168, 0.53022154712677, 0.5623118072032929, 0.558963981628418, 0.573451838350296, 0.593564239692688, 0.5390154395580292, 0.5271864818096161, 0.5626201226234436, 0.5001395456314087, 0.5591715218544007, 0.4442757249832153, 0.49002916254997253, 0.4379440589904785, 0.43117266709804536, 0.4635624185562134, 1.0416102615356446, 0.4448552605628967, 0.39630214328765867, 0.4103512261629105, 0.45069852662086485, 0.4738829158782959, 0.4287826499462128, 0.3864242934942245, 0.4330291667699814, 0.36908147716522216, 0.4077317456483841, 0.37479299659729004, 0.3823381455183029, 0.3575380651473999, 0.42613922872543336, 0.3728969141721725, 0.4361932471752167, 0.3668621034383774, 0.32652507646083834, 0.3571000789642334, 0.33702992668151854, 0.35502459905147554, 0.3908304754257202, 0.44103699531555174, 0.6559003316879273, 0.336508501291275, 0.3193363843917847, 0.3089209421157837, 0.3187910830259323, 0.3640344241142273, 0.33187983973026275, 0.3530591299533844, 0.3626114277601242, 0.3213405442237854, 0.366966464471817, 0.3312152014493942, 0.2970154431819916, 0.28244566595554355, 0.28659619569778444, 0.34485722875595093, 0.3221135198354721, 0.2889068755865097, 0.2787402072906494, 0.2954273117542267, 0.2749640320539474, 0.30277270350456237], "centralserverround": [0, 1, 2, 3, 4, 5, 6, 7, 8, 9, 10, 11, 12, 13, 14, 15, 16, 17, 18, 19, 20, 21, 22, 23, 24, 25, 26, 27, 28, 29, 30, 31, 32, 33, 34, 35, 36, 37, 38, 39, 40, 41, 42, 43, 44, 45, 46, 47, 48, 49, 50, 51, 52, 53, 54, 55, 56, 57, 58, 59, 60, 61, 62, 63, 64, 65, 66, 67, 68, 69, 70, 71, 72, 73, 74, 75, 76, 77, 78, 79, 80, 81, 82, 83, 84, 85, 86, 87, 88, 89, 90, 91, 92, 93, 94, 95, 96, 97, 98, 99, 100]}