{"centralservertimepast": [0, 1800, 3600, 5400, 7200, 9000, 10800, 12600, 14400, 16200, 18000, 19800, 21600, 23400, 25200, 27000, 28800, 30600, 32400, 34200, 36000, 37800, 39600, 41400, 43200, 45000, 46800, 48600, 50400, 52200, 54000, 55800, 57600, 59400, 61200, 63000, 64800, 66600, 68400, 70200, 72000, 73800, 75600, 77400, 79200, 81000, 82800, 84600, 86400, 88200, 90000, 91800, 93600, 95400, 97200, 99000, 100800, 102600, 104400, 106200, 108000, 109800, 111600, 113400, 115200, 117000, 118800, 120600, 122400, 124200, 126000, 127800, 129600, 131400, 133200, 135000, 136800, 138600, 140400, 142200, 144000, 145800, 147600, 149400, 151200, 153000, 154800, 156600, 158400, 160200, 162000, 163800, 165600, 167400, 169200, 171000, 172800, 174600, 176400, 178200, 180000], "centralserveraccuracy": [0.0944, 0.1087, 0.1, 0.1, 0.1, 0.119, 0.1, 0.1046, 0.1, 0.1, 0.1, 0.0999, 0.1084, 0.1, 0.1, 0.1017, 0.1, 0.1105, 0.1, 0.1, 0.1, 0.139, 0.1105, 0.1, 0.1, 0.1, 0.1176, 0.1001, 0.1424, 0.1198, 0.1758, 0.148, 0.1, 0.1551, 0.1018, 0.1006, 0.1, 0.1, 0.142, 0.1061, 0.1004, 0.1029, 0.0999, 0.1004, 0.1024, 0.1093, 0.1, 0.1, 0.1058, 0.1271, 0.1413, 0.1012, 0.1021, 0.1, 0.1053, 0.1002, 0.1, 0.1003, 0.1418, 0.1, 0.155, 0.1293, 0.1226, 0.1, 0.1566, 0.1059, 0.1, 0.1047, 0.1347, 0.1574, 0.1419, 0.1471, 0.1981, 0.1569, 0.1404, 0.1567, 0.1215, 0.1, 0.1683, 0.1095, 0.1323, 0.1106, 0.1488, 0.1393, 0.1539, 0.1542, 0.1242, 0.1109, 0.1407, 0.1049, 0.1164, 0.1019, 0.105, 0.1456, 0.1132, 0.1824, 0.1008, 0.2074, 0.1083, 0.1, 0.1666], "centralserverloss": [2.303425028991699, 2.325177922821045, 2.4305338859558105, 2.3928625144958495, 2.440708153915405, 2.4637722778320312, 2.5563251644134524, 2.7866011905670165, 2.5990226921081545, 2.5359535717010497, 2.511842979049683, 2.5924442626953126, 2.4416262046813966, 2.641786100769043, 3.0436901927948, 2.6990526306152343, 2.954234861755371, 2.6020693359375, 2.47565972366333, 2.6610233531951906, 2.630681480026245, 2.6074095405578612, 2.442034181213379, 2.592653042602539, 2.6650035118103026, 2.5835665840148927, 2.3908231830596924, 2.4341226196289063, 2.3628455410003664, 2.391777424240112, 2.5325821056365965, 2.7526528701782227, 2.6362477951049805, 2.5558309886932373, 2.540789838409424, 2.353406829452515, 2.421928462600708, 2.6575748470306397, 2.79086763420105, 2.4276219108581545, 2.570368447494507, 2.493787134170532, 2.436895876312256, 2.520320388031006, 2.372882371520996, 2.419380711364746, 2.7790818420410157, 2.551324775314331, 2.590441226196289, 2.499901016998291, 2.3541961082458496, 2.5008637603759767, 2.302221583175659, 2.469874295043945, 2.4867438007354736, 2.719686805343628, 2.4682311420440675, 2.550962658691406, 2.343612533569336, 2.7520265590667723, 2.430135471725464, 2.302585139846802, 2.300348349761963, 2.456061078262329, 2.287335036087036, 2.4173942428588866, 2.498624527359009, 2.4846571025848387, 2.375118557739258, 2.3849417457580566, 2.2649221035003664, 2.301500164413452, 2.4013664054870607, 2.347181778335571, 2.375764263153076, 2.4085249992370605, 2.3021144477844238, 2.4407105171203614, 2.3660602607727053, 2.4189975231170653, 2.324377152252197, 2.442072666168213, 2.3815346889495848, 2.3861448875427245, 2.3154520206451417, 2.3525878540039065, 2.4352414112091063, 2.389960116958618, 2.332323253631592, 2.2839780002593995, 2.434805177307129, 2.6534599212646484, 2.36630457611084, 2.704131382369995, 2.4631829292297365, 2.408942163848877, 2.4508442852020265, 2.2447108032226564, 2.4848180526733397, 2.490240343093872, 2.427341749572754], "centralserverround": [0, 1, 2, 3, 4, 5, 6, 7, 8, 9, 10, 11, 12, 13, 14, 15, 16, 17, 18, 19, 20, 21, 22, 23, 24, 25, 26, 27, 28, 29, 30, 31, 32, 33, 34, 35, 36, 37, 38, 39, 40, 41, 42, 43, 44, 45, 46, 47, 48, 49, 50, 51, 52, 53, 54, 55, 56, 57, 58, 59, 60, 61, 62, 63, 64, 65, 66, 67, 68, 69, 70, 71, 72, 73, 74, 75, 76, 77, 78, 79, 80, 81, 82, 83, 84, 85, 86, 87, 88, 89, 90, 91, 92, 93, 94, 95, 96, 97, 98, 99, 100]}