{"centralservertimepast": [0, 2600, 5900, 9700, 12600, 14500, 16700, 18900, 20900, 24700, 28300, 30700, 33500, 36100, 38200, 40900, 44500, 48100, 51300, 55100, 58400, 61000, 63900, 67500, 71100, 74400, 77600, 80800, 82800, 86400, 89500, 93100, 96700, 100500, 104100, 107900, 111000, 114100, 117000, 120100, 123300, 126900, 130500, 134300, 137400, 140700, 144000, 147600, 150500, 153600, 156700, 160300, 163900, 166800, 170400, 173100, 176700, 180000, 182900, 185900, 189500, 193300, 196900, 200000, 202800, 206400, 209500, 212100, 215700, 219300, 221700, 225300, 228900, 232500, 235400, 238700, 242300, 245300, 249100, 252100, 255200, 258800, 262200, 265300, 267700, 271100, 274400, 276800, 279700, 282000, 284600, 287700, 290000, 293200, 296100, 299900, 303100, 306200, 309400, 312600, 315200], "centralserveraccuracy": [0.0974, 0.1, 0.102, 0.1004, 0.1246, 0.1647, 0.1268, 0.105, 0.1764, 0.1486, 0.1476, 0.1947, 0.1543, 0.1841, 0.1909, 0.2093, 0.1987, 0.2134, 0.2156, 0.2096, 0.2111, 0.2127, 0.2148, 0.179, 0.2666, 0.2383, 0.2443, 0.2503, 0.2439, 0.2394, 0.2355, 0.2749, 0.2525, 0.2376, 0.2631, 0.2765, 0.288, 0.2618, 0.2914, 0.2891, 0.2582, 0.2667, 0.2773, 0.3089, 0.3156, 0.2784, 0.3023, 0.2752, 0.3162, 0.3034, 0.2833, 0.2763, 0.3083, 0.3193, 0.3329, 0.2582, 0.3225, 0.3159, 0.3241, 0.3076, 0.3177, 0.3424, 0.2955, 0.2795, 0.3171, 0.323, 0.3433, 0.3528, 0.345, 0.3316, 0.339, 0.3182, 0.3175, 0.334, 0.3463, 0.3593, 0.33, 0.3038, 0.3507, 0.3584, 0.2759, 0.3244, 0.3296, 0.3169, 0.3325, 0.3462, 0.3694, 0.3673, 0.3706, 0.3603, 0.33, 0.3665, 0.3701, 0.3689, 0.3583, 0.3727, 0.3681, 0.3697, 0.3317, 0.3605, 0.349], "centralserverloss": [2.3030324619293214, 2.318241549682617, 2.337490311050415, 2.3817938133239744, 2.2941956565856936, 2.32623620262146, 2.32810046043396, 2.2904763622283935, 2.252581743621826, 2.2375967887878416, 2.3400309398651125, 2.1949839729309084, 2.2498228130340574, 2.204272561264038, 2.205975206756592, 2.17465546836853, 2.179418655014038, 2.1385683750152586, 2.15269183921814, 2.131612519454956, 2.1474535415649414, 2.112062236404419, 2.129821050643921, 2.2062355628967287, 2.061186656951904, 2.0682711570739745, 2.1389792800903322, 2.0751525979995726, 2.024134370422363, 2.036806035041809, 2.101781729888916, 1.9984778154373168, 2.1031797126770018, 2.059171584701538, 2.0285422817230225, 1.975320594024658, 2.0056676975250243, 1.9904911779403687, 2.01243279876709, 1.9572994998931885, 2.086462285423279, 1.9796603475570678, 1.9869278882980346, 1.9378522022247315, 1.930422038459778, 1.9589764150619506, 1.9209617685317992, 1.935711025428772, 1.9203496393203736, 1.9484047397613526, 1.9594459117889405, 2.0190613540649416, 1.9208688772201539, 1.9071989253997803, 1.8588543579101562, 2.0477024465560913, 1.8997716316223145, 1.8880657920837403, 1.9071598390579223, 1.9608517477035523, 1.8853935287475585, 1.8572409160614014, 1.9269278034210204, 1.9671551906585694, 1.8735581325531006, 1.8675220527648926, 1.8278570499420166, 1.8295724788665773, 1.8195608644485473, 1.8533274662017822, 1.8415520086288453, 1.8618603477478026, 1.876354955291748, 1.8292409765243531, 1.8357245771408082, 1.8112761838912963, 1.8150789098739624, 1.9062841320037842, 1.8036164798736571, 1.78449744682312, 1.9515266620635987, 1.8773694969177246, 1.8799005973815919, 1.8560280658721924, 1.8188142658233644, 1.8288529993057252, 1.7762919198989868, 1.7739176107406616, 1.761222720336914, 1.7724000040054322, 1.8399632026672363, 1.7681383520126344, 1.7460675765991212, 1.7578892845153808, 1.7752279596328735, 1.7464201723098756, 1.8098244510650634, 1.7418485021591186, 1.8114657529830933, 1.7908842363357544, 1.7608706756591797], "centralserverround": [0, 1, 2, 3, 4, 5, 6, 7, 8, 9, 10, 11, 12, 13, 14, 15, 16, 17, 18, 19, 20, 21, 22, 23, 24, 25, 26, 27, 28, 29, 30, 31, 32, 33, 34, 35, 36, 37, 38, 39, 40, 41, 42, 43, 44, 45, 46, 47, 48, 49, 50, 51, 52, 53, 54, 55, 56, 57, 58, 59, 60, 61, 62, 63, 64, 65, 66, 67, 68, 69, 70, 71, 72, 73, 74, 75, 76, 77, 78, 79, 80, 81, 82, 83, 84, 85, 86, 87, 88, 89, 90, 91, 92, 93, 94, 95, 96, 97, 98, 99, 100]}