{"centralservertimepast": [0, 24200, 48400, 87600, 126800, 154000, 193200, 217400, 241600, 280800, 308000, 347200, 386400, 410600, 449800, 489000, 516200, 535400, 562600, 586800, 626000, 665200, 704400, 743600, 782800, 810000, 837200, 864400, 903600, 930800, 955000, 994200, 1021400, 1048600, 1072800, 1112000, 1151200, 1178400, 1217600, 1244800, 1284000, 1323200, 1350400, 1389600, 1428800, 1456000, 1495200, 1519400, 1558600, 1585800, 1610000, 1649200, 1676400, 1715600, 1754800, 1782000, 1821200, 1848400, 1872600, 1911800, 1951000, 1990200, 2017400, 2056600, 2095800, 2120000, 2144200, 2183400, 2222600, 2261800, 2301000, 2340200, 2367400, 2406600, 2433800, 2461000, 2488200, 2515400, 2542600, 2566800, 2606000, 2633200, 2657400, 2681600, 2705800, 2745000, 2784200, 2823400, 2862600, 2889800, 2929000, 2968200, 3007400, 3031600, 3055800, 3095000, 3122200, 3161400, 3180600, 3207800, 3227000], "centralserveraccuracy": [0.0884, 0.098, 0.0983, 0.101, 0.0956, 0.1171, 0.1012, 0.1032, 0.1028, 0.1215, 0.0958, 0.101, 0.1135, 0.0974, 0.1009, 0.1318, 0.2356, 0.0982, 0.1135, 0.0975, 0.098, 0.101, 0.0974, 0.1154, 0.1109, 0.1259, 0.096, 0.1135, 0.0982, 0.2485, 0.1186, 0.206, 0.1135, 0.098, 0.124, 0.0958, 0.1013, 0.0892, 0.098, 0.2072, 0.1102, 0.1849, 0.1467, 0.1444, 0.101, 0.1045, 0.1194, 0.0975, 0.1766, 0.175, 0.098, 0.1539, 0.1254, 0.1975, 0.101, 0.0974, 0.0959, 0.0982, 0.1589, 0.1138, 0.1015, 0.1851, 0.1771, 0.1188, 0.101, 0.1751, 0.1716, 0.1146, 0.2571, 0.1735, 0.3563, 0.1145, 0.1274, 0.2312, 0.1283, 0.3279, 0.1958, 0.2062, 0.0982, 0.1542, 0.2012, 0.098, 0.0958, 0.1493, 0.1547, 0.1568, 0.2094, 0.1011, 0.1343, 0.1529, 0.3825, 0.1011, 0.1863, 0.1585, 0.3625, 0.101, 0.1929, 0.3796, 0.2069, 0.2422, 0.2063], "centralserverloss": [2.3106446578979494, 3.174439917373657, 3.125124785232544, 2.441755556488037, 2.725905197143555, 3.074099931716919, 2.6338468563079833, 3.011869150543213, 3.381451264190674, 2.557057838058472, 2.603913092803955, 3.380910036087036, 3.1093539371490477, 3.6728572120666505, 3.3981281002044676, 2.77834630317688, 2.579793381881714, 2.899555410385132, 2.9908346984863283, 3.094200163269043, 3.135093650817871, 2.555840911102295, 2.832388465499878, 2.968574201202393, 2.6043776298522947, 2.6060638736724853, 2.5292790214538576, 2.934724855041504, 3.2830938068389894, 3.011191715621948, 2.5568314315795897, 2.6849901344299316, 3.7739973266601563, 2.5342840602874754, 2.9160852684020995, 3.331534986114502, 3.0594765090942384, 2.6243456230163575, 2.8748949810028077, 2.5704973823547363, 2.508628147888184, 2.6602468585968015, 2.4924661827087404, 2.8916250255584717, 4.731301666259766, 3.516468215942383, 2.9065311351776124, 3.0943383087158205, 2.5496857597351075, 2.5676474449157713, 3.563778623580933, 2.2608455394744875, 2.9779640350341796, 2.484058829116821, 4.268659076690674, 2.9748388530731202, 2.8206869827270507, 3.4305637130737305, 3.465832292175293, 2.6990813205718993, 2.5954384197235107, 2.535525094985962, 2.156106729125977, 2.36558807144165, 2.9283205821990967, 2.7200220973968507, 2.6481918155670168, 2.759353973388672, 2.43370821685791, 2.615187693786621, 2.1627174530029296, 2.5357366733551023, 2.7363295372009278, 2.5070091983795164, 2.27085990524292, 2.165098659515381, 2.8187890953063963, 2.3566503158569336, 3.4885856403350832, 2.8436032344818116, 2.2609919830322265, 3.6938164123535158, 3.0857546745300293, 2.4796711959838866, 2.2107774635314943, 2.292089200592041, 2.2183420303344725, 2.7090914916992186, 2.5323828369140626, 2.791061883163452, 2.3895727935791014, 2.931651538848877, 2.528421057891846, 2.53491575050354, 2.1618351997375487, 2.5654421180725095, 2.8185310199737548, 2.039736143875122, 2.5226044933319094, 2.121208853530884, 2.3317492290496826], "centralserverround": [0, 1, 2, 3, 4, 5, 6, 7, 8, 9, 10, 11, 12, 13, 14, 15, 16, 17, 18, 19, 20, 21, 22, 23, 24, 25, 26, 27, 28, 29, 30, 31, 32, 33, 34, 35, 36, 37, 38, 39, 40, 41, 42, 43, 44, 45, 46, 47, 48, 49, 50, 51, 52, 53, 54, 55, 56, 57, 58, 59, 60, 61, 62, 63, 64, 65, 66, 67, 68, 69, 70, 71, 72, 73, 74, 75, 76, 77, 78, 79, 80, 81, 82, 83, 84, 85, 86, 87, 88, 89, 90, 91, 92, 93, 94, 95, 96, 97, 98, 99, 100]}