{"centralservertimepast": [0, 10600, 21200, 31800, 42400, 53000, 63600, 74200, 84800, 95400, 106000, 116600, 127200, 137800, 148400, 159000, 169600, 180200, 190800, 201400, 212000, 222600, 233200, 243800, 254400, 265000, 275600, 286200, 296800, 307400, 318000, 328600, 339200, 349800, 360400, 371000, 381600, 392200, 402800, 413400, 424000, 434600, 445200, 455800, 466400, 477000, 487600, 498200, 508800, 519400, 530000], "centralserveraccuracy": [0.0788, 0.0892, 0.0892, 0.0904, 0.1866, 0.2389, 0.2443, 0.2575, 0.2991, 0.3476, 0.4085, 0.4787, 0.5243, 0.5623, 0.5896, 0.6096, 0.6277, 0.6414, 0.6566, 0.6689, 0.6805, 0.6909, 0.7014, 0.7133, 0.7228, 0.7333, 0.7412, 0.7485, 0.7572, 0.7622, 0.7673, 0.7731, 0.7782, 0.7825, 0.7865, 0.7902, 0.7945, 0.7978, 0.8002, 0.8038, 0.8056, 0.8084, 0.8105, 0.8131, 0.8151, 0.8165, 0.8194, 0.8223, 0.8243, 0.827, 0.8293], "centralserverloss": [2.3079999130249025, 2.3214150245666505, 2.3140305809020996, 2.2944760372161865, 2.2728127353668213, 2.2504895202636717, 2.224657326507568, 2.1968631645202636, 2.1660829761505127, 2.130283518600464, 2.0881343799591066, 2.0385711071014403, 1.9810034547805786, 1.915042687034607, 1.8410234453201293, 1.7599230781555175, 1.6734211185455323, 1.5836392250061035, 1.4928933362960815, 1.4035769039154053, 1.3178638814926147, 1.2373894897460938, 1.1631926568984985, 1.0956012561798096, 1.0350377306938172, 0.9813477068901062, 0.9339388857841492, 0.8920424626350403, 0.8550678511619568, 0.8224684827804566, 0.7936761898040772, 0.7680912887573242, 0.7452586580276489, 0.72488521900177, 0.7064512022018432, 0.6896700238227844, 0.6743196227073669, 0.660326715183258, 0.647325421333313, 0.6352159468650818, 0.623898861026764, 0.613327456188202, 0.603390345287323, 0.5940613677024841, 0.5852148241519928, 0.5767993808746338, 0.5687420711994171, 0.5610848845481873, 0.5537099933624268, 0.5466366628170013, 0.539803634595871], "centralserverround": [0, 1, 2, 3, 4, 5, 6, 7, 8, 9, 10, 11, 12, 13, 14, 15, 16, 17, 18, 19, 20, 21, 22, 23, 24, 25, 26, 27, 28, 29, 30, 31, 32, 33, 34, 35, 36, 37, 38, 39, 40, 41, 42, 43, 44, 45, 46, 47, 48, 49, 50]}