{"centralservertimepast": [0, 1820, 3640, 5460, 7280, 9100, 10920, 12740, 14560, 16380, 18200, 20020, 21840, 23660, 25480, 27300, 29120, 30940, 32760, 34580, 36400, 38220, 40040, 41860, 43680, 45500, 47320, 49140, 50960, 52780, 54600, 56420, 58240, 60060, 61880, 63700, 65520, 67340, 69160, 70980, 72800, 74620, 76440, 78260, 80080, 81900, 83720, 85540, 87360, 89180, 91000, 92820, 94640, 96460, 98280, 100100, 101920, 103740, 105560, 107380, 109200, 111020, 112840, 114660, 116480, 118300, 120120, 121940, 123760, 125580, 127400, 129220, 131040, 132860, 134680, 136500, 138320, 140140, 141960, 143780, 145600, 147420, 149240, 151060, 152880, 154700, 156520, 158340, 160160, 161980, 163800, 165620, 167440, 169260, 171080, 172900, 174720, 176540, 178360, 180180, 182000], "centralserveraccuracy": [0.092, 0.101, 0.101, 0.101, 0.101, 0.1009, 0.1749, 0.2149, 0.2219, 0.2385, 0.2493, 0.2585, 0.2677, 0.2791, 0.2901, 0.3038, 0.3155, 0.3287, 0.3384, 0.3472, 0.357, 0.3662, 0.3751, 0.3828, 0.3891, 0.3959, 0.4021, 0.4104, 0.4169, 0.4229, 0.4286, 0.4345, 0.4403, 0.4461, 0.4511, 0.4552, 0.4608, 0.4651, 0.47, 0.4747, 0.4783, 0.483, 0.4872, 0.4921, 0.4953, 0.4993, 0.5035, 0.507, 0.5107, 0.5144, 0.5184, 0.5221, 0.5256, 0.5285, 0.5325, 0.536, 0.5388, 0.5425, 0.5455, 0.548, 0.5524, 0.5533, 0.5554, 0.5583, 0.5609, 0.5633, 0.5659, 0.5692, 0.5714, 0.5739, 0.5768, 0.5797, 0.5828, 0.5854, 0.5877, 0.5891, 0.5916, 0.5936, 0.5951, 0.5965, 0.5989, 0.6004, 0.6039, 0.6043, 0.6087, 0.608, 0.614, 0.6126, 0.6208, 0.6132, 0.6227, 0.5972, 0.613, 0.5264, 0.5219, 0.4202, 0.4109, 0.3871, 0.379, 0.4112, 0.3938], "centralserverloss": [2.3050148765563967, 2.2987342742919923, 2.323556113433838, 2.3467029434204103, 2.314250225830078, 2.2802048427581787, 2.2620916316986084, 2.2513054809570314, 2.241569841766357, 2.2337917095184325, 2.2274956886291504, 2.221713508605957, 2.2162548427581785, 2.210984093475342, 2.205817391204834, 2.200706460571289, 2.195629615402222, 2.1905661449432374, 2.18551358833313, 2.1804566818237303, 2.1753853897094726, 2.170293705368042, 2.165178408050537, 2.1600296047210694, 2.15484140625, 2.1496165760040284, 2.1443474918365477, 2.1390389156341554, 2.1336894821166994, 2.1282993995666506, 2.1228646236419677, 2.117377834701538, 2.111840085220337, 2.1062514995574952, 2.100610037231445, 2.0949154773712158, 2.089164281463623, 2.0833502281188965, 2.077474332809448, 2.07153791847229, 2.0655377307891847, 2.0594758422851562, 2.0533480445861816, 2.04715191116333, 2.040887956428528, 2.034559384918213, 2.0281584383010864, 2.0216932292938234, 2.015156753349304, 2.0085535331726074, 2.001873416137695, 1.995123645401001, 1.9882977558135986, 1.9813966657638549, 1.9744210077285766, 1.9673727003097534, 1.9602484270095826, 1.9530507411956788, 1.9457743377685548, 1.9384235401153564, 1.930996794128418, 1.923492311668396, 1.9159138751983642, 1.908255843925476, 1.9005275833129882, 1.8927189994812013, 1.8848375886917115, 1.8768811973571777, 1.8688493194580078, 1.8607473291397094, 1.8525657032012939, 1.844317914581299, 1.8359881191253662, 1.827598958015442, 1.8191206977844239, 1.8105975719451903, 1.8019773563385009, 1.793321143913269, 1.784556230354309, 1.7757853498458862, 1.7668710428237915, 1.7579904087066651, 1.7489220937728882, 1.7399577611923218, 1.730716775894165, 1.721727900314331, 1.7122778759002686, 1.7034017839431763, 1.6936778688430787, 1.685327254486084, 1.6754312877655029, 1.6692207057952881, 1.660985182762146, 1.6646362749099732, 1.6724288423538207, 1.7186262819290161, 1.7966269145965577, 1.866312925720215, 1.9447894466400146, 1.8669734352111815, 1.8833128143310547], "centralserverround": [0, 1, 2, 3, 4, 5, 6, 7, 8, 9, 10, 11, 12, 13, 14, 15, 16, 17, 18, 19, 20, 21, 22, 23, 24, 25, 26, 27, 28, 29, 30, 31, 32, 33, 34, 35, 36, 37, 38, 39, 40, 41, 42, 43, 44, 45, 46, 47, 48, 49, 50, 51, 52, 53, 54, 55, 56, 57, 58, 59, 60, 61, 62, 63, 64, 65, 66, 67, 68, 69, 70, 71, 72, 73, 74, 75, 76, 77, 78, 79, 80, 81, 82, 83, 84, 85, 86, 87, 88, 89, 90, 91, 92, 93, 94, 95, 96, 97, 98, 99, 100]}