{"centralservertimepast": [0, 2400, 4800, 7200, 9600, 12000, 14400, 16800, 19200, 21600, 24000, 26400, 28800, 31200, 33600, 36000, 38400, 40800, 43200, 45600, 48000, 50400, 52800, 55200, 57600, 60000, 62400, 64800, 67200, 69600, 72000, 74400, 76800, 79200, 81600, 84000, 86400, 88800, 91200, 93600, 96000, 98400, 100800, 103200, 105600, 108000, 110400, 112800, 115200, 117600, 120000, 122400, 124800, 127200, 129600, 132000, 134400, 136800, 139200, 141600, 144000, 146400, 148800, 151200, 153600, 156000, 158400, 160800, 163200, 165600, 168000, 170400, 172800, 175200, 177600, 180000, 182400, 184800, 187200, 189600, 192000, 194400, 196800, 199200, 201600, 204000, 206400, 208800, 211200, 213600, 216000, 218400, 220800, 223200, 225600, 228000, 230400, 232800, 235200, 237600, 240000], "centralserveraccuracy": [0.0837, 0.1229, 0.1378, 0.1458, 0.1571, 0.1601, 0.1619, 0.1644, 0.165, 0.1663, 0.1658, 0.1675, 0.1698, 0.1731, 0.1788, 0.1816, 0.184, 0.1873, 0.1897, 0.1901, 0.1934, 0.194, 0.1944, 0.1961, 0.1974, 0.1979, 0.1995, 0.1993, 0.2008, 0.2003, 0.2007, 0.2006, 0.2008, 0.201, 0.2012, 0.2019, 0.2013, 0.2014, 0.2012, 0.2031, 0.2038, 0.2043, 0.2044, 0.2055, 0.2072, 0.2069, 0.2096, 0.2084, 0.2114, 0.2091, 0.2136, 0.2121, 0.2142, 0.2142, 0.2164, 0.2153, 0.2175, 0.2169, 0.2184, 0.2187, 0.2196, 0.2187, 0.221, 0.2192, 0.2206, 0.2177, 0.2179, 0.218, 0.2208, 0.216, 0.218, 0.2082, 0.212, 0.201, 0.2028, 0.1931, 0.1963, 0.1874, 0.1935, 0.1865, 0.1911, 0.186, 0.1919, 0.1865, 0.1879, 0.185, 0.1852, 0.1863, 0.1817, 0.1853, 0.1831, 0.1857, 0.1748, 0.185, 0.1766, 0.1839, 0.1767, 0.1816, 0.1716, 0.1796, 0.1713], "centralserverloss": [2.303652021408081, 2.3066583324432375, 2.3040818325042727, 2.295935528564453, 2.2875794750213623, 2.2810797187805174, 2.2755527229309083, 2.2706513610839845, 2.2661304695129396, 2.262001762008667, 2.257987990951538, 2.2542098487854005, 2.250594174194336, 2.2470996925354005, 2.2436165016174314, 2.2402894123077393, 2.237096318435669, 2.2340412776947023, 2.2309107051849364, 2.22805359916687, 2.2250764591217043, 2.2223951427459716, 2.2196471656799317, 2.217176474761963, 2.214602659988403, 2.212123850250244, 2.20970246887207, 2.207430312347412, 2.2050390914916993, 2.203131951522827, 2.200989863586426, 2.1991341709136965, 2.197202600860596, 2.195591558456421, 2.19350419921875, 2.19230129737854, 2.1905507835388183, 2.1894836135864257, 2.1878774337768556, 2.186976882171631, 2.185682318878174, 2.1850710090637206, 2.183783847808838, 2.1831996475219726, 2.181668968963623, 2.181760265350342, 2.180387537765503, 2.1804209426879884, 2.1786597312927247, 2.1795519718170167, 2.177411628341675, 2.179214543914795, 2.1762460552215575, 2.1791110649108885, 2.1762360111236574, 2.1792780586242677, 2.176147338104248, 2.1796095794677735, 2.176569953918457, 2.181253462600708, 2.1769509925842283, 2.183340292358398, 2.1772772010803223, 2.1862950382232667, 2.1776065158843996, 2.1896133968353273, 2.179686441421509, 2.193978554534912, 2.182987052536011, 2.2017244998931886, 2.1919627891540525, 2.2169819187164306, 2.2099536813735963, 2.2424615394592284, 2.241007415008545, 2.279712691116333, 2.2743855697631834, 2.3111093711853026, 2.3047153354644774, 2.336004413604736, 2.317219338607788, 2.3416380531311036, 2.3229358207702635, 2.350814434814453, 2.3491736059188844, 2.3641630950927732, 2.3583075998306273, 2.3705750617980956, 2.3840383846282958, 2.3855531028747556, 2.398121380615234, 2.392815733718872, 2.433290476036072, 2.4110706020355224, 2.4522766956329347, 2.419662460708618, 2.463831429862976, 2.4182231998443604, 2.4799773176193236, 2.450857225418091, 2.5057984706878664], "centralserverround": [0, 1, 2, 3, 4, 5, 6, 7, 8, 9, 10, 11, 12, 13, 14, 15, 16, 17, 18, 19, 20, 21, 22, 23, 24, 25, 26, 27, 28, 29, 30, 31, 32, 33, 34, 35, 36, 37, 38, 39, 40, 41, 42, 43, 44, 45, 46, 47, 48, 49, 50, 51, 52, 53, 54, 55, 56, 57, 58, 59, 60, 61, 62, 63, 64, 65, 66, 67, 68, 69, 70, 71, 72, 73, 74, 75, 76, 77, 78, 79, 80, 81, 82, 83, 84, 85, 86, 87, 88, 89, 90, 91, 92, 93, 94, 95, 96, 97, 98, 99, 100]}