{"centralservertimepast": [0, 31200, 63900, 88600, 111300, 136000, 157200, 181900, 216600, 247800, 280500, 302200, 314400, 330100, 340300, 373000, 388200, 398900, 433600, 451800, 460500, 495200, 510900, 533600, 568300, 593000, 604200, 638900, 660100, 694800, 707500, 730200, 762900, 773600, 789300, 800500, 818700, 835400, 849100, 880300, 913000, 944200, 965400, 1000100, 1026300, 1048000, 1072700, 1105400, 1122100, 1143800, 1178500, 1194200, 1206900, 1239600, 1256300, 1267000, 1282200, 1306900, 1338100, 1372800, 1386500, 1400200, 1426400, 1457600, 1478800, 1513500, 1525200, 1535400, 1561600, 1572300, 1587500, 1622200, 1643900, 1666600, 1687800, 1709500, 1742200, 1760400, 1786600, 1809300, 1819500, 1850700, 1883400, 1904600, 1935800, 1946500, 1960200, 1982900, 2015600, 2027800, 2046000, 2061200, 2073900, 2092100, 2113300, 2148000, 2156700, 2165900, 2176100, 2200800, 2233500], "centralserveraccuracy": [0.11, 0.1594, 0.1612, 0.1588, 0.2237, 0.1862, 0.2486, 0.1988, 0.2231, 0.2812, 0.2414, 0.3009, 0.2469, 0.2527, 0.2883, 0.2098, 0.2505, 0.3087, 0.3367, 0.2919, 0.2678, 0.3374, 0.129, 0.3625, 0.3939, 0.3308, 0.3503, 0.2367, 0.3704, 0.3486, 0.3782, 0.3813, 0.4036, 0.4407, 0.4332, 0.4383, 0.3906, 0.4055, 0.458, 0.3845, 0.3778, 0.3861, 0.4049, 0.3421, 0.372, 0.4806, 0.4107, 0.4328, 0.4639, 0.3849, 0.3411, 0.411, 0.4575, 0.4073, 0.4303, 0.434, 0.4208, 0.4409, 0.4515, 0.4206, 0.4491, 0.4106, 0.4836, 0.502, 0.4952, 0.4492, 0.4685, 0.3699, 0.4141, 0.4915, 0.4918, 0.4544, 0.46, 0.5084, 0.5016, 0.4552, 0.4413, 0.5246, 0.5388, 0.4832, 0.4813, 0.4689, 0.4804, 0.505, 0.497, 0.4898, 0.4287, 0.518, 0.4977, 0.4931, 0.4562, 0.5438, 0.5257, 0.4361, 0.524, 0.4463, 0.5195, 0.4374, 0.5186, 0.4809, 0.4738], "centralserverloss": [2.3026911334991453, 2.4956728023529053, 2.8730964485168458, 2.430401726150513, 2.284394287109375, 2.299150111198425, 2.180447638130188, 2.2503597240447997, 2.298340077590942, 2.035615567779541, 2.2744215522766114, 1.9024366523742675, 2.030879009056091, 2.174555676651001, 1.9698468547821044, 2.474996891784668, 2.1198335161209108, 1.9165340215682984, 1.9443937168121337, 2.059576926994324, 2.098378261566162, 1.9473780097961426, 3.4158080493927003, 1.8588214519500732, 1.742755023574829, 1.912991175842285, 1.8352986110687255, 2.3629404388427733, 1.7963280246734619, 1.8332983383178711, 1.7042586082458495, 1.8708168891906738, 1.698193783760071, 1.5733878652572633, 1.5873284229278564, 1.565849450302124, 1.7766661750793458, 1.6143954734802246, 1.502482430076599, 1.7053829248428345, 1.925883097076416, 1.9298374542236327, 1.744923352432251, 2.075118835067749, 1.9131872688293456, 1.45254415435791, 1.6435351676940917, 1.627146717262268, 1.5243143901824951, 1.76676144695282, 2.1527445827484133, 1.7215652055740356, 1.6003962326049805, 1.8112373386383056, 1.6893452926635741, 1.5767895782470702, 1.648394903755188, 1.6356448364257812, 1.5427897199630738, 1.773742043876648, 1.664449109840393, 1.7099033212661743, 1.5347548025131226, 1.415102783203125, 1.4881677494049073, 1.7404814445495604, 1.5061079587936401, 1.847377035331726, 1.7023196039199828, 1.4303822645187378, 1.5176460746765137, 1.7352517784118653, 1.6639480827331543, 1.4278910758972168, 1.4213543825149537, 1.605996852684021, 1.7564660760879516, 1.373746327972412, 1.3244438636779785, 1.5666202259063722, 1.6023275907516479, 1.5711962146759033, 1.558662940597534, 1.4836924438476562, 1.558455340385437, 1.5015040416717529, 1.796517872619629, 1.4152702417373657, 1.583966798400879, 1.5786345136642457, 1.689178917503357, 1.3874456689834596, 1.4299532152175902, 2.0637084911346437, 1.4365526405334472, 1.9045813646316527, 1.4152932973861694, 1.7939997201919555, 1.4475413415908813, 1.7394160137176513, 1.733046633529663], "centralserverround": [0, 1, 2, 3, 4, 5, 6, 7, 8, 9, 10, 11, 12, 13, 14, 15, 16, 17, 18, 19, 20, 21, 22, 23, 24, 25, 26, 27, 28, 29, 30, 31, 32, 33, 34, 35, 36, 37, 38, 39, 40, 41, 42, 43, 44, 45, 46, 47, 48, 49, 50, 51, 52, 53, 54, 55, 56, 57, 58, 59, 60, 61, 62, 63, 64, 65, 66, 67, 68, 69, 70, 71, 72, 73, 74, 75, 76, 77, 78, 79, 80, 81, 82, 83, 84, 85, 86, 87, 88, 89, 90, 91, 92, 93, 94, 95, 96, 97, 98, 99, 100]}