{"centralservertimepast": [0, 22600, 45200, 67800, 90400, 113000, 135600, 158200, 180800, 203400, 226000, 248600, 271200, 293800, 316400, 339000, 361600, 384200, 406800, 429400, 452000, 474600, 497200, 519800, 542400, 565000, 587600, 610200, 632800, 655400, 678000, 700600, 723200, 745800, 768400, 791000, 813600, 836200, 858800, 881400, 904000, 926600, 949200, 971800, 994400, 1017000, 1039600, 1062200, 1084800, 1107400, 1130000, 1152600, 1175200, 1197800, 1220400, 1243000, 1265600, 1288200, 1310800, 1333400, 1356000, 1378600, 1401200, 1423800, 1446400, 1469000, 1491600, 1514200, 1536800, 1559400, 1582000, 1604600, 1627200, 1649800, 1672400, 1695000, 1717600, 1740200, 1762800, 1785400, 1808000, 1830600, 1853200, 1875800, 1898400, 1921000, 1943600, 1966200, 1988800, 2011400, 2034000, 2056600, 2079200, 2101800, 2124400, 2147000, 2169600, 2192200, 2214800, 2237400, 2260000], "centralserveraccuracy": [0.1224, 0.5412, 0.8309, 0.8768, 0.894, 0.9054, 0.914, 0.9201, 0.925, 0.9288, 0.9328, 0.9375, 0.9405, 0.9435, 0.9467, 0.9494, 0.951, 0.9529, 0.9547, 0.9555, 0.9564, 0.9578, 0.9582, 0.9587, 0.9595, 0.9602, 0.9612, 0.9615, 0.9621, 0.9628, 0.9631, 0.9632, 0.9635, 0.9637, 0.9642, 0.9648, 0.9648, 0.965, 0.9653, 0.9661, 0.9665, 0.9664, 0.9666, 0.9668, 0.9669, 0.9669, 0.9671, 0.9671, 0.9675, 0.9676, 0.9678, 0.9678, 0.968, 0.9679, 0.9682, 0.9682, 0.9681, 0.9682, 0.9682, 0.9683, 0.9683, 0.9684, 0.9687, 0.9685, 0.9684, 0.9687, 0.969, 0.969, 0.969, 0.9691, 0.9691, 0.9692, 0.9693, 0.9693, 0.9696, 0.9696, 0.9699, 0.97, 0.9698, 0.9699, 0.9697, 0.9699, 0.9699, 0.9698, 0.9698, 0.9698, 0.9698, 0.9696, 0.9698, 0.9699, 0.9697, 0.9698, 0.9699, 0.9697, 0.9697, 0.9697, 0.9696, 0.9698, 0.9697, 0.9696, 0.9698], "centralserverloss": [2.3026762573242188, 2.010846511268616, 0.6476156207084656, 0.40429679412841796, 0.3414174782037735, 0.307522799539566, 0.28380359807014466, 0.2629623183131218, 0.24565558161735535, 0.23003704528808594, 0.21639063590764998, 0.20411847799420357, 0.19371506645083428, 0.18440001649856566, 0.1761366019129753, 0.16889590950608255, 0.1626455941617489, 0.15718850980103016, 0.15221067113280295, 0.14782919866740704, 0.14378906436562539, 0.1406329658821225, 0.13769996427595615, 0.13516831103116275, 0.1330016180470586, 0.13138035747259855, 0.1296568791128695, 0.12821509556025268, 0.12678789110183716, 0.12568719606250525, 0.12446957797631622, 0.12359317367598414, 0.12277970690242947, 0.1218584583222866, 0.12134668484292925, 0.12051417729407549, 0.12010741701722145, 0.11951337022967637, 0.1192896767117083, 0.11885389806423337, 0.11841046085469424, 0.11820232135988772, 0.11800990956015885, 0.11785961774606257, 0.1176908656636253, 0.11757486934401094, 0.11747395756570622, 0.11754368259739131, 0.11741442533265799, 0.1175152752712369, 0.11749259560992942, 0.11741458624284715, 0.11749001278523356, 0.11747072416413576, 0.11747621057895012, 0.11748096481044777, 0.11751628791070544, 0.11761328531191684, 0.11767531824237668, 0.11789506486058235, 0.11803974155257456, 0.11818163497382775, 0.11831668371467385, 0.11844786673798226, 0.11863274945684243, 0.11872540551151614, 0.1188741142673185, 0.11902990744058042, 0.11927575089209713, 0.11933136834758334, 0.11956439380540979, 0.1196647940774914, 0.12003755755606108, 0.12003130683727795, 0.12015001449269476, 0.12030288203615928, 0.1205153065907536, 0.12073286647803616, 0.1208039299789234, 0.12091992310475325, 0.12106443348523462, 0.12130136640851852, 0.1213399805450812, 0.12141082783546299, 0.12164356120985467, 0.12190603184454958, 0.12213524955678731, 0.12224525185379316, 0.1227051262471301, 0.12288597064200439, 0.12304589654966258, 0.12333989547078963, 0.12357881640495616, 0.12366166969679762, 0.12386555041935644, 0.12402073690754478, 0.12434269055904297, 0.1244980131268443, 0.12460380572866998, 0.12483535768064322, 0.12504600279436562], "centralserverround": [0, 1, 2, 3, 4, 5, 6, 7, 8, 9, 10, 11, 12, 13, 14, 15, 16, 17, 18, 19, 20, 21, 22, 23, 24, 25, 26, 27, 28, 29, 30, 31, 32, 33, 34, 35, 36, 37, 38, 39, 40, 41, 42, 43, 44, 45, 46, 47, 48, 49, 50, 51, 52, 53, 54, 55, 56, 57, 58, 59, 60, 61, 62, 63, 64, 65, 66, 67, 68, 69, 70, 71, 72, 73, 74, 75, 76, 77, 78, 79, 80, 81, 82, 83, 84, 85, 86, 87, 88, 89, 90, 91, 92, 93, 94, 95, 96, 97, 98, 99, 100]}