{"centralservertimepast": [0, 23600, 47200, 70800, 94400, 118000, 141600, 165200, 188800, 212400, 236000, 259600, 283200, 306800, 330400, 354000, 377600, 401200, 424800, 448400, 472000, 495600, 519200, 542800, 566400, 590000, 613600, 637200, 660800, 684400, 708000, 731600, 755200, 778800, 802400, 826000, 849600, 873200, 896800, 920400, 944000, 967600, 991200, 1014800, 1038400, 1062000, 1085600, 1109200, 1132800, 1156400, 1180000, 1203600, 1227200, 1250800, 1274400, 1298000, 1321600, 1345200, 1368800, 1392400, 1416000, 1439600, 1463200, 1486800, 1510400, 1534000, 1557600, 1581200, 1604800, 1628400, 1652000, 1675600, 1699200, 1722800, 1746400, 1770000, 1793600, 1817200, 1840800, 1864400, 1888000, 1911600, 1935200, 1958800, 1982400, 2006000, 2029600, 2053200, 2076800, 2100400, 2124000, 2147600, 2171200, 2194800, 2218400, 2242000, 2265600, 2289200, 2312800, 2336400, 2360000], "centralserveraccuracy": [0.092, 0.101, 0.101, 0.0993, 0.1555, 0.1894, 0.2111, 0.2171, 0.228, 0.2377, 0.2485, 0.2609, 0.2747, 0.2872, 0.3003, 0.3137, 0.3259, 0.3373, 0.3485, 0.3582, 0.3696, 0.3764, 0.3866, 0.3937, 0.4032, 0.4059, 0.415, 0.4146, 0.4171, 0.3959, 0.3873, 0.3035, 0.3175, 0.2419, 0.2473, 0.2601, 0.2618, 0.2762, 0.257, 0.265, 0.2677, 0.2904, 0.3302, 0.2707, 0.2844, 0.2877, 0.3342, 0.2808, 0.3442, 0.288, 0.3485, 0.2927, 0.3567, 0.2957, 0.3605, 0.2999, 0.3639, 0.3067, 0.3668, 0.3111, 0.3713, 0.3159, 0.3744, 0.3202, 0.377, 0.3258, 0.3793, 0.3335, 0.3816, 0.3415, 0.3836, 0.3484, 0.3855, 0.3556, 0.3881, 0.3638, 0.3898, 0.3716, 0.3918, 0.3787, 0.3934, 0.3854, 0.3954, 0.3927, 0.397, 0.3995, 0.3996, 0.4067, 0.4015, 0.4118, 0.4053, 0.4175, 0.4087, 0.4226, 0.4122, 0.4292, 0.4152, 0.4354, 0.4213, 0.4416, 0.4261], "centralserverloss": [2.3050148765563967, 2.385162956237793, 2.3921147464752197, 2.292943898010254, 2.2637146995544435, 2.2489653678894044, 2.2399098529815675, 2.232742816925049, 2.22601923828125, 2.2195639739990236, 2.2131644901275633, 2.206850443649292, 2.2005302936553957, 2.194250302886963, 2.187936110305786, 2.181630863571167, 2.1752799087524415, 2.168940609741211, 2.1625511295318605, 2.1561641052246094, 2.149702119064331, 2.1432543079376223, 2.136704845046997, 2.13011884765625, 2.123335517120361, 2.1163254947662353, 2.1091190761566163, 2.1019270866394044, 2.095139933395386, 2.0894728954315185, 2.0872100566864016, 2.0914660034179686, 2.1130292907714843, 2.1707662395477296, 2.241433794784546, 2.352663823699951, 2.275384169769287, 2.309711857223511, 2.2831342132568357, 2.2809141384124754, 2.2505609424591064, 2.242475510025024, 2.198171682739258, 2.197166796875, 2.1729405048370363, 2.1714872482299805, 2.1381148189544676, 2.1436381153106687, 2.117653717803955, 2.1224921630859375, 2.095775354385376, 2.102027842712402, 2.0767709697723387, 2.084216688919067, 2.0595002197265626, 2.0673840911865233, 2.0428065307617187, 2.0512074615478517, 2.0267439434051515, 2.035457210922241, 2.0109730878829954, 2.019926462173462, 1.9953433975219728, 2.0043598937988283, 1.9796723314285278, 1.9886665422439576, 1.9639040718078613, 1.9728251874923706, 1.9480375312805176, 1.9567325351715088, 1.9320936899185182, 1.9404295707702637, 1.9160477151870727, 1.9238251909255981, 1.8998540266036987, 1.906977813911438, 1.8836867055892945, 1.8900338123321534, 1.8675183378219604, 1.8727104637145997, 1.8514427995681764, 1.855278791809082, 1.8355106536865233, 1.8375652893066405, 1.8197022958755493, 1.8195712472915648, 1.8040228702545167, 1.8015782165527343, 1.788494687461853, 1.783515083694458, 1.773169722366333, 1.7653003559112548, 1.7579249601364135, 1.74693000831604, 1.7427689157485962, 1.7284909364700318, 1.727961365699768, 1.7102833463668823, 1.7131009281158447, 1.6912161659240723, 1.6979970485687257], "centralserverround": [0, 1, 2, 3, 4, 5, 6, 7, 8, 9, 10, 11, 12, 13, 14, 15, 16, 17, 18, 19, 20, 21, 22, 23, 24, 25, 26, 27, 28, 29, 30, 31, 32, 33, 34, 35, 36, 37, 38, 39, 40, 41, 42, 43, 44, 45, 46, 47, 48, 49, 50, 51, 52, 53, 54, 55, 56, 57, 58, 59, 60, 61, 62, 63, 64, 65, 66, 67, 68, 69, 70, 71, 72, 73, 74, 75, 76, 77, 78, 79, 80, 81, 82, 83, 84, 85, 86, 87, 88, 89, 90, 91, 92, 93, 94, 95, 96, 97, 98, 99, 100]}