{"centralservertimepast": [0, 2230, 4460, 6690, 8920, 11150, 13380, 15610, 17840, 20070, 22300, 24530, 26760, 28990, 31220, 33450, 35680, 37910, 40140, 42370, 44600, 46830, 49060, 51290, 53520, 55750, 57980, 60210, 62440, 64670, 66900, 69130, 71360, 73590, 75820, 78050, 80280, 82510, 84740, 86970, 89200, 91430, 93660, 95890, 98120, 100350, 102580, 104810, 107040, 109270, 111500, 113730, 115960, 118190, 120420, 122650, 124880, 127110, 129340, 131570, 133800, 136030, 138260, 140490, 142720, 144950, 147180, 149410, 151640, 153870, 156100, 158330, 160560, 162790, 165020, 167250, 169480, 171710, 173940, 176170, 178400, 180630, 182860, 185090, 187320, 189550, 191780, 194010, 196240, 198470, 200700, 202930, 205160, 207390, 209620, 211850, 214080, 216310, 218540, 220770, 223000], "centralserveraccuracy": [0.092, 0.101, 0.101, 0.1011, 0.2037, 0.2663, 0.3095, 0.3412, 0.3645, 0.3795, 0.4014, 0.4238, 0.4461, 0.4669, 0.4825, 0.4978, 0.5163, 0.5316, 0.5481, 0.5641, 0.5771, 0.5926, 0.6048, 0.6173, 0.6295, 0.6406, 0.6525, 0.6646, 0.6758, 0.6872, 0.6972, 0.7079, 0.7177, 0.7251, 0.734, 0.7422, 0.752, 0.7591, 0.7662, 0.7731, 0.7789, 0.7843, 0.7896, 0.7936, 0.7971, 0.7988, 0.8033, 0.8058, 0.8095, 0.8134, 0.8167, 0.8195, 0.8216, 0.824, 0.8269, 0.8297, 0.8314, 0.8333, 0.8355, 0.8371, 0.8387, 0.8404, 0.8417, 0.8435, 0.8452, 0.8462, 0.8466, 0.8478, 0.8494, 0.8506, 0.852, 0.8534, 0.8545, 0.8553, 0.8563, 0.8572, 0.8578, 0.859, 0.8598, 0.8605, 0.8615, 0.8628, 0.864, 0.8645, 0.866, 0.8665, 0.8666, 0.8672, 0.8674, 0.8679, 0.8684, 0.8693, 0.8694, 0.8699, 0.8704, 0.8704, 0.871, 0.872, 0.8727, 0.8732, 0.8737], "centralserverloss": [2.3050148765563967, 2.308306153869629, 2.299531737136841, 2.2660123706817625, 2.238412911224365, 2.2132883682250974, 2.1864341579437254, 2.157292247390747, 2.125586213302612, 2.090731419372559, 2.0531379848480227, 2.0125408864974976, 1.9692394550323487, 1.9234192567825317, 1.8754286130905151, 1.8255961326599122, 1.774307151031494, 1.7218201189041138, 1.6684382110595704, 1.6140746959686278, 1.5589118724823, 1.503940544319153, 1.4488242319107056, 1.3935275150299071, 1.3387191957473754, 1.2847582492828369, 1.2318742094039916, 1.1802633068084716, 1.1298783082008361, 1.0817199939727784, 1.0359732620239257, 0.9922356294631958, 0.9514342127799987, 0.913248950958252, 0.8779034936904907, 0.8452385520935058, 0.8148568718910217, 0.7873333190917968, 0.7619736541748047, 0.7383437253952027, 0.7169943857192993, 0.6972590225696563, 0.6791371784687043, 0.6622947072982788, 0.6468900562286377, 0.6335003611087799, 0.6196573920726776, 0.608472020816803, 0.5971539578914642, 0.5858293449401856, 0.575269619512558, 0.5656468041419983, 0.5568627944946289, 0.5484270497322082, 0.540329642534256, 0.5330323792934418, 0.5261349606513978, 0.5194822072029114, 0.5132464196205139, 0.5073730865955353, 0.5018971642971038, 0.49651696429252623, 0.49150402941703797, 0.48650393538475034, 0.48182821707725526, 0.4774322127819061, 0.473138449382782, 0.468985472869873, 0.4650722123146057, 0.4612578190803528, 0.4575838900566101, 0.4540448634147644, 0.45069586863517763, 0.4473443648338318, 0.44420664772987367, 0.4409557605743408, 0.43797428646087644, 0.4349709738254547, 0.4322296260356903, 0.42966947197914124, 0.4268756476402283, 0.42430179228782655, 0.4217943907260895, 0.41946109986305236, 0.4172262119293213, 0.41504889397621153, 0.4128050456523895, 0.4107455161094666, 0.40863486137390137, 0.40662778310775755, 0.40477761964797976, 0.4029994655609131, 0.40116143970489504, 0.3993790576934814, 0.3975841384410858, 0.39588763966560364, 0.39419061608314515, 0.3925862090110779, 0.3908858199119568, 0.3892720801353455, 0.387831298494339], "centralserverround": [0, 1, 2, 3, 4, 5, 6, 7, 8, 9, 10, 11, 12, 13, 14, 15, 16, 17, 18, 19, 20, 21, 22, 23, 24, 25, 26, 27, 28, 29, 30, 31, 32, 33, 34, 35, 36, 37, 38, 39, 40, 41, 42, 43, 44, 45, 46, 47, 48, 49, 50, 51, 52, 53, 54, 55, 56, 57, 58, 59, 60, 61, 62, 63, 64, 65, 66, 67, 68, 69, 70, 71, 72, 73, 74, 75, 76, 77, 78, 79, 80, 81, 82, 83, 84, 85, 86, 87, 88, 89, 90, 91, 92, 93, 94, 95, 96, 97, 98, 99, 100]}