{"centralservertimepast": [0, 7200, 11400, 16800, 21600, 26100, 29700, 35100, 40500, 45600, 50400, 54600, 59400, 64800, 69600, 74100, 79200, 84000, 88200, 93600, 97200, 102600, 108000, 113400, 117600, 121800, 126900, 131100, 136800, 142500, 147000, 151200, 156600, 159600, 165300, 171000, 175500, 180600, 184800, 189000, 194400, 199800, 205200, 208800, 214200, 218400, 223200, 228000, 233700, 237600, 243600], "centralserveraccuracy": [0.0886, 0.3267, 0.3535, 0.3827, 0.4054, 0.4184, 0.4369, 0.4605, 0.4746, 0.4894, 0.5081, 0.5133, 0.5205, 0.5276, 0.5353, 0.543, 0.5474, 0.5539, 0.5599, 0.5681, 0.5713, 0.5713, 0.5728, 0.5771, 0.5864, 0.5883, 0.5895, 0.5936, 0.5955, 0.5965, 0.6002, 0.596, 0.6011, 0.608, 0.6122, 0.612, 0.6137, 0.6175, 0.6178, 0.6176, 0.6199, 0.6185, 0.615, 0.622, 0.622, 0.6258, 0.6252, 0.6252, 0.6257, 0.6254, 0.6231], "centralserverloss": [2.3058451583862305, 1.9755584135055542, 1.8686272987365722, 1.7565558492660522, 1.6831351541519166, 1.6431391736984253, 1.5886492149353026, 1.5150410329818726, 1.4727350204467773, 1.4385760848999023, 1.3934996212005615, 1.3749068361282348, 1.3506924175262451, 1.3336489444732667, 1.3080342889785768, 1.2954567487716675, 1.2897917335510254, 1.2899208333969117, 1.2572604818344115, 1.2529544292449952, 1.2540244035720824, 1.2848071660995484, 1.3275154857635498, 1.326144642829895, 1.271945717048645, 1.3011522691726685, 1.3100783943176268, 1.3045702814102174, 1.3103694272994995, 1.3227619468688965, 1.3653981727600097, 1.4522303297042847, 1.4342297245025635, 1.3721597003936767, 1.3926872732162476, 1.4514311220169067, 1.4605619546890258, 1.4142201160430907, 1.4481040100097655, 1.5002461927413941, 1.5088195640563964, 1.5564686208724976, 1.6930897624969483, 1.544071939086914, 1.5808987440109252, 1.5018290733337403, 1.5702715465545654, 1.5816164617538453, 1.5734792377471924, 1.6040730875015259, 1.7128353246688843], "centralserverround": [0, 1, 2, 3, 4, 5, 6, 7, 8, 9, 10, 11, 12, 13, 14, 15, 16, 17, 18, 19, 20, 21, 22, 23, 24, 25, 26, 27, 28, 29, 30, 31, 32, 33, 34, 35, 36, 37, 38, 39, 40, 41, 42, 43, 44, 45, 46, 47, 48, 49, 50], "clustertimepast": [[], [], [], [], []], "clusteraccuracy": [[], [], [], [], []], "clusterloss": [[], [], [], [], []], "clusterround": [[], [], [], [], []]}