{"centralservertimepast": [0, 180200, 395400, 590600, 765800, 936000, 1121200, 1321400, 1506600, 1706800, 1857000, 2057200, 2197400, 2377600, 2547800, 2698000, 2868200, 3018400, 3203600, 3338800, 3534000, 3659200, 3764400, 3874600, 4059800, 4195000, 4375200, 4545400, 4720600, 4880800, 5066000, 5241200, 5416400, 5566600, 5736800, 5847000, 5967200, 6142400, 6327600, 6502800, 6718000, 6863200, 7048400, 7233600, 7338800, 7539000, 7654200, 7869400, 8009600, 8209800, 8410000, 8560200, 8775400, 8955600, 9060800, 9211000, 9426200, 9586400, 9761600, 9911800, 10112000, 10222200, 10437400, 10582600, 10757800, 10928000, 11108200, 11288400, 11488600, 11608800, 11824000, 11949200, 12164400, 12364600, 12564800, 12780000, 12930200, 13050400, 13230600, 13415800, 13591000, 13731200, 13926400, 14141600, 14341800, 14482000, 14682200, 14882400, 15057600, 15202800, 15388000, 15583200, 15783400, 15958600, 16143800, 16294000, 16489200, 16659400, 16834600, 17009800, 17115000], "centralserveraccuracy": [0.0766, 0.6532, 0.911, 0.9305, 0.9378, 0.9522, 0.9522, 0.9479, 0.9592, 0.9539, 0.967, 0.9599, 0.9658, 0.9684, 0.9685, 0.9714, 0.9731, 0.9753, 0.9727, 0.9693, 0.9722, 0.9761, 0.9776, 0.9785, 0.9757, 0.9724, 0.9755, 0.9759, 0.9774, 0.9757, 0.9774, 0.9802, 0.9801, 0.9794, 0.9792, 0.9774, 0.9803, 0.9794, 0.9763, 0.9777, 0.9796, 0.9779, 0.9804, 0.9782, 0.9807, 0.9805, 0.9773, 0.9796, 0.9797, 0.9805, 0.9707, 0.9809, 0.9808, 0.9819, 0.9825, 0.9808, 0.9805, 0.9807, 0.9818, 0.9819, 0.9757, 0.9818, 0.9828, 0.9818, 0.9803, 0.9796, 0.9817, 0.9803, 0.9816, 0.9816, 0.9833, 0.983, 0.9815, 0.9831, 0.9823, 0.9829, 0.9841, 0.9822, 0.9824, 0.9827, 0.9834, 0.9827, 0.9821, 0.9796, 0.9815, 0.9841, 0.9833, 0.9822, 0.9832, 0.9836, 0.9838, 0.9833, 0.9825, 0.9832, 0.9832, 0.983, 0.9835, 0.9832, 0.9836, 0.9834, 0.9849], "centralserverloss": [2.3051317955017088, 0.9681448649406433, 0.2895734711527824, 0.23449019978046418, 0.22023861078619958, 0.16478530197739602, 0.17103534437566995, 0.18233658809959888, 0.141377236174047, 0.16639892893731595, 0.12168885154360905, 0.1477163995578885, 0.11808065556436777, 0.11837248808871954, 0.10450207647252828, 0.10269111968800426, 0.0956238732447382, 0.09123908476922661, 0.09472903161565774, 0.10790657905433328, 0.09617585214551072, 0.09176986783733591, 0.08702489296278218, 0.08362053852888057, 0.09419863489452983, 0.09884462245451286, 0.09530801008843118, 0.08756917046797462, 0.08912652745022788, 0.08858990999786183, 0.08419630106955883, 0.07793777063961897, 0.07834820494178857, 0.07818878832279005, 0.0789376670290425, 0.08388651177252177, 0.08212848942919518, 0.08573618103320478, 0.08948112431694753, 0.08935434678080782, 0.07987179110469152, 0.08590433404064679, 0.07925300933196995, 0.08042148777822876, 0.07281450139147928, 0.07750538428301515, 0.0918031169179827, 0.07899188924224, 0.0817541112017585, 0.07394637821750075, 0.10672352484726216, 0.06878327445672476, 0.07834466518070549, 0.0712870446707384, 0.07211747685818919, 0.07240162157433333, 0.07593300631318707, 0.07221486960564508, 0.07611132493735641, 0.07148652381732827, 0.09152663392977993, 0.07378428400388802, 0.07150972901380447, 0.06892459743832005, 0.07997150461566635, 0.08015730811333634, 0.07383443173719934, 0.0741654374926933, 0.07018155682851648, 0.07244968292184058, 0.0688787480987543, 0.06581877097112593, 0.07375850843454246, 0.06897920000421873, 0.07305543954554795, 0.06964008176011993, 0.06902877542445932, 0.0685141342385672, 0.07222723694144224, 0.06868005792792901, 0.06521460547370515, 0.06954785606217556, 0.07280333498969048, 0.07423777402720844, 0.07709849669946489, 0.06479324966544518, 0.06461097405667206, 0.06996079181641816, 0.06884313442065322, 0.06595901872411623, 0.06594511137148211, 0.06978079478372201, 0.07078577990752874, 0.06592480592419597, 0.06873241838254289, 0.0660868673144234, 0.06775456236779719, 0.06508239101862041, 0.0682515112185015, 0.06697803922545309, 0.06301224805208586], "centralserverround": [0, 1, 2, 3, 4, 5, 6, 7, 8, 9, 10, 11, 12, 13, 14, 15, 16, 17, 18, 19, 20, 21, 22, 23, 24, 25, 26, 27, 28, 29, 30, 31, 32, 33, 34, 35, 36, 37, 38, 39, 40, 41, 42, 43, 44, 45, 46, 47, 48, 49, 50, 51, 52, 53, 54, 55, 56, 57, 58, 59, 60, 61, 62, 63, 64, 65, 66, 67, 68, 69, 70, 71, 72, 73, 74, 75, 76, 77, 78, 79, 80, 81, 82, 83, 84, 85, 86, 87, 88, 89, 90, 91, 92, 93, 94, 95, 96, 97, 98, 99, 100]}