{"centralservertimepast": [0, 10700, 20400, 30600, 40300, 50500, 59700, 69900, 80100, 90300, 100000, 109200, 118400, 128600, 139300, 149000, 158700, 168900, 179100, 189800, 200500, 209200, 218400, 228100, 237800, 248500, 258700, 269400, 279600, 289300, 299500, 308700, 319400, 328600, 338800, 349500, 359700, 368900, 379100, 388800, 398500, 407700, 416900, 427100, 437800, 448000, 458200, 468900, 478100, 488800, 498500, 509200, 518900, 528600, 537800, 547500, 557200, 567900, 577600, 586300, 596000, 605700, 616400, 626600, 636300, 646000, 656200, 665900, 676100, 686300, 695500, 704700, 714900, 724600, 735300, 746000, 755700, 765400, 775600, 784800, 794500, 804200, 814400, 824100, 832800, 843500, 853700, 863900, 874100, 883300, 893500, 902700, 912900, 922100, 931800, 942000, 951700, 962400, 971600, 981800, 991500], "centralserveraccuracy": [0.0999, 0.1, 0.1491, 0.2236, 0.1679, 0.1609, 0.2045, 0.1991, 0.2615, 0.235, 0.158, 0.1692, 0.1936, 0.205, 0.1545, 0.1235, 0.1958, 0.1989, 0.2306, 0.2828, 0.2742, 0.2518, 0.2199, 0.2696, 0.2631, 0.2971, 0.3045, 0.3164, 0.2925, 0.2704, 0.2505, 0.2482, 0.1806, 0.1892, 0.2344, 0.3051, 0.2734, 0.2682, 0.3261, 0.2549, 0.2253, 0.3132, 0.275, 0.3243, 0.3127, 0.2537, 0.2618, 0.2772, 0.2921, 0.2765, 0.1997, 0.2868, 0.2752, 0.3166, 0.2381, 0.3477, 0.2214, 0.2573, 0.3521, 0.3714, 0.3955, 0.2674, 0.3241, 0.3121, 0.3292, 0.3397, 0.3245, 0.3451, 0.3129, 0.337, 0.3048, 0.3255, 0.3423, 0.365, 0.3451, 0.3317, 0.3654, 0.3185, 0.3832, 0.4044, 0.2527, 0.4451, 0.3713, 0.4199, 0.4008, 0.4158, 0.3147, 0.4446, 0.3948, 0.3333, 0.4088, 0.3498, 0.4194, 0.3541, 0.4053, 0.3107, 0.3853, 0.3888, 0.3502, 0.3759, 0.3895], "centralserverloss": [2.3039707321166993, 2.5965319541931153, 2.609546732330322, 2.3186793075561525, 2.3892356060028077, 2.615281900024414, 2.251383128738403, 2.312668521308899, 2.0541761367797853, 2.1500457550048826, 2.4269763114929197, 2.3626635803222658, 2.353639358329773, 2.1302775390625, 2.372719365501404, 2.845821918106079, 2.3584034351348877, 2.3409443466186524, 2.0564866178512573, 1.9689917764663696, 2.0965125259399415, 2.092554407119751, 2.1571670806884766, 2.131729951095581, 2.197961817932129, 2.074248407363892, 1.940324069595337, 1.8826638534545899, 1.9797016815185546, 2.1358721160888674, 2.090275054168701, 2.0351134349823, 2.618338739013672, 2.3376524993896486, 2.5194005294799804, 1.9376267568588257, 2.0809932929992674, 2.1082130851745604, 2.0254440006256105, 2.4658014419555663, 2.163149676513672, 1.9561185138702393, 2.0462045196533203, 1.8748679452896118, 1.8703474264144897, 2.0541671852111816, 2.0521432987213135, 2.131195258331299, 2.0851353523254397, 2.055573551750183, 2.1586064571380614, 2.05578205909729, 2.172635743713379, 1.8766845617294312, 2.100921352958679, 1.8214526653289795, 2.21447444152832, 2.1273408752441405, 1.7764112228393554, 1.7789062000274658, 1.6632734539031981, 2.0550408866882326, 1.8200961629867554, 1.9056064552307128, 1.8633160243988036, 1.9347481288909911, 1.954287043571472, 1.8691286069869995, 1.967278003692627, 1.8122123249053954, 2.017683405303955, 1.891688614654541, 1.808772060775757, 1.7913856512069701, 1.779905061531067, 1.9582122844696046, 1.7351724231719972, 1.841750401687622, 1.693095739364624, 1.704951745223999, 2.130469278717041, 1.542781431388855, 1.8378625852584838, 1.6420265838623047, 1.6974046188354492, 1.6471614850997924, 2.060029860687256, 1.5414826295852662, 1.6925939397811889, 1.8974226432800292, 1.6101380395889282, 1.9231924911499023, 1.5911141931533814, 1.7736378147125245, 1.6180952938079833, 2.1122335109710693, 1.8203136260986328, 1.7253079612731934, 1.7402706886291504, 1.6818221071243287, 1.725399262046814], "centralserverround": [0, 1, 2, 3, 4, 5, 6, 7, 8, 9, 10, 11, 12, 13, 14, 15, 16, 17, 18, 19, 20, 21, 22, 23, 24, 25, 26, 27, 28, 29, 30, 31, 32, 33, 34, 35, 36, 37, 38, 39, 40, 41, 42, 43, 44, 45, 46, 47, 48, 49, 50, 51, 52, 53, 54, 55, 56, 57, 58, 59, 60, 61, 62, 63, 64, 65, 66, 67, 68, 69, 70, 71, 72, 73, 74, 75, 76, 77, 78, 79, 80, 81, 82, 83, 84, 85, 86, 87, 88, 89, 90, 91, 92, 93, 94, 95, 96, 97, 98, 99, 100]}