{"centralservertimepast": [0, 3700, 7400, 11100, 14800, 18500, 22200, 25900, 29600, 33300, 37000, 40700, 44400, 48100, 51800, 55500, 59200, 62900, 66600, 70300, 74000, 77700, 81400, 85100, 88800, 92500, 96200, 99900, 103600, 107300, 111000, 114700, 118400, 122100, 125800, 129500, 133200, 136900, 140600, 144300, 148000, 151700, 155400, 159100, 162800, 166500, 170200, 173900, 177600, 181300, 185000, 188700, 192400, 196100, 199800, 203500, 207200, 210900, 214600, 218300, 222000, 225700, 229400, 233100, 236800, 240500, 244200, 247900, 251600, 255300, 259000, 262700, 266400, 270100, 273800, 277500, 281200, 284900, 288600, 292300, 296000, 299700, 303400, 307100, 310800, 314500, 318200, 321900, 325600, 329300, 333000, 336700, 340400, 344100, 347800, 351500, 355200, 358900, 362600, 366300, 370000], "centralserveraccuracy": [0.1224, 0.0958, 0.0962, 0.3713, 0.5091, 0.564, 0.5974, 0.6325, 0.6779, 0.7166, 0.7448, 0.7707, 0.7897, 0.8037, 0.8135, 0.8214, 0.8283, 0.8365, 0.8427, 0.8481, 0.8531, 0.8566, 0.8613, 0.8653, 0.8697, 0.8734, 0.8765, 0.8795, 0.8826, 0.8845, 0.8867, 0.8879, 0.8889, 0.8903, 0.8916, 0.893, 0.8941, 0.8953, 0.8966, 0.8984, 0.9001, 0.9012, 0.9022, 0.9029, 0.9044, 0.9062, 0.9062, 0.9073, 0.9081, 0.9091, 0.9099, 0.9107, 0.9114, 0.9119, 0.9133, 0.9137, 0.9148, 0.9152, 0.9163, 0.9172, 0.9175, 0.9182, 0.9188, 0.9197, 0.9209, 0.9219, 0.9228, 0.9233, 0.9239, 0.9252, 0.9258, 0.9262, 0.9264, 0.9272, 0.9278, 0.9288, 0.9295, 0.9301, 0.9306, 0.9312, 0.9318, 0.9324, 0.933, 0.9335, 0.9341, 0.9347, 0.9351, 0.9359, 0.9363, 0.9371, 0.9382, 0.9384, 0.9392, 0.9399, 0.9406, 0.9412, 0.9419, 0.9426, 0.9436, 0.944, 0.9449], "centralserverloss": [2.3026762573242188, 2.3015169635772703, 2.2557466091156004, 2.1739679862976073, 2.073109464263916, 1.9293921781539918, 1.7349842222213745, 1.5051737806320191, 1.2756369607925415, 1.0778778556823732, 0.9233425764083862, 0.8084534852981567, 0.725747585773468, 0.665351123046875, 0.6204521237373352, 0.585786473274231, 0.5568659337997437, 0.5326819893360137, 0.5114854266166687, 0.4931152560710907, 0.47699247460365296, 0.4619263093948364, 0.44857432126998903, 0.4364541416168213, 0.42533161454200746, 0.415105091714859, 0.40567099480628965, 0.39696429603099825, 0.38899123649597167, 0.3819435772418976, 0.37472135937213896, 0.36821833319664, 0.36202770869731904, 0.3564976817846298, 0.3509965301990509, 0.34553706159591674, 0.3406257954120636, 0.33613411931991577, 0.3312894782781601, 0.32667766499519346, 0.32243671107292177, 0.3183683025360107, 0.31431040625572204, 0.3103904518842697, 0.3067258366584778, 0.30299797303676607, 0.2995371616125107, 0.29581859595775606, 0.2924829057216644, 0.2891245606660843, 0.2859700702428818, 0.28300926718711855, 0.28016312546730043, 0.27702770023345946, 0.27402477231025696, 0.27098986020088195, 0.2680669956088066, 0.26546982997655866, 0.2627529205083847, 0.2600010735154152, 0.25740864619016646, 0.2548581945896149, 0.25223691762685774, 0.24968387804031372, 0.246985265147686, 0.24468138390779495, 0.24215412893295288, 0.23986135903596878, 0.23732298159599305, 0.23493793077468872, 0.23251501721143722, 0.2304150360226631, 0.22832467777729035, 0.22588289952278137, 0.2234810459256172, 0.22132064136266708, 0.21895732163190842, 0.21692120064496995, 0.21476097184419632, 0.21265701541900633, 0.21050652199983597, 0.2084487666964531, 0.20625459933280946, 0.20425046478509903, 0.2022540779232979, 0.2003205681681633, 0.19833427349328994, 0.1963652317762375, 0.19450870376825333, 0.192614795088768, 0.19074104255437851, 0.18905146517753602, 0.18727885196208954, 0.18558775280714035, 0.183899700152874, 0.1821879555106163, 0.180519560110569, 0.17900773870944978, 0.17723080307245254, 0.1756368549823761, 0.17405852334499358], "centralserverround": [0, 1, 2, 3, 4, 5, 6, 7, 8, 9, 10, 11, 12, 13, 14, 15, 16, 17, 18, 19, 20, 21, 22, 23, 24, 25, 26, 27, 28, 29, 30, 31, 32, 33, 34, 35, 36, 37, 38, 39, 40, 41, 42, 43, 44, 45, 46, 47, 48, 49, 50, 51, 52, 53, 54, 55, 56, 57, 58, 59, 60, 61, 62, 63, 64, 65, 66, 67, 68, 69, 70, 71, 72, 73, 74, 75, 76, 77, 78, 79, 80, 81, 82, 83, 84, 85, 86, 87, 88, 89, 90, 91, 92, 93, 94, 95, 96, 97, 98, 99, 100]}