{"centralservertimepast": [0, 3800, 7600, 11400, 15200, 19000, 22800, 26600, 30400, 34200, 38000, 41800, 45600, 49400, 53200, 57000, 60800, 64600, 68400, 72200, 76000, 79800, 83600, 87400, 91200, 95000, 98800, 102600, 106400, 110200, 114000, 117800, 121600, 125400, 129200, 133000, 136800, 140600, 144400, 148200, 152000, 155800, 159600, 163400, 167200, 171000, 174800, 178600, 182400, 186200, 190000, 193800, 197600, 201400, 205200, 209000, 212800, 216600, 220400, 224200, 228000, 231800, 235600, 239400, 243200, 247000, 250800, 254600, 258400, 262200, 266000, 269800, 273600, 277400, 281200, 285000, 288800, 292600, 296400, 300200, 304000, 307800, 311600, 315400, 319200, 323000, 326800, 330600, 334400, 338200, 342000, 345800, 349600, 353400, 357200, 361000, 364800, 368600, 372400, 376200, 380000], "centralserveraccuracy": [0.092, 0.101, 0.101, 0.101, 0.1624, 0.174, 0.2015, 0.2205, 0.2295, 0.2382, 0.2471, 0.2577, 0.2681, 0.283, 0.2962, 0.3077, 0.3206, 0.333, 0.3424, 0.3526, 0.3631, 0.3725, 0.38, 0.3885, 0.3987, 0.4064, 0.4122, 0.419, 0.4245, 0.4315, 0.4383, 0.4437, 0.4495, 0.4571, 0.462, 0.4673, 0.4739, 0.4798, 0.4844, 0.4897, 0.4951, 0.4988, 0.5028, 0.5063, 0.5112, 0.5146, 0.5196, 0.5225, 0.5239, 0.53, 0.5309, 0.5364, 0.5328, 0.5384, 0.5287, 0.5225, 0.486, 0.4435, 0.4, 0.3441, 0.351, 0.3079, 0.3273, 0.3283, 0.3795, 0.3283, 0.3654, 0.3313, 0.378, 0.3411, 0.3824, 0.3492, 0.3848, 0.3633, 0.3875, 0.3744, 0.3886, 0.3864, 0.3915, 0.3934, 0.394, 0.4016, 0.3965, 0.4092, 0.4, 0.4137, 0.4021, 0.4194, 0.4044, 0.4242, 0.4073, 0.4304, 0.4095, 0.4363, 0.4122, 0.4418, 0.4147, 0.4478, 0.4186, 0.4555, 0.4218], "centralserverloss": [2.3050148765563967, 2.3490442058563232, 2.37220683631897, 2.3048992488861084, 2.267951039123535, 2.2554318470001222, 2.24594601020813, 2.238315765380859, 2.231781985092163, 2.225724514389038, 2.2198779834747313, 2.2141267707824706, 2.20843030128479, 2.202760065460205, 2.1970960483551027, 2.191428174209595, 2.18575552444458, 2.180064710998535, 2.174358203125, 2.1686376514434813, 2.1628808372497557, 2.1570883167266848, 2.151265189361572, 2.145405417633057, 2.1395021896362305, 2.1335559429168702, 2.127566753768921, 2.1215327777862547, 2.115452087020874, 2.109322677230835, 2.1031437381744387, 2.096917618560791, 2.090639408874512, 2.0843033828735353, 2.0779094219207765, 2.0714494773864747, 2.064931676864624, 2.0583505432128906, 2.0517096988677976, 2.0449905599594116, 2.0382179372787474, 2.031342193031311, 2.024387261581421, 2.017246273803711, 2.0098838994979857, 2.0022694845199585, 1.9945237167358398, 1.9863974925994874, 1.9783955102920532, 1.9703230249404908, 1.962723217010498, 1.9546849746704102, 1.9474395008087158, 1.9392519355773925, 1.9331233381271362, 1.925642381286621, 1.9242574270248414, 1.923660304069519, 1.9421456270217896, 1.9783854749679566, 2.038880836868286, 2.1329314460754394, 2.1054559452056885, 2.136035182952881, 2.0928149105072023, 2.084102201461792, 2.0730672779083252, 2.0575232788085938, 2.0264273933410646, 2.010491135597229, 1.9872219434738159, 1.973991653442383, 1.953862328529358, 1.9432093687057495, 1.9241148851394654, 1.9145891426086425, 1.8977264106750489, 1.88968850440979, 1.874283819770813, 1.8670750644683838, 1.8527592929840089, 1.846101643371582, 1.8327422033309937, 1.8263975183486938, 1.8139129272460937, 1.8076583456039428, 1.7959669086456298, 1.7895025798797608, 1.7785521282196044, 1.771730708694458, 1.7616545177459717, 1.7541307773590087, 1.745066463470459, 1.7367092105865478, 1.7287498250961304, 1.719237815284729, 1.7127462886810303, 1.7019819538116454, 1.6969171140670776, 1.6842556303024292, 1.6810550657272338], "centralserverround": [0, 1, 2, 3, 4, 5, 6, 7, 8, 9, 10, 11, 12, 13, 14, 15, 16, 17, 18, 19, 20, 21, 22, 23, 24, 25, 26, 27, 28, 29, 30, 31, 32, 33, 34, 35, 36, 37, 38, 39, 40, 41, 42, 43, 44, 45, 46, 47, 48, 49, 50, 51, 52, 53, 54, 55, 56, 57, 58, 59, 60, 61, 62, 63, 64, 65, 66, 67, 68, 69, 70, 71, 72, 73, 74, 75, 76, 77, 78, 79, 80, 81, 82, 83, 84, 85, 86, 87, 88, 89, 90, 91, 92, 93, 94, 95, 96, 97, 98, 99, 100]}