{"centralservertimepast": [0, 6600, 10600, 15200, 19200, 23400, 28600, 32400, 36800, 41600, 46000, 50400, 54400, 59400, 63600, 67600, 72600, 76800, 80600, 85800, 89600, 94400, 98800, 103200, 106400, 111800, 115200, 120000, 124800, 129000, 133400, 137800, 142600, 146200, 151200, 155200, 159600, 163800, 169000, 172800, 177600, 182000, 185600, 190400, 195000, 198400, 203200, 208000, 212400, 216200, 220800, 225400, 230400, 234000, 239200, 243200, 248000, 252000, 257400, 260000, 265200, 268800, 273600, 278200, 283200, 286400, 291200, 296400, 299200, 304000, 308800, 313200, 317400, 322000, 326600, 330400, 335400, 339200, 344000, 348800, 352800, 356800, 361400, 364800, 369800, 374400, 379200, 382800, 387400, 392200, 396000, 401600, 404800, 409600, 414000, 418600, 422400, 427200, 432000, 435600, 440800], "centralserveraccuracy": [0.1191, 0.1327, 0.2248, 0.4495, 0.5252, 0.5669, 0.6022, 0.6317, 0.6635, 0.7001, 0.7194, 0.7418, 0.7552, 0.7731, 0.7805, 0.7935, 0.8044, 0.8103, 0.8162, 0.823, 0.8282, 0.8333, 0.8375, 0.8402, 0.8441, 0.8502, 0.854, 0.8557, 0.8596, 0.8625, 0.8647, 0.8665, 0.8686, 0.8721, 0.8752, 0.8764, 0.8782, 0.8796, 0.8815, 0.8832, 0.8836, 0.8862, 0.8869, 0.8884, 0.8907, 0.8918, 0.8931, 0.8942, 0.896, 0.8968, 0.8976, 0.8987, 0.8993, 0.9015, 0.9028, 0.902, 0.9019, 0.9041, 0.9046, 0.9059, 0.906, 0.9057, 0.9067, 0.9087, 0.9066, 0.909, 0.9093, 0.9109, 0.9116, 0.9116, 0.9132, 0.914, 0.9147, 0.9146, 0.9153, 0.9156, 0.9167, 0.9166, 0.9174, 0.9179, 0.919, 0.9196, 0.9199, 0.92, 0.9206, 0.9199, 0.9203, 0.9214, 0.9218, 0.9219, 0.9227, 0.9221, 0.9236, 0.9236, 0.9242, 0.9243, 0.9247, 0.925, 0.9259, 0.9257, 0.9254], "centralserverloss": [2.3048230407714843, 2.2384234420776368, 2.1969997562408445, 2.112801469039917, 2.0082365112304688, 1.906421276473999, 1.7299423990249634, 1.5767847396850585, 1.392794766998291, 1.2153526874542235, 1.1059943826675416, 0.9640935482025147, 0.8853782675743103, 0.7936860216140748, 0.752700367641449, 0.6914824614524842, 0.6403656378746033, 0.6150759640693665, 0.5956431625843048, 0.5683946142196655, 0.5520612150192261, 0.5325088659286499, 0.5196943411827087, 0.5036934938907623, 0.49120230007171634, 0.4727091737270355, 0.46520560321807863, 0.4548582715511322, 0.4447180408000946, 0.4374879346370697, 0.4272786959171295, 0.4202308762550354, 0.4148656212329864, 0.4066647227287292, 0.3973477293014526, 0.3933868921279907, 0.38732395129203795, 0.3817247756481171, 0.37600248351097104, 0.371891113615036, 0.36835518703460696, 0.36275559940338137, 0.3598013952255249, 0.3552332158088684, 0.34968092217445373, 0.34665187153816224, 0.3435875163078308, 0.3401934677600861, 0.335115168094635, 0.3319402527332306, 0.32919003500938415, 0.325198556804657, 0.3240088998794556, 0.31978723406791687, 0.31738433609008787, 0.31657327609062197, 0.3142780080318451, 0.30956269087791444, 0.30661442012786866, 0.30405552887916565, 0.30138803992271423, 0.3003503575325012, 0.29835767776966093, 0.29458057355880735, 0.2980299545288086, 0.29163284726142885, 0.29049883329868315, 0.28700012567043304, 0.28394299552440644, 0.28303803684711454, 0.27990775241851806, 0.2777796219110489, 0.27604884123802187, 0.27554037585258484, 0.27223135204315185, 0.26949310493469236, 0.2676850708961487, 0.26659825873374937, 0.2646891447544098, 0.26284641666412356, 0.2613147473692894, 0.2588721597552299, 0.2573091201543808, 0.25609248527288436, 0.25424005600214006, 0.25485627734661104, 0.2527543474316597, 0.24997247357368468, 0.24893058874607085, 0.24857429490089417, 0.24576070816516876, 0.24620406354665755, 0.24295834426879884, 0.2422955151796341, 0.24083233758211137, 0.23953560981750488, 0.2377840717792511, 0.23773745855093004, 0.23631605406999587, 0.23403204753398896, 0.23366710122227669], "centralserverround": [0, 1, 2, 3, 4, 5, 6, 7, 8, 9, 10, 11, 12, 13, 14, 15, 16, 17, 18, 19, 20, 21, 22, 23, 24, 25, 26, 27, 28, 29, 30, 31, 32, 33, 34, 35, 36, 37, 38, 39, 40, 41, 42, 43, 44, 45, 46, 47, 48, 49, 50, 51, 52, 53, 54, 55, 56, 57, 58, 59, 60, 61, 62, 63, 64, 65, 66, 67, 68, 69, 70, 71, 72, 73, 74, 75, 76, 77, 78, 79, 80, 81, 82, 83, 84, 85, 86, 87, 88, 89, 90, 91, 92, 93, 94, 95, 96, 97, 98, 99, 100], "clustertimepast": [[], [], [], [], [], [], [], [], [], []], "clusteraccuracy": [[], [], [], [], [], [], [], [], [], []], "clusterloss": [[], [], [], [], [], [], [], [], [], []], "clusterround": [[], [], [], [], [], [], [], [], [], []]}