{"centralservertimepast": [0, 3700, 7400, 11100, 14800, 18500, 22200, 25900, 29600, 33300, 37000, 40700, 44400, 48100, 51800, 55500, 59200, 62900, 66600, 70300, 74000, 77700, 81400, 85100, 88800, 92500, 96200, 99900, 103600, 107300, 111000, 114700, 118400, 122100, 125800, 129500, 133200, 136900, 140600, 144300, 148000, 151700, 155400, 159100, 162800, 166500, 170200, 173900, 177600, 181300, 185000], "centralserveraccuracy": [0.0886, 0.3471, 0.3826, 0.4127, 0.4398, 0.4626, 0.484, 0.5023, 0.5152, 0.5283, 0.5421, 0.5519, 0.5627, 0.5729, 0.5851, 0.5932, 0.5988, 0.6047, 0.6106, 0.6151, 0.6182, 0.6195, 0.6227, 0.6257, 0.628, 0.6299, 0.6335, 0.6339, 0.6366, 0.6381, 0.639, 0.6406, 0.6419, 0.6421, 0.6434, 0.6435, 0.6451, 0.6466, 0.647, 0.6472, 0.6482, 0.648, 0.6485, 0.6491, 0.6496, 0.6508, 0.6499, 0.6511, 0.6524, 0.6523, 0.6522], "centralserverloss": [2.3058451583862305, 1.913152523803711, 1.7855537115097047, 1.6864935733795166, 1.6014423990249633, 1.5288600925445557, 1.4681236436843872, 1.4172538478851318, 1.374345660018921, 1.3368704595565797, 1.3031739023208617, 1.2730146404266358, 1.246507301902771, 1.224389077949524, 1.2065025849342346, 1.19398543548584, 1.1859213269233704, 1.182111040687561, 1.182633347415924, 1.186630626296997, 1.1931378513336182, 1.2031673629760742, 1.2145714248657227, 1.2266640604019166, 1.239153820991516, 1.2513456707000732, 1.2624262491226197, 1.2726615301132203, 1.2837332111358644, 1.2931008251190186, 1.3004618865966797, 1.3092101539611816, 1.3188856904983521, 1.3255387914657593, 1.3339443935394286, 1.3404993640899658, 1.3476771715164184, 1.354820619392395, 1.3619259786605835, 1.371713084411621, 1.375013440322876, 1.3827530704498292, 1.3897731492996215, 1.3997708906173707, 1.4052190708160401, 1.408746946144104, 1.4182929622650147, 1.4218023923873901, 1.4349333600997924, 1.4393063598632811, 1.4493634698867799], "centralserverround": [0, 1, 2, 3, 4, 5, 6, 7, 8, 9, 10, 11, 12, 13, 14, 15, 16, 17, 18, 19, 20, 21, 22, 23, 24, 25, 26, 27, 28, 29, 30, 31, 32, 33, 34, 35, 36, 37, 38, 39, 40, 41, 42, 43, 44, 45, 46, 47, 48, 49, 50], "clustertimepast": [[], [], [], [], []], "clusteraccuracy": [[], [], [], [], []], "clusterloss": [[], [], [], [], []], "clusterround": [[], [], [], [], []]}