{"centralservertimepast": [0, 5800, 11600, 17400, 23200, 29000, 34800, 40600, 46400, 52200, 58000, 63800, 69600, 75400, 81200, 87000, 92800, 98600, 104400, 110200, 116000, 121800, 127600, 133400, 139200, 145000, 150800, 156600, 162400, 168200, 174000, 179800, 185600, 191400, 197200, 203000, 208800, 214600, 220400, 226200, 232000, 237800, 243600, 249400, 255200, 261000, 266800, 272600, 278400, 284200, 290000, 295800, 301600, 307400, 313200, 319000, 324800, 330600, 336400, 342200, 348000, 353800, 359600, 365400, 371200, 377000, 382800, 388600, 394400, 400200, 406000, 411800, 417600, 423400, 429200, 435000, 440800, 446600, 452400, 458200, 464000, 469800, 475600, 481400, 487200, 493000, 498800, 504600, 510400, 516200, 522000, 527800, 533600, 539400, 545200, 551000, 556800, 562600, 568400, 574200, 580000], "centralserveraccuracy": [0.092, 0.1073, 0.2914, 0.4568, 0.5716, 0.6657, 0.7377, 0.7819, 0.8105, 0.8256, 0.8362, 0.8448, 0.8509, 0.8566, 0.8614, 0.8657, 0.8686, 0.8715, 0.8753, 0.8776, 0.8792, 0.8811, 0.8819, 0.8824, 0.8838, 0.8865, 0.888, 0.8899, 0.8912, 0.892, 0.8931, 0.8939, 0.8954, 0.8961, 0.8962, 0.8968, 0.8978, 0.8983, 0.8991, 0.9002, 0.9005, 0.9017, 0.9025, 0.9026, 0.9031, 0.9035, 0.9038, 0.9043, 0.9046, 0.9051, 0.9053, 0.906, 0.9063, 0.9067, 0.9074, 0.9076, 0.9078, 0.908, 0.9083, 0.9089, 0.909, 0.9092, 0.9099, 0.9103, 0.9109, 0.911, 0.9112, 0.9114, 0.9117, 0.9118, 0.912, 0.912, 0.912, 0.9119, 0.9119, 0.9122, 0.9123, 0.9127, 0.9126, 0.9129, 0.9129, 0.9129, 0.9128, 0.9129, 0.9127, 0.9131, 0.9132, 0.9134, 0.9134, 0.9135, 0.913, 0.9136, 0.9137, 0.9138, 0.9136, 0.9137, 0.9138, 0.9139, 0.914, 0.9143, 0.9144], "centralserverloss": [2.3050148765563967, 2.272986776351929, 2.158929531097412, 1.9318073341369628, 1.5685996284484864, 1.1741597887039184, 0.8769908369064331, 0.6980727025032043, 0.5982677470207214, 0.5398597466468811, 0.5026466752052308, 0.4764014270305634, 0.45849951043128967, 0.4450726897716522, 0.43457539501190184, 0.4256655835866928, 0.4186268938064575, 0.41204373066425326, 0.40472454879283903, 0.3998621738910675, 0.39536487195491793, 0.3915221909761429, 0.3888281002521515, 0.3862211594104767, 0.3836965950489044, 0.38103566312789916, 0.3791899206638336, 0.37780684797763825, 0.37627605192661284, 0.37457876677513124, 0.37339599413871766, 0.3719507876873016, 0.37122324135303497, 0.37054612638950346, 0.3699419327974319, 0.3694747229337692, 0.36893566172122955, 0.36856051944494245, 0.3679937539696693, 0.36757097634077074, 0.3671644108533859, 0.3666509434938431, 0.36624890385866166, 0.36590435885190964, 0.36560221837759016, 0.3654826375365257, 0.3652225472331047, 0.36519853456020357, 0.36504211102724077, 0.36515387086868284, 0.36528072043061255, 0.3652011661112308, 0.3651339882552624, 0.36497498465180395, 0.3647476560950279, 0.3644782405078411, 0.3645873440563679, 0.36449569522738456, 0.3645229665577412, 0.36459502279758454, 0.3645295258283615, 0.36450346348881724, 0.3644671794116497, 0.3644877502977848, 0.3646228240609169, 0.3647016858458519, 0.36484264045357706, 0.36474642356038095, 0.36488436247706413, 0.36495902767777444, 0.36517026780247686, 0.3653379794090986, 0.3655064216196537, 0.36550558723509313, 0.365739567181468, 0.3658951787620783, 0.36616254361867906, 0.36635393745899203, 0.36661347239613534, 0.3668590327709913, 0.36711094870567323, 0.3673430099517107, 0.36769226397573945, 0.3679221988707781, 0.3682472666501999, 0.36860066055357454, 0.36891949743330477, 0.3691096884131432, 0.3693418488174677, 0.3694766564413905, 0.3696019501596689, 0.3697527957037091, 0.3700418096631765, 0.3701472374737263, 0.3703814644783735, 0.3704672074213624, 0.37066433898359535, 0.37089928960353136, 0.37108472869098186, 0.3713145036146045, 0.37164255494624376], "centralserverround": [0, 1, 2, 3, 4, 5, 6, 7, 8, 9, 10, 11, 12, 13, 14, 15, 16, 17, 18, 19, 20, 21, 22, 23, 24, 25, 26, 27, 28, 29, 30, 31, 32, 33, 34, 35, 36, 37, 38, 39, 40, 41, 42, 43, 44, 45, 46, 47, 48, 49, 50, 51, 52, 53, 54, 55, 56, 57, 58, 59, 60, 61, 62, 63, 64, 65, 66, 67, 68, 69, 70, 71, 72, 73, 74, 75, 76, 77, 78, 79, 80, 81, 82, 83, 84, 85, 86, 87, 88, 89, 90, 91, 92, 93, 94, 95, 96, 97, 98, 99, 100]}