{"centralservertimepast": [0, 19700, 40600, 60300, 80000, 100900, 121800, 142700, 163600, 184500, 205400, 226300, 247200, 268100, 289000, 309900, 329600, 348400, 369300, 389000, 408700, 428400, 449300, 464200, 483900, 502700, 522400, 543300, 559100, 572800, 592500, 613400, 633100, 651900, 672800, 691600, 711300, 732200, 753100, 772800, 787700, 807400, 827100, 846800, 862600, 881400, 902300, 923200, 942900, 961700, 982600, 1003500, 1024400, 1045300, 1058400, 1077200, 1096900, 1115700, 1135400, 1154200, 1173900, 1193600, 1212400, 1222500, 1243400, 1262200, 1281900, 1302800, 1323700, 1344600, 1363400, 1383100, 1401900, 1422800, 1443700, 1464600, 1484300, 1505200, 1526100, 1547000, 1566700, 1582500, 1602200, 1621000, 1636800, 1656500, 1672300, 1692000, 1711700, 1731400, 1752300, 1772000, 1791700, 1812600, 1831400, 1852300, 1873200, 1894100, 1909000, 1929900, 1950800], "centralserveraccuracy": [0.1071, 0.1148, 0.1136, 0.177, 0.2002, 0.2377, 0.2821, 0.2336, 0.2178, 0.2305, 0.2573, 0.2481, 0.2665, 0.2996, 0.3122, 0.2796, 0.3048, 0.3085, 0.3355, 0.3124, 0.34, 0.3549, 0.3551, 0.3671, 0.3731, 0.3504, 0.3403, 0.3708, 0.3675, 0.3886, 0.3935, 0.3484, 0.3743, 0.3984, 0.3622, 0.3818, 0.4002, 0.3759, 0.3717, 0.422, 0.4109, 0.4216, 0.4238, 0.4288, 0.4311, 0.4265, 0.4202, 0.4372, 0.4321, 0.4295, 0.4307, 0.4209, 0.4132, 0.4509, 0.447, 0.4616, 0.4593, 0.465, 0.4385, 0.454, 0.4587, 0.4651, 0.4713, 0.473, 0.4654, 0.4722, 0.4533, 0.4761, 0.4746, 0.4882, 0.4816, 0.472, 0.4797, 0.4658, 0.4841, 0.5029, 0.487, 0.4802, 0.4981, 0.4959, 0.4826, 0.4825, 0.5005, 0.5001, 0.513, 0.4979, 0.5199, 0.4979, 0.5068, 0.5134, 0.5062, 0.4882, 0.4848, 0.5237, 0.5152, 0.5062, 0.5223, 0.5092, 0.5143, 0.5222, 0.5295], "centralserverloss": [2.3029693840026857, 2.311049387359619, 2.263279243850708, 2.1945268299102785, 2.2014073204040527, 2.134856162261963, 2.0646154357910156, 2.099214133453369, 2.10053041305542, 2.090109258270264, 2.0304099102020263, 2.0343880979537965, 1.9995511669158936, 1.9449354970932007, 1.9065794010162354, 2.01331311378479, 1.9067458339691161, 1.8776837867736818, 1.860646493911743, 1.8777648378372191, 1.843988586807251, 1.8116212762832642, 1.8002502809524537, 1.7738371417999268, 1.7559809196472167, 1.8039125534057616, 1.8437447746276856, 1.7515771694183349, 1.7364515211105347, 1.7312877574920655, 1.7085180849075317, 1.808236465072632, 1.719996679878235, 1.6958128862380981, 1.8055186220169068, 1.7002385276794434, 1.6825902811050415, 1.736340086555481, 1.765999055480957, 1.6366010465621947, 1.6357711051940917, 1.6147348031997681, 1.6206944355010986, 1.6304403051376344, 1.5893672445297242, 1.5969817211151123, 1.5920104539871216, 1.5806457265853882, 1.5813842361450194, 1.5763687236785888, 1.5978122129440309, 1.6009035430908203, 1.6298312387466432, 1.543817589187622, 1.5350416585922242, 1.502191053199768, 1.5043659797668456, 1.489623849105835, 1.54503313331604, 1.5233506048202514, 1.513922096824646, 1.4905429357528686, 1.4757093257904053, 1.4636618295669557, 1.5033953275680543, 1.4531434307098388, 1.5040289003372191, 1.4562829517364502, 1.4580526748657228, 1.438102560043335, 1.4371339576721192, 1.466584200668335, 1.4314722841262817, 1.479744629096985, 1.436571738433838, 1.3963910755157471, 1.4243805238723755, 1.4461579595565797, 1.401243122291565, 1.4159113235473633, 1.4679437099456787, 1.441874271774292, 1.4080614519119263, 1.3995209127426147, 1.360552268218994, 1.399084793281555, 1.3493570043563843, 1.3975900310516358, 1.3846755542755127, 1.361106439971924, 1.3790488557815552, 1.4160898002624511, 1.4209392147064208, 1.3380002422332764, 1.3485246086120606, 1.3685412073135377, 1.3739819389343262, 1.3714571674346925, 1.352790742111206, 1.3378854068756103, 1.3271657482147217], "centralserverround": [0, 1, 2, 3, 4, 5, 6, 7, 8, 9, 10, 11, 12, 13, 14, 15, 16, 17, 18, 19, 20, 21, 22, 23, 24, 25, 26, 27, 28, 29, 30, 31, 32, 33, 34, 35, 36, 37, 38, 39, 40, 41, 42, 43, 44, 45, 46, 47, 48, 49, 50, 51, 52, 53, 54, 55, 56, 57, 58, 59, 60, 61, 62, 63, 64, 65, 66, 67, 68, 69, 70, 71, 72, 73, 74, 75, 76, 77, 78, 79, 80, 81, 82, 83, 84, 85, 86, 87, 88, 89, 90, 91, 92, 93, 94, 95, 96, 97, 98, 99, 100]}