{"centralservertimepast": [0, 2080, 4160, 6240, 8320, 10400, 12480, 14560, 16640, 18720, 20800, 22880, 24960, 27040, 29120, 31200, 33280, 35360, 37440, 39520, 41600, 43680, 45760, 47840, 49920, 52000, 54080, 56160, 58240, 60320, 62400, 64480, 66560, 68640, 70720, 72800, 74880, 76960, 79040, 81120, 83200, 85280, 87360, 89440, 91520, 93600, 95680, 97760, 99840, 101920, 104000, 106080, 108160, 110240, 112320, 114400, 116480, 118560, 120640, 122720, 124800, 126880, 128960, 131040, 133120, 135200, 137280, 139360, 141440, 143520, 145600, 147680, 149760, 151840, 153920, 156000, 158080, 160160, 162240, 164320, 166400, 168480, 170560, 172640, 174720, 176800, 178880, 180960, 183040, 185120, 187200, 189280, 191360, 193440, 195520, 197600, 199680, 201760, 203840, 205920, 208000], "centralserveraccuracy": [0.0837, 0.1002, 0.1019, 0.1212, 0.1387, 0.1484, 0.1563, 0.1631, 0.1675, 0.1742, 0.1811, 0.1856, 0.1905, 0.1971, 0.2009, 0.2032, 0.2061, 0.2074, 0.2104, 0.2135, 0.217, 0.2197, 0.2216, 0.2242, 0.227, 0.2297, 0.2308, 0.2336, 0.2363, 0.2395, 0.2421, 0.2453, 0.2487, 0.2502, 0.2523, 0.2544, 0.2567, 0.2601, 0.2624, 0.2641, 0.2654, 0.2646, 0.2653, 0.2667, 0.2677, 0.2704, 0.2732, 0.2753, 0.2762, 0.2793, 0.2791, 0.2816, 0.2817, 0.2869, 0.2866, 0.2888, 0.2881, 0.2904, 0.2907, 0.292, 0.2921, 0.2923, 0.2924, 0.294, 0.2933, 0.2948, 0.296, 0.2954, 0.2953, 0.2969, 0.2957, 0.2989, 0.2974, 0.2984, 0.2974, 0.2985, 0.2965, 0.2988, 0.2964, 0.2968, 0.2973, 0.295, 0.2973, 0.2926, 0.2961, 0.2919, 0.2951, 0.2884, 0.292, 0.2852, 0.2932, 0.2799, 0.2965, 0.2685, 0.2828, 0.2792, 0.2954, 0.284, 0.2782, 0.2915, 0.2993], "centralserverloss": [2.303652021408081, 2.301568497848511, 2.2979596000671387, 2.291501152420044, 2.2831167781829835, 2.2752773025512694, 2.2679578971862795, 2.2611879444122316, 2.254690601348877, 2.248510404205322, 2.2425797660827635, 2.2367513465881346, 2.231037240600586, 2.2252322444915773, 2.219459614944458, 2.2136287288665772, 2.207891178894043, 2.202103189468384, 2.196336297607422, 2.1904255123138427, 2.1844122024536134, 2.178229893875122, 2.172088458633423, 2.1659523765563966, 2.159861930465698, 2.153705824661255, 2.147491666030884, 2.141372423171997, 2.135158405303955, 2.1289977462768555, 2.122902149963379, 2.1167978492736816, 2.110880097961426, 2.1050066093444824, 2.0989024353027346, 2.0932361186981203, 2.08772087059021, 2.0816147090911867, 2.076784418296814, 2.071384772491455, 2.066533095550537, 2.0610687831878662, 2.056535961341858, 2.051856813240051, 2.0479087310791018, 2.043269536590576, 2.039600466156006, 2.0349972751617433, 2.03173200302124, 2.0274531856536866, 2.024799600982666, 2.021001480102539, 2.0188242488861086, 2.0152022773742675, 2.012946367454529, 2.0104503593444822, 2.0084437490463256, 2.0063293994903564, 2.0047319301605224, 2.002388953781128, 2.001554695892334, 2.000173808288574, 1.9989866119384765, 1.9979198055267333, 1.997331621170044, 1.9965122232437134, 1.9960649974822997, 1.9953811262130738, 1.9953766832351685, 1.9951134649276734, 1.9961666484832763, 1.995226605796814, 1.9968912322998047, 1.9963088165283203, 1.9991891483306885, 1.9979394218444824, 2.0022172958374025, 2.0008818782806395, 2.005495969009399, 2.005585152053833, 2.0101156480789184, 2.0127725273132326, 2.015181519317627, 2.019764914703369, 2.0214754934310912, 2.0280399295806886, 2.0318728734970093, 2.041724513244629, 2.0487466356277464, 2.062155947113037, 2.0588958057403564, 2.0769760364532472, 2.0679116235733033, 2.1243164936065675, 2.108864185142517, 2.096377285003662, 2.0955312187194823, 2.097803942871094, 2.1245202964782717, 2.0925667224884035, 2.0978491065979004], "centralserverround": [0, 1, 2, 3, 4, 5, 6, 7, 8, 9, 10, 11, 12, 13, 14, 15, 16, 17, 18, 19, 20, 21, 22, 23, 24, 25, 26, 27, 28, 29, 30, 31, 32, 33, 34, 35, 36, 37, 38, 39, 40, 41, 42, 43, 44, 45, 46, 47, 48, 49, 50, 51, 52, 53, 54, 55, 56, 57, 58, 59, 60, 61, 62, 63, 64, 65, 66, 67, 68, 69, 70, 71, 72, 73, 74, 75, 76, 77, 78, 79, 80, 81, 82, 83, 84, 85, 86, 87, 88, 89, 90, 91, 92, 93, 94, 95, 96, 97, 98, 99, 100]}