{"centralservertimepast": [0, 3200, 6400, 9600, 12800, 16000, 19200, 22400, 25600, 28800, 32000, 35200, 38400, 41600, 44800, 48000, 51200, 54400, 57600, 60800, 64000, 67200, 70400, 73600, 76800, 80000, 83200, 86400, 89600, 92800, 96000, 99200, 102400, 105600, 108800, 112000, 115200, 118400, 121600, 124800, 128000, 131200, 134400, 137600, 140800, 144000, 147200, 150400, 153600, 156800, 160000, 163200, 166400, 169600, 172800, 176000, 179200, 182400, 185600, 188800, 192000, 195200, 198400, 201600, 204800, 208000, 211200, 214400, 217600, 220800, 224000, 227200, 230400, 233600, 236800, 240000, 243200, 246400, 249600, 252800, 256000, 259200, 262400, 265600, 268800, 272000, 275200, 278400, 281600, 284800, 288000, 291200, 294400, 297600, 300800, 304000, 307200, 310400, 313600, 316800, 320000], "centralserveraccuracy": [0.0837, 0.158, 0.1358, 0.1538, 0.1686, 0.1733, 0.1759, 0.1749, 0.1752, 0.1777, 0.1813, 0.1883, 0.1924, 0.1972, 0.2009, 0.2019, 0.2031, 0.2048, 0.2054, 0.2049, 0.205, 0.2063, 0.2056, 0.2056, 0.2046, 0.2062, 0.2068, 0.207, 0.2095, 0.2103, 0.2117, 0.2143, 0.2167, 0.2177, 0.2191, 0.2194, 0.2207, 0.2208, 0.2215, 0.2231, 0.2194, 0.2222, 0.2178, 0.2217, 0.2197, 0.2225, 0.2208, 0.2224, 0.2227, 0.2222, 0.2202, 0.2169, 0.2194, 0.2074, 0.2102, 0.1982, 0.1967, 0.1897, 0.1897, 0.1909, 0.1952, 0.1859, 0.1965, 0.1936, 0.2013, 0.1897, 0.2003, 0.1903, 0.1988, 0.1825, 0.1964, 0.1762, 0.1999, 0.1755, 0.1979, 0.1781, 0.1922, 0.1848, 0.1949, 0.1788, 0.1841, 0.1857, 0.1827, 0.1855, 0.1899, 0.177, 0.1896, 0.1866, 0.1863, 0.1905, 0.1863, 0.2048, 0.1932, 0.2134, 0.1932, 0.2098, 0.199, 0.206, 0.2015, 0.2281, 0.2085], "centralserverloss": [2.303652021408081, 2.3084553825378418, 2.3107582721710207, 2.3025054641723632, 2.2917999225616454, 2.2829141372680666, 2.275548876953125, 2.2691769805908204, 2.2633286003112794, 2.2575859783172607, 2.252076844406128, 2.2467645347595213, 2.241625576400757, 2.236720307922363, 2.232239386367798, 2.227587413787842, 2.2229412525177, 2.2185264781951903, 2.214146979141235, 2.210138461303711, 2.2068686996459963, 2.202952774810791, 2.1997895359039306, 2.1970610385894775, 2.1945072971343995, 2.1929268215179443, 2.1905415615081787, 2.1893672470092773, 2.1876904640197754, 2.1867702953338624, 2.184921369934082, 2.184915512084961, 2.1837286922454835, 2.1843823509216307, 2.184168507385254, 2.1875169288635252, 2.1882073051452635, 2.1900272041320803, 2.191209962272644, 2.1946873430252074, 2.1945293769836427, 2.199863383293152, 2.1979035600662233, 2.2055882341384887, 2.202129593849182, 2.210840128707886, 2.2061575681686403, 2.219075490951538, 2.2114615423202513, 2.2310998247146605, 2.2186004104614256, 2.249031866455078, 2.2360718376159667, 2.2859671886444093, 2.271811548995972, 2.3449653593063355, 2.3309882553100585, 2.407164745903015, 2.374550270843506, 2.4299091470718386, 2.3905861976623535, 2.4755172012329103, 2.420196044921875, 2.472809578704834, 2.424923994064331, 2.5064432514190673, 2.4239513603210447, 2.510985866165161, 2.43534225769043, 2.561086624908447, 2.477369179534912, 2.5504379653930664, 2.42381375579834, 2.532396142196655, 2.5205137172698975, 2.5501238330841063, 2.500904021835327, 2.495057181930542, 2.5566228622436524, 2.579194563293457, 2.618009712219238, 2.5342189632415772, 2.6471477809906006, 2.56064588432312, 2.648803855133057, 2.5102226902008056, 2.6761135066986084, 2.5474798908233645, 2.7500403633117676, 2.5790911655426028, 2.706619592666626, 2.5808466312408447, 2.7018231945037843, 2.675186291885376, 2.793126142501831, 2.7664385284423827, 2.7804426097869874, 2.760545459365845, 2.734971308517456, 2.7269825870513915, 2.6992811962127687], "centralserverround": [0, 1, 2, 3, 4, 5, 6, 7, 8, 9, 10, 11, 12, 13, 14, 15, 16, 17, 18, 19, 20, 21, 22, 23, 24, 25, 26, 27, 28, 29, 30, 31, 32, 33, 34, 35, 36, 37, 38, 39, 40, 41, 42, 43, 44, 45, 46, 47, 48, 49, 50, 51, 52, 53, 54, 55, 56, 57, 58, 59, 60, 61, 62, 63, 64, 65, 66, 67, 68, 69, 70, 71, 72, 73, 74, 75, 76, 77, 78, 79, 80, 81, 82, 83, 84, 85, 86, 87, 88, 89, 90, 91, 92, 93, 94, 95, 96, 97, 98, 99, 100]}