{"centralservertimepast": [0, 22600, 45200, 67800, 90400, 113000, 135600, 158200, 180800, 203400, 226000, 248600, 271200, 293800, 316400, 339000, 361600, 384200, 406800, 429400, 452000, 474600, 497200, 519800, 542400, 565000, 587600, 610200, 632800, 655400, 678000, 700600, 723200, 745800, 768400, 791000, 813600, 836200, 858800, 881400, 904000, 926600, 949200, 971800, 994400, 1017000, 1039600, 1062200, 1084800, 1107400, 1130000, 1152600, 1175200, 1197800, 1220400, 1243000, 1265600, 1288200, 1310800, 1333400, 1356000, 1378600, 1401200, 1423800, 1446400, 1469000, 1491600, 1514200, 1536800, 1559400, 1582000, 1604600, 1627200, 1649800, 1672400, 1695000, 1717600, 1740200, 1762800, 1785400, 1808000, 1830600, 1853200, 1875800, 1898400, 1921000, 1943600, 1966200, 1988800, 2011400, 2034000, 2056600, 2079200, 2101800, 2124400, 2147000, 2169600, 2192200, 2214800, 2237400, 2260000], "centralserveraccuracy": [0.092, 0.4973, 0.7896, 0.8439, 0.8605, 0.8699, 0.8745, 0.8808, 0.8852, 0.8869, 0.8898, 0.8937, 0.895, 0.8965, 0.8977, 0.8995, 0.9004, 0.901, 0.9021, 0.9032, 0.9038, 0.9036, 0.9043, 0.9053, 0.9067, 0.9072, 0.908, 0.9091, 0.9096, 0.9103, 0.911, 0.9114, 0.9124, 0.9125, 0.9125, 0.9132, 0.9138, 0.9139, 0.9138, 0.9139, 0.9141, 0.9147, 0.9148, 0.9147, 0.9152, 0.9153, 0.9151, 0.9152, 0.9152, 0.9155, 0.9157, 0.9162, 0.9164, 0.9166, 0.9167, 0.9165, 0.916, 0.9165, 0.9166, 0.9166, 0.9171, 0.917, 0.917, 0.9176, 0.9177, 0.9175, 0.9175, 0.9175, 0.9177, 0.9182, 0.918, 0.9178, 0.9179, 0.918, 0.918, 0.9182, 0.9184, 0.9185, 0.9179, 0.918, 0.9183, 0.9184, 0.9184, 0.9187, 0.9188, 0.919, 0.9189, 0.9191, 0.919, 0.9191, 0.9194, 0.9199, 0.9201, 0.9202, 0.9203, 0.9205, 0.9207, 0.9211, 0.9213, 0.9215, 0.9216], "centralserverloss": [2.3050148765563967, 1.993272514152527, 0.7022271412849427, 0.4840657281637192, 0.4494516073703766, 0.4381790632486343, 0.4363758662223816, 0.4295594171762466, 0.4260240312337875, 0.4253677092552185, 0.4254170175790787, 0.42352760322093963, 0.4222693929195404, 0.42099209377765656, 0.4198738031625748, 0.41787986431121826, 0.41706170842647555, 0.4171591987013817, 0.4163744639992714, 0.41460040608644483, 0.41416805986166, 0.41391713787317275, 0.41340368820428847, 0.4127422108054161, 0.4119801921248436, 0.4116572661161423, 0.4112764911532402, 0.41074127015471457, 0.4102305299460888, 0.40994087076187136, 0.40957710736095904, 0.4103454308748245, 0.41057543090581894, 0.41047105804681777, 0.41064932235479357, 0.41079766777455806, 0.4109817640453577, 0.4109808132231236, 0.4110852499753237, 0.41100915203094485, 0.41124148222506046, 0.4115194643855095, 0.41193901329934596, 0.4127289118349552, 0.4132691226527095, 0.41388481574058533, 0.41441675880253315, 0.41506012447178364, 0.41556793165504935, 0.41593502598851917, 0.41677805432230236, 0.41682846908420323, 0.4172279151573777, 0.4180223849147558, 0.4183827361151576, 0.41699184701293707, 0.41592674167752264, 0.4158318155094981, 0.41546686334759, 0.4150128222934902, 0.4149756144598126, 0.4146377283580601, 0.4142728731840849, 0.41399056424573066, 0.41429182511530815, 0.41420051953047515, 0.41393599189929664, 0.4138747491244227, 0.41428908733390274, 0.41365007307864726, 0.4135699341017753, 0.4133335273381323, 0.4131957022674382, 0.41317828523814676, 0.4130335065400228, 0.4134209921155125, 0.4136432226322591, 0.41381240697912874, 0.4140279768709093, 0.41430603156350554, 0.4143721658712253, 0.41445653924569487, 0.41460060030817986, 0.41495989411324263, 0.4153669319011271, 0.4157047829322517, 0.4160019703205675, 0.41657462791595606, 0.4169163746803999, 0.4171958124050871, 0.41775644458681344, 0.4181962420171127, 0.4184778131053783, 0.41869330891864376, 0.4189378682418726, 0.41930337395109235, 0.4196436046355404, 0.4198378600303084, 0.42000228462219236, 0.42023057225421073, 0.42045902460385115], "centralserverround": [0, 1, 2, 3, 4, 5, 6, 7, 8, 9, 10, 11, 12, 13, 14, 15, 16, 17, 18, 19, 20, 21, 22, 23, 24, 25, 26, 27, 28, 29, 30, 31, 32, 33, 34, 35, 36, 37, 38, 39, 40, 41, 42, 43, 44, 45, 46, 47, 48, 49, 50, 51, 52, 53, 54, 55, 56, 57, 58, 59, 60, 61, 62, 63, 64, 65, 66, 67, 68, 69, 70, 71, 72, 73, 74, 75, 76, 77, 78, 79, 80, 81, 82, 83, 84, 85, 86, 87, 88, 89, 90, 91, 92, 93, 94, 95, 96, 97, 98, 99, 100]}