{"centralservertimepast": [0, 20900, 41800, 62700, 83600, 104500, 125400, 146300, 167200, 188100, 209000, 229900, 250800, 271700, 292600, 313500, 334400, 355300, 376200, 397100, 418000, 438900, 459800, 480700, 501600, 522500, 543400, 564300, 585200, 606100, 627000, 647900, 668800, 689700, 710600, 731500, 752400, 773300, 794200, 815100, 836000, 856900, 877800, 898700, 919600, 940500, 961400, 982300, 1003200, 1024100, 1045000, 1065900, 1086800, 1107700, 1128600, 1149500, 1170400, 1191300, 1212200, 1233100, 1254000, 1274900, 1295800, 1316700, 1337600, 1358500, 1379400, 1400300, 1421200, 1442100, 1463000, 1483900, 1504800, 1525700, 1546600, 1567500, 1588400, 1609300, 1630200, 1651100, 1672000, 1692900, 1713800, 1734700, 1755600, 1776500, 1797400, 1818300, 1839200, 1860100, 1881000, 1901900, 1922800, 1943700, 1964600, 1985500, 2006400, 2027300, 2048200, 2069100, 2090000], "centralserveraccuracy": [0.0879, 0.1553, 0.1773, 0.1747, 0.1969, 0.2354, 0.2503, 0.2624, 0.2535, 0.2688, 0.278, 0.2953, 0.2934, 0.3018, 0.306, 0.3129, 0.3153, 0.3257, 0.3348, 0.339, 0.3417, 0.3403, 0.3487, 0.3486, 0.3551, 0.364, 0.3655, 0.3605, 0.369, 0.3793, 0.3806, 0.3793, 0.3848, 0.3903, 0.3941, 0.391, 0.4036, 0.3964, 0.4007, 0.404, 0.4057, 0.4152, 0.4145, 0.4158, 0.4157, 0.4181, 0.4128, 0.4249, 0.4255, 0.4252, 0.4277, 0.4346, 0.43, 0.4281, 0.4374, 0.4393, 0.4398, 0.4436, 0.4483, 0.4484, 0.4522, 0.4533, 0.4552, 0.4575, 0.4619, 0.4604, 0.4594, 0.4622, 0.4663, 0.4702, 0.466, 0.4749, 0.4785, 0.4712, 0.4776, 0.4758, 0.486, 0.479, 0.4827, 0.4875, 0.4855, 0.4925, 0.4949, 0.4926, 0.493, 0.4968, 0.4995, 0.5018, 0.5005, 0.5005, 0.5015, 0.5065, 0.5072, 0.503, 0.5089, 0.5076, 0.5128, 0.5148, 0.5109, 0.509, 0.5209], "centralserverloss": [2.303363136291504, 2.2909403770446777, 2.260262404251099, 2.225413697052002, 2.170737176513672, 2.1228820140838622, 2.0749642192840576, 2.0427569484710695, 2.0232558362960815, 2.00171734790802, 1.9933030368804932, 1.9607804235458375, 1.9501788047790527, 1.9370845394134522, 1.92686098651886, 1.9109380149841309, 1.9060027379989624, 1.8779694871902466, 1.86713277759552, 1.8562932947158814, 1.849020486831665, 1.8410526288986206, 1.826162508392334, 1.8217646427154541, 1.8130451040267945, 1.7972159954071045, 1.7801240169525145, 1.7980910776138306, 1.7809135057449341, 1.757607417678833, 1.7551494192123414, 1.7577655605316163, 1.7499349363327026, 1.7391739320755004, 1.7267759204864501, 1.7269091491699218, 1.702404309272766, 1.7166777616500855, 1.6930846618652344, 1.6944218004226685, 1.6896002113342286, 1.6623454261779784, 1.6626896024703979, 1.6519917373657227, 1.6491068548202514, 1.6535986385345458, 1.6556876243591307, 1.6278630270004273, 1.625759968185425, 1.6179142185211182, 1.614688210296631, 1.5967052394866943, 1.6084215803146362, 1.6170630123138428, 1.5800913715362548, 1.5853151903152465, 1.580521159172058, 1.5708018245697022, 1.5574458589553832, 1.558739264678955, 1.5469797145843507, 1.539372737121582, 1.5337508275985718, 1.528396555519104, 1.5130550382614136, 1.5168836124420166, 1.517527145576477, 1.5092170917510985, 1.4975653184890747, 1.4847597957611085, 1.494744160270691, 1.480039984512329, 1.469100209236145, 1.4748476484298707, 1.4628377988815309, 1.4633814207077027, 1.4446485494613648, 1.4489838579177856, 1.4449412879943848, 1.4326769184112549, 1.432133609008789, 1.4201953760147095, 1.4133526950836182, 1.4142189197540282, 1.4102280256271362, 1.4007360387802124, 1.3985123849868775, 1.3923990783691407, 1.3960433082580566, 1.3926242221832275, 1.3895717679977417, 1.3789128456115722, 1.376105959892273, 1.378144337272644, 1.3718496368408204, 1.370599857711792, 1.3660524141311645, 1.358356323814392, 1.3663192918777465, 1.3675144733428954, 1.347549914932251], "centralserverround": [0, 1, 2, 3, 4, 5, 6, 7, 8, 9, 10, 11, 12, 13, 14, 15, 16, 17, 18, 19, 20, 21, 22, 23, 24, 25, 26, 27, 28, 29, 30, 31, 32, 33, 34, 35, 36, 37, 38, 39, 40, 41, 42, 43, 44, 45, 46, 47, 48, 49, 50, 51, 52, 53, 54, 55, 56, 57, 58, 59, 60, 61, 62, 63, 64, 65, 66, 67, 68, 69, 70, 71, 72, 73, 74, 75, 76, 77, 78, 79, 80, 81, 82, 83, 84, 85, 86, 87, 88, 89, 90, 91, 92, 93, 94, 95, 96, 97, 98, 99, 100]}