{"centralservertimepast": [0, 85200, 170400, 255600, 335800, 421000, 506200, 591400, 676600, 761800, 847000, 932200, 1017400, 1102600, 1187800, 1273000, 1358200, 1443400, 1528600, 1613800, 1699000, 1779200, 1864400, 1949600, 2034800, 2120000, 2205200, 2285400, 2370600, 2450800, 2536000, 2621200, 2706400, 2791600, 2876800, 2962000, 3047200, 3132400, 3217600, 3302800, 3383000, 3468200, 3553400, 3638600, 3723800, 3809000, 3894200, 3979400, 4064600, 4149800, 4235000, 4320200, 4405400, 4485600, 4570800, 4651000, 4736200, 4821400, 4901600, 4986800, 5072000, 5157200, 5242400, 5327600, 5412800, 5498000, 5583200, 5668400, 5753600, 5838800, 5924000, 6009200, 6094400, 6179600, 6259800, 6340000, 6425200, 6510400, 6595600, 6680800, 6766000, 6851200, 6936400, 7021600, 7106800, 7192000, 7277200, 7362400, 7447600, 7532800, 7618000, 7703200, 7788400, 7868600, 7948800, 8034000, 8119200, 8204400, 8289600, 8374800, 8460000], "centralserveraccuracy": [0.1, 0.2361, 0.3325, 0.3713, 0.4072, 0.3907, 0.4588, 0.4279, 0.4243, 0.4564, 0.4608, 0.4505, 0.4788, 0.4786, 0.4527, 0.4688, 0.4879, 0.4921, 0.5105, 0.4912, 0.4874, 0.4729, 0.4935, 0.5142, 0.5201, 0.5011, 0.5126, 0.5247, 0.5168, 0.4946, 0.4545, 0.5149, 0.5112, 0.5066, 0.532, 0.5214, 0.507, 0.4868, 0.5296, 0.4907, 0.5239, 0.5065, 0.5269, 0.5425, 0.5351, 0.5439, 0.5289, 0.5078, 0.5545, 0.5302, 0.5348, 0.5339, 0.5238, 0.5371, 0.5389, 0.5077, 0.5148, 0.5431, 0.5369, 0.5577, 0.5589, 0.5338, 0.5301, 0.5509, 0.5417, 0.5288, 0.5348, 0.5559, 0.5521, 0.5382, 0.5658, 0.543, 0.5477, 0.5672, 0.5403, 0.5674, 0.5343, 0.5529, 0.5535, 0.5395, 0.5741, 0.5468, 0.5588, 0.5673, 0.5432, 0.5628, 0.559, 0.5521, 0.5494, 0.5655, 0.5677, 0.5707, 0.5584, 0.5665, 0.5636, 0.5618, 0.5809, 0.5623, 0.5628, 0.5316, 0.5421], "centralserverloss": [2.3022516513824463, 2.3328727119445802, 1.9743535707473754, 1.9998979543685913, 2.0319294246673585, 2.2911314682006836, 1.8638801807403564, 2.0955414684295652, 2.0201025455474855, 1.9505493383407593, 2.077337825393677, 2.062544009590149, 1.9253096809387207, 1.999190090751648, 1.9623836013793945, 2.0217682437896727, 1.892548024749756, 1.8476240320205688, 1.7475730546951294, 2.026819343757629, 1.8405400819778441, 2.0571023166656492, 1.8493736051559448, 1.8460610326766969, 1.7681413286209107, 1.8501845129013061, 1.8173843633651734, 1.7344919382095336, 1.7563627408027649, 1.8900856136322022, 2.089572431945801, 1.8607899854660035, 1.889532841873169, 1.8659690340042114, 1.8097270015716553, 1.7875824598312378, 2.0345735023498537, 2.161667283821106, 1.715792756843567, 2.115573188781738, 1.8501664321899414, 2.010080737400055, 1.8517946552276612, 1.7317149085998536, 1.807581951522827, 1.6892181749343873, 1.9507459440231323, 2.077745085144043, 1.6814164012908936, 1.8651409294128418, 1.7759033483505249, 1.8266428372383117, 1.852326660823822, 1.8024831497192382, 1.827014524269104, 2.022576968383789, 2.089360245895386, 1.7545858352661132, 1.8940746976852416, 1.679761780166626, 1.7075551655769348, 1.9152418487548828, 1.8058470048904418, 1.8140736879348756, 1.9659220819473266, 1.9144579769134522, 1.8798485836029053, 1.737989129257202, 1.8044109605789185, 1.9413679035186768, 1.6878006727218628, 1.8883643203735352, 1.8603545728683473, 1.700323496723175, 1.8904899557113648, 1.7287242427825928, 2.0083284730911255, 1.7733235683441162, 1.7779829610824585, 1.959934097290039, 1.7262006797790528, 1.9119395048141479, 1.823202979850769, 1.7458083724975586, 1.9475723756790162, 1.8171820976257325, 1.7929527421951295, 1.8687652160644532, 1.8791182748794555, 1.6916532249450684, 1.8050300518035889, 1.7538051029205322, 1.8531520441055298, 1.8393638090133666, 1.8298035911560058, 1.8471289026260376, 1.6845749824523926, 1.7513263980865479, 1.8476556680679321, 2.0658587036132814, 1.865062857055664], "centralserverround": [0, 1, 2, 3, 4, 5, 6, 7, 8, 9, 10, 11, 12, 13, 14, 15, 16, 17, 18, 19, 20, 21, 22, 23, 24, 25, 26, 27, 28, 29, 30, 31, 32, 33, 34, 35, 36, 37, 38, 39, 40, 41, 42, 43, 44, 45, 46, 47, 48, 49, 50, 51, 52, 53, 54, 55, 56, 57, 58, 59, 60, 61, 62, 63, 64, 65, 66, 67, 68, 69, 70, 71, 72, 73, 74, 75, 76, 77, 78, 79, 80, 81, 82, 83, 84, 85, 86, 87, 88, 89, 90, 91, 92, 93, 94, 95, 96, 97, 98, 99, 100]}