{"centralservertimepast": [0, 2300, 4400, 6600, 8700, 10900, 12900, 15100, 17300, 19500, 21600, 23600, 25600, 27800, 30100, 32200, 34300, 36500, 38700, 41000, 43300, 45200, 47200, 49300, 51400, 53700, 55900, 58200, 60400, 62500, 64700, 66700, 69000, 71000, 73200, 75500, 77700, 79700, 81900, 84000, 86100, 88100, 90100, 92300, 94600, 96800, 99000, 101300, 103300, 105600, 107700, 110000, 112100, 114200, 116200, 118300, 120400, 122700, 124800, 126700, 128800, 130900, 133200, 135400, 137500, 139600, 141800, 143900, 146100, 148300, 150300, 152300, 154500, 156600, 158900, 161200, 163300, 165400, 167600, 169600, 171700, 173800, 176000, 178100, 180000, 182300, 184500, 186700, 188900, 190900, 193100, 195100, 197300, 199300, 201400, 203600, 205700, 208000, 210000, 212200, 214300], "centralserveraccuracy": [0.0977, 0.1, 0.1, 0.1027, 0.107, 0.1562, 0.1015, 0.1182, 0.1786, 0.156, 0.1, 0.1084, 0.1306, 0.1316, 0.1007, 0.1002, 0.1187, 0.1354, 0.1146, 0.2, 0.1815, 0.1854, 0.134, 0.1673, 0.1735, 0.1999, 0.1782, 0.2153, 0.1693, 0.202, 0.1541, 0.1608, 0.1342, 0.1413, 0.1823, 0.2214, 0.193, 0.1444, 0.2718, 0.1771, 0.1786, 0.2391, 0.2121, 0.2261, 0.2238, 0.1883, 0.2262, 0.1939, 0.1986, 0.1977, 0.1556, 0.1939, 0.2006, 0.2229, 0.1716, 0.2213, 0.1728, 0.167, 0.2568, 0.267, 0.2261, 0.1874, 0.2312, 0.2335, 0.2396, 0.2516, 0.2472, 0.2649, 0.2038, 0.2388, 0.1462, 0.2401, 0.2385, 0.2686, 0.2507, 0.2122, 0.2212, 0.1974, 0.2617, 0.2861, 0.1606, 0.3013, 0.2795, 0.2201, 0.299, 0.259, 0.2143, 0.2931, 0.2709, 0.2267, 0.2904, 0.2523, 0.2988, 0.2388, 0.2393, 0.2193, 0.2437, 0.2942, 0.2316, 0.2892, 0.2228], "centralserverloss": [2.302267827987671, 2.5026737743377687, 2.5800839954376222, 2.374038779449463, 2.470494787979126, 2.7328276344299316, 2.433806516647339, 2.469560019683838, 2.26858318939209, 2.3607775184631348, 2.546530453109741, 2.5261395236968993, 2.546225036239624, 2.282263871383667, 2.514484555053711, 2.7344754470825197, 2.4504674102783204, 2.399328783416748, 2.4293856838226318, 2.186428628921509, 2.3065299449920653, 2.2447579097747803, 2.330141809844971, 2.3024027660369875, 2.3308877571105957, 2.2859698917388918, 2.148809886169434, 2.096489178276062, 2.158388822937012, 2.256834663391113, 2.2641458351135255, 2.239695094680786, 2.6602862522125243, 2.3600100006103517, 2.342579167175293, 2.0633978469848633, 2.190177505493164, 2.339192130279541, 2.119697310638428, 2.3895096687316895, 2.1207077903747558, 2.071793380355835, 2.166589511871338, 2.0668502813339233, 2.062402981185913, 2.1897763145446776, 2.17386813621521, 2.274724976730347, 2.2151520307540893, 2.187631239128113, 2.137861193656921, 2.2335093811035156, 2.2910983890533445, 2.0459158811569216, 2.192907407951355, 2.1473504428863524, 2.2043536312103273, 2.3453165245056153, 1.9972219038009644, 2.048750026512146, 2.019824822807312, 2.1604548406600954, 2.1329279262542724, 2.0533475463867186, 2.05472612991333, 2.0776099868774414, 2.112158642578125, 2.092579515838623, 2.1829460624694823, 2.0645987506866454, 2.3309560913085936, 2.1691206281661985, 2.0930641204833984, 2.057852314567566, 2.059857607841492, 2.280581332397461, 2.0531561042785644, 2.0577018184661866, 1.9804313415527344, 2.0313714820861817, 2.375874040603638, 1.9205825693130494, 2.053201279067993, 2.0819580793380736, 1.9459274032592773, 2.0160821365356445, 2.300897742652893, 1.9282173896789552, 1.9991654731750488, 2.1433381591796876, 1.9345029062271117, 2.1130524841308596, 1.9071900350570679, 2.028020638656616, 1.9835625400543213, 2.324763526916504, 2.157620170593262, 1.9620506286621093, 2.0878487094879152, 1.9580414304733276, 2.1319208848953246], "centralserverround": [0, 1, 2, 3, 4, 5, 6, 7, 8, 9, 10, 11, 12, 13, 14, 15, 16, 17, 18, 19, 20, 21, 22, 23, 24, 25, 26, 27, 28, 29, 30, 31, 32, 33, 34, 35, 36, 37, 38, 39, 40, 41, 42, 43, 44, 45, 46, 47, 48, 49, 50, 51, 52, 53, 54, 55, 56, 57, 58, 59, 60, 61, 62, 63, 64, 65, 66, 67, 68, 69, 70, 71, 72, 73, 74, 75, 76, 77, 78, 79, 80, 81, 82, 83, 84, 85, 86, 87, 88, 89, 90, 91, 92, 93, 94, 95, 96, 97, 98, 99, 100]}