{"centralservertimepast": [0, 80200, 160400, 240600, 320800, 401000, 481200, 561400, 641600, 721800, 802000, 882200, 962400, 1042600, 1122800, 1203000, 1283200, 1363400, 1443600, 1523800, 1604000, 1684200, 1764400, 1844600, 1924800, 2005000, 2085200, 2165400, 2245600, 2325800, 2406000, 2486200, 2566400, 2646600, 2726800, 2807000, 2887200, 2967400, 3047600, 3127800, 3208000, 3288200, 3368400, 3448600, 3528800, 3609000, 3689200, 3769400, 3849600, 3929800, 4010000, 4090200, 4170400, 4250600, 4330800, 4411000, 4491200, 4571400, 4651600, 4731800, 4812000, 4892200, 4972400, 5052600, 5132800, 5213000, 5293200, 5373400, 5453600, 5533800, 5614000, 5694200, 5774400, 5854600, 5934800, 6015000, 6095200, 6175400, 6255600, 6335800, 6416000, 6496200, 6576400, 6656600, 6736800, 6817000, 6897200, 6977400, 7057600, 7137800, 7218000, 7298200, 7378400, 7458600, 7538800, 7619000, 7699200, 7779400, 7859600, 7939800, 8020000], "centralserveraccuracy": [0.099, 0.1, 0.1024, 0.1076, 0.1357, 0.1429, 0.1, 0.1226, 0.1, 0.1049, 0.1, 0.1462, 0.1607, 0.1759, 0.156, 0.1402, 0.2182, 0.1985, 0.1871, 0.1659, 0.1458, 0.1366, 0.1668, 0.216, 0.1915, 0.2183, 0.1988, 0.2214, 0.204, 0.2107, 0.2073, 0.2033, 0.1591, 0.2132, 0.2042, 0.2222, 0.1906, 0.1396, 0.1809, 0.2007, 0.2283, 0.2195, 0.2323, 0.1984, 0.2345, 0.1878, 0.1456, 0.1951, 0.1797, 0.1986, 0.2268, 0.2308, 0.2105, 0.2255, 0.2293, 0.1753, 0.1443, 0.1649, 0.2213, 0.1949, 0.2271, 0.2543, 0.2385, 0.1902, 0.2389, 0.2222, 0.1885, 0.2311, 0.249, 0.2422, 0.2731, 0.2907, 0.2698, 0.2452, 0.2506, 0.2752, 0.2706, 0.2192, 0.2409, 0.2319, 0.2397, 0.1708, 0.2089, 0.2381, 0.2383, 0.2256, 0.2727, 0.2003, 0.2677, 0.2509, 0.2562, 0.1952, 0.2203, 0.1845, 0.2283, 0.2146, 0.2373, 0.283, 0.2273, 0.2161, 0.2402], "centralserverloss": [2.3033207206726076, 2.384193264770508, 2.358523084640503, 2.5602305534362793, 2.4715577548980714, 2.6224614833831787, 2.948393746948242, 3.328036922836304, 2.85078902053833, 2.9696036712646485, 3.1207159580230712, 2.512709885406494, 2.279062103652954, 2.8431382961273193, 2.8338028549194334, 2.504686846923828, 2.5421788078308105, 2.2711630939483642, 2.3884171653747557, 2.449772773742676, 2.4266677753448485, 2.7409305999755857, 2.4163652572631835, 2.228313150024414, 2.5982244709014894, 2.249350200653076, 2.2884417879104615, 2.466255033493042, 2.2604440006256104, 2.2945856128692625, 2.427416533470154, 2.576550131225586, 2.71996255607605, 2.3517414447784426, 2.426081917190552, 2.286370674133301, 2.4600682456970215, 3.1553442085266115, 2.8281257411956786, 2.380902616882324, 2.356293994522095, 2.528224828720093, 2.4503222034454346, 2.438639735984802, 2.3573379535675048, 2.5788316749572755, 3.089688529586792, 2.7561205154418946, 2.6513899600982667, 2.6399754341125488, 2.4117892414093016, 2.5143392192840577, 2.438833311080933, 2.695027727127075, 2.695407646560669, 3.1375703449249266, 2.8212801830291747, 2.6232739862442016, 2.506649868774414, 3.144825295639038, 2.528062931060791, 2.7099373401641844, 2.396954567337036, 2.7522052097320557, 2.711776359176636, 2.7521454971313477, 2.8768376148223878, 2.732235195159912, 2.4086533157348633, 2.560548484420776, 2.399546664428711, 2.2966777503967286, 2.7484199409484864, 2.418003659439087, 2.431070127868652, 2.40773332901001, 2.501645054244995, 2.711946654510498, 2.6975767330169678, 2.775777518081665, 2.506494575500488, 3.2143759048461913, 2.7532002490997316, 2.975131332397461, 2.5771725646972654, 2.4602024593353273, 2.4350090633392334, 3.04124264831543, 2.4385786727905274, 2.5821364250183105, 2.7577096546173094, 3.3970847438812255, 2.744955355453491, 3.550762996673584, 2.7411825384140016, 2.6793944812774657, 2.7214993770599367, 2.7082936584472654, 2.95832521572113, 2.7130473583221435, 3.0031283428192137], "centralserverround": [0, 1, 2, 3, 4, 5, 6, 7, 8, 9, 10, 11, 12, 13, 14, 15, 16, 17, 18, 19, 20, 21, 22, 23, 24, 25, 26, 27, 28, 29, 30, 31, 32, 33, 34, 35, 36, 37, 38, 39, 40, 41, 42, 43, 44, 45, 46, 47, 48, 49, 50, 51, 52, 53, 54, 55, 56, 57, 58, 59, 60, 61, 62, 63, 64, 65, 66, 67, 68, 69, 70, 71, 72, 73, 74, 75, 76, 77, 78, 79, 80, 81, 82, 83, 84, 85, 86, 87, 88, 89, 90, 91, 92, 93, 94, 95, 96, 97, 98, 99, 100]}