{"centralservertimepast": [0, 3800, 8300, 12400, 16100, 19700, 23600, 27800, 31700, 35900, 39100, 43300, 46300, 50100, 53700, 56900, 60500, 63700, 67600, 70500, 74600, 77300, 79600, 82000, 85900, 88800, 92600, 96200, 99900, 103300, 107200, 110900, 114600, 117800, 121400, 123800, 126400, 130100, 134000, 137700, 142200, 145300, 149200, 153100, 155400, 159600, 162100, 166600, 169600, 173800, 178000, 181200, 185700, 189500, 191800, 195000, 199500, 202900, 206600, 209800, 214000, 216400, 220900, 224000, 227700, 231300, 235100, 238900, 243100, 245700, 250200, 252900, 257400, 261600, 265800, 270300, 273500, 276100, 279900, 283800, 287500, 290500, 294600, 299100, 303300, 306300, 310500, 314700, 318400, 321500, 325400, 329500, 333700, 337400, 341300, 344500, 348600, 352200, 355900, 359600, 361900], "centralserveraccuracy": [0.0884, 0.1149, 0.0958, 0.1347, 0.1482, 0.165, 0.098, 0.1544, 0.1246, 0.1923, 0.1447, 0.191, 0.3032, 0.2526, 0.4506, 0.5236, 0.6608, 0.6852, 0.6602, 0.6922, 0.6875, 0.7395, 0.7866, 0.7915, 0.7969, 0.7604, 0.7412, 0.7813, 0.8266, 0.8144, 0.828, 0.8294, 0.8579, 0.8416, 0.837, 0.8646, 0.858, 0.8402, 0.8441, 0.871, 0.8626, 0.8738, 0.8765, 0.8615, 0.8712, 0.8839, 0.7851, 0.8794, 0.8438, 0.8912, 0.8887, 0.8998, 0.8802, 0.8903, 0.9034, 0.8994, 0.8657, 0.9023, 0.905, 0.8873, 0.8969, 0.8991, 0.9052, 0.9129, 0.9023, 0.8984, 0.9114, 0.909, 0.9111, 0.9016, 0.9177, 0.91, 0.9106, 0.9126, 0.9139, 0.9239, 0.9083, 0.9203, 0.9174, 0.9181, 0.9185, 0.9198, 0.9225, 0.9248, 0.9224, 0.9257, 0.9289, 0.9232, 0.9279, 0.93, 0.9311, 0.931, 0.9252, 0.9277, 0.9321, 0.9352, 0.929, 0.9324, 0.9346, 0.9372, 0.9375], "centralserverloss": [2.310352275085449, 2.3078152004241943, 2.3063580387115477, 2.302902040863037, 2.2990740112304686, 2.292518398284912, 2.281939586639404, 2.275825899887085, 2.274150964355469, 2.2643691654205322, 2.165491965484619, 2.137519689178467, 2.0327005542755128, 1.9312592723846436, 1.837782737159729, 1.6369375583648682, 1.3601788637161254, 1.1989262014389037, 1.147162986755371, 1.0414434141159057, 0.963898502254486, 0.8716645601272583, 0.7820850649833679, 0.73036245470047, 0.6930828542709351, 0.741097937297821, 0.7314183658599853, 0.6429367802619934, 0.5841793356895447, 0.5972165362358093, 0.5486576051712037, 0.5407825124740601, 0.4923792995452881, 0.50638108086586, 0.5166019564151764, 0.47694432969093326, 0.47313168606758116, 0.49285799236297606, 0.5087404095649719, 0.4512457444190979, 0.4508679233074188, 0.43884512457847596, 0.4121358051776886, 0.44649560251235965, 0.4192172628879547, 0.40364492721557615, 0.6459636149406434, 0.39767147607803344, 0.46815734028816225, 0.36948988304138186, 0.3748836806297302, 0.3438731503725052, 0.3874938585281372, 0.3645900817632675, 0.34012759943008425, 0.3392734700679779, 0.411361265707016, 0.3342812965154648, 0.32001232748031616, 0.3522459841489792, 0.3447026994228363, 0.3251891485929489, 0.31958667798042295, 0.2994404371023178, 0.32091149883270265, 0.3261862868309021, 0.29499211435317996, 0.3082994683265686, 0.29533301861286165, 0.3106411528348923, 0.2801896467924118, 0.3017079360723495, 0.29966832473278043, 0.28734413394927977, 0.285837714099884, 0.25965266672372816, 0.29582771711349487, 0.26336513698101044, 0.26895814781188965, 0.2750264692783356, 0.2675360643625259, 0.26570910696983335, 0.2545261670827866, 0.2534367957353592, 0.25361855808496475, 0.2478444410085678, 0.2357117031931877, 0.25030147315263745, 0.24407608082294463, 0.23700585279464723, 0.22838959506750106, 0.2327890572786331, 0.24064997255802154, 0.2410160059452057, 0.22492464751005173, 0.22330738557577134, 0.23685310635566711, 0.2234605017066002, 0.22002525613307952, 0.2106538812637329, 0.20933090307712554], "centralserverround": [0, 1, 2, 3, 4, 5, 6, 7, 8, 9, 10, 11, 12, 13, 14, 15, 16, 17, 18, 19, 20, 21, 22, 23, 24, 25, 26, 27, 28, 29, 30, 31, 32, 33, 34, 35, 36, 37, 38, 39, 40, 41, 42, 43, 44, 45, 46, 47, 48, 49, 50, 51, 52, 53, 54, 55, 56, 57, 58, 59, 60, 61, 62, 63, 64, 65, 66, 67, 68, 69, 70, 71, 72, 73, 74, 75, 76, 77, 78, 79, 80, 81, 82, 83, 84, 85, 86, 87, 88, 89, 90, 91, 92, 93, 94, 95, 96, 97, 98, 99, 100]}