{"centralservertimepast": [0, 211600, 423200, 634800, 846400, 1058000, 1269600, 1481200, 1692800, 1904400, 2116000, 2327600, 2539200, 2750800, 2962400, 3174000, 3385600, 3597200, 3808800, 4020400, 4232000, 4443600, 4655200, 4866800, 5078400, 5290000, 5501600, 5713200, 5924800, 6136400, 6348000, 6559600, 6771200, 6982800, 7194400, 7406000, 7617600, 7829200, 8040800, 8252400, 8464000, 8675600, 8887200, 9098800, 9310400, 9522000, 9733600, 9945200, 10156800, 10368400, 10580000, 10791600, 11003200, 11214800, 11426400, 11638000, 11849600, 12061200, 12272800, 12484400, 12696000, 12907600, 13119200, 13330800, 13542400, 13754000, 13965600, 14177200, 14388800, 14600400, 14812000, 15023600, 15235200, 15446800, 15658400, 15870000, 16081600, 16293200, 16504800, 16716400, 16928000, 17139600, 17351200, 17562800, 17774400, 17986000, 18197600, 18409200, 18620800, 18832400, 19044000, 19255600, 19467200, 19678800, 19890400, 20102000, 20313600, 20525200, 20736800, 20948400, 21160000], "centralserveraccuracy": [0.1224, 0.7714, 0.9147, 0.9327, 0.941, 0.9472, 0.9518, 0.9542, 0.9572, 0.9587, 0.9597, 0.9608, 0.962, 0.962, 0.9627, 0.9631, 0.9632, 0.9636, 0.9634, 0.9639, 0.9642, 0.9647, 0.9651, 0.9652, 0.9655, 0.9658, 0.9663, 0.9667, 0.9668, 0.967, 0.9673, 0.9672, 0.9673, 0.9674, 0.9676, 0.9678, 0.9681, 0.9679, 0.9683, 0.9682, 0.9682, 0.9681, 0.9685, 0.9682, 0.968, 0.9684, 0.9684, 0.9684, 0.9684, 0.9685, 0.9687, 0.9689, 0.969, 0.9688, 0.9689, 0.9688, 0.9689, 0.9689, 0.9693, 0.9692, 0.9693, 0.9691, 0.9691, 0.9693, 0.9691, 0.9696, 0.9694, 0.9698, 0.9695, 0.9694, 0.9693, 0.9693, 0.9694, 0.969, 0.9692, 0.9694, 0.9694, 0.9695, 0.9699, 0.9703, 0.9698, 0.9698, 0.9697, 0.9697, 0.9698, 0.9699, 0.97, 0.97, 0.9703, 0.9703, 0.9705, 0.9705, 0.9707, 0.9707, 0.9705, 0.9706, 0.9708, 0.9708, 0.9703, 0.9705, 0.9702], "centralserverloss": [2.3026762573242188, 0.7299226847648621, 0.33511179046630857, 0.28148467251360415, 0.24901259082145988, 0.228272788432613, 0.21295420573521406, 0.20378556818952784, 0.19528789012227207, 0.18959869251446798, 0.18632716805352828, 0.18329827265443746, 0.1807835313994903, 0.17990175139983183, 0.17754159801246133, 0.1769561824709992, 0.1752520190290641, 0.17417645219143013, 0.17294784933319315, 0.17185656129025156, 0.17110984165757545, 0.17038951404885155, 0.1692097185122897, 0.16826853800724492, 0.16836815750288078, 0.16777539599702285, 0.16649648150364518, 0.16650814858993399, 0.16669439959112206, 0.166302691159636, 0.1661097135625998, 0.16605331304181017, 0.16644538628170122, 0.16603667817590467, 0.16507826468281928, 0.16437479993318266, 0.16515882038124619, 0.164805127269651, 0.16433596355934788, 0.16392762192629307, 0.16519681910634534, 0.16472121750991683, 0.1647746717038768, 0.1656136467832388, 0.1651534711735607, 0.16520054067710715, 0.16503849624320446, 0.16469946375235742, 0.16470201071602877, 0.1648971208283585, 0.1651817027403541, 0.16490197581831453, 0.16455996124281336, 0.16520363809999636, 0.16523516524193757, 0.16499993163830246, 0.1654765605573748, 0.16517440051980556, 0.16444718410187084, 0.16562991735236354, 0.1652286023034475, 0.16619928137575019, 0.16549647267531223, 0.1647790501333836, 0.1660839187089294, 0.16505739125194135, 0.16587746650468604, 0.16498442827077442, 0.16526843622574008, 0.16617052897665704, 0.16554315156517765, 0.16596414575551677, 0.16647040603145213, 0.16616955811840597, 0.16638219008778757, 0.16733357873723798, 0.16770988684544352, 0.16793524473323848, 0.1683977122121956, 0.1681775957198446, 0.16864689565155677, 0.16888609407384428, 0.1693741326642681, 0.16963149015230883, 0.16990182035163998, 0.17027976449643464, 0.17024826819422886, 0.1706420751278434, 0.17084041631681465, 0.1707269563807702, 0.1710254421969059, 0.1710327795477604, 0.17114615348565532, 0.17209080154898693, 0.17255668734795673, 0.17240997162578134, 0.17289803422462063, 0.17245682604649465, 0.172670394927857, 0.17247665845370358, 0.17218496491984442], "centralserverround": [0, 1, 2, 3, 4, 5, 6, 7, 8, 9, 10, 11, 12, 13, 14, 15, 16, 17, 18, 19, 20, 21, 22, 23, 24, 25, 26, 27, 28, 29, 30, 31, 32, 33, 34, 35, 36, 37, 38, 39, 40, 41, 42, 43, 44, 45, 46, 47, 48, 49, 50, 51, 52, 53, 54, 55, 56, 57, 58, 59, 60, 61, 62, 63, 64, 65, 66, 67, 68, 69, 70, 71, 72, 73, 74, 75, 76, 77, 78, 79, 80, 81, 82, 83, 84, 85, 86, 87, 88, 89, 90, 91, 92, 93, 94, 95, 96, 97, 98, 99, 100]}