{"centralservertimepast": [0, 21200, 41400, 62600, 82800, 104000, 125200, 146400, 166600, 186800, 208000, 228200, 249400, 269600, 289800, 310000, 331200, 352400, 373600, 394800, 414000, 434200, 455400, 476600, 496800, 517000, 538200, 559400, 580600, 601800, 623000, 642200, 663400, 684600, 705800, 727000, 748200, 769400, 790600, 811800, 833000, 854200, 874400, 895600, 915800, 937000, 958200, 979400, 1000600, 1020800, 1042000, 1062200, 1083400, 1104600, 1124800, 1146000, 1167200, 1188400, 1209600, 1230800, 1251000, 1272200, 1293400, 1314600, 1335800, 1357000, 1377200, 1398400, 1419600, 1440800, 1462000, 1483200, 1504400, 1525600, 1546800, 1568000, 1589200, 1610400, 1631600, 1651800, 1673000, 1694200, 1715400, 1736600, 1756800, 1778000, 1799200, 1820400, 1841600, 1862800, 1884000, 1904200, 1925400, 1946600, 1967800, 1988000, 2009200, 2030400, 2050600, 2071800, 2093000], "centralserveraccuracy": [0.1552, 0.1132, 0.1103, 0.1677, 0.1278, 0.2161, 0.3048, 0.3382, 0.4784, 0.5893, 0.6491, 0.6453, 0.7749, 0.7932, 0.7297, 0.7642, 0.786, 0.7669, 0.8246, 0.8189, 0.8164, 0.8276, 0.8362, 0.8531, 0.8479, 0.8502, 0.8417, 0.8707, 0.8551, 0.8669, 0.8549, 0.8572, 0.8672, 0.8735, 0.883, 0.8835, 0.8691, 0.8801, 0.8806, 0.8892, 0.8736, 0.8839, 0.8726, 0.8917, 0.9003, 0.8946, 0.8912, 0.8962, 0.8982, 0.8929, 0.8916, 0.8933, 0.9078, 0.8987, 0.8807, 0.9014, 0.9022, 0.8986, 0.9063, 0.8958, 0.9002, 0.9094, 0.9059, 0.9038, 0.9136, 0.9141, 0.8987, 0.9204, 0.9108, 0.9116, 0.9129, 0.9204, 0.9101, 0.9195, 0.9172, 0.9198, 0.915, 0.9168, 0.9223, 0.9209, 0.92, 0.9226, 0.9188, 0.921, 0.9258, 0.9166, 0.9043, 0.9141, 0.9226, 0.93, 0.9175, 0.8985, 0.9293, 0.9139, 0.917, 0.918, 0.9141, 0.9241, 0.9118, 0.9147, 0.9285], "centralserverloss": [2.3038531352996827, 2.313984297943115, 2.322134856414795, 2.2286512504577636, 2.2003664581298827, 2.1113639865875244, 1.9202209255218505, 1.7459979248046875, 1.5092938179016113, 1.2680558403015136, 1.0589478038787843, 1.0055537141799926, 0.7649102838516235, 0.720404507446289, 0.7816893026351929, 0.6828587907791138, 0.653926353931427, 0.6900711456298828, 0.5516557805061341, 0.5682824847698211, 0.5817976800441742, 0.5448079979896545, 0.49788473658561705, 0.4719845320701599, 0.4802153979301453, 0.4658687980175018, 0.4668402354717255, 0.4119068786621094, 0.4510759589195251, 0.4218101247787476, 0.4491823293685913, 0.44999009985923766, 0.41452232875823974, 0.40860017309188845, 0.38122054557800295, 0.3806962658643723, 0.41264649958610533, 0.40616920034885406, 0.3793221881151199, 0.3499198652744293, 0.3936642638206482, 0.37442749977111817, 0.4020832807302475, 0.3493843470573425, 0.32152239282131195, 0.33146834812164305, 0.3572106410264969, 0.3317468288421631, 0.33387732508182527, 0.33077892355918886, 0.3403545904874802, 0.3270171808004379, 0.2886072873830795, 0.32995932354927066, 0.37085305888652803, 0.3131435856938362, 0.3177628674983978, 0.3131747398495674, 0.2945587789297104, 0.33017110137939454, 0.32335341613292695, 0.29228606266975404, 0.29564824806451795, 0.3131907064676285, 0.27707454417943955, 0.28107657358646393, 0.31859826867580415, 0.25477253646850584, 0.27783558770418165, 0.28941338534355165, 0.2682478760123253, 0.24984853188991546, 0.2861896048784256, 0.2523106179356575, 0.26248304142951967, 0.25848545751571655, 0.26341292731761934, 0.2828951573610306, 0.24613425776958467, 0.2527902650356293, 0.2553540582895279, 0.24114518288969994, 0.2595324005126953, 0.2504422182917595, 0.23792538475394248, 0.2644121117532253, 0.31119460678100586, 0.2653306062877178, 0.2430413410127163, 0.2211481454372406, 0.2653046147227287, 0.33365055595636367, 0.22905688955187797, 0.2718856519460678, 0.2639481438398361, 0.26611814460754396, 0.27445749347805976, 0.23801716581583024, 0.28272806950211526, 0.27434801912903783, 0.2336487795472145], "centralserverround": [0, 1, 2, 3, 4, 5, 6, 7, 8, 9, 10, 11, 12, 13, 14, 15, 16, 17, 18, 19, 20, 21, 22, 23, 24, 25, 26, 27, 28, 29, 30, 31, 32, 33, 34, 35, 36, 37, 38, 39, 40, 41, 42, 43, 44, 45, 46, 47, 48, 49, 50, 51, 52, 53, 54, 55, 56, 57, 58, 59, 60, 61, 62, 63, 64, 65, 66, 67, 68, 69, 70, 71, 72, 73, 74, 75, 76, 77, 78, 79, 80, 81, 82, 83, 84, 85, 86, 87, 88, 89, 90, 91, 92, 93, 94, 95, 96, 97, 98, 99, 100]}