{"centralservertimepast": [0, 18800, 38500, 53400, 67100, 82000, 94800, 109700, 130600, 149400, 169100, 182200, 189600, 199100, 205300, 225000, 234200, 240700, 261600, 272600, 277900, 298800, 308300, 322000, 342900, 357800, 364600, 385500, 398300, 419200, 426900, 440600, 460300, 466800, 476300, 483100, 494100, 504200, 512500, 531300, 551000, 569800, 582600, 603500, 619300, 632400, 647300, 667000, 677100, 690200, 711100, 720600, 728300, 748000, 758100, 764600, 773800, 788700, 807500, 828400, 836700, 845000, 860800, 879600, 892400, 913300, 920400, 926600, 942400, 948900, 958100, 979000, 992100, 1005800, 1018600, 1031700, 1051400, 1062400, 1078200, 1091900, 1098100, 1116900, 1136600, 1149400, 1168200, 1174700, 1183000, 1196700, 1216400, 1223800, 1234800, 1244000, 1251700, 1262700, 1275500, 1296400, 1301700, 1307300, 1313500, 1328400, 1348100], "centralserveraccuracy": [0.0893, 0.1188, 0.1462, 0.1119, 0.1647, 0.1139, 0.2102, 0.1664, 0.2014, 0.2383, 0.2088, 0.2245, 0.2023, 0.1899, 0.2328, 0.1902, 0.2215, 0.2748, 0.2892, 0.205, 0.2222, 0.2578, 0.133, 0.2981, 0.3112, 0.1906, 0.3087, 0.1582, 0.3226, 0.2735, 0.2957, 0.3172, 0.2794, 0.3648, 0.3341, 0.3686, 0.3084, 0.2865, 0.3713, 0.2899, 0.273, 0.31, 0.3315, 0.2697, 0.2875, 0.3822, 0.3118, 0.3355, 0.3923, 0.3179, 0.2647, 0.2778, 0.3739, 0.3629, 0.3453, 0.3569, 0.3455, 0.3977, 0.3806, 0.2972, 0.397, 0.3338, 0.4289, 0.4111, 0.4182, 0.3861, 0.3345, 0.2278, 0.3246, 0.4049, 0.4035, 0.3492, 0.4174, 0.3938, 0.4199, 0.3834, 0.3538, 0.4438, 0.4482, 0.3962, 0.3924, 0.3741, 0.4108, 0.4193, 0.3941, 0.3939, 0.3416, 0.4034, 0.4049, 0.4187, 0.3783, 0.4625, 0.4487, 0.2733, 0.4705, 0.358, 0.419, 0.3559, 0.4379, 0.3921, 0.3815], "centralserverloss": [2.3043113494873046, 2.542977039337158, 2.7741418716430664, 2.6407813899993897, 2.385520788192749, 2.524660862731934, 2.256492166519165, 2.3051076038360594, 2.3736926345825196, 2.1553810440063477, 2.3643019763946533, 2.09555147857666, 2.213508992195129, 2.454914863586426, 2.1251480758666994, 2.528403624343872, 2.229343413925171, 2.013800982475281, 2.0962138746261596, 2.1050068311691286, 2.1902268600463866, 2.282043180465698, 2.937126261520386, 2.006517406654358, 1.9516549043655396, 2.249236792373657, 1.95914760055542, 2.5645284530639647, 1.9323639743804932, 2.096557793998718, 1.9488099153518676, 2.10498232421875, 2.0339564031600954, 1.7978273160934448, 1.8528078777313233, 1.7692076963424683, 1.9330678243637085, 1.904466623687744, 1.7278092231750488, 1.992565771484375, 2.149661415863037, 2.025704168701172, 1.9901794197082519, 2.4127174781799314, 2.1468930824279786, 1.7206814849853516, 1.916277091026306, 1.9196405941009522, 1.7127510648727418, 1.982634014892578, 2.3978473751068115, 2.1300527339935305, 1.7812404834747315, 1.8572994709014892, 1.819264962387085, 1.7637085077285766, 1.8568604713439942, 1.7200527421951295, 1.719301262664795, 2.2010339473724367, 1.7549201665878296, 1.8858642623901367, 1.6291941614151002, 1.6448456146240233, 1.695022811126709, 1.8522482921600343, 1.785285602760315, 2.1910972761154173, 1.8843367853164672, 1.6524813724517822, 1.6984946481704712, 1.9852886600494384, 1.6941421531677245, 1.7031729122161865, 1.592074429512024, 1.730931906890869, 1.9220230628967285, 1.5679891244888307, 1.5246619588851928, 1.7215916900634765, 1.7740898651123047, 1.712563507270813, 1.6358646659851075, 1.6060919631958008, 1.6784797834396363, 1.6413612411499023, 1.8352225805282594, 1.653010546875, 1.739274952507019, 1.6644866941452026, 1.8058346096038818, 1.52338051071167, 1.56902303276062, 2.501171969985962, 1.4589228149414062, 2.0171978176116943, 1.6079455446243287, 1.8800996255874634, 1.5735990440368652, 1.810026880455017, 1.8104473680496216], "centralserverround": [0, 1, 2, 3, 4, 5, 6, 7, 8, 9, 10, 11, 12, 13, 14, 15, 16, 17, 18, 19, 20, 21, 22, 23, 24, 25, 26, 27, 28, 29, 30, 31, 32, 33, 34, 35, 36, 37, 38, 39, 40, 41, 42, 43, 44, 45, 46, 47, 48, 49, 50, 51, 52, 53, 54, 55, 56, 57, 58, 59, 60, 61, 62, 63, 64, 65, 66, 67, 68, 69, 70, 71, 72, 73, 74, 75, 76, 77, 78, 79, 80, 81, 82, 83, 84, 85, 86, 87, 88, 89, 90, 91, 92, 93, 94, 95, 96, 97, 98, 99, 100]}