{"centralservertimepast": [0, 3700, 7400, 11100, 14800, 18500, 22200, 25900, 29600, 33300, 37000, 40700, 44400, 48100, 51800, 55500, 59200, 62900, 66600, 70300, 74000, 77700, 81400, 85100, 88800, 92500, 96200, 99900, 103600, 107300, 111000, 114700, 118400, 122100, 125800, 129500, 133200, 136900, 140600, 144300, 148000, 151700, 155400, 159100, 162800, 166500, 170200, 173900, 177600, 181300, 185000], "centralserveraccuracy": [0.0886, 0.4136, 0.5026, 0.5539, 0.591, 0.6159, 0.63, 0.6374, 0.6438, 0.6446, 0.6475, 0.6485, 0.649, 0.6509, 0.651, 0.6529, 0.6529, 0.654, 0.6537, 0.6541, 0.6532, 0.6561, 0.6546, 0.6565, 0.6558, 0.6574, 0.6574, 0.6575, 0.6562, 0.6568, 0.6576, 0.6573, 0.6576, 0.657, 0.6572, 0.6567, 0.6572, 0.6562, 0.6555, 0.6552, 0.655, 0.6548, 0.6539, 0.654, 0.654, 0.6537, 0.6538, 0.6538, 0.6538, 0.6538, 0.6536], "centralserverloss": [2.3058451583862305, 1.666982064628601, 1.4154126148223878, 1.284362515449524, 1.244066049003601, 1.29617690448761, 1.351964649772644, 1.3927567358016968, 1.4015640270233154, 1.4617891031265258, 1.4795383043289185, 1.5455874576568605, 1.6014396951675416, 1.627680010509491, 1.6778830834388734, 1.7013652687072753, 1.730954204940796, 1.751747534751892, 1.7716209387779236, 1.788971563911438, 1.8071075664520264, 1.8129281162261963, 1.8194691257476807, 1.8286259489059449, 1.8364030405044556, 1.8790882541656495, 1.935319930076599, 1.931787899684906, 1.9944381637573243, 2.000286380958557, 2.039738268280029, 2.088243661117554, 2.122311131477356, 2.1635641414642333, 2.1959246315002443, 2.223880535507202, 2.2490090902328492, 2.2721567852020264, 2.293503002548218, 2.3136757369995116, 2.332604431152344, 2.3506507205963136, 2.3677924890518187, 2.3841941116333007, 2.3999718572616575, 2.4150076107025145, 2.429525428390503, 2.4434733531951904, 2.456999135017395, 2.469988034248352, 2.4824534633636475], "centralserverround": [0, 1, 2, 3, 4, 5, 6, 7, 8, 9, 10, 11, 12, 13, 14, 15, 16, 17, 18, 19, 20, 21, 22, 23, 24, 25, 26, 27, 28, 29, 30, 31, 32, 33, 34, 35, 36, 37, 38, 39, 40, 41, 42, 43, 44, 45, 46, 47, 48, 49, 50], "clustertimepast": [[], [], [], [], []], "clusteraccuracy": [[], [], [], [], []], "clusterloss": [[], [], [], [], []], "clusterround": [[], [], [], [], []]}