{"centralservertimepast": [0, 5600, 11200, 16800, 22400, 28000, 33600, 39200, 44800, 50400, 56000, 61600, 67200, 72800, 78400, 84000, 89600, 95200, 100800, 106400, 112000, 117600, 123200, 128800, 134400, 140000, 145600, 151200, 156800, 162400, 168000, 173600, 179200, 184800, 190400, 196000, 201600, 207200, 212800, 218400, 224000, 229600, 235200, 240800, 246400, 252000, 257600, 263200, 268800, 274400, 280000, 285600, 291200, 296800, 302400, 308000, 313600, 319200, 324800, 330400, 336000, 341600, 347200, 352800, 358400, 364000, 369600, 375200, 380800, 386400, 392000, 397600, 403200, 408800, 414400, 420000, 425600, 431200, 436800, 442400, 448000, 453600, 459200, 464800, 470400, 476000, 481600, 487200, 492800, 498400, 504000, 509600, 515200, 520800, 526400, 532000, 537600, 543200, 548800, 554400, 560000], "centralserveraccuracy": [0.092, 0.101, 0.1544, 0.3576, 0.4269, 0.5475, 0.628, 0.6919, 0.7514, 0.7822, 0.8027, 0.8187, 0.8296, 0.8365, 0.8447, 0.8504, 0.8567, 0.8605, 0.8649, 0.8667, 0.8694, 0.8712, 0.8739, 0.8761, 0.8777, 0.8791, 0.8803, 0.8817, 0.8826, 0.8849, 0.8863, 0.8879, 0.8895, 0.8905, 0.8916, 0.892, 0.8934, 0.8942, 0.8957, 0.8965, 0.8975, 0.8982, 0.8987, 0.8994, 0.9001, 0.9002, 0.9005, 0.9015, 0.9022, 0.9023, 0.9028, 0.9034, 0.9035, 0.9036, 0.9043, 0.9048, 0.905, 0.9051, 0.906, 0.9062, 0.9068, 0.9069, 0.9071, 0.9076, 0.9079, 0.9083, 0.9085, 0.9085, 0.909, 0.9092, 0.9091, 0.9096, 0.9101, 0.9101, 0.9106, 0.9107, 0.9107, 0.9109, 0.911, 0.9113, 0.9113, 0.9114, 0.9116, 0.9123, 0.9125, 0.9122, 0.9123, 0.9125, 0.9125, 0.9131, 0.9132, 0.9128, 0.9127, 0.913, 0.9132, 0.9132, 0.9134, 0.9136, 0.9136, 0.9138, 0.9137], "centralserverloss": [2.3050148765563967, 2.2848515953063964, 2.2226125751495363, 2.108970626831055, 1.9117593408584594, 1.626098536491394, 1.3074929693222046, 1.0331649525642395, 0.8311231252670288, 0.7066477764129638, 0.6259599962711334, 0.5718566558361053, 0.5337096053123475, 0.5050746353149415, 0.4818092844963074, 0.46529104175567626, 0.45122237825393674, 0.4402131586074829, 0.4303110785961151, 0.42198147225379945, 0.4148683545589447, 0.4090467628955841, 0.40368067083358766, 0.3987114252090454, 0.39436769118309023, 0.39083808431625366, 0.38752933588027955, 0.38455903062820435, 0.3823252154827118, 0.3796740050315857, 0.37782730689048766, 0.37636432523727414, 0.3749517569065094, 0.37347938704490663, 0.37220280294418334, 0.3705669051885605, 0.36928969922065735, 0.36833247685432435, 0.36717386560440063, 0.3662175828933716, 0.36538178644180297, 0.36448635375499727, 0.36394253916740416, 0.3632232802629471, 0.36258487253189087, 0.36213819887638093, 0.3616561892032623, 0.36094245108366013, 0.3601130107283592, 0.3599657747030258, 0.3594303224086762, 0.3588951997756958, 0.3585966477870941, 0.3584762612700462, 0.3578538940668106, 0.35788322330713274, 0.3573346559762955, 0.3570966108202934, 0.35692539138793944, 0.35683795260190965, 0.3564813310265541, 0.356426459467411, 0.3559988451004028, 0.3559445898771286, 0.3559513095796108, 0.35584525993466376, 0.3558126124739647, 0.35599283887147903, 0.35596645525693893, 0.3561199281334877, 0.35616376729011534, 0.35622720025777815, 0.356393547976017, 0.3564269717276096, 0.35648592104315757, 0.35666538026332856, 0.35675194633603097, 0.3565484507441521, 0.35684063534140587, 0.3570949041187763, 0.35707043157219887, 0.3573391876220703, 0.35766214420199394, 0.3576103909432888, 0.3579686238348484, 0.35793620218634603, 0.3582975024610758, 0.3583285828858614, 0.35860627065300943, 0.35861560403108594, 0.3588800815016031, 0.3590362809240818, 0.3592450748950243, 0.3593674325108528, 0.35958860834538936, 0.35972489535212515, 0.35994833060204984, 0.36015860123336313, 0.3602700802356005, 0.36034494841098785, 0.3604990640312433], "centralserverround": [0, 1, 2, 3, 4, 5, 6, 7, 8, 9, 10, 11, 12, 13, 14, 15, 16, 17, 18, 19, 20, 21, 22, 23, 24, 25, 26, 27, 28, 29, 30, 31, 32, 33, 34, 35, 36, 37, 38, 39, 40, 41, 42, 43, 44, 45, 46, 47, 48, 49, 50, 51, 52, 53, 54, 55, 56, 57, 58, 59, 60, 61, 62, 63, 64, 65, 66, 67, 68, 69, 70, 71, 72, 73, 74, 75, 76, 77, 78, 79, 80, 81, 82, 83, 84, 85, 86, 87, 88, 89, 90, 91, 92, 93, 94, 95, 96, 97, 98, 99, 100]}