{"centralservertimepast": [0, 6200, 12400, 22200, 32000, 38200, 48000, 54200, 60400, 70200, 76400, 86200, 96000, 102200, 112000, 121800, 128000, 133600, 139800, 146000, 155800, 165600, 175400, 185200, 195000, 201200, 207400, 213600, 223400, 229600, 235800, 245600, 251800, 258000, 264200, 274000, 283800, 290000, 299800, 306000, 315800, 325600, 331800, 341600, 351400, 357600, 367400, 373600, 383400, 389600, 395800, 405600, 411800, 421600, 431400, 437600, 447400, 453600, 459800, 469600, 479400, 489200, 495400, 505200, 515000, 521200, 527400, 537200, 547000, 556800, 566600, 576400, 582600, 592400, 598600, 604800, 611000, 617200, 623400, 629600, 639400, 645600, 651800, 658000, 664200, 674000, 683800, 693600, 703400, 709600, 719400, 729200, 739000, 745200, 751400, 761200, 767400, 777200, 782800, 789000, 794600], "centralserveraccuracy": [0.0972, 0.1, 0.1, 0.1, 0.1, 0.1048, 0.1124, 0.1, 0.1, 0.1106, 0.1, 0.1, 0.1, 0.1, 0.1, 0.1014, 0.1109, 0.1, 0.1001, 0.101, 0.1348, 0.1, 0.1, 0.1046, 0.1475, 0.1397, 0.1104, 0.1002, 0.1, 0.1287, 0.1004, 0.136, 0.1026, 0.1153, 0.1006, 0.1003, 0.1143, 0.0999, 0.1772, 0.1533, 0.1619, 0.1181, 0.1117, 0.1, 0.1, 0.1, 0.1022, 0.1018, 0.1398, 0.1129, 0.1119, 0.1339, 0.1316, 0.1534, 0.1, 0.1052, 0.1, 0.1, 0.1, 0.1488, 0.1238, 0.1659, 0.1227, 0.1726, 0.1, 0.1013, 0.1158, 0.1482, 0.1281, 0.1492, 0.1556, 0.1289, 0.1001, 0.1338, 0.1349, 0.1471, 0.1398, 0.1317, 0.1002, 0.1039, 0.1182, 0.1029, 0.1025, 0.1056, 0.1284, 0.1265, 0.1755, 0.1021, 0.1445, 0.1259, 0.1009, 0.102, 0.1184, 0.1282, 0.1599, 0.1125, 0.1014, 0.168, 0.1075, 0.1303, 0.1433], "centralserverloss": [2.303764611816406, 2.880974739456177, 3.0418023780822754, 2.559897510910034, 2.8581987163543703, 2.8648140007019043, 2.7920168952941893, 2.9551306560516357, 3.4859020389556883, 2.4702119903564452, 2.730456172943115, 3.24688475151062, 2.987164419555664, 3.604387559890747, 3.3750672832489013, 2.8161144268035887, 2.753534201812744, 2.819984670639038, 2.7468089054107665, 2.8957477016448974, 3.0015653396606443, 2.4859044597625735, 2.782783157348633, 2.751652049636841, 2.5812569183349607, 2.590182024383545, 2.509611215209961, 2.6486836303710937, 2.7745079681396483, 2.7260185928344725, 2.6938360130310057, 2.4486924182891845, 3.031136056137085, 2.5389884757995604, 3.742805955505371, 3.477411232376099, 2.9083139602661134, 2.6595987758636475, 2.5222029945373534, 2.3456197658538818, 2.4525052837371826, 2.7400384353637697, 2.6539617820739747, 3.1261471614837646, 4.791600384521485, 3.272573356628418, 2.714563468170166, 2.760226794052124, 2.4205375495910646, 2.5694164096832277, 3.0630786586761474, 2.2856718477249145, 2.9705972610473634, 2.4814544944763184, 3.892287944793701, 2.6416382648468018, 2.833829460144043, 3.6742930335998536, 3.36492604637146, 2.6864486835479737, 2.534684474182129, 2.53548911113739, 2.301822874069214, 2.4991821697235106, 3.303639641189575, 2.881461204147339, 2.758121806716919, 2.60298616104126, 2.4193585411071776, 2.4747140338897706, 2.4332830089569093, 2.707506922912598, 2.674505225753784, 2.7443197956085204, 2.399253447341919, 2.359646650314331, 2.8213643516540525, 2.5018820949554446, 3.190268070983887, 2.910353929901123, 2.399642248535156, 3.299389851760864, 2.7534049198150634, 2.66544946975708, 2.6441811737060545, 2.594589670944214, 2.6319010570526125, 2.867776145553589, 2.5751127563476564, 2.968145261001587, 2.748058674621582, 2.8628937911987307, 2.4442918319702147, 2.827611642074585, 2.3624515720367434, 2.6172691329956055, 2.7448712070465087, 2.2978770877838133, 2.786494403076172, 2.4464488109588625, 2.4679481143951416], "centralserverround": [0, 1, 2, 3, 4, 5, 6, 7, 8, 9, 10, 11, 12, 13, 14, 15, 16, 17, 18, 19, 20, 21, 22, 23, 24, 25, 26, 27, 28, 29, 30, 31, 32, 33, 34, 35, 36, 37, 38, 39, 40, 41, 42, 43, 44, 45, 46, 47, 48, 49, 50, 51, 52, 53, 54, 55, 56, 57, 58, 59, 60, 61, 62, 63, 64, 65, 66, 67, 68, 69, 70, 71, 72, 73, 74, 75, 76, 77, 78, 79, 80, 81, 82, 83, 84, 85, 86, 87, 88, 89, 90, 91, 92, 93, 94, 95, 96, 97, 98, 99, 100]}