{"centralservertimepast": [0, 2300, 4600, 6900, 9200, 11500, 13800, 16100, 18400, 20700, 23000, 25300, 27600, 29900, 32200, 34500, 36800, 39100, 41400, 43700, 46000, 48300, 50600, 52900, 55200, 57500, 59800, 62100, 64400, 66700, 69000, 71300, 73600, 75900, 78200, 80500, 82800, 85100, 87400, 89700, 92000, 94300, 96600, 98900, 101200, 103500, 105800, 108100, 110400, 112700, 115000], "centralserveraccuracy": [0.0886, 0.3154, 0.382, 0.425, 0.4615, 0.4897, 0.5119, 0.5321, 0.5472, 0.5648, 0.5822, 0.5952, 0.6041, 0.6116, 0.6218, 0.6281, 0.6319, 0.6387, 0.6432, 0.6462, 0.6496, 0.6512, 0.6534, 0.6567, 0.6578, 0.6576, 0.6589, 0.6604, 0.6609, 0.6618, 0.6634, 0.6635, 0.6634, 0.6638, 0.6642, 0.6642, 0.6646, 0.6651, 0.6666, 0.6679, 0.6685, 0.669, 0.6686, 0.6695, 0.6683, 0.6669, 0.6674, 0.6697, 0.6702, 0.6701, 0.6704], "centralserverloss": [2.3058451583862305, 1.948778737449646, 1.7655591640472412, 1.6380052698135377, 1.5302770259857177, 1.4444487743377685, 1.3773106050491333, 1.322164999961853, 1.2744840305328369, 1.2294841150283813, 1.1893929891586303, 1.1581038995742798, 1.140250881767273, 1.123381885623932, 1.1147803911209107, 1.113823426914215, 1.12215620098114, 1.1241867849349976, 1.1349672723770141, 1.1419374925613404, 1.1523831830978393, 1.1635354684829713, 1.177331262397766, 1.1895570196151732, 1.1968449687957763, 1.206988539123535, 1.2139526645660401, 1.2223692056655884, 1.2333288368225097, 1.2390408996582032, 1.2472238338470458, 1.25582151222229, 1.263700139427185, 1.2709380937576293, 1.2794924530029297, 1.288975825881958, 1.295274344444275, 1.3032719226837157, 1.3109177583694458, 1.3181912309646606, 1.3238507215499877, 1.3344830593109132, 1.341535926055908, 1.3517400310516356, 1.3612706548690796, 1.3701821458816528, 1.3766139932632446, 1.3868341339111327, 1.3960349206924438, 1.4049401527404786, 1.4141042612075805], "centralserverround": [0, 1, 2, 3, 4, 5, 6, 7, 8, 9, 10, 11, 12, 13, 14, 15, 16, 17, 18, 19, 20, 21, 22, 23, 24, 25, 26, 27, 28, 29, 30, 31, 32, 33, 34, 35, 36, 37, 38, 39, 40, 41, 42, 43, 44, 45, 46, 47, 48, 49, 50], "clustertimepast": [[], [], [], [], []], "clusteraccuracy": [[], [], [], [], []], "clusterloss": [[], [], [], [], []], "clusterround": [[], [], [], [], []]}