{"centralservertimepast": [0, 7200, 11400, 16800, 21600, 26100, 29700, 35100, 40500, 45600, 50400, 54600, 59400, 64800, 69600, 74100, 79200, 84000, 88200, 93600, 97200, 102600, 108000, 113400, 117600, 121800, 126900, 131100, 136800, 142500, 147000, 151200, 156600, 159600, 165300, 171000, 175500, 180600, 184800, 189000, 194400, 199800, 205200, 208800, 214200, 218400, 223200, 228000, 233700, 237600, 243600], "centralserveraccuracy": [0.1116, 0.9016, 0.9266, 0.9469, 0.9574, 0.9614, 0.9663, 0.9714, 0.9734, 0.975, 0.9771, 0.9777, 0.9787, 0.9796, 0.9803, 0.9808, 0.981, 0.9816, 0.9824, 0.9827, 0.983, 0.9834, 0.9835, 0.9838, 0.9839, 0.9839, 0.984, 0.9844, 0.9841, 0.9847, 0.9843, 0.9845, 0.9847, 0.9851, 0.9856, 0.9858, 0.9857, 0.9857, 0.9861, 0.9863, 0.9864, 0.9862, 0.9859, 0.9866, 0.9865, 0.9868, 0.9865, 0.9865, 0.9866, 0.9868, 0.9865], "centralserverloss": [2.306291827774048, 0.4398755940914154, 0.27137810759544373, 0.17968337614536287, 0.14385363352298736, 0.1287075847685337, 0.11304669805169106, 0.09573735310435295, 0.08728869453892112, 0.08118961454480886, 0.0745754792097956, 0.07138119946364313, 0.06760496311653405, 0.064896735815797, 0.06220726445009932, 0.06026696172608063, 0.05893867330197245, 0.05762404711036943, 0.05539309518244118, 0.054330480595096015, 0.053529977355501614, 0.053025812115811276, 0.05328209942940157, 0.05249568459168077, 0.05063695500509348, 0.05031969560167054, 0.05002051752097322, 0.0489226268874947, 0.048462218486831986, 0.048325023303669876, 0.04858696519169607, 0.04914859324746649, 0.048546001070516646, 0.04717601777306991, 0.04664591393927403, 0.04695298367019568, 0.04675480784708925, 0.046021562787877335, 0.045913970631410485, 0.04613278658055933, 0.04594958241818385, 0.04611278986710677, 0.0473825591940782, 0.045460649358770755, 0.04583746909543697, 0.044735721025969545, 0.04515764664267044, 0.04526039681811235, 0.04501814952527493, 0.04524166958386486, 0.04622035872577835], "centralserverround": [0, 1, 2, 3, 4, 5, 6, 7, 8, 9, 10, 11, 12, 13, 14, 15, 16, 17, 18, 19, 20, 21, 22, 23, 24, 25, 26, 27, 28, 29, 30, 31, 32, 33, 34, 35, 36, 37, 38, 39, 40, 41, 42, 43, 44, 45, 46, 47, 48, 49, 50], "clustertimepast": [[], [], [], [], []], "clusteraccuracy": [[], [], [], [], []], "clusterloss": [[], [], [], [], []], "clusterround": [[], [], [], [], []]}