{"centralservertimepast": [0, 1760, 3520, 5280, 7040, 8800, 10560, 12320, 14080, 15840, 17600, 19360, 21120, 22880, 24640, 26400, 28160, 29920, 31680, 33440, 35200, 36960, 38720, 40480, 42240, 44000, 45760, 47520, 49280, 51040, 52800, 54560, 56320, 58080, 59840, 61600, 63360, 65120, 66880, 68640, 70400, 72160, 73920, 75680, 77440, 79200, 80960, 82720, 84480, 86240, 88000, 89760, 91520, 93280, 95040, 96800, 98560, 100320, 102080, 103840, 105600, 107360, 109120, 110880, 112640, 114400, 116160, 117920, 119680, 121440, 123200, 124960, 126720, 128480, 130240, 132000, 133760, 135520, 137280, 139040, 140800, 142560, 144320, 146080, 147840, 149600, 151360, 153120, 154880, 156640, 158400, 160160, 161920, 163680, 165440, 167200, 168960, 170720, 172480, 174240, 176000], "centralserveraccuracy": [0.0837, 0.109, 0.1584, 0.1542, 0.1467, 0.1546, 0.1706, 0.1759, 0.1791, 0.1803, 0.1816, 0.1835, 0.1847, 0.1878, 0.1893, 0.1905, 0.1912, 0.1931, 0.1936, 0.1937, 0.1954, 0.1961, 0.197, 0.1974, 0.1981, 0.198, 0.2, 0.199, 0.2008, 0.2003, 0.2005, 0.2011, 0.2011, 0.2022, 0.2024, 0.2034, 0.204, 0.2047, 0.205, 0.2051, 0.2059, 0.2055, 0.2058, 0.2057, 0.2054, 0.2069, 0.2076, 0.2078, 0.2083, 0.209, 0.2091, 0.2097, 0.2094, 0.2106, 0.2107, 0.2112, 0.2107, 0.2125, 0.2114, 0.2127, 0.2117, 0.2123, 0.2129, 0.2123, 0.2138, 0.2116, 0.2153, 0.2113, 0.2151, 0.2107, 0.2172, 0.2087, 0.2183, 0.2081, 0.2193, 0.2049, 0.2185, 0.2021, 0.2141, 0.2008, 0.2071, 0.1968, 0.1999, 0.1957, 0.191, 0.1932, 0.1867, 0.1938, 0.1826, 0.194, 0.18, 0.1953, 0.1791, 0.1963, 0.177, 0.199, 0.177, 0.2024, 0.1762, 0.2013, 0.1767], "centralserverloss": [2.303652021408081, 2.305644842529297, 2.301589520263672, 2.2938197128295896, 2.2872663238525393, 2.2823779487609865, 2.2782306797027587, 2.2744590854644775, 2.2709472763061522, 2.2675780971527097, 2.2643702659606935, 2.261287320327759, 2.258259218978882, 2.255330533218384, 2.2524782428741457, 2.2496812519073486, 2.2469146820068358, 2.2442337108612063, 2.2416169277191162, 2.239114559173584, 2.2366234313964846, 2.234194133377075, 2.231814479827881, 2.229484942626953, 2.227175785446167, 2.224926521682739, 2.222713772201538, 2.2205626266479492, 2.2184540489196776, 2.2163641426086427, 2.214362604141235, 2.2123577796936034, 2.2104286952972414, 2.20853966217041, 2.2067126399993895, 2.204913714981079, 2.2031492446899414, 2.2013828205108643, 2.199718686676025, 2.198042024612427, 2.1964514331817626, 2.194895927429199, 2.1933771705627443, 2.1919537647247314, 2.1904906490325926, 2.1891669063568115, 2.1877858631134033, 2.186533833694458, 2.1852498207092284, 2.184096702957153, 2.182900937652588, 2.1818528018951415, 2.1807553348541258, 2.1797691467285154, 2.1787653972625733, 2.1779143093109132, 2.176957975769043, 2.1761417137145997, 2.1753391998291014, 2.174554093170166, 2.173895009613037, 2.1731651359558106, 2.1725738418579104, 2.172052845001221, 2.1713696041107178, 2.171077194213867, 2.170452783203125, 2.1702095794677736, 2.1696543941497803, 2.1695277099609376, 2.1691370765686036, 2.1692208820343017, 2.1686631843566895, 2.1693430862426757, 2.1685524711608886, 2.1701401969909666, 2.1691279495239257, 2.171946333694458, 2.170775245666504, 2.1747192222595215, 2.173720136642456, 2.1797975372314453, 2.1785274642944334, 2.18765768699646, 2.1857673698425293, 2.199155353164673, 2.196103050613403, 2.2129039024353028, 2.2072225688934326, 2.229023385810852, 2.216768604660034, 2.2402851364135743, 2.22534033203125, 2.255674824142456, 2.231671392440796, 2.264694477081299, 2.2393115451812746, 2.277935319137573, 2.242271181488037, 2.2823970170974732, 2.2480415508270264], "centralserverround": [0, 1, 2, 3, 4, 5, 6, 7, 8, 9, 10, 11, 12, 13, 14, 15, 16, 17, 18, 19, 20, 21, 22, 23, 24, 25, 26, 27, 28, 29, 30, 31, 32, 33, 34, 35, 36, 37, 38, 39, 40, 41, 42, 43, 44, 45, 46, 47, 48, 49, 50, 51, 52, 53, 54, 55, 56, 57, 58, 59, 60, 61, 62, 63, 64, 65, 66, 67, 68, 69, 70, 71, 72, 73, 74, 75, 76, 77, 78, 79, 80, 81, 82, 83, 84, 85, 86, 87, 88, 89, 90, 91, 92, 93, 94, 95, 96, 97, 98, 99, 100]}