{"centralservertimepast": [0, 1600, 3200, 4800, 6400, 8000, 9600, 11200, 12800, 14400, 16000, 17600, 19200, 20800, 22400, 24000, 25600, 27200, 28800, 30400, 32000, 33600, 35200, 36800, 38400, 40000, 41600, 43200, 44800, 46400, 48000, 49600, 51200, 52800, 54400, 56000, 57600, 59200, 60800, 62400, 64000, 65600, 67200, 68800, 70400, 72000, 73600, 75200, 76800, 78400, 80000, 81600, 83200, 84800, 86400, 88000, 89600, 91200, 92800, 94400, 96000, 97600, 99200, 100800, 102400, 104000, 105600, 107200, 108800, 110400, 112000, 113600, 115200, 116800, 118400, 120000, 121600, 123200, 124800, 126400, 128000, 129600, 131200, 132800, 134400, 136000, 137600, 139200, 140800, 142400, 144000, 145600, 147200, 148800, 150400, 152000, 153600, 155200, 156800, 158400, 160000], "centralserveraccuracy": [0.1191, 0.1012, 0.1124, 0.2552, 0.4892, 0.5704, 0.6193, 0.6474, 0.6679, 0.6878, 0.7099, 0.7322, 0.7502, 0.7618, 0.7772, 0.7898, 0.7984, 0.8069, 0.8154, 0.8205, 0.826, 0.8304, 0.835, 0.8384, 0.8418, 0.8459, 0.8495, 0.8529, 0.8559, 0.8589, 0.8611, 0.8639, 0.8665, 0.8693, 0.8719, 0.8738, 0.8747, 0.877, 0.8792, 0.8811, 0.8828, 0.8837, 0.8857, 0.8866, 0.8878, 0.8891, 0.8902, 0.8916, 0.8933, 0.8943, 0.895, 0.8957, 0.8963, 0.8974, 0.8987, 0.8993, 0.9, 0.9006, 0.9015, 0.902, 0.9029, 0.9039, 0.9041, 0.9048, 0.9061, 0.9065, 0.9074, 0.9087, 0.9091, 0.9101, 0.9106, 0.9109, 0.912, 0.913, 0.9143, 0.9148, 0.9157, 0.9163, 0.9167, 0.917, 0.9177, 0.9185, 0.9195, 0.9202, 0.9208, 0.9216, 0.922, 0.9221, 0.9229, 0.9236, 0.924, 0.9245, 0.9252, 0.9257, 0.926, 0.9269, 0.927, 0.9274, 0.9277, 0.9279, 0.9283], "centralserverloss": [2.3048230407714843, 2.3097141468048097, 2.270878017425537, 2.2044091590881347, 2.128988711166382, 2.036843711090088, 1.920743300628662, 1.7786299715042113, 1.614881017303467, 1.4409200002670288, 1.2716687007904053, 1.1193688356399536, 0.9905635999679565, 0.8862543361663818, 0.8040107446670532, 0.7396917874336243, 0.6894107243537902, 0.6500098653793335, 0.6180880977630615, 0.591686877822876, 0.5693913798809052, 0.5501542249202728, 0.5330104666233063, 0.5178134943962097, 0.5040222412586212, 0.4913594348430634, 0.4797683844566345, 0.4689934896469116, 0.4588010168552399, 0.4493629942893982, 0.44047470893859864, 0.4322095592021942, 0.4243811875343323, 0.41697847542762756, 0.410039608669281, 0.4033099385738373, 0.39698690032958983, 0.39098054370880125, 0.3853190549373627, 0.3798710864543915, 0.3746767906665802, 0.3697849092006683, 0.36515769305229184, 0.3606696032047272, 0.35633183541297914, 0.35220042407512664, 0.3481575348138809, 0.3442257395505905, 0.34045872745513917, 0.33679905116558073, 0.33324378209114075, 0.32980445954799653, 0.326423323059082, 0.3231955193519592, 0.32005996227264405, 0.31698272421360013, 0.3139676330089569, 0.3109992152452469, 0.30812489020824435, 0.3053013779401779, 0.30255473396778104, 0.29984014468193054, 0.29719187035560607, 0.29466593503952027, 0.29213637130260467, 0.28964083049297334, 0.287245302271843, 0.2848078788280487, 0.282447095823288, 0.280121266078949, 0.2778398463487625, 0.2755870847225189, 0.27345556287765505, 0.27135740015506743, 0.2691842532157898, 0.2670698659658432, 0.264973046708107, 0.26285424892902376, 0.2608409754037857, 0.25881830915212634, 0.2568235841274262, 0.2549081580042839, 0.25302122763395307, 0.2511546756386757, 0.24937078634500504, 0.2476139729976654, 0.24585692485570906, 0.24412951147556305, 0.24243354052305222, 0.24083132553100586, 0.2392105619430542, 0.23766587359905242, 0.23611869400739668, 0.2346125779747963, 0.23312315831184388, 0.2316938176035881, 0.23028320063352584, 0.22885544142723083, 0.227453794503212, 0.22604631190299987, 0.2246921571969986], "centralserverround": [0, 1, 2, 3, 4, 5, 6, 7, 8, 9, 10, 11, 12, 13, 14, 15, 16, 17, 18, 19, 20, 21, 22, 23, 24, 25, 26, 27, 28, 29, 30, 31, 32, 33, 34, 35, 36, 37, 38, 39, 40, 41, 42, 43, 44, 45, 46, 47, 48, 49, 50, 51, 52, 53, 54, 55, 56, 57, 58, 59, 60, 61, 62, 63, 64, 65, 66, 67, 68, 69, 70, 71, 72, 73, 74, 75, 76, 77, 78, 79, 80, 81, 82, 83, 84, 85, 86, 87, 88, 89, 90, 91, 92, 93, 94, 95, 96, 97, 98, 99, 100], "clustertimepast": [[], [], [], [], [], [], [], [], [], []], "clusteraccuracy": [[], [], [], [], [], [], [], [], [], []], "clusterloss": [[], [], [], [], [], [], [], [], [], []], "clusterround": [[], [], [], [], [], [], [], [], [], []]}